profile,portfolio,description,base_cost,n_trials,mean_hours_lost,hours_lost_ci_lo,hours_lost_ci_hi,median_hours_lost,p90_hours_lost,catastrophic_prob,mean_pct_compromised,backup_compromise_prob,has_basic_segmentation,has_least_privilege,has_patch_upgrade,patch_boost_levels,has_detection_improvement,has_rapid_isolation,has_protected_backups,has_identity_controls
high_capacity,seg-basic|patch+0|det0|iso0|bak-connected|idm0,segmentation=basic; backups=connected,3.0,2,0.0,0.0,0.0,0.0,0.0,0.0,0.018620689655172412,0.0,1,0,0,0,0,0,0,0
high_capacity,seg-basic|patch+0|det0|iso0|bak-connected|idm1,segmentation=basic; backups=connected; identity controls,7.0,2,0.0,0.0,0.0,0.0,0.0,0.0,0.02175925925925926,0.0,1,0,0,0,0,0,0,1
high_capacity,seg-basic|patch+0|det0|iso0|bak-isolated|idm0,segmentation=basic; backups=isolated,5.0,2,10.3,1.8,18.8,10.3,17.1,0.5,0.034125379170879676,0.0,1,0,0,0,0,0,1,0
high_capacity,seg-basic|patch+0|det0|iso0|bak-isolated|idm1,segmentation=basic; backups=isolated; identity controls,9.0,2,0.7,0.0,1.4,0.7,1.26,0.0,0.02159090909090909,0.0,1,0,0,0,0,0,1,1
high_capacity,seg-basic|patch+0|det0|iso1|bak-connected|idm0,segmentation=basic; rapid isolation; backups=connected,8.0,2,1.225,0.0,2.45,1.225,2.205,0.0,0.01897601145721446,0.0,1,0,0,0,0,1,0,0
high_capacity,seg-basic|patch+0|det0|iso1|bak-connected|idm1,segmentation=basic; rapid isolation; backups=connected; identity controls,12.0,2,0.0,0.0,0.0,0.0,0.0,0.0,0.017392619479733817,0.0,1,0,0,0,0,1,0,1
high_capacity,seg-basic|patch+0|det0|iso1|bak-isolated|idm0,segmentation=basic; rapid isolation; backups=isolated,10.0,2,1.525,0.0,3.05,1.525,2.745,0.0,0.04191176470588236,0.0,1,0,0,0,0,1,1,0
high_capacity,seg-basic|patch+0|det0|iso1|bak-isolated|idm1,segmentation=basic; rapid isolation; backups=isolated; identity controls,14.0,2,0.0,0.0,0.0,0.0,0.0,0.0,0.028598484848484845,0.0,1,0,0,0,0,1,1,1
high_capacity,seg-basic|patch+0|det1|iso0|bak-connected|idm0,segmentation=basic; faster detection; backups=connected,6.0,2,0.7749999999999999,0.0,1.5499999999999998,0.7749999999999999,1.3949999999999998,0.0,0.020379338175948343,0.0,1,0,0,0,1,0,0,0
high_capacity,seg-basic|patch+0|det1|iso0|bak-connected|idm1,segmentation=basic; faster detection; backups=connected; identity controls,10.0,2,0.0,0.0,0.0,0.0,0.0,0.0,0.021780303030303032,0.0,1,0,0,0,1,0,0,1
high_capacity,seg-basic|patch+0|det1|iso0|bak-isolated|idm0,segmentation=basic; faster detection; backups=isolated,8.0,2,0.0,0.0,0.0,0.0,0.0,0.0,0.03785714285714285,0.0,1,0,0,0,1,0,1,0
high_capacity,seg-basic|patch+0|det1|iso0|bak-isolated|idm1,segmentation=basic; faster detection; backups=isolated; identity controls,12.0,2,0.0,0.0,0.0,0.0,0.0,0.0,0.033367037411526794,0.0,1,0,0,0,1,0,1,1
high_capacity,seg-basic|patch+0|det1|iso1|bak-connected|idm0,segmentation=basic; faster detection; rapid isolation; backups=connected,11.0,2,0.0,0.0,0.0,0.0,0.0,0.0,0.01909090909090909,0.0,1,0,0,0,1,1,0,0
high_capacity,seg-basic|patch+0|det1|iso1|bak-connected|idm1,segmentation=basic; faster detection; rapid isolation; backups=connected; identity controls,15.0,2,0.0,0.0,0.0,0.0,0.0,0.0,0.02003205128205128,0.0,1,0,0,0,1,1,0,1
high_capacity,seg-basic|patch+0|det1|iso1|bak-isolated|idm0,segmentation=basic; faster detection; rapid isolation; backups=isolated,13.0,2,0.0,0.0,0.0,0.0,0.0,0.0,0.02353266888150609,0.0,1,0,0,0,1,1,1,0
high_capacity,seg-basic|patch+0|det1|iso1|bak-isolated|idm1,segmentation=basic; faster detection; rapid isolation; backups=isolated; identity controls,17.0,2,0.0,0.0,0.0,0.0,0.0,0.0,0.020842379504993486,0.0,1,0,0,0,1,1,1,1
high_capacity,seg-basic|patch+1|det0|iso0|bak-connected|idm0,segmentation=basic; patch+1 levels; backups=connected,5.0,2,0.9,0.0,1.8,0.9,1.62,0.0,0.020718816067653276,0.0,1,0,1,1,0,0,0,0
high_capacity,seg-basic|patch+1|det0|iso0|bak-connected|idm1,segmentation=basic; patch+1 levels; backups=connected; identity controls,9.0,2,0.0,0.0,0.0,0.0,0.0,0.0,0.020525451559934318,0.0,1,0,1,1,0,0,0,1
high_capacity,seg-basic|patch+1|det0|iso0|bak-isolated|idm0,segmentation=basic; patch+1 levels; backups=isolated,7.0,2,4.1125,0.0,8.225,4.1125,7.4025,0.0,0.03814229249011858,0.0,1,0,1,1,0,0,1,0
high_capacity,seg-basic|patch+1|det0|iso0|bak-isolated|idm1,segmentation=basic; patch+1 levels; backups=isolated; identity controls,11.0,2,0.6,0.0,1.2,0.6,1.08,0.0,0.04100580270793036,0.0,1,0,1,1,0,0,1,1
high_capacity,seg-basic|patch+1|det0|iso1|bak-connected|idm0,segmentation=basic; patch+1 levels; rapid isolation; backups=connected,10.0,2,5.65,0.0,11.3,5.65,10.170000000000002,0.5,0.02865497076023392,0.0,1,0,1,1,0,1,0,0
high_capacity,seg-basic|patch+1|det0|iso1|bak-connected|idm1,segmentation=basic; patch+1 levels; rapid isolation; backups=connected; identity controls,14.0,2,0.7,0.0,1.4,0.7,1.26,0.0,0.019615384615384618,0.0,1,0,1,1,0,1,0,1
high_capacity,seg-basic|patch+1|det0|iso1|bak-isolated|idm0,segmentation=basic; patch+1 levels; rapid isolation; backups=isolated,12.0,2,1.6,0.0,3.2,1.6,2.8800000000000003,0.0,0.021904761904761906,0.0,1,0,1,1,0,1,1,0
high_capacity,seg-basic|patch+1|det0|iso1|bak-isolated|idm1,segmentation=basic; patch+1 levels; rapid isolation; backups=isolated; identity controls,16.0,2,0.6,0.0,1.2,0.6,1.08,0.0,0.019258987527512837,0.0,1,0,1,1,0,1,1,1
high_capacity,seg-basic|patch+1|det1|iso0|bak-connected|idm0,segmentation=basic; patch+1 levels; faster detection; backups=connected,8.0,2,0.0,0.0,0.0,0.0,0.0,0.0,0.028853914447134785,0.0,1,0,1,1,1,0,0,0
high_capacity,seg-basic|patch+1|det1|iso0|bak-connected|idm1,segmentation=basic; patch+1 levels; faster detection; backups=connected; identity controls,12.0,2,0.0,0.0,0.0,0.0,0.0,0.0,0.05015255530129672,0.0,1,0,1,1,1,0,0,1
high_capacity,seg-basic|patch+1|det1|iso0|bak-isolated|idm0,segmentation=basic; patch+1 levels; faster detection; backups=isolated,10.0,2,0.0,0.0,0.0,0.0,0.0,0.0,0.03963893249607535,0.0,1,0,1,1,1,0,1,0
high_capacity,seg-basic|patch+1|det1|iso0|bak-isolated|idm1,segmentation=basic; patch+1 levels; faster detection; backups=isolated; identity controls,14.0,2,0.0,0.0,0.0,0.0,0.0,0.0,0.01695402298850575,0.0,1,0,1,1,1,0,1,1
high_capacity,seg-basic|patch+1|det1|iso1|bak-connected|idm0,segmentation=basic; patch+1 levels; faster detection; rapid isolation; backups=connected,13.0,2,0.0,0.0,0.0,0.0,0.0,0.0,0.02000800320128051,0.0,1,0,1,1,1,1,0,0
high_capacity,seg-basic|patch+1|det1|iso1|bak-connected|idm1,segmentation=basic; patch+1 levels; faster detection; rapid isolation; backups=connected; identity controls,17.0,2,0.0,0.0,0.0,0.0,0.0,0.0,0.0196969696969697,0.0,1,0,1,1,1,1,0,1
high_capacity,seg-basic|patch+1|det1|iso1|bak-isolated|idm0,segmentation=basic; patch+1 levels; faster detection; rapid isolation; backups=isolated,15.0,2,0.0,0.0,0.0,0.0,0.0,0.0,0.021315192743764172,0.0,1,0,1,1,1,1,1,0
high_capacity,seg-basic|patch+1|det1|iso1|bak-isolated|idm1,segmentation=basic; patch+1 levels; faster detection; rapid isolation; backups=isolated; identity controls,19.0,2,0.0,0.0,0.0,0.0,0.0,0.0,0.021315192743764172,0.0,1,0,1,1,1,1,1,1
high_capacity,seg-basic|patch+2|det0|iso0|bak-connected|idm0,segmentation=basic; patch+2 levels; backups=connected,5.0,2,0.0,0.0,0.0,0.0,0.0,0.0,0.038636363636363635,0.0,1,0,1,2,0,0,0,0
high_capacity,seg-basic|patch+2|det0|iso0|bak-connected|idm1,segmentation=basic; patch+2 levels; backups=connected; identity controls,9.0,2,4.7,0.0,9.4,4.7,8.46,0.0,0.019419306184012067,0.0,1,0,1,2,0,0,0,1
high_capacity,seg-basic|patch+2|det0|iso0|bak-isolated|idm0,segmentation=basic; patch+2 levels; backups=isolated,7.0,2,0.4,0.0,0.8,0.4,0.7200000000000001,0.0,0.04195804195804196,0.0,1,0,1,2,0,0,1,0
high_capacity,seg-basic|patch+2|det0|iso0|bak-isolated|idm1,segmentation=basic; patch+2 levels; backups=isolated; identity controls,11.0,2,0.0,0.0,0.0,0.0,0.0,0.0,0.018575851393188854,0.0,1,0,1,2,0,0,1,1
high_capacity,seg-basic|patch+2|det0|iso1|bak-connected|idm0,segmentation=basic; patch+2 levels; rapid isolation; backups=connected,10.0,2,0.0,0.0,0.0,0.0,0.0,0.0,0.01956686930091185,0.0,1,0,1,2,0,1,0,0
high_capacity,seg-basic|patch+2|det0|iso1|bak-connected|idm1,segmentation=basic; patch+2 levels; rapid isolation; backups=connected; identity controls,14.0,2,5.875,0.0,11.75,5.875,10.575,0.5,0.03992979376919702,0.0,1,0,1,2,0,1,0,1
high_capacity,seg-basic|patch+2|det0|iso1|bak-isolated|idm0,segmentation=basic; patch+2 levels; rapid isolation; backups=isolated,12.0,2,0.0,0.0,0.0,0.0,0.0,0.0,0.019112874143526866,0.0,1,0,1,2,0,1,1,0
high_capacity,seg-basic|patch+2|det0|iso1|bak-isolated|idm1,segmentation=basic; patch+2 levels; rapid isolation; backups=isolated; identity controls,16.0,2,0.0,0.0,0.0,0.0,0.0,0.0,0.020915032679738564,0.0,1,0,1,2,0,1,1,1
high_capacity,seg-basic|patch+2|det1|iso0|bak-connected|idm0,segmentation=basic; patch+2 levels; faster detection; backups=connected,8.0,2,0.0,0.0,0.0,0.0,0.0,0.0,0.016807909604519774,0.0,1,0,1,2,1,0,0,0
high_capacity,seg-basic|patch+2|det1|iso0|bak-connected|idm1,segmentation=basic; patch+2 levels; faster detection; backups=connected; identity controls,12.0,2,0.9,0.0,1.8,0.9,1.62,0.0,0.019798136645962732,0.0,1,0,1,2,1,0,0,1
high_capacity,seg-basic|patch+2|det1|iso0|bak-isolated|idm0,segmentation=basic; patch+2 levels; faster detection; backups=isolated,10.0,2,0.0,0.0,0.0,0.0,0.0,0.0,0.022222222222222223,0.0,1,0,1,2,1,0,1,0
high_capacity,seg-basic|patch+2|det1|iso0|bak-isolated|idm1,segmentation=basic; patch+2 levels; faster detection; backups=isolated; identity controls,14.0,2,0.0,0.0,0.0,0.0,0.0,0.0,0.02072649572649573,0.0,1,0,1,2,1,0,1,1
high_capacity,seg-basic|patch+2|det1|iso1|bak-connected|idm0,segmentation=basic; patch+2 levels; faster detection; rapid isolation; backups=connected,13.0,2,0.0,0.0,0.0,0.0,0.0,0.0,0.018543956043956044,0.0,1,0,1,2,1,1,0,0
high_capacity,seg-basic|patch+2|det1|iso1|bak-connected|idm1,segmentation=basic; patch+2 levels; faster detection; rapid isolation; backups=connected; identity controls,17.0,2,0.0,0.0,0.0,0.0,0.0,0.0,0.029307909604519775,0.0,1,0,1,2,1,1,0,1
high_capacity,seg-basic|patch+2|det1|iso1|bak-isolated|idm0,segmentation=basic; patch+2 levels; faster detection; rapid isolation; backups=isolated,15.0,2,0.0,0.0,0.0,0.0,0.0,0.0,0.018333333333333333,0.0,1,0,1,2,1,1,1,0
high_capacity,seg-basic|patch+2|det1|iso1|bak-isolated|idm1,segmentation=basic; patch+2 levels; faster detection; rapid isolation; backups=isolated; identity controls,19.0,2,0.0,0.0,0.0,0.0,0.0,0.0,0.020815811606391926,0.0,1,0,1,2,1,1,1,1
high_capacity,seg-flat|patch+0|det0|iso0|bak-connected|idm0,segmentation=flat; backups=connected,0.0,2,0.6749999999999999,0.0,1.3499999999999999,0.6749999999999999,1.2149999999999999,0.0,0.049640610961365676,0.5,0,0,0,0,0,0,0,0
high_capacity,seg-flat|patch+0|det0|iso0|bak-connected|idm1,segmentation=flat; backups=connected; identity controls,4.0,2,0.0,0.0,0.0,0.0,0.0,0.0,0.017767295597484276,0.0,0,0,0,0,0,0,0,1
high_capacity,seg-flat|patch+0|det0|iso0|bak-isolated|idm0,segmentation=flat; backups=isolated,2.0,2,1.6,0.0,3.2,1.6,2.8800000000000003,0.0,0.03992979376919702,0.0,0,0,0,0,0,0,1,0
high_capacity,seg-flat|patch+0|det0|iso0|bak-isolated|idm1,segmentation=flat; backups=isolated; identity controls,6.0,2,0.0,0.0,0.0,0.0,0.0,0.0,0.0423728813559322,0.0,0,0,0,0,0,0,1,1
high_capacity,seg-flat|patch+0|det0|iso1|bak-connected|idm0,segmentation=flat; rapid isolation; backups=connected,5.0,2,4.7,0.0,9.4,4.7,8.46,0.0,0.017948717948717947,0.0,0,0,0,0,0,1,0,0
high_capacity,seg-flat|patch+0|det0|iso1|bak-connected|idm1,segmentation=flat; rapid isolation; backups=connected; identity controls,9.0,2,0.0,0.0,0.0,0.0,0.0,0.0,0.02000800320128051,0.0,0,0,0,0,0,1,0,1
high_capacity,seg-flat|patch+0|det0|iso1|bak-isolated|idm0,segmentation=flat; rapid isolation; backups=isolated,7.0,2,0.0,0.0,0.0,0.0,0.0,0.0,0.02,0.0,0,0,0,0,0,1,1,0
high_capacity,seg-flat|patch+0|det0|iso1|bak-isolated|idm1,segmentation=flat; rapid isolation; backups=isolated; identity controls,11.0,2,10.3375,0.0,20.675,10.3375,18.6075,0.5,0.11609907120743033,0.0,0,0,0,0,0,1,1,1
high_capacity,seg-flat|patch+0|det1|iso0|bak-connected|idm0,segmentation=flat; faster detection; backups=connected,3.0,2,0.0,0.0,0.0,0.0,0.0,0.0,0.017948717948717947,0.0,0,0,0,0,1,0,0,0
high_capacity,seg-flat|patch+0|det1|iso0|bak-connected|idm1,segmentation=flat; faster detection; backups=connected; identity controls,7.0,2,0.525,0.0,1.05,0.525,0.9450000000000001,0.0,0.037500000000000006,0.5,0,0,0,0,1,0,0,1
high_capacity,seg-flat|patch+0|det1|iso0|bak-isolated|idm0,segmentation=flat; faster detection; backups=isolated,5.0,2,0.0,0.0,0.0,0.0,0.0,0.0,0.032346723044397466,0.0,0,0,0,0,1,0,1,0
high_capacity,seg-flat|patch+0|det1|iso0|bak-isolated|idm1,segmentation=flat; faster detection; backups=isolated; identity controls,9.0,2,0.0,0.0,0.0,0.0,0.0,0.0,0.018362533692722373,0.0,0,0,0,0,1,0,1,1
high_capacity,seg-flat|patch+0|det1|iso1|bak-connected|idm0,segmentation=flat; faster detection; rapid isolation; backups=connected,8.0,2,0.375,0.0,0.75,0.375,0.675,0.0,0.05075757575757575,0.5,0,0,0,0,1,1,0,0
high_capacity,seg-flat|patch+0|det1|iso1|bak-connected|idm1,segmentation=flat; faster detection; rapid isolation; backups=connected; identity controls,12.0,2,0.0,0.0,0.0,0.0,0.0,0.0,0.020833333333333336,0.0,0,0,0,0,1,1,0,1
high_capacity,seg-flat|patch+0|det1|iso1|bak-isolated|idm0,segmentation=flat; faster detection; rapid isolation; backups=isolated,10.0,2,1.6,0.0,3.2,1.6,2.8800000000000003,0.0,0.02811094452773613,0.0,0,0,0,0,1,1,1,0
high_capacity,seg-flat|patch+0|det1|iso1|bak-isolated|idm1,segmentation=flat; faster detection; rapid isolation; backups=isolated; identity controls,14.0,2,0.0,0.0,0.0,0.0,0.0,0.0,0.017767295597484276,0.0,0,0,0,0,1,1,1,1
high_capacity,seg-flat|patch+1|det0|iso0|bak-connected|idm0,segmentation=flat; patch+1 levels; backups=connected,2.0,2,0.4,0.0,0.8,0.4,0.7200000000000001,0.0,0.03268977621763931,0.0,0,0,1,1,0,0,0,0
high_capacity,seg-flat|patch+1|det0|iso0|bak-connected|idm1,segmentation=flat; patch+1 levels; backups=connected; identity controls,6.0,2,0.0,0.0,0.0,0.0,0.0,0.0,0.06190476190476191,0.0,0,0,1,1,0,0,0,1
high_capacity,seg-flat|patch+1|det0|iso0|bak-isolated|idm0,segmentation=flat; patch+1 levels; backups=isolated,4.0,2,0.0,0.0,0.0,0.0,0.0,0.0,0.04397233201581027,0.0,0,0,1,1,0,0,1,0
high_capacity,seg-flat|patch+1|det0|iso0|bak-isolated|idm1,segmentation=flat; patch+1 levels; backups=isolated; identity controls,8.0,2,0.0,0.0,0.0,0.0,0.0,0.0,0.041949152542372886,0.0,0,0,1,1,0,0,1,1
high_capacity,seg-flat|patch+1|det0|iso1|bak-connected|idm0,segmentation=flat; patch+1 levels; rapid isolation; backups=connected,7.0,2,0.0,0.0,0.0,0.0,0.0,0.0,0.027818717759764185,0.0,0,0,1,1,0,1,0,0
high_capacity,seg-flat|patch+1|det0|iso1|bak-connected|idm1,segmentation=flat; patch+1 levels; rapid isolation; backups=connected; identity controls,11.0,2,4.125,0.0,8.25,4.125,7.425,0.5,0.07464146023468057,0.0,0,0,1,1,0,1,0,1
high_capacity,seg-flat|patch+1|det0|iso1|bak-isolated|idm0,segmentation=flat; patch+1 levels; rapid isolation; backups=isolated,9.0,2,0.0,0.0,0.0,0.0,0.0,0.0,0.020669698222405955,0.0,0,0,1,1,0,1,1,0
high_capacity,seg-flat|patch+1|det0|iso1|bak-isolated|idm1,segmentation=flat; patch+1 levels; rapid isolation; backups=isolated; identity controls,13.0,2,0.0,0.0,0.0,0.0,0.0,0.0,0.02142857142857143,0.0,0,0,1,1,0,1,1,1
high_capacity,seg-flat|patch+1|det1|iso0|bak-connected|idm0,segmentation=flat; patch+1 levels; faster detection; backups=connected,5.0,2,0.30000000000000004,0.0,0.6000000000000001,0.30000000000000004,0.54,0.0,0.04880952380952381,0.0,0,0,1,1,1,0,0,0
high_capacity,seg-flat|patch+1|det1|iso0|bak-connected|idm1,segmentation=flat; patch+1 levels; faster detection; backups=connected; identity controls,9.0,2,0.3375,0.0,0.675,0.3375,0.6075,0.0,0.03392857142857143,0.0,0,0,1,1,1,0,0,1
high_capacity,seg-flat|patch+1|det1|iso0|bak-isolated|idm0,segmentation=flat; patch+1 levels; faster detection; backups=isolated,7.0,2,4.7,0.0,9.4,4.7,8.46,0.0,0.019984326018808778,0.0,0,0,1,1,1,0,1,0
high_capacity,seg-flat|patch+1|det1|iso0|bak-isolated|idm1,segmentation=flat; patch+1 levels; faster detection; backups=isolated; identity controls,11.0,2,1.9,0.0,3.8,1.9,3.42,0.0,0.019729206963249514,0.0,0,0,1,1,1,0,1,1
high_capacity,seg-flat|patch+1|det1|iso1|bak-connected|idm0,segmentation=flat; patch+1 levels; faster detection; rapid isolation; backups=connected,10.0,2,0.0,0.0,0.0,0.0,0.0,0.0,0.019960474308300395,0.0,0,0,1,1,1,1,0,0
high_capacity,seg-flat|patch+1|det1|iso1|bak-connected|idm1,segmentation=flat; patch+1 levels; faster detection; rapid isolation; backups=connected; identity controls,14.0,2,0.0,0.0,0.0,0.0,0.0,0.0,0.01695402298850575,0.0,0,0,1,1,1,1,0,1
high_capacity,seg-flat|patch+1|det1|iso1|bak-isolated|idm0,segmentation=flat; patch+1 levels; faster detection; rapid isolation; backups=isolated,12.0,2,0.0,0.0,0.0,0.0,0.0,0.0,0.03511904761904762,0.0,0,0,1,1,1,1,1,0
high_capacity,seg-flat|patch+1|det1|iso1|bak-isolated|idm1,segmentation=flat; patch+1 levels; faster detection; rapid isolation; backups=isolated; identity controls,16.0,2,0.0,0.0,0.0,0.0,0.0,0.0,0.023138297872340424,0.0,0,0,1,1,1,1,1,1
high_capacity,seg-flat|patch+2|det0|iso0|bak-connected|idm0,segmentation=flat; patch+2 levels; backups=connected,2.0,2,0.0,0.0,0.0,0.0,0.0,0.0,0.051175958188153306,0.0,0,0,1,2,0,0,0,0
high_capacity,seg-flat|patch+2|det0|iso0|bak-connected|idm1,segmentation=flat; patch+2 levels; backups=connected; identity controls,6.0,2,0.0,0.0,0.0,0.0,0.0,0.0,0.07075873827791987,0.0,0,0,1,2,0,0,0,1
high_capacity,seg-flat|patch+2|det0|iso0|bak-isolated|idm0,segmentation=flat; patch+2 levels; backups=isolated,4.0,2,0.0,0.0,0.0,0.0,0.0,0.0,0.05442176870748299,0.0,0,0,1,2,0,0,1,0
high_capacity,seg-flat|patch+2|det0|iso0|bak-isolated|idm1,segmentation=flat; patch+2 levels; backups=isolated; identity controls,8.0,2,0.0,0.0,0.0,0.0,0.0,0.0,0.030667701863354036,0.0,0,0,1,2,0,0,1,1
high_capacity,seg-flat|patch+2|det0|iso1|bak-connected|idm0,segmentation=flat; patch+2 levels; rapid isolation; backups=connected,7.0,2,0.0,0.0,0.0,0.0,0.0,0.0,0.019731800766283523,0.0,0,0,1,2,0,1,0,0
high_capacity,seg-flat|patch+2|det0|iso1|bak-connected|idm1,segmentation=flat; patch+2 levels; rapid isolation; backups=connected; identity controls,11.0,2,0.625,0.0,1.25,0.625,1.125,0.0,0.042957334891876094,0.0,0,0,1,2,0,1,0,1
high_capacity,seg-flat|patch+2|det0|iso1|bak-isolated|idm0,segmentation=flat; patch+2 levels; rapid isolation; backups=isolated,9.0,2,4.7,0.0,9.4,4.7,8.46,0.0,0.025595238095238095,0.0,0,0,1,2,0,1,1,0
high_capacity,seg-flat|patch+2|det0|iso1|bak-isolated|idm1,segmentation=flat; patch+2 levels; rapid isolation; backups=isolated; identity controls,13.0,2,0.0,0.0,0.0,0.0,0.0,0.0,0.018874643874643875,0.0,0,0,1,2,0,1,1,1
high_capacity,seg-flat|patch+2|det1|iso0|bak-connected|idm0,segmentation=flat; patch+2 levels; faster detection; backups=connected,5.0,2,0.0,0.0,0.0,0.0,0.0,0.0,0.020135566188197767,0.0,0,0,1,2,1,0,0,0
high_capacity,seg-flat|patch+2|det1|iso0|bak-connected|idm1,segmentation=flat; patch+2 levels; faster detection; backups=connected; identity controls,9.0,2,0.0,0.0,0.0,0.0,0.0,0.0,0.022774327122153208,0.0,0,0,1,2,1,0,0,1
high_capacity,seg-flat|patch+2|det1|iso0|bak-isolated|idm0,segmentation=flat; patch+2 levels; faster detection; backups=isolated,7.0,2,1.8,0.0,3.6,1.8,3.24,0.0,0.021999043519846963,0.0,0,0,1,2,1,0,1,0
high_capacity,seg-flat|patch+2|det1|iso0|bak-isolated|idm1,segmentation=flat; patch+2 levels; faster detection; backups=isolated; identity controls,11.0,2,2.5750000000000006,0.0,5.150000000000001,2.5750000000000006,4.635000000000002,0.0,0.062140804597701146,0.0,0,0,1,2,1,0,1,1
high_capacity,seg-flat|patch+2|det1|iso1|bak-connected|idm0,segmentation=flat; patch+2 levels; faster detection; rapid isolation; backups=connected,10.0,2,0.0,0.0,0.0,0.0,0.0,0.0,0.03117309269893355,0.0,0,0,1,2,1,1,0,0
high_capacity,seg-flat|patch+2|det1|iso1|bak-connected|idm1,segmentation=flat; patch+2 levels; faster detection; rapid isolation; backups=connected; identity controls,14.0,2,0.0,0.0,0.0,0.0,0.0,0.0,0.020995670995670995,0.0,0,0,1,2,1,1,0,1
high_capacity,seg-flat|patch+2|det1|iso1|bak-isolated|idm0,segmentation=flat; patch+2 levels; faster detection; rapid isolation; backups=isolated,12.0,2,4.7,0.0,9.4,4.7,8.46,0.0,0.020556478405315614,0.0,0,0,1,2,1,1,1,0
high_capacity,seg-flat|patch+2|det1|iso1|bak-isolated|idm1,segmentation=flat; patch+2 levels; faster detection; rapid isolation; backups=isolated; identity controls,16.0,2,0.875,0.0,1.75,0.875,1.575,0.0,0.020039682539682538,0.0,0,0,1,2,1,1,1,1
high_capacity,seg-least_privilege|patch+0|det0|iso0|bak-connected|idm0,segmentation=least_privilege; backups=connected,5.0,2,0.9,0.0,1.8,0.9,1.62,0.0,0.027291105121293797,0.0,0,1,0,0,0,0,0,0
high_capacity,seg-least_privilege|patch+0|det0|iso0|bak-connected|idm1,segmentation=least_privilege; backups=connected; identity controls,9.0,2,1.4,1.2,1.6,1.4,1.56,0.0,0.03392857142857143,0.0,0,1,0,0,0,0,0,1
high_capacity,seg-least_privilege|patch+0|det0|iso0|bak-isolated|idm0,segmentation=least_privilege; backups=isolated,7.0,2,0.0,0.0,0.0,0.0,0.0,0.0,0.027447089947089946,0.0,0,1,0,0,0,0,1,0
high_capacity,seg-least_privilege|patch+0|det0|iso0|bak-isolated|idm1,segmentation=least_privilege; backups=isolated; identity controls,11.0,2,0.0,0.0,0.0,0.0,0.0,0.0,0.02145438121047877,0.0,0,1,0,0,0,0,1,1
high_capacity,seg-least_privilege|patch+0|det0|iso1|bak-connected|idm0,segmentation=least_privilege; rapid isolation; backups=connected,10.0,2,0.0,0.0,0.0,0.0,0.0,0.0,0.02112369337979094,0.0,0,1,0,0,0,1,0,0
high_capacity,seg-least_privilege|patch+0|det0|iso1|bak-connected|idm1,segmentation=least_privilege; rapid isolation; backups=connected; identity controls,14.0,2,0.0,0.0,0.0,0.0,0.0,0.0,0.02973898160034232,0.0,0,1,0,0,0,1,0,1
high_capacity,seg-least_privilege|patch+0|det0|iso1|bak-isolated|idm0,segmentation=least_privilege; rapid isolation; backups=isolated,12.0,2,0.0,0.0,0.0,0.0,0.0,0.0,0.017908538535337384,0.0,0,1,0,0,0,1,1,0
high_capacity,seg-least_privilege|patch+0|det0|iso1|bak-isolated|idm1,segmentation=least_privilege; rapid isolation; backups=isolated; identity controls,16.0,2,1.25,0.0,2.5,1.25,2.25,0.0,0.047115384615384615,0.0,0,1,0,0,0,1,1,1
high_capacity,seg-least_privilege|patch+0|det1|iso0|bak-connected|idm0,segmentation=least_privilege; faster detection; backups=connected,8.0,2,0.0,0.0,0.0,0.0,0.0,0.0,0.018137254901960782,0.0,0,1,0,0,1,0,0,0
high_capacity,seg-least_privilege|patch+0|det1|iso0|bak-connected|idm1,segmentation=least_privilege; faster detection; backups=connected; identity controls,12.0,2,0.0,0.0,0.0,0.0,0.0,0.0,0.029924242424242423,0.0,0,1,0,0,1,0,0,1
high_capacity,seg-least_privilege|patch+0|det1|iso0|bak-isolated|idm0,segmentation=least_privilege; faster detection; backups=isolated,10.0,2,0.0,0.0,0.0,0.0,0.0,0.0,0.028002699055330635,0.0,0,1,0,0,1,0,1,0
high_capacity,seg-least_privilege|patch+0|det1|iso0|bak-isolated|idm1,segmentation=least_privilege; faster detection; backups=isolated; identity controls,14.0,2,1.0,0.0,2.0,1.0,1.8,0.0,0.0419047619047619,0.0,0,1,0,0,1,0,1,1
high_capacity,seg-least_privilege|patch+0|det1|iso1|bak-connected|idm0,segmentation=least_privilege; faster detection; rapid isolation; backups=connected,13.0,2,0.0,0.0,0.0,0.0,0.0,0.0,0.020442219440967878,0.0,0,1,0,0,1,1,0,0
high_capacity,seg-least_privilege|patch+0|det1|iso1|bak-connected|idm1,segmentation=least_privilege; faster detection; rapid isolation; backups=connected; identity controls,17.0,2,0.0,0.0,0.0,0.0,0.0,0.0,0.024099883855981417,0.0,0,1,0,0,1,1,0,1
high_capacity,seg-least_privilege|patch+0|det1|iso1|bak-isolated|idm0,segmentation=least_privilege; faster detection; rapid isolation; backups=isolated,15.0,2,0.0,0.0,0.0,0.0,0.0,0.0,0.020442219440967878,0.0,0,1,0,0,1,1,1,0
high_capacity,seg-least_privilege|patch+0|det1|iso1|bak-isolated|idm1,segmentation=least_privilege; faster detection; rapid isolation; backups=isolated; identity controls,19.0,2,0.0,0.0,0.0,0.0,0.0,0.0,0.02127659574468085,0.0,0,1,0,0,1,1,1,1
high_capacity,seg-least_privilege|patch+1|det0|iso0|bak-connected|idm0,segmentation=least_privilege; patch+1 levels; backups=connected,7.0,2,0.0,0.0,0.0,0.0,0.0,0.0,0.034366925064599485,0.0,0,1,1,1,0,0,0,0
high_capacity,seg-least_privilege|patch+1|det0|iso0|bak-connected|idm1,segmentation=least_privilege; patch+1 levels; backups=connected; identity controls,11.0,2,0.0,0.0,0.0,0.0,0.0,0.0,0.020379338175948343,0.0,0,1,1,1,0,0,0,1
high_capacity,seg-least_privilege|patch+1|det0|iso0|bak-isolated|idm0,segmentation=least_privilege; patch+1 levels; backups=isolated,9.0,2,0.0,0.0,0.0,0.0,0.0,0.0,0.0483695652173913,0.0,0,1,1,1,0,0,1,0
high_capacity,seg-least_privilege|patch+1|det0|iso0|bak-isolated|idm1,segmentation=least_privilege; patch+1 levels; backups=isolated; identity controls,13.0,2,0.0,0.0,0.0,0.0,0.0,0.0,0.020638297872340425,0.0,0,1,1,1,0,0,1,1
high_capacity,seg-least_privilege|patch+1|det0|iso1|bak-connected|idm0,segmentation=least_privilege; patch+1 levels; rapid isolation; backups=connected,12.0,2,0.0,0.0,0.0,0.0,0.0,0.0,0.017948717948717947,0.0,0,1,1,1,0,1,0,0
high_capacity,seg-least_privilege|patch+1|det0|iso1|bak-connected|idm1,segmentation=least_privilege; patch+1 levels; rapid isolation; backups=connected; identity controls,16.0,2,0.0,0.0,0.0,0.0,0.0,0.0,0.019838212634822806,0.0,0,1,1,1,0,1,0,1
high_capacity,seg-least_privilege|patch+1|det0|iso1|bak-isolated|idm0,segmentation=least_privilege; patch+1 levels; rapid isolation; backups=isolated,14.0,2,0.9,0.0,1.8,0.9,1.62,0.0,0.02925925925925926,0.0,0,1,1,1,0,1,1,0
high_capacity,seg-least_privilege|patch+1|det0|iso1|bak-isolated|idm1,segmentation=least_privilege; patch+1 levels; rapid isolation; backups=isolated; identity controls,18.0,2,0.25,0.0,0.5,0.25,0.45,0.0,0.04509283819628647,0.0,0,1,1,1,0,1,1,1
high_capacity,seg-least_privilege|patch+1|det1|iso0|bak-connected|idm0,segmentation=least_privilege; patch+1 levels; faster detection; backups=connected,10.0,2,0.0,0.0,0.0,0.0,0.0,0.0,0.04366397721879449,0.0,0,1,1,1,1,0,0,0
high_capacity,seg-least_privilege|patch+1|det1|iso0|bak-connected|idm1,segmentation=least_privilege; patch+1 levels; faster detection; backups=connected; identity controls,14.0,2,0.0,0.0,0.0,0.0,0.0,0.0,0.03719512195121952,0.0,0,1,1,1,1,0,0,1
high_capacity,seg-least_privilege|patch+1|det1|iso0|bak-isolated|idm0,segmentation=least_privilege; patch+1 levels; faster detection; backups=isolated,12.0,2,0.0,0.0,0.0,0.0,0.0,0.0,0.022399203583872575,0.0,0,1,1,1,1,0,1,0
high_capacity,seg-least_privilege|patch+1|det1|iso0|bak-isolated|idm1,segmentation=least_privilege; patch+1 levels; faster detection; backups=isolated; identity controls,16.0,2,0.0,0.0,0.0,0.0,0.0,0.0,0.02803030303030303,0.0,0,1,1,1,1,0,1,1
high_capacity,seg-least_privilege|patch+1|det1|iso1|bak-connected|idm0,segmentation=least_privilege; patch+1 levels; faster detection; rapid isolation; backups=connected,15.0,2,0.0,0.0,0.0,0.0,0.0,0.0,0.021431828545371637,0.0,0,1,1,1,1,1,0,0
high_capacity,seg-least_privilege|patch+1|det1|iso1|bak-connected|idm1,segmentation=least_privilege; patch+1 levels; faster detection; rapid isolation; backups=connected; identity controls,19.0,2,0.0,0.0,0.0,0.0,0.0,0.0,0.022001934235976787,0.0,0,1,1,1,1,1,0,1
high_capacity,seg-least_privilege|patch+1|det1|iso1|bak-isolated|idm0,segmentation=least_privilege; patch+1 levels; faster detection; rapid isolation; backups=isolated,17.0,2,1.7,0.0,3.4,1.7,3.06,0.0,0.019819466248037675,0.0,0,1,1,1,1,1,1,0
high_capacity,seg-least_privilege|patch+1|det1|iso1|bak-isolated|idm1,segmentation=least_privilege; patch+1 levels; faster detection; rapid isolation; backups=isolated; identity controls,21.0,2,0.9,0.0,1.8,0.9,1.62,0.0,0.017543859649122806,0.0,0,1,1,1,1,1,1,1
high_capacity,seg-least_privilege|patch+2|det0|iso0|bak-connected|idm0,segmentation=least_privilege; patch+2 levels; backups=connected,7.0,2,0.9,0.0,1.8,0.9,1.62,0.0,0.02112369337979094,0.0,0,1,1,2,0,0,0,0
high_capacity,seg-least_privilege|patch+2|det0|iso0|bak-connected|idm1,segmentation=least_privilege; patch+2 levels; backups=connected; identity controls,11.0,2,0.0,0.0,0.0,0.0,0.0,0.0,0.02299154334038055,0.0,0,1,1,2,0,0,0,1
high_capacity,seg-least_privilege|patch+2|det0|iso0|bak-isolated|idm0,segmentation=least_privilege; patch+2 levels; backups=isolated,9.0,2,0.0,0.0,0.0,0.0,0.0,0.0,0.01906318082788671,0.0,0,1,1,2,0,0,1,0
high_capacity,seg-least_privilege|patch+2|det0|iso0|bak-isolated|idm1,segmentation=least_privilege; patch+2 levels; backups=isolated; identity controls,13.0,2,0.0,0.0,0.0,0.0,0.0,0.0,0.02072649572649573,0.0,0,1,1,2,0,0,1,1
high_capacity,seg-least_privilege|patch+2|det0|iso1|bak-connected|idm0,segmentation=least_privilege; patch+2 levels; rapid isolation; backups=connected,12.0,2,0.0,0.0,0.0,0.0,0.0,0.0,0.035296031229668186,0.0,0,1,1,2,0,1,0,0
high_capacity,seg-least_privilege|patch+2|det0|iso1|bak-connected|idm1,segmentation=least_privilege; patch+2 levels; rapid isolation; backups=connected; identity controls,16.0,2,0.0,0.0,0.0,0.0,0.0,0.0,0.020673486786018755,0.0,0,1,1,2,0,1,0,1
high_capacity,seg-least_privilege|patch+2|det0|iso1|bak-isolated|idm0,segmentation=least_privilege; patch+2 levels; rapid isolation; backups=isolated,14.0,2,0.0,0.0,0.0,0.0,0.0,0.0,0.019838212634822806,0.0,0,1,1,2,0,1,1,0
high_capacity,seg-least_privilege|patch+2|det0|iso1|bak-isolated|idm1,segmentation=least_privilege; patch+2 levels; rapid isolation; backups=isolated; identity controls,18.0,2,0.0,0.0,0.0,0.0,0.0,0.0,0.031135531135531136,0.0,0,1,1,2,0,1,1,1
high_capacity,seg-least_privilege|patch+2|det1|iso0|bak-connected|idm0,segmentation=least_privilege; patch+2 levels; faster detection; backups=connected,10.0,2,0.0,0.0,0.0,0.0,0.0,0.0,0.03629500580720093,0.0,0,1,1,2,1,0,0,0
high_capacity,seg-least_privilege|patch+2|det1|iso0|bak-connected|idm1,segmentation=least_privilege; patch+2 levels; faster detection; backups=connected; identity controls,14.0,2,0.0,0.0,0.0,0.0,0.0,0.0,0.03165618448637317,0.0,0,1,1,2,1,0,0,1
high_capacity,seg-least_privilege|patch+2|det1|iso0|bak-isolated|idm0,segmentation=least_privilege; patch+2 levels; faster detection; backups=isolated,12.0,2,4.7,0.0,9.4,4.7,8.46,0.0,0.018362533692722373,0.0,0,1,1,2,1,0,1,0
high_capacity,seg-least_privilege|patch+2|det1|iso0|bak-isolated|idm1,segmentation=least_privilege; patch+2 levels; faster detection; backups=isolated; identity controls,16.0,2,0.0,0.0,0.0,0.0,0.0,0.0,0.019838212634822806,0.0,0,1,1,2,1,0,1,1
high_capacity,seg-least_privilege|patch+2|det1|iso1|bak-connected|idm0,segmentation=least_privilege; patch+2 levels; faster detection; rapid isolation; backups=connected,15.0,2,0.0,0.0,0.0,0.0,0.0,0.0,0.019237883832778392,0.0,0,1,1,2,1,1,0,0
high_capacity,seg-least_privilege|patch+2|det1|iso1|bak-connected|idm1,segmentation=least_privilege; patch+2 levels; faster detection; rapid isolation; backups=connected; identity controls,19.0,2,0.0,0.0,0.0,0.0,0.0,0.0,0.0367003367003367,0.0,0,1,1,2,1,1,0,1
high_capacity,seg-least_privilege|patch+2|det1|iso1|bak-isolated|idm0,segmentation=least_privilege; patch+2 levels; faster detection; rapid isolation; backups=isolated,17.0,2,0.0,0.0,0.0,0.0,0.0,0.0,0.022774327122153208,0.0,0,1,1,2,1,1,1,0
high_capacity,seg-least_privilege|patch+2|det1|iso1|bak-isolated|idm1,segmentation=least_privilege; patch+2 levels; faster detection; rapid isolation; backups=isolated; identity controls,21.0,2,0.0,0.0,0.0,0.0,0.0,0.0,0.026785714285714284,0.0,0,1,1,2,1,1,1,1
intermediate_capacity,seg-basic|patch+0|det0|iso0|bak-connected|idm0,segmentation=basic; backups=connected,3.0,2,64.625,0.0,129.25,64.625,116.325,0.5,0.2778061224489796,0.5,1,0,0,0,0,0,0,0
intermediate_capacity,seg-basic|patch+0|det0|iso0|bak-connected|idm1,segmentation=basic; backups=connected; identity controls,7.0,2,68.825,1.8,135.85,68.825,122.445,0.5,0.548469387755102,0.5,1,0,0,0,0,0,0,1
intermediate_capacity,seg-basic|patch+0|det0|iso0|bak-isolated|idm0,segmentation=basic; backups=isolated,5.0,2,9.774999999999999,4.75,14.799999999999999,9.774999999999999,13.795,0.5,0.20565435476516186,0.0,1,0,0,0,0,0,1,0
intermediate_capacity,seg-basic|patch+0|det0|iso0|bak-isolated|idm1,segmentation=basic; backups=isolated; identity controls,9.0,2,76.61250000000001,55.325,97.9,76.61250000000001,93.64250000000001,1.0,0.4177785791561486,0.0,1,0,0,0,0,0,1,1
intermediate_capacity,seg-basic|patch+0|det0|iso1|bak-connected|idm0,segmentation=basic; rapid isolation; backups=connected,8.0,2,61.712500000000006,3.5,119.92500000000001,61.712500000000006,108.28250000000001,1.0,0.25158084914182477,0.5,1,0,0,0,0,1,0,0
intermediate_capacity,seg-basic|patch+0|det0|iso1|bak-connected|idm1,segmentation=basic; rapid isolation; backups=connected; identity controls,12.0,2,163.58750000000003,103.37500000000001,223.80000000000004,163.58750000000003,211.75750000000005,1.0,0.6190476190476191,0.5,1,0,0,0,0,1,0,1
intermediate_capacity,seg-basic|patch+0|det0|iso1|bak-isolated|idm0,segmentation=basic; rapid isolation; backups=isolated,10.0,2,0.0,0.0,0.0,0.0,0.0,0.0,0.021904761904761906,0.0,1,0,0,0,0,1,1,0
intermediate_capacity,seg-basic|patch+0|det0|iso1|bak-isolated|idm1,segmentation=basic; rapid isolation; backups=isolated; identity controls,14.0,2,96.9125,59.85,133.975,96.9125,126.5625,1.0,0.6688148943788041,0.0,1,0,0,0,0,1,1,1
intermediate_capacity,seg-basic|patch+0|det1|iso0|bak-connected|idm0,segmentation=basic; faster detection; backups=connected,6.0,2,86.025,78.725,93.325,86.025,91.86500000000001,1.0,0.6119770303527481,1.0,1,0,0,0,1,0,0,0
intermediate_capacity,seg-basic|patch+0|det1|iso0|bak-connected|idm1,segmentation=basic; faster detection; backups=connected; identity controls,10.0,2,1.3125,0.0,2.625,1.3125,2.3625,0.5,0.060534591194968554,0.0,1,0,0,0,1,0,0,1
intermediate_capacity,seg-basic|patch+0|det1|iso0|bak-isolated|idm0,segmentation=basic; faster detection; backups=isolated,8.0,2,12.8,2.0,23.6,12.8,21.44,0.5,0.17826354679802955,0.0,1,0,0,0,1,0,1,0
intermediate_capacity,seg-basic|patch+0|det1|iso0|bak-isolated|idm1,segmentation=basic; faster detection; backups=isolated; identity controls,12.0,2,0.7,0.0,1.4,0.7,1.26,0.0,0.02808241940844134,0.0,1,0,0,0,1,0,1,1
intermediate_capacity,seg-basic|patch+0|det1|iso1|bak-connected|idm0,segmentation=basic; faster detection; rapid isolation; backups=connected,11.0,2,10.3,1.8,18.8,10.3,17.1,0.5,0.07434782608695652,0.0,1,0,0,0,1,1,0,0
intermediate_capacity,seg-basic|patch+0|det1|iso1|bak-connected|idm1,segmentation=basic; faster detection; rapid isolation; backups=connected; identity controls,15.0,2,0.0,0.0,0.0,0.0,0.0,0.0,0.02944862155388471,0.0,1,0,0,0,1,1,0,1
intermediate_capacity,seg-basic|patch+0|det1|iso1|bak-isolated|idm0,segmentation=basic; faster detection; rapid isolation; backups=isolated,13.0,2,2.75,0.0,5.5,2.75,4.95,0.5,0.13969404186795492,0.0,1,0,0,0,1,1,1,0
intermediate_capacity,seg-basic|patch+0|det1|iso1|bak-isolated|idm1,segmentation=basic; faster detection; rapid isolation; backups=isolated; identity controls,17.0,2,3.8000000000000003,1.8,5.800000000000001,3.8000000000000003,5.4,0.5,0.06545454545454546,0.0,1,0,0,0,1,1,1,1
intermediate_capacity,seg-basic|patch+1|det0|iso0|bak-connected|idm0,segmentation=basic; patch+1 levels; backups=connected,5.0,2,69.775,64.9,74.65,69.775,73.67500000000001,1.0,0.25991528686946475,0.5,1,0,1,1,0,0,0,0
intermediate_capacity,seg-basic|patch+1|det0|iso0|bak-connected|idm1,segmentation=basic; patch+1 levels; backups=connected; identity controls,9.0,2,65.2,2.0,128.4,65.2,115.76,0.5,0.25877192982456143,0.5,1,0,1,1,0,0,0,1
intermediate_capacity,seg-basic|patch+1|det0|iso0|bak-isolated|idm0,segmentation=basic; patch+1 levels; backups=isolated,7.0,2,0.0,0.0,0.0,0.0,0.0,0.0,0.06851851851851852,0.0,1,0,1,1,0,0,1,0
intermediate_capacity,seg-basic|patch+1|det0|iso0|bak-isolated|idm1,segmentation=basic; patch+1 levels; backups=isolated; identity controls,11.0,2,41.9375,7.5,76.375,41.9375,69.4875,1.0,0.24415204678362573,0.0,1,0,1,1,0,0,1,1
intermediate_capacity,seg-basic|patch+1|det0|iso1|bak-connected|idm0,segmentation=basic; patch+1 levels; rapid isolation; backups=connected,10.0,2,13.325000000000001,0.8,25.85,13.325000000000001,23.345000000000002,0.5,0.07629233511586453,0.0,1,0,1,1,0,1,0,0
intermediate_capacity,seg-basic|patch+1|det0|iso1|bak-connected|idm1,segmentation=basic; patch+1 levels; rapid isolation; backups=connected; identity controls,14.0,2,69.05000000000001,0.0,138.10000000000002,69.05000000000001,124.29000000000002,0.5,0.1792452830188679,0.5,1,0,1,1,0,1,0,1
intermediate_capacity,seg-basic|patch+1|det0|iso1|bak-isolated|idm0,segmentation=basic; patch+1 levels; rapid isolation; backups=isolated,12.0,2,0.0,0.0,0.0,0.0,0.0,0.0,0.022833419823559936,0.0,1,0,1,1,0,1,1,0
intermediate_capacity,seg-basic|patch+1|det0|iso1|bak-isolated|idm1,segmentation=basic; patch+1 levels; rapid isolation; backups=isolated; identity controls,16.0,2,6.575,0.0,13.15,6.575,11.835,0.5,0.12129461584996976,0.0,1,0,1,1,0,1,1,1
intermediate_capacity,seg-basic|patch+1|det1|iso0|bak-connected|idm0,segmentation=basic; patch+1 levels; faster detection; backups=connected,8.0,2,0.0,0.0,0.0,0.0,0.0,0.0,0.01838731443994602,0.0,1,0,1,1,1,0,0,0
intermediate_capacity,seg-basic|patch+1|det1|iso0|bak-connected|idm1,segmentation=basic; patch+1 levels; faster detection; backups=connected; identity controls,12.0,2,3.5,3.4,3.6000000000000005,3.5,3.5800000000000005,0.0,0.026785714285714284,0.0,1,0,1,1,1,0,0,1
intermediate_capacity,seg-basic|patch+1|det1|iso0|bak-isolated|idm0,segmentation=basic; patch+1 levels; faster detection; backups=isolated,10.0,2,1.0,0.0,2.0,1.0,1.8,0.0,0.06188997338065661,0.0,1,0,1,1,1,0,1,0
intermediate_capacity,seg-basic|patch+1|det1|iso0|bak-isolated|idm1,segmentation=basic; patch+1 levels; faster detection; backups=isolated; identity controls,14.0,2,5.075,0.0,10.15,5.075,9.135,0.5,0.04479840716774515,0.0,1,0,1,1,1,0,1,1
intermediate_capacity,seg-basic|patch+1|det1|iso1|bak-connected|idm0,segmentation=basic; patch+1 levels; faster detection; rapid isolation; backups=connected,13.0,2,0.0,0.0,0.0,0.0,0.0,0.0,0.02857142857142857,0.0,1,0,1,1,1,1,0,0
intermediate_capacity,seg-basic|patch+1|det1|iso1|bak-connected|idm1,segmentation=basic; patch+1 levels; faster detection; rapid isolation; backups=connected; identity controls,17.0,2,0.0,0.0,0.0,0.0,0.0,0.0,0.059502344031734586,0.0,1,0,1,1,1,1,0,1
intermediate_capacity,seg-basic|patch+1|det1|iso1|bak-isolated|idm0,segmentation=basic; patch+1 levels; faster detection; rapid isolation; backups=isolated,15.0,2,0.0,0.0,0.0,0.0,0.0,0.0,0.0462860310421286,0.0,1,0,1,1,1,1,1,0
intermediate_capacity,seg-basic|patch+1|det1|iso1|bak-isolated|idm1,segmentation=basic; patch+1 levels; faster detection; rapid isolation; backups=isolated; identity controls,19.0,2,10.3,9.4,11.2,10.3,11.02,0.0,0.16075904045828857,0.0,1,0,1,1,1,1,1,1
intermediate_capacity,seg-basic|patch+2|det0|iso0|bak-connected|idm0,segmentation=basic; patch+2 levels; backups=connected,7.0,2,5.3,0.0,10.6,5.3,9.54,0.0,0.04256548536209553,0.0,1,0,1,2,0,0,0,0
intermediate_capacity,seg-basic|patch+2|det0|iso0|bak-connected|idm1,segmentation=basic; patch+2 levels; backups=connected; identity controls,11.0,2,4.7,0.0,9.4,4.7,8.46,0.0,0.11821705426356588,0.0,1,0,1,2,0,0,0,1
intermediate_capacity,seg-basic|patch+2|det0|iso0|bak-isolated|idm0,segmentation=basic; patch+2 levels; backups=isolated,9.0,2,0.9,0.0,1.8,0.9,1.62,0.0,0.06152482269503546,0.0,1,0,1,2,0,0,1,0
intermediate_capacity,seg-basic|patch+2|det0|iso0|bak-isolated|idm1,segmentation=basic; patch+2 levels; backups=isolated; identity controls,13.0,2,88.01249999999999,2.5,173.52499999999998,88.01249999999999,156.42249999999999,1.0,0.3018832391713747,0.0,1,0,1,2,0,0,1,1
intermediate_capacity,seg-basic|patch+2|det0|iso1|bak-connected|idm0,segmentation=basic; patch+2 levels; rapid isolation; backups=connected,12.0,2,0.0,0.0,0.0,0.0,0.0,0.0,0.0573386224305806,0.0,1,0,1,2,0,1,0,0
intermediate_capacity,seg-basic|patch+2|det0|iso1|bak-connected|idm1,segmentation=basic; patch+2 levels; rapid isolation; backups=connected; identity controls,16.0,2,6.0,1.2,10.8,6.0,9.84,0.0,0.07690730106644791,0.0,1,0,1,2,0,1,0,1
intermediate_capacity,seg-basic|patch+2|det0|iso1|bak-isolated|idm0,segmentation=basic; patch+2 levels; rapid isolation; backups=isolated,14.0,2,50.212500000000006,10.575,89.85000000000001,50.212500000000006,81.92250000000001,1.0,0.1361111111111111,0.0,1,0,1,2,0,1,1,0
intermediate_capacity,seg-basic|patch+2|det0|iso1|bak-isolated|idm1,segmentation=basic; patch+2 levels; rapid isolation; backups=isolated; identity controls,18.0,2,0.0,0.0,0.0,0.0,0.0,0.0,0.02291666666666667,0.0,1,0,1,2,0,1,1,1
intermediate_capacity,seg-basic|patch+2|det1|iso0|bak-connected|idm0,segmentation=basic; patch+2 levels; faster detection; backups=connected,10.0,2,8.0,0.0,16.0,8.0,14.4,0.5,0.08040573973280554,0.0,1,0,1,2,1,0,0,0
intermediate_capacity,seg-basic|patch+2|det1|iso0|bak-connected|idm1,segmentation=basic; patch+2 levels; faster detection; backups=connected; identity controls,14.0,2,0.7,0.0,1.4,0.7,1.26,0.0,0.051573426573426576,0.0,1,0,1,2,1,0,0,1
intermediate_capacity,seg-basic|patch+2|det1|iso0|bak-isolated|idm0,segmentation=basic; patch+2 levels; faster detection; backups=isolated,12.0,2,0.9,0.0,1.8,0.9,1.62,0.0,0.04682675814751286,0.0,1,0,1,2,1,0,1,0
intermediate_capacity,seg-basic|patch+2|det1|iso0|bak-isolated|idm1,segmentation=basic; patch+2 levels; faster detection; backups=isolated; identity controls,16.0,2,0.9,0.0,1.8,0.9,1.62,0.0,0.032342657342657344,0.0,1,0,1,2,1,0,1,1
intermediate_capacity,seg-basic|patch+2|det1|iso1|bak-connected|idm0,segmentation=basic; patch+2 levels; faster detection; rapid isolation; backups=connected,15.0,2,14.100000000000001,0.0,28.200000000000003,14.100000000000001,25.380000000000003,0.5,0.06991869918699187,0.0,1,0,1,2,1,1,0,0
intermediate_capacity,seg-basic|patch+2|det1|iso1|bak-connected|idm1,segmentation=basic; patch+2 levels; faster detection; rapid isolation; backups=connected; identity controls,19.0,2,0.0,0.0,0.0,0.0,0.0,0.0,0.02261178861788618,0.0,1,0,1,2,1,1,0,1
intermediate_capacity,seg-basic|patch+2|det1|iso1|bak-isolated|idm0,segmentation=basic; patch+2 levels; faster detection; rapid isolation; backups=isolated,17.0,2,0.25,0.0,0.5,0.25,0.45,0.0,0.06311975591151792,0.0,1,0,1,2,1,1,1,0
intermediate_capacity,seg-basic|patch+2|det1|iso1|bak-isolated|idm1,segmentation=basic; patch+2 levels; faster detection; rapid isolation; backups=isolated; identity controls,21.0,2,0.0,0.0,0.0,0.0,0.0,0.0,0.038517975055025674,0.0,1,0,1,2,1,1,1,1
intermediate_capacity,seg-flat|patch+0|det0|iso0|bak-connected|idm0,segmentation=flat; backups=connected,0.0,2,202.05,184.99999999999997,219.10000000000002,202.05,215.69000000000003,1.0,0.9192210602235846,1.0,0,0,0,0,0,0,0,0
intermediate_capacity,seg-flat|patch+0|det0|iso0|bak-connected|idm1,segmentation=flat; backups=connected; identity controls,4.0,2,71.75,0.0,143.5,71.75,129.15,0.5,0.4681372549019608,0.5,0,0,0,0,0,0,0,1
intermediate_capacity,seg-flat|patch+0|det0|iso0|bak-isolated|idm0,segmentation=flat; backups=isolated,2.0,2,132.4875,96.625,168.35,132.4875,161.1775,1.0,0.860774818401937,0.0,0,0,0,0,0,0,1,0
intermediate_capacity,seg-flat|patch+0|det0|iso0|bak-isolated|idm1,segmentation=flat; backups=isolated; identity controls,6.0,2,93.0625,88.325,97.80000000000001,93.0625,96.8525,1.0,0.8922077922077922,0.0,0,0,0,0,0,0,1,1
intermediate_capacity,seg-flat|patch+0|det0|iso1|bak-connected|idm0,segmentation=flat; rapid isolation; backups=connected,5.0,2,92.36250000000001,0.0,184.72500000000002,92.36250000000001,166.25250000000003,0.5,0.4828042328042328,0.5,0,0,0,0,0,1,0,0
intermediate_capacity,seg-flat|patch+0|det0|iso1|bak-connected|idm1,segmentation=flat; rapid isolation; backups=connected; identity controls,9.0,2,181.575,145.12499999999997,218.025,181.575,210.735,1.0,0.799667036625971,1.0,0,0,0,0,0,1,0,1
intermediate_capacity,seg-flat|patch+0|det0|iso1|bak-isolated|idm0,segmentation=flat; rapid isolation; backups=isolated,7.0,2,116.23749999999998,96.175,136.29999999999998,116.23749999999998,132.2875,1.0,0.8601190476190477,0.0,0,0,0,0,0,1,1,0
intermediate_capacity,seg-flat|patch+0|det0|iso1|bak-isolated|idm1,segmentation=flat; rapid isolation; backups=isolated; identity controls,11.0,2,60.45,2.5,118.4,60.45,106.81,1.0,0.48823936354202696,0.0,0,0,0,0,0,1,1,1
intermediate_capacity,seg-flat|patch+0|det1|iso0|bak-connected|idm0,segmentation=flat; faster detection; backups=connected,3.0,2,0.0,0.0,0.0,0.0,0.0,0.0,0.021120689655172414,0.0,0,0,0,0,1,0,0,0
intermediate_capacity,seg-flat|patch+0|det1|iso0|bak-connected|idm1,segmentation=flat; faster detection; backups=connected; identity controls,7.0,2,87.38750000000002,78.67500000000001,96.10000000000001,87.38750000000002,94.35750000000002,1.0,0.5892857142857143,1.0,0,0,0,0,1,0,0,1
intermediate_capacity,seg-flat|patch+0|det1|iso0|bak-isolated|idm0,segmentation=flat; faster detection; backups=isolated,5.0,2,48.875,41.325,56.425000000000004,48.875,54.915000000000006,1.0,0.6600580270793037,0.0,0,0,0,0,1,0,1,0
intermediate_capacity,seg-flat|patch+0|det1|iso0|bak-isolated|idm1,segmentation=flat; faster detection; backups=isolated; identity controls,9.0,2,17.700000000000003,2.0,33.400000000000006,17.700000000000003,30.260000000000005,0.5,0.34814814814814815,0.0,0,0,0,0,1,0,1,1
intermediate_capacity,seg-flat|patch+0|det1|iso1|bak-connected|idm0,segmentation=flat; faster detection; rapid isolation; backups=connected,8.0,2,79.8125,30.225,129.4,79.8125,119.4825,1.0,0.4642857142857143,0.5,0,0,0,0,1,1,0,0
intermediate_capacity,seg-flat|patch+0|det1|iso1|bak-connected|idm1,segmentation=flat; faster detection; rapid isolation; backups=connected; identity controls,12.0,2,0.0,0.0,0.0,0.0,0.0,0.0,0.028771929824561403,0.0,0,0,0,0,1,1,0,1
intermediate_capacity,seg-flat|patch+0|det1|iso1|bak-isolated|idm0,segmentation=flat; faster detection; rapid isolation; backups=isolated,10.0,2,26.424999999999997,0.0,52.849999999999994,26.424999999999997,47.565,0.5,0.35524425287356326,0.0,0,0,0,0,1,1,1,0
intermediate_capacity,seg-flat|patch+0|det1|iso1|bak-isolated|idm1,segmentation=flat; faster detection; rapid isolation; backups=isolated; identity controls,14.0,2,53.375,49.94999999999999,56.800000000000004,53.375,56.115,1.0,0.4623745819397993,0.0,0,0,0,0,1,1,1,1
intermediate_capacity,seg-flat|patch+1|det0|iso0|bak-connected|idm0,segmentation=flat; patch+1 levels; backups=connected,2.0,2,92.8375,28.575000000000003,157.1,92.8375,144.2475,1.0,0.6041666666666666,1.0,0,0,1,1,0,0,0,0
intermediate_capacity,seg-flat|patch+1|det0|iso0|bak-connected|idm1,segmentation=flat; patch+1 levels; backups=connected; identity controls,6.0,2,126.42500000000001,100.925,151.925,126.42500000000001,146.82500000000002,1.0,0.5963276836158191,1.0,0,0,1,1,0,0,0,1
intermediate_capacity,seg-flat|patch+1|det0|iso0|bak-isolated|idm0,segmentation=flat; patch+1 levels; backups=isolated,4.0,2,0.0,0.0,0.0,0.0,0.0,0.0,0.022108843537414963,0.0,0,0,1,1,0,0,1,0
intermediate_capacity,seg-flat|patch+1|det0|iso0|bak-isolated|idm1,segmentation=flat; patch+1 levels; backups=isolated; identity controls,8.0,2,51.7375,0.0,103.475,51.7375,93.1275,0.5,0.3575174825174825,0.0,0,0,1,1,0,0,1,1
intermediate_capacity,seg-flat|patch+1|det0|iso1|bak-connected|idm0,segmentation=flat; patch+1 levels; rapid isolation; backups=connected,7.0,2,166.95,132.175,201.725,166.95,194.77,1.0,0.7416666666666667,1.0,0,0,1,1,0,1,0,0
intermediate_capacity,seg-flat|patch+1|det0|iso1|bak-connected|idm1,segmentation=flat; patch+1 levels; rapid isolation; backups=connected; identity controls,11.0,2,126.85000000000002,33.800000000000004,219.90000000000003,126.85000000000002,201.29000000000002,1.0,0.642789598108747,0.5,0,0,1,1,0,1,0,1
intermediate_capacity,seg-flat|patch+1|det0|iso1|bak-isolated|idm0,segmentation=flat; patch+1 levels; rapid isolation; backups=isolated,9.0,2,69.95,1.8,138.1,69.95,124.47,0.5,0.47430830039525695,0.0,0,0,1,1,0,1,1,0
intermediate_capacity,seg-flat|patch+1|det0|iso1|bak-isolated|idm1,segmentation=flat; patch+1 levels; rapid isolation; backups=isolated; identity controls,13.0,2,104.36250000000001,96.75000000000001,111.97500000000001,104.36250000000001,110.45250000000001,1.0,0.8156739811912226,0.0,0,0,1,1,0,1,1,1
intermediate_capacity,seg-flat|patch+1|det1|iso0|bak-connected|idm0,segmentation=flat; patch+1 levels; faster detection; backups=connected,5.0,2,0.0,0.0,0.0,0.0,0.0,0.0,0.017857142857142856,0.0,0,0,1,1,1,0,0,0
intermediate_capacity,seg-flat|patch+1|det1|iso0|bak-connected|idm1,segmentation=flat; patch+1 levels; faster detection; backups=connected; identity controls,9.0,2,39.400000000000006,9.4,69.4,39.400000000000006,63.400000000000006,0.5,0.347025016903313,0.0,0,0,1,1,1,0,0,1
intermediate_capacity,seg-flat|patch+1|det1|iso0|bak-isolated|idm0,segmentation=flat; patch+1 levels; faster detection; backups=isolated,7.0,2,33.974999999999994,2.5999999999999996,65.35,33.974999999999994,59.074999999999996,0.5,0.35651629072681706,0.0,0,0,1,1,1,0,1,0
intermediate_capacity,seg-flat|patch+1|det1|iso0|bak-isolated|idm1,segmentation=flat; patch+1 levels; faster detection; backups=isolated; identity controls,11.0,2,8.425,4.8,12.05,8.425,11.325000000000001,1.0,0.2422699849170437,0.0,0,0,1,1,1,0,1,1
intermediate_capacity,seg-flat|patch+1|det1|iso1|bak-connected|idm0,segmentation=flat; patch+1 levels; faster detection; rapid isolation; backups=connected,10.0,2,47.95,0.0,95.9,47.95,86.31,0.5,0.25596679349705986,0.5,0,0,1,1,1,1,0,0
intermediate_capacity,seg-flat|patch+1|det1|iso1|bak-connected|idm1,segmentation=flat; patch+1 levels; faster detection; rapid isolation; backups=connected; identity controls,14.0,2,88.3625,42.19999999999999,134.525,88.3625,125.2925,1.0,0.48457910014513783,1.0,0,0,1,1,1,1,0,1
intermediate_capacity,seg-flat|patch+1|det1|iso1|bak-isolated|idm0,segmentation=flat; patch+1 levels; faster detection; rapid isolation; backups=isolated,12.0,2,0.0,0.0,0.0,0.0,0.0,0.0,0.0551061678463094,0.0,0,0,1,1,1,1,1,0
intermediate_capacity,seg-flat|patch+1|det1|iso1|bak-isolated|idm1,segmentation=flat; patch+1 levels; faster detection; rapid isolation; backups=isolated; identity controls,16.0,2,0.0,0.0,0.0,0.0,0.0,0.0,0.02159090909090909,0.0,0,0,1,1,1,1,1,1
intermediate_capacity,seg-flat|patch+2|det0|iso0|bak-connected|idm0,segmentation=flat; patch+2 levels; backups=connected,4.0,2,101.18750000000001,0.0,202.37500000000003,101.18750000000001,182.13750000000005,0.5,0.4479166666666667,0.5,0,0,1,2,0,0,0,0
intermediate_capacity,seg-flat|patch+2|det0|iso0|bak-connected|idm1,segmentation=flat; patch+2 levels; backups=connected; identity controls,8.0,2,8.75,7.199999999999999,10.3,8.75,9.99,0.5,0.14939024390243902,0.5,0,0,1,2,0,0,0,1
intermediate_capacity,seg-flat|patch+2|det0|iso0|bak-isolated|idm0,segmentation=flat; patch+2 levels; backups=isolated,6.0,2,50.11250000000001,0.0,100.22500000000002,50.11250000000001,90.20250000000001,0.5,0.24455337690631807,0.0,0,0,1,2,0,0,1,0
intermediate_capacity,seg-flat|patch+2|det0|iso0|bak-isolated|idm1,segmentation=flat; patch+2 levels; backups=isolated; identity controls,10.0,2,98.025,0.0,196.05,98.025,176.44500000000002,0.5,0.3152947154471545,0.0,0,0,1,2,0,0,1,1
intermediate_capacity,seg-flat|patch+2|det0|iso1|bak-connected|idm0,segmentation=flat; patch+2 levels; rapid isolation; backups=connected,9.0,2,157.27499999999998,97.55000000000001,216.99999999999997,157.27499999999998,205.05499999999998,1.0,0.5843034925732637,1.0,0,0,1,2,0,1,0,0
intermediate_capacity,seg-flat|patch+2|det0|iso1|bak-connected|idm1,segmentation=flat; patch+2 levels; rapid isolation; backups=connected; identity controls,13.0,2,7.612500000000001,0.0,15.225000000000001,7.612500000000001,13.702500000000002,0.5,0.08563829787234042,0.0,0,0,1,2,0,1,0,1
intermediate_capacity,seg-flat|patch+2|det0|iso1|bak-isolated|idm0,segmentation=flat; patch+2 levels; rapid isolation; backups=isolated,11.0,2,6.8999999999999995,2.75,11.049999999999999,6.8999999999999995,10.219999999999999,1.0,0.16361788617886178,0.0,0,0,1,2,0,1,1,0
intermediate_capacity,seg-flat|patch+2|det0|iso1|bak-isolated|idm1,segmentation=flat; patch+2 levels; rapid isolation; backups=isolated; identity controls,15.0,2,56.87500000000001,0.0,113.75000000000001,56.87500000000001,102.37500000000001,0.5,0.3818247126436781,0.0,0,0,1,2,0,1,1,1
intermediate_capacity,seg-flat|patch+2|det1|iso0|bak-connected|idm0,segmentation=flat; patch+2 levels; faster detection; backups=connected,7.0,2,65.525,46.550000000000004,84.5,65.525,80.705,1.0,0.3664021164021164,0.5,0,0,1,2,1,0,0,0
intermediate_capacity,seg-flat|patch+2|det1|iso0|bak-connected|idm1,segmentation=flat; patch+2 levels; faster detection; backups=connected; identity controls,11.0,2,50.53750000000001,0.0,101.07500000000002,50.53750000000001,90.96750000000002,0.5,0.24459691252144083,0.5,0,0,1,2,1,0,0,1
intermediate_capacity,seg-flat|patch+2|det1|iso0|bak-isolated|idm0,segmentation=flat; patch+2 levels; faster detection; backups=isolated,9.0,2,27.525000000000002,0.0,55.050000000000004,27.525000000000002,49.545,0.5,0.22219512195121952,0.0,0,0,1,2,1,0,1,0
intermediate_capacity,seg-flat|patch+2|det1|iso0|bak-isolated|idm1,segmentation=flat; patch+2 levels; faster detection; backups=isolated; identity controls,13.0,2,0.0,0.0,0.0,0.0,0.0,0.0,0.06684782608695652,0.0,0,0,1,2,1,0,1,1
intermediate_capacity,seg-flat|patch+2|det1|iso1|bak-connected|idm0,segmentation=flat; patch+2 levels; faster detection; rapid isolation; backups=connected,12.0,2,111.67500000000001,91.5,131.85000000000002,111.67500000000001,127.81500000000003,1.0,0.47699757869249393,1.0,0,0,1,2,1,1,0,0
intermediate_capacity,seg-flat|patch+2|det1|iso1|bak-connected|idm1,segmentation=flat; patch+2 levels; faster detection; rapid isolation; backups=connected; identity controls,16.0,2,0.0,0.0,0.0,0.0,0.0,0.0,0.023558758314855877,0.0,0,0,1,2,1,1,0,1
intermediate_capacity,seg-flat|patch+2|det1|iso1|bak-isolated|idm0,segmentation=flat; patch+2 levels; faster detection; rapid isolation; backups=isolated,14.0,2,4.7,0.0,9.4,4.7,8.46,0.0,0.027159244264507422,0.0,0,0,1,2,1,1,1,0
intermediate_capacity,seg-flat|patch+2|det1|iso1|bak-isolated|idm1,segmentation=flat; patch+2 levels; faster detection; rapid isolation; backups=isolated; identity controls,18.0,2,0.0,0.0,0.0,0.0,0.0,0.0,0.046583850931677016,0.0,0,0,1,2,1,1,1,1
intermediate_capacity,seg-least_privilege|patch+0|det0|iso0|bak-connected|idm0,segmentation=least_privilege; backups=connected,5.0,2,84.8625,21.5,148.225,84.8625,135.5525,1.0,0.2809065934065934,0.5,0,1,0,0,0,0,0,0
intermediate_capacity,seg-least_privilege|patch+0|det0|iso0|bak-connected|idm1,segmentation=least_privilege; backups=connected; identity controls,9.0,2,13.662499999999998,0.0,27.324999999999996,13.662499999999998,24.592499999999998,0.5,0.12962962962962962,0.0,0,1,0,0,0,0,0,1
intermediate_capacity,seg-least_privilege|patch+0|det0|iso0|bak-isolated|idm0,segmentation=least_privilege; backups=isolated,7.0,2,9.700000000000001,0.0,19.400000000000002,9.700000000000001,17.46,0.5,0.06219211822660098,0.0,0,1,0,0,0,0,1,0
intermediate_capacity,seg-least_privilege|patch+0|det0|iso0|bak-isolated|idm1,segmentation=least_privilege; backups=isolated; identity controls,11.0,2,0.7,0.0,1.4,0.7,1.26,0.0,0.027777777777777776,0.0,0,1,0,0,0,0,1,1
intermediate_capacity,seg-least_privilege|patch+0|det0|iso1|bak-connected|idm0,segmentation=least_privilege; rapid isolation; backups=connected,10.0,2,0.0,0.0,0.0,0.0,0.0,0.0,0.01941022769690183,0.0,0,1,0,0,0,1,0,0
intermediate_capacity,seg-least_privilege|patch+0|det0|iso1|bak-connected|idm1,segmentation=least_privilege; rapid isolation; backups=connected; identity controls,14.0,2,13.825000000000001,3.6,24.05,13.825000000000001,22.005000000000003,0.5,0.24526420737786642,0.0,0,1,0,0,0,1,0,1
intermediate_capacity,seg-least_privilege|patch+0|det0|iso1|bak-isolated|idm0,segmentation=least_privilege; rapid isolation; backups=isolated,12.0,2,27.212500000000002,1.8,52.62500000000001,27.212500000000002,47.542500000000004,0.5,0.22044573643410853,0.0,0,1,0,0,0,1,1,0
intermediate_capacity,seg-least_privilege|patch+0|det0|iso1|bak-isolated|idm1,segmentation=least_privilege; rapid isolation; backups=isolated; identity controls,16.0,2,3.85,1.2,6.5,3.85,5.97,0.5,0.08338948787061995,0.0,0,1,0,0,0,1,1,1
intermediate_capacity,seg-least_privilege|patch+0|det1|iso0|bak-connected|idm0,segmentation=least_privilege; faster detection; backups=connected,8.0,2,1.925,1.6,2.25,1.925,2.185,0.5,0.10221983530254206,0.0,0,1,0,0,1,0,0,0
intermediate_capacity,seg-least_privilege|patch+0|det1|iso0|bak-connected|idm1,segmentation=least_privilege; faster detection; backups=connected; identity controls,12.0,2,0.0,0.0,0.0,0.0,0.0,0.0,0.03040816326530612,0.0,0,1,0,0,1,0,0,1
intermediate_capacity,seg-least_privilege|patch+0|det1|iso0|bak-isolated|idm0,segmentation=least_privilege; faster detection; backups=isolated,10.0,2,5.875,0.0,11.75,5.875,10.575,0.5,0.08097826086956522,0.0,0,1,0,0,1,0,1,0
intermediate_capacity,seg-least_privilege|patch+0|det1|iso0|bak-isolated|idm1,segmentation=least_privilege; faster detection; backups=isolated; identity controls,14.0,2,0.0,0.0,0.0,0.0,0.0,0.0,0.022474747474747474,0.0,0,1,0,0,1,0,1,1
intermediate_capacity,seg-least_privilege|patch+0|det1|iso1|bak-connected|idm0,segmentation=least_privilege; faster detection; rapid isolation; backups=connected,13.0,2,0.0,0.0,0.0,0.0,0.0,0.0,0.06861471861471861,0.0,0,1,0,0,1,1,0,0
intermediate_capacity,seg-least_privilege|patch+0|det1|iso1|bak-connected|idm1,segmentation=least_privilege; faster detection; rapid isolation; backups=connected; identity controls,17.0,2,0.0,0.0,0.0,0.0,0.0,0.0,0.026634768740031897,0.0,0,1,0,0,1,1,0,1
intermediate_capacity,seg-least_privilege|patch+0|det1|iso1|bak-isolated|idm0,segmentation=least_privilege; faster detection; rapid isolation; backups=isolated,15.0,2,0.0,0.0,0.0,0.0,0.0,0.0,0.036044973544973546,0.0,0,1,0,0,1,1,1,0
intermediate_capacity,seg-least_privilege|patch+0|det1|iso1|bak-isolated|idm1,segmentation=least_privilege; faster detection; rapid isolation; backups=isolated; identity controls,19.0,2,0.4,0.0,0.8,0.4,0.7200000000000001,0.0,0.042499999999999996,0.0,0,1,0,0,1,1,1,1
intermediate_capacity,seg-least_privilege|patch+1|det0|iso0|bak-connected|idm0,segmentation=least_privilege; patch+1 levels; backups=connected,7.0,2,0.4,0.0,0.8,0.4,0.7200000000000001,0.0,0.06371124031007752,0.0,0,1,1,1,0,0,0,0
intermediate_capacity,seg-least_privilege|patch+1|det0|iso0|bak-connected|idm1,segmentation=least_privilege; patch+1 levels; backups=connected; identity controls,11.0,2,6.2,1.8,10.6,6.2,9.72,0.0,0.034239130434782605,0.0,0,1,1,1,0,0,0,1
intermediate_capacity,seg-least_privilege|patch+1|det0|iso0|bak-isolated|idm0,segmentation=least_privilege; patch+1 levels; backups=isolated,9.0,2,50.66249999999999,4.6,96.72499999999998,50.66249999999999,87.51249999999999,0.5,0.25609756097560976,0.0,0,1,1,1,0,0,1,0
intermediate_capacity,seg-least_privilege|patch+1|det0|iso0|bak-isolated|idm1,segmentation=least_privilege; patch+1 levels; backups=isolated; identity controls,13.0,2,6.449999999999999,1.2,11.7,6.449999999999999,10.649999999999999,0.5,0.12773497688751925,0.0,0,1,1,1,0,0,1,1
intermediate_capacity,seg-least_privilege|patch+1|det0|iso1|bak-connected|idm0,segmentation=least_privilege; patch+1 levels; rapid isolation; backups=connected,12.0,2,1.2,0.0,2.4,1.2,2.16,0.0,0.02729044834307992,0.0,0,1,1,1,0,1,0,0
intermediate_capacity,seg-least_privilege|patch+1|det0|iso1|bak-connected|idm1,segmentation=least_privilege; patch+1 levels; rapid isolation; backups=connected; identity controls,16.0,2,0.0,0.0,0.0,0.0,0.0,0.0,0.039972899728997285,0.0,0,1,1,1,0,1,0,1
intermediate_capacity,seg-least_privilege|patch+1|det0|iso1|bak-isolated|idm0,segmentation=least_privilege; patch+1 levels; rapid isolation; backups=isolated,14.0,2,0.0,0.0,0.0,0.0,0.0,0.0,0.045009416195856876,0.0,0,1,1,1,0,1,1,0
intermediate_capacity,seg-least_privilege|patch+1|det0|iso1|bak-isolated|idm1,segmentation=least_privilege; patch+1 levels; rapid isolation; backups=isolated; identity controls,18.0,2,0.6,0.0,1.2,0.6,1.08,0.0,0.03173076923076923,0.0,0,1,1,1,0,1,1,1
intermediate_capacity,seg-least_privilege|patch+1|det1|iso0|bak-connected|idm0,segmentation=least_privilege; patch+1 levels; faster detection; backups=connected,10.0,2,0.6,0.0,1.2,0.6,1.08,0.0,0.07537878787878788,0.0,0,1,1,1,1,0,0,0
intermediate_capacity,seg-least_privilege|patch+1|det1|iso0|bak-connected|idm1,segmentation=least_privilege; patch+1 levels; faster detection; backups=connected; identity controls,14.0,2,10.75,0.0,21.5,10.75,19.35,0.5,0.03023156089193825,0.0,0,1,1,1,1,0,0,1
intermediate_capacity,seg-least_privilege|patch+1|det1|iso0|bak-isolated|idm0,segmentation=least_privilege; patch+1 levels; faster detection; backups=isolated,12.0,2,0.0,0.0,0.0,0.0,0.0,0.0,0.05964912280701754,0.0,0,1,1,1,1,0,1,0
intermediate_capacity,seg-least_privilege|patch+1|det1|iso0|bak-isolated|idm1,segmentation=least_privilege; patch+1 levels; faster detection; backups=isolated; identity controls,16.0,2,0.0,0.0,0.0,0.0,0.0,0.0,0.020833333333333336,0.0,0,1,1,1,1,0,1,1
intermediate_capacity,seg-least_privilege|patch+1|det1|iso1|bak-connected|idm0,segmentation=least_privilege; patch+1 levels; faster detection; rapid isolation; backups=connected,15.0,2,0.0,0.0,0.0,0.0,0.0,0.0,0.0329004329004329,0.0,0,1,1,1,1,1,0,0
intermediate_capacity,seg-least_privilege|patch+1|det1|iso1|bak-connected|idm1,segmentation=least_privilege; patch+1 levels; faster detection; rapid isolation; backups=connected; identity controls,19.0,2,5.1000000000000005,0.0,10.200000000000001,5.1000000000000005,9.180000000000001,0.0,0.0483695652173913,0.0,0,1,1,1,1,1,0,1
intermediate_capacity,seg-least_privilege|patch+1|det1|iso1|bak-isolated|idm0,segmentation=least_privilege; patch+1 levels; faster detection; rapid isolation; backups=isolated,17.0,2,2.5,0.0,5.0,2.5,4.5,0.5,0.061887254901960786,0.0,0,1,1,1,1,1,1,0
intermediate_capacity,seg-least_privilege|patch+1|det1|iso1|bak-isolated|idm1,segmentation=least_privilege; patch+1 levels; faster detection; rapid isolation; backups=isolated; identity controls,21.0,2,0.0,0.0,0.0,0.0,0.0,0.0,0.017733835530445698,0.0,0,1,1,1,1,1,1,1
intermediate_capacity,seg-least_privilege|patch+2|det0|iso0|bak-connected|idm0,segmentation=least_privilege; patch+2 levels; backups=connected,9.0,2,0.0,0.0,0.0,0.0,0.0,0.0,0.039615384615384615,0.0,0,1,1,2,0,0,0,0
intermediate_capacity,seg-least_privilege|patch+2|det0|iso0|bak-connected|idm1,segmentation=least_privilege; patch+2 levels; backups=connected; identity controls,13.0,2,0.6,0.0,1.2,0.6,1.08,0.0,0.03851091142490372,0.0,0,1,1,2,0,0,0,1
intermediate_capacity,seg-least_privilege|patch+2|det0|iso0|bak-isolated|idm0,segmentation=least_privilege; patch+2 levels; backups=isolated,11.0,2,1.0,0.0,2.0,1.0,1.8,0.0,0.10815047021943575,0.0,0,1,1,2,0,0,1,0
intermediate_capacity,seg-least_privilege|patch+2|det0|iso0|bak-isolated|idm1,segmentation=least_privilege; patch+2 levels; backups=isolated; identity controls,15.0,2,0.0,0.0,0.0,0.0,0.0,0.0,0.04423076923076923,0.0,0,1,1,2,0,0,1,1
intermediate_capacity,seg-least_privilege|patch+2|det0|iso1|bak-connected|idm0,segmentation=least_privilege; patch+2 levels; rapid isolation; backups=connected,14.0,2,1.0,0.0,2.0,1.0,1.8,0.0,0.022266204849084613,0.0,0,1,1,2,0,1,0,0
intermediate_capacity,seg-least_privilege|patch+2|det0|iso1|bak-connected|idm1,segmentation=least_privilege; patch+2 levels; rapid isolation; backups=connected; identity controls,18.0,2,0.0,0.0,0.0,0.0,0.0,0.0,0.03639846743295019,0.0,0,1,1,2,0,1,0,1
intermediate_capacity,seg-least_privilege|patch+2|det0|iso1|bak-isolated|idm0,segmentation=least_privilege; patch+2 levels; rapid isolation; backups=isolated,16.0,2,1.3,0.8,1.8,1.3,1.7000000000000002,0.0,0.029292929292929294,0.0,0,1,1,2,0,1,1,0
intermediate_capacity,seg-least_privilege|patch+2|det0|iso1|bak-isolated|idm1,segmentation=least_privilege; patch+2 levels; rapid isolation; backups=isolated; identity controls,20.0,2,4.475,0.0,8.95,4.475,8.055,0.5,0.058333333333333334,0.0,0,1,1,2,0,1,1,1
intermediate_capacity,seg-least_privilege|patch+2|det1|iso0|bak-connected|idm0,segmentation=least_privilege; patch+2 levels; faster detection; backups=connected,12.0,2,6.200000000000001,0.0,12.400000000000002,6.200000000000001,11.160000000000002,0.0,0.03148067737733391,0.0,0,1,1,2,1,0,0,0
intermediate_capacity,seg-least_privilege|patch+2|det1|iso0|bak-connected|idm1,segmentation=least_privilege; patch+2 levels; faster detection; backups=connected; identity controls,16.0,2,0.0,0.0,0.0,0.0,0.0,0.0,0.03258145363408521,0.0,0,1,1,2,1,0,0,1
intermediate_capacity,seg-least_privilege|patch+2|det1|iso0|bak-isolated|idm0,segmentation=least_privilege; patch+2 levels; faster detection; backups=isolated,14.0,2,4.7,0.0,9.4,4.7,8.46,0.0,0.04267744833782569,0.0,0,1,1,2,1,0,1,0
intermediate_capacity,seg-least_privilege|patch+2|det1|iso0|bak-isolated|idm1,segmentation=least_privilege; patch+2 levels; faster detection; backups=isolated; identity controls,18.0,2,0.9,0.0,1.8,0.9,1.62,0.0,0.04981992797118848,0.0,0,1,1,2,1,0,1,1
intermediate_capacity,seg-least_privilege|patch+2|det1|iso1|bak-connected|idm0,segmentation=least_privilege; patch+2 levels; faster detection; rapid isolation; backups=connected,17.0,2,0.0,0.0,0.0,0.0,0.0,0.0,0.01838731443994602,0.0,0,1,1,2,1,1,0,0
intermediate_capacity,seg-least_privilege|patch+2|det1|iso1|bak-connected|idm1,segmentation=least_privilege; patch+2 levels; faster detection; rapid isolation; backups=connected; identity controls,21.0,2,5.7,2.0,9.4,5.7,8.66,0.0,0.020442219440967878,0.0,0,1,1,2,1,1,0,1
intermediate_capacity,seg-least_privilege|patch+2|det1|iso1|bak-isolated|idm0,segmentation=least_privilege; patch+2 levels; faster detection; rapid isolation; backups=isolated,19.0,2,1.0,0.0,2.0,1.0,1.8,0.0,0.04298245614035087,0.0,0,1,1,2,1,1,1,0
intermediate_capacity,seg-least_privilege|patch+2|det1|iso1|bak-isolated|idm1,segmentation=least_privilege; patch+2 levels; faster detection; rapid isolation; backups=isolated; identity controls,23.0,2,0.7,0.0,1.4,0.7,1.26,0.0,0.04449760765550239,0.0,0,1,1,2,1,1,1,1
resource_constrained,seg-basic|patch+0|det0|iso0|bak-connected|idm0,segmentation=basic; backups=connected,3.0,2,238.6,235.75,241.45,238.6,240.88,1.0,1.0,1.0,1,0,0,0,0,0,0,0
resource_constrained,seg-basic|patch+0|det0|iso0|bak-connected|idm1,segmentation=basic; backups=connected; identity controls,7.0,2,233.775,222.9,244.65,233.775,242.475,1.0,0.9108585858585858,1.0,1,0,0,0,0,0,0,1
resource_constrained,seg-basic|patch+0|det0|iso0|bak-isolated|idm0,segmentation=basic; backups=isolated,5.0,2,168.9375,157.125,180.75,168.9375,178.3875,1.0,0.8964285714285715,0.0,1,0,0,0,0,0,1,0
resource_constrained,seg-basic|patch+0|det0|iso0|bak-isolated|idm1,segmentation=basic; backups=isolated; identity controls,9.0,2,157.0625,144.825,169.3,157.0625,166.85250000000002,1.0,0.8483333333333334,0.0,1,0,0,0,0,0,1,1
resource_constrained,seg-basic|patch+0|det0|iso1|bak-connected|idm0,segmentation=basic; rapid isolation; backups=connected,8.0,2,242.75,236.5,249.0,242.75,247.75,1.0,0.9184826472962067,1.0,1,0,0,0,0,1,0,0
resource_constrained,seg-basic|patch+0|det0|iso1|bak-connected|idm1,segmentation=basic; rapid isolation; backups=connected; identity controls,12.0,2,237.87500000000003,234.02500000000003,241.72500000000002,237.87500000000003,240.955,1.0,0.9824561403508771,1.0,1,0,0,0,0,1,0,1
resource_constrained,seg-basic|patch+0|det0|iso1|bak-isolated|idm0,segmentation=basic; rapid isolation; backups=isolated,10.0,2,93.975,20.0,167.95,93.975,153.155,0.5,0.495409604519774,0.0,1,0,0,0,0,1,1,0
resource_constrained,seg-basic|patch+0|det0|iso1|bak-isolated|idm1,segmentation=basic; rapid isolation; backups=isolated; identity controls,14.0,2,191.625,186.09999999999997,197.15000000000003,191.625,196.04500000000002,1.0,0.9214340198321891,0.0,1,0,0,0,0,1,1,1
resource_constrained,seg-basic|patch+0|det1|iso0|bak-connected|idm0,segmentation=basic; faster detection; backups=connected,6.0,2,143.175,120.775,165.57500000000002,143.175,161.09500000000003,1.0,0.8666038920276209,1.0,1,0,0,0,1,0,0,0
resource_constrained,seg-basic|patch+0|det1|iso0|bak-connected|idm1,segmentation=basic; faster detection; backups=connected; identity controls,10.0,2,165.7375,163.7,167.775,165.7375,167.3675,1.0,0.9071920757967269,1.0,1,0,0,0,1,0,0,1
resource_constrained,seg-basic|patch+0|det1|iso0|bak-isolated|idm0,segmentation=basic; faster detection; backups=isolated,8.0,2,56.8875,1.575,112.2,56.8875,101.1375,1.0,0.4931557528671846,0.0,1,0,0,0,1,0,1,0
resource_constrained,seg-basic|patch+0|det1|iso0|bak-isolated|idm1,segmentation=basic; faster detection; backups=isolated; identity controls,12.0,2,57.675000000000004,10.300000000000002,105.05000000000001,57.675000000000004,95.57500000000002,1.0,0.38227513227513227,0.0,1,0,0,0,1,0,1,1
resource_constrained,seg-basic|patch+0|det1|iso1|bak-connected|idm0,segmentation=basic; faster detection; rapid isolation; backups=connected,11.0,2,74.27499999999999,0.0,148.54999999999998,74.27499999999999,133.695,0.5,0.4838455476753349,0.5,1,0,0,0,1,1,0,0
resource_constrained,seg-basic|patch+0|det1|iso1|bak-connected|idm1,segmentation=basic; faster detection; rapid isolation; backups=connected; identity controls,15.0,2,112.35000000000001,0.0,224.70000000000002,112.35000000000001,202.23000000000002,0.5,0.337430426716141,0.5,1,0,0,0,1,1,0,1
resource_constrained,seg-basic|patch+0|det1|iso1|bak-isolated|idm0,segmentation=basic; faster detection; rapid isolation; backups=isolated,13.0,2,93.3875,90.85000000000001,95.925,93.3875,95.4175,1.0,0.6626400560224089,0.0,1,0,0,0,1,1,1,0
resource_constrained,seg-basic|patch+0|det1|iso1|bak-isolated|idm1,segmentation=basic; faster detection; rapid isolation; backups=isolated; identity controls,17.0,2,70.54999999999998,0.7,140.39999999999998,70.54999999999998,126.42999999999998,0.5,0.3857609139126887,0.0,1,0,0,0,1,1,1,1
resource_constrained,seg-basic|patch+1|det0|iso0|bak-connected|idm0,segmentation=basic; patch+1 levels; backups=connected,5.0,2,210.60000000000002,189.32500000000002,231.875,210.60000000000002,227.62,1.0,0.7750257997936016,1.0,1,0,1,1,0,0,0,0
resource_constrained,seg-basic|patch+1|det0|iso0|bak-connected|idm1,segmentation=basic; patch+1 levels; backups=connected; identity controls,9.0,2,105.92500000000001,0.0,211.85000000000002,105.92500000000001,190.66500000000002,0.5,0.4725055432372506,0.5,1,0,1,1,0,0,0,1
resource_constrained,seg-basic|patch+1|det0|iso0|bak-isolated|idm0,segmentation=basic; patch+1 levels; backups=isolated,7.0,2,210.175,205.85,214.5,210.175,213.635,1.0,0.6194444444444445,0.0,1,0,1,1,0,0,1,0
resource_constrained,seg-basic|patch+1|det0|iso0|bak-isolated|idm1,segmentation=basic; patch+1 levels; backups=isolated; identity controls,11.0,2,102.25000000000001,0.0,204.50000000000003,102.25000000000001,184.05000000000004,0.5,0.46854764107308045,0.0,1,0,1,1,0,0,1,1
resource_constrained,seg-basic|patch+1|det0|iso1|bak-connected|idm0,segmentation=basic; patch+1 levels; rapid isolation; backups=connected,10.0,2,111.6625,0.0,223.325,111.6625,200.9925,0.5,0.4910714285714286,0.5,1,0,1,1,0,1,0,0
resource_constrained,seg-basic|patch+1|det0|iso1|bak-connected|idm1,segmentation=basic; patch+1 levels; rapid isolation; backups=connected; identity controls,14.0,2,113.025,0.0,226.05,113.025,203.44500000000002,0.5,0.4510658914728682,0.5,1,0,1,1,0,1,0,1
resource_constrained,seg-basic|patch+1|det0|iso1|bak-isolated|idm0,segmentation=basic; patch+1 levels; rapid isolation; backups=isolated,12.0,2,193.7375,179.825,207.65,193.7375,204.8675,1.0,0.7995198079231692,0.0,1,0,1,1,0,1,1,0
resource_constrained,seg-basic|patch+1|det0|iso1|bak-isolated|idm1,segmentation=basic; patch+1 levels; rapid isolation; backups=isolated; identity controls,16.0,2,186.75,167.625,205.875,186.75,202.05,1.0,0.7589743589743589,0.0,1,0,1,1,0,1,1,1
resource_constrained,seg-basic|patch+1|det1|iso0|bak-connected|idm0,segmentation=basic; patch+1 levels; faster detection; backups=connected,8.0,2,199.125,168.25,230.0,199.125,223.825,1.0,0.827968923418424,1.0,1,0,1,1,1,0,0,0
resource_constrained,seg-basic|patch+1|det1|iso0|bak-connected|idm1,segmentation=basic; patch+1 levels; faster detection; backups=connected; identity controls,12.0,2,186.9875,172.12500000000003,201.85,186.9875,198.8775,1.0,0.7823529411764706,1.0,1,0,1,1,1,0,0,1
resource_constrained,seg-basic|patch+1|det1|iso0|bak-isolated|idm0,segmentation=basic; patch+1 levels; faster detection; backups=isolated,10.0,2,0.7,0.0,1.4,0.7,1.26,0.0,0.07193396226415094,0.0,1,0,1,1,1,0,1,0
resource_constrained,seg-basic|patch+1|det1|iso0|bak-isolated|idm1,segmentation=basic; patch+1 levels; faster detection; backups=isolated; identity controls,14.0,2,141.05,100.50000000000001,181.6,141.05,173.49,1.0,0.7497949138638228,0.0,1,0,1,1,1,0,1,1
resource_constrained,seg-basic|patch+1|det1|iso1|bak-connected|idm0,segmentation=basic; patch+1 levels; faster detection; rapid isolation; backups=connected,13.0,2,16.9375,0.0,33.875,16.9375,30.4875,0.5,0.10624438454627134,0.5,1,0,1,1,1,1,0,0
resource_constrained,seg-basic|patch+1|det1|iso1|bak-connected|idm1,segmentation=basic; patch+1 levels; faster detection; rapid isolation; backups=connected; identity controls,17.0,2,82.025,81.975,82.075,82.025,82.065,1.0,0.6294642857142857,0.5,1,0,1,1,1,1,0,1
resource_constrained,seg-basic|patch+1|det1|iso1|bak-isolated|idm0,segmentation=basic; patch+1 levels; faster detection; rapid isolation; backups=isolated,15.0,2,0.0,0.0,0.0,0.0,0.0,0.0,0.026948051948051947,0.0,1,0,1,1,1,1,1,0
resource_constrained,seg-basic|patch+1|det1|iso1|bak-isolated|idm1,segmentation=basic; patch+1 levels; faster detection; rapid isolation; backups=isolated; identity controls,19.0,2,103.05000000000001,94.15,111.95,103.05000000000001,110.17,1.0,0.687080268628078,0.0,1,0,1,1,1,1,1,1
resource_constrained,seg-basic|patch+2|det0|iso0|bak-connected|idm0,segmentation=basic; patch+2 levels; backups=connected,7.0,2,212.91250000000002,207.425,218.4,212.91250000000002,217.3025,1.0,0.7321428571428572,1.0,1,0,1,2,0,0,0,0
resource_constrained,seg-basic|patch+2|det0|iso0|bak-connected|idm1,segmentation=basic; patch+2 levels; backups=connected; identity controls,11.0,2,201.16250000000002,187.87500000000003,214.45,201.16250000000002,211.7925,1.0,0.7435245143385754,1.0,1,0,1,2,0,0,0,1
resource_constrained,seg-basic|patch+2|det0|iso0|bak-isolated|idm0,segmentation=basic; patch+2 levels; backups=isolated,9.0,2,171.55,131.975,211.125,171.55,203.21,1.0,0.7190598017268948,0.0,1,0,1,2,0,0,1,0
resource_constrained,seg-basic|patch+2|det0|iso0|bak-isolated|idm1,segmentation=basic; patch+2 levels; backups=isolated; identity controls,13.0,2,82.62499999999999,0.0,165.24999999999997,82.62499999999999,148.72499999999997,0.5,0.45508274231678486,0.0,1,0,1,2,0,0,1,1
resource_constrained,seg-basic|patch+2|det0|iso1|bak-connected|idm0,segmentation=basic; patch+2 levels; rapid isolation; backups=connected,12.0,2,225.7875,211.49999999999997,240.07500000000002,225.7875,237.2175,1.0,0.8688725490196079,1.0,1,0,1,2,0,1,0,0
resource_constrained,seg-basic|patch+2|det0|iso1|bak-connected|idm1,segmentation=basic; patch+2 levels; rapid isolation; backups=connected; identity controls,16.0,2,190.86249999999998,174.92499999999998,206.79999999999998,190.86249999999998,203.61249999999998,1.0,0.8888888888888888,1.0,1,0,1,2,0,1,0,1
resource_constrained,seg-basic|patch+2|det0|iso1|bak-isolated|idm0,segmentation=basic; patch+2 levels; rapid isolation; backups=isolated,14.0,2,124.5375,66.225,182.85,124.5375,171.1875,1.0,0.6379084967320261,0.0,1,0,1,2,0,1,1,0
resource_constrained,seg-basic|patch+2|det0|iso1|bak-isolated|idm1,segmentation=basic; patch+2 levels; rapid isolation; backups=isolated; identity controls,18.0,2,86.88749999999999,0.0,173.77499999999998,86.88749999999999,156.39749999999998,0.5,0.32916666666666666,0.0,1,0,1,2,0,1,1,1
resource_constrained,seg-basic|patch+2|det1|iso0|bak-connected|idm0,segmentation=basic; patch+2 levels; faster detection; backups=connected,10.0,2,139.1125,117.725,160.5,139.1125,156.2225,1.0,0.5138888888888888,1.0,1,0,1,2,1,0,0,0
resource_constrained,seg-basic|patch+2|det1|iso0|bak-connected|idm1,segmentation=basic; patch+2 levels; faster detection; backups=connected; identity controls,14.0,2,6.800000000000001,1.8,11.8,6.800000000000001,10.8,0.0,0.07203630175836642,0.0,1,0,1,2,1,0,0,1
resource_constrained,seg-basic|patch+2|det1|iso0|bak-isolated|idm0,segmentation=basic; patch+2 levels; faster detection; backups=isolated,12.0,2,25.4375,0.0,50.875,25.4375,45.7875,0.5,0.06785714285714287,0.0,1,0,1,2,1,0,1,0
resource_constrained,seg-basic|patch+2|det1|iso0|bak-isolated|idm1,segmentation=basic; patch+2 levels; faster detection; backups=isolated; identity controls,16.0,2,100.2375,10.275000000000002,190.2,100.2375,172.20749999999998,1.0,0.4310841061720499,0.0,1,0,1,2,1,0,1,1
resource_constrained,seg-basic|patch+2|det1|iso1|bak-connected|idm0,segmentation=basic; patch+2 levels; faster detection; rapid isolation; backups=connected,15.0,2,63.85000000000001,0.0,127.70000000000002,63.85000000000001,114.93000000000002,0.5,0.2877068557919622,0.0,1,0,1,2,1,1,0,0
resource_constrained,seg-basic|patch+2|det1|iso1|bak-connected|idm1,segmentation=basic; patch+2 levels; faster detection; rapid isolation; backups=connected; identity controls,19.0,2,31.249999999999996,0.0,62.49999999999999,31.249999999999996,56.24999999999999,0.5,0.20746634026927785,0.5,1,0,1,2,1,1,0,1
resource_constrained,seg-basic|patch+2|det1|iso1|bak-isolated|idm0,segmentation=basic; patch+2 levels; faster detection; rapid isolation; backups=isolated,17.0,2,82.7375,58.425000000000004,107.05,82.7375,102.1875,1.0,0.6196383515559294,0.0,1,0,1,2,1,1,1,0
resource_constrained,seg-basic|patch+2|det1|iso1|bak-isolated|idm1,segmentation=basic; patch+2 levels; faster detection; rapid isolation; backups=isolated; identity controls,21.0,2,2.675,0.8,4.55,2.675,4.175,0.5,0.05654761904761904,0.0,1,0,1,2,1,1,1,1
resource_constrained,seg-flat|patch+0|det0|iso0|bak-connected|idm0,segmentation=flat; backups=connected,0.0,2,249.5125,249.47499999999997,249.55000000000004,249.5125,249.54250000000005,1.0,0.9875,1.0,0,0,0,0,0,0,0,0
resource_constrained,seg-flat|patch+0|det0|iso0|bak-connected|idm1,segmentation=flat; backups=connected; identity controls,4.0,2,218.96249999999998,203.0,234.92499999999998,218.96249999999998,231.7325,1.0,0.9787234042553192,1.0,0,0,0,0,0,0,0,1
resource_constrained,seg-flat|patch+0|det0|iso0|bak-isolated|idm0,segmentation=flat; backups=isolated,2.0,2,171.0875,165.75,176.425,171.0875,175.35750000000002,1.0,0.9212121212121211,0.0,0,0,0,0,0,0,1,0
resource_constrained,seg-flat|patch+0|det0|iso0|bak-isolated|idm1,segmentation=flat; backups=isolated; identity controls,6.0,2,167.875,161.875,173.875,167.875,172.675,1.0,0.9415188470066518,0.0,0,0,0,0,0,0,1,1
resource_constrained,seg-flat|patch+0|det0|iso1|bak-connected|idm0,segmentation=flat; rapid isolation; backups=connected,5.0,2,234.3625,215.07500000000002,253.65000000000003,234.3625,249.79250000000005,1.0,0.9572327044025157,1.0,0,0,0,0,0,1,0,0
resource_constrained,seg-flat|patch+0|det0|iso1|bak-connected|idm1,segmentation=flat; rapid isolation; backups=connected; identity controls,9.0,2,225.8,210.575,241.025,225.8,237.98000000000002,1.0,0.9821428571428572,1.0,0,0,0,0,0,1,0,1
resource_constrained,seg-flat|patch+0|det0|iso1|bak-isolated|idm0,segmentation=flat; rapid isolation; backups=isolated,7.0,2,212.03750000000002,206.57500000000002,217.5,212.03750000000002,216.4075,1.0,0.9407843137254901,0.0,0,0,0,0,0,1,1,0
resource_constrained,seg-flat|patch+0|det0|iso1|bak-isolated|idm1,segmentation=flat; rapid isolation; backups=isolated; identity controls,11.0,2,190.125,165.125,215.125,190.125,210.125,1.0,0.9256465517241379,0.0,0,0,0,0,0,1,1,1
resource_constrained,seg-flat|patch+0|det1|iso0|bak-connected|idm0,segmentation=flat; faster detection; backups=connected,3.0,2,70.5,0.0,141.0,70.5,126.9,0.5,0.4504761904761905,0.5,0,0,0,0,1,0,0,0
resource_constrained,seg-flat|patch+0|det1|iso0|bak-connected|idm1,segmentation=flat; faster detection; backups=connected; identity controls,7.0,2,152.325,130.65,174.0,152.325,169.665,1.0,0.8955461293743372,1.0,0,0,0,0,1,0,0,1
resource_constrained,seg-flat|patch+0|det1|iso0|bak-isolated|idm0,segmentation=flat; faster detection; backups=isolated,5.0,2,101.9875,78.925,125.05,101.9875,120.4375,1.0,0.91875,0.0,0,0,0,0,1,0,1,0
resource_constrained,seg-flat|patch+0|det1|iso0|bak-isolated|idm1,segmentation=flat; faster detection; backups=isolated; identity controls,9.0,2,107.42500000000001,102.00000000000001,112.85000000000001,107.42500000000001,111.76500000000001,1.0,0.9296296296296296,0.0,0,0,0,0,1,0,1,1
resource_constrained,seg-flat|patch+0|det1|iso1|bak-connected|idm0,segmentation=flat; faster detection; rapid isolation; backups=connected,8.0,2,194.05,186.375,201.725,194.05,200.19,1.0,0.9178743961352657,1.0,0,0,0,0,1,1,0,0
resource_constrained,seg-flat|patch+0|det1|iso1|bak-connected|idm1,segmentation=flat; faster detection; rapid isolation; backups=connected; identity controls,12.0,2,121.85,0.0,243.7,121.85,219.32999999999998,0.5,0.5,0.5,0,0,0,0,1,1,0,1
resource_constrained,seg-flat|patch+0|det1|iso1|bak-isolated|idm0,segmentation=flat; faster detection; rapid isolation; backups=isolated,10.0,2,69.80000000000001,20.0,119.60000000000001,69.80000000000001,109.64000000000001,0.5,0.48814655172413796,0.0,0,0,0,0,1,1,1,0
resource_constrained,seg-flat|patch+0|det1|iso1|bak-isolated|idm1,segmentation=flat; faster detection; rapid isolation; backups=isolated; identity controls,14.0,2,130.23749999999998,118.60000000000001,141.87499999999997,130.23749999999998,139.54749999999999,1.0,0.9289308176100629,0.0,0,0,0,0,1,1,1,1
resource_constrained,seg-flat|patch+1|det0|iso0|bak-connected|idm0,segmentation=flat; patch+1 levels; backups=connected,2.0,2,249.2625,246.37499999999997,252.15,249.2625,251.5725,1.0,0.9310141509433962,1.0,0,0,1,1,0,0,0,0
resource_constrained,seg-flat|patch+1|det0|iso0|bak-connected|idm1,segmentation=flat; patch+1 levels; backups=connected; identity controls,6.0,2,236.175,231.375,240.975,236.175,240.015,1.0,0.9691080196399345,1.0,0,0,1,1,0,0,0,1
resource_constrained,seg-flat|patch+1|det0|iso0|bak-isolated|idm0,segmentation=flat; patch+1 levels; backups=isolated,4.0,2,214.16250000000002,203.9,224.425,214.16250000000002,222.3725,1.0,0.9045454545454545,0.0,0,0,1,1,0,0,1,0
resource_constrained,seg-flat|patch+1|det0|iso0|bak-isolated|idm1,segmentation=flat; patch+1 levels; backups=isolated; identity controls,8.0,2,110.96250000000002,1.2,220.72500000000005,110.96250000000002,198.77250000000004,0.5,0.4762820512820513,0.0,0,0,1,1,0,0,1,1
resource_constrained,seg-flat|patch+1|det0|iso1|bak-connected|idm0,segmentation=flat; patch+1 levels; rapid isolation; backups=connected,7.0,2,248.66250000000002,246.32500000000002,251.0,248.66250000000002,250.5325,1.0,0.9081873315363882,1.0,0,0,1,1,0,1,0,0
resource_constrained,seg-flat|patch+1|det0|iso1|bak-connected|idm1,segmentation=flat; patch+1 levels; rapid isolation; backups=connected; identity controls,11.0,2,201.33750000000003,179.05000000000004,223.625,201.33750000000003,219.16750000000002,1.0,0.9772256728778468,1.0,0,0,1,1,0,1,0,1
resource_constrained,seg-flat|patch+1|det0|iso1|bak-isolated|idm0,segmentation=flat; patch+1 levels; rapid isolation; backups=isolated,9.0,2,85.57500000000002,0.0,171.15000000000003,85.57500000000002,154.03500000000003,0.5,0.49936224489795916,0.0,0,0,1,1,0,1,1,0
resource_constrained,seg-flat|patch+1|det0|iso1|bak-isolated|idm1,segmentation=flat; patch+1 levels; rapid isolation; backups=isolated; identity controls,13.0,2,208.1125,189.42499999999998,226.8,208.1125,223.0625,1.0,0.9333333333333333,0.0,0,0,1,1,0,1,1,1
resource_constrained,seg-flat|patch+1|det1|iso0|bak-connected|idm0,segmentation=flat; patch+1 levels; faster detection; backups=connected,5.0,2,168.2625,150.32500000000002,186.19999999999996,168.2625,182.61249999999995,1.0,0.885551948051948,1.0,0,0,1,1,1,0,0,0
resource_constrained,seg-flat|patch+1|det1|iso0|bak-connected|idm1,segmentation=flat; patch+1 levels; faster detection; backups=connected; identity controls,9.0,2,162.46250000000003,149.82500000000002,175.10000000000002,162.46250000000003,172.57250000000002,1.0,0.9461382113821137,1.0,0,0,1,1,1,0,0,1
resource_constrained,seg-flat|patch+1|det1|iso0|bak-isolated|idm0,segmentation=flat; patch+1 levels; faster detection; backups=isolated,7.0,2,0.7,0.0,1.4,0.7,1.26,0.0,0.027045300878972278,0.0,0,0,1,1,1,0,1,0
resource_constrained,seg-flat|patch+1|det1|iso0|bak-isolated|idm1,segmentation=flat; patch+1 levels; faster detection; backups=isolated; identity controls,11.0,2,110.625,95.675,125.575,110.625,122.58500000000001,1.0,0.8916666666666666,0.0,0,0,1,1,1,0,1,1
resource_constrained,seg-flat|patch+1|det1|iso1|bak-connected|idm0,segmentation=flat; patch+1 levels; faster detection; rapid isolation; backups=connected,10.0,2,151.97500000000002,127.05000000000001,176.9,151.97500000000002,171.91500000000002,1.0,0.8825757575757576,1.0,0,0,1,1,1,1,0,0
resource_constrained,seg-flat|patch+1|det1|iso1|bak-connected|idm1,segmentation=flat; patch+1 levels; faster detection; rapid isolation; backups=connected; identity controls,14.0,2,149.8625,108.57499999999999,191.15,149.8625,182.8925,1.0,0.874430709173715,1.0,0,0,1,1,1,1,0,1
resource_constrained,seg-flat|patch+1|det1|iso1|bak-isolated|idm0,segmentation=flat; patch+1 levels; faster detection; rapid isolation; backups=isolated,12.0,2,159.26250000000002,119.37500000000001,199.15000000000003,159.26250000000002,191.17250000000004,1.0,0.835708782742681,0.0,0,0,1,1,1,1,1,0
resource_constrained,seg-flat|patch+1|det1|iso1|bak-isolated|idm1,segmentation=flat; patch+1 levels; faster detection; rapid isolation; backups=isolated; identity controls,16.0,2,145.1,87.57499999999999,202.625,145.1,191.12,1.0,0.8623188405797102,0.0,0,0,1,1,1,1,1,1
resource_constrained,seg-flat|patch+2|det0|iso0|bak-connected|idm0,segmentation=flat; patch+2 levels; backups=connected,4.0,2,237.65,227.00000000000003,248.29999999999998,237.65,246.17,1.0,0.966931216931217,1.0,0,0,1,2,0,0,0,0
resource_constrained,seg-flat|patch+2|det0|iso0|bak-connected|idm1,segmentation=flat; patch+2 levels; backups=connected; identity controls,8.0,2,229.4,216.0,242.8,229.4,240.12,1.0,0.9638888888888888,1.0,0,0,1,2,0,0,0,1
resource_constrained,seg-flat|patch+2|det0|iso0|bak-isolated|idm0,segmentation=flat; patch+2 levels; backups=isolated,6.0,2,180.97500000000002,139.65,222.3,180.97500000000002,214.03500000000003,1.0,0.862719298245614,0.0,0,0,1,2,0,0,1,0
resource_constrained,seg-flat|patch+2|det0|iso0|bak-isolated|idm1,segmentation=flat; patch+2 levels; backups=isolated; identity controls,10.0,2,185.575,184.89999999999998,186.25,185.575,186.115,1.0,0.9289318755256518,0.0,0,0,1,2,0,0,1,1
resource_constrained,seg-flat|patch+2|det0|iso1|bak-connected|idm0,segmentation=flat; patch+2 levels; rapid isolation; backups=connected,9.0,2,240.0125,232.35,247.67499999999998,240.0125,246.14249999999998,1.0,0.8979416809605489,1.0,0,0,1,2,0,1,0,0
resource_constrained,seg-flat|patch+2|det0|iso1|bak-connected|idm1,segmentation=flat; patch+2 levels; rapid isolation; backups=connected; identity controls,13.0,2,219.33749999999998,205.45,233.225,219.33749999999998,230.4475,1.0,0.85,1.0,0,0,1,2,0,1,0,1
resource_constrained,seg-flat|patch+2|det0|iso1|bak-isolated|idm0,segmentation=flat; patch+2 levels; rapid isolation; backups=isolated,11.0,2,76.3125,0.0,152.625,76.3125,137.3625,0.5,0.4178628389154705,0.0,0,0,1,2,0,1,1,0
resource_constrained,seg-flat|patch+2|det0|iso1|bak-isolated|idm1,segmentation=flat; patch+2 levels; rapid isolation; backups=isolated; identity controls,15.0,2,155.2375,135.875,174.6,155.2375,170.7275,1.0,0.879869164436515,0.0,0,0,1,2,0,1,1,1
resource_constrained,seg-flat|patch+2|det1|iso0|bak-connected|idm0,segmentation=flat; patch+2 levels; faster detection; backups=connected,7.0,2,82.075,0.0,164.15,82.075,147.735,0.5,0.43310147299509,0.5,0,0,1,2,1,0,0,0
resource_constrained,seg-flat|patch+2|det1|iso0|bak-connected|idm1,segmentation=flat; patch+2 levels; faster detection; backups=connected; identity controls,11.0,2,103.47500000000001,0.0,206.95000000000002,103.47500000000001,186.25500000000002,0.5,0.4362745098039216,0.5,0,0,1,2,1,0,0,1
resource_constrained,seg-flat|patch+2|det1|iso0|bak-isolated|idm0,segmentation=flat; patch+2 levels; faster detection; backups=isolated,9.0,2,134.0,92.10000000000001,175.9,134.0,167.52,1.0,0.7889492753623188,0.0,0,0,1,2,1,0,1,0
resource_constrained,seg-flat|patch+2|det1|iso0|bak-isolated|idm1,segmentation=flat; patch+2 levels; faster detection; backups=isolated; identity controls,13.0,2,56.18749999999999,0.0,112.37499999999999,56.18749999999999,101.13749999999999,0.5,0.44523809523809527,0.0,0,0,1,2,1,0,1,1
resource_constrained,seg-flat|patch+2|det1|iso1|bak-connected|idm0,segmentation=flat; patch+2 levels; faster detection; rapid isolation; backups=connected,12.0,2,194.625,152.54999999999998,236.7,194.625,228.285,1.0,0.7913725490196079,1.0,0,0,1,2,1,1,0,0
resource_constrained,seg-flat|patch+2|det1|iso1|bak-connected|idm1,segmentation=flat; patch+2 levels; faster detection; rapid isolation; backups=connected; identity controls,16.0,2,76.5,0.0,153.0,76.5,137.7,0.5,0.4089285714285715,0.5,0,0,1,2,1,1,0,1
resource_constrained,seg-flat|patch+2|det1|iso1|bak-isolated|idm0,segmentation=flat; patch+2 levels; faster detection; rapid isolation; backups=isolated,14.0,2,108.2875,89.125,127.45,108.2875,123.6175,1.0,0.7444219066937119,0.0,0,0,1,2,1,1,1,0
resource_constrained,seg-flat|patch+2|det1|iso1|bak-isolated|idm1,segmentation=flat; patch+2 levels; faster detection; rapid isolation; backups=isolated; identity controls,18.0,2,118.4875,96.25,140.725,118.4875,136.2775,1.0,0.8908355795148248,0.0,0,0,1,2,1,1,1,1
resource_constrained,seg-least_privilege|patch+0|det0|iso0|bak-connected|idm0,segmentation=least_privilege; backups=connected,5.0,2,113.97500000000001,0.0,227.95000000000002,113.97500000000001,205.15500000000003,0.5,0.33979885057471265,0.5,0,1,0,0,0,0,0,0
resource_constrained,seg-least_privilege|patch+0|det0|iso0|bak-connected|idm1,segmentation=least_privilege; backups=connected; identity controls,9.0,2,152.7875,132.92499999999998,172.65,152.7875,168.6775,1.0,0.5623809523809524,0.5,0,1,0,0,0,0,0,1
resource_constrained,seg-least_privilege|patch+0|det0|iso0|bak-isolated|idm0,segmentation=least_privilege; backups=isolated,7.0,2,56.787499999999994,9.3,104.27499999999999,56.787499999999994,94.77749999999999,1.0,0.3680555555555556,0.0,0,1,0,0,0,0,1,0
resource_constrained,seg-least_privilege|patch+0|det0|iso0|bak-isolated|idm1,segmentation=least_privilege; backups=isolated; identity controls,11.0,2,171.66250000000002,165.025,178.3,171.66250000000002,176.97250000000003,1.0,0.6916666666666667,0.0,0,1,0,0,0,0,1,1
resource_constrained,seg-least_privilege|patch+0|det0|iso1|bak-connected|idm0,segmentation=least_privilege; rapid isolation; backups=connected,10.0,2,183.2625,170.14999999999998,196.375,183.2625,193.7525,1.0,0.7310734463276836,1.0,0,1,0,0,0,1,0,0
resource_constrained,seg-least_privilege|patch+0|det0|iso1|bak-connected|idm1,segmentation=least_privilege; rapid isolation; backups=connected; identity controls,14.0,2,191.08749999999998,170.275,211.89999999999998,191.08749999999998,207.73749999999998,1.0,0.7708333333333333,1.0,0,1,0,0,0,1,0,1
resource_constrained,seg-least_privilege|patch+0|det0|iso1|bak-isolated|idm0,segmentation=least_privilege; rapid isolation; backups=isolated,12.0,2,156.7625,153.04999999999998,160.47500000000002,156.7625,159.73250000000002,1.0,0.6653439153439153,0.0,0,1,0,0,0,1,1,0
resource_constrained,seg-least_privilege|patch+0|det0|iso1|bak-isolated|idm1,segmentation=least_privilege; rapid isolation; backups=isolated; identity controls,16.0,2,185.625,165.05,206.20000000000002,185.625,202.085,1.0,0.8142325895875591,0.0,0,1,0,0,0,1,1,1
resource_constrained,seg-least_privilege|patch+0|det1|iso0|bak-connected|idm0,segmentation=least_privilege; faster detection; backups=connected,8.0,2,133.1625,72.6,193.725,133.1625,181.6125,1.0,0.6238656987295825,1.0,0,1,0,0,1,0,0,0
resource_constrained,seg-least_privilege|patch+0|det1|iso0|bak-connected|idm1,segmentation=least_privilege; faster detection; backups=connected; identity controls,12.0,2,6.4624999999999995,0.0,12.924999999999999,6.4624999999999995,11.6325,0.5,0.056296296296296296,0.0,0,1,0,0,1,0,0,1
resource_constrained,seg-least_privilege|patch+0|det1|iso0|bak-isolated|idm0,segmentation=least_privilege; faster detection; backups=isolated,10.0,2,29.6875,0.0,59.375,29.6875,53.4375,0.5,0.1308300395256917,0.0,0,1,0,0,1,0,1,0
resource_constrained,seg-least_privilege|patch+0|det1|iso0|bak-isolated|idm1,segmentation=least_privilege; faster detection; backups=isolated; identity controls,14.0,2,44.9375,1.4,88.475,44.9375,79.7675,0.5,0.4100490196078431,0.0,0,1,0,0,1,0,1,1
resource_constrained,seg-least_privilege|patch+0|det1|iso1|bak-connected|idm0,segmentation=least_privilege; faster detection; rapid isolation; backups=connected,13.0,2,86.55000000000001,0.0,173.10000000000002,86.55000000000001,155.79000000000002,0.5,0.2885405001866368,0.5,0,1,0,0,1,1,0,0
resource_constrained,seg-least_privilege|patch+0|det1|iso1|bak-connected|idm1,segmentation=least_privilege; faster detection; rapid isolation; backups=connected; identity controls,17.0,2,64.72500000000001,0.0,129.45000000000002,64.72500000000001,116.50500000000002,0.5,0.21462765957446808,0.5,0,1,0,0,1,1,0,1
resource_constrained,seg-least_privilege|patch+0|det1|iso1|bak-isolated|idm0,segmentation=least_privilege; faster detection; rapid isolation; backups=isolated,15.0,2,82.97500000000001,45.15,120.80000000000001,82.97500000000001,113.23500000000001,1.0,0.5,0.0,0,1,0,0,1,1,1,0
resource_constrained,seg-least_privilege|patch+0|det1|iso1|bak-isolated|idm1,segmentation=least_privilege; faster detection; rapid isolation; backups=isolated; identity controls,19.0,2,41.2,9.4,73.0,41.2,66.64,0.5,0.3256340579710145,0.0,0,1,0,0,1,1,1,1
resource_constrained,seg-least_privilege|patch+1|det0|iso0|bak-connected|idm0,segmentation=least_privilege; patch+1 levels; backups=connected,7.0,2,155.3625,151.35,159.37500000000003,155.3625,158.57250000000002,1.0,0.5024047354790973,1.0,0,1,1,1,0,0,0,0
resource_constrained,seg-least_privilege|patch+1|det0|iso0|bak-connected|idm1,segmentation=least_privilege; patch+1 levels; backups=connected; identity controls,11.0,2,163.35,148.25,178.45,163.35,175.42999999999998,1.0,0.4757957559681697,0.5,0,1,1,1,0,0,0,1
resource_constrained,seg-least_privilege|patch+1|det0|iso0|bak-isolated|idm0,segmentation=least_privilege; patch+1 levels; backups=isolated,9.0,2,172.96249999999998,163.625,182.29999999999998,172.96249999999998,180.43249999999998,1.0,0.6004901960784313,0.0,0,1,1,1,0,0,1,0
resource_constrained,seg-least_privilege|patch+1|det0|iso0|bak-isolated|idm1,segmentation=least_privilege; patch+1 levels; backups=isolated; identity controls,13.0,2,59.324999999999996,47.900000000000006,70.74999999999999,59.324999999999996,68.46499999999999,1.0,0.4329004329004329,0.0,0,1,1,1,0,0,1,1
resource_constrained,seg-least_privilege|patch+1|det0|iso1|bak-connected|idm0,segmentation=least_privilege; patch+1 levels; rapid isolation; backups=connected,12.0,2,174.0125,114.14999999999998,233.875,174.0125,221.9025,1.0,0.4754273504273504,1.0,0,1,1,1,0,1,0,0
resource_constrained,seg-least_privilege|patch+1|det0|iso1|bak-connected|idm1,segmentation=least_privilege; patch+1 levels; rapid isolation; backups=connected; identity controls,16.0,2,219.3,194.87499999999997,243.72500000000002,219.3,238.84000000000003,1.0,0.8807821698906644,1.0,0,1,1,1,0,1,0,1
resource_constrained,seg-least_privilege|patch+1|det0|iso1|bak-isolated|idm0,segmentation=least_privilege; patch+1 levels; rapid isolation; backups=isolated,14.0,2,85.4875,68.5,102.475,85.4875,99.0775,1.0,0.3882183908045977,0.0,0,1,1,1,0,1,1,0
resource_constrained,seg-least_privilege|patch+1|det0|iso1|bak-isolated|idm1,segmentation=least_privilege; patch+1 levels; rapid isolation; backups=isolated; identity controls,18.0,2,70.18750000000001,13.000000000000002,127.37500000000001,70.18750000000001,115.93750000000001,0.5,0.31162428645563056,0.0,0,1,1,1,0,1,1,1
resource_constrained,seg-least_privilege|patch+1|det1|iso0|bak-connected|idm0,segmentation=least_privilege; patch+1 levels; faster detection; backups=connected,10.0,2,19.1875,0.0,38.375,19.1875,34.5375,0.5,0.1097560975609756,0.5,0,1,1,1,1,0,0,0
resource_constrained,seg-least_privilege|patch+1|det1|iso0|bak-connected|idm1,segmentation=least_privilege; patch+1 levels; faster detection; backups=connected; identity controls,14.0,2,12.962500000000002,0.0,25.925000000000004,12.962500000000002,23.332500000000003,0.5,0.17175925925925928,0.5,0,1,1,1,1,0,0,1
resource_constrained,seg-least_privilege|patch+1|det1|iso0|bak-isolated|idm0,segmentation=least_privilege; patch+1 levels; faster detection; backups=isolated,12.0,2,0.4,0.0,0.8,0.4,0.7200000000000001,0.0,0.06439393939393939,0.0,0,1,1,1,1,0,1,0
resource_constrained,seg-least_privilege|patch+1|det1|iso0|bak-isolated|idm1,segmentation=least_privilege; patch+1 levels; faster detection; backups=isolated; identity controls,16.0,2,6.6,3.8,9.4,6.6,8.84,0.0,0.18585858585858586,0.0,0,1,1,1,1,0,1,1
resource_constrained,seg-least_privilege|patch+1|det1|iso1|bak-connected|idm0,segmentation=least_privilege; patch+1 levels; faster detection; rapid isolation; backups=connected,15.0,2,5.6000000000000005,1.8,9.4,5.6000000000000005,8.64,0.0,0.045135566188197765,0.0,0,1,1,1,1,1,0,0
resource_constrained,seg-least_privilege|patch+1|det1|iso1|bak-connected|idm1,segmentation=least_privilege; patch+1 levels; faster detection; rapid isolation; backups=connected; identity controls,19.0,2,59.550000000000004,1.2,117.9,59.550000000000004,106.23,0.5,0.30877616747181963,0.5,0,1,1,1,1,1,0,1
resource_constrained,seg-least_privilege|patch+1|det1|iso1|bak-isolated|idm0,segmentation=least_privilege; patch+1 levels; faster detection; rapid isolation; backups=isolated,17.0,2,71.22500000000001,50.55000000000001,91.9,71.22500000000001,87.765,1.0,0.26055194805194803,0.0,0,1,1,1,1,1,1,0
resource_constrained,seg-least_privilege|patch+1|det1|iso1|bak-isolated|idm1,segmentation=least_privilege; patch+1 levels; faster detection; rapid isolation; backups=isolated; identity controls,21.0,2,24.375,6.25,42.5,24.375,38.875,1.0,0.200825010855406,0.0,0,1,1,1,1,1,1,1
resource_constrained,seg-least_privilege|patch+2|det0|iso0|bak-connected|idm0,segmentation=least_privilege; patch+2 levels; backups=connected,9.0,2,235.075,232.225,237.925,235.075,237.35500000000002,1.0,0.7835153922542204,1.0,0,1,1,2,0,0,0,0
resource_constrained,seg-least_privilege|patch+2|det0|iso0|bak-connected|idm1,segmentation=least_privilege; patch+2 levels; backups=connected; identity controls,13.0,2,7.65,0.0,15.3,7.65,13.770000000000001,0.5,0.032027743778049775,0.0,0,1,1,2,0,0,0,1
resource_constrained,seg-least_privilege|patch+2|det0|iso0|bak-isolated|idm0,segmentation=least_privilege; patch+2 levels; backups=isolated,11.0,2,112.52499999999999,11.000000000000002,214.04999999999998,112.52499999999999,193.745,0.5,0.40485312899106,0.0,0,1,1,2,0,0,1,0
resource_constrained,seg-least_privilege|patch+2|det0|iso0|bak-isolated|idm1,segmentation=least_privilege; patch+2 levels; backups=isolated; identity controls,15.0,2,3.1999999999999997,1.2,5.199999999999999,3.1999999999999997,4.8,0.0,0.11597222222222223,0.0,0,1,1,2,0,0,1,1
resource_constrained,seg-least_privilege|patch+2|det0|iso1|bak-connected|idm0,segmentation=least_privilege; patch+2 levels; rapid isolation; backups=connected,14.0,2,108.81250000000001,10.6,207.02500000000003,108.81250000000001,187.38250000000005,0.5,0.32006861063464837,0.0,0,1,1,2,0,1,0,0
resource_constrained,seg-least_privilege|patch+2|det0|iso1|bak-connected|idm1,segmentation=least_privilege; patch+2 levels; rapid isolation; backups=connected; identity controls,18.0,2,51.7,6.75,96.65,51.7,87.66000000000001,1.0,0.33380168606985144,0.0,0,1,1,2,0,1,0,1
resource_constrained,seg-least_privilege|patch+2|det0|iso1|bak-isolated|idm0,segmentation=least_privilege; patch+2 levels; rapid isolation; backups=isolated,16.0,2,0.4,0.0,0.8,0.4,0.7200000000000001,0.0,0.027985739750445632,0.0,0,1,1,2,0,1,1,0
resource_constrained,seg-least_privilege|patch+2|det0|iso1|bak-isolated|idm1,segmentation=least_privilege; patch+2 levels; rapid isolation; backups=isolated; identity controls,20.0,2,0.0,0.0,0.0,0.0,0.0,0.0,0.042608695652173914,0.0,0,1,1,2,0,1,1,1
resource_constrained,seg-least_privilege|patch+2|det1|iso0|bak-connected|idm0,segmentation=least_privilege; patch+2 levels; faster detection; backups=connected,12.0,2,97.1375,5.025,189.25,97.1375,170.82750000000001,1.0,0.33834976647638815,0.5,0,1,1,2,1,0,0,0
resource_constrained,seg-least_privilege|patch+2|det1|iso0|bak-connected|idm1,segmentation=least_privilege; patch+2 levels; faster detection; backups=connected; identity controls,16.0,2,0.6,0.0,1.2,0.6,1.08,0.0,0.03380952380952381,0.0,0,1,1,2,1,0,0,1
resource_constrained,seg-least_privilege|patch+2|det1|iso0|bak-isolated|idm0,segmentation=least_privilege; patch+2 levels; faster detection; backups=isolated,14.0,2,7.1875,0.0,14.375,7.1875,12.9375,0.5,0.07667603372139703,0.0,0,1,1,2,1,0,1,0
resource_constrained,seg-least_privilege|patch+2|det1|iso0|bak-isolated|idm1,segmentation=least_privilege; patch+2 levels; faster detection; backups=isolated; identity controls,18.0,2,4.924999999999999,1.575,8.274999999999999,4.924999999999999,7.604999999999999,0.5,0.0692022263450835,0.0,0,1,1,2,1,0,1,1
resource_constrained,seg-least_privilege|patch+2|det1|iso1|bak-connected|idm0,segmentation=least_privilege; patch+2 levels; faster detection; rapid isolation; backups=connected,17.0,2,11.525,0.0,23.05,11.525,20.745,0.5,0.127838519764508,0.0,0,1,1,2,1,1,0,0
resource_constrained,seg-least_privilege|patch+2|det1|iso1|bak-connected|idm1,segmentation=least_privilege; patch+2 levels; faster detection; rapid isolation; backups=connected; identity controls,21.0,2,0.0,0.0,0.0,0.0,0.0,0.0,0.03443396226415094,0.0,0,1,1,2,1,1,0,1
resource_constrained,seg-least_privilege|patch+2|det1|iso1|bak-isolated|idm0,segmentation=least_privilege; patch+2 levels; faster detection; rapid isolation; backups=isolated,19.0,2,50.00000000000001,24.7,75.30000000000001,50.00000000000001,70.24000000000001,1.0,0.12433862433862433,0.0,0,1,1,2,1,1,1,0
resource_constrained,seg-least_privilege|patch+2|det1|iso1|bak-isolated|idm1,segmentation=least_privilege; patch+2 levels; faster detection; rapid isolation; backups=isolated; identity controls,23.0,2,0.6,0.0,1.2,0.6,1.08,0.0,0.02665639445300462,0.0,0,1,1,2,1,1,1,1
