profile,portfolio,description,base_cost,n_trials,mean_hours_lost,hours_lost_ci_lo,hours_lost_ci_hi,median_hours_lost,p90_hours_lost,catastrophic_prob,mean_pct_compromised,backup_compromise_prob,has_basic_segmentation,has_least_privilege,has_patch_upgrade,patch_boost_levels,has_detection_improvement,has_rapid_isolation,has_protected_backups,has_identity_controls
high_capacity,seg-basic|patch+0|det0|iso0|bak-connected|idm0,segmentation=basic; backups=connected,3.0,25,5.568,3.2760000000000002,8.055425,3.2,14.720000000000002,0.12,0.00853573448341275,0.0,1,0,0,0,0,0,0,0
high_capacity,seg-basic|patch+0|det0|iso0|bak-connected|idm1,segmentation=basic; backups=connected; identity controls,7.0,25,3.73,2.1758,5.46005,2.0,10.920000000000002,0.04,0.009249186286081752,0.04,1,0,0,0,0,0,0,1
high_capacity,seg-basic|patch+0|det0|iso0|bak-isolated|idm0,segmentation=basic; backups=isolated,5.0,25,3.472,1.952,5.16,1.6,11.440000000000001,0.04,0.008543977858511296,0.0,1,0,0,0,0,0,1,0
high_capacity,seg-basic|patch+0|det0|iso0|bak-isolated|idm1,segmentation=basic; backups=isolated; identity controls,9.0,25,5.25,3.343550000000001,7.368099999999999,3.4000000000000004,12.360000000000003,0.12,0.013534381299269007,0.0,1,0,0,0,0,0,1,1
high_capacity,seg-basic|patch+0|det0|iso1|bak-connected|idm0,segmentation=basic; rapid isolation; backups=connected,8.0,25,2.04,0.9678,3.344199999999999,0.8,5.760000000000002,0.04,0.008218821029657944,0.0,1,0,0,0,0,1,0,0
high_capacity,seg-basic|patch+0|det0|iso1|bak-connected|idm1,segmentation=basic; rapid isolation; backups=connected; identity controls,12.0,25,5.555,3.2320000000000007,8.280025,2.0,13.125000000000004,0.08,0.006573932073202612,0.0,1,0,0,0,0,1,0,1
high_capacity,seg-basic|patch+0|det0|iso1|bak-isolated|idm0,segmentation=basic; rapid isolation; backups=isolated,10.0,25,5.213000000000001,2.8786750000000003,7.744449999999998,1.8,14.35,0.04,0.0085757675711884,0.04,1,0,0,0,0,1,1,0
high_capacity,seg-basic|patch+0|det0|iso1|bak-isolated|idm1,segmentation=basic; rapid isolation; backups=isolated; identity controls,14.0,25,3.7390000000000003,2.3177499999999998,5.444174999999999,2.4000000000000004,9.880000000000003,0.0,0.005970289674166178,0.0,1,0,0,0,0,1,1,1
high_capacity,seg-basic|patch+0|det1|iso0|bak-connected|idm0,segmentation=basic; faster detection; backups=connected,6.0,25,2.4,0.9996,4.024,0.0,9.640000000000002,0.0,0.006029023321918715,0.0,1,0,0,0,1,0,0,0
high_capacity,seg-basic|patch+0|det1|iso0|bak-connected|idm1,segmentation=basic; faster detection; backups=connected; identity controls,10.0,25,4.533,2.3168749999999996,6.789249999999999,1.8,13.835,0.04,0.005394580287105001,0.0,1,0,0,0,1,0,0,1
high_capacity,seg-basic|patch+0|det1|iso0|bak-isolated|idm0,segmentation=basic; faster detection; backups=isolated,8.0,25,3.0890000000000004,1.3199,5.285174999999999,1.6,7.800000000000006,0.0,0.006530742093476977,0.0,1,0,0,0,1,0,1,0
high_capacity,seg-basic|patch+0|det1|iso0|bak-isolated|idm1,segmentation=basic; faster detection; backups=isolated; identity controls,12.0,25,2.481,1.3318999999999999,3.8240499999999997,1.2,6.12,0.0,0.006335446287927569,0.0,1,0,0,0,1,0,1,1
high_capacity,seg-basic|patch+0|det1|iso1|bak-connected|idm0,segmentation=basic; faster detection; rapid isolation; backups=connected,11.0,25,3.438,1.5858999999999999,5.472399999999999,0.0,13.120000000000001,0.04,0.005189367193204117,0.0,1,0,0,0,1,1,0,0
high_capacity,seg-basic|patch+0|det1|iso1|bak-connected|idm1,segmentation=basic; faster detection; rapid isolation; backups=connected; identity controls,15.0,25,5.98,3.6159,8.652399999999998,4.0,14.440000000000001,0.04,0.0048490254594447495,0.0,1,0,0,0,1,1,0,1
high_capacity,seg-basic|patch+0|det1|iso1|bak-isolated|idm0,segmentation=basic; faster detection; rapid isolation; backups=isolated,13.0,25,3.07,1.43395,4.974249999999999,0.8,12.240000000000002,0.04,0.0048055572205622675,0.0,1,0,0,0,1,1,1,0
high_capacity,seg-basic|patch+0|det1|iso1|bak-isolated|idm1,segmentation=basic; faster detection; rapid isolation; backups=isolated; identity controls,17.0,25,2.568,1.08,4.263999999999999,0.0,9.4,0.0,0.004860154726140817,0.0,1,0,0,0,1,1,1,1
high_capacity,seg-basic|patch+1|det0|iso0|bak-connected|idm0,segmentation=basic; patch+1 levels; backups=connected,5.0,25,3.9339999999999997,1.6910000000000003,6.915024999999994,1.2,11.680000000000001,0.12,0.0060110789232903335,0.0,1,0,1,1,0,0,0,0
high_capacity,seg-basic|patch+1|det0|iso0|bak-connected|idm1,segmentation=basic; patch+1 levels; backups=connected; identity controls,9.0,25,5.675,3.142675,8.371175,2.0,17.740000000000006,0.08,0.009267497319154635,0.08,1,0,1,1,0,0,0,1
high_capacity,seg-basic|patch+1|det0|iso0|bak-isolated|idm0,segmentation=basic; patch+1 levels; backups=isolated,7.0,25,4.9239999999999995,2.7438,7.451999999999999,1.8,12.520000000000001,0.04,0.007163434608889337,0.0,1,0,1,1,0,0,1,0
high_capacity,seg-basic|patch+1|det0|iso0|bak-isolated|idm1,segmentation=basic; patch+1 levels; backups=isolated; identity controls,11.0,25,3.395,1.389,5.747224999999995,0.0,10.480000000000004,0.08,0.008597516679572384,0.0,1,0,1,1,0,0,1,1
high_capacity,seg-basic|patch+1|det0|iso1|bak-connected|idm0,segmentation=basic; patch+1 levels; rapid isolation; backups=connected,10.0,25,3.158,1.7520000000000002,4.804050000000001,1.6,9.4,0.04,0.005484038631324611,0.0,1,0,1,1,0,1,0,0
high_capacity,seg-basic|patch+1|det0|iso1|bak-connected|idm1,segmentation=basic; patch+1 levels; rapid isolation; backups=connected; identity controls,14.0,25,2.8920000000000003,0.9839000000000001,5.128399999999999,0.8,8.640000000000013,0.0,0.007680910265790404,0.0,1,0,1,1,0,1,0,1
high_capacity,seg-basic|patch+1|det0|iso1|bak-isolated|idm0,segmentation=basic; patch+1 levels; rapid isolation; backups=isolated,12.0,25,3.052,1.548,5.052399999999998,1.8,7.560000000000007,0.04,0.004863485408926788,0.0,1,0,1,1,0,1,1,0
high_capacity,seg-basic|patch+1|det0|iso1|bak-isolated|idm1,segmentation=basic; patch+1 levels; rapid isolation; backups=isolated; identity controls,16.0,25,2.608,1.0957999999999999,4.544199999999999,0.0,9.720000000000006,0.04,0.0066139680460505735,0.0,1,0,1,1,0,1,1,1
high_capacity,seg-basic|patch+1|det1|iso0|bak-connected|idm0,segmentation=basic; patch+1 levels; faster detection; backups=connected,8.0,25,4.021,1.96,6.452999999999999,1.4,10.120000000000001,0.0,0.004985539913352502,0.0,1,0,1,1,1,0,0,0
high_capacity,seg-basic|patch+1|det1|iso0|bak-connected|idm1,segmentation=basic; patch+1 levels; faster detection; backups=connected; identity controls,12.0,25,3.4879999999999995,2.0237999999999996,5.216199999999999,1.4,9.880000000000003,0.0,0.005462566032971992,0.0,1,0,1,1,1,0,0,1
high_capacity,seg-basic|patch+1|det1|iso0|bak-isolated|idm0,segmentation=basic; patch+1 levels; faster detection; backups=isolated,10.0,25,2.3680000000000003,1.2318,3.8002,1.4,5.6800000000000015,0.0,0.007239822622159172,0.0,1,0,1,1,1,0,1,0
high_capacity,seg-basic|patch+1|det1|iso0|bak-isolated|idm1,segmentation=basic; patch+1 levels; faster detection; backups=isolated; identity controls,14.0,25,2.721,1.2080000000000002,4.572174999999999,1.2,9.880000000000003,0.0,0.005859658287581765,0.0,1,0,1,1,1,0,1,1
high_capacity,seg-basic|patch+1|det1|iso1|bak-connected|idm0,segmentation=basic; patch+1 levels; faster detection; rapid isolation; backups=connected,13.0,25,4.664,2.616,7.064,1.8,12.360000000000005,0.0,0.005479898088309971,0.0,1,0,1,1,1,1,0,0
high_capacity,seg-basic|patch+1|det1|iso1|bak-connected|idm1,segmentation=basic; patch+1 levels; faster detection; rapid isolation; backups=connected; identity controls,17.0,25,4.352,1.7838,7.6402,0.0,16.48000000000001,0.0,0.005135006077914378,0.0,1,0,1,1,1,1,0,1
high_capacity,seg-basic|patch+1|det1|iso1|bak-isolated|idm0,segmentation=basic; patch+1 levels; faster detection; rapid isolation; backups=isolated,15.0,25,1.5120000000000002,0.6,2.7281999999999997,0.0,3.6000000000000014,0.0,0.005051801422510984,0.0,1,0,1,1,1,1,1,0
high_capacity,seg-basic|patch+1|det1|iso1|bak-isolated|idm1,segmentation=basic; patch+1 levels; faster detection; rapid isolation; backups=isolated; identity controls,19.0,25,2.293,0.445,5.232199999999999,0.0,3.4750000000000005,0.04,0.004895184968547678,0.0,1,0,1,1,1,1,1,1
high_capacity,seg-basic|patch+2|det0|iso0|bak-connected|idm0,segmentation=basic; patch+2 levels; backups=connected,5.0,25,5.633000000000001,3.0858250000000003,8.870474999999999,1.8,14.66,0.12,0.010635181820640867,0.04,1,0,1,2,0,0,0,0
high_capacity,seg-basic|patch+2|det0|iso0|bak-connected|idm1,segmentation=basic; patch+2 levels; backups=connected; identity controls,9.0,25,3.052,1.5439,4.828199999999999,1.8,7.640000000000007,0.0,0.007129805495227357,0.0,1,0,1,2,0,0,0,1
high_capacity,seg-basic|patch+2|det0|iso0|bak-isolated|idm0,segmentation=basic; patch+2 levels; backups=isolated,7.0,25,3.2159999999999997,1.3678000000000001,5.404,1.2,9.46,0.04,0.009670265480905962,0.0,1,0,1,2,0,0,1,0
high_capacity,seg-basic|patch+2|det0|iso0|bak-isolated|idm1,segmentation=basic; patch+2 levels; backups=isolated; identity controls,11.0,25,4.307,2.00385,7.014399999999999,2.0,13.540000000000004,0.08,0.007530005090194431,0.0,1,0,1,2,0,0,1,1
high_capacity,seg-basic|patch+2|det0|iso1|bak-connected|idm0,segmentation=basic; patch+2 levels; rapid isolation; backups=connected,10.0,25,4.444,2.2279,7.176299999999998,1.8,12.26,0.04,0.006935912564632265,0.0,1,0,1,2,0,1,0,0
high_capacity,seg-basic|patch+2|det0|iso1|bak-connected|idm1,segmentation=basic; patch+2 levels; rapid isolation; backups=connected; identity controls,14.0,25,1.9460000000000002,0.9379500000000002,3.1540000000000004,0.8,6.23,0.0,0.006162554192434504,0.0,1,0,1,2,0,1,0,1
high_capacity,seg-basic|patch+2|det0|iso1|bak-isolated|idm0,segmentation=basic; patch+2 levels; rapid isolation; backups=isolated,12.0,25,4.6080000000000005,1.7519999999999998,8.272199999999998,1.4,10.440000000000001,0.04,0.005863671192603893,0.0,1,0,1,2,0,1,1,0
high_capacity,seg-basic|patch+2|det0|iso1|bak-isolated|idm1,segmentation=basic; patch+2 levels; rapid isolation; backups=isolated; identity controls,16.0,25,2.413,1.0858499999999998,3.931025,0.0,9.505,0.04,0.006039146948106251,0.0,1,0,1,2,0,1,1,1
high_capacity,seg-basic|patch+2|det1|iso0|bak-connected|idm0,segmentation=basic; patch+2 levels; faster detection; backups=connected,8.0,25,4.508000000000001,2.1517999999999997,7.4441,1.8,14.760000000000009,0.0,0.004567687844981924,0.0,1,0,1,2,1,0,0,0
high_capacity,seg-basic|patch+2|det1|iso0|bak-connected|idm1,segmentation=basic; patch+2 levels; faster detection; backups=connected; identity controls,12.0,25,3.536,1.808,5.448199999999998,1.4,12.0,0.04,0.004751315661365,0.04,1,0,1,2,1,0,0,1
high_capacity,seg-basic|patch+2|det1|iso0|bak-isolated|idm0,segmentation=basic; patch+2 levels; faster detection; backups=isolated,10.0,25,4.582,2.3358,7.3601,2.0,11.400000000000004,0.04,0.006432301095951815,0.0,1,0,1,2,1,0,1,0
high_capacity,seg-basic|patch+2|det1|iso0|bak-isolated|idm1,segmentation=basic; patch+2 levels; faster detection; backups=isolated; identity controls,14.0,25,2.656,1.2477999999999998,4.168399999999998,0.0,8.920000000000009,0.0,0.005098173090235233,0.0,1,0,1,2,1,0,1,1
high_capacity,seg-basic|patch+2|det1|iso1|bak-connected|idm0,segmentation=basic; patch+2 levels; faster detection; rapid isolation; backups=connected,13.0,25,2.552,0.9280000000000002,4.504999999999995,1.2,8.600000000000014,0.0,0.004996721055806997,0.0,1,0,1,2,1,1,0,0
high_capacity,seg-basic|patch+2|det1|iso1|bak-connected|idm1,segmentation=basic; patch+2 levels; faster detection; rapid isolation; backups=connected; identity controls,17.0,25,2.648,1.0839,4.520299999999998,0.0,11.560000000000002,0.04,0.004876158009352279,0.0,1,0,1,2,1,1,0,1
high_capacity,seg-basic|patch+2|det1|iso1|bak-isolated|idm0,segmentation=basic; patch+2 levels; faster detection; rapid isolation; backups=isolated,15.0,25,2.04,0.6880000000000002,3.7760000000000002,0.0,6.72,0.0,0.004823630319002521,0.0,1,0,1,2,1,1,1,0
high_capacity,seg-basic|patch+2|det1|iso1|bak-isolated|idm1,segmentation=basic; patch+2 levels; faster detection; rapid isolation; backups=isolated; identity controls,19.0,25,2.9419999999999997,1.4479000000000002,4.534249999999998,1.4,10.480000000000004,0.0,0.0041392984781345,0.0,1,0,1,2,1,1,1,1
high_capacity,seg-flat|patch+0|det0|iso0|bak-connected|idm0,segmentation=flat; backups=connected,0.0,25,10.665,5.315,17.561125,4.949999999999999,37.22500000000001,0.32,0.06973333383804675,0.44,0,0,0,0,0,0,0,0
high_capacity,seg-flat|patch+0|det0|iso0|bak-connected|idm1,segmentation=flat; backups=connected; identity controls,4.0,25,11.052000000000003,5.5958250000000005,17.265249999999998,2.875,38.54000000000002,0.32,0.08552593909014815,0.4,0,0,0,0,0,0,0,1
high_capacity,seg-flat|patch+0|det0|iso0|bak-isolated|idm0,segmentation=flat; backups=isolated,2.0,25,8.580000000000002,3.414925,15.330174999999999,2.6,20.27500000000001,0.28,0.06532125777934976,0.0,0,0,0,0,0,0,1,0
high_capacity,seg-flat|patch+0|det0|iso0|bak-isolated|idm1,segmentation=flat; backups=isolated; identity controls,6.0,25,9.24,5.952850000000001,13.360449999999997,6.4,24.28000000000001,0.28,0.0799751914414995,0.0,0,0,0,0,0,0,1,1
high_capacity,seg-flat|patch+0|det0|iso1|bak-connected|idm0,segmentation=flat; rapid isolation; backups=connected,5.0,25,6.862,2.4775250000000004,12.99694999999999,1.4000000000000001,14.00000000000001,0.12,0.03599420205028439,0.16,0,0,0,0,0,1,0,0
high_capacity,seg-flat|patch+0|det0|iso1|bak-connected|idm1,segmentation=flat; rapid isolation; backups=connected; identity controls,9.0,25,3.5620000000000003,1.4919,6.682549999999997,1.6,7.140000000000007,0.08,0.02196492606027732,0.2,0,0,0,0,0,1,0,1
high_capacity,seg-flat|patch+0|det0|iso1|bak-isolated|idm0,segmentation=flat; rapid isolation; backups=isolated,7.0,25,5.43,2.0836500000000004,10.053874999999998,2.0,15.610000000000014,0.08,0.027441632534287563,0.0,0,0,0,0,0,1,1,0
high_capacity,seg-flat|patch+0|det0|iso1|bak-isolated|idm1,segmentation=flat; rapid isolation; backups=isolated; identity controls,11.0,25,3.2769999999999997,1.7466750000000002,4.9772,1.8,9.855000000000002,0.16,0.03571818405323507,0.0,0,0,0,0,0,1,1,1
high_capacity,seg-flat|patch+0|det1|iso0|bak-connected|idm0,segmentation=flat; faster detection; backups=connected,3.0,25,2.8560000000000003,1.3758,4.536399999999999,1.2,9.040000000000004,0.0,0.010973511147294598,0.08,0,0,0,0,1,0,0,0
high_capacity,seg-flat|patch+0|det1|iso0|bak-connected|idm1,segmentation=flat; faster detection; backups=connected; identity controls,7.0,25,2.88,0.9999,5.3201,0.0,10.360000000000012,0.04,0.010903841250094358,0.12,0,0,0,0,1,0,0,1
high_capacity,seg-flat|patch+0|det1|iso0|bak-isolated|idm0,segmentation=flat; faster detection; backups=isolated,5.0,25,3.366,1.62795,5.376100000000001,0.8,10.72,0.0,0.011889733810590915,0.0,0,0,0,0,1,0,1,0
high_capacity,seg-flat|patch+0|det1|iso0|bak-isolated|idm1,segmentation=flat; faster detection; backups=isolated; identity controls,9.0,25,4.155,1.865,7.174249999999998,2.0,12.330000000000004,0.04,0.009546656591976368,0.0,0,0,0,0,1,0,1,1
high_capacity,seg-flat|patch+0|det1|iso1|bak-connected|idm0,segmentation=flat; faster detection; rapid isolation; backups=connected,8.0,25,2.964,1.456,4.6400999999999994,1.2,9.4,0.04,0.006176356894190215,0.08,0,0,0,0,1,1,0,0
high_capacity,seg-flat|patch+0|det1|iso1|bak-connected|idm1,segmentation=flat; faster detection; rapid isolation; backups=connected; identity controls,12.0,25,4.144,2.0638,7.071999999999999,2.0,10.360000000000003,0.08,0.00577455520727965,0.04,0,0,0,0,1,1,0,1
high_capacity,seg-flat|patch+0|det1|iso1|bak-isolated|idm0,segmentation=flat; faster detection; rapid isolation; backups=isolated,10.0,25,2.728,1.04,4.848399999999999,0.8,10.600000000000003,0.0,0.006361984210284358,0.0,0,0,0,0,1,1,1,0
high_capacity,seg-flat|patch+0|det1|iso1|bak-isolated|idm1,segmentation=flat; faster detection; rapid isolation; backups=isolated; identity controls,14.0,25,4.722,2.4118749999999998,7.5205499999999965,2.0,16.660000000000007,0.12,0.006681181453524667,0.0,0,0,0,0,1,1,1,1
high_capacity,seg-flat|patch+1|det0|iso0|bak-connected|idm0,segmentation=flat; patch+1 levels; backups=connected,2.0,25,9.051000000000002,3.284824999999999,17.123599999999996,2.2,25.80500000000001,0.16,0.0414244958429499,0.28,0,0,1,1,0,0,0,0
high_capacity,seg-flat|patch+1|det0|iso0|bak-connected|idm1,segmentation=flat; patch+1 levels; backups=connected; identity controls,6.0,25,5.130999999999999,1.6998499999999999,9.78115,1.2,15.610000000000015,0.12,0.018796662327354486,0.12,0,0,1,1,0,0,0,1
high_capacity,seg-flat|patch+1|det0|iso0|bak-isolated|idm0,segmentation=flat; patch+1 levels; backups=isolated,4.0,25,6.742999999999999,3.0238000000000005,11.70005,2.6,15.16000000000001,0.08,0.02207128662911305,0.0,0,0,1,1,0,0,1,0
high_capacity,seg-flat|patch+1|det0|iso0|bak-isolated|idm1,segmentation=flat; patch+1 levels; backups=isolated; identity controls,8.0,25,5.768,1.9759,11.642175,2.0999999999999996,9.39,0.12,0.023003389753653906,0.0,0,0,1,1,0,0,1,1
high_capacity,seg-flat|patch+1|det0|iso1|bak-connected|idm0,segmentation=flat; patch+1 levels; rapid isolation; backups=connected,7.0,25,4.902,2.9958000000000005,6.9061499999999985,3.8,12.03,0.04,0.01523287165996422,0.24,0,0,1,1,0,1,0,0
high_capacity,seg-flat|patch+1|det0|iso1|bak-connected|idm1,segmentation=flat; patch+1 levels; rapid isolation; backups=connected; identity controls,11.0,25,4.329000000000001,2.26195,6.861099999999999,1.6,14.060000000000004,0.08,0.017471524474397458,0.12,0,0,1,1,0,1,0,1
high_capacity,seg-flat|patch+1|det0|iso1|bak-isolated|idm0,segmentation=flat; patch+1 levels; rapid isolation; backups=isolated,9.0,25,2.7289999999999996,1.11255,4.574424999999998,0.2,10.880000000000003,0.08,0.008950127108686956,0.0,0,0,1,1,0,1,1,0
high_capacity,seg-flat|patch+1|det0|iso1|bak-isolated|idm1,segmentation=flat; patch+1 levels; rapid isolation; backups=isolated; identity controls,13.0,25,3.59,1.74195,5.704199999999999,1.55,11.920000000000005,0.04,0.010611342513723804,0.0,0,0,1,1,0,1,1,1
high_capacity,seg-flat|patch+1|det1|iso0|bak-connected|idm0,segmentation=flat; patch+1 levels; faster detection; backups=connected,5.0,25,3.638000000000001,1.9356000000000002,5.624249999999998,1.4,11.520000000000005,0.0,0.008159843183827137,0.04,0,0,1,1,1,0,0,0
high_capacity,seg-flat|patch+1|det1|iso0|bak-connected|idm1,segmentation=flat; patch+1 levels; faster detection; backups=connected; identity controls,9.0,25,3.58,1.8679000000000001,5.54,1.4,11.040000000000001,0.0,0.009112694558390741,0.04,0,0,1,1,1,0,0,1
high_capacity,seg-flat|patch+1|det1|iso0|bak-isolated|idm0,segmentation=flat; patch+1 levels; faster detection; backups=isolated,7.0,25,3.18,1.4937499999999997,5.298100000000001,1.8,9.4,0.04,0.007828637923250292,0.0,0,0,1,1,1,0,1,0
high_capacity,seg-flat|patch+1|det1|iso0|bak-isolated|idm1,segmentation=flat; patch+1 levels; faster detection; backups=isolated; identity controls,11.0,25,1.973,0.9088,3.248649999999997,0.8,4.2,0.0,0.0065767075793592535,0.0,0,0,1,1,1,0,1,1
high_capacity,seg-flat|patch+1|det1|iso1|bak-connected|idm0,segmentation=flat; patch+1 levels; faster detection; rapid isolation; backups=connected,10.0,25,3.1069999999999998,1.15395,5.644050000000001,0.0,11.940000000000005,0.04,0.005049962615546569,0.04,0,0,1,1,1,1,0,0
high_capacity,seg-flat|patch+1|det1|iso1|bak-connected|idm1,segmentation=flat; patch+1 levels; faster detection; rapid isolation; backups=connected; identity controls,14.0,25,1.6789999999999998,0.56,3.094349999999998,0.0,4.560000000000004,0.04,0.005844433667776689,0.0,0,0,1,1,1,1,0,1
high_capacity,seg-flat|patch+1|det1|iso1|bak-isolated|idm0,segmentation=flat; patch+1 levels; faster detection; rapid isolation; backups=isolated,12.0,25,2.06,0.4398,4.232499999999997,0.0,8.080000000000013,0.0,0.00510503160997715,0.0,0,0,1,1,1,1,1,0
high_capacity,seg-flat|patch+1|det1|iso1|bak-isolated|idm1,segmentation=flat; patch+1 levels; faster detection; rapid isolation; backups=isolated; identity controls,16.0,25,1.354,0.52795,2.320149999999999,0.0,4.580000000000001,0.0,0.0050457102413899065,0.0,0,0,1,1,1,1,1,1
high_capacity,seg-flat|patch+2|det0|iso0|bak-connected|idm0,segmentation=flat; patch+2 levels; backups=connected,2.0,25,8.11,3.697875,14.23622499999999,5.199999999999999,16.665000000000006,0.2,0.03040957549416384,0.24,0,0,1,2,0,0,0,0
high_capacity,seg-flat|patch+2|det0|iso0|bak-connected|idm1,segmentation=flat; patch+2 levels; backups=connected; identity controls,6.0,25,6.923000000000001,2.2158999999999995,14.63705,1.6,13.110000000000001,0.16,0.030731545054920036,0.12,0,0,1,2,0,0,0,1
high_capacity,seg-flat|patch+2|det0|iso0|bak-isolated|idm0,segmentation=flat; patch+2 levels; backups=isolated,4.0,25,6.114,3.6510000000000002,9.079374999999999,4.6,13.350000000000009,0.2,0.03356752190460068,0.0,0,0,1,2,0,0,1,0
high_capacity,seg-flat|patch+2|det0|iso0|bak-isolated|idm1,segmentation=flat; patch+2 levels; backups=isolated; identity controls,8.0,25,2.178,0.8800000000000001,3.8160999999999996,0.0,5.32,0.08,0.024669625315815232,0.0,0,0,1,2,0,0,1,1
high_capacity,seg-flat|patch+2|det0|iso1|bak-connected|idm0,segmentation=flat; patch+2 levels; rapid isolation; backups=connected,7.0,25,4.36,2.24765,6.704899999999995,2.0,13.750000000000002,0.12,0.016565855119201906,0.04,0,0,1,2,0,1,0,0
high_capacity,seg-flat|patch+2|det0|iso1|bak-connected|idm1,segmentation=flat; patch+2 levels; rapid isolation; backups=connected; identity controls,11.0,25,6.401000000000002,3.183675,10.360474999999994,2.0,14.520000000000007,0.08,0.015045365518237515,0.12,0,0,1,2,0,1,0,1
high_capacity,seg-flat|patch+2|det0|iso1|bak-isolated|idm0,segmentation=flat; patch+2 levels; rapid isolation; backups=isolated,9.0,25,1.6119999999999999,1.024,2.212,1.4,3.9200000000000004,0.0,0.008616221212043947,0.0,0,0,1,2,0,1,1,0
high_capacity,seg-flat|patch+2|det0|iso1|bak-isolated|idm1,segmentation=flat; patch+2 levels; rapid isolation; backups=isolated; identity controls,13.0,25,3.5860000000000003,2.0219750000000003,5.466174999999999,1.4,11.64,0.12,0.012736303526341202,0.0,0,0,1,2,0,1,1,1
high_capacity,seg-flat|patch+2|det1|iso0|bak-connected|idm0,segmentation=flat; patch+2 levels; faster detection; backups=connected,5.0,25,2.1280000000000006,0.9558000000000001,3.528399999999998,0.0,7.720000000000006,0.0,0.006595502478670544,0.0,0,0,1,2,1,0,0,0
high_capacity,seg-flat|patch+2|det1|iso0|bak-connected|idm1,segmentation=flat; patch+2 levels; faster detection; backups=connected; identity controls,9.0,25,2.568,1.3835999999999997,4.176199999999999,1.4,7.560000000000007,0.0,0.005641723732275291,0.04,0,0,1,2,1,0,0,1
high_capacity,seg-flat|patch+2|det1|iso0|bak-isolated|idm0,segmentation=flat; patch+2 levels; faster detection; backups=isolated,7.0,25,2.1490000000000005,1.1969249999999998,3.2844249999999975,0.8,5.4,0.0,0.0074478558154457706,0.0,0,0,1,2,1,0,1,0
high_capacity,seg-flat|patch+2|det1|iso0|bak-isolated|idm1,segmentation=flat; patch+2 levels; faster detection; backups=isolated; identity controls,11.0,25,3.752,1.8237999999999999,6.0642,1.6,10.360000000000003,0.0,0.0075475526656261895,0.0,0,0,1,2,1,0,1,1
high_capacity,seg-flat|patch+2|det1|iso1|bak-connected|idm0,segmentation=flat; patch+2 levels; faster detection; rapid isolation; backups=connected,10.0,25,2.366,0.9738500000000001,4.016149999999999,0.0,8.680000000000007,0.04,0.005156123579218282,0.0,0,0,1,2,1,1,0,0
high_capacity,seg-flat|patch+2|det1|iso1|bak-connected|idm1,segmentation=flat; patch+2 levels; faster detection; rapid isolation; backups=connected; identity controls,14.0,25,1.8560000000000003,0.5518,3.5439999999999996,0.0,6.320000000000003,0.0,0.005308496014308071,0.0,0,0,1,2,1,1,0,1
high_capacity,seg-flat|patch+2|det1|iso1|bak-isolated|idm0,segmentation=flat; patch+2 levels; faster detection; rapid isolation; backups=isolated,12.0,25,2.744,1.3117999999999999,4.480199999999999,1.4,9.840000000000007,0.0,0.005205401527437167,0.0,0,0,1,2,1,1,1,0
high_capacity,seg-flat|patch+2|det1|iso1|bak-isolated|idm1,segmentation=flat; patch+2 levels; faster detection; rapid isolation; backups=isolated; identity controls,16.0,25,3.0320000000000005,1.432,5.208999999999994,1.6,7.680000000000003,0.0,0.0051503301958825175,0.0,0,0,1,2,1,1,1,1
high_capacity,seg-least_privilege|patch+0|det0|iso0|bak-connected|idm0,segmentation=least_privilege; backups=connected,5.0,25,3.488000000000001,1.5200000000000002,6.008199999999998,1.6,10.200000000000003,0.0,0.0068756845769327255,0.0,0,1,0,0,0,0,0,0
high_capacity,seg-least_privilege|patch+0|det0|iso0|bak-connected|idm1,segmentation=least_privilege; backups=connected; identity controls,9.0,25,4.557,2.6498749999999998,7.0321,3.0,9.780000000000005,0.0,0.00840748758177538,0.04,0,1,0,0,0,0,0,1
high_capacity,seg-least_privilege|patch+0|det0|iso0|bak-isolated|idm0,segmentation=least_privilege; backups=isolated,7.0,25,4.898,2.9214500000000005,6.928050000000001,2.8,12.84,0.0,0.005881775510391803,0.0,0,1,0,0,0,0,1,0
high_capacity,seg-least_privilege|patch+0|det0|iso0|bak-isolated|idm1,segmentation=least_privilege; backups=isolated; identity controls,11.0,25,4.448,2.380000000000001,7.4479999999999995,2.0,10.600000000000003,0.0,0.009353073763889736,0.0,0,1,0,0,0,0,1,1
high_capacity,seg-least_privilege|patch+0|det0|iso1|bak-connected|idm0,segmentation=least_privilege; rapid isolation; backups=connected,10.0,25,4.03,2.22925,6.000149999999999,1.8,12.040000000000008,0.04,0.006075702497652102,0.0,0,1,0,0,0,1,0,0
high_capacity,seg-least_privilege|patch+0|det0|iso1|bak-connected|idm1,segmentation=least_privilege; rapid isolation; backups=connected; identity controls,14.0,25,3.1720000000000006,1.6157999999999997,5.004099999999999,1.4,8.840000000000002,0.04,0.006276183989557156,0.0,0,1,0,0,0,1,0,1
high_capacity,seg-least_privilege|patch+0|det0|iso1|bak-isolated|idm0,segmentation=least_privilege; rapid isolation; backups=isolated,12.0,25,4.5440000000000005,2.4640000000000004,6.8401999999999985,1.8,12.360000000000003,0.0,0.006015861639206136,0.0,0,1,0,0,0,1,1,0
high_capacity,seg-least_privilege|patch+0|det0|iso1|bak-isolated|idm1,segmentation=least_privilege; rapid isolation; backups=isolated; identity controls,16.0,25,4.402,2.4879000000000002,6.626199999999999,2.6,10.96,0.08,0.005461986970625566,0.0,0,1,0,0,0,1,1,1
high_capacity,seg-least_privilege|patch+0|det1|iso0|bak-connected|idm0,segmentation=least_privilege; faster detection; backups=connected,8.0,25,3.36,1.7200000000000002,5.376999999999995,1.6,8.000000000000005,0.0,0.006252273284741879,0.0,0,1,0,0,1,0,0,0
high_capacity,seg-least_privilege|patch+0|det1|iso0|bak-connected|idm1,segmentation=least_privilege; faster detection; backups=connected; identity controls,12.0,25,2.78,1.3359000000000003,4.312499999999997,1.2,9.880000000000003,0.0,0.00703572942913957,0.0,0,1,0,0,1,0,0,1
high_capacity,seg-least_privilege|patch+0|det1|iso0|bak-isolated|idm0,segmentation=least_privilege; faster detection; backups=isolated,10.0,25,4.184,2.2478000000000002,6.208000000000001,1.8,11.52,0.0,0.004534804825697662,0.0,0,1,0,0,1,0,1,0
high_capacity,seg-least_privilege|patch+0|det1|iso0|bak-isolated|idm1,segmentation=least_privilege; faster detection; backups=isolated; identity controls,14.0,25,2.0460000000000003,0.7359500000000001,3.68805,0.0,8.120000000000012,0.04,0.004697712857358011,0.0,0,1,0,0,1,0,1,1
high_capacity,seg-least_privilege|patch+0|det1|iso1|bak-connected|idm0,segmentation=least_privilege; faster detection; rapid isolation; backups=connected,13.0,25,3.7730000000000006,1.9884750000000002,5.829000000000001,1.4,12.875000000000002,0.0,0.005279000462014543,0.0,0,1,0,0,1,1,0,0
high_capacity,seg-least_privilege|patch+0|det1|iso1|bak-connected|idm1,segmentation=least_privilege; faster detection; rapid isolation; backups=connected; identity controls,17.0,25,4.727,2.0068,7.9091499999999995,1.6,11.345000000000002,0.04,0.0052770628344296355,0.0,0,1,0,0,1,1,0,1
high_capacity,seg-least_privilege|patch+0|det1|iso1|bak-isolated|idm0,segmentation=least_privilege; faster detection; rapid isolation; backups=isolated,15.0,25,1.8370000000000004,0.624,3.4025999999999974,0.0,6.0800000000000045,0.04,0.004783712536141957,0.0,0,1,0,0,1,1,1,0
high_capacity,seg-least_privilege|patch+0|det1|iso1|bak-isolated|idm1,segmentation=least_privilege; faster detection; rapid isolation; backups=isolated; identity controls,19.0,25,2.2140000000000004,0.392,4.42425,0.0,7.120000000000002,0.04,0.005177483331663857,0.0,0,1,0,0,1,1,1,1
high_capacity,seg-least_privilege|patch+1|det0|iso0|bak-connected|idm0,segmentation=least_privilege; patch+1 levels; backups=connected,7.0,25,3.7840000000000003,1.8634000000000002,6.1684,1.8,12.64000000000001,0.04,0.005611634189437986,0.0,0,1,1,1,0,0,0,0
high_capacity,seg-least_privilege|patch+1|det0|iso0|bak-connected|idm1,segmentation=least_privilege; patch+1 levels; backups=connected; identity controls,11.0,25,3.3450000000000006,1.7840000000000003,4.999124999999999,2.0,9.549999999999999,0.08,0.006724530162161099,0.0,0,1,1,1,0,0,0,1
high_capacity,seg-least_privilege|patch+1|det0|iso0|bak-isolated|idm0,segmentation=least_privilege; patch+1 levels; backups=isolated,9.0,25,2.213,1.002875,3.726274999999998,0.0,8.080000000000004,0.0,0.006424189756424812,0.0,0,1,1,1,0,0,1,0
high_capacity,seg-least_privilege|patch+1|det0|iso0|bak-isolated|idm1,segmentation=least_privilege; patch+1 levels; backups=isolated; identity controls,13.0,25,3.1529999999999996,1.7280000000000002,4.843149999999999,1.4,10.240000000000002,0.04,0.005858634185007031,0.0,0,1,1,1,0,0,1,1
high_capacity,seg-least_privilege|patch+1|det0|iso1|bak-connected|idm0,segmentation=least_privilege; patch+1 levels; rapid isolation; backups=connected,12.0,25,2.4,1.0958000000000003,3.9441999999999995,0.0,9.4,0.0,0.0046750592040490655,0.04,0,1,1,1,0,1,0,0
high_capacity,seg-least_privilege|patch+1|det0|iso1|bak-connected|idm1,segmentation=least_privilege; patch+1 levels; rapid isolation; backups=connected; identity controls,16.0,25,1.9060000000000001,0.5038,3.632149999999999,0.0,6.840000000000009,0.04,0.0061383252479819414,0.0,0,1,1,1,0,1,0,1
high_capacity,seg-least_privilege|patch+1|det0|iso1|bak-isolated|idm0,segmentation=least_privilege; patch+1 levels; rapid isolation; backups=isolated,14.0,25,3.8080000000000003,2.0159,5.7521,1.2,12.660000000000004,0.12,0.005447412555068973,0.0,0,1,1,1,0,1,1,0
high_capacity,seg-least_privilege|patch+1|det0|iso1|bak-isolated|idm1,segmentation=least_privilege; patch+1 levels; rapid isolation; backups=isolated; identity controls,18.0,25,2.2010000000000005,0.7120000000000001,4.0051749999999995,0.0,7.365000000000012,0.04,0.005430940715913455,0.0,0,1,1,1,0,1,1,1
high_capacity,seg-least_privilege|patch+1|det1|iso0|bak-connected|idm0,segmentation=least_privilege; patch+1 levels; faster detection; backups=connected,10.0,25,2.1830000000000003,0.8638000000000001,4.05515,0.0,4.8000000000000025,0.0,0.005712125663461195,0.0,0,1,1,1,1,0,0,0
high_capacity,seg-least_privilege|patch+1|det1|iso0|bak-connected|idm1,segmentation=least_privilege; patch+1 levels; faster detection; backups=connected; identity controls,14.0,25,2.988,1.3518,4.888199999999999,0.0,10.840000000000002,0.04,0.005257229741977045,0.0,0,1,1,1,1,0,0,1
high_capacity,seg-least_privilege|patch+1|det1|iso0|bak-isolated|idm0,segmentation=least_privilege; patch+1 levels; faster detection; backups=isolated,12.0,25,3.1660000000000004,1.64,5.268299999999999,1.6,9.160000000000005,0.04,0.0049706537237922364,0.0,0,1,1,1,1,0,1,0
high_capacity,seg-least_privilege|patch+1|det1|iso0|bak-isolated|idm1,segmentation=least_privilege; patch+1 levels; faster detection; backups=isolated; identity controls,16.0,25,3.4400000000000004,2.0318,5.120399999999998,2.0,9.4,0.0,0.005057481722635489,0.0,0,1,1,1,1,0,1,1
high_capacity,seg-least_privilege|patch+1|det1|iso1|bak-connected|idm0,segmentation=least_privilege; patch+1 levels; faster detection; rapid isolation; backups=connected,15.0,25,2.658000000000001,1.08975,4.864299999999999,0.0,6.2,0.0,0.004508239357036138,0.0,0,1,1,1,1,1,0,0
high_capacity,seg-least_privilege|patch+1|det1|iso1|bak-connected|idm1,segmentation=least_privilege; patch+1 levels; faster detection; rapid isolation; backups=connected; identity controls,19.0,25,4.246,2.3198000000000003,6.588050000000001,1.8,11.080000000000004,0.0,0.0043530048262941995,0.0,0,1,1,1,1,1,0,1
high_capacity,seg-least_privilege|patch+1|det1|iso1|bak-isolated|idm0,segmentation=least_privilege; patch+1 levels; faster detection; rapid isolation; backups=isolated,17.0,25,4.024,2.0396,6.416199999999999,1.8,11.960000000000004,0.0,0.004463295849405473,0.0,0,1,1,1,1,1,1,0
high_capacity,seg-least_privilege|patch+1|det1|iso1|bak-isolated|idm1,segmentation=least_privilege; patch+1 levels; faster detection; rapid isolation; backups=isolated; identity controls,21.0,25,1.909,0.871725,3.046124999999999,0.0,4.6,0.0,0.004939888164674177,0.0,0,1,1,1,1,1,1,1
high_capacity,seg-least_privilege|patch+2|det0|iso0|bak-connected|idm0,segmentation=least_privilege; patch+2 levels; backups=connected,7.0,25,1.8719999999999999,0.8079999999999999,3.240399999999998,0.8,4.240000000000004,0.0,0.005994868993158077,0.0,0,1,1,2,0,0,0,0
high_capacity,seg-least_privilege|patch+2|det0|iso0|bak-connected|idm1,segmentation=least_privilege; patch+2 levels; backups=connected; identity controls,11.0,25,3.772,2.0474,5.7761999999999984,1.2,10.480000000000004,0.0,0.006360248496479972,0.04,0,1,1,2,0,0,0,1
high_capacity,seg-least_privilege|patch+2|det0|iso0|bak-isolated|idm0,segmentation=least_privilege; patch+2 levels; backups=isolated,9.0,25,4.582,2.6639,6.531224999999999,2.5999999999999996,13.080000000000002,0.08,0.006083656914834412,0.0,0,1,1,2,0,0,1,0
high_capacity,seg-least_privilege|patch+2|det0|iso0|bak-isolated|idm1,segmentation=least_privilege; patch+2 levels; backups=isolated; identity controls,13.0,25,5.097,3.0157999999999996,7.578399999999998,3.0,10.800000000000002,0.08,0.007789241591908706,0.0,0,1,1,2,0,0,1,1
high_capacity,seg-least_privilege|patch+2|det0|iso1|bak-connected|idm0,segmentation=least_privilege; patch+2 levels; rapid isolation; backups=connected,12.0,25,3.2689999999999997,1.6476000000000002,4.9941249999999995,1.2,10.96,0.0,0.005050473085310503,0.0,0,1,1,2,0,1,0,0
high_capacity,seg-least_privilege|patch+2|det0|iso1|bak-connected|idm1,segmentation=least_privilege; patch+2 levels; rapid isolation; backups=connected; identity controls,16.0,25,3.8240000000000007,1.3840000000000001,6.560199999999998,0.0,16.760000000000012,0.04,0.004826562625565411,0.0,0,1,1,2,0,1,0,1
high_capacity,seg-least_privilege|patch+2|det0|iso1|bak-isolated|idm0,segmentation=least_privilege; patch+2 levels; rapid isolation; backups=isolated,14.0,25,2.992,1.3118000000000003,5.016199999999999,1.4,8.12,0.04,0.0054982547531606555,0.0,0,1,1,2,0,1,1,0
high_capacity,seg-least_privilege|patch+2|det0|iso1|bak-isolated|idm1,segmentation=least_privilege; patch+2 levels; rapid isolation; backups=isolated; identity controls,18.0,25,2.3680000000000003,1.04,3.9521999999999995,0.0,8.600000000000003,0.0,0.005015212455877382,0.0,0,1,1,2,0,1,1,1
high_capacity,seg-least_privilege|patch+2|det1|iso0|bak-connected|idm0,segmentation=least_privilege; patch+2 levels; faster detection; backups=connected,10.0,25,2.9530000000000007,1.35985,5.038125,0.8,7.900000000000006,0.04,0.004597406974073444,0.0,0,1,1,2,1,0,0,0
high_capacity,seg-least_privilege|patch+2|det1|iso0|bak-connected|idm1,segmentation=least_privilege; patch+2 levels; faster detection; backups=connected; identity controls,14.0,25,4.263999999999999,2.2636000000000003,6.432199999999999,1.4,11.880000000000003,0.0,0.005404452688487307,0.0,0,1,1,2,1,0,0,1
high_capacity,seg-least_privilege|patch+2|det1|iso0|bak-isolated|idm0,segmentation=least_privilege; patch+2 levels; faster detection; backups=isolated,12.0,25,2.5690000000000004,1.007825,4.385025,0.0,10.975000000000005,0.04,0.005561013918108216,0.0,0,1,1,2,1,0,1,0
high_capacity,seg-least_privilege|patch+2|det1|iso0|bak-isolated|idm1,segmentation=least_privilege; patch+2 levels; faster detection; backups=isolated; identity controls,16.0,25,2.6180000000000003,1.27185,4.0802499999999995,0.0,10.22,0.04,0.004766262635177485,0.0,0,1,1,2,1,0,1,1
high_capacity,seg-least_privilege|patch+2|det1|iso1|bak-connected|idm0,segmentation=least_privilege; patch+2 levels; faster detection; rapid isolation; backups=connected,15.0,25,4.166,1.9198,6.482799999999996,0.0,12.840000000000002,0.04,0.004786299575125752,0.0,0,1,1,2,1,1,0,0
high_capacity,seg-least_privilege|patch+2|det1|iso1|bak-connected|idm1,segmentation=least_privilege; patch+2 levels; faster detection; rapid isolation; backups=connected; identity controls,19.0,25,1.9320000000000002,0.9479,3.1525999999999974,0.8,5.200000000000004,0.0,0.004973383608701264,0.0,0,1,1,2,1,1,0,1
high_capacity,seg-least_privilege|patch+2|det1|iso1|bak-isolated|idm0,segmentation=least_privilege; patch+2 levels; faster detection; rapid isolation; backups=isolated,17.0,25,4.303999999999999,2.8718,5.824199999999999,3.8000000000000003,10.480000000000004,0.0,0.0047780742377959845,0.0,0,1,1,2,1,1,1,0
high_capacity,seg-least_privilege|patch+2|det1|iso1|bak-isolated|idm1,segmentation=least_privilege; patch+2 levels; faster detection; rapid isolation; backups=isolated; identity controls,21.0,25,1.7280000000000002,0.7198,3.0403999999999978,0.8,3.5600000000000023,0.0,0.0045355123980980626,0.0,0,1,1,2,1,1,1,1
intermediate_capacity,seg-basic|patch+0|det0|iso0|bak-connected|idm0,segmentation=basic; backups=connected,3.0,25,164.11100000000002,128.43380000000002,192.88962500000002,191.22500000000002,233.54500000000002,0.8,0.5911247571206752,0.8,1,0,0,0,0,0,0,0
intermediate_capacity,seg-basic|patch+0|det0|iso0|bak-connected|idm1,segmentation=basic; backups=connected; identity controls,7.0,25,152.949,119.71447499999998,185.24652500000002,182.55,227.675,0.76,0.5508075733089753,0.76,1,0,0,0,0,0,0,1
intermediate_capacity,seg-basic|patch+0|det0|iso0|bak-isolated|idm0,segmentation=basic; backups=isolated,5.0,25,132.537,106.4705,154.5287,151.77499999999998,182.56,0.84,0.6043238883612347,0.04,1,0,0,0,0,0,1,0
intermediate_capacity,seg-basic|patch+0|det0|iso0|bak-isolated|idm1,segmentation=basic; backups=isolated; identity controls,9.0,25,126.90400000000001,101.19532499999998,149.694625,144.275,183.76,0.84,0.5554871856418184,0.0,1,0,0,0,0,0,1,1
intermediate_capacity,seg-basic|patch+0|det0|iso1|bak-connected|idm0,segmentation=basic; rapid isolation; backups=connected,8.0,25,107.62500000000001,70.679975,144.41915,157.85,221.495,0.56,0.36503216172246766,0.52,1,0,0,0,0,1,0,0
intermediate_capacity,seg-basic|patch+0|det0|iso1|bak-connected|idm1,segmentation=basic; rapid isolation; backups=connected; identity controls,12.0,25,141.914,111.50512499999999,170.950525,173.825,209.67500000000007,0.76,0.5128890375431406,0.76,1,0,0,0,0,1,0,1
intermediate_capacity,seg-basic|patch+0|det0|iso1|bak-isolated|idm0,segmentation=basic; rapid isolation; backups=isolated,10.0,25,77.617,47.737500000000004,108.44124999999998,46.975,179.19,0.56,0.3628651220148773,0.0,1,0,0,0,0,1,1,0
intermediate_capacity,seg-basic|patch+0|det0|iso1|bak-isolated|idm1,segmentation=basic; rapid isolation; backups=isolated; identity controls,14.0,25,86.335,57.2416,115.1259,117.65000000000002,184.77500000000003,0.68,0.33351455490657755,0.0,1,0,0,0,0,1,1,1
intermediate_capacity,seg-basic|patch+0|det1|iso0|bak-connected|idm0,segmentation=basic; faster detection; backups=connected,6.0,25,54.66800000000001,32.191525000000006,79.674075,15.025000000000002,146.49,0.52,0.22163630724188926,0.44,1,0,0,0,1,0,0,0
intermediate_capacity,seg-basic|patch+0|det1|iso0|bak-connected|idm1,segmentation=basic; faster detection; backups=connected; identity controls,10.0,25,56.739,32.807100000000005,83.22759999999998,14.000000000000002,147.56500000000003,0.44,0.22823798693201539,0.44,1,0,0,0,1,0,0,1
intermediate_capacity,seg-basic|patch+0|det1|iso0|bak-isolated|idm0,segmentation=basic; faster detection; backups=isolated,8.0,25,48.675,29.699250000000003,70.063525,21.775,118.76500000000001,0.52,0.2520808695677135,0.0,1,0,0,0,1,0,1,0
intermediate_capacity,seg-basic|patch+0|det1|iso0|bak-isolated|idm1,segmentation=basic; faster detection; backups=isolated; identity controls,12.0,25,32.289,17.241575,48.28795,3.6,95.79500000000002,0.4,0.16740346482683724,0.04,1,0,0,0,1,0,1,1
intermediate_capacity,seg-basic|patch+0|det1|iso1|bak-connected|idm0,segmentation=basic; faster detection; rapid isolation; backups=connected,11.0,25,27.361000000000004,13.243150000000002,42.60509999999999,4.4,90.75000000000001,0.4,0.12009943999562811,0.32,1,0,0,0,1,1,0,0
intermediate_capacity,seg-basic|patch+0|det1|iso1|bak-connected|idm1,segmentation=basic; faster detection; rapid isolation; backups=connected; identity controls,15.0,25,33.678,18.2241,50.08422499999998,9.4,88.755,0.4,0.10411172915585912,0.32,1,0,0,0,1,1,0,1
intermediate_capacity,seg-basic|patch+0|det1|iso1|bak-isolated|idm0,segmentation=basic; faster detection; rapid isolation; backups=isolated,13.0,25,25.124000000000002,14.000075,38.63215,11.000000000000002,83.35000000000002,0.4,0.11357213018181853,0.0,1,0,0,0,1,1,1,0
intermediate_capacity,seg-basic|patch+0|det1|iso1|bak-isolated|idm1,segmentation=basic; faster detection; rapid isolation; backups=isolated; identity controls,17.0,25,22.94,10.192200000000001,37.51049999999999,4.800000000000001,62.93000000000001,0.32,0.10277208786092247,0.0,1,0,0,0,1,1,1,1
intermediate_capacity,seg-basic|patch+1|det0|iso0|bak-connected|idm0,segmentation=basic; patch+1 levels; backups=connected,5.0,25,138.84900000000002,105.49452500000001,171.429625,175.95,221.56000000000003,0.72,0.3898462044123162,0.72,1,0,1,1,0,0,0,0
intermediate_capacity,seg-basic|patch+1|det0|iso0|bak-connected|idm1,segmentation=basic; patch+1 levels; backups=connected; identity controls,9.0,25,97.156,60.224525,136.91625,61.2,227.715,0.52,0.27772396539753436,0.52,1,0,1,1,0,0,0,1
intermediate_capacity,seg-basic|patch+1|det0|iso0|bak-isolated|idm0,segmentation=basic; patch+1 levels; backups=isolated,7.0,25,73.032,42.628675,105.94239999999996,11.8,180.195,0.52,0.24847337911065928,0.0,1,0,1,1,0,0,1,0
intermediate_capacity,seg-basic|patch+1|det0|iso0|bak-isolated|idm1,segmentation=basic; patch+1 levels; backups=isolated; identity controls,11.0,25,95.24,64.452225,125.26822499999999,102.1,183.035,0.64,0.32736000555577777,0.0,1,0,1,1,0,0,1,1
intermediate_capacity,seg-basic|patch+1|det0|iso1|bak-connected|idm0,segmentation=basic; patch+1 levels; rapid isolation; backups=connected,10.0,25,76.52300000000001,43.987024999999996,113.66579999999995,21.800000000000004,215.775,0.56,0.19884150552687985,0.4,1,0,1,1,0,1,0,0
intermediate_capacity,seg-basic|patch+1|det0|iso1|bak-connected|idm1,segmentation=basic; patch+1 levels; rapid isolation; backups=connected; identity controls,14.0,25,64.67699999999999,34.358624999999996,98.39595000000001,11.4,196.48000000000002,0.48,0.19020723215474608,0.44,1,0,1,1,0,1,0,1
intermediate_capacity,seg-basic|patch+1|det0|iso1|bak-isolated|idm0,segmentation=basic; patch+1 levels; rapid isolation; backups=isolated,12.0,25,74.05600000000001,42.63050000000001,107.426725,14.825,192.115,0.52,0.22571341207204768,0.0,1,0,1,1,0,1,1,0
intermediate_capacity,seg-basic|patch+1|det0|iso1|bak-isolated|idm1,segmentation=basic; patch+1 levels; rapid isolation; backups=isolated; identity controls,16.0,25,57.26200000000001,29.017175,88.33577499999997,4.8,187.26500000000004,0.44,0.18865023493456495,0.0,1,0,1,1,0,1,1,1
intermediate_capacity,seg-basic|patch+1|det1|iso0|bak-connected|idm0,segmentation=basic; patch+1 levels; faster detection; backups=connected,8.0,25,21.151999999999997,9.75595,33.93857499999999,5.4,61.99500000000002,0.36,0.07287995789343077,0.4,1,0,1,1,1,0,0,0
intermediate_capacity,seg-basic|patch+1|det1|iso0|bak-connected|idm1,segmentation=basic; patch+1 levels; faster detection; backups=connected; identity controls,12.0,25,14.038000000000002,3.6846,27.127724999999998,2.0,35.735000000000056,0.2,0.05342831375561399,0.12,1,0,1,1,1,0,0,1
intermediate_capacity,seg-basic|patch+1|det1|iso0|bak-isolated|idm0,segmentation=basic; patch+1 levels; faster detection; backups=isolated,10.0,25,15.071,6.974399999999999,25.292499999999997,7.1,48.775000000000055,0.4,0.049192445577370354,0.0,1,0,1,1,1,0,1,0
intermediate_capacity,seg-basic|patch+1|det1|iso0|bak-isolated|idm1,segmentation=basic; patch+1 levels; faster detection; backups=isolated; identity controls,14.0,25,18.974000000000004,6.817700000000001,35.41674999999996,4.6,71.19000000000004,0.2,0.05810693906467433,0.0,1,0,1,1,1,0,1,1
intermediate_capacity,seg-basic|patch+1|det1|iso1|bak-connected|idm0,segmentation=basic; patch+1 levels; faster detection; rapid isolation; backups=connected,13.0,25,5.452000000000001,2.717,9.293325,2.0,12.240000000000002,0.16,0.02657892262901591,0.12,1,0,1,1,1,1,0,0
intermediate_capacity,seg-basic|patch+1|det1|iso1|bak-connected|idm1,segmentation=basic; patch+1 levels; faster detection; rapid isolation; backups=connected; identity controls,17.0,25,11.673,4.6736249999999995,20.96479999999999,3.6,32.78,0.24,0.03444017864387978,0.08,1,0,1,1,1,1,0,1
intermediate_capacity,seg-basic|patch+1|det1|iso1|bak-isolated|idm0,segmentation=basic; patch+1 levels; faster detection; rapid isolation; backups=isolated,15.0,25,9.897000000000002,4.331950000000001,16.736175000000003,5.175,16.40000000000001,0.28,0.02567117934803189,0.0,1,0,1,1,1,1,1,0
intermediate_capacity,seg-basic|patch+1|det1|iso1|bak-isolated|idm1,segmentation=basic; patch+1 levels; faster detection; rapid isolation; backups=isolated; identity controls,19.0,25,6.02,2.67065,11.080174999999999,2.6,11.240000000000002,0.2,0.04551936721583117,0.0,1,0,1,1,1,1,1,1
intermediate_capacity,seg-basic|patch+2|det0|iso0|bak-connected|idm0,segmentation=basic; patch+2 levels; backups=connected,7.0,25,58.364,31.71185,88.20937499999997,10.8,173.27,0.48,0.14260107940467098,0.4,1,0,1,2,0,0,0,0
intermediate_capacity,seg-basic|patch+2|det0|iso0|bak-connected|idm1,segmentation=basic; patch+2 levels; backups=connected; identity controls,11.0,25,50.64900000000001,25.748450000000002,79.305525,5.1,153.02,0.44,0.16367654076626295,0.44,1,0,1,2,0,0,0,1
intermediate_capacity,seg-basic|patch+2|det0|iso0|bak-isolated|idm0,segmentation=basic; patch+2 levels; backups=isolated,9.0,25,54.571999999999996,25.74185,87.28624999999991,4.0,187.90500000000003,0.36,0.13509268321190557,0.0,1,0,1,2,0,0,1,0
intermediate_capacity,seg-basic|patch+2|det0|iso0|bak-isolated|idm1,segmentation=basic; patch+2 levels; backups=isolated; identity controls,13.0,25,28.548000000000002,10.555625000000001,52.60862499999997,9.4,95.69500000000004,0.24,0.0716791580683414,0.0,1,0,1,2,0,0,1,1
intermediate_capacity,seg-basic|patch+2|det0|iso1|bak-connected|idm0,segmentation=basic; patch+2 levels; rapid isolation; backups=connected,12.0,25,22.406999999999996,6.2055500000000015,42.831649999999996,5.6000000000000005,41.52000000000007,0.2,0.05264034581054302,0.2,1,0,1,2,0,1,0,0
intermediate_capacity,seg-basic|patch+2|det0|iso1|bak-connected|idm1,segmentation=basic; patch+2 levels; rapid isolation; backups=connected; identity controls,16.0,25,18.194000000000003,5.392550000000001,36.199599999999975,2.0,51.62500000000004,0.2,0.06114925487723997,0.2,1,0,1,2,0,1,0,1
intermediate_capacity,seg-basic|patch+2|det0|iso1|bak-isolated|idm0,segmentation=basic; patch+2 levels; rapid isolation; backups=isolated,14.0,25,36.025999999999996,16.681199999999997,59.78364999999999,12.400000000000002,120.13000000000002,0.4,0.10410993397782681,0.0,1,0,1,2,0,1,1,0
intermediate_capacity,seg-basic|patch+2|det0|iso1|bak-isolated|idm1,segmentation=basic; patch+2 levels; rapid isolation; backups=isolated; identity controls,18.0,25,41.196999999999996,17.7021,67.0681,3.2,155.12500000000006,0.32,0.09832292169779266,0.0,1,0,1,2,0,1,1,1
intermediate_capacity,seg-basic|patch+2|det1|iso0|bak-connected|idm0,segmentation=basic; patch+2 levels; faster detection; backups=connected,10.0,25,9.101,3.019475,18.796474999999997,3.0,13.92,0.2,0.03155846097483108,0.2,1,0,1,2,1,0,0,0
intermediate_capacity,seg-basic|patch+2|det1|iso0|bak-connected|idm1,segmentation=basic; patch+2 levels; faster detection; backups=connected; identity controls,14.0,25,7.774000000000001,3.74705,13.335525,2.8,13.450000000000003,0.16,0.031017826274653135,0.12,1,0,1,2,1,0,0,1
intermediate_capacity,seg-basic|patch+2|det1|iso0|bak-isolated|idm0,segmentation=basic; patch+2 levels; faster detection; backups=isolated,12.0,25,9.548,5.2246999999999995,14.873175,3.5,24.385,0.24,0.0271052554758192,0.0,1,0,1,2,1,0,1,0
intermediate_capacity,seg-basic|patch+2|det1|iso0|bak-isolated|idm1,segmentation=basic; patch+2 levels; faster detection; backups=isolated; identity controls,16.0,25,8.860999999999999,4.86545,13.369075,2.6,25.04,0.16,0.02083280428026892,0.0,1,0,1,2,1,0,1,1
intermediate_capacity,seg-basic|patch+2|det1|iso1|bak-connected|idm0,segmentation=basic; patch+2 levels; faster detection; rapid isolation; backups=connected,15.0,25,6.060000000000001,4.09285,8.158299999999999,4.8,13.400000000000004,0.12,0.01591642512152581,0.08,1,0,1,2,1,1,0,0
intermediate_capacity,seg-basic|patch+2|det1|iso1|bak-connected|idm1,segmentation=basic; patch+2 levels; faster detection; rapid isolation; backups=connected; identity controls,19.0,25,5.557,3.2853250000000003,8.177574999999996,3.0,14.670000000000005,0.12,0.012005796444368602,0.0,1,0,1,2,1,1,0,1
intermediate_capacity,seg-basic|patch+2|det1|iso1|bak-isolated|idm0,segmentation=basic; patch+2 levels; faster detection; rapid isolation; backups=isolated,17.0,25,5.149000000000001,2.338775,8.995075,2.5999999999999996,9.415,0.08,0.01329609202633062,0.0,1,0,1,2,1,1,1,0
intermediate_capacity,seg-basic|patch+2|det1|iso1|bak-isolated|idm1,segmentation=basic; patch+2 levels; faster detection; rapid isolation; backups=isolated; identity controls,21.0,25,3.795,1.816775,6.093025,1.4,12.235000000000003,0.04,0.012144229366877868,0.0,1,0,1,2,1,1,1,1
intermediate_capacity,seg-flat|patch+0|det0|iso0|bak-connected|idm0,segmentation=flat; backups=connected,0.0,25,163.00799999999998,132.24505000000002,191.14080000000004,184.65,227.93500000000003,0.84,0.7317024409156574,0.84,0,0,0,0,0,0,0,0
intermediate_capacity,seg-flat|patch+0|det0|iso0|bak-connected|idm1,segmentation=flat; backups=connected; identity controls,4.0,25,192.805,173.479825,207.19139999999996,198.275,231.70000000000002,0.96,0.8356936254726319,0.96,0,0,0,0,0,0,0,1
intermediate_capacity,seg-flat|patch+0|det0|iso0|bak-isolated|idm0,segmentation=flat; backups=isolated,2.0,25,121.56,98.58607500000001,141.83354999999997,131.9,176.2,0.84,0.7040027457725359,0.0,0,0,0,0,0,0,1,0
intermediate_capacity,seg-flat|patch+0|det0|iso0|bak-isolated|idm1,segmentation=flat; backups=isolated; identity controls,6.0,25,155.10100000000003,144.62285000000003,165.68612499999998,151.85,194.95499999999998,1.0,0.8315108144476788,0.0,0,0,0,0,0,0,1,1
intermediate_capacity,seg-flat|patch+0|det0|iso1|bak-connected|idm0,segmentation=flat; rapid isolation; backups=connected,5.0,25,161.52599999999998,127.49970000000002,190.98092499999996,189.075,228.71499999999997,0.8,0.6850781156647305,0.8,0,0,0,0,0,1,0,0
intermediate_capacity,seg-flat|patch+0|det0|iso1|bak-connected|idm1,segmentation=flat; rapid isolation; backups=connected; identity controls,9.0,25,163.58899999999997,133.01645,189.2097,183.625,223.05,0.84,0.7130202334828316,0.84,0,0,0,0,0,1,0,1
intermediate_capacity,seg-flat|patch+0|det0|iso1|bak-isolated|idm0,segmentation=flat; rapid isolation; backups=isolated,7.0,25,119.436,96.03500000000001,141.72719999999998,130.45000000000002,179.26500000000004,0.84,0.6756677200911346,0.0,0,0,0,0,0,1,1,0
intermediate_capacity,seg-flat|patch+0|det0|iso1|bak-isolated|idm1,segmentation=flat; rapid isolation; backups=isolated; identity controls,11.0,25,105.28599999999999,78.129375,132.58465,133.1,185.4,0.68,0.5406931075393722,0.0,0,0,0,0,0,1,1,1
intermediate_capacity,seg-flat|patch+0|det1|iso0|bak-connected|idm0,segmentation=flat; faster detection; backups=connected,3.0,25,124.209,109.113325,137.17114999999998,133.875,156.54000000000002,0.92,0.7122820359011962,0.92,0,0,0,0,1,0,0,0
intermediate_capacity,seg-flat|patch+0|det1|iso0|bak-connected|idm1,segmentation=flat; faster detection; backups=connected; identity controls,7.0,25,126.837,109.40875,142.2322,130.575,160.85000000000002,0.92,0.6900135163089058,0.92,0,0,0,0,1,0,0,1
intermediate_capacity,seg-flat|patch+0|det1|iso0|bak-isolated|idm0,segmentation=flat; faster detection; backups=isolated,5.0,25,68.83200000000001,53.342425000000006,83.38369999999998,73.375,110.975,0.8,0.5737968858704481,0.0,0,0,0,0,1,0,1,0
intermediate_capacity,seg-flat|patch+0|det1|iso0|bak-isolated|idm1,segmentation=flat; faster detection; backups=isolated; identity controls,9.0,25,71.351,56.489999999999995,85.946225,78.89999999999999,113.44000000000003,0.8,0.5514592424717145,0.0,0,0,0,0,1,0,1,1
intermediate_capacity,seg-flat|patch+0|det1|iso1|bak-connected|idm0,segmentation=flat; faster detection; rapid isolation; backups=connected,8.0,25,83.14,60.77267500000001,105.27662499999998,112.0,127.78999999999999,0.68,0.47015003487826024,0.72,0,0,0,0,1,1,0,0
intermediate_capacity,seg-flat|patch+0|det1|iso1|bak-connected|idm1,segmentation=flat; faster detection; rapid isolation; backups=connected; identity controls,12.0,25,83.98299999999999,60.7042,107.04717499999998,109.95,143.17000000000002,0.68,0.44922430379355033,0.64,0,0,0,0,1,1,0,1
intermediate_capacity,seg-flat|patch+0|det1|iso1|bak-isolated|idm0,segmentation=flat; faster detection; rapid isolation; backups=isolated,10.0,25,41.96,27.158775000000002,57.401875,59.00000000000001,81.345,0.56,0.3326723458023728,0.0,0,0,0,0,1,1,1,0
intermediate_capacity,seg-flat|patch+0|det1|iso1|bak-isolated|idm1,segmentation=flat; faster detection; rapid isolation; backups=isolated; identity controls,14.0,25,62.257000000000005,49.742175,73.57815000000001,73.30000000000001,91.775,0.8,0.4993061886723032,0.0,0,0,0,0,1,1,1,1
intermediate_capacity,seg-flat|patch+1|det0|iso0|bak-connected|idm0,segmentation=flat; patch+1 levels; backups=connected,2.0,25,168.768,133.94224999999997,198.450025,201.72499999999997,230.26000000000002,0.84,0.6514546975848987,0.8,0,0,1,1,0,0,0,0
intermediate_capacity,seg-flat|patch+1|det0|iso0|bak-connected|idm1,segmentation=flat; patch+1 levels; backups=connected; identity controls,6.0,25,186.356,162.679675,205.728625,202.45,222.32500000000002,0.92,0.740035848922566,0.92,0,0,1,1,0,0,0,1
intermediate_capacity,seg-flat|patch+1|det0|iso0|bak-isolated|idm0,segmentation=flat; patch+1 levels; backups=isolated,4.0,25,131.657,105.0575,154.94577500000003,144.20000000000002,198.63500000000005,0.84,0.6420376052079264,0.0,0,0,1,1,0,0,1,0
intermediate_capacity,seg-flat|patch+1|det0|iso0|bak-isolated|idm1,segmentation=flat; patch+1 levels; backups=isolated; identity controls,8.0,25,134.801,111.726125,156.6478,143.6,188.175,0.88,0.6665427658711353,0.0,0,0,1,1,0,0,1,1
intermediate_capacity,seg-flat|patch+1|det0|iso1|bak-connected|idm0,segmentation=flat; patch+1 levels; rapid isolation; backups=connected,7.0,25,162.43599999999998,128.419875,191.98962499999996,190.47500000000002,238.445,0.8,0.6262061416465908,0.8,0,0,1,1,0,1,0,0
intermediate_capacity,seg-flat|patch+1|det0|iso1|bak-connected|idm1,segmentation=flat; patch+1 levels; rapid isolation; backups=connected; identity controls,11.0,25,172.01299999999995,143.6134,195.60357500000003,185.375,230.12499999999997,0.88,0.6806973441652109,0.88,0,0,1,1,0,1,0,1
intermediate_capacity,seg-flat|patch+1|det0|iso1|bak-isolated|idm0,segmentation=flat; patch+1 levels; rapid isolation; backups=isolated,9.0,25,124.463,99.5851,147.01415,131.075,189.63,0.84,0.6073397856999267,0.0,0,0,1,1,0,1,1,0
intermediate_capacity,seg-flat|patch+1|det0|iso1|bak-isolated|idm1,segmentation=flat; patch+1 levels; rapid isolation; backups=isolated; identity controls,13.0,25,109.64300000000001,79.310075,138.387925,130.75,193.15,0.72,0.48876395533869166,0.0,0,0,1,1,0,1,1,1
intermediate_capacity,seg-flat|patch+1|det1|iso0|bak-connected|idm0,segmentation=flat; patch+1 levels; faster detection; backups=connected,5.0,25,87.59899999999999,63.84665,112.71214999999998,107.40000000000002,154.57,0.76,0.4086981507972841,0.72,0,0,1,1,1,0,0,0
intermediate_capacity,seg-flat|patch+1|det1|iso0|bak-connected|idm1,segmentation=flat; patch+1 levels; faster detection; backups=connected; identity controls,9.0,25,88.79199999999999,60.96147499999999,116.24412499999998,127.35000000000001,161.50000000000003,0.68,0.3878770253566652,0.68,0,0,1,1,1,0,0,1
intermediate_capacity,seg-flat|patch+1|det1|iso0|bak-isolated|idm0,segmentation=flat; patch+1 levels; faster detection; backups=isolated,7.0,25,45.933,29.489349999999998,62.54459999999997,63.75,97.555,0.52,0.3074951530791872,0.0,0,0,1,1,1,0,1,0
intermediate_capacity,seg-flat|patch+1|det1|iso0|bak-isolated|idm1,segmentation=flat; patch+1 levels; faster detection; backups=isolated; identity controls,11.0,25,50.248000000000005,33.581875000000004,68.0174,59.324999999999996,105.95500000000001,0.6,0.3129101662350216,0.0,0,0,1,1,1,0,1,1
intermediate_capacity,seg-flat|patch+1|det1|iso1|bak-connected|idm0,segmentation=flat; patch+1 levels; faster detection; rapid isolation; backups=connected,10.0,25,64.006,39.813175,88.84145000000001,87.725,129.545,0.52,0.2721989478619752,0.56,0,0,1,1,1,1,0,0
intermediate_capacity,seg-flat|patch+1|det1|iso1|bak-connected|idm1,segmentation=flat; patch+1 levels; faster detection; rapid isolation; backups=connected; identity controls,14.0,25,47.179,25.630700000000004,69.52279999999999,7.6000000000000005,130.89000000000001,0.44,0.21008937334540112,0.4,0,0,1,1,1,1,0,1
intermediate_capacity,seg-flat|patch+1|det1|iso1|bak-isolated|idm0,segmentation=flat; patch+1 levels; faster detection; rapid isolation; backups=isolated,12.0,25,45.86599999999999,30.452849999999994,60.897225000000006,65.25,95.35000000000001,0.6,0.25670571910675355,0.0,0,0,1,1,1,1,1,0
intermediate_capacity,seg-flat|patch+1|det1|iso1|bak-isolated|idm1,segmentation=flat; patch+1 levels; faster detection; rapid isolation; backups=isolated; identity controls,16.0,25,37.019,22.539750000000005,52.41069999999999,15.600000000000001,87.11500000000002,0.52,0.21739907969349034,0.0,0,0,1,1,1,1,1,1
intermediate_capacity,seg-flat|patch+2|det0|iso0|bak-connected|idm0,segmentation=flat; patch+2 levels; backups=connected,4.0,25,170.669,137.99845000000002,199.25192500000003,204.075,225.23999999999998,0.84,0.6390604879040376,0.84,0,0,1,2,0,0,0,0
intermediate_capacity,seg-flat|patch+2|det0|iso0|bak-connected|idm1,segmentation=flat; patch+2 levels; backups=connected; identity controls,8.0,25,154.268,118.6866,184.93794999999997,192.9,236.01500000000001,0.76,0.5673789542150923,0.76,0,0,1,2,0,0,0,1
intermediate_capacity,seg-flat|patch+2|det0|iso0|bak-isolated|idm0,segmentation=flat; patch+2 levels; backups=isolated,6.0,25,104.936,77.23554999999999,130.265675,130.875,178.57500000000002,0.76,0.5085904707953243,0.0,0,0,1,2,0,0,1,0
intermediate_capacity,seg-flat|patch+2|det0|iso0|bak-isolated|idm1,segmentation=flat; patch+2 levels; backups=isolated; identity controls,10.0,25,93.46700000000001,64.98672499999999,123.55902499999998,130.225,177.715,0.6,0.43372821423491476,0.0,0,0,1,2,0,0,1,1
intermediate_capacity,seg-flat|patch+2|det0|iso1|bak-connected|idm0,segmentation=flat; patch+2 levels; rapid isolation; backups=connected,9.0,25,149.65900000000002,114.20012500000001,180.319225,195.15,216.01500000000001,0.76,0.538366846800792,0.76,0,0,1,2,0,1,0,0
intermediate_capacity,seg-flat|patch+2|det0|iso1|bak-connected|idm1,segmentation=flat; patch+2 levels; rapid isolation; backups=connected; identity controls,13.0,25,135.366,98.93660000000003,171.52622499999998,183.725,223.775,0.68,0.4765010287410434,0.68,0,0,1,2,0,1,0,1
intermediate_capacity,seg-flat|patch+2|det0|iso1|bak-isolated|idm0,segmentation=flat; patch+2 levels; rapid isolation; backups=isolated,11.0,25,106.344,77.70595,134.23205,126.80000000000001,197.39499999999998,0.72,0.4619164931355744,0.0,0,0,1,2,0,1,1,0
intermediate_capacity,seg-flat|patch+2|det0|iso1|bak-isolated|idm1,segmentation=flat; patch+2 levels; rapid isolation; backups=isolated; identity controls,15.0,25,76.381,47.10054999999999,104.03952500000001,110.25000000000001,159.38500000000002,0.52,0.3495119560625596,0.0,0,0,1,2,0,1,1,1
intermediate_capacity,seg-flat|patch+2|det1|iso0|bak-connected|idm0,segmentation=flat; patch+2 levels; faster detection; backups=connected,7.0,25,54.29500000000001,29.977225000000008,77.66954999999996,3.0,134.67000000000002,0.44,0.2305337315744633,0.48,0,0,1,2,1,0,0,0
intermediate_capacity,seg-flat|patch+2|det1|iso0|bak-connected|idm1,segmentation=flat; patch+2 levels; faster detection; backups=connected; identity controls,11.0,25,58.456,36.867425,79.33487499999997,21.475,120.165,0.56,0.259883303403826,0.6,0,0,1,2,1,0,0,1
intermediate_capacity,seg-flat|patch+2|det1|iso0|bak-isolated|idm0,segmentation=flat; patch+2 levels; faster detection; backups=isolated,9.0,25,35.385999999999996,20.00305,51.879225000000005,6.0,102.11500000000001,0.44,0.1826071876365899,0.0,0,0,1,2,1,0,1,0
intermediate_capacity,seg-flat|patch+2|det1|iso0|bak-isolated|idm1,segmentation=flat; patch+2 levels; faster detection; backups=isolated; identity controls,13.0,25,47.15700000000001,31.556950000000004,63.50004999999997,40.875,99.48000000000002,0.56,0.267100378432231,0.0,0,0,1,2,1,0,1,1
intermediate_capacity,seg-flat|patch+2|det1|iso1|bak-connected|idm0,segmentation=flat; patch+2 levels; faster detection; rapid isolation; backups=connected,12.0,25,40.788000000000004,19.909149999999997,62.941075000000005,2.0,125.18,0.4,0.1607076498230305,0.44,0,0,1,2,1,1,0,0
intermediate_capacity,seg-flat|patch+2|det1|iso1|bak-connected|idm1,segmentation=flat; patch+2 levels; faster detection; rapid isolation; backups=connected; identity controls,16.0,25,36.02,18.710875,56.01725000000001,5.8,115.30499999999999,0.4,0.17288470872225856,0.48,0,0,1,2,1,1,0,1
intermediate_capacity,seg-flat|patch+2|det1|iso1|bak-isolated|idm0,segmentation=flat; patch+2 levels; faster detection; rapid isolation; backups=isolated,14.0,25,37.29,19.17325,60.10967499999999,6.875,124.63000000000002,0.48,0.14506427951841558,0.0,0,0,1,2,1,1,1,0
intermediate_capacity,seg-flat|patch+2|det1|iso1|bak-isolated|idm1,segmentation=flat; patch+2 levels; faster detection; rapid isolation; backups=isolated; identity controls,18.0,25,17.373,8.4549,28.3978,4.4,55.11500000000002,0.32,0.09751063956377312,0.0,0,0,1,2,1,1,1,1
intermediate_capacity,seg-least_privilege|patch+0|det0|iso0|bak-connected|idm0,segmentation=least_privilege; backups=connected,5.0,25,96.35799999999999,65.887475,127.57837499999997,104.15,191.135,0.68,0.2828195724722226,0.6,0,1,0,0,0,0,0,0
intermediate_capacity,seg-least_privilege|patch+0|det0|iso0|bak-connected|idm1,segmentation=least_privilege; backups=connected; identity controls,9.0,25,62.468,34.999375,92.615225,26.375,187.49500000000003,0.6,0.17043714959578385,0.44,0,1,0,0,0,0,0,1
intermediate_capacity,seg-least_privilege|patch+0|det0|iso0|bak-isolated|idm0,segmentation=least_privilege; backups=isolated,7.0,25,68.60000000000001,44.17175,95.61139999999996,44.77499999999999,165.42000000000004,0.64,0.24796926132172475,0.0,0,1,0,0,0,0,1,0
intermediate_capacity,seg-least_privilege|patch+0|det0|iso0|bak-isolated|idm1,segmentation=least_privilege; backups=isolated; identity controls,11.0,25,25.267999999999997,11.3158,41.594674999999995,9.75,75.59500000000001,0.4,0.0825151568472168,0.0,0,1,0,0,0,0,1,1
intermediate_capacity,seg-least_privilege|patch+0|det0|iso1|bak-connected|idm0,segmentation=least_privilege; rapid isolation; backups=connected,10.0,25,40.86,20.17605,64.48127500000001,18.5,145.28500000000008,0.4,0.1463469946512691,0.4,0,1,0,0,0,1,0,0
intermediate_capacity,seg-least_privilege|patch+0|det0|iso1|bak-connected|idm1,segmentation=least_privilege; rapid isolation; backups=connected; identity controls,14.0,25,46.51300000000001,24.818925,71.62719999999999,14.600000000000003,151.32000000000002,0.48,0.1250039191967535,0.2,0,1,0,0,0,1,0,1
intermediate_capacity,seg-least_privilege|patch+0|det0|iso1|bak-isolated|idm0,segmentation=least_privilege; rapid isolation; backups=isolated,12.0,25,14.926000000000004,4.378175,27.71249999999999,4.0,53.74500000000009,0.16,0.04859150096060826,0.0,0,1,0,0,0,1,1,0
intermediate_capacity,seg-least_privilege|patch+0|det0|iso1|bak-isolated|idm1,segmentation=least_privilege; rapid isolation; backups=isolated; identity controls,16.0,25,36.42999999999999,17.354374999999997,57.314975,8.25,124.55000000000003,0.4,0.12986295406472853,0.0,0,1,0,0,0,1,1,1
intermediate_capacity,seg-least_privilege|patch+0|det1|iso0|bak-connected|idm0,segmentation=least_privilege; faster detection; backups=connected,8.0,25,15.954,7.341900000000001,27.530649999999998,5.8500000000000005,38.505,0.24,0.044750515909208984,0.2,0,1,0,0,1,0,0,0
intermediate_capacity,seg-least_privilege|patch+0|det1|iso0|bak-connected|idm1,segmentation=least_privilege; faster detection; backups=connected; identity controls,12.0,25,13.309,4.242000000000001,27.966374999999974,3.6,20.700000000000014,0.2,0.05836596945666101,0.12,0,1,0,0,1,0,0,1
intermediate_capacity,seg-least_privilege|patch+0|det1|iso0|bak-isolated|idm0,segmentation=least_privilege; faster detection; backups=isolated,10.0,25,11.128000000000002,4.787675,19.745274999999992,3.2,34.39000000000003,0.24,0.0439769285177967,0.0,0,1,0,0,1,0,1,0
intermediate_capacity,seg-least_privilege|patch+0|det1|iso0|bak-isolated|idm1,segmentation=least_privilege; faster detection; backups=isolated; identity controls,14.0,25,9.532,4.8278,15.504624999999997,3.8,21.395000000000003,0.28,0.04376400921258216,0.0,0,1,0,0,1,0,1,1
intermediate_capacity,seg-least_privilege|patch+0|det1|iso1|bak-connected|idm0,segmentation=least_privilege; faster detection; rapid isolation; backups=connected,13.0,25,4.397,2.976625,5.931025000000001,4.1,10.435000000000002,0.16,0.03039863682333761,0.08,0,1,0,0,1,1,0,0
intermediate_capacity,seg-least_privilege|patch+0|det1|iso1|bak-connected|idm1,segmentation=least_privilege; faster detection; rapid isolation; backups=connected; identity controls,17.0,25,5.424000000000001,3.13905,8.259075,2.8,12.120000000000001,0.24,0.034031508027215385,0.08,0,1,0,0,1,1,0,1
intermediate_capacity,seg-least_privilege|patch+0|det1|iso1|bak-isolated|idm0,segmentation=least_privilege; faster detection; rapid isolation; backups=isolated,15.0,25,9.641000000000002,4.3288,16.155424999999976,3.4000000000000004,28.50000000000001,0.2,0.03148474923538129,0.04,0,1,0,0,1,1,1,0
intermediate_capacity,seg-least_privilege|patch+0|det1|iso1|bak-isolated|idm1,segmentation=least_privilege; faster detection; rapid isolation; backups=isolated; identity controls,19.0,25,4.025,2.1138999999999997,6.597699999999997,2.0,10.780000000000003,0.08,0.017894945055733528,0.0,0,1,0,0,1,1,1,1
intermediate_capacity,seg-least_privilege|patch+1|det0|iso0|bak-connected|idm0,segmentation=least_privilege; patch+1 levels; backups=connected,7.0,25,30.154000000000007,13.8416,51.075050000000005,12.6,76.18000000000006,0.48,0.06015592325656592,0.24,0,1,1,1,0,0,0,0
intermediate_capacity,seg-least_privilege|patch+1|det0|iso0|bak-connected|idm1,segmentation=least_privilege; patch+1 levels; backups=connected; identity controls,11.0,25,28.796000000000003,8.15545,55.68435,2.4000000000000004,135.97000000000014,0.16,0.052924420515736786,0.16,0,1,1,1,0,0,0,1
intermediate_capacity,seg-least_privilege|patch+1|det0|iso0|bak-isolated|idm0,segmentation=least_privilege; patch+1 levels; backups=isolated,9.0,25,17.226000000000003,7.089550000000001,30.079675,6.4,59.72000000000004,0.24,0.028011663318445554,0.0,0,1,1,1,0,0,1,0
intermediate_capacity,seg-least_privilege|patch+1|det0|iso0|bak-isolated|idm1,segmentation=least_privilege; patch+1 levels; backups=isolated; identity controls,13.0,25,12.855,6.5047,20.338324999999998,5.6000000000000005,38.02500000000001,0.2,0.052878238144265406,0.0,0,1,1,1,0,0,1,1
intermediate_capacity,seg-least_privilege|patch+1|det0|iso1|bak-connected|idm0,segmentation=least_privilege; patch+1 levels; rapid isolation; backups=connected,12.0,25,14.337,4.750175,27.55514999999999,1.4,38.24500000000002,0.2,0.037482216103053016,0.12,0,1,1,1,0,1,0,0
intermediate_capacity,seg-least_privilege|patch+1|det0|iso1|bak-connected|idm1,segmentation=least_privilege; patch+1 levels; rapid isolation; backups=connected; identity controls,16.0,25,19.085,6.197724999999999,34.000625,5.0249999999999995,66.4300000000001,0.12,0.035977326743740316,0.08,0,1,1,1,0,1,0,1
intermediate_capacity,seg-least_privilege|patch+1|det0|iso1|bak-isolated|idm0,segmentation=least_privilege; patch+1 levels; rapid isolation; backups=isolated,14.0,25,18.368,7.7036,32.13879999999994,5.6,74.12000000000006,0.24,0.03821196352643785,0.0,0,1,1,1,0,1,1,0
intermediate_capacity,seg-least_privilege|patch+1|det0|iso1|bak-isolated|idm1,segmentation=least_privilege; patch+1 levels; rapid isolation; backups=isolated; identity controls,18.0,25,7.780999999999999,3.865975,12.685599999999997,2.5999999999999996,24.040000000000013,0.16,0.028640430013130814,0.0,0,1,1,1,0,1,1,1
intermediate_capacity,seg-least_privilege|patch+1|det1|iso0|bak-connected|idm0,segmentation=least_privilege; patch+1 levels; faster detection; backups=connected,10.0,25,5.189000000000001,2.6199,8.615499999999995,2.8,12.720000000000008,0.08,0.019630652957742575,0.0,0,1,1,1,1,0,0,0
intermediate_capacity,seg-least_privilege|patch+1|det1|iso0|bak-connected|idm1,segmentation=least_privilege; patch+1 levels; faster detection; backups=connected; identity controls,14.0,25,2.7,1.5759000000000003,4.024199999999999,1.6,8.160000000000004,0.04,0.011799799963040185,0.08,0,1,1,1,1,0,0,1
intermediate_capacity,seg-least_privilege|patch+1|det1|iso0|bak-isolated|idm0,segmentation=least_privilege; patch+1 levels; faster detection; backups=isolated,12.0,25,5.585,3.6907250000000005,7.6751749999999985,3.6,13.520000000000003,0.08,0.014700018509195601,0.0,0,1,1,1,1,0,1,0
intermediate_capacity,seg-least_privilege|patch+1|det1|iso0|bak-isolated|idm1,segmentation=least_privilege; patch+1 levels; faster detection; backups=isolated; identity controls,16.0,25,5.057000000000001,2.176,8.859025,1.2,14.040000000000003,0.04,0.01722437177860998,0.0,0,1,1,1,1,0,1,1
intermediate_capacity,seg-least_privilege|patch+1|det1|iso1|bak-connected|idm0,segmentation=least_privilege; patch+1 levels; faster detection; rapid isolation; backups=connected,15.0,25,3.9960000000000004,2.224,5.944100000000001,1.8,11.040000000000001,0.12,0.013214754203617134,0.0,0,1,1,1,1,1,0,0
intermediate_capacity,seg-least_privilege|patch+1|det1|iso1|bak-connected|idm1,segmentation=least_privilege; patch+1 levels; faster detection; rapid isolation; backups=connected; identity controls,19.0,25,6.415,3.32465,10.085424999999999,3.0,20.440000000000012,0.08,0.01160925039450949,0.0,0,1,1,1,1,1,0,1
intermediate_capacity,seg-least_privilege|patch+1|det1|iso1|bak-isolated|idm0,segmentation=least_privilege; patch+1 levels; faster detection; rapid isolation; backups=isolated,17.0,25,3.6340000000000003,1.8715,5.776149999999999,1.4,11.080000000000002,0.04,0.01098104431826683,0.0,0,1,1,1,1,1,1,0
intermediate_capacity,seg-least_privilege|patch+1|det1|iso1|bak-isolated|idm1,segmentation=least_privilege; patch+1 levels; faster detection; rapid isolation; backups=isolated; identity controls,21.0,25,7.003000000000001,2.91285,13.594075,4.2,9.560000000000002,0.08,0.01193422052596725,0.0,0,1,1,1,1,1,1,1
intermediate_capacity,seg-least_privilege|patch+2|det0|iso0|bak-connected|idm0,segmentation=least_privilege; patch+2 levels; backups=connected,9.0,25,6.461000000000001,3.80995,9.381124999999999,3.0,17.440000000000005,0.16,0.02500837130287787,0.08,0,1,1,2,0,0,0,0
intermediate_capacity,seg-least_privilege|patch+2|det0|iso0|bak-connected|idm1,segmentation=least_privilege; patch+2 levels; backups=connected; identity controls,13.0,25,22.307999999999996,6.536500000000001,44.544025000000005,4.8,39.135000000000026,0.2,0.03396898370583324,0.08,0,1,1,2,0,0,0,1
intermediate_capacity,seg-least_privilege|patch+2|det0|iso0|bak-isolated|idm0,segmentation=least_privilege; patch+2 levels; backups=isolated,11.0,25,15.681,6.560900000000002,26.555274999999998,2.0,46.63500000000001,0.32,0.04452945414163343,0.0,0,1,1,2,0,0,1,0
intermediate_capacity,seg-least_privilege|patch+2|det0|iso0|bak-isolated|idm1,segmentation=least_privilege; patch+2 levels; backups=isolated; identity controls,15.0,25,5.3020000000000005,2.66395,8.127050000000002,2.0,18.320000000000007,0.08,0.014713663022575285,0.0,0,1,1,2,0,0,1,1
intermediate_capacity,seg-least_privilege|patch+2|det0|iso1|bak-connected|idm0,segmentation=least_privilege; patch+2 levels; rapid isolation; backups=connected,14.0,25,7.827999999999999,3.342575,15.169249999999998,3.0,11.980000000000002,0.08,0.016133037220000965,0.0,0,1,1,2,0,1,0,0
intermediate_capacity,seg-least_privilege|patch+2|det0|iso1|bak-connected|idm1,segmentation=least_privilege; patch+2 levels; rapid isolation; backups=connected; identity controls,18.0,25,9.096,3.3776000000000006,17.22675,1.8,17.990000000000006,0.12,0.01668237124993501,0.04,0,1,1,2,0,1,0,1
intermediate_capacity,seg-least_privilege|patch+2|det0|iso1|bak-isolated|idm0,segmentation=least_privilege; patch+2 levels; rapid isolation; backups=isolated,16.0,25,11.661999999999999,5.392225,19.501924999999986,2.0,35.77000000000001,0.16,0.017849698337167274,0.0,0,1,1,2,0,1,1,0
intermediate_capacity,seg-least_privilege|patch+2|det0|iso1|bak-isolated|idm1,segmentation=least_privilege; patch+2 levels; rapid isolation; backups=isolated; identity controls,20.0,25,4.496999999999999,1.575875,8.349799999999997,1.8,13.280000000000005,0.04,0.008632997970817752,0.0,0,1,1,2,0,1,1,1
intermediate_capacity,seg-least_privilege|patch+2|det1|iso0|bak-connected|idm0,segmentation=least_privilege; patch+2 levels; faster detection; backups=connected,12.0,25,5.975,2.306625,11.208999999999996,2.0,15.630000000000019,0.08,0.016287530440559264,0.12,0,1,1,2,1,0,0,0
intermediate_capacity,seg-least_privilege|patch+2|det1|iso0|bak-connected|idm1,segmentation=least_privilege; patch+2 levels; faster detection; backups=connected; identity controls,16.0,25,3.839,1.838825,6.398824999999996,1.4,12.150000000000004,0.04,0.009113568708457009,0.0,0,1,1,2,1,0,0,1
intermediate_capacity,seg-least_privilege|patch+2|det1|iso0|bak-isolated|idm0,segmentation=least_privilege; patch+2 levels; faster detection; backups=isolated,14.0,25,3.8710000000000004,1.6200000000000003,6.718375,1.2,12.600000000000003,0.12,0.012895866753174327,0.0,0,1,1,2,1,0,1,0
intermediate_capacity,seg-least_privilege|patch+2|det1|iso0|bak-isolated|idm1,segmentation=least_privilege; patch+2 levels; faster detection; backups=isolated; identity controls,18.0,25,4.224,2.03185,6.866100000000001,2.0,12.760000000000003,0.04,0.013380133003024024,0.0,0,1,1,2,1,0,1,1
intermediate_capacity,seg-least_privilege|patch+2|det1|iso1|bak-connected|idm0,segmentation=least_privilege; patch+2 levels; faster detection; rapid isolation; backups=connected,17.0,25,3.3760000000000003,1.7998,5.3763999999999985,2.0,6.680000000000004,0.0,0.008744661066807853,0.04,0,1,1,2,1,1,0,0
intermediate_capacity,seg-least_privilege|patch+2|det1|iso1|bak-connected|idm1,segmentation=least_privilege; patch+2 levels; faster detection; rapid isolation; backups=connected; identity controls,21.0,25,4.14,2.0938,6.800050000000001,1.6,10.440000000000001,0.08,0.010826199396337501,0.0,0,1,1,2,1,1,0,1
intermediate_capacity,seg-least_privilege|patch+2|det1|iso1|bak-isolated|idm0,segmentation=least_privilege; patch+2 levels; faster detection; rapid isolation; backups=isolated,19.0,25,3.7390000000000008,2.1598,5.539199999999999,1.8,12.280000000000005,0.04,0.005995671944480949,0.0,0,1,1,2,1,1,1,0
intermediate_capacity,seg-least_privilege|patch+2|det1|iso1|bak-isolated|idm1,segmentation=least_privilege; patch+2 levels; faster detection; rapid isolation; backups=isolated; identity controls,23.0,25,5.276,3.1478,7.596399999999998,1.8,12.360000000000003,0.04,0.0076928398835779555,0.0,0,1,1,2,1,1,1,1
resource_constrained,seg-basic|patch+0|det0|iso0|bak-connected|idm0,segmentation=basic; backups=connected,3.0,25,215.805,187.55187500000002,236.44322499999998,236.57500000000002,243.665,0.92,0.8831069084049507,0.92,1,0,0,0,0,0,0,0
resource_constrained,seg-basic|patch+0|det0|iso0|bak-connected|idm1,segmentation=basic; backups=connected; identity controls,7.0,25,224.986,203.857825,237.00880000000004,234.65,245.19,0.96,0.9196523588010906,0.96,1,0,0,0,0,0,0,1
resource_constrained,seg-basic|patch+0|det0|iso0|bak-isolated|idm0,segmentation=basic; backups=isolated,5.0,25,199.39100000000002,181.2084,210.753325,208.22500000000002,219.26500000000001,0.96,0.8846172083399313,0.0,1,0,0,0,0,0,1,0
resource_constrained,seg-basic|patch+0|det0|iso0|bak-isolated|idm1,segmentation=basic; backups=isolated; identity controls,9.0,25,184.30800000000002,157.1912,208.8918,206.575,217.975,0.88,0.8051631670275445,0.0,1,0,0,0,0,0,1,1
resource_constrained,seg-basic|patch+0|det0|iso1|bak-connected|idm0,segmentation=basic; rapid isolation; backups=connected,8.0,25,219.63500000000005,190.59065,239.71527500000002,238.95,247.99000000000004,0.92,0.8706544175761078,0.92,1,0,0,0,0,1,0,0
resource_constrained,seg-basic|patch+0|det0|iso1|bak-connected|idm1,segmentation=basic; rapid isolation; backups=connected; identity controls,12.0,25,233.053,228.33645,237.34355,234.65000000000003,246.0,1.0,0.9500787636314375,1.0,1,0,0,0,0,1,0,1
resource_constrained,seg-basic|patch+0|det0|iso1|bak-isolated|idm0,segmentation=basic; rapid isolation; backups=isolated,10.0,25,188.74400000000003,164.483975,206.91412499999998,208.20000000000002,216.27,0.92,0.8332182712801085,0.0,1,0,0,0,0,1,1,0
resource_constrained,seg-basic|patch+0|det0|iso1|bak-isolated|idm1,segmentation=basic; rapid isolation; backups=isolated; identity controls,14.0,25,187.787,163.80007500000002,205.551175,204.85000000000002,213.86,0.92,0.8353408414227655,0.04,1,0,0,0,0,1,1,1
resource_constrained,seg-basic|patch+0|det1|iso0|bak-connected|idm0,segmentation=basic; faster detection; backups=connected,6.0,25,180.94799999999998,151.80095,205.52742499999997,201.55,230.405,0.88,0.7906614717014183,0.88,1,0,0,0,1,0,0,0
resource_constrained,seg-basic|patch+0|det1|iso0|bak-connected|idm1,segmentation=basic; faster detection; backups=connected; identity controls,10.0,25,187.83300000000003,168.57592499999998,200.82767499999997,192.45,218.45500000000004,0.96,0.8585842107960392,0.96,1,0,0,0,1,0,0,1
resource_constrained,seg-basic|patch+0|det1|iso0|bak-isolated|idm0,segmentation=basic; faster detection; backups=isolated,8.0,25,132.666,114.53942500000001,148.246375,137.75,169.32500000000002,0.92,0.7944372384476105,0.0,1,0,0,0,1,0,1,0
resource_constrained,seg-basic|patch+0|det1|iso0|bak-isolated|idm1,segmentation=basic; faster detection; backups=isolated; identity controls,12.0,25,142.193,123.02000000000001,159.33725,148.225,188.335,0.92,0.7827352539867272,0.0,1,0,0,0,1,0,1,1
resource_constrained,seg-basic|patch+0|det1|iso1|bak-connected|idm0,segmentation=basic; faster detection; rapid isolation; backups=connected,11.0,25,126.705,88.90050000000001,164.91167499999997,168.375,225.38000000000002,0.64,0.5631179625179314,0.64,1,0,0,0,1,1,0,0
resource_constrained,seg-basic|patch+0|det1|iso1|bak-connected|idm1,segmentation=basic; faster detection; rapid isolation; backups=connected; identity controls,15.0,25,131.761,93.12705,169.37247499999998,189.97499999999997,226.28000000000003,0.64,0.5527955309471736,0.64,1,0,0,0,1,1,0,1
resource_constrained,seg-basic|patch+0|det1|iso1|bak-isolated|idm0,segmentation=basic; faster detection; rapid isolation; backups=isolated,13.0,25,133.059,113.53515000000002,148.14417500000002,138.42499999999998,165.94000000000003,0.92,0.7672582670509855,0.0,1,0,0,0,1,1,1,0
resource_constrained,seg-basic|patch+0|det1|iso1|bak-isolated|idm1,segmentation=basic; faster detection; rapid isolation; backups=isolated; identity controls,17.0,25,139.94299999999998,117.770775,157.877425,154.7,185.78,0.92,0.7337462723804171,0.0,1,0,0,0,1,1,1,1
resource_constrained,seg-basic|patch+1|det0|iso0|bak-connected|idm0,segmentation=basic; patch+1 levels; backups=connected,5.0,25,184.42199999999997,146.993225,218.18927499999998,227.575,245.01000000000002,0.8,0.742039736611802,0.8,1,0,1,1,0,0,0,0
resource_constrained,seg-basic|patch+1|det0|iso0|bak-connected|idm1,segmentation=basic; patch+1 levels; backups=connected; identity controls,9.0,25,218.02699999999996,196.04522500000002,231.400825,231.10000000000002,240.145,0.96,0.8758268759804804,0.96,1,0,1,1,0,0,0,1
resource_constrained,seg-basic|patch+1|det0|iso0|bak-isolated|idm0,segmentation=basic; patch+1 levels; backups=isolated,7.0,25,193.37600000000003,167.52150000000003,212.61430000000001,209.35000000000002,222.0,0.92,0.807724173100703,0.0,1,0,1,1,0,0,1,0
resource_constrained,seg-basic|patch+1|det0|iso0|bak-isolated|idm1,segmentation=basic; patch+1 levels; backups=isolated; identity controls,11.0,25,178.643,150.8699,200.37010000000004,202.04999999999998,215.14499999999998,0.88,0.7692358110889301,0.0,1,0,1,1,0,0,1,1
resource_constrained,seg-basic|patch+1|det0|iso1|bak-connected|idm0,segmentation=basic; patch+1 levels; rapid isolation; backups=connected,10.0,25,169.7,131.6711,206.9102,223.60000000000002,240.40000000000003,0.76,0.6553884102126857,0.72,1,0,1,1,0,1,0,0
resource_constrained,seg-basic|patch+1|det0|iso1|bak-connected|idm1,segmentation=basic; patch+1 levels; rapid isolation; backups=connected; identity controls,14.0,25,217.065,194.25545000000002,231.46722500000004,228.4,243.53000000000003,0.96,0.8534020681720998,0.96,1,0,1,1,0,1,0,1
resource_constrained,seg-basic|patch+1|det0|iso1|bak-isolated|idm0,segmentation=basic; patch+1 levels; rapid isolation; backups=isolated,12.0,25,184.31900000000005,160.081,202.28254999999996,202.85000000000002,216.85500000000002,0.92,0.7941622380571305,0.0,1,0,1,1,0,1,1,0
resource_constrained,seg-basic|patch+1|det0|iso1|bak-isolated|idm1,segmentation=basic; patch+1 levels; rapid isolation; backups=isolated; identity controls,16.0,25,158.72899999999998,125.89755000000001,187.7338,195.29999999999998,216.245,0.84,0.6900911108693408,0.0,1,0,1,1,0,1,1,1
resource_constrained,seg-basic|patch+1|det1|iso0|bak-connected|idm0,segmentation=basic; patch+1 levels; faster detection; backups=connected,8.0,25,188.123,163.0612,208.20035,198.8,229.405,0.92,0.7443512932366997,0.92,1,0,1,1,1,0,0,0
resource_constrained,seg-basic|patch+1|det1|iso0|bak-connected|idm1,segmentation=basic; patch+1 levels; faster detection; backups=connected; identity controls,12.0,25,172.898,140.854975,200.91607499999998,196.975,232.175,0.84,0.690879283207573,0.84,1,0,1,1,1,0,0,1
resource_constrained,seg-basic|patch+1|det1|iso0|bak-isolated|idm0,segmentation=basic; patch+1 levels; faster detection; backups=isolated,10.0,25,116.19,89.2637,140.77507499999996,134.95000000000002,178.29500000000002,0.76,0.5895643062071071,0.0,1,0,1,1,1,0,1,0
resource_constrained,seg-basic|patch+1|det1|iso0|bak-isolated|idm1,segmentation=basic; patch+1 levels; faster detection; backups=isolated; identity controls,14.0,25,127.91300000000001,100.07945000000001,153.01992499999997,148.125,187.55,0.8,0.6242733199080064,0.0,1,0,1,1,1,0,1,1
resource_constrained,seg-basic|patch+1|det1|iso1|bak-connected|idm0,segmentation=basic; patch+1 levels; faster detection; rapid isolation; backups=connected,13.0,25,168.636,134.62575,199.204275,201.475,234.79000000000002,0.8,0.6165617530799381,0.8,1,0,1,1,1,1,0,0
resource_constrained,seg-basic|patch+1|det1|iso1|bak-connected|idm1,segmentation=basic; patch+1 levels; faster detection; rapid isolation; backups=connected; identity controls,17.0,25,110.307,70.56094999999999,150.68217499999997,177.475,223.66,0.64,0.4007396687304275,0.56,1,0,1,1,1,1,0,1
resource_constrained,seg-basic|patch+1|det1|iso1|bak-isolated|idm0,segmentation=basic; patch+1 levels; faster detection; rapid isolation; backups=isolated,15.0,25,120.29600000000002,90.68084999999999,149.80145,126.05000000000001,209.635,0.76,0.5425310034904212,0.0,1,0,1,1,1,1,1,0
resource_constrained,seg-basic|patch+1|det1|iso1|bak-isolated|idm1,segmentation=basic; patch+1 levels; faster detection; rapid isolation; backups=isolated; identity controls,19.0,25,119.26799999999999,89.460075,147.7704,145.39999999999998,198.03500000000003,0.8,0.5231409491034243,0.0,1,0,1,1,1,1,1,1
resource_constrained,seg-basic|patch+2|det0|iso0|bak-connected|idm0,segmentation=basic; patch+2 levels; backups=connected,7.0,25,205.21599999999998,178.482225,224.80055000000002,219.975,240.13500000000002,0.92,0.8038725630726968,0.92,1,0,1,2,0,0,0,0
resource_constrained,seg-basic|patch+2|det0|iso0|bak-connected|idm1,segmentation=basic; patch+2 levels; backups=connected; identity controls,11.0,25,207.537,185.365225,223.48717500000004,218.75,239.15,0.96,0.8282547220298346,0.96,1,0,1,2,0,0,0,1
resource_constrained,seg-basic|patch+2|det0|iso0|bak-isolated|idm0,segmentation=basic; patch+2 levels; backups=isolated,9.0,25,176.804,154.28787499999999,194.326425,193.02500000000003,210.655,0.92,0.7623178211778567,0.0,1,0,1,2,0,0,1,0
resource_constrained,seg-basic|patch+2|det0|iso0|bak-isolated|idm1,segmentation=basic; patch+2 levels; backups=isolated; identity controls,13.0,25,182.95500000000004,159.600275,200.84435000000002,195.45000000000002,211.04999999999998,0.96,0.7556186049507658,0.0,1,0,1,2,0,0,1,1
resource_constrained,seg-basic|patch+2|det0|iso1|bak-connected|idm0,segmentation=basic; patch+2 levels; rapid isolation; backups=connected,12.0,25,161.261,124.08167500000002,195.65137499999994,211.04999999999998,235.08,0.8,0.6240928993649064,0.76,1,0,1,2,0,1,0,0
resource_constrained,seg-basic|patch+2|det0|iso1|bak-connected|idm1,segmentation=basic; patch+2 levels; rapid isolation; backups=connected; identity controls,16.0,25,188.57499999999996,156.5388,213.27254999999997,217.05,233.925,0.88,0.7336487398596957,0.88,1,0,1,2,0,1,0,1
resource_constrained,seg-basic|patch+2|det0|iso1|bak-isolated|idm0,segmentation=basic; patch+2 levels; rapid isolation; backups=isolated,14.0,25,134.638,97.47542500000003,172.429475,194.95000000000002,213.86,0.68,0.5204233909802535,0.0,1,0,1,2,0,1,1,0
resource_constrained,seg-basic|patch+2|det0|iso1|bak-isolated|idm1,segmentation=basic; patch+2 levels; rapid isolation; backups=isolated; identity controls,18.0,25,129.11,92.865725,163.8530249999999,188.0,211.60500000000002,0.64,0.5140608453714685,0.0,1,0,1,2,0,1,1,1
resource_constrained,seg-basic|patch+2|det1|iso0|bak-connected|idm0,segmentation=basic; patch+2 levels; faster detection; backups=connected,10.0,25,122.15899999999999,85.71414999999999,157.51594999999998,167.875,214.735,0.64,0.4174398163701502,0.64,1,0,1,2,1,0,0,0
resource_constrained,seg-basic|patch+2|det1|iso0|bak-connected|idm1,segmentation=basic; patch+2 levels; faster detection; backups=connected; identity controls,14.0,25,171.21199999999996,143.10999999999999,193.98177499999997,188.25,225.71000000000004,0.88,0.5923890057114622,0.88,1,0,1,2,1,0,0,1
resource_constrained,seg-basic|patch+2|det1|iso0|bak-isolated|idm0,segmentation=basic; patch+2 levels; faster detection; backups=isolated,12.0,25,117.568,86.32194999999999,149.7748,149.875,206.23500000000004,0.68,0.44465516091323165,0.0,1,0,1,2,1,0,1,0
resource_constrained,seg-basic|patch+2|det1|iso0|bak-isolated|idm1,segmentation=basic; patch+2 levels; faster detection; backups=isolated; identity controls,16.0,25,108.443,75.82690000000001,139.9448,151.57500000000002,197.07000000000002,0.68,0.4114369653418113,0.0,1,0,1,2,1,0,1,1
resource_constrained,seg-basic|patch+2|det1|iso1|bak-connected|idm0,segmentation=basic; patch+2 levels; faster detection; rapid isolation; backups=connected,15.0,25,123.80799999999999,86.7006,162.1591,181.35000000000002,222.55,0.68,0.3767954233043341,0.64,1,0,1,2,1,1,0,0
resource_constrained,seg-basic|patch+2|det1|iso1|bak-connected|idm1,segmentation=basic; patch+2 levels; faster detection; rapid isolation; backups=connected; identity controls,19.0,25,99.822,66.423025,133.52369999999996,128.35,193.48000000000005,0.68,0.313754651779785,0.6,1,0,1,2,1,1,0,1
resource_constrained,seg-basic|patch+2|det1|iso1|bak-isolated|idm0,segmentation=basic; patch+2 levels; faster detection; rapid isolation; backups=isolated,17.0,25,128.841,100.39017499999999,153.81409999999988,146.45,198.84000000000003,0.84,0.5025339683136688,0.0,1,0,1,2,1,1,1,0
resource_constrained,seg-basic|patch+2|det1|iso1|bak-isolated|idm1,segmentation=basic; patch+2 levels; faster detection; rapid isolation; backups=isolated; identity controls,21.0,25,105.27,78.64155000000001,132.12839999999994,145.17499999999998,175.955,0.76,0.4215355166632547,0.0,1,0,1,2,1,1,1,1
resource_constrained,seg-flat|patch+0|det0|iso0|bak-connected|idm0,segmentation=flat; backups=connected,0.0,25,244.623,242.76575000000003,246.332,246.3,248.28,1.0,0.9822397796204707,1.0,0,0,0,0,0,0,0,0
resource_constrained,seg-flat|patch+0|det0|iso0|bak-connected|idm1,segmentation=flat; backups=connected; identity controls,4.0,25,234.209,213.2909,245.61617500000003,245.35000000000002,249.93,0.96,0.9418183171562354,0.96,0,0,0,0,0,0,0,1
resource_constrained,seg-flat|patch+0|det0|iso0|bak-isolated|idm0,segmentation=flat; backups=isolated,2.0,25,190.261,158.3949,214.96665,216.57500000000002,222.92000000000002,0.88,0.8249492605680736,0.0,0,0,0,0,0,0,1,0
resource_constrained,seg-flat|patch+0|det0|iso0|bak-isolated|idm1,segmentation=flat; backups=isolated; identity controls,6.0,25,189.66300000000004,160.200625,215.199575,216.875,223.25,0.88,0.82339011787026,0.0,0,0,0,0,0,0,1,1
resource_constrained,seg-flat|patch+0|det0|iso1|bak-connected|idm0,segmentation=flat; rapid isolation; backups=connected,5.0,25,241.577,237.59372500000003,245.14560000000003,245.70000000000002,249.22000000000003,1.0,0.9708599239246789,1.0,0,0,0,0,0,1,0,0
resource_constrained,seg-flat|patch+0|det0|iso1|bak-connected|idm1,segmentation=flat; rapid isolation; backups=connected; identity controls,9.0,25,234.31599999999997,213.73375,245.31830000000005,245.2,249.01,0.96,0.9379446731100313,0.96,0,0,0,0,0,1,0,1
resource_constrained,seg-flat|patch+0|det0|iso1|bak-isolated|idm0,segmentation=flat; rapid isolation; backups=isolated,7.0,25,187.83,160.74007500000002,212.65875,214.47500000000002,222.22000000000003,0.88,0.8197593246388066,0.0,0,0,0,0,0,1,1,0
resource_constrained,seg-flat|patch+0|det0|iso1|bak-isolated|idm1,segmentation=flat; rapid isolation; backups=isolated; identity controls,11.0,25,202.21400000000003,183.484675,214.62462499999995,216.675,220.35500000000002,0.96,0.8956133383349763,0.0,0,0,0,0,0,1,1,1
resource_constrained,seg-flat|patch+0|det1|iso0|bak-connected|idm0,segmentation=flat; faster detection; backups=connected,3.0,25,209.46599999999998,199.7548,218.8891,208.975,242.06000000000003,1.0,0.9582914662942013,1.0,0,0,0,0,1,0,0,0
resource_constrained,seg-flat|patch+0|det1|iso0|bak-connected|idm1,segmentation=flat; faster detection; backups=connected; identity controls,7.0,25,202.14300000000003,192.49495000000002,212.60260000000002,196.57500000000002,240.22500000000002,1.0,0.9493309148412422,1.0,0,0,0,0,1,0,0,1
resource_constrained,seg-flat|patch+0|det1|iso0|bak-isolated|idm0,segmentation=flat; faster detection; backups=isolated,5.0,25,149.628,139.289925,160.96359999999999,153.79999999999998,181.23000000000002,1.0,0.9071399849181992,0.0,0,0,0,0,1,0,1,0
resource_constrained,seg-flat|patch+0|det1|iso0|bak-isolated|idm1,segmentation=flat; faster detection; backups=isolated; identity controls,9.0,25,137.72,121.637225,150.31709999999998,144.775,171.465,0.96,0.8729072976555707,0.0,0,0,0,0,1,0,1,1
resource_constrained,seg-flat|patch+0|det1|iso1|bak-connected|idm0,segmentation=flat; faster detection; rapid isolation; backups=connected,8.0,25,185.38299999999998,161.62167499999998,203.67215,200.47500000000002,222.1,0.92,0.8660056942002167,0.92,0,0,0,0,1,1,0,0
resource_constrained,seg-flat|patch+0|det1|iso1|bak-connected|idm1,segmentation=flat; faster detection; rapid isolation; backups=connected; identity controls,12.0,25,187.31000000000003,161.88850000000002,208.26409999999998,195.79999999999998,244.33,0.96,0.865150554743414,0.92,0,0,0,0,1,1,0,1
resource_constrained,seg-flat|patch+0|det1|iso1|bak-isolated|idm0,segmentation=flat; faster detection; rapid isolation; backups=isolated,10.0,25,108.383,84.06335000000001,134.996125,122.875,182.37499999999997,0.76,0.6772573013643967,0.0,0,0,0,0,1,1,1,0
resource_constrained,seg-flat|patch+0|det1|iso1|bak-isolated|idm1,segmentation=flat; faster detection; rapid isolation; backups=isolated; identity controls,14.0,25,107.81299999999999,87.1665,125.45557499999997,120.4,144.37,0.84,0.7460519826027366,0.0,0,0,0,0,1,1,1,1
resource_constrained,seg-flat|patch+1|det0|iso0|bak-connected|idm0,segmentation=flat; patch+1 levels; backups=connected,2.0,25,233.966,214.151675,245.405175,244.72500000000002,248.86,0.96,0.925014595099348,0.96,0,0,1,1,0,0,0,0
resource_constrained,seg-flat|patch+1|det0|iso0|bak-connected|idm1,segmentation=flat; patch+1 levels; backups=connected; identity controls,6.0,25,229.68700000000004,208.81792500000003,242.0331,241.72500000000002,248.01500000000001,0.96,0.925125205372604,0.96,0,0,1,1,0,0,0,1
resource_constrained,seg-flat|patch+1|det0|iso0|bak-isolated|idm0,segmentation=flat; patch+1 levels; backups=isolated,4.0,25,181.90400000000002,148.5401,209.02207500000003,217.4,221.51500000000001,0.84,0.774527292654098,0.0,0,0,1,1,0,0,1,0
resource_constrained,seg-flat|patch+1|det0|iso0|bak-isolated|idm1,segmentation=flat; patch+1 levels; backups=isolated; identity controls,8.0,25,203.45600000000002,185.58427500000002,214.237,212.675,219.38,0.96,0.8830247282278023,0.0,0,0,1,1,0,0,1,1
resource_constrained,seg-flat|patch+1|det0|iso1|bak-connected|idm0,segmentation=flat; patch+1 levels; rapid isolation; backups=connected,7.0,25,243.99099999999999,241.161975,246.688675,246.95,250.3,1.0,0.9622706801360157,1.0,0,0,1,1,0,1,0,0
resource_constrained,seg-flat|patch+1|det0|iso1|bak-connected|idm1,segmentation=flat; patch+1 levels; rapid isolation; backups=connected; identity controls,11.0,25,219.53799999999998,191.463875,239.77662499999997,240.64999999999998,247.26,0.92,0.8786164850521584,0.92,0,0,1,1,0,1,0,1
resource_constrained,seg-flat|patch+1|det0|iso1|bak-isolated|idm0,segmentation=flat; patch+1 levels; rapid isolation; backups=isolated,9.0,25,204.14700000000002,185.64445000000003,214.93515000000002,214.27499999999998,219.48499999999999,0.96,0.8691885361333067,0.0,0,0,1,1,0,1,1,0
resource_constrained,seg-flat|patch+1|det0|iso1|bak-isolated|idm1,segmentation=flat; patch+1 levels; rapid isolation; backups=isolated; identity controls,13.0,25,188.94300000000004,160.463225,213.99584999999996,215.975,219.66999999999996,0.88,0.8018135902478915,0.0,0,0,1,1,0,1,1,1
resource_constrained,seg-flat|patch+1|det1|iso0|bak-connected|idm0,segmentation=flat; patch+1 levels; faster detection; backups=connected,5.0,25,174.65299999999996,146.49815,199.06539999999998,187.9,235.32000000000002,0.88,0.8027300640177242,0.88,0,0,1,1,1,0,0,0
resource_constrained,seg-flat|patch+1|det1|iso0|bak-connected|idm1,segmentation=flat; patch+1 levels; faster detection; backups=connected; identity controls,9.0,25,193.076,172.6335,206.793575,197.14999999999998,228.97,0.96,0.8754039019861537,0.96,0,0,1,1,1,0,0,1
resource_constrained,seg-flat|patch+1|det1|iso0|bak-isolated|idm0,segmentation=flat; patch+1 levels; faster detection; backups=isolated,7.0,25,150.41,139.858775,161.226225,153.5,179.265,1.0,0.8637428150605889,0.0,0,0,1,1,1,0,1,0
resource_constrained,seg-flat|patch+1|det1|iso0|bak-isolated|idm1,segmentation=flat; patch+1 levels; faster detection; backups=isolated; identity controls,11.0,25,144.808,128.65712499999998,159.7866,143.275,204.275,0.96,0.8261826827170176,0.0,0,0,1,1,1,0,1,1
resource_constrained,seg-flat|patch+1|det1|iso1|bak-connected|idm0,segmentation=flat; patch+1 levels; faster detection; rapid isolation; backups=connected,10.0,25,175.421,142.4263,203.268875,201.17499999999998,233.93500000000003,0.88,0.7564547923518633,0.84,0,0,1,1,1,1,0,0
resource_constrained,seg-flat|patch+1|det1|iso1|bak-connected|idm1,segmentation=flat; patch+1 levels; faster detection; rapid isolation; backups=connected; identity controls,14.0,25,186.12000000000003,159.16337499999997,206.21427500000001,202.07499999999996,234.225,0.92,0.8216613770465004,0.92,0,0,1,1,1,1,0,1
resource_constrained,seg-flat|patch+1|det1|iso1|bak-isolated|idm0,segmentation=flat; patch+1 levels; faster detection; rapid isolation; backups=isolated,12.0,25,123.54899999999998,100.6559,144.1903,139.9,168.02500000000003,0.84,0.6971139243214115,0.0,0,0,1,1,1,1,1,0
resource_constrained,seg-flat|patch+1|det1|iso1|bak-isolated|idm1,segmentation=flat; patch+1 levels; faster detection; rapid isolation; backups=isolated; identity controls,16.0,25,146.535,124.98235000000003,166.17065000000002,157.725,198.75,0.92,0.77454291123592,0.0,0,0,1,1,1,1,1,1
resource_constrained,seg-flat|patch+2|det0|iso0|bak-connected|idm0,segmentation=flat; patch+2 levels; backups=connected,4.0,25,211.01,173.52907500000003,239.81210000000002,242.10000000000002,247.175,0.88,0.8332380340508658,0.88,0,0,1,2,0,0,0,0
resource_constrained,seg-flat|patch+2|det0|iso0|bak-connected|idm1,segmentation=flat; patch+2 levels; backups=connected; identity controls,8.0,25,230.59699999999998,211.24,241.583675,240.39999999999998,246.44,0.96,0.906502787343805,0.96,0,0,1,2,0,0,0,1
resource_constrained,seg-flat|patch+2|det0|iso0|bak-isolated|idm0,segmentation=flat; patch+2 levels; backups=isolated,6.0,25,211.97300000000004,209.966,214.09640000000002,212.225,217.98000000000002,1.0,0.8975050767700518,0.0,0,0,1,2,0,0,1,0
resource_constrained,seg-flat|patch+2|det0|iso0|bak-isolated|idm1,segmentation=flat; patch+2 levels; backups=isolated; identity controls,10.0,25,189.601,165.33847500000002,208.21212500000004,204.10000000000002,217.96,0.92,0.8328507646383279,0.0,0,0,1,2,0,0,1,1
resource_constrained,seg-flat|patch+2|det0|iso1|bak-connected|idm0,segmentation=flat; patch+2 levels; rapid isolation; backups=connected,9.0,25,219.46,190.53597500000004,240.02505000000005,241.05000000000004,246.74999999999997,0.92,0.8629012941277461,0.92,0,0,1,2,0,1,0,0
resource_constrained,seg-flat|patch+2|det0|iso1|bak-connected|idm1,segmentation=flat; patch+2 levels; rapid isolation; backups=connected; identity controls,13.0,25,198.621,162.12025000000003,228.45937500000002,239.55,245.375,0.84,0.7810081914151733,0.84,0,0,1,2,0,1,0,1
resource_constrained,seg-flat|patch+2|det0|iso1|bak-isolated|idm0,segmentation=flat; patch+2 levels; rapid isolation; backups=isolated,11.0,25,195.289,170.19992499999998,214.15739999999997,212.9,223.04,0.92,0.8188918713221256,0.0,0,0,1,2,0,1,1,0
resource_constrained,seg-flat|patch+2|det0|iso1|bak-isolated|idm1,segmentation=flat; patch+2 levels; rapid isolation; backups=isolated; identity controls,15.0,25,180.43599999999998,153.3436,204.59732500000004,206.8,217.46,0.88,0.7819770996190109,0.0,0,0,1,2,0,1,1,1
resource_constrained,seg-flat|patch+2|det1|iso0|bak-connected|idm0,segmentation=flat; patch+2 levels; faster detection; backups=connected,7.0,25,163.25,129.87732499999998,193.94152499999998,194.175,228.01000000000002,0.8,0.6758249534786052,0.8,0,0,1,2,1,0,0,0
resource_constrained,seg-flat|patch+2|det1|iso0|bak-connected|idm1,segmentation=flat; patch+2 levels; faster detection; backups=connected; identity controls,11.0,25,192.24200000000005,172.74295,207.5208,196.57500000000002,233.535,1.0,0.8171464163587148,0.96,0,0,1,2,1,0,0,1
resource_constrained,seg-flat|patch+2|det1|iso0|bak-isolated|idm0,segmentation=flat; patch+2 levels; faster detection; backups=isolated,9.0,25,140.30899999999997,117.0985,159.12805,158.925,179.265,0.92,0.7220393513446467,0.0,0,0,1,2,1,0,1,0
resource_constrained,seg-flat|patch+2|det1|iso0|bak-isolated|idm1,segmentation=flat; patch+2 levels; faster detection; backups=isolated; identity controls,13.0,25,149.92600000000002,134.33312500000002,162.8808,153.5,182.945,0.96,0.7802531405092528,0.0,0,0,1,2,1,0,1,1
resource_constrained,seg-flat|patch+2|det1|iso1|bak-connected|idm0,segmentation=flat; patch+2 levels; faster detection; rapid isolation; backups=connected,12.0,25,167.31199999999998,134.75315,198.62957499999996,189.025,238.765,0.84,0.6445701407442607,0.8,0,0,1,2,1,1,0,0
resource_constrained,seg-flat|patch+2|det1|iso1|bak-connected|idm1,segmentation=flat; patch+2 levels; faster detection; rapid isolation; backups=connected; identity controls,16.0,25,163.819,130.43204999999998,194.496625,195.1,233.83000000000004,0.8,0.6606741389798882,0.8,0,0,1,2,1,1,0,1
resource_constrained,seg-flat|patch+2|det1|iso1|bak-isolated|idm0,segmentation=flat; patch+2 levels; faster detection; rapid isolation; backups=isolated,14.0,25,153.921,135.43035,169.891,150.07500000000002,210.945,0.96,0.7678919780815195,0.0,0,0,1,2,1,1,1,0
resource_constrained,seg-flat|patch+2|det1|iso1|bak-isolated|idm1,segmentation=flat; patch+2 levels; faster detection; rapid isolation; backups=isolated; identity controls,18.0,25,117.274,95.67735,136.62999999999997,135.375,161.88,0.84,0.6522621556926125,0.0,0,0,1,2,1,1,1,1
resource_constrained,seg-least_privilege|patch+0|det0|iso0|bak-connected|idm0,segmentation=least_privilege; backups=connected,5.0,25,201.55200000000002,172.95917500000002,226.89102499999996,227.825,242.43,0.88,0.7596493841037364,0.88,0,1,0,0,0,0,0,0
resource_constrained,seg-least_privilege|patch+0|det0|iso0|bak-connected|idm1,segmentation=least_privilege; backups=connected; identity controls,9.0,25,209.49300000000002,190.07685,222.59512499999997,220.40000000000003,235.22,0.96,0.838563446991111,0.96,0,1,0,0,0,0,0,1
resource_constrained,seg-least_privilege|patch+0|det0|iso0|bak-isolated|idm0,segmentation=least_privilege; backups=isolated,7.0,25,165.072,135.48354999999998,190.36987500000004,194.22500000000002,217.64000000000001,0.84,0.7017738910685365,0.0,0,1,0,0,0,0,1,0
resource_constrained,seg-least_privilege|patch+0|det0|iso0|bak-isolated|idm1,segmentation=least_privilege; backups=isolated; identity controls,11.0,25,162.31600000000003,133.22850000000003,188.05655,195.42499999999998,208.815,0.84,0.6643330705274114,0.0,0,1,0,0,0,0,1,1
resource_constrained,seg-least_privilege|patch+0|det0|iso1|bak-connected|idm0,segmentation=least_privilege; rapid isolation; backups=connected,10.0,25,197.016,165.27335,223.12082499999997,226.25,238.4,0.88,0.730354017525434,0.88,0,1,0,0,0,1,0,0
resource_constrained,seg-least_privilege|patch+0|det0|iso1|bak-connected|idm1,segmentation=least_privilege; rapid isolation; backups=connected; identity controls,14.0,25,189.127,157.205475,212.73204999999996,217.275,234.99000000000004,0.88,0.7223979178420857,0.88,0,1,0,0,0,1,0,1
resource_constrained,seg-least_privilege|patch+0|det0|iso1|bak-isolated|idm0,segmentation=least_privilege; rapid isolation; backups=isolated,12.0,25,136.84900000000002,103.19290000000002,167.66409999999996,185.52500000000003,200.19000000000003,0.72,0.5866027249158222,0.0,0,1,0,0,0,1,1,0
resource_constrained,seg-least_privilege|patch+0|det0|iso1|bak-isolated|idm1,segmentation=least_privilege; rapid isolation; backups=isolated; identity controls,16.0,25,186.921,178.02372499999998,194.61262499999998,194.025,205.89000000000001,1.0,0.8006630973474058,0.0,0,1,0,0,0,1,1,1
resource_constrained,seg-least_privilege|patch+0|det1|iso0|bak-connected|idm0,segmentation=least_privilege; faster detection; backups=connected,8.0,25,166.043,136.193775,191.57117499999993,184.70000000000002,219.88,0.88,0.6614818833238418,0.92,0,1,0,0,1,0,0,0
resource_constrained,seg-least_privilege|patch+0|det1|iso0|bak-connected|idm1,segmentation=least_privilege; faster detection; backups=connected; identity controls,12.0,25,154.465,123.9433,182.4983749999999,177.82500000000002,226.52000000000004,0.84,0.5962559008770757,0.84,0,1,0,0,1,0,0,1
resource_constrained,seg-least_privilege|patch+0|det1|iso0|bak-isolated|idm0,segmentation=least_privilege; faster detection; backups=isolated,10.0,25,126.06700000000001,106.25805,143.097475,138.8,166.54999999999998,0.92,0.6356718162612937,0.0,0,1,0,0,1,0,1,0
resource_constrained,seg-least_privilege|patch+0|det1|iso0|bak-isolated|idm1,segmentation=least_privilege; faster detection; backups=isolated; identity controls,14.0,25,126.20300000000002,103.46679999999999,146.17467499999998,137.825,183.72500000000002,0.92,0.5938123852368187,0.0,0,1,0,0,1,0,1,1
resource_constrained,seg-least_privilege|patch+0|det1|iso1|bak-connected|idm0,segmentation=least_privilege; faster detection; rapid isolation; backups=connected,13.0,25,135.001,101.771125,168.429075,169.60000000000005,217.695,0.76,0.5257456425700903,0.72,0,1,0,0,1,1,0,0
resource_constrained,seg-least_privilege|patch+0|det1|iso1|bak-connected|idm1,segmentation=least_privilege; faster detection; rapid isolation; backups=connected; identity controls,17.0,25,108.12500000000001,72.4757,146.194575,151.675,223.80500000000004,0.56,0.38474817413909307,0.56,0,1,0,0,1,1,0,1
resource_constrained,seg-least_privilege|patch+0|det1|iso1|bak-isolated|idm0,segmentation=least_privilege; faster detection; rapid isolation; backups=isolated,15.0,25,108.99699999999999,82.13045000000001,133.769125,125.85,179.805,0.8,0.4769798010209062,0.0,0,1,0,0,1,1,1,0
resource_constrained,seg-least_privilege|patch+0|det1|iso1|bak-isolated|idm1,segmentation=least_privilege; faster detection; rapid isolation; backups=isolated; identity controls,19.0,25,96.715,71.85749999999999,123.47202499999999,118.275,169.64,0.76,0.4176932074954267,0.0,0,1,0,0,1,1,1,1
resource_constrained,seg-least_privilege|patch+1|det0|iso0|bak-connected|idm0,segmentation=least_privilege; patch+1 levels; backups=connected,7.0,25,178.575,146.05645,207.37242499999996,206.275,230.02,0.84,0.6668605248087625,0.84,0,1,1,1,0,0,0,0
resource_constrained,seg-least_privilege|patch+1|det0|iso0|bak-connected|idm1,segmentation=least_privilege; patch+1 levels; backups=connected; identity controls,11.0,25,187.45699999999997,160.75289999999998,208.36487499999993,209.45,231.285,0.92,0.7117341183529612,0.92,0,1,1,1,0,0,0,1
resource_constrained,seg-least_privilege|patch+1|det0|iso0|bak-isolated|idm0,segmentation=least_privilege; patch+1 levels; backups=isolated,9.0,25,152.62400000000002,123.000875,178.03972500000003,178.57500000000002,210.25500000000002,0.84,0.5900672392926174,0.0,0,1,1,1,0,0,1,0
resource_constrained,seg-least_privilege|patch+1|det0|iso0|bak-isolated|idm1,segmentation=least_privilege; patch+1 levels; backups=isolated; identity controls,13.0,25,164.87400000000002,137.64670000000004,188.124075,184.2,210.03500000000003,0.88,0.6378164013731871,0.0,0,1,1,1,0,0,1,1
resource_constrained,seg-least_privilege|patch+1|det0|iso1|bak-connected|idm0,segmentation=least_privilege; patch+1 levels; rapid isolation; backups=connected,12.0,25,167.746,132.94197499999999,197.16962499999994,207.82500000000005,228.535,0.8,0.5810125401370356,0.84,0,1,1,1,0,1,0,0
resource_constrained,seg-least_privilege|patch+1|det0|iso1|bak-connected|idm1,segmentation=least_privilege; patch+1 levels; rapid isolation; backups=connected; identity controls,16.0,25,163.112,131.161,193.40542499999998,191.15,227.925,0.84,0.5519474054310788,0.8,0,1,1,1,0,1,0,1
resource_constrained,seg-least_privilege|patch+1|det0|iso1|bak-isolated|idm0,segmentation=least_privilege; patch+1 levels; rapid isolation; backups=isolated,14.0,25,154.15400000000002,125.35365,178.62487499999997,173.40000000000003,203.14000000000001,0.84,0.5909933900530553,0.0,0,1,1,1,0,1,1,0
resource_constrained,seg-least_privilege|patch+1|det0|iso1|bak-isolated|idm1,segmentation=least_privilege; patch+1 levels; rapid isolation; backups=isolated; identity controls,18.0,25,152.367,123.0413,178.52514999999997,183.525,207.79000000000002,0.88,0.598306168450969,0.0,0,1,1,1,0,1,1,1
resource_constrained,seg-least_privilege|patch+1|det1|iso0|bak-connected|idm0,segmentation=least_privilege; patch+1 levels; faster detection; backups=connected,10.0,25,105.21500000000002,74.11172499999999,136.62487499999995,135.875,204.11500000000004,0.72,0.32949172436324276,0.68,0,1,1,1,1,0,0,0
resource_constrained,seg-least_privilege|patch+1|det1|iso0|bak-connected|idm1,segmentation=least_privilege; patch+1 levels; faster detection; backups=connected; identity controls,14.0,25,84.62200000000001,52.8252,116.54475,46.974999999999994,210.865,0.68,0.2561550426776322,0.6,0,1,1,1,1,0,0,1
resource_constrained,seg-least_privilege|patch+1|det1|iso0|bak-isolated|idm0,segmentation=least_privilege; patch+1 levels; faster detection; backups=isolated,12.0,25,89.00500000000002,61.42885,114.41864999999999,123.72500000000002,163.1,0.72,0.3849111773208351,0.0,0,1,1,1,1,0,1,0
resource_constrained,seg-least_privilege|patch+1|det1|iso0|bak-isolated|idm1,segmentation=least_privilege; patch+1 levels; faster detection; backups=isolated; identity controls,16.0,25,56.78,34.121024999999996,82.118775,33.699999999999996,161.735,0.52,0.22824476075690167,0.0,0,1,1,1,1,0,1,1
resource_constrained,seg-least_privilege|patch+1|det1|iso1|bak-connected|idm0,segmentation=least_privilege; patch+1 levels; faster detection; rapid isolation; backups=connected,15.0,25,82.34,48.17120000000001,118.50912500000001,12.4,193.14000000000001,0.48,0.24290866161562874,0.44,0,1,1,1,1,1,0,0
resource_constrained,seg-least_privilege|patch+1|det1|iso1|bak-connected|idm1,segmentation=least_privilege; patch+1 levels; faster detection; rapid isolation; backups=connected; identity controls,19.0,25,121.316,89.13985,151.424175,140.85,209.365,0.72,0.3104382590210461,0.72,0,1,1,1,1,1,0,1
resource_constrained,seg-least_privilege|patch+1|det1|iso1|bak-isolated|idm0,segmentation=least_privilege; patch+1 levels; faster detection; rapid isolation; backups=isolated,17.0,25,48.895,28.10905,71.88382499999999,18.8,141.80499999999998,0.52,0.18156669993401753,0.0,0,1,1,1,1,1,1,0
resource_constrained,seg-least_privilege|patch+1|det1|iso1|bak-isolated|idm1,segmentation=least_privilege; patch+1 levels; faster detection; rapid isolation; backups=isolated; identity controls,21.0,25,44.588,29.372674999999997,60.808549999999975,36.199999999999996,107.16500000000005,0.6,0.1519261633997931,0.0,0,1,1,1,1,1,1,1
resource_constrained,seg-least_privilege|patch+2|det0|iso0|bak-connected|idm0,segmentation=least_privilege; patch+2 levels; backups=connected,9.0,25,129.685,97.019125,160.975325,159.9,220.55000000000004,0.8,0.43342669347430934,0.72,0,1,1,2,0,0,0,0
resource_constrained,seg-least_privilege|patch+2|det0|iso0|bak-connected|idm1,segmentation=least_privilege; patch+2 levels; backups=connected; identity controls,13.0,25,133.99,101.82355000000001,164.0601,169.20000000000002,210.19500000000005,0.8,0.45139890451116393,0.76,0,1,1,2,0,0,0,1
resource_constrained,seg-least_privilege|patch+2|det0|iso0|bak-isolated|idm0,segmentation=least_privilege; patch+2 levels; backups=isolated,11.0,25,147.482,119.71955000000001,172.92694999999998,173.65,207.96500000000003,0.84,0.5540222992615784,0.0,0,1,1,2,0,0,1,0
resource_constrained,seg-least_privilege|patch+2|det0|iso0|bak-isolated|idm1,segmentation=least_privilege; patch+2 levels; backups=isolated; identity controls,15.0,25,95.427,65.850025,121.761425,133.225,174.56,0.64,0.36505010480548444,0.0,0,1,1,2,0,0,1,1
resource_constrained,seg-least_privilege|patch+2|det0|iso1|bak-connected|idm0,segmentation=least_privilege; patch+2 levels; rapid isolation; backups=connected,14.0,25,123.279,86.41167499999999,160.99002499999997,175.275,228.40500000000003,0.64,0.3571285217970967,0.6,0,1,1,2,0,1,0,0
resource_constrained,seg-least_privilege|patch+2|det0|iso1|bak-connected|idm1,segmentation=least_privilege; patch+2 levels; rapid isolation; backups=connected; identity controls,18.0,25,119.573,87.47090000000001,149.02345,130.05,199.845,0.8,0.42322032161869527,0.76,0,1,1,2,0,1,0,1
resource_constrained,seg-least_privilege|patch+2|det0|iso1|bak-isolated|idm0,segmentation=least_privilege; patch+2 levels; rapid isolation; backups=isolated,16.0,25,86.351,53.080525,120.14059999999996,23.874999999999993,215.505,0.52,0.2931065191917102,0.0,0,1,1,2,0,1,1,0
resource_constrained,seg-least_privilege|patch+2|det0|iso1|bak-isolated|idm1,segmentation=least_privilege; patch+2 levels; rapid isolation; backups=isolated; identity controls,20.0,25,90.01900000000002,57.795249999999996,125.24185000000003,51.19999999999999,202.02000000000004,0.52,0.2926818634077662,0.0,0,1,1,2,0,1,1,1
resource_constrained,seg-least_privilege|patch+2|det1|iso0|bak-connected|idm0,segmentation=least_privilege; patch+2 levels; faster detection; backups=connected,12.0,25,74.075,46.04715,106.77007499999999,31.6,198.17000000000004,0.6,0.16232167005636725,0.48,0,1,1,2,1,0,0,0
resource_constrained,seg-least_privilege|patch+2|det1|iso0|bak-connected|idm1,segmentation=least_privilege; patch+2 levels; faster detection; backups=connected; identity controls,16.0,25,51.035,27.028975000000006,80.06297500000001,11.425,164.5150000000001,0.44,0.14297786475724616,0.44,0,1,1,2,1,0,0,1
resource_constrained,seg-least_privilege|patch+2|det1|iso0|bak-isolated|idm0,segmentation=least_privilege; patch+2 levels; faster detection; backups=isolated,14.0,25,54.974,28.175375,85.292075,6.2,177.175,0.44,0.13901864957826246,0.0,0,1,1,2,1,0,1,0
resource_constrained,seg-least_privilege|patch+2|det1|iso0|bak-isolated|idm1,segmentation=least_privilege; patch+2 levels; faster detection; backups=isolated; identity controls,18.0,25,37.28,17.068824999999997,60.60162499999999,7.4,154.08500000000006,0.44,0.11440280080146562,0.0,0,1,1,2,1,0,1,1
resource_constrained,seg-least_privilege|patch+2|det1|iso1|bak-connected|idm0,segmentation=least_privilege; patch+2 levels; faster detection; rapid isolation; backups=connected,17.0,25,41.556000000000004,19.90495,67.50272499999998,3.8,142.01500000000001,0.4,0.11356000074890799,0.36,0,1,1,2,1,1,0,0
resource_constrained,seg-least_privilege|patch+2|det1|iso1|bak-connected|idm1,segmentation=least_privilege; patch+2 levels; faster detection; rapid isolation; backups=connected; identity controls,21.0,25,25.720000000000006,9.001275000000001,47.897625000000005,4.4,79.71500000000002,0.28,0.06318597591534446,0.16,0,1,1,2,1,1,0,1
resource_constrained,seg-least_privilege|patch+2|det1|iso1|bak-isolated|idm0,segmentation=least_privilege; patch+2 levels; faster detection; rapid isolation; backups=isolated,19.0,25,27.068,10.579150000000002,46.734374999999986,3.4000000000000004,100.50500000000002,0.32,0.09646969940280581,0.0,0,1,1,2,1,1,1,0
resource_constrained,seg-least_privilege|patch+2|det1|iso1|bak-isolated|idm1,segmentation=least_privilege; patch+2 levels; faster detection; rapid isolation; backups=isolated; identity controls,23.0,25,23.321000000000005,9.145999999999999,44.77587499999998,9.4,60.440000000000026,0.32,0.057646451255868605,0.0,0,1,1,2,1,1,1,1
