facility,profile,portfolio,metric,n,mean,median,std,iqr,p90,p95,ci95_lo,ci95_hi
large_hospital,high_capacity,baseline_flat,weighted_service_hours_lost,125,20.9578,6,30.60711664,13.2,76.43,88.175,16.00224,26.105325
large_hospital,high_capacity,baseline_flat,pct_compromised,125,0.07461956275,0.003064351379,0.1255660285,0.03558303876,0.3,0.3366847444,0.05412542631,0.09514893094
large_hospital,high_capacity,baseline_flat,catastrophic,125,0.288,0,0.4546533596,1,1,1,0.208,0.368
large_hospital,high_capacity,baseline_flat,total_service_downtime_steps,125,112.664,32,165.3750841,67,416.6,463.6,85.783,140.5684
large_hospital,high_capacity,baseline_flat,backup_compromised,125,0.336,0,0.4742396291,1,1,1,0.256,0.424
large_hospital,high_capacity,baseline_flat,identity_compromised,125,0.28,0,0.4508057303,1,1,1,0.2,0.36
large_hospital,high_capacity,baseline_flat,recovered_within_horizon,125,0.952,1,0.2146264572,0,1,1,0.912,0.984
large_hospital,high_capacity,baseline_flat,pct_clinical_capacity_lost,125,0.08685539216,0.0318627451,0.122113621,0.06066176471,0.3024509804,0.351194853,0.06696348039,0.1075348346
large_hospital,high_capacity,baseline_flat,defensive_isolation_node_steps,125,2516.312,2557,318.6613739,395,2868.2,2945.2,2457.2788,2568.1162
large_hospital,high_capacity,basic_segmentation,weighted_service_hours_lost,125,6.7126,4,6.507454336,7.8,14.16,21.305,5.63738,7.827865
large_hospital,high_capacity,basic_segmentation,pct_compromised,125,0.002889094348,0.001305483029,0.003284457881,0.002093060127,0.006372650443,0.008286000286,0.002396465769,0.003457233722
large_hospital,high_capacity,basic_segmentation,catastrophic,125,0.048,0,0.2146264572,0,0,0,0.016,0.088
large_hospital,high_capacity,basic_segmentation,total_service_downtime_steps,125,35.424,24,33.13030578,40,72.6,109.4,29.9998,41.137
large_hospital,high_capacity,basic_segmentation,backup_compromised,125,0.016,0,0.1259800291,0,0,0,0,0.04
large_hospital,high_capacity,basic_segmentation,identity_compromised,125,0.144,0,0.3525025738,0,1,1,0.088,0.208
large_hospital,high_capacity,basic_segmentation,recovered_within_horizon,125,0.928,1,0.2595281077,0,1,1,0.88,0.968
large_hospital,high_capacity,basic_segmentation,pct_clinical_capacity_lost,125,0.03062622549,0.02083333333,0.03000189381,0.03676470588,0.06446078431,0.09476102941,0.02569960172,0.03581776961
large_hospital,high_capacity,basic_segmentation,defensive_isolation_node_steps,125,2591.48,2557,269.8365575,434,2940.2,3010.4,2546.0682,2643.1824
large_hospital,high_capacity,detection_plus_backups,weighted_service_hours_lost,125,6.6884,4.2,6.114113551,8.2,15.715,20.74,5.66254,7.81202
large_hospital,high_capacity,detection_plus_backups,pct_compromised,125,0.001802734392,0.00127388535,0.001177405356,0.001129940627,0.003145886488,0.003412969283,0.00161493495,0.002011202435
large_hospital,high_capacity,detection_plus_backups,catastrophic,125,0.024,0,0.1536649056,0,0,0,0,0.056
large_hospital,high_capacity,detection_plus_backups,total_service_downtime_steps,125,35.792,24,31.83862941,40,80,110.4,30.5752,41.6164
large_hospital,high_capacity,detection_plus_backups,backup_compromised,125,0.008,0,0.0894427191,0,0,0,0,0.024
large_hospital,high_capacity,detection_plus_backups,identity_compromised,125,0.104,0,0.3064889621,0,0.6,1,0.056,0.16
large_hospital,high_capacity,detection_plus_backups,recovered_within_horizon,125,0.952,1,0.2146264572,0,1,1,0.912,0.984
large_hospital,high_capacity,detection_plus_backups,pct_clinical_capacity_lost,125,0.02967034314,0.01960784314,0.02781382906,0.0318627451,0.0725490196,0.08556985294,0.0249846201,0.03486415441
large_hospital,high_capacity,detection_plus_backups,defensive_isolation_node_steps,125,2609.328,2610,262.3032527,348,2930.8,2999,2564.9296,2655.452
large_hospital,high_capacity,fast_detection,weighted_service_hours_lost,125,5.7662,3.6,5.26181874,5.725,14.56,16.76,4.906275,6.696215
large_hospital,high_capacity,fast_detection,pct_compromised,125,0.0018016078,0.001257861635,0.001122984988,0.001170887084,0.0030353987,0.004054411773,0.001615752502,0.002006045849
large_hospital,high_capacity,fast_detection,catastrophic,125,0.064,0,0.2457378619,0,0,1,0.024,0.104
large_hospital,high_capacity,fast_detection,total_service_downtime_steps,125,30.968,24,26.85953186,24,72,87.6,26.5518,35.7686
large_hospital,high_capacity,fast_detection,backup_compromised,125,0.048,0,0.2146264572,0,0,0,0.016,0.088
large_hospital,high_capacity,fast_detection,identity_compromised,125,0.112,0,0.3166355389,0,1,1,0.056,0.168
large_hospital,high_capacity,fast_detection,recovered_within_horizon,125,0.912,1,0.2844349237,0,1,1,0.864,0.96
large_hospital,high_capacity,fast_detection,pct_clinical_capacity_lost,125,0.02581372549,0.01960784314,0.02473944653,0.02696078432,0.0637254902,0.07702205882,0.02177169118,0.03013992034
large_hospital,high_capacity,fast_detection,defensive_isolation_node_steps,125,2600.472,2609,257.4210676,373,2920.8,2994.8,2555.8872,2647.0196
large_hospital,high_capacity,full_defense,weighted_service_hours_lost,125,6.0322,4,5.539710762,7.4,13.44,15.96,5.10773,7.030725
large_hospital,high_capacity,full_defense,pct_compromised,125,0.001263537584,0.001157407407,0.0003900679502,0.000206814265,0.00132908084,0.002280101817,0.001198109973,0.001332684569
large_hospital,high_capacity,full_defense,catastrophic,125,0.032,0,0.1767082524,0,0,0,0.008,0.064
large_hospital,high_capacity,full_defense,total_service_downtime_steps,125,31.808,24,28.32606687,40,72,86.8,27.0474,36.8564
large_hospital,high_capacity,full_defense,backup_compromised,125,0,0,0,0,0,0,0,0
large_hospital,high_capacity,full_defense,identity_compromised,125,0.072,0,0.2595281077,0,0,1,0.032,0.12
large_hospital,high_capacity,full_defense,recovered_within_horizon,125,0.944,1,0.2308469679,0,1,1,0.904,0.984
large_hospital,high_capacity,full_defense,pct_clinical_capacity_lost,125,0.02740808824,0.01960784314,0.02583812176,0.0318627451,0.06323529412,0.07622549019,0.0231013174,0.03213201593
large_hospital,high_capacity,full_defense,defensive_isolation_node_steps,125,2609.624,2602,273.6680254,378,2974.4,3080.8,2564.8908,2655.992
large_hospital,high_capacity,identity_controls,weighted_service_hours_lost,125,16.6888,8.8,20.71865283,18.275,48.635,65.8,13.295225,20.675835
large_hospital,high_capacity,identity_controls,pct_compromised,125,0.07105455055,0.003658536585,0.1172076124,0.06098152743,0.2758823529,0.3099066607,0.05123136834,0.09280651921
large_hospital,high_capacity,identity_controls,catastrophic,125,0.272,0,0.4467805985,1,1,1,0.2,0.352
large_hospital,high_capacity,identity_controls,total_service_downtime_steps,125,91.4,48,114.7873209,97,262.4,363.6,72.4466,113.2272
large_hospital,high_capacity,identity_controls,backup_compromised,125,0.344,0,0.4769526926,1,1,1,0.264,0.432
large_hospital,high_capacity,identity_controls,identity_compromised,125,0.288,0,0.4546533596,1,1,1,0.208,0.368
large_hospital,high_capacity,identity_controls,recovered_within_horizon,125,0.904,1,0.2957767249,0,1,1,0.848,0.952
large_hospital,high_capacity,identity_controls,pct_clinical_capacity_lost,125,0.07199142157,0.04166666667,0.08726213146,0.08578431372,0.2039215686,0.2721200981,0.05758517157,0.08842843138
large_hospital,high_capacity,identity_controls,defensive_isolation_node_steps,125,2581.144,2557,355.4087312,431,2957.6,3015.2,2514.7744,2640.8018
large_hospital,high_capacity,isolated_backups,weighted_service_hours_lost,125,15.7926,7.8,19.40819036,12.8,50.19,59.595,12.573355,19.30648
large_hospital,high_capacity,isolated_backups,pct_compromised,125,0.07224574527,0.005235602094,0.105902741,0.1454434788,0.2571577562,0.2820673269,0.05375612161,0.09128544712
large_hospital,high_capacity,isolated_backups,catastrophic,125,0.296,0,0.458327957,1,1,1,0.216,0.376
large_hospital,high_capacity,isolated_backups,total_service_downtime_steps,125,82.28,40,99.9593143,72,258.4,303.8,65.6158,100.2254
large_hospital,high_capacity,isolated_backups,backup_compromised,125,0,0,0,0,0,0,0,0
large_hospital,high_capacity,isolated_backups,identity_compromised,125,0.352,0,0.4795158849,1,1,1,0.272,0.44
large_hospital,high_capacity,isolated_backups,recovered_within_horizon,125,0.968,1,0.1767082524,0,1,1,0.936,0.992
large_hospital,high_capacity,isolated_backups,pct_clinical_capacity_lost,125,0.07304166667,0.04166666667,0.08916223839,0.0612745098,0.2322303922,0.2649203432,0.05843483456,0.08965928309
large_hospital,high_capacity,isolated_backups,defensive_isolation_node_steps,125,2516.544,2503,358.2557769,413,2916.6,2983.6,2445.8312,2577.839
large_hospital,high_capacity,least_privilege,weighted_service_hours_lost,125,7.3078,5,6.46125192,10.4,15.72,20.4,6.193395,8.42727
large_hospital,high_capacity,least_privilege,pct_compromised,125,0.002247359161,0.001259445844,0.002147247226,0.001143438252,0.004516733929,0.006468348437,0.001891978044,0.002641919675
large_hospital,high_capacity,least_privilege,catastrophic,125,0.048,0,0.2146264572,0,0,0,0.016,0.088
large_hospital,high_capacity,least_privilege,total_service_downtime_steps,125,38.128,24,32.83143065,56,83,104,32.4796,43.8258
large_hospital,high_capacity,least_privilege,backup_compromised,125,0,0,0,0,0,0,0,0
large_hospital,high_capacity,least_privilege,identity_compromised,125,0.088,0,0.2844349237,0,0,1,0.04,0.136
large_hospital,high_capacity,least_privilege,recovered_within_horizon,125,0.944,1,0.2308469679,0,1,1,0.904,0.984
large_hospital,high_capacity,least_privilege,pct_clinical_capacity_lost,125,0.03354534314,0.02328431373,0.02978149393,0.04289215686,0.07352941176,0.09289215686,0.02834430147,0.03871577819
large_hospital,high_capacity,least_privilege,defensive_isolation_node_steps,125,2587.864,2610,344.9271392,340,2941,2997.4,2524.0702,2646.079
large_hospital,high_capacity,patch_90,weighted_service_hours_lost,125,10.9522,7.6,12.64695353,9,22.05,38.815,8.98779,13.402905
large_hospital,high_capacity,patch_90,pct_compromised,125,0.01925776246,0.002421307506,0.04157965754,0.007762130633,0.07034722901,0.1180786255,0.01267053155,0.0272405849
large_hospital,high_capacity,patch_90,catastrophic,125,0.152,0,0.3604656487,0,1,1,0.088,0.216
large_hospital,high_capacity,patch_90,total_service_downtime_steps,125,57.776,40,65.52614155,42,114.2,210,47.584,70.3534
large_hospital,high_capacity,patch_90,backup_compromised,125,0.2,0,0.4016096645,0,1,1,0.128,0.2722
large_hospital,high_capacity,patch_90,identity_compromised,125,0.208,0,0.4075101424,0,1,1,0.136,0.288
large_hospital,high_capacity,patch_90,recovered_within_horizon,125,0.92,1,0.2723849269,0,1,1,0.872,0.96
large_hospital,high_capacity,patch_90,pct_clinical_capacity_lost,125,0.04906740196,0.04166666667,0.05409635183,0.03630514706,0.1011029412,0.1535539216,0.04053985907,0.05942999387
large_hospital,high_capacity,patch_90,defensive_isolation_node_steps,125,2587.192,2570,263.2786055,369,2943.8,3033.2,2539.4296,2634.3904
large_hospital,high_capacity,patch_plus_least_privilege,weighted_service_hours_lost,125,6.6454,4.6,5.720638908,8.8,13.4,15.52,5.664315,7.688825
large_hospital,high_capacity,patch_plus_least_privilege,pct_compromised,125,0.00175034523,0.001207729469,0.001111646851,0.00111664103,0.003158650707,0.004509525983,0.00156355123,0.001949942236
large_hospital,high_capacity,patch_plus_least_privilege,catastrophic,125,0.088,0,0.2844349237,0,0,1,0.04,0.144
large_hospital,high_capacity,patch_plus_least_privilege,total_service_downtime_steps,125,34.744,24,28.91586907,40,72,80,29.7996,40.0804
large_hospital,high_capacity,patch_plus_least_privilege,backup_compromised,125,0.008,0,0.0894427191,0,0,0,0,0.024
large_hospital,high_capacity,patch_plus_least_privilege,identity_compromised,125,0.056,0,0.2308469679,0,0,0.8,0.016,0.104
large_hospital,high_capacity,patch_plus_least_privilege,recovered_within_horizon,125,0.896,1,0.3064889621,0,1,1,0.84,0.944
large_hospital,high_capacity,patch_plus_least_privilege,pct_clinical_capacity_lost,125,0.03084068627,0.02328431373,0.02709994356,0.04044117647,0.0625,0.07916666667,0.0260609375,0.03560664828
large_hospital,high_capacity,patch_plus_least_privilege,defensive_isolation_node_steps,125,2611.72,2638,256.6506852,383,2914,2958.4,2566.276,2656.0872
large_hospital,high_capacity,profile_baseline,weighted_service_hours_lost,125,6.3282,3.8,5.792317089,8.4,13.54,16.115,5.31611,7.386655
large_hospital,high_capacity,profile_baseline,pct_compromised,125,0.002332027975,0.001305483029,0.001675713252,0.002020392202,0.005114119544,0.005881125486,0.002053139374,0.002627363514
large_hospital,high_capacity,profile_baseline,catastrophic,125,0.056,0,0.2308469679,0,0,0.8,0.024,0.096
large_hospital,high_capacity,profile_baseline,total_service_downtime_steps,125,33.568,24,29.44029935,40,72,81,28.3278,38.8646
large_hospital,high_capacity,profile_baseline,backup_compromised,125,0,0,0,0,0,0,0,0
large_hospital,high_capacity,profile_baseline,identity_compromised,125,0.064,0,0.2457378619,0,0,1,0.024,0.112
large_hospital,high_capacity,profile_baseline,recovered_within_horizon,125,0.936,1,0.2457378619,0,1,1,0.888,0.976
large_hospital,high_capacity,profile_baseline,pct_clinical_capacity_lost,125,0.02882720588,0.02083333333,0.02757248882,0.04166666667,0.06078431372,0.07843137255,0.02410459559,0.03377824755
large_hospital,high_capacity,profile_baseline,defensive_isolation_node_steps,125,2597.208,2574,266.9707395,408,2939,3030.4,2549.4126,2645.8992
large_hospital,high_capacity,seg_detect_backup,weighted_service_hours_lost,125,6.9392,4.4,6.122340878,8.4,14.72,20.8,5.816575,8.004775
large_hospital,high_capacity,seg_detect_backup,pct_compromised,125,0.001446299753,0.001212121212,0.0006202860675,0.000246325058,0.002395121071,0.002653934527,0.001339731855,0.00156522802
large_hospital,high_capacity,seg_detect_backup,catastrophic,125,0.04,0,0.1967477507,0,0,0,0.008,0.0722
large_hospital,high_capacity,seg_detect_backup,total_service_downtime_steps,125,36.192,24,31.00304251,40,78.2,105.6,30.4638,41.536
large_hospital,high_capacity,seg_detect_backup,backup_compromised,125,0,0,0,0,0,0,0,0
large_hospital,high_capacity,seg_detect_backup,identity_compromised,125,0.072,0,0.2595281077,0,0,1,0.032,0.12
large_hospital,high_capacity,seg_detect_backup,recovered_within_horizon,125,0.92,1,0.2723849269,0,1,1,0.872,0.968
large_hospital,high_capacity,seg_detect_backup,pct_clinical_capacity_lost,125,0.03198529412,0.02205882353,0.02858546104,0.04044117647,0.06587009804,0.09558823529,0.02689877451,0.03696905637
large_hospital,high_capacity,seg_detect_backup,defensive_isolation_node_steps,125,2589.616,2625,345.6454174,407,2905.6,3028.2,2528.7256,2645.6248
large_hospital,high_capacity,seg_plus_detection,weighted_service_hours_lost,125,6.6172,4.2,5.921155701,9.4,14.46,19.16,5.57235,7.67736
large_hospital,high_capacity,seg_plus_detection,pct_compromised,125,0.001311329241,0.001179245283,0.000413505783,0.000174486981,0.002106613806,0.002339232129,0.001237494765,0.00138792973
large_hospital,high_capacity,seg_plus_detection,catastrophic,125,0.056,0,0.2308469679,0,0,0.8,0.024,0.0962
large_hospital,high_capacity,seg_plus_detection,total_service_downtime_steps,125,35.384,24,30.5790314,40,76.6,102.6,30.104,41.017
large_hospital,high_capacity,seg_plus_detection,backup_compromised,125,0,0,0,0,0,0,0,0
large_hospital,high_capacity,seg_plus_detection,identity_compromised,125,0.056,0,0.2308469679,0,0,0.8,0.024,0.0962
large_hospital,high_capacity,seg_plus_detection,recovered_within_horizon,125,0.864,1,0.344168001,0,1,1,0.8,0.9202
large_hospital,high_capacity,seg_plus_detection,pct_clinical_capacity_lost,125,0.029625,0.02083333333,0.02691634372,0.04044117647,0.0693627451,0.08431372549,0.02492506128,0.03443204657
large_hospital,high_capacity,seg_plus_detection,defensive_isolation_node_steps,125,2575.48,2576,343.6267808,362,2921.2,3057,2510.946,2631.8486
large_hospital,high_capacity,seg_plus_patch,weighted_service_hours_lost,125,6.5384,4,6.804632957,8.2,12.96,17.36,5.428125,7.77745
large_hospital,high_capacity,seg_plus_patch,pct_compromised,125,0.002273082424,0.001251564456,0.002149289116,0.001389565265,0.004061935216,0.006554321018,0.001932109986,0.002676721331
large_hospital,high_capacity,seg_plus_patch,catastrophic,125,0.072,0,0.2595281077,0,0,1,0.032,0.128
large_hospital,high_capacity,seg_plus_patch,total_service_downtime_steps,125,34.224,24,35.09867749,46,67.6,87.8,28.4952,40.6966
large_hospital,high_capacity,seg_plus_patch,backup_compromised,125,0.016,0,0.1259800291,0,0,0,0,0.04
large_hospital,high_capacity,seg_plus_patch,identity_compromised,125,0.096,0,0.2957767249,0,0,1,0.048,0.152
large_hospital,high_capacity,seg_plus_patch,recovered_within_horizon,125,0.944,1,0.2308469679,0,1,1,0.904,0.984
large_hospital,high_capacity,seg_plus_patch,pct_clinical_capacity_lost,125,0.0308504902,0.02083333333,0.03132967022,0.0330882353,0.06078431372,0.08529411765,0.02570318627,0.03652159927
large_hospital,high_capacity,seg_plus_patch,defensive_isolation_node_steps,125,2582.024,2611,260.0266259,416,2918,2993.8,2535.756,2627.1004
large_hospital,intermediate_capacity,baseline_flat,weighted_service_hours_lost,125,206.08,221.85,58.05253105,27.65,241.885,243.46,195.068835,215.11568
large_hospital,intermediate_capacity,baseline_flat,pct_compromised,125,0.8154587824,0.8778026906,0.2280396754,0.0214247918,0.8933686256,0.8979075768,0.7729811999,0.8505465068
large_hospital,intermediate_capacity,baseline_flat,catastrophic,125,0.928,1,0.2595281077,0,1,1,0.88,0.968
large_hospital,intermediate_capacity,baseline_flat,total_service_downtime_steps,125,1101.224,1188,307.6496191,124,1277.4,1286.4,1042.7652,1148.754
large_hospital,intermediate_capacity,baseline_flat,backup_compromised,125,0.928,1,0.2595281077,0,1,1,0.88,0.968
large_hospital,intermediate_capacity,baseline_flat,identity_compromised,125,0.928,1,0.2595281077,0,1,1,0.88,0.968
large_hospital,intermediate_capacity,baseline_flat,recovered_within_horizon,125,0.272,0,0.4467805985,1,1,1,0.192,0.352
large_hospital,intermediate_capacity,baseline_flat,pct_clinical_capacity_lost,125,0.8099497549,0.8723958333,0.2282237235,0.1156556372,0.9523590686,0.9603860294,0.7670522365,0.8457211091
large_hospital,intermediate_capacity,baseline_flat,defensive_isolation_node_steps,125,746.576,593,514.0965967,158,861.2,2348.2,668.0308,840.9994
large_hospital,intermediate_capacity,basic_segmentation,weighted_service_hours_lost,125,167.2176,210.025,89.57066204,41.7,232.24,236.555,151.72039,183.10244
large_hospital,intermediate_capacity,basic_segmentation,pct_compromised,125,0.5713693888,0.7351485149,0.3152569817,0.0786441952,0.7715267635,0.7799419578,0.5174729923,0.6266227523
large_hospital,intermediate_capacity,basic_segmentation,catastrophic,125,0.784,1,0.4131702765,0,1,1,0.712,0.856
large_hospital,intermediate_capacity,basic_segmentation,total_service_downtime_steps,125,886.456,1114,474.4492138,210,1226,1248.2,804.5422,970.777
large_hospital,intermediate_capacity,basic_segmentation,backup_compromised,125,0.768,1,0.4238076253,0,1,1,0.696,0.84
large_hospital,intermediate_capacity,basic_segmentation,identity_compromised,125,0.784,1,0.4131702765,0,1,1,0.712,0.856
large_hospital,intermediate_capacity,basic_segmentation,recovered_within_horizon,125,0.256,0,0.438178046,1,1,1,0.176,0.336
large_hospital,intermediate_capacity,basic_segmentation,pct_clinical_capacity_lost,125,0.660817402,0.8272058824,0.3518100932,0.1757046569,0.9213541667,0.9360294118,0.5996738971,0.7235182904
large_hospital,intermediate_capacity,basic_segmentation,defensive_isolation_node_steps,125,1450.024,1161,664.043521,415,2649.8,2826.8,1333.509,1564.3978
large_hospital,intermediate_capacity,detection_plus_backups,weighted_service_hours_lost,125,71.249,88.775,46.72921495,97.725,119.15,126.275,62.983495,78.9966
large_hospital,intermediate_capacity,detection_plus_backups,pct_compromised,125,0.4387249346,0.6201550388,0.2960454776,0.6425694232,0.6681198949,0.6783466312,0.3862776434,0.4903925733
large_hospital,intermediate_capacity,detection_plus_backups,catastrophic,125,0.696,1,0.4618336525,1,1,1,0.616,0.776
large_hospital,intermediate_capacity,detection_plus_backups,total_service_downtime_steps,125,369.848,462,241.7170452,500,619.2,647.6,327.0042,410.0244
large_hospital,intermediate_capacity,detection_plus_backups,backup_compromised,125,0,0,0,0,0,0,0,0
large_hospital,intermediate_capacity,detection_plus_backups,identity_compromised,125,0.696,1,0.4618336525,1,1,1,0.616,0.776
large_hospital,intermediate_capacity,detection_plus_backups,recovered_within_horizon,125,0.92,1,0.2723849269,0,1,1,0.872,0.9602
large_hospital,intermediate_capacity,detection_plus_backups,pct_clinical_capacity_lost,125,0.315125,0.3935355392,0.2059492888,0.4327512254,0.5239583333,0.5641237745,0.2786212623,0.3493351409
large_hospital,intermediate_capacity,detection_plus_backups,defensive_isolation_node_steps,125,2074.52,1997,440.7011935,627,2752,2838.8,2001.2856,2153.9406
large_hospital,intermediate_capacity,fast_detection,weighted_service_hours_lost,125,97.088,132.65,68.02001518,136.75,158.715,165.845,85.27941,108.640005
large_hospital,intermediate_capacity,fast_detection,pct_compromised,125,0.4436236464,0.6603970742,0.3272681531,0.6864865011,0.7159285279,0.7301171156,0.3854301597,0.4991372563
large_hospital,intermediate_capacity,fast_detection,catastrophic,125,0.656,1,0.4769526926,1,1,1,0.576,0.736
large_hospital,intermediate_capacity,fast_detection,total_service_downtime_steps,125,534.8,736,374.8877466,760,874.6,912.8,469.1186,598.4606
large_hospital,intermediate_capacity,fast_detection,backup_compromised,125,0.664,1,0.4742396291,1,1,1,0.584,0.744
large_hospital,intermediate_capacity,fast_detection,identity_compromised,125,0.664,1,0.4742396291,1,1,1,0.584,0.744
large_hospital,intermediate_capacity,fast_detection,recovered_within_horizon,125,0.936,1,0.2457378619,0,1,1,0.888,0.976
large_hospital,intermediate_capacity,fast_detection,pct_clinical_capacity_lost,125,0.3756580882,0.5088848039,0.2597972945,0.5194546569,0.6184436275,0.6372242647,0.3306651042,0.4195938113
large_hospital,intermediate_capacity,fast_detection,defensive_isolation_node_steps,125,1780.896,1478,624.9861395,1115,2726.8,2834,1673.9414,1890.0554
large_hospital,intermediate_capacity,full_defense,weighted_service_hours_lost,125,7.0828,4.8,7.582460273,7.8,13.33,16.635,5.807125,8.52151
large_hospital,intermediate_capacity,full_defense,pct_compromised,125,0.00253377376,0.001307189542,0.002435569428,0.001467646344,0.005382513662,0.006917816053,0.002149687078,0.002978680663
large_hospital,intermediate_capacity,full_defense,catastrophic,125,0.056,0,0.2308469679,0,0,0.8,0.016,0.096
large_hospital,intermediate_capacity,full_defense,total_service_downtime_steps,125,36.888,24,39.12968842,40,72,86.4,30.224,44.2884
large_hospital,intermediate_capacity,full_defense,backup_compromised,125,0,0,0,0,0,0,0,0
large_hospital,intermediate_capacity,full_defense,identity_compromised,125,0.072,0,0.2595281077,0,0,1,0.032,0.12
large_hospital,intermediate_capacity,full_defense,recovered_within_horizon,125,0.904,1,0.2957767249,0,1,1,0.848,0.952
large_hospital,intermediate_capacity,full_defense,pct_clinical_capacity_lost,125,0.03274877451,0.02450980392,0.03375222954,0.0318627451,0.06495098039,0.07549019608,0.02697169118,0.03898275123
large_hospital,intermediate_capacity,full_defense,defensive_isolation_node_steps,125,2539.832,2523,262.3268626,387,2887.6,2955.6,2495.1768,2583.302
large_hospital,intermediate_capacity,identity_controls,weighted_service_hours_lost,125,202.1744,222.975,63.45033844,32.925,239.745,242.28,190.546215,212.94857
large_hospital,intermediate_capacity,identity_controls,pct_compromised,125,0.7990052946,0.8747126437,0.2491763971,0.0232644312,0.8941160542,0.9029103235,0.7508782919,0.8409997008
large_hospital,intermediate_capacity,identity_controls,catastrophic,125,0.92,1,0.2723849269,0,1,1,0.8718,0.96
large_hospital,intermediate_capacity,identity_controls,total_service_downtime_steps,125,1079.264,1183,336.3776714,156,1267,1279.8,1017.0832,1135.7206
large_hospital,intermediate_capacity,identity_controls,backup_compromised,125,0.912,1,0.2844349237,0,1,1,0.856,0.96
large_hospital,intermediate_capacity,identity_controls,identity_compromised,125,0.912,1,0.2844349237,0,1,1,0.856,0.96
large_hospital,intermediate_capacity,identity_controls,recovered_within_horizon,125,0.24,0,0.4288017814,0,1,1,0.168,0.32
large_hospital,intermediate_capacity,identity_controls,pct_clinical_capacity_lost,125,0.7952683824,0.8779105392,0.2495051032,0.1343443628,0.9448223039,0.9564338235,0.7499929841,0.83802356
large_hospital,intermediate_capacity,identity_controls,defensive_isolation_node_steps,125,809.184,645,559.8025629,174,944.8,2501.2,716.5598,913.6662
large_hospital,intermediate_capacity,isolated_backups,weighted_service_hours_lost,125,167.012,176.425,52.69993043,44.2,213.66,214.975,157.90108,175.52528
large_hospital,intermediate_capacity,isolated_backups,pct_compromised,125,0.7691556316,0.8345473465,0.2277337512,0.022990232,0.8545759523,0.8629938005,0.7276661475,0.8038049755
large_hospital,intermediate_capacity,isolated_backups,catastrophic,125,0.92,1,0.2723849269,0,1,1,0.872,0.96
large_hospital,intermediate_capacity,isolated_backups,total_service_downtime_steps,125,859.56,911,268.9141667,221,1091.2,1101.6,812.4158,902.7382
large_hospital,intermediate_capacity,isolated_backups,backup_compromised,125,0,0,0,0,0,0,0,0
large_hospital,intermediate_capacity,isolated_backups,identity_compromised,125,0.92,1,0.2723849269,0,1,1,0.872,0.96
large_hospital,intermediate_capacity,isolated_backups,recovered_within_horizon,125,0.672,1,0.4713741066,1,1,1,0.592,0.752
large_hospital,intermediate_capacity,isolated_backups,pct_clinical_capacity_lost,125,0.7379436274,0.777879902,0.2331130651,0.1997549019,0.9431678921,0.9479166667,0.6973532169,0.775887837
large_hospital,intermediate_capacity,isolated_backups,defensive_isolation_node_steps,125,998.792,869,525.3474779,308,1262.8,2521,912.8666,1094.1618
large_hospital,intermediate_capacity,least_privilege,weighted_service_hours_lost,125,103.828,147.325,90.70442041,181.925,207.555,219.645,87.643555,119.945245
large_hospital,intermediate_capacity,least_privilege,pct_compromised,125,0.2989995134,0.4840613932,0.2730263456,0.5482542553,0.5959299906,0.6199847723,0.253216085,0.3492938869
large_hospital,intermediate_capacity,least_privilege,catastrophic,125,0.592,1,0.4934408485,1,1,1,0.504,0.68
large_hospital,intermediate_capacity,least_privilege,total_service_downtime_steps,125,549.096,780,480.1674678,960,1095.6,1154,463.326,634.0676
large_hospital,intermediate_capacity,least_privilege,backup_compromised,125,0.568,1,0.4973478046,1,1,1,0.48,0.656
large_hospital,intermediate_capacity,least_privilege,identity_compromised,125,0.576,1,0.4961789479,1,1,1,0.488,0.664
large_hospital,intermediate_capacity,least_privilege,recovered_within_horizon,125,0.424,0,0.4961789479,1,1,1,0.336,0.512
large_hospital,intermediate_capacity,least_privilege,pct_clinical_capacity_lost,125,0.4162757353,0.5851715686,0.3601886766,0.7173713235,0.828125,0.8771446078,0.3525400735,0.480139185
large_hospital,intermediate_capacity,least_privilege,defensive_isolation_node_steps,125,2117.248,1985,489.5077458,886,2776.2,2922.6,2030.0526,2204.2754
large_hospital,intermediate_capacity,patch_90,weighted_service_hours_lost,125,164.6346,209.675,91.98590907,60.075,233.395,236.97,147.823865,180.88779
large_hospital,intermediate_capacity,patch_90,pct_compromised,125,0.5770318066,0.7538461538,0.3321992834,0.0668216117,0.7948551435,0.8004263714,0.5157361965,0.6358922195
large_hospital,intermediate_capacity,patch_90,catastrophic,125,0.768,1,0.4238076253,0,1,1,0.688,0.84
large_hospital,intermediate_capacity,patch_90,total_service_downtime_steps,125,873.944,1110,487.8151472,325,1236.6,1253.6,784.8338,960.4714
large_hospital,intermediate_capacity,patch_90,backup_compromised,125,0.768,1,0.4238076253,0,1,1,0.688,0.84
large_hospital,intermediate_capacity,patch_90,identity_compromised,125,0.76,1,0.4288017814,0,1,1,0.68,0.832
large_hospital,intermediate_capacity,patch_90,recovered_within_horizon,125,0.28,0,0.4508057303,1,1,1,0.2,0.36
large_hospital,intermediate_capacity,patch_90,pct_clinical_capacity_lost,125,0.6501127451,0.8226102941,0.3610740303,0.2320772059,0.9253063725,0.9357843137,0.5839810968,0.7142415135
large_hospital,intermediate_capacity,patch_90,defensive_isolation_node_steps,125,1402.96,1099,701.8551615,600,2684.4,2776.8,1279.8944,1534.8166
large_hospital,intermediate_capacity,patch_plus_least_privilege,weighted_service_hours_lost,125,17.7206,6,39.02615904,9.95,30.11,99.3,11.507705,25.010485
large_hospital,intermediate_capacity,patch_plus_least_privilege,pct_compromised,125,0.02212927505,0.002666666667,0.05481775628,0.007927542502,0.05617691008,0.1782453999,0.01350776015,0.0326915826
large_hospital,intermediate_capacity,patch_plus_least_privilege,catastrophic,125,0.184,0,0.3890434921,0,1,1,0.12,0.256
large_hospital,intermediate_capacity,patch_plus_least_privilege,total_service_downtime_steps,125,93.68,32,203.193361,48,154.8,515.6,61.0216,131.826
large_hospital,intermediate_capacity,patch_plus_least_privilege,backup_compromised,125,0.136,0,0.344168001,0,1,1,0.08,0.2
large_hospital,intermediate_capacity,patch_plus_least_privilege,identity_compromised,125,0.152,0,0.3604656487,0,1,1,0.088,0.216
large_hospital,intermediate_capacity,patch_plus_least_privilege,recovered_within_horizon,125,0.856,1,0.3525025738,0,1,1,0.792,0.912
large_hospital,intermediate_capacity,patch_plus_least_privilege,pct_clinical_capacity_lost,125,0.0762745098,0.03170955882,0.1634284055,0.04901960785,0.1053921569,0.3884803921,0.0502645527,0.1068480699
large_hospital,intermediate_capacity,patch_plus_least_privilege,defensive_isolation_node_steps,125,2543.336,2530,258.51608,311,2911.2,2980.8,2495.9352,2587.5282
large_hospital,intermediate_capacity,profile_baseline,weighted_service_hours_lost,125,163.1738,211.825,93.7077288,205.9,236.03,239.6,146.56543,178.78816
large_hospital,intermediate_capacity,profile_baseline,pct_compromised,125,0.5487296886,0.7229488704,0.3228777559,0.7418554477,0.773202454,0.778670452,0.491449304,0.6023266756
large_hospital,intermediate_capacity,profile_baseline,catastrophic,125,0.76,1,0.4288017814,0,1,1,0.68,0.832
large_hospital,intermediate_capacity,profile_baseline,total_service_downtime_steps,125,862.136,1119,495.6196731,1088,1246,1263.4,774.5306,944.5458
large_hospital,intermediate_capacity,profile_baseline,backup_compromised,125,0.744,1,0.438178046,1,1,1,0.664,0.816
large_hospital,intermediate_capacity,profile_baseline,identity_compromised,125,0.792,1,0.4075101424,0,1,1,0.72,0.856
large_hospital,intermediate_capacity,profile_baseline,recovered_within_horizon,125,0.256,0,0.438178046,1,1,1,0.1838,0.336
large_hospital,intermediate_capacity,profile_baseline,pct_clinical_capacity_lost,125,0.6497757353,0.8477328431,0.3693604656,0.7965686275,0.9378676471,0.953125,0.5841861826,0.7113092218
large_hospital,intermediate_capacity,profile_baseline,defensive_isolation_node_steps,125,1493.024,1162,702.7800379,1143,2711.2,2830.8,1379.2638,1616.2754
large_hospital,intermediate_capacity,seg_detect_backup,weighted_service_hours_lost,125,41.8602,9.2,56.69700978,89.8,135.945,159.255,32.107265,51.526825
large_hospital,intermediate_capacity,seg_detect_backup,pct_compromised,125,0.1190625489,0.004672897196,0.1708325956,0.3132336882,0.4061767288,0.4234270802,0.08976502023,0.1481285595
large_hospital,intermediate_capacity,seg_detect_backup,catastrophic,125,0.368,0,0.4842020373,1,1,1,0.28,0.456
large_hospital,intermediate_capacity,seg_detect_backup,total_service_downtime_steps,125,216.432,40,290.9809698,461,698.8,820.8,166.5594,265.9576
large_hospital,intermediate_capacity,seg_detect_backup,backup_compromised,125,0,0,0,0,0,0,0,0
large_hospital,intermediate_capacity,seg_detect_backup,identity_compromised,125,0.384,0,0.4883150754,1,1,1,0.296,0.472
large_hospital,intermediate_capacity,seg_detect_backup,recovered_within_horizon,125,0.912,1,0.2844349237,0,1,1,0.864,0.96
large_hospital,intermediate_capacity,seg_detect_backup,pct_clinical_capacity_lost,125,0.185872549,0.04166666667,0.2506467432,0.3992034313,0.5993259804,0.6988051471,0.1432595588,0.2287904718
large_hospital,intermediate_capacity,seg_detect_backup,defensive_isolation_node_steps,125,2455.808,2455,339.2306451,489,2891.2,2989.2,2399.068,2511.9938
large_hospital,intermediate_capacity,seg_plus_detection,weighted_service_hours_lost,125,38.6298,6.4,60.38312848,22.3,150.005,163.16,28.50717,49.34062
large_hospital,intermediate_capacity,seg_plus_detection,pct_compromised,125,0.09795204174,0.003424657534,0.1704115679,0.05016036237,0.4132912979,0.4398274049,0.06889693126,0.127807017
large_hospital,intermediate_capacity,seg_plus_detection,catastrophic,125,0.28,0,0.4508057303,1,1,1,0.2,0.36
large_hospital,intermediate_capacity,seg_plus_detection,total_service_downtime_steps,125,208.568,36,327.1627871,112,817,890,153.656,266.2434
large_hospital,intermediate_capacity,seg_plus_detection,backup_compromised,125,0.28,0,0.4508057303,1,1,1,0.2078,0.36
large_hospital,intermediate_capacity,seg_plus_detection,identity_compromised,125,0.328,0,0.4713741066,1,1,1,0.248,0.416
large_hospital,intermediate_capacity,seg_plus_detection,recovered_within_horizon,125,0.928,1,0.2595281077,0,1,1,0.88,0.968
large_hospital,intermediate_capacity,seg_plus_detection,pct_clinical_capacity_lost,125,0.1551519608,0.03676470588,0.2335624493,0.1041666666,0.5755514706,0.6286764706,0.1158296262,0.196205913
large_hospital,intermediate_capacity,seg_plus_detection,defensive_isolation_node_steps,125,2482.056,2525,363.27534,474,2936,3005.2,2418.8424,2545.5944
large_hospital,intermediate_capacity,seg_plus_patch,weighted_service_hours_lost,125,69.159,11.4,88.23066248,167.2,207.67,227.185,54.29642,84.983085
large_hospital,intermediate_capacity,seg_plus_patch,pct_compromised,125,0.1638039667,0.0103926097,0.2161742846,0.4241986391,0.487291412,0.4992191665,0.126356297,0.2019729044
large_hospital,intermediate_capacity,seg_plus_patch,catastrophic,125,0.4,0,0.4918693768,1,1,1,0.312,0.488
large_hospital,intermediate_capacity,seg_plus_patch,total_service_downtime_steps,125,364.152,59,463.8391868,868,1098.4,1186.8,285.8072,447.387
large_hospital,intermediate_capacity,seg_plus_patch,backup_compromised,125,0.416,0,0.4948769805,1,1,1,0.328,0.504
large_hospital,intermediate_capacity,seg_plus_patch,identity_compromised,125,0.456,0,0.500064512,1,1,1,0.368,0.544
large_hospital,intermediate_capacity,seg_plus_patch,recovered_within_horizon,125,0.616,1,0.4883150754,1,1,1,0.5358,0.696
large_hospital,intermediate_capacity,seg_plus_patch,pct_clinical_capacity_lost,125,0.280495098,0.05147058824,0.35377589,0.6704963236,0.8274509804,0.9055759804,0.2211019302,0.3432644608
large_hospital,intermediate_capacity,seg_plus_patch,defensive_isolation_node_steps,125,2343.08,2366,401.1787993,542,2828.8,2979,2270.1826,2411.4846
large_hospital,resource_constrained,baseline_flat,weighted_service_hours_lost,125,237.3666,244.85,37.26597392,6.475,248.45,249.08,230.28356,243.205755
large_hospital,resource_constrained,baseline_flat,pct_compromised,125,0.9571098917,0.9810366625,0.1505707844,0.0052319004,0.9858429802,0.9868915663,0.9261903384,0.980602513
large_hospital,resource_constrained,baseline_flat,catastrophic,125,0.976,1,0.1536649056,0,1,1,0.944,1
large_hospital,resource_constrained,baseline_flat,total_service_downtime_steps,125,1254.016,1293,196.9283063,34,1312,1316,1216.5796,1285.0504
large_hospital,resource_constrained,baseline_flat,backup_compromised,125,0.976,1,0.1536649056,0,1,1,0.944,1
large_hospital,resource_constrained,baseline_flat,identity_compromised,125,0.976,1,0.1536649056,0,1,1,0.944,1
large_hospital,resource_constrained,baseline_flat,recovered_within_horizon,125,0.024,0,0.1536649056,0,0,0,0,0.056
large_hospital,resource_constrained,baseline_flat,pct_clinical_capacity_lost,125,0.9338786765,0.9635416667,0.1461209855,0.026807598,0.9776348039,0.9791666667,0.9063792279,0.9568348039
large_hospital,resource_constrained,baseline_flat,defensive_isolation_node_steps,125,292.96,216,361.0264578,86,357.6,480,236.8868,363.0944
large_hospital,resource_constrained,basic_segmentation,weighted_service_hours_lost,125,227.0986,236.425,40.60291177,14.575,244.025,247.33,219.407,233.2734
large_hospital,resource_constrained,basic_segmentation,pct_compromised,125,0.923926463,0.9552071669,0.1685564762,0.010505791,0.9630159361,0.96494581,0.8928735432,0.9477931849
large_hospital,resource_constrained,basic_segmentation,catastrophic,125,0.968,1,0.1767082524,0,1,1,0.936,0.992
large_hospital,resource_constrained,basic_segmentation,total_service_downtime_steps,125,1199.112,1248,214.3583153,76,1287.2,1306,1158.4216,1231.579
large_hospital,resource_constrained,basic_segmentation,backup_compromised,125,0.968,1,0.1767082524,0,1,1,0.936,0.992
large_hospital,resource_constrained,basic_segmentation,identity_compromised,125,0.968,1,0.1767082524,0,1,1,0.936,0.992
large_hospital,resource_constrained,basic_segmentation,recovered_within_horizon,125,0.016,0,0.1259800291,0,0,0,0,0.04
large_hospital,resource_constrained,basic_segmentation,pct_clinical_capacity_lost,125,0.8955931373,0.9322916667,0.158707768,0.0554534314,0.9635416667,0.9763480392,0.8657117341,0.9197363971
large_hospital,resource_constrained,basic_segmentation,defensive_isolation_node_steps,125,525.016,453,386.9454614,148,637.6,736,465.125,597.89
large_hospital,resource_constrained,detection_plus_backups,weighted_service_hours_lost,125,153.8798,167.475,60.09849952,46.15,208.315,211.475,142.40666,164.67338
large_hospital,resource_constrained,detection_plus_backups,pct_compromised,125,0.7879555383,0.8939857288,0.2918299233,0.0152578414,0.90779995,0.9116291654,0.731155625,0.8379939203
large_hospital,resource_constrained,detection_plus_backups,catastrophic,125,0.88,1,0.3262692338,0,1,1,0.816,0.936
large_hospital,resource_constrained,detection_plus_backups,total_service_downtime_steps,125,793.472,866,308.5120005,236,1070,1085.6,734.9078,848.787
large_hospital,resource_constrained,detection_plus_backups,backup_compromised,125,0,0,0,0,0,0,0,0
large_hospital,resource_constrained,detection_plus_backups,identity_compromised,125,0.88,1,0.3262692338,0,1,1,0.816,0.936
large_hospital,resource_constrained,detection_plus_backups,recovered_within_horizon,125,0.848,1,0.3604656487,0,1,1,0.776,0.912
large_hospital,resource_constrained,detection_plus_backups,pct_clinical_capacity_lost,125,0.6797879902,0.7371323529,0.2653419859,0.2045036765,0.9226409314,0.9371017157,0.6293583027,0.7274078738
large_hospital,resource_constrained,detection_plus_backups,defensive_isolation_node_steps,125,934.656,729,635.6668089,442,2219,2570.8,823.183,1061.4286
large_hospital,resource_constrained,fast_detection,weighted_service_hours_lost,125,215.6074,226.675,46.03920555,29.825,244.62,247.115,207.07036,222.921395
large_hospital,resource_constrained,fast_detection,pct_compromised,125,0.8993497557,0.9361702128,0.1843212909,0.0162463159,0.9497690051,0.9536184078,0.8632531005,0.9290851048
large_hospital,resource_constrained,fast_detection,catastrophic,125,0.96,1,0.1967477507,0,1,1,0.92,0.992
large_hospital,resource_constrained,fast_detection,total_service_downtime_steps,125,1152.784,1211,242.1789722,139,1296,1307.6,1107.3486,1191.394
large_hospital,resource_constrained,fast_detection,backup_compromised,125,0.96,1,0.1967477507,0,1,1,0.92,0.992
large_hospital,resource_constrained,fast_detection,identity_compromised,125,0.96,1,0.1967477507,0,1,1,0.92,0.992
large_hospital,resource_constrained,fast_detection,recovered_within_horizon,125,0.304,0,0.4618336525,1,1,1,0.224,0.384
large_hospital,resource_constrained,fast_detection,pct_clinical_capacity_lost,125,0.8467132353,0.8892463235,0.1811922129,0.1242340687,0.9625612745,0.9738664215,0.8129899816,0.8755103554
large_hospital,resource_constrained,fast_detection,defensive_isolation_node_steps,125,492.008,392,438.343445,164,596.4,699,422.5084,573.7652
large_hospital,resource_constrained,full_defense,weighted_service_hours_lost,125,22.7402,7,40.2692747,11.4,91.54,130.91,16.074,29.939675
large_hospital,resource_constrained,full_defense,pct_compromised,125,0.0358842964,0.002355712603,0.08288205675,0.01434962759,0.1310551942,0.2715612999,0.0224372695,0.05151392713
large_hospital,resource_constrained,full_defense,catastrophic,125,0.224,0,0.4185998166,0,1,1,0.152,0.296
large_hospital,resource_constrained,full_defense,total_service_downtime_steps,125,117.272,32,206.5709819,56,469.6,673,83.0772,153.7586
large_hospital,resource_constrained,full_defense,backup_compromised,125,0,0,0,0,0,0,0,0
large_hospital,resource_constrained,full_defense,identity_compromised,125,0.248,0,0.4335896678,0,1,1,0.176,0.328
large_hospital,resource_constrained,full_defense,recovered_within_horizon,125,0.856,1,0.3525025738,0,1,1,0.7918,0.912
large_hospital,resource_constrained,full_defense,pct_clinical_capacity_lost,125,0.1026764706,0.03553921569,0.1786946199,0.05392156863,0.4039215686,0.5734068627,0.07302095588,0.1347179841
large_hospital,resource_constrained,full_defense,defensive_isolation_node_steps,125,2594.168,2600,258.0418113,378,2906,2960.2,2548.4204,2639.7682
large_hospital,resource_constrained,identity_controls,weighted_service_hours_lost,125,235.1572,243.8,42.8743487,5.725,248.46,248.92,226.97642,241.63434
large_hospital,resource_constrained,identity_controls,pct_compromised,125,0.9486194543,0.980209546,0.1730339201,0.0078285924,0.9863173424,0.9871106614,0.9167994173,0.9725917028
large_hospital,resource_constrained,identity_controls,catastrophic,125,0.968,1,0.1767082524,0,1,1,0.936,0.992
large_hospital,resource_constrained,identity_controls,total_service_downtime_steps,125,1242.6,1288,226.5098089,30,1312.6,1314.8,1199.4206,1276.7628
large_hospital,resource_constrained,identity_controls,backup_compromised,125,0.968,1,0.1767082524,0,1,1,0.936,0.992
large_hospital,resource_constrained,identity_controls,identity_compromised,125,0.968,1,0.1767082524,0,1,1,0.936,0.992
large_hospital,resource_constrained,identity_controls,recovered_within_horizon,125,0.032,0,0.1767082524,0,0,0,0.008,0.064
large_hospital,resource_constrained,identity_controls,pct_clinical_capacity_lost,125,0.9252230392,0.9594056373,0.1686875424,0.0225183824,0.9772977941,0.9802696078,0.893074663,0.9508535539
large_hospital,resource_constrained,identity_controls,defensive_isolation_node_steps,125,308.272,216,433.7300591,84,320,487.2,241.3562,391.0014
large_hospital,resource_constrained,isolated_backups,weighted_service_hours_lost,125,211.1136,216.6,32.34019466,5.85,220.9,222.12,204.64539,216.16302
large_hospital,resource_constrained,isolated_backups,pct_compromised,125,0.916693874,0.9384288747,0.1441090461,0.0069514164,0.9471014493,0.9486226415,0.8869615357,0.9392539567
large_hospital,resource_constrained,isolated_backups,catastrophic,125,0.984,1,0.1259800291,0,1,1,0.96,1
large_hospital,resource_constrained,isolated_backups,total_service_downtime_steps,125,1078.76,1106,165.0687735,31,1128,1137.6,1045.6068,1104.5364
large_hospital,resource_constrained,isolated_backups,backup_compromised,125,0,0,0,0,0,0,0,0
large_hospital,resource_constrained,isolated_backups,identity_compromised,125,0.976,1,0.1536649056,0,1,1,0.944,1
large_hospital,resource_constrained,isolated_backups,recovered_within_horizon,125,0.008,0,0.0894427191,0,0,0,0,0.024
large_hospital,resource_constrained,isolated_backups,pct_clinical_capacity_lost,125,0.934435049,0.9583333333,0.1433398246,0.0252757353,0.9786764706,0.9792892157,0.905622212,0.9568797794
large_hospital,resource_constrained,isolated_backups,defensive_isolation_node_steps,125,387.728,328,357.6720514,101,443.8,507.2,332.1562,460.0684
large_hospital,resource_constrained,least_privilege,weighted_service_hours_lost,125,201.7456,221.7,62.60685986,21.3,236.23,240.69,190.18072,212.13622
large_hospital,resource_constrained,least_privilege,pct_compromised,125,0.79113862,0.9044444444,0.2549262095,0.1400338342,0.9355976507,0.9430023504,0.743792208,0.8331900541
large_hospital,resource_constrained,least_privilege,catastrophic,125,0.912,1,0.2844349237,0,1,1,0.856,0.96
large_hospital,resource_constrained,least_privilege,total_service_downtime_steps,125,1064.928,1170,330.4386912,110,1244.6,1268.6,1003.7432,1119.9364
large_hospital,resource_constrained,least_privilege,backup_compromised,125,0.912,1,0.2844349237,0,1,1,0.856,0.96
large_hospital,resource_constrained,least_privilege,identity_compromised,125,0.912,1,0.2844349237,0,1,1,0.856,0.96
large_hospital,resource_constrained,least_privilege,recovered_within_horizon,125,0.088,0,0.2844349237,0,0,1,0.04,0.144
large_hospital,resource_constrained,least_privilege,pct_clinical_capacity_lost,125,0.7977352941,0.875,0.2461143105,0.0836397059,0.9354166667,0.9527573529,0.7522296262,0.8383352328
large_hospital,resource_constrained,least_privilege,defensive_isolation_node_steps,125,1007.624,858,535.6352524,280,1397,2381.2,917.67,1107.6114
large_hospital,resource_constrained,patch_90,weighted_service_hours_lost,125,211.7594,233.075,62.4087121,17.375,241.3,243.47,199.41023,221.804665
large_hospital,resource_constrained,patch_90,pct_compromised,125,0.85593002,0.9288702929,0.2531240048,0.0149671053,0.9419374838,0.9447364346,0.809910718,0.8991865966
large_hospital,resource_constrained,patch_90,catastrophic,125,0.936,1,0.2457378619,0,1,1,0.888,0.976
large_hospital,resource_constrained,patch_90,total_service_downtime_steps,125,1118.944,1231,329.1844836,94,1273.2,1285.8,1053.7198,1171.774
large_hospital,resource_constrained,patch_90,backup_compromised,125,0.92,1,0.2723849269,0,1,1,0.8718,0.968
large_hospital,resource_constrained,patch_90,identity_compromised,125,0.92,1,0.2723849269,0,1,1,0.8718,0.968
large_hospital,resource_constrained,patch_90,recovered_within_horizon,125,0.072,0,0.2595281077,0,0,1,0.032,0.12
large_hospital,resource_constrained,patch_90,pct_clinical_capacity_lost,125,0.8345012255,0.9169730392,0.2458840734,0.065870098,0.9515931372,0.9583333333,0.7857912684,0.874454902
large_hospital,resource_constrained,patch_90,defensive_isolation_node_steps,125,731.936,565,540.6614638,207,979.8,2473.8,644.0096,838.2694
large_hospital,resource_constrained,patch_plus_least_privilege,weighted_service_hours_lost,125,120.939,149.425,85.6684312,182.5,215.44,228.295,106.54114,135.61821
large_hospital,resource_constrained,patch_plus_least_privilege,pct_compromised,125,0.4154697678,0.5925494761,0.2927233781,0.6311151452,0.6571389945,0.674647156,0.3643941151,0.4652457387
large_hospital,resource_constrained,patch_plus_least_privilege,catastrophic,125,0.688,1,0.465174265,1,1,1,0.608,0.768
large_hospital,resource_constrained,patch_plus_least_privilege,total_service_downtime_steps,125,636.408,785,449.8802188,961,1129.4,1196,560.3954,713.4408
large_hospital,resource_constrained,patch_plus_least_privilege,backup_compromised,125,0.688,1,0.465174265,1,1,1,0.608,0.768
large_hospital,resource_constrained,patch_plus_least_privilege,identity_compromised,125,0.68,1,0.4683533268,1,1,1,0.6,0.76
large_hospital,resource_constrained,patch_plus_least_privilege,recovered_within_horizon,125,0.312,0,0.465174265,1,1,1,0.232,0.392
large_hospital,resource_constrained,patch_plus_least_privilege,pct_clinical_capacity_lost,125,0.4876985294,0.6040134804,0.3444903382,0.7208946079,0.8664828431,0.9260416666,0.4292482537,0.5466789522
large_hospital,resource_constrained,patch_plus_least_privilege,defensive_isolation_node_steps,125,2087.672,1996,473.292104,803,2759,2866.6,2005.8048,2167.346
large_hospital,resource_constrained,profile_baseline,weighted_service_hours_lost,125,241.335,244.925,22.17760786,5.525,248.62,249.33,236.974035,244.04224
large_hospital,resource_constrained,profile_baseline,pct_compromised,125,0.9733123054,0.9816753927,0.08779481886,0.0072280055,0.9865694776,0.9884520957,0.9570781208,0.9818184661
large_hospital,resource_constrained,profile_baseline,catastrophic,125,0.992,1,0.0894427191,0,1,1,0.976,1
large_hospital,resource_constrained,profile_baseline,total_service_downtime_steps,125,1274.952,1294,117.263754,30,1313,1317.4,1251.8832,1289.2722
large_hospital,resource_constrained,profile_baseline,backup_compromised,125,0.992,1,0.0894427191,0,1,1,0.976,1
large_hospital,resource_constrained,profile_baseline,identity_compromised,125,1,1,0,0,1,1,1,1
large_hospital,resource_constrained,profile_baseline,recovered_within_horizon,125,0.008,0,0.0894427191,0,0,0,0,0.024
large_hospital,resource_constrained,profile_baseline,pct_clinical_capacity_lost,125,0.9495134804,0.9635416667,0.08696899934,0.0219056373,0.9791666667,0.9805759804,0.93228125,0.9601450674
large_hospital,resource_constrained,profile_baseline,defensive_isolation_node_steps,125,252.688,216,265.8056353,88,328,388.8,219.2712,307.9212
large_hospital,resource_constrained,seg_detect_backup,weighted_service_hours_lost,125,149.8696,174.05,69.85590639,44.925,207.365,211.295,136.497075,162.03273
large_hospital,resource_constrained,seg_detect_backup,pct_compromised,125,0.6891910883,0.8333333333,0.31880913,0.0331235891,0.8533779687,0.8632585783,0.6290995015,0.7423455318
large_hospital,resource_constrained,seg_detect_backup,catastrophic,125,0.824,1,0.3823526492,0,1,1,0.752,0.888
large_hospital,resource_constrained,seg_detect_backup,total_service_downtime_steps,125,771.168,899,358.0930393,223,1062,1080.8,702.3958,833.6094
large_hospital,resource_constrained,seg_detect_backup,backup_compromised,125,0.008,0,0.0894427191,0,0,0,0,0.024
large_hospital,resource_constrained,seg_detect_backup,identity_compromised,125,0.84,1,0.3680813374,0,1,1,0.768,0.896
large_hospital,resource_constrained,seg_detect_backup,recovered_within_horizon,125,0.68,1,0.4683533268,1,1,1,0.592,0.76
large_hospital,resource_constrained,seg_detect_backup,pct_clinical_capacity_lost,125,0.6622879902,0.7645526961,0.308717179,0.2063419117,0.9154411765,0.9321997549,0.6033330576,0.7156046262
large_hospital,resource_constrained,seg_detect_backup,defensive_isolation_node_steps,125,1196.144,927,662.0231053,326,2505.4,2740.8,1085.3002,1320.6034
large_hospital,resource_constrained,seg_plus_detection,weighted_service_hours_lost,125,188.0956,217.7,78.83747664,31.3,238.76,243.12,172.38349,200.512695
large_hospital,resource_constrained,seg_plus_detection,pct_compromised,125,0.7405861163,0.8689655172,0.314440617,0.0203218925,0.8921766865,0.901978718,0.6781686228,0.7896310069
large_hospital,resource_constrained,seg_plus_detection,catastrophic,125,0.848,1,0.3604656487,0,1,1,0.776,0.904
large_hospital,resource_constrained,seg_plus_detection,total_service_downtime_steps,125,1001.392,1165,418.8231572,149,1262,1283.6,918.3316,1067.41
large_hospital,resource_constrained,seg_plus_detection,backup_compromised,125,0.848,1,0.3604656487,0,1,1,0.776,0.904
large_hospital,resource_constrained,seg_plus_detection,identity_compromised,125,0.864,1,0.344168001,0,1,1,0.8,0.92
large_hospital,resource_constrained,seg_plus_detection,recovered_within_horizon,125,0.224,0,0.4185998166,0,1,1,0.152,0.304
large_hospital,resource_constrained,seg_plus_detection,pct_clinical_capacity_lost,125,0.7416997549,0.859375,0.3086570685,0.1245404412,0.943872549,0.962377451,0.6804618873,0.7906283701
large_hospital,resource_constrained,seg_plus_detection,defensive_isolation_node_steps,125,965.232,715,657.4131015,200,2355.8,2535.4,862.6014,1090.7058
large_hospital,resource_constrained,seg_plus_patch,weighted_service_hours_lost,125,157.3036,201.875,86.86956282,91.525,228.69,237.7,142.555165,171.813535
large_hospital,resource_constrained,seg_plus_patch,pct_compromised,125,0.6415139234,0.8245823389,0.3464272362,0.0731737438,0.8521053389,0.8622451822,0.5781193158,0.7009465412
large_hospital,resource_constrained,seg_plus_patch,catastrophic,125,0.792,1,0.4075101424,0,1,1,0.72,0.864
large_hospital,resource_constrained,seg_plus_patch,total_service_downtime_steps,125,829.832,1061,457.8852641,481,1206.2,1253.2,752.14,906.634
large_hospital,resource_constrained,seg_plus_patch,backup_compromised,125,0.784,1,0.4131702765,0,1,1,0.7118,0.856
large_hospital,resource_constrained,seg_plus_patch,identity_compromised,125,0.784,1,0.4131702765,0,1,1,0.712,0.856
large_hospital,resource_constrained,seg_plus_patch,recovered_within_horizon,125,0.224,0,0.4185998166,0,1,1,0.152,0.296
large_hospital,resource_constrained,seg_plus_patch,pct_clinical_capacity_lost,125,0.6241973039,0.7944240196,0.3440176268,0.3563112745,0.909375,0.9392156862,0.5655466299,0.6817054228
large_hospital,resource_constrained,seg_plus_patch,defensive_isolation_node_steps,125,1523.912,1225,656.1186706,816,2646.6,2817.2,1414.6268,1637.8104
regional_hospital,high_capacity,baseline_flat,weighted_service_hours_lost,125,20.1298,4.8,27.34675146,35.7,67.725,78.185,15.41698,24.875485
regional_hospital,high_capacity,baseline_flat,pct_compromised,125,0.1108999905,0.01485148515,0.1414675296,0.2352313719,0.3307903818,0.3846651253,0.08581706733,0.1359225123
regional_hospital,high_capacity,baseline_flat,catastrophic,125,0.368,0,0.4842020373,1,1,1,0.28,0.448
regional_hospital,high_capacity,baseline_flat,total_service_downtime_steps,125,108.736,24,147.3859397,190,372.2,414.4,83.863,133.6806
regional_hospital,high_capacity,baseline_flat,backup_compromised,125,0.424,0,0.4961789479,1,1,1,0.336,0.512
regional_hospital,high_capacity,baseline_flat,identity_compromised,125,0.376,0,0.4863292393,1,1,1,0.288,0.456
regional_hospital,high_capacity,baseline_flat,recovered_within_horizon,125,0.992,1,0.0894427191,0,1,1,0.976,1
regional_hospital,high_capacity,baseline_flat,pct_clinical_capacity_lost,125,0.08376960785,0.02190563725,0.1116510468,0.1458333333,0.2665134804,0.3298713235,0.06439751838,0.1028773897
regional_hospital,high_capacity,baseline_flat,defensive_isolation_node_steps,125,443.44,448,267.525561,408,804,877.2,394.581,491.2858
regional_hospital,high_capacity,basic_segmentation,weighted_service_hours_lost,125,4.175,1.8,5.694398068,5.8,12.33,14.76,3.22829,5.26382
regional_hospital,high_capacity,basic_segmentation,pct_compromised,125,0.009404155658,0.004672897196,0.01321924749,0.005806337405,0.01673951049,0.03046657891,0.007435959277,0.01201665846
regional_hospital,high_capacity,basic_segmentation,catastrophic,125,0.032,0,0.1767082524,0,0,0,0.008,0.064
regional_hospital,high_capacity,basic_segmentation,total_service_downtime_steps,125,22.192,8,29.29155333,32,64,75.2,17.3436,27.6414
regional_hospital,high_capacity,basic_segmentation,backup_compromised,125,0.016,0,0.1259800291,0,0,0,0,0.04
regional_hospital,high_capacity,basic_segmentation,identity_compromised,125,0.12,0,0.3262692338,0,1,1,0.064,0.176
regional_hospital,high_capacity,basic_segmentation,recovered_within_horizon,125,0.968,1,0.1767082524,0,1,1,0.936,0.992
regional_hospital,high_capacity,basic_segmentation,pct_clinical_capacity_lost,125,0.01888602941,0.009803921569,0.02615976085,0.03125,0.05768995098,0.06348039216,0.01445079657,0.02379568015
regional_hospital,high_capacity,basic_segmentation,defensive_isolation_node_steps,125,475.64,520,309.6931989,568,888.2,925.2,422.1346,528.0408
regional_hospital,high_capacity,detection_plus_backups,weighted_service_hours_lost,125,3.307,0.8,6.00995696,3.55,10.8,14.905,2.29389,4.35532
regional_hospital,high_capacity,detection_plus_backups,pct_compromised,125,0.006465136612,0.00462962963,0.003599215583,0.004296208842,0.01051522419,0.01377483996,0.005853030603,0.007120997225
regional_hospital,high_capacity,detection_plus_backups,catastrophic,125,0.032,0,0.1767082524,0,0,0,0.008,0.0642
regional_hospital,high_capacity,detection_plus_backups,total_service_downtime_steps,125,17.2,8,30.69858671,16,54,77.8,12.1182,22.5922
regional_hospital,high_capacity,detection_plus_backups,backup_compromised,125,0,0,0,0,0,0,0,0
regional_hospital,high_capacity,detection_plus_backups,identity_compromised,125,0.088,0,0.2844349237,0,0,1,0.04,0.136
regional_hospital,high_capacity,detection_plus_backups,recovered_within_horizon,125,0.992,1,0.0894427191,0,1,1,0.976,1
regional_hospital,high_capacity,detection_plus_backups,pct_clinical_capacity_lost,125,0.0152120098,0,0.02755809133,0.02083333333,0.04895833333,0.06764705882,0.01044718137,0.01994301471
regional_hospital,high_capacity,detection_plus_backups,defensive_isolation_node_steps,125,336.984,200,316.8949654,560,800.6,879.4,280.5246,388.8158
regional_hospital,high_capacity,fast_detection,weighted_service_hours_lost,125,2.129,0,3.949366272,2.35,5.44,11.32,1.502155,2.83484
regional_hospital,high_capacity,fast_detection,pct_compromised,125,0.005793344112,0.004464285714,0.003266151207,0.003773164585,0.009372120574,0.01132306187,0.005257307057,0.006414745062
regional_hospital,high_capacity,fast_detection,catastrophic,125,0.016,0,0.1259800291,0,0,0,0,0.04
regional_hospital,high_capacity,fast_detection,total_service_downtime_steps,125,11.352,0,20.56039726,16,29.2,59.2,8.1034,14.9602
regional_hospital,high_capacity,fast_detection,backup_compromised,125,0.04,0,0.1967477507,0,0,0,0.008,0.08
regional_hospital,high_capacity,fast_detection,identity_compromised,125,0.096,0,0.2957767249,0,0,1,0.048,0.152
regional_hospital,high_capacity,fast_detection,recovered_within_horizon,125,0.976,1,0.1536649056,0,1,1,0.944,1
regional_hospital,high_capacity,fast_detection,pct_clinical_capacity_lost,125,0.00981495098,0,0.01814873331,0.01102941176,0.03333333333,0.05171568627,0.006883394608,0.01308728554
regional_hospital,high_capacity,fast_detection,defensive_isolation_node_steps,125,305.6,208,296.4461818,472,759.2,852.4,254.8098,357.7922
regional_hospital,high_capacity,full_defense,weighted_service_hours_lost,125,2.6738,0,4.201138546,3.2,10.6,11.6,1.962575,3.413615
regional_hospital,high_capacity,full_defense,pct_compromised,125,0.004323046224,0.003968253968,0.001242441213,0.000782097938,0.004906884536,0.007809060364,0.004122946606,0.004553363085
regional_hospital,high_capacity,full_defense,catastrophic,125,0.04,0,0.1967477507,0,0,0,0.008,0.08
regional_hospital,high_capacity,full_defense,total_service_downtime_steps,125,14.096,0,21.99538955,16,56,62.4,10.3598,18.0164
regional_hospital,high_capacity,full_defense,backup_compromised,125,0.008,0,0.0894427191,0,0,0,0,0.024
regional_hospital,high_capacity,full_defense,identity_compromised,125,0.048,0,0.2146264572,0,0,0,0.016,0.088
regional_hospital,high_capacity,full_defense,recovered_within_horizon,125,0.984,1,0.1259800291,0,1,1,0.96,1
regional_hospital,high_capacity,full_defense,pct_clinical_capacity_lost,125,0.01225612745,0,0.01904068734,0.01286764706,0.04249387255,0.05147058824,0.009043933824,0.01562420343
regional_hospital,high_capacity,full_defense,defensive_isolation_node_steps,125,322.496,240,319.4498705,528,816.6,887.8,268.4468,381.3724
regional_hospital,high_capacity,identity_controls,weighted_service_hours_lost,125,12.885,3.55,19.35795504,14.725,44.455,60.375,9.63014,16.45923
regional_hospital,high_capacity,identity_controls,pct_compromised,125,0.06993944812,0.01167315175,0.1102942566,0.07253298515,0.2644884596,0.3506134573,0.05104623688,0.09010253489
regional_hospital,high_capacity,identity_controls,catastrophic,125,0.288,0,0.4546533596,1,1,1,0.216,0.368
regional_hospital,high_capacity,identity_controls,total_service_downtime_steps,125,69.76,16,106.2405518,78,239.2,316,51.8548,89.393
regional_hospital,high_capacity,identity_controls,backup_compromised,125,0.32,0,0.4683533268,1,1,1,0.24,0.4
regional_hospital,high_capacity,identity_controls,identity_compromised,125,0.28,0,0.4508057303,1,1,1,0.2,0.36
regional_hospital,high_capacity,identity_controls,recovered_within_horizon,125,0.96,1,0.1967477507,0,1,1,0.928,0.992
regional_hospital,high_capacity,identity_controls,pct_clinical_capacity_lost,125,0.05512377451,0.0168504902,0.07972792928,0.06495098039,0.1764093137,0.2490196079,0.04156896446,0.07005992647
regional_hospital,high_capacity,identity_controls,defensive_isolation_node_steps,125,431.6,368,301.8874497,552,875.8,909.8,380.589,484.2956
regional_hospital,high_capacity,isolated_backups,weighted_service_hours_lost,125,11.7346,3.4,18.10792321,14.6,38.695,54.775,8.64851,14.859845
regional_hospital,high_capacity,isolated_backups,pct_compromised,125,0.06947118081,0.01298701299,0.09891645858,0.1305445,0.2322885069,0.2783253998,0.05236393132,0.08647706991
regional_hospital,high_capacity,isolated_backups,catastrophic,125,0.28,0,0.4508057303,1,1,1,0.2,0.36
regional_hospital,high_capacity,isolated_backups,total_service_downtime_steps,125,61.12,16,93.36380455,79,199,281.6,45.2546,77.2402
regional_hospital,high_capacity,isolated_backups,backup_compromised,125,0,0,0,0,0,0,0,0
regional_hospital,high_capacity,isolated_backups,identity_compromised,125,0.304,0,0.4618336525,1,1,1,0.224,0.384
regional_hospital,high_capacity,isolated_backups,recovered_within_horizon,125,0.952,1,0.2146264572,0,1,1,0.912,0.984
regional_hospital,high_capacity,isolated_backups,pct_clinical_capacity_lost,125,0.05321813726,0.01715686275,0.08097588563,0.06418504902,0.1780637255,0.2507659314,0.03916397059,0.06705159314
regional_hospital,high_capacity,isolated_backups,defensive_isolation_node_steps,125,462.856,400,309.0879587,591,851.8,926.4,407.836,516.2536
regional_hospital,high_capacity,least_privilege,weighted_service_hours_lost,125,3.6746,1.8,5.00705247,4.4,11,13.08,2.817265,4.57334
regional_hospital,high_capacity,least_privilege,pct_compromised,125,0.00735079152,0.004739336493,0.005420002919,0.004641944401,0.01347812971,0.0145076283,0.006450255789,0.008308043548
regional_hospital,high_capacity,least_privilege,catastrophic,125,0.04,0,0.1967477507,0,0,0,0.008,0.08
regional_hospital,high_capacity,least_privilege,total_service_downtime_steps,125,19.408,8,26.14232016,24,56,70.4,14.927,24.064
regional_hospital,high_capacity,least_privilege,backup_compromised,125,0,0,0,0,0,0,0,0
regional_hospital,high_capacity,least_privilege,identity_compromised,125,0.056,0,0.2308469679,0,0,0.8,0.016,0.096
regional_hospital,high_capacity,least_privilege,recovered_within_horizon,125,0.984,1,0.1259800291,0,1,1,0.96,1
regional_hospital,high_capacity,least_privilege,pct_clinical_capacity_lost,125,0.01673897059,0.01102941176,0.02251539353,0.02205882353,0.05098039216,0.0618872549,0.01293250613,0.02086032475
regional_hospital,high_capacity,least_privilege,defensive_isolation_node_steps,125,396.36,304,298.9724985,533,833.2,886.4,345.0446,449.8162
regional_hospital,high_capacity,patch_90,weighted_service_hours_lost,125,5.0544,1.8,9.756774458,5.2,12.46,19.18,3.45947,6.934175
regional_hospital,high_capacity,patch_90,pct_compromised,125,0.02172045532,0.006896551724,0.04444867372,0.01453445477,0.04778720477,0.08522318871,0.01457825642,0.03016098176
regional_hospital,high_capacity,patch_90,catastrophic,125,0.096,0,0.2957767249,0,0,1,0.048,0.152
regional_hospital,high_capacity,patch_90,total_service_downtime_steps,125,27.288,8,52.51648221,24,69.2,100.8,18.6948,37.337
regional_hospital,high_capacity,patch_90,backup_compromised,125,0.168,0,0.3753707844,0,1,1,0.104,0.24
regional_hospital,high_capacity,patch_90,identity_compromised,125,0.16,0,0.3680813374,0,1,1,0.096,0.224
regional_hospital,high_capacity,patch_90,recovered_within_horizon,125,0.976,1,0.1536649056,0,1,1,0.944,1
regional_hospital,high_capacity,patch_90,pct_clinical_capacity_lost,125,0.02133578431,0.008578431373,0.04093044564,0.02205882353,0.05698529412,0.08265931372,0.01444558824,0.02929497549
regional_hospital,high_capacity,patch_90,defensive_isolation_node_steps,125,386.656,328,302.6123919,520,805.2,898,334.6724,441.2108
regional_hospital,high_capacity,patch_plus_least_privilege,weighted_service_hours_lost,125,3.9532,2,5.22395901,5,11.84,14.04,3.07518,4.90162
regional_hospital,high_capacity,patch_plus_least_privilege,pct_compromised,125,0.00701025022,0.004807692308,0.004547660868,0.004466353471,0.01294500777,0.01748690797,0.006258466864,0.00780874862
regional_hospital,high_capacity,patch_plus_least_privilege,catastrophic,125,0.032,0,0.1767082524,0,0,0,0.008,0.064
regional_hospital,high_capacity,patch_plus_least_privilege,total_service_downtime_steps,125,21.376,8,27.25052944,24,64,71.2,16.7278,26.2884
regional_hospital,high_capacity,patch_plus_least_privilege,backup_compromised,125,0,0,0,0,0,0,0,0
regional_hospital,high_capacity,patch_plus_least_privilege,identity_compromised,125,0.056,0,0.2308469679,0,0,0.8,0.016,0.096
regional_hospital,high_capacity,patch_plus_least_privilege,recovered_within_horizon,125,1,1,0,0,1,1,1,1
regional_hospital,high_capacity,patch_plus_least_privilege,pct_clinical_capacity_lost,125,0.01778186274,0.009803921569,0.02397051083,0.02450980392,0.05343137255,0.06593137255,0.01388192402,0.02203829657
regional_hospital,high_capacity,patch_plus_least_privilege,defensive_isolation_node_steps,125,446.056,416,300.1816467,552,848.4,891.8,395.056,499.5282
regional_hospital,high_capacity,profile_baseline,weighted_service_hours_lost,125,3.9182,1.6,5.169779173,6.3,12.32,13.4,3.013905,4.848135
regional_hospital,high_capacity,profile_baseline,pct_compromised,125,0.008337089685,0.004784688995,0.00690319394,0.006015936255,0.01687943263,0.02381805352,0.007230530188,0.009538526191
regional_hospital,high_capacity,profile_baseline,catastrophic,125,0.016,0,0.1259800291,0,0,0,0,0.04
regional_hospital,high_capacity,profile_baseline,total_service_downtime_steps,125,20.704,8,26.68121968,32,64,71.2,16.0956,25.5212
regional_hospital,high_capacity,profile_baseline,backup_compromised,125,0,0,0,0,0,0,0,0
regional_hospital,high_capacity,profile_baseline,identity_compromised,125,0.064,0,0.2457378619,0,0,1,0.024,0.104
regional_hospital,high_capacity,profile_baseline,recovered_within_horizon,125,0.992,1,0.0894427191,0,1,1,0.976,1
regional_hospital,high_capacity,profile_baseline,pct_clinical_capacity_lost,125,0.01762009804,0.008578431373,0.02370440715,0.0306372549,0.05392156863,0.06470588235,0.01346066176,0.02198596814
regional_hospital,high_capacity,profile_baseline,defensive_isolation_node_steps,125,387.864,280,309.8805791,548,822.8,890.6,331.7614,442.5472
regional_hospital,high_capacity,seg_detect_backup,weighted_service_hours_lost,125,2.8866,0.8,4.372851482,3.8,9.4,11.81,2.153515,3.655635
regional_hospital,high_capacity,seg_detect_backup,pct_compromised,125,0.00516871596,0.004310344828,0.00233388241,0.00129865379,0.008842105263,0.009259259259,0.004782360188,0.005587364337
regional_hospital,high_capacity,seg_detect_backup,catastrophic,125,0.016,0,0.1259800291,0,0,0,0,0.04
regional_hospital,high_capacity,seg_detect_backup,total_service_downtime_steps,125,15.192,8,22.29085448,16,48,62.4,11.4476,19.0964
regional_hospital,high_capacity,seg_detect_backup,backup_compromised,125,0,0,0,0,0,0,0,0
regional_hospital,high_capacity,seg_detect_backup,identity_compromised,125,0.08,0,0.2723849269,0,0,1,0.032,0.128
regional_hospital,high_capacity,seg_detect_backup,recovered_within_horizon,125,0.984,1,0.1259800291,0,1,1,0.96,1
regional_hospital,high_capacity,seg_detect_backup,pct_clinical_capacity_lost,125,0.01313602941,0,0.0203601312,0.02083333333,0.04166666667,0.05245098039,0.009813572304,0.01664623162
regional_hospital,high_capacity,seg_detect_backup,defensive_isolation_node_steps,125,338.856,232,304.7631207,464,820.8,874,285.6,390.5092
regional_hospital,high_capacity,seg_plus_detection,weighted_service_hours_lost,125,3.0572,0.8,4.695682446,3.8,10.84,13.44,2.262785,3.94783
regional_hospital,high_capacity,seg_plus_detection,pct_compromised,125,0.005097210709,0.004273504274,0.002071590698,0.000986998196,0.008424635677,0.009293712317,0.004765812519,0.005462455414
regional_hospital,high_capacity,seg_plus_detection,catastrophic,125,0.016,0,0.1259800291,0,0,0,0,0.04
regional_hospital,high_capacity,seg_plus_detection,total_service_downtime_steps,125,16.216,8,24.19763518,24,56,68.8,12.0878,20.7762
regional_hospital,high_capacity,seg_plus_detection,backup_compromised,125,0,0,0,0,0,0,0,0
regional_hospital,high_capacity,seg_plus_detection,identity_compromised,125,0.088,0,0.2844349237,0,0,1,0.04,0.136
regional_hospital,high_capacity,seg_plus_detection,recovered_within_horizon,125,0.968,1,0.1767082524,0,1,1,0.936,0.992
regional_hospital,high_capacity,seg_plus_detection,pct_clinical_capacity_lost,125,0.01370833333,0,0.02135517954,0.02083333333,0.04705882353,0.06078431372,0.01007717525,0.01768314951
regional_hospital,high_capacity,seg_plus_detection,defensive_isolation_node_steps,125,308.064,184,315.6386701,552,801.8,870.2,251.2984,363.2808
regional_hospital,high_capacity,seg_plus_patch,weighted_service_hours_lost,125,3.903,1.6,5.309190715,4.8,12.56,14.12,3.0395,4.82916
regional_hospital,high_capacity,seg_plus_patch,pct_compromised,125,0.007010861298,0.004545454545,0.005745587737,0.00426907744,0.01310192921,0.01840459735,0.006043906276,0.008094429315
regional_hospital,high_capacity,seg_plus_patch,catastrophic,125,0.024,0,0.1536649056,0,0,0,0,0.056
regional_hospital,high_capacity,seg_plus_patch,total_service_downtime_steps,125,20.328,8,27.15777558,24,64,72,15.8638,25.0168
regional_hospital,high_capacity,seg_plus_patch,backup_compromised,125,0.008,0,0.0894427191,0,0,0,0,0.024
regional_hospital,high_capacity,seg_plus_patch,identity_compromised,125,0.136,0,0.344168001,0,1,1,0.08,0.2
regional_hospital,high_capacity,seg_plus_patch,recovered_within_horizon,125,0.976,1,0.1536649056,0,1,1,0.944,1
regional_hospital,high_capacity,seg_plus_patch,pct_clinical_capacity_lost,125,0.01786519608,0.008578431373,0.02450182415,0.02450980392,0.05392156863,0.07000612745,0.01386844363,0.02203339461
regional_hospital,high_capacity,seg_plus_patch,defensive_isolation_node_steps,125,404.808,368,292.6926081,546,829.6,874.6,354.8906,457.0978
regional_hospital,intermediate_capacity,baseline_flat,weighted_service_hours_lost,125,185.422,194.375,58.95893669,46.025,232.685,239.88,174.674595,195.422495
regional_hospital,intermediate_capacity,baseline_flat,pct_compromised,125,0.8112112323,0.8810572687,0.2400576993,0.0376762131,0.9098302851,0.924766661,0.7670698098,0.8515573146
regional_hospital,intermediate_capacity,baseline_flat,catastrophic,125,0.928,1,0.2595281077,0,1,1,0.88,0.968
regional_hospital,intermediate_capacity,baseline_flat,total_service_downtime_steps,125,1002.472,1058,313.2951709,216,1238,1271,945.4314,1055.6992
regional_hospital,intermediate_capacity,baseline_flat,backup_compromised,125,0.92,1,0.2723849269,0,1,1,0.872,0.968
regional_hospital,intermediate_capacity,baseline_flat,identity_compromised,125,0.92,1,0.2723849269,0,1,1,0.872,0.968
regional_hospital,intermediate_capacity,baseline_flat,recovered_within_horizon,125,0.672,1,0.4713741066,1,1,1,0.592,0.76
regional_hospital,intermediate_capacity,baseline_flat,pct_clinical_capacity_lost,125,0.7229227941,0.7573529412,0.2326005212,0.1907169118,0.920557598,0.9442401961,0.6811893076,0.7619355699
regional_hospital,intermediate_capacity,baseline_flat,defensive_isolation_node_steps,125,211.912,189,125.1120154,88,268.6,353.2,191.1598,235.314
regional_hospital,intermediate_capacity,basic_segmentation,weighted_service_hours_lost,125,143.5212,181.95,88.48807055,192.35,225.145,235.21,127.88029,158.66642
regional_hospital,intermediate_capacity,basic_segmentation,pct_compromised,125,0.5355586135,0.7137254902,0.3283999574,0.7452769151,0.7914984326,0.8087775735,0.4769898251,0.590628425
regional_hospital,intermediate_capacity,basic_segmentation,catastrophic,125,0.736,1,0.4425731214,1,1,1,0.656,0.808
regional_hospital,intermediate_capacity,basic_segmentation,total_service_downtime_steps,125,768.048,985,472.5201797,1022,1202.6,1242,684.0378,849.2602
regional_hospital,intermediate_capacity,basic_segmentation,backup_compromised,125,0.744,1,0.438178046,1,1,1,0.664,0.8162
regional_hospital,intermediate_capacity,basic_segmentation,identity_compromised,125,0.776,1,0.4185998166,0,1,1,0.704,0.848
regional_hospital,intermediate_capacity,basic_segmentation,recovered_within_horizon,125,0.552,1,0.4992898182,1,1,1,0.464,0.6322
regional_hospital,intermediate_capacity,basic_segmentation,pct_clinical_capacity_lost,125,0.5672916667,0.7144607843,0.3487874426,0.7550551471,0.8924019608,0.9298406863,0.5057498162,0.6272510723
regional_hospital,intermediate_capacity,basic_segmentation,defensive_isolation_node_steps,125,361.752,350,175.5484795,147,633.6,719.2,331.392,393.5942
regional_hospital,intermediate_capacity,detection_plus_backups,weighted_service_hours_lost,125,53.7168,68.425,43.08512928,82.175,102.94,118.395,46.270055,60.79307
regional_hospital,intermediate_capacity,detection_plus_backups,pct_compromised,125,0.3979692145,0.5906976744,0.305913847,0.6387621178,0.6743610823,0.693877551,0.3443644561,0.4468937411
regional_hospital,intermediate_capacity,detection_plus_backups,catastrophic,125,0.624,1,0.4863292393,1,1,1,0.536,0.704
regional_hospital,intermediate_capacity,detection_plus_backups,total_service_downtime_steps,125,279.648,358,223.6182395,427,534.8,614.2,240.8944,316.1948
regional_hospital,intermediate_capacity,detection_plus_backups,backup_compromised,125,0,0,0,0,0,0,0,0
regional_hospital,intermediate_capacity,detection_plus_backups,identity_compromised,125,0.624,1,0.4863292393,1,1,1,0.536,0.704
regional_hospital,intermediate_capacity,detection_plus_backups,recovered_within_horizon,125,0.984,1,0.1259800291,0,1,1,0.96,1
regional_hospital,intermediate_capacity,detection_plus_backups,pct_clinical_capacity_lost,125,0.2382377451,0.3039215686,0.190506501,0.3628982843,0.4598039215,0.5202205882,0.2050102022,0.2692803002
regional_hospital,intermediate_capacity,detection_plus_backups,defensive_isolation_node_steps,125,417.144,432,226.8747951,359,694,729.8,376.1028,455.254
regional_hospital,intermediate_capacity,fast_detection,weighted_service_hours_lost,125,90.9518,116.775,57.20246012,121.675,143.235,150.39,80.645545,100.5788
regional_hospital,intermediate_capacity,fast_detection,pct_compromised,125,0.4835950285,0.6440677966,0.3059169749,0.6757032953,0.7306490385,0.7467737778,0.4286274646,0.5373560526
regional_hospital,intermediate_capacity,fast_detection,catastrophic,125,0.712,1,0.4546533596,1,1,1,0.632,0.792
regional_hospital,intermediate_capacity,fast_detection,total_service_downtime_steps,125,503.52,646,316.6125036,678,791.6,828.6,446.1802,556.713
regional_hospital,intermediate_capacity,fast_detection,backup_compromised,125,0.72,1,0.4508057303,1,1,1,0.64,0.8
regional_hospital,intermediate_capacity,fast_detection,identity_compromised,125,0.712,1,0.4546533596,1,1,1,0.632,0.792
regional_hospital,intermediate_capacity,fast_detection,recovered_within_horizon,125,0.944,1,0.2308469679,0,1,1,0.904,0.976
regional_hospital,intermediate_capacity,fast_detection,pct_clinical_capacity_lost,125,0.3521911765,0.4488357843,0.2197298138,0.4560355392,0.5620710784,0.5761642157,0.3121006127,0.3892394608
regional_hospital,intermediate_capacity,fast_detection,defensive_isolation_node_steps,125,410.192,406,171.6160708,159,592.4,740,380.9882,439.6336
regional_hospital,intermediate_capacity,full_defense,weighted_service_hours_lost,125,3.649,1.4,5.458647143,4.4,11.76,14.5,2.72137,4.598735
regional_hospital,intermediate_capacity,full_defense,pct_compromised,125,0.008375450876,0.004830917874,0.008655670613,0.00561680882,0.01429610071,0.01897110063,0.007064556154,0.01003165779
regional_hospital,intermediate_capacity,full_defense,catastrophic,125,0.024,0,0.1536649056,0,0,0,0,0.056
regional_hospital,intermediate_capacity,full_defense,total_service_downtime_steps,125,19.528,8,28.2144941,24,60.8,74.4,14.7358,24.3936
regional_hospital,intermediate_capacity,full_defense,backup_compromised,125,0.008,0,0.0894427191,0,0,0,0,0.024
regional_hospital,intermediate_capacity,full_defense,identity_compromised,125,0.064,0,0.2457378619,0,0,1,0.024,0.112
regional_hospital,intermediate_capacity,full_defense,recovered_within_horizon,125,0.984,1,0.1259800291,0,1,1,0.96,1
regional_hospital,intermediate_capacity,full_defense,pct_clinical_capacity_lost,125,0.01626348039,0.008578431373,0.02488236168,0.02328431373,0.05147058824,0.06470588235,0.01200713848,0.02062159926
regional_hospital,intermediate_capacity,full_defense,defensive_isolation_node_steps,125,404.448,368,298.1727269,528,817,870.8,351.9952,456.5758
regional_hospital,intermediate_capacity,identity_controls,weighted_service_hours_lost,125,183.6374,197.125,61.66308527,45.4,235.95,240.895,172.24294,193.833935
regional_hospital,intermediate_capacity,identity_controls,pct_compromised,125,0.7974218508,0.8743961353,0.2472222472,0.04522793,0.9059336944,0.9150739418,0.754255938,0.8372148418
regional_hospital,intermediate_capacity,identity_controls,catastrophic,125,0.912,1,0.2844349237,0,1,1,0.864,0.96
regional_hospital,intermediate_capacity,identity_controls,total_service_downtime_steps,125,992.264,1071,327.9811448,222,1252.2,1275.6,931.8648,1046.3048
regional_hospital,intermediate_capacity,identity_controls,backup_compromised,125,0.912,1,0.2844349237,0,1,1,0.864,0.96
regional_hospital,intermediate_capacity,identity_controls,identity_compromised,125,0.912,1,0.2844349237,0,1,1,0.864,0.96
regional_hospital,intermediate_capacity,identity_controls,recovered_within_horizon,125,0.608,1,0.4901612638,1,1,1,0.52,0.696
regional_hospital,intermediate_capacity,identity_controls,pct_clinical_capacity_lost,125,0.7180698529,0.768995098,0.2434860508,0.1848958333,0.9325061274,0.9515318627,0.6727736213,0.7587950061
regional_hospital,intermediate_capacity,identity_controls,defensive_isolation_node_steps,125,213.104,197,104.5460868,85,299.6,352.4,195.8872,231.82
regional_hospital,intermediate_capacity,isolated_backups,weighted_service_hours_lost,125,129.4556,139.525,55.91178102,46.775,187.315,200.765,119.83934,139.21612
regional_hospital,intermediate_capacity,isolated_backups,pct_compromised,125,0.7216897289,0.82421875,0.2774099634,0.0481457902,0.865265272,0.8774644565,0.6730788595,0.7705059728
regional_hospital,intermediate_capacity,isolated_backups,catastrophic,125,0.872,1,0.3354342395,0,1,1,0.816,0.928
regional_hospital,intermediate_capacity,isolated_backups,total_service_downtime_steps,125,669.304,722,287.6815899,238,965.6,1034,619.9426,719.699
regional_hospital,intermediate_capacity,isolated_backups,backup_compromised,125,0.008,0,0.0894427191,0,0,0,0,0.024
regional_hospital,intermediate_capacity,isolated_backups,identity_compromised,125,0.888,1,0.3166355389,0,1,1,0.832,0.944
regional_hospital,intermediate_capacity,isolated_backups,recovered_within_horizon,125,0.928,1,0.2595281077,0,1,1,0.88,0.976
regional_hospital,intermediate_capacity,isolated_backups,pct_clinical_capacity_lost,125,0.5720992647,0.6089154412,0.2469965322,0.2068014706,0.826439951,0.8901654412,0.5297143382,0.6148897978
regional_hospital,intermediate_capacity,isolated_backups,defensive_isolation_node_steps,125,325.296,312,147.3819388,157,471.4,559,300.8024,352.4492
regional_hospital,intermediate_capacity,least_privilege,weighted_service_hours_lost,125,71.7064,29.3,80.37088002,146.425,204.055,216.32,57.84639,85.545195
regional_hospital,intermediate_capacity,least_privilege,pct_compromised,125,0.2000484562,0.09803921569,0.218377458,0.3940638216,0.5372352901,0.5799533074,0.1600868539,0.2362583289
regional_hospital,intermediate_capacity,least_privilege,catastrophic,125,0.544,1,0.500064512,1,1,1,0.456,0.624
regional_hospital,intermediate_capacity,least_privilege,total_service_downtime_steps,125,376.96,135,425.0561898,762,1061.8,1142,302.6674,450.8166
regional_hospital,intermediate_capacity,least_privilege,backup_compromised,125,0.496,0,0.5019960159,1,1,1,0.408,0.576
regional_hospital,intermediate_capacity,least_privilege,identity_compromised,125,0.488,0,0.5018674803,1,1,1,0.4,0.5682
regional_hospital,intermediate_capacity,least_privilege,recovered_within_horizon,125,0.816,1,0.3890434921,0,1,1,0.752,0.88
regional_hospital,intermediate_capacity,least_privilege,pct_clinical_capacity_lost,125,0.2992071078,0.1213235294,0.3268439699,0.6090686274,0.8393688725,0.8658394608,0.2438376838,0.3560198836
regional_hospital,intermediate_capacity,least_privilege,defensive_isolation_node_steps,125,525.456,505,228.4749758,315,824.6,861.6,486.475,566.3294
regional_hospital,intermediate_capacity,patch_90,weighted_service_hours_lost,125,146.7804,193.35,92.51478579,206.725,227.21,235.405,130.184635,161.97523
regional_hospital,intermediate_capacity,patch_90,pct_compromised,125,0.5516960684,0.7393162393,0.3439678732,0.7735741715,0.8093506493,0.8193917539,0.4877415218,0.6099060884
regional_hospital,intermediate_capacity,patch_90,catastrophic,125,0.72,1,0.4508057303,1,1,1,0.64,0.792
regional_hospital,intermediate_capacity,patch_90,total_service_downtime_steps,125,785.056,1043,492.6515209,1101,1201,1242.8,695.9914,865.7656
regional_hospital,intermediate_capacity,patch_90,backup_compromised,125,0.72,1,0.4508057303,1,1,1,0.64,0.792
regional_hospital,intermediate_capacity,patch_90,identity_compromised,125,0.72,1,0.4508057303,1,1,1,0.64,0.792
regional_hospital,intermediate_capacity,patch_90,recovered_within_horizon,125,0.496,0,0.5019960159,1,1,1,0.408,0.584
regional_hospital,intermediate_capacity,patch_90,pct_clinical_capacity_lost,125,0.5808933824,0.759497549,0.3661145609,0.8198529412,0.8992953431,0.9322916667,0.515345435,0.6420883885
regional_hospital,intermediate_capacity,patch_90,defensive_isolation_node_steps,125,346.84,319,167.8868859,152,548.8,725.6,317.9054,378.0736
regional_hospital,intermediate_capacity,patch_plus_least_privilege,weighted_service_hours_lost,125,10.514,2.6,26.55833647,8.6,26.48,33.36,6.44616,15.50777
regional_hospital,intermediate_capacity,patch_plus_least_privilege,pct_compromised,125,0.02743452881,0.01045296167,0.04746325807,0.02136995549,0.05639097744,0.1094884182,0.01981920547,0.03649118328
regional_hospital,intermediate_capacity,patch_plus_least_privilege,catastrophic,125,0.136,0,0.344168001,0,1,1,0.08,0.2
regional_hospital,intermediate_capacity,patch_plus_least_privilege,total_service_downtime_steps,125,56.096,16,138.480488,41,147.6,210.6,34.6798,82.1862
regional_hospital,intermediate_capacity,patch_plus_least_privilege,backup_compromised,125,0.08,0,0.2723849269,0,0,1,0.032,0.128
regional_hospital,intermediate_capacity,patch_plus_least_privilege,identity_compromised,125,0.152,0,0.3604656487,0,1,1,0.088,0.216
regional_hospital,intermediate_capacity,patch_plus_least_privilege,recovered_within_horizon,125,0.968,1,0.1767082524,0,1,1,0.936,0.992
regional_hospital,intermediate_capacity,patch_plus_least_privilege,pct_clinical_capacity_lost,125,0.04600735294,0.01225490196,0.1143514893,0.04166666667,0.09901960786,0.1526348039,0.02829469975,0.06789126838
regional_hospital,intermediate_capacity,patch_plus_least_privilege,defensive_isolation_node_steps,125,500.16,544,300.0277245,539,874,932,446.119,554.7476
regional_hospital,intermediate_capacity,profile_baseline,weighted_service_hours_lost,125,139.1198,185.725,92.40125343,194.775,231.51,237.645,123.036785,155.00204
regional_hospital,intermediate_capacity,profile_baseline,pct_compromised,125,0.5059821249,0.7056074766,0.3376249035,0.7293668064,0.7825409037,0.8002722857,0.4480237931,0.5625887948
regional_hospital,intermediate_capacity,profile_baseline,catastrophic,125,0.736,1,0.4425731214,1,1,1,0.664,0.808
regional_hospital,intermediate_capacity,profile_baseline,total_service_downtime_steps,125,740.984,996,490.8711312,1028,1225.6,1254.8,656.4434,824.8382
regional_hospital,intermediate_capacity,profile_baseline,backup_compromised,125,0.688,1,0.465174265,1,1,1,0.608,0.768
regional_hospital,intermediate_capacity,profile_baseline,identity_compromised,125,0.696,1,0.4618336525,1,1,1,0.616,0.776
regional_hospital,intermediate_capacity,profile_baseline,recovered_within_horizon,125,0.6,1,0.4918693768,1,1,1,0.512,0.688
regional_hospital,intermediate_capacity,profile_baseline,pct_clinical_capacity_lost,125,0.5582058824,0.7392769608,0.3684738872,0.7895220589,0.9247549019,0.9370710784,0.4945084559,0.6210705882
regional_hospital,intermediate_capacity,profile_baseline,defensive_isolation_node_steps,125,363.608,325,195.666928,182,619.2,802.8,330.9516,397.4282
regional_hospital,intermediate_capacity,seg_detect_backup,weighted_service_hours_lost,125,18.1066,5,27.32213967,20,60.34,74.915,13.79788,23.16358
regional_hospital,intermediate_capacity,seg_detect_backup,pct_compromised,125,0.08847369758,0.01346801347,0.1363123136,0.1153473465,0.3328301887,0.3949489359,0.06606897675,0.1131644352
regional_hospital,intermediate_capacity,seg_detect_backup,catastrophic,125,0.344,0,0.4769526926,1,1,1,0.264,0.432
regional_hospital,intermediate_capacity,seg_detect_backup,total_service_downtime_steps,125,93.776,28,141.4840048,102,311,384.8,71.4844,120.0648
regional_hospital,intermediate_capacity,seg_detect_backup,backup_compromised,125,0,0,0,0,0,0,0,0
regional_hospital,intermediate_capacity,seg_detect_backup,identity_compromised,125,0.336,0,0.4742396291,1,1,1,0.256,0.416
regional_hospital,intermediate_capacity,seg_detect_backup,recovered_within_horizon,125,0.976,1,0.1536649056,0,1,1,0.944,1
regional_hospital,intermediate_capacity,seg_detect_backup,pct_clinical_capacity_lost,125,0.08283210784,0.02573529412,0.1210813173,0.1034007353,0.2689338235,0.3352634804,0.06355422794,0.1047710784
regional_hospital,intermediate_capacity,seg_detect_backup,defensive_isolation_node_steps,125,456.128,424,282.8210416,460,853.6,912.8,406.9706,505.6496
regional_hospital,intermediate_capacity,seg_plus_detection,weighted_service_hours_lost,125,27.2184,5.875,39.87383292,35.35,102.18,115.085,20.518885,34.52623
regional_hospital,intermediate_capacity,seg_plus_detection,pct_compromised,125,0.1048661085,0.01428571429,0.1522579334,0.1380952381,0.3709864603,0.4283819146,0.07970099164,0.1326122439
regional_hospital,intermediate_capacity,seg_plus_detection,catastrophic,125,0.336,0,0.4742396291,1,1,1,0.256,0.4162
regional_hospital,intermediate_capacity,seg_plus_detection,total_service_downtime_steps,125,145.568,32,214.9264817,182,542.8,620.6,109.4708,185.1282
regional_hospital,intermediate_capacity,seg_plus_detection,backup_compromised,125,0.28,0,0.4508057303,1,1,1,0.2,0.36
regional_hospital,intermediate_capacity,seg_plus_detection,identity_compromised,125,0.336,0,0.4742396291,1,1,1,0.256,0.416
regional_hospital,intermediate_capacity,seg_plus_detection,recovered_within_horizon,125,0.928,1,0.2595281077,0,1,1,0.88,0.968
regional_hospital,intermediate_capacity,seg_plus_detection,pct_clinical_capacity_lost,125,0.1137512255,0.02941176471,0.1614531366,0.1663602941,0.4058210784,0.4686580882,0.08660171569,0.1435610907
regional_hospital,intermediate_capacity,seg_plus_detection,defensive_isolation_node_steps,125,461.68,488,288.055287,530,830.2,856,410.8154,511.5928
regional_hospital,intermediate_capacity,seg_plus_patch,weighted_service_hours_lost,125,54.4936,10.2,75.41692716,109.675,183.195,205.075,41.73401,68.13543
regional_hospital,intermediate_capacity,seg_plus_patch,pct_compromised,125,0.1342021055,0.01826484018,0.1833667481,0.2794169716,0.4517121891,0.5006942984,0.1031530945,0.1679466809
regional_hospital,intermediate_capacity,seg_plus_patch,catastrophic,125,0.408,0,0.4934408485,1,1,1,0.32,0.496
regional_hospital,intermediate_capacity,seg_plus_patch,total_service_downtime_steps,125,288.6,56,398.5372448,587,968.2,1090,221.7046,361.2972
regional_hospital,intermediate_capacity,seg_plus_patch,backup_compromised,125,0.312,0,0.465174265,1,1,1,0.232,0.392
regional_hospital,intermediate_capacity,seg_plus_patch,identity_compromised,125,0.432,0,0.4973478046,1,1,1,0.352,0.52
regional_hospital,intermediate_capacity,seg_plus_patch,recovered_within_horizon,125,0.824,1,0.3823526492,0,1,1,0.752,0.888
regional_hospital,intermediate_capacity,seg_plus_patch,pct_clinical_capacity_lost,125,0.2259093137,0.04166666667,0.3061754239,0.4900428921,0.7379901961,0.8101715686,0.1747102635,0.2810826287
regional_hospital,intermediate_capacity,seg_plus_patch,defensive_isolation_node_steps,125,506.68,528,260.490406,361,839.2,913.2,463.4304,551.94
regional_hospital,resource_constrained,baseline_flat,weighted_service_hours_lost,125,242.3194,245.8,22.78158297,6.3,250.275,251.39,237.82467,245.05744
regional_hospital,resource_constrained,baseline_flat,pct_compromised,125,0.9713621844,0.98,0.08768580107,0.0123905724,0.9902190923,0.9927926912,0.9548323243,0.9802971768
regional_hospital,resource_constrained,baseline_flat,catastrophic,125,0.992,1,0.0894427191,0,1,1,0.976,1
regional_hospital,resource_constrained,baseline_flat,total_service_downtime_steps,125,1281.176,1299,119.8503815,32,1322,1327.8,1257.4848,1295.4164
regional_hospital,resource_constrained,baseline_flat,backup_compromised,125,0.992,1,0.0894427191,0,1,1,0.976,1
regional_hospital,resource_constrained,baseline_flat,identity_compromised,125,0.992,1,0.0894427191,0,1,1,0.976,1
regional_hospital,resource_constrained,baseline_flat,recovered_within_horizon,125,0.008,0,0.0894427191,0,0,0,0,0.024
regional_hospital,resource_constrained,baseline_flat,pct_clinical_capacity_lost,125,0.9537316176,0.9678308824,0.08979401778,0.0246629902,0.9855392157,0.9895833333,0.9356545343,0.9645567708
regional_hospital,resource_constrained,baseline_flat,defensive_isolation_node_steps,125,63.768,57,27.31126909,37,104,112,59.288,68.4006
regional_hospital,resource_constrained,basic_segmentation,weighted_service_hours_lost,125,227.5416,236.75,42.30865893,15.25,246.53,249.295,219.12219,234.06992
regional_hospital,resource_constrained,basic_segmentation,pct_compromised,125,0.9236643807,0.9551569507,0.1685709703,0.0229924819,0.9705448231,0.9757277325,0.8920372424,0.9484851945
regional_hospital,resource_constrained,basic_segmentation,catastrophic,125,0.968,1,0.1767082524,0,1,1,0.936,0.992
regional_hospital,resource_constrained,basic_segmentation,total_service_downtime_steps,125,1201.848,1251,223.3604802,80,1302.2,1314,1157.3876,1236.2188
regional_hospital,resource_constrained,basic_segmentation,backup_compromised,125,0.968,1,0.1767082524,0,1,1,0.936,0.992
regional_hospital,resource_constrained,basic_segmentation,identity_compromised,125,0.968,1,0.1767082524,0,1,1,0.936,0.992
regional_hospital,resource_constrained,basic_segmentation,recovered_within_horizon,125,0.032,0,0.1767082524,0,0,0,0.008,0.064
regional_hospital,resource_constrained,basic_segmentation,pct_clinical_capacity_lost,125,0.8973161765,0.9318321078,0.1664078317,0.0608149509,0.9731617647,0.984375,0.8641539828,0.92301731
regional_hospital,resource_constrained,basic_segmentation,defensive_isolation_node_steps,125,126.768,112,78.68107696,72,188.8,225.8,114.8708,141.968
regional_hospital,resource_constrained,detection_plus_backups,weighted_service_hours_lost,125,138.2936,139.525,41.55098293,34.825,186.615,199.9,131.095535,145.337695
regional_hospital,resource_constrained,detection_plus_backups,pct_compromised,125,0.8518544244,0.8926174497,0.1913820628,0.0302845528,0.9183390294,0.9284741251,0.8166148605,0.8815929851
regional_hospital,resource_constrained,detection_plus_backups,catastrophic,125,0.952,1,0.2146264572,0,1,1,0.912,0.984
regional_hospital,resource_constrained,detection_plus_backups,total_service_downtime_steps,125,714.928,722,213.1037221,179,962.4,1028.6,677.9316,750.7794
regional_hospital,resource_constrained,detection_plus_backups,backup_compromised,125,0,0,0,0,0,0,0,0
regional_hospital,resource_constrained,detection_plus_backups,identity_compromised,125,0.952,1,0.2146264572,0,1,1,0.912,0.984
regional_hospital,resource_constrained,detection_plus_backups,recovered_within_horizon,125,0.904,1,0.2957767249,0,1,1,0.848,0.952
regional_hospital,resource_constrained,detection_plus_backups,pct_clinical_capacity_lost,125,0.6104056373,0.6179534314,0.1837365379,0.1556372549,0.8219669117,0.8853553921,0.5786296262,0.6415909007
regional_hospital,resource_constrained,detection_plus_backups,defensive_isolation_node_steps,125,266.712,256,120.3438498,157,390.8,425.8,246.0374,288.7602
regional_hospital,resource_constrained,fast_detection,weighted_service_hours_lost,125,177.1902,189.125,64.20294357,38.775,230.705,241.705,165.777535,187.705385
regional_hospital,resource_constrained,fast_detection,pct_compromised,125,0.8414861101,0.9388489209,0.2865172114,0.0258893281,0.9578112352,0.9646753526,0.7891012097,0.8885696277
regional_hospital,resource_constrained,fast_detection,catastrophic,125,0.896,1,0.3064889621,0,1,1,0.84,0.944
regional_hospital,resource_constrained,fast_detection,total_service_downtime_steps,125,961.376,1031,343.6938732,188,1230.8,1278.8,900.0162,1017.656
regional_hospital,resource_constrained,fast_detection,backup_compromised,125,0.896,1,0.3064889621,0,1,1,0.84,0.944
regional_hospital,resource_constrained,fast_detection,identity_compromised,125,0.896,1,0.3064889621,0,1,1,0.84,0.944
regional_hospital,resource_constrained,fast_detection,recovered_within_horizon,125,0.72,1,0.4508057303,1,1,1,0.64,0.792
regional_hospital,resource_constrained,fast_detection,pct_clinical_capacity_lost,125,0.6888897059,0.7313112745,0.2518612173,0.1620710785,0.9069852941,0.9540134804,0.6439692096,0.7303301164
regional_hospital,resource_constrained,fast_detection,defensive_isolation_node_steps,125,150.176,133,110.1990182,56,216,267.8,132.6922,171.1778
regional_hospital,resource_constrained,full_defense,weighted_service_hours_lost,125,11.8372,3.2,21.64923768,12.9,28.815,63.635,8.28076,15.70625
regional_hospital,resource_constrained,full_defense,pct_compromised,125,0.03532219179,0.009900990099,0.05746115049,0.03174757913,0.09876952771,0.1562626775,0.02614086987,0.04552965573
regional_hospital,resource_constrained,full_defense,catastrophic,125,0.176,0,0.3823526492,0,1,1,0.112,0.248
regional_hospital,resource_constrained,full_defense,total_service_downtime_steps,125,61.888,16,111.3737688,72,137.8,295.6,43.4546,81.575
regional_hospital,resource_constrained,full_defense,backup_compromised,125,0,0,0,0,0,0,0,0
regional_hospital,resource_constrained,full_defense,identity_compromised,125,0.192,0,0.3954580847,0,1,1,0.128,0.264
regional_hospital,resource_constrained,full_defense,recovered_within_horizon,125,0.976,1,0.1536649056,0,1,1,0.944,1
regional_hospital,resource_constrained,full_defense,pct_clinical_capacity_lost,125,0.05504289216,0.01225490196,0.1019108101,0.05821078431,0.1590379902,0.2992034314,0.03845974265,0.07293440564
regional_hospital,resource_constrained,full_defense,defensive_isolation_node_steps,125,472.896,480,301.1623671,542,853.8,906.6,420.1168,525.612
regional_hospital,resource_constrained,identity_controls,weighted_service_hours_lost,125,236.9026,245.55,43.0602844,6.025,250.17,251.425,228.83732,243.033455
regional_hospital,resource_constrained,identity_controls,pct_compromised,125,0.9474074314,0.9794238683,0.1725888037,0.0151606224,0.9920948617,0.9948196419,0.9154818197,0.9715288802
regional_hospital,resource_constrained,identity_controls,catastrophic,125,0.968,1,0.1767082524,0,1,1,0.936,0.992
regional_hospital,resource_constrained,identity_controls,total_service_downtime_steps,125,1252.088,1298,227.3801001,33,1321.8,1327.8,1209.4614,1284.3382
regional_hospital,resource_constrained,identity_controls,backup_compromised,125,0.968,1,0.1767082524,0,1,1,0.936,0.992
regional_hospital,resource_constrained,identity_controls,identity_compromised,125,0.968,1,0.1767082524,0,1,1,0.936,0.992
regional_hospital,resource_constrained,identity_controls,recovered_within_horizon,125,0.032,0,0.1767082524,0,0,0,0.008,0.064
regional_hospital,resource_constrained,identity_controls,pct_clinical_capacity_lost,125,0.9326237745,0.967064951,0.1692967784,0.0226715687,0.9839460784,0.9895833333,0.9009970282,0.9566157475
regional_hospital,resource_constrained,identity_controls,defensive_isolation_node_steps,125,72.944,64,88.49424111,40,104,126.6,61.4876,90.8162
regional_hospital,resource_constrained,isolated_backups,weighted_service_hours_lost,125,208.3632,217.675,34.59820941,9.75,222.1,222.625,201.559,213.74973
regional_hospital,resource_constrained,isolated_backups,pct_compromised,125,0.9157649813,0.9377777778,0.1437793406,0.0174866627,0.952170585,0.9554731392,0.8866286368,0.9379096883
regional_hospital,resource_constrained,isolated_backups,catastrophic,125,0.976,1,0.1536649056,0,1,1,0.944,1
regional_hospital,resource_constrained,isolated_backups,total_service_downtime_steps,125,1066.184,1114,176.463575,47,1135.6,1139.8,1031.3194,1093.6726
regional_hospital,resource_constrained,isolated_backups,backup_compromised,125,0,0,0,0,0,0,0,0
regional_hospital,resource_constrained,isolated_backups,identity_compromised,125,0.976,1,0.1536649056,0,1,1,0.944,1
regional_hospital,resource_constrained,isolated_backups,recovered_within_horizon,125,0.16,0,0.3680813374,0,1,1,0.096,0.224
regional_hospital,resource_constrained,isolated_backups,pct_clinical_capacity_lost,125,0.9219289216,0.9635416667,0.1527634011,0.0416666666,0.9814031863,0.9868566176,0.8921761642,0.9458356005
regional_hospital,resource_constrained,isolated_backups,defensive_isolation_node_steps,125,111.672,96,111.3026806,48,149.2,182.4,95.1266,133.1896
regional_hospital,resource_constrained,least_privilege,weighted_service_hours_lost,125,201.618,221.65,64.51066308,25.675,240.905,247.15,189.812225,212.421605
regional_hospital,resource_constrained,least_privilege,pct_compromised,125,0.7648357679,0.8039215686,0.2567029101,0.1533964457,0.9423126177,0.9472940302,0.7201218878,0.8086018695
regional_hospital,resource_constrained,least_privilege,catastrophic,125,0.92,1,0.2723849269,0,1,1,0.872,0.968
regional_hospital,resource_constrained,least_privilege,total_service_downtime_steps,125,1063.576,1172,340.9561097,136,1267.8,1301.8,1001.2504,1121.082
regional_hospital,resource_constrained,least_privilege,backup_compromised,125,0.912,1,0.2844349237,0,1,1,0.8638,0.96
regional_hospital,resource_constrained,least_privilege,identity_compromised,125,0.904,1,0.2957767249,0,1,1,0.848,0.952
regional_hospital,resource_constrained,least_privilege,recovered_within_horizon,125,0.088,0,0.2844349237,0,0,1,0.04,0.136
regional_hospital,resource_constrained,least_privilege,pct_clinical_capacity_lost,125,0.8014779412,0.8788296569,0.2538029849,0.0962009804,0.954319853,0.9833333333,0.7559728248,0.843944424
regional_hospital,resource_constrained,least_privilege,defensive_isolation_node_steps,125,277.456,256,127.0881396,106,392,528,255.9274,300.632
regional_hospital,resource_constrained,patch_90,weighted_service_hours_lost,125,217.9566,237.15,61.04518638,16.825,247.71,250.255,206.08862,227.951605
regional_hospital,resource_constrained,patch_90,pct_compromised,125,0.8644782215,0.9307359307,0.2401983204,0.0249435033,0.9535189076,0.9581560166,0.8187068153,0.902016063
regional_hospital,resource_constrained,patch_90,catastrophic,125,0.936,1,0.2457378619,0,1,1,0.888,0.976
regional_hospital,resource_constrained,patch_90,total_service_downtime_steps,125,1151.552,1252,322.4275977,90,1307.4,1320.4,1088.7404,1204.2324
regional_hospital,resource_constrained,patch_90,backup_compromised,125,0.928,1,0.2595281077,0,1,1,0.88,0.968
regional_hospital,resource_constrained,patch_90,identity_compromised,125,0.928,1,0.2595281077,0,1,1,0.88,0.968
regional_hospital,resource_constrained,patch_90,recovered_within_horizon,125,0.072,0,0.2595281077,0,0,1,0.032,0.12
regional_hospital,resource_constrained,patch_90,pct_clinical_capacity_lost,125,0.8598590686,0.9344362745,0.2403974067,0.0675551471,0.9748468137,0.9885416666,0.8133144914,0.8990417586
regional_hospital,resource_constrained,patch_90,defensive_isolation_node_steps,125,173.256,152,109.6487724,61,252.8,320,155.4954,193.6488
regional_hospital,resource_constrained,patch_plus_least_privilege,weighted_service_hours_lost,125,80.2318,34.45,87.1858203,156.1,218,229.24,65.1684,95.687105
regional_hospital,resource_constrained,patch_plus_least_privilege,pct_compromised,125,0.2386591575,0.07364341085,0.2630236179,0.5446832763,0.6294209702,0.6379180509,0.1929399126,0.2851841721
regional_hospital,resource_constrained,patch_plus_least_privilege,catastrophic,125,0.56,1,0.4983844869,1,1,1,0.472,0.64
regional_hospital,resource_constrained,patch_plus_least_privilege,total_service_downtime_steps,125,418.944,212,456.7955939,811,1135.6,1207,340.167,499.9252
regional_hospital,resource_constrained,patch_plus_least_privilege,backup_compromised,125,0.48,0,0.5016103101,1,1,1,0.392,0.56
regional_hospital,resource_constrained,patch_plus_least_privilege,identity_compromised,125,0.496,0,0.5019960159,1,1,1,0.408,0.584
regional_hospital,resource_constrained,patch_plus_least_privilege,recovered_within_horizon,125,0.496,0,0.5019960159,1,1,1,0.408,0.584
regional_hospital,resource_constrained,patch_plus_least_privilege,pct_clinical_capacity_lost,125,0.3367536765,0.1810661765,0.3552515163,0.6441482843,0.8729166667,0.9183823529,0.2751359375,0.3981320466
regional_hospital,resource_constrained,patch_plus_least_privilege,defensive_isolation_node_steps,125,513.912,551,213.0053769,264,751.2,826.2,474.7356,552.3138
regional_hospital,resource_constrained,profile_baseline,weighted_service_hours_lost,125,235.126,246.375,48.18762436,7.1,250.275,251.27,225.72029,242.738255
regional_hospital,resource_constrained,profile_baseline,pct_compromised,125,0.9413093429,0.98,0.1922874879,0.0139007093,0.9926142576,0.9957734087,0.9029196395,0.9724033288
regional_hospital,resource_constrained,profile_baseline,catastrophic,125,0.96,1,0.1967477507,0,1,1,0.92,0.992
regional_hospital,resource_constrained,profile_baseline,total_service_downtime_steps,125,1242.512,1302,254.1753464,38,1322.2,1326.8,1192.733,1282.737
regional_hospital,resource_constrained,profile_baseline,backup_compromised,125,0.96,1,0.1967477507,0,1,1,0.92,0.992
regional_hospital,resource_constrained,profile_baseline,identity_compromised,125,0.96,1,0.1967477507,0,1,1,0.92,0.992
regional_hospital,resource_constrained,profile_baseline,recovered_within_horizon,125,0.04,0,0.1967477507,0,0,0,0.008,0.08
regional_hospital,resource_constrained,profile_baseline,pct_clinical_capacity_lost,125,0.9253590686,0.96875,0.1894515038,0.0277267157,0.984375,0.9895833333,0.8882702819,0.9553127145
regional_hospital,resource_constrained,profile_baseline,defensive_isolation_node_steps,125,81.472,64,114.0047803,32,111.6,134.4,64.6382,104.088
regional_hospital,resource_constrained,seg_detect_backup,weighted_service_hours_lost,125,123.7736,137.625,62.29354856,50.525,190.175,204.13,112.948695,134.116595
regional_hospital,resource_constrained,seg_detect_backup,pct_compromised,125,0.6803865519,0.8185185185,0.3130296407,0.0597607624,0.8602846271,0.873757106,0.6245870872,0.7328997316
regional_hospital,resource_constrained,seg_detect_backup,catastrophic,125,0.832,1,0.3753707844,0,1,1,0.768,0.896
regional_hospital,resource_constrained,seg_detect_backup,total_service_downtime_steps,125,639.384,711,320.7773518,260,981.6,1044.2,583.6026,692.6616
regional_hospital,resource_constrained,seg_detect_backup,backup_compromised,125,0.008,0,0.0894427191,0,0,0,0,0.024
regional_hospital,resource_constrained,seg_detect_backup,identity_compromised,125,0.824,1,0.3823526492,0,1,1,0.7598,0.888
regional_hospital,resource_constrained,seg_detect_backup,recovered_within_horizon,125,0.928,1,0.2595281077,0,1,1,0.88,0.968
regional_hospital,resource_constrained,seg_detect_backup,pct_clinical_capacity_lost,125,0.5462303922,0.6096813725,0.2744645907,0.2280943627,0.8371629902,0.8972426471,0.498634375,0.5913669118
regional_hospital,resource_constrained,seg_detect_backup,defensive_isolation_node_steps,125,342.24,329,162.0237139,159,509.4,576,313.9492,370.8726
regional_hospital,resource_constrained,seg_plus_detection,weighted_service_hours_lost,125,164.3668,195.925,79.78034991,47.85,229.98,237.68,149.495895,177.686885
regional_hospital,resource_constrained,seg_plus_detection,pct_compromised,125,0.7065849735,0.8581081081,0.3349706703,0.0736625769,0.9030830039,0.92,0.64343633,0.7608736202
regional_hospital,resource_constrained,seg_plus_detection,catastrophic,125,0.816,1,0.3890434921,0,1,1,0.744,0.88
regional_hospital,resource_constrained,seg_plus_detection,total_service_downtime_steps,125,884.312,1061,426.3018281,232,1221.8,1253.6,804.8708,955.4482
regional_hospital,resource_constrained,seg_plus_detection,backup_compromised,125,0.824,1,0.3823526492,0,1,1,0.752,0.888
regional_hospital,resource_constrained,seg_plus_detection,identity_compromised,125,0.816,1,0.3890434921,0,1,1,0.744,0.88
regional_hospital,resource_constrained,seg_plus_detection,recovered_within_horizon,125,0.592,1,0.4934408485,1,1,1,0.504,0.672
regional_hospital,resource_constrained,seg_plus_detection,pct_clinical_capacity_lost,125,0.6454044118,0.7651654412,0.3130804853,0.2068014706,0.9115502451,0.9399203432,0.5871398591,0.6975269914
regional_hospital,resource_constrained,seg_plus_detection,defensive_isolation_node_steps,125,260.216,218,153.3267428,101,367.2,593.6,235.511,290.2476
regional_hospital,resource_constrained,seg_plus_patch,weighted_service_hours_lost,125,173.3124,205.375,81.32710737,64.475,235.89,244.625,159.050675,187.257245
regional_hospital,resource_constrained,seg_plus_patch,pct_compromised,125,0.6812144809,0.8133333333,0.3061464253,0.0880089029,0.8646603774,0.8749005204,0.6271163323,0.7351131843
regional_hospital,resource_constrained,seg_plus_patch,catastrophic,125,0.848,1,0.3604656487,0,1,1,0.784,0.912
regional_hospital,resource_constrained,seg_plus_patch,total_service_downtime_steps,125,914.2,1094,428.5762815,344,1242.6,1289.4,838.7244,987.7908
regional_hospital,resource_constrained,seg_plus_patch,backup_compromised,125,0.84,1,0.3680813374,0,1,1,0.776,0.904
regional_hospital,resource_constrained,seg_plus_patch,identity_compromised,125,0.832,1,0.3753707844,0,1,1,0.768,0.896
regional_hospital,resource_constrained,seg_plus_patch,recovered_within_horizon,125,0.144,0,0.3525025738,0,1,1,0.08,0.208
regional_hospital,resource_constrained,seg_plus_patch,pct_clinical_capacity_lost,125,0.6905012255,0.8128063725,0.3223192683,0.2398897059,0.9468137255,0.984375,0.6339199142,0.7457764706
regional_hospital,resource_constrained,seg_plus_patch,defensive_isolation_node_steps,125,357.224,320,172.0456552,176,564,774.6,328.536,389.6682
small_clinic,high_capacity,baseline_flat,weighted_service_hours_lost,125,7.5832,0.7,14.35308139,9.4,25.03,35.135,5.239095,10.183685
small_clinic,high_capacity,baseline_flat,pct_compromised,125,0.08700397322,0.03636363636,0.09275200784,0.1115942029,0.2239846498,0.2850931677,0.07202842314,0.1037149407
small_clinic,high_capacity,baseline_flat,catastrophic,125,0.28,0,0.4508057303,1,1,1,0.2,0.36
small_clinic,high_capacity,baseline_flat,total_service_downtime_steps,125,40.296,7,75.9738945,48,129,184.6,28.104,54.0088
small_clinic,high_capacity,baseline_flat,backup_compromised,125,0.16,0,0.3680813374,0,1,1,0.1038,0.224
small_clinic,high_capacity,baseline_flat,identity_compromised,125,0.224,0,0.4185998166,0,1,1,0.152,0.296
small_clinic,high_capacity,baseline_flat,recovered_within_horizon,125,1,1,0,0,1,1,1,1
small_clinic,high_capacity,baseline_flat,pct_clinical_capacity_lost,125,0.0313504902,0,0.05790471278,0.04166666667,0.1,0.1493259804,0.02186188725,0.0418182598
small_clinic,high_capacity,baseline_flat,defensive_isolation_node_steps,125,17.024,8,22.18923889,24,44.8,64,13.248,20.992
small_clinic,high_capacity,basic_segmentation,weighted_service_hours_lost,125,1.8734,0,5.712224921,1.2,4.7,9.4,0.996365,2.96186
small_clinic,high_capacity,basic_segmentation,pct_compromised,125,0.03398209427,0.02325581395,0.02771465788,0.01885369532,0.05952941176,0.07272727273,0.02950836159,0.03925886431
small_clinic,high_capacity,basic_segmentation,catastrophic,125,0.08,0,0.2723849269,0,0,1,0.032,0.128
small_clinic,high_capacity,basic_segmentation,total_service_downtime_steps,125,9.816,0,29.21841664,8,25.2,48,5.3438,15.4404
small_clinic,high_capacity,basic_segmentation,backup_compromised,125,0.016,0,0.1259800291,0,0,0,0,0.04
small_clinic,high_capacity,basic_segmentation,identity_compromised,125,0.104,0,0.3064889621,0,0.6,1,0.056,0.16
small_clinic,high_capacity,basic_segmentation,recovered_within_horizon,125,1,1,0,0,1,1,1,1
small_clinic,high_capacity,basic_segmentation,pct_clinical_capacity_lost,125,0.008344362745,0,0.02547591592,0.005361519608,0.02156862745,0.04166666667,0.004462959559,0.01322058824
small_clinic,high_capacity,basic_segmentation,defensive_isolation_node_steps,125,10.112,8,13.93603822,16,28.8,40,7.68,12.544
small_clinic,high_capacity,detection_plus_backups,weighted_service_hours_lost,125,0.3496,0,0.940824664,0,1.44,2.35,0.19019,0.52782
small_clinic,high_capacity,detection_plus_backups,pct_compromised,125,0.02625614961,0.02083333333,0.01201459901,0.01515151515,0.04717607974,0.0487804878,0.02429625163,0.02846121278
small_clinic,high_capacity,detection_plus_backups,catastrophic,125,0.008,0,0.0894427191,0,0,0,0,0.024
small_clinic,high_capacity,detection_plus_backups,total_service_downtime_steps,125,1.928,0,5.061199654,0,8,12,1.064,2.88
small_clinic,high_capacity,detection_plus_backups,backup_compromised,125,0,0,0,0,0,0,0,0
small_clinic,high_capacity,detection_plus_backups,identity_compromised,125,0.064,0,0.2457378619,0,0,1,0.024,0.112
small_clinic,high_capacity,detection_plus_backups,recovered_within_horizon,125,1,1,0,0,1,1,1,1
small_clinic,high_capacity,detection_plus_backups,pct_clinical_capacity_lost,125,0.001442401961,0,0.004330542078,0,0.007107843137,0.01090686274,0.0007205882354,0.002236642157
small_clinic,high_capacity,detection_plus_backups,defensive_isolation_node_steps,125,4.736,0,10.21553529,0,16,30.4,2.944,6.528
small_clinic,high_capacity,fast_detection,weighted_service_hours_lost,125,0.48,0,1.371424971,0,2.21,2.35,0.27076,0.75008
small_clinic,high_capacity,fast_detection,pct_compromised,125,0.02576528104,0.02127659574,0.01256190431,0.00552231937,0.04457364341,0.05461393597,0.02368062686,0.02825418533
small_clinic,high_capacity,fast_detection,catastrophic,125,0,0,0,0,0,0,0,0
small_clinic,high_capacity,fast_detection,total_service_downtime_steps,125,2.608,0,7.145826664,0,12,12,1.512,4.0084
small_clinic,high_capacity,fast_detection,backup_compromised,125,0.016,0,0.1259800291,0,0,0,0,0.04
small_clinic,high_capacity,fast_detection,identity_compromised,125,0.08,0,0.2723849269,0,0,1,0.032,0.128
small_clinic,high_capacity,fast_detection,recovered_within_horizon,125,1,1,0,0,1,1,1,1
small_clinic,high_capacity,fast_detection,pct_clinical_capacity_lost,125,0.001911764706,0,0.006071280533,0,0.01041666667,0.01041666667,0.0009975490198,0.003117647059
small_clinic,high_capacity,fast_detection,defensive_isolation_node_steps,125,4.608,0,11.04893514,0,16,30.4,2.8784,6.72
small_clinic,high_capacity,full_defense,weighted_service_hours_lost,125,0.6632,0,2.039757497,0,2.04,3.19,0.35477,1.03096
small_clinic,high_capacity,full_defense,pct_compromised,125,0.0224538766,0.02083333333,0.006631021875,0.00529100529,0.025,0.03759608666,0.02135471301,0.02363019027
small_clinic,high_capacity,full_defense,catastrophic,125,0.016,0,0.1259800291,0,0,0,0,0.04
small_clinic,high_capacity,full_defense,total_service_downtime_steps,125,3.504,0,10.43383454,0,11.2,16,1.936,5.3926
small_clinic,high_capacity,full_defense,backup_compromised,125,0,0,0,0,0,0,0,0
small_clinic,high_capacity,full_defense,identity_compromised,125,0.048,0,0.2146264572,0,0,0,0.016,0.088
small_clinic,high_capacity,full_defense,recovered_within_horizon,125,1,1,0,0,1,1,1,1
small_clinic,high_capacity,full_defense,pct_clinical_capacity_lost,125,0.002980392157,0,0.009199192688,0,0.01017156863,0.01887254902,0.00156372549,0.00465747549
small_clinic,high_capacity,full_defense,defensive_isolation_node_steps,125,6.912,0,13.10381378,8,24,38.4,4.672,9.28
small_clinic,high_capacity,identity_controls,weighted_service_hours_lost,125,7.2994,0,16.003739,5.875,17.225,44.24,4.726775,10.34344
small_clinic,high_capacity,identity_controls,pct_compromised,125,0.09208223575,0.04166666667,0.1091150732,0.09539007096,0.2610018552,0.3628959276,0.07348429554,0.1118054464
small_clinic,high_capacity,identity_controls,catastrophic,125,0.256,0,0.438178046,1,1,1,0.184,0.336
small_clinic,high_capacity,identity_controls,total_service_downtime_steps,125,39.576,0,86.50007123,34,90.6,256.8,25.5356,56.1378
small_clinic,high_capacity,identity_controls,backup_compromised,125,0.176,0,0.3823526492,0,1,1,0.112,0.248
small_clinic,high_capacity,identity_controls,identity_compromised,125,0.192,0,0.3954580847,0,1,1,0.128,0.264
small_clinic,high_capacity,identity_controls,recovered_within_horizon,125,1,1,0,0,1,1,1,1
small_clinic,high_capacity,identity_controls,pct_clinical_capacity_lost,125,0.02959068628,0,0.0636216959,0.02879901961,0.07395833333,0.1738664216,0.01934947917,0.04160333946
small_clinic,high_capacity,identity_controls,defensive_isolation_node_steps,125,16.384,8,19.11205666,24,48,56,13.12,19.968
small_clinic,high_capacity,isolated_backups,weighted_service_hours_lost,125,5.2366,1,9.129291713,6.6,15.42,27.275,3.718885,6.881465
small_clinic,high_capacity,isolated_backups,pct_compromised,125,0.08873800694,0.05084745763,0.08985333721,0.09872340426,0.2209554395,0.2996491228,0.07364831147,0.1047099141
small_clinic,high_capacity,isolated_backups,catastrophic,125,0.288,0,0.4546533596,1,1,1,0.216,0.368
small_clinic,high_capacity,isolated_backups,total_service_downtime_steps,125,27.536,7,47.18213577,41,89,141.8,19.6872,36.0042
small_clinic,high_capacity,isolated_backups,backup_compromised,125,0,0,0,0,0,0,0,0
small_clinic,high_capacity,isolated_backups,identity_compromised,125,0.152,0,0.3604656487,0,1,1,0.088,0.216
small_clinic,high_capacity,isolated_backups,recovered_within_horizon,125,1,1,0,0,1,1,1,1
small_clinic,high_capacity,isolated_backups,pct_clinical_capacity_lost,125,0.02392401961,0.003216911765,0.04066028311,0.02941176471,0.07732843137,0.1159620098,0.01718590686,0.03138275123
small_clinic,high_capacity,isolated_backups,defensive_isolation_node_steps,125,15.744,8,18.75990233,24,44.8,48,12.672,19.264
small_clinic,high_capacity,least_privilege,weighted_service_hours_lost,125,1.6514,0,3.945103774,1.05,6.21,9.42,0.99319,2.378655
small_clinic,high_capacity,least_privilege,pct_compromised,125,0.03087094904,0.02272727273,0.01884891411,0.01923076923,0.05103448276,0.06757062147,0.02783934881,0.03446010534
small_clinic,high_capacity,least_privilege,catastrophic,125,0.032,0,0.1767082524,0,0,0,0.008,0.064
small_clinic,high_capacity,least_privilege,total_service_downtime_steps,125,8.584,0,20.23817217,8,32.4,49.6,5.1996,12.312
small_clinic,high_capacity,least_privilege,backup_compromised,125,0.008,0,0.0894427191,0,0,0,0,0.024
small_clinic,high_capacity,least_privilege,identity_compromised,125,0.12,0,0.3262692338,0,1,1,0.064,0.176
small_clinic,high_capacity,least_privilege,recovered_within_horizon,125,1,1,0,0,1,1,1,1
small_clinic,high_capacity,least_privilege,pct_clinical_capacity_lost,125,0.007289215686,0,0.01757300307,0,0.03045343138,0.04166666667,0.004360232843,0.01054908088
small_clinic,high_capacity,least_privilege,defensive_isolation_node_steps,125,9.344,0,13.27567749,16,24,32,7.04,11.712
small_clinic,high_capacity,patch_90,weighted_service_hours_lost,125,5.4462,0,11.50271359,4.775,18.255,26.715,3.60701,7.57776
small_clinic,high_capacity,patch_90,pct_compromised,125,0.06391819307,0.03333333333,0.0693229692,0.055,0.1515254237,0.193134598,0.0525145859,0.07626134
small_clinic,high_capacity,patch_90,catastrophic,125,0.192,0,0.3954580847,0,1,1,0.128,0.264
small_clinic,high_capacity,patch_90,total_service_downtime_steps,125,29.144,0,62.02792087,24,102,141.4,19.3752,40.672
small_clinic,high_capacity,patch_90,backup_compromised,125,0.088,0,0.2844349237,0,0,1,0.04,0.1362
small_clinic,high_capacity,patch_90,identity_compromised,125,0.168,0,0.3753707844,0,1,1,0.104,0.232
small_clinic,high_capacity,patch_90,recovered_within_horizon,125,1,1,0,0,1,1,1,1
small_clinic,high_capacity,patch_90,pct_clinical_capacity_lost,125,0.02287622549,0,0.04604780079,0.02083333333,0.07567401961,0.1095281863,0.01546155024,0.03125073529
small_clinic,high_capacity,patch_90,defensive_isolation_node_steps,125,16.704,8,21.50507217,24,40,62.4,13.056,20.672
small_clinic,high_capacity,patch_plus_least_privilege,weighted_service_hours_lost,125,1.4258,0,3.234245213,1.2,6.58,9.4,0.898385,2.022475
small_clinic,high_capacity,patch_plus_least_privilege,pct_compromised,125,0.02666836717,0.02127659574,0.01436203597,0.00613207547,0.04333333333,0.05726495726,0.02436645398,0.029150937
small_clinic,high_capacity,patch_plus_least_privilege,catastrophic,125,0.032,0,0.1767082524,0,0,0,0.008,0.064
small_clinic,high_capacity,patch_plus_least_privilege,total_service_downtime_steps,125,7.376,0,16.61308462,8,33.6,48,4.6558,10.4248
small_clinic,high_capacity,patch_plus_least_privilege,backup_compromised,125,0,0,0,0,0,0,0,0
small_clinic,high_capacity,patch_plus_least_privilege,identity_compromised,125,0.096,0,0.2957767249,0,0,1,0.048,0.152
small_clinic,high_capacity,patch_plus_least_privilege,recovered_within_horizon,125,1,1,0,0,1,1,1,1
small_clinic,high_capacity,patch_plus_least_privilege,pct_clinical_capacity_lost,125,0.006332107843,0,0.01429475212,0,0.02916666667,0.04166666667,0.004002389706,0.008995373775
small_clinic,high_capacity,patch_plus_least_privilege,defensive_isolation_node_steps,125,8.896,0,13.60136616,16,24,38.4,6.72,11.2656
small_clinic,high_capacity,profile_baseline,weighted_service_hours_lost,125,1.2568,0,2.719188417,1.2,5.875,9.165,0.804965,1.76523
small_clinic,high_capacity,profile_baseline,pct_compromised,125,0.03080842486,0.02272727273,0.01954169219,0.02034776174,0.05062656642,0.07463414634,0.0276608539,0.03448381239
small_clinic,high_capacity,profile_baseline,catastrophic,125,0.024,0,0.1536649056,0,0,0,0,0.056
small_clinic,high_capacity,profile_baseline,total_service_downtime_steps,125,6.632,0,13.91885238,8,29,46.8,4.3438,9.2082
small_clinic,high_capacity,profile_baseline,backup_compromised,125,0.008,0,0.0894427191,0,0,0,0,0.024
small_clinic,high_capacity,profile_baseline,identity_compromised,125,0.072,0,0.2595281077,0,0,1,0.024,0.12
small_clinic,high_capacity,profile_baseline,recovered_within_horizon,125,1,1,0,0,1,1,1,1
small_clinic,high_capacity,profile_baseline,pct_clinical_capacity_lost,125,0.005529411765,0,0.01243948836,0,0.02604166667,0.04148284314,0.003472855392,0.007774754902
small_clinic,high_capacity,profile_baseline,defensive_isolation_node_steps,125,9.344,0,12.88103382,16,28.8,40,7.104,11.712
small_clinic,high_capacity,seg_detect_backup,weighted_service_hours_lost,125,0.6112,0,2.082694285,0,1.76,2.39,0.28719,0.98843
small_clinic,high_capacity,seg_detect_backup,pct_compromised,125,0.02364035452,0.02083333333,0.008699538732,0.00562770563,0.03703703704,0.04347826087,0.02228441794,0.02529505888
small_clinic,high_capacity,seg_detect_backup,catastrophic,125,0.008,0,0.0894427191,0,0,0,0,0.024
small_clinic,high_capacity,seg_detect_backup,total_service_downtime_steps,125,3.256,0,10.7237331,0,9.2,15.2,1.5756,5.1762
small_clinic,high_capacity,seg_detect_backup,backup_compromised,125,0,0,0,0,0,0,0,0
small_clinic,high_capacity,seg_detect_backup,identity_compromised,125,0.048,0,0.2146264572,0,0,0,0.016,0.088
small_clinic,high_capacity,seg_detect_backup,recovered_within_horizon,125,1,1,0,0,1,1,1,1
small_clinic,high_capacity,seg_detect_backup,pct_clinical_capacity_lost,125,0.002539215686,0,0.009213864182,0,0.007107843137,0.01041666667,0.001122487745,0.004191421569
small_clinic,high_capacity,seg_detect_backup,defensive_isolation_node_steps,125,6.72,0,11.99569815,8,24,30.4,4.672,8.832
small_clinic,high_capacity,seg_plus_detection,weighted_service_hours_lost,125,0.6698,0,1.995724503,0,2.35,3.44,0.34998,1.051955
small_clinic,high_capacity,seg_plus_detection,pct_compromised,125,0.02380900287,0.02040816327,0.01073577252,0.00454545455,0.0381712627,0.04718614719,0.02205153909,0.02573903836
small_clinic,high_capacity,seg_plus_detection,catastrophic,125,0.024,0,0.1536649056,0,0,0,0,0.056
small_clinic,high_capacity,seg_plus_detection,total_service_downtime_steps,125,3.512,0,10.26552011,0,12,17.6,1.848,5.456
small_clinic,high_capacity,seg_plus_detection,backup_compromised,125,0,0,0,0,0,0,0,0
small_clinic,high_capacity,seg_plus_detection,identity_compromised,125,0.064,0,0.2457378619,0,0,1,0.024,0.112
small_clinic,high_capacity,seg_plus_detection,recovered_within_horizon,125,1,1,0,0,1,1,1,1
small_clinic,high_capacity,seg_plus_detection,pct_clinical_capacity_lost,125,0.002851715686,0,0.009091284606,0,0.01041666667,0.01200980392,0.001419025735,0.004639920343
small_clinic,high_capacity,seg_plus_detection,defensive_isolation_node_steps,125,6.336,0,11.77404472,8,24,32,4.416,8.5136
small_clinic,high_capacity,seg_plus_patch,weighted_service_hours_lost,125,1.5888,0,3.563852256,1.2,5.12,9.96,1.00195,2.2182
small_clinic,high_capacity,seg_plus_patch,pct_compromised,125,0.03146145635,0.02222222222,0.02182663612,0.02034776174,0.05103448276,0.07481481481,0.02781523054,0.03572272132
small_clinic,high_capacity,seg_plus_patch,catastrophic,125,0.048,0,0.2146264572,0,0,0,0.016,0.088
small_clinic,high_capacity,seg_plus_patch,total_service_downtime_steps,125,8.528,0,18.83569706,8,28.2,52.8,5.4558,11.8322
small_clinic,high_capacity,seg_plus_patch,backup_compromised,125,0.008,0,0.0894427191,0,0,0,0,0.024
small_clinic,high_capacity,seg_plus_patch,identity_compromised,125,0.088,0,0.2844349237,0,0,1,0.04,0.144
small_clinic,high_capacity,seg_plus_patch,recovered_within_horizon,125,1,1,0,0,1,1,1,1
small_clinic,high_capacity,seg_plus_patch,pct_clinical_capacity_lost,125,0.00675,0,0.01547672684,0.003216911765,0.02212009804,0.04166666667,0.004166390931,0.009475582108
small_clinic,high_capacity,seg_plus_patch,defensive_isolation_node_steps,125,9.664,0,16.04175198,8,24,48,6.976,12.48
small_clinic,intermediate_capacity,baseline_flat,weighted_service_hours_lost,125,152.7372,168.025,68.45921986,50.95,223.46,229.2,140.80102,164.396425
small_clinic,intermediate_capacity,baseline_flat,pct_compromised,125,0.7341508542,0.847826087,0.2894826183,0.1169950739,0.9224736049,0.946130031,0.6810095096,0.7818978872
small_clinic,intermediate_capacity,baseline_flat,catastrophic,125,0.88,1,0.3262692338,0,1,1,0.816,0.936
small_clinic,intermediate_capacity,baseline_flat,total_service_downtime_steps,125,827.264,915,366.6999992,273,1191.8,1222.2,762.7118,889.5682
small_clinic,intermediate_capacity,baseline_flat,backup_compromised,125,0.856,1,0.3525025738,0,1,1,0.792,0.912
small_clinic,intermediate_capacity,baseline_flat,identity_compromised,125,0.84,1,0.3680813374,0,1,1,0.776,0.896
small_clinic,intermediate_capacity,baseline_flat,recovered_within_horizon,125,0.84,1,0.3680813374,0,1,1,0.776,0.904
small_clinic,intermediate_capacity,baseline_flat,pct_clinical_capacity_lost,125,0.5971188725,0.6484375,0.2664646681,0.190870098,0.8768995098,0.9066789216,0.5498692402,0.6422885417
small_clinic,intermediate_capacity,baseline_flat,defensive_isolation_node_steps,125,46.752,47,29.29181764,40,87.6,100.8,41.6398,51.8966
small_clinic,intermediate_capacity,basic_segmentation,weighted_service_hours_lost,125,73.4648,51.975,76.13284906,147.35,185.93,202.415,59.25922,87.09597
small_clinic,intermediate_capacity,basic_segmentation,pct_compromised,125,0.3370762704,0.275862069,0.299490514,0.5958646617,0.756097561,0.7924528302,0.2828575319,0.3900034376
small_clinic,intermediate_capacity,basic_segmentation,catastrophic,125,0.616,1,0.4883150754,1,1,1,0.52,0.6962
small_clinic,intermediate_capacity,basic_segmentation,total_service_downtime_steps,125,391.664,264,407.4388326,780,998.2,1058.8,315.9166,464.4704
small_clinic,intermediate_capacity,basic_segmentation,backup_compromised,125,0.424,0,0.4961789479,1,1,1,0.336,0.512
small_clinic,intermediate_capacity,basic_segmentation,identity_compromised,125,0.488,0,0.5018674803,1,1,1,0.4,0.576
small_clinic,intermediate_capacity,basic_segmentation,recovered_within_horizon,125,0.96,1,0.1967477507,0,1,1,0.92,0.992
small_clinic,intermediate_capacity,basic_segmentation,pct_clinical_capacity_lost,125,0.3010698529,0.2323835784,0.3046747602,0.5906862745,0.7452818628,0.7922794117,0.2444009498,0.3549723346
small_clinic,intermediate_capacity,basic_segmentation,defensive_isolation_node_steps,125,48.864,40,40.95401512,64,108.2,120,41.9514,56.2402
small_clinic,intermediate_capacity,detection_plus_backups,weighted_service_hours_lost,125,27.3124,24.35,27.45366856,47.575,63.52,66.545,22.64372,32.100515
small_clinic,intermediate_capacity,detection_plus_backups,pct_compromised,125,0.3253278836,0.3404255319,0.2747608697,0.525,0.7115630885,0.7627659574,0.2779098188,0.3722514259
small_clinic,intermediate_capacity,detection_plus_backups,catastrophic,125,0.608,1,0.4901612638,1,1,1,0.52,0.696
small_clinic,intermediate_capacity,detection_plus_backups,total_service_downtime_steps,125,142.472,128,142.4828556,251,329.6,344.8,118.3098,167.3156
small_clinic,intermediate_capacity,detection_plus_backups,backup_compromised,125,0,0,0,0,0,0,0,0
small_clinic,intermediate_capacity,detection_plus_backups,identity_compromised,125,0.48,0,0.5016103101,1,1,1,0.392,0.56
small_clinic,intermediate_capacity,detection_plus_backups,recovered_within_horizon,125,1,1,0,0,1,1,1,1
small_clinic,intermediate_capacity,detection_plus_backups,pct_clinical_capacity_lost,125,0.1220441176,0.1066176471,0.1213635867,0.2110906863,0.2799938726,0.2925551471,0.1012900123,0.1431727941
small_clinic,intermediate_capacity,detection_plus_backups,defensive_isolation_node_steps,125,25.088,24,22.68082038,32,48,64,21.376,29.184
small_clinic,intermediate_capacity,fast_detection,weighted_service_hours_lost,125,57.3634,69.15,52.61061911,102.775,121.165,136.615,47.9867,66.64024
small_clinic,intermediate_capacity,fast_detection,pct_compromised,125,0.3699283964,0.4523809524,0.3040321159,0.62191582,0.75,0.7785454545,0.3156445423,0.4207920257
small_clinic,intermediate_capacity,fast_detection,catastrophic,125,0.592,1,0.4934408485,1,1,1,0.504,0.672
small_clinic,intermediate_capacity,fast_detection,total_service_downtime_steps,125,311.552,386,285.5494267,567,654,749.2,260.7272,362.0262
small_clinic,intermediate_capacity,fast_detection,backup_compromised,125,0.536,1,0.5007091745,1,1,1,0.448,0.624
small_clinic,intermediate_capacity,fast_detection,identity_compromised,125,0.544,1,0.500064512,1,1,1,0.456,0.632
small_clinic,intermediate_capacity,fast_detection,recovered_within_horizon,125,0.992,1,0.0894427191,0,1,1,0.976,1
small_clinic,intermediate_capacity,fast_detection,pct_clinical_capacity_lost,125,0.2260122549,0.2708333333,0.2059943913,0.4071691176,0.4735294118,0.5354779412,0.1887924326,0.2622942096
small_clinic,intermediate_capacity,fast_detection,defensive_isolation_node_steps,125,49.432,48,39.58256703,64,104,118.4,42.487,56.248
small_clinic,intermediate_capacity,full_defense,weighted_service_hours_lost,125,1.4832,0,4.12060589,0.7,3.57,9.4,0.8366,2.24715
small_clinic,intermediate_capacity,full_defense,pct_compromised,125,0.02794280822,0.02127659574,0.0154513316,0.0141025641,0.04951219512,0.06533333334,0.02543444065,0.03068858973
small_clinic,intermediate_capacity,full_defense,catastrophic,125,0.024,0,0.1536649056,0,0,0,0,0.056
small_clinic,intermediate_capacity,full_defense,total_service_downtime_steps,125,7.856,0,21.26586846,7,17.2,48,4.4718,11.7206
small_clinic,intermediate_capacity,full_defense,backup_compromised,125,0,0,0,0,0,0,0,0
small_clinic,intermediate_capacity,full_defense,identity_compromised,125,0.056,0,0.2308469679,0,0,0.8,0.016,0.096
small_clinic,intermediate_capacity,full_defense,recovered_within_horizon,125,1,1,0,0,1,1,1,1
small_clinic,intermediate_capacity,full_defense,pct_clinical_capacity_lost,125,0.006425245098,0,0.01811306954,0,0.01991421569,0.04166666667,0.003616390931,0.009772150736
small_clinic,intermediate_capacity,full_defense,defensive_isolation_node_steps,125,12.992,8,16.92988196,24,32,40,10.24,16.128
small_clinic,intermediate_capacity,identity_controls,weighted_service_hours_lost,125,129.3816,153.225,71.54140925,72.375,202.965,213.425,116.68928,141.402565
small_clinic,intermediate_capacity,identity_controls,pct_compromised,125,0.6787681446,0.829787234,0.3353079584,0.1867612293,0.9248113208,0.9419191919,0.6182624102,0.7349649603
small_clinic,intermediate_capacity,identity_controls,catastrophic,125,0.8,1,0.4016096645,0,1,1,0.728,0.864
small_clinic,intermediate_capacity,identity_controls,total_service_downtime_steps,125,703.6,836,386.4407896,365,1092.2,1145.8,634.3438,768.3634
small_clinic,intermediate_capacity,identity_controls,backup_compromised,125,0.776,1,0.4185998166,0,1,1,0.696,0.848
small_clinic,intermediate_capacity,identity_controls,identity_compromised,125,0.728,1,0.4467805985,1,1,1,0.648,0.8
small_clinic,intermediate_capacity,identity_controls,recovered_within_horizon,125,0.928,1,0.2595281077,0,1,1,0.88,0.968
small_clinic,intermediate_capacity,identity_controls,pct_clinical_capacity_lost,125,0.5091715686,0.6017156863,0.2791827895,0.2262561274,0.8002144608,0.8339767157,0.4590394608,0.5565310049
small_clinic,intermediate_capacity,identity_controls,defensive_isolation_node_steps,125,46.104,42,28.67049287,40,81.2,94,41.088,51.016
small_clinic,intermediate_capacity,isolated_backups,weighted_service_hours_lost,125,100.8026,104.925,46.91664578,46.525,155.39,177.385,92.337765,108.92528
small_clinic,intermediate_capacity,isolated_backups,pct_compromised,125,0.7288083413,0.8103448276,0.2501431286,0.1238095238,0.8949468085,0.9055813954,0.6840182424,0.7692414014
small_clinic,intermediate_capacity,isolated_backups,catastrophic,125,0.912,1,0.2844349237,0,1,1,0.864,0.96
small_clinic,intermediate_capacity,isolated_backups,total_service_downtime_steps,125,521.576,542,241.2540243,241,802.6,918,478.0752,563.3782
small_clinic,intermediate_capacity,isolated_backups,backup_compromised,125,0,0,0,0,0,0,0,0
small_clinic,intermediate_capacity,isolated_backups,identity_compromised,125,0.864,1,0.344168001,0,1,1,0.8,0.92
small_clinic,intermediate_capacity,isolated_backups,recovered_within_horizon,125,0.96,1,0.1967477507,0,1,1,0.92,0.992
small_clinic,intermediate_capacity,isolated_backups,pct_clinical_capacity_lost,125,0.4464607843,0.4638480392,0.2060127755,0.1971507353,0.6953431372,0.7868259804,0.4095293505,0.4819636336
small_clinic,intermediate_capacity,isolated_backups,defensive_isolation_node_steps,125,41.48,40,25.59662276,32,80,88,37.312,45.824
small_clinic,intermediate_capacity,least_privilege,weighted_service_hours_lost,125,18.4186,3.4,36.51420734,20,54.815,101.56,12.6297,25.07207
small_clinic,intermediate_capacity,least_privilege,pct_compromised,125,0.1104183213,0.05084745763,0.1386082517,0.1005847953,0.311637931,0.3766408269,0.08733067353,0.1351340348
small_clinic,intermediate_capacity,least_privilege,catastrophic,125,0.384,0,0.4883150754,1,1,1,0.304,0.472
small_clinic,intermediate_capacity,least_privilege,total_service_downtime_steps,125,95.704,16,191.577872,96,280.2,536.8,65.4148,130.654
small_clinic,intermediate_capacity,least_privilege,backup_compromised,125,0.088,0,0.2844349237,0,0,1,0.04,0.144
small_clinic,intermediate_capacity,least_privilege,identity_compromised,125,0.216,0,0.4131702765,0,1,1,0.144,0.288
small_clinic,intermediate_capacity,least_privilege,recovered_within_horizon,125,0.992,1,0.0894427191,0,1,1,0.976,1
small_clinic,intermediate_capacity,least_privilege,pct_clinical_capacity_lost,125,0.08160906863,0.01072303922,0.1557293261,0.0931372549,0.2427083333,0.4271752451,0.05662598039,0.1102666973
small_clinic,intermediate_capacity,least_privilege,defensive_isolation_node_steps,125,30.784,24,29.89972057,32,72,88,25.664,36.608
small_clinic,intermediate_capacity,patch_90,weighted_service_hours_lost,125,111.4612,146.35,88.75390595,185.7,217.675,229.065,96.148175,126.73914
small_clinic,intermediate_capacity,patch_90,pct_compromised,125,0.4753855955,0.6271186441,0.3241005823,0.6983141083,0.8292682927,0.8552727273,0.4195142853,0.5297334211
small_clinic,intermediate_capacity,patch_90,catastrophic,125,0.68,1,0.4683533268,1,1,1,0.6,0.76
small_clinic,intermediate_capacity,patch_90,total_service_downtime_steps,125,598.864,788,474.1466927,982,1161.4,1222.2,517.4992,681.0526
small_clinic,intermediate_capacity,patch_90,backup_compromised,125,0.632,1,0.4842020373,1,1,1,0.552,0.712
small_clinic,intermediate_capacity,patch_90,identity_compromised,125,0.608,1,0.4901612638,1,1,1,0.52,0.688
small_clinic,intermediate_capacity,patch_90,recovered_within_horizon,125,0.808,1,0.3954580847,0,1,1,0.744,0.872
small_clinic,intermediate_capacity,patch_90,pct_clinical_capacity_lost,125,0.4428308824,0.5664828431,0.3506503061,0.7501531862,0.8776654412,0.9119791666,0.382370527,0.5036744179
small_clinic,intermediate_capacity,patch_90,defensive_isolation_node_steps,125,54.16,56,36.30169284,56,102,108,48.1438,60.4262
small_clinic,intermediate_capacity,patch_plus_least_privilege,weighted_service_hours_lost,125,8.5404,1.6,17.85684669,9.4,26.575,35.525,5.644465,11.92093
small_clinic,intermediate_capacity,patch_plus_least_privilege,pct_compromised,125,0.05760598737,0.03846153846,0.06221131703,0.04690522244,0.1217452498,0.1544444445,0.04750192694,0.0696064435
small_clinic,intermediate_capacity,patch_plus_least_privilege,catastrophic,125,0.256,0,0.438178046,1,1,1,0.176,0.336
small_clinic,intermediate_capacity,patch_plus_least_privilege,total_service_downtime_steps,125,44.992,8,92.14097684,48,134,185,30.0386,62.382
small_clinic,intermediate_capacity,patch_plus_least_privilege,backup_compromised,125,0.04,0,0.1967477507,0,0,0,0.008,0.08
small_clinic,intermediate_capacity,patch_plus_least_privilege,identity_compromised,125,0.112,0,0.3166355389,0,1,1,0.056,0.1682
small_clinic,intermediate_capacity,patch_plus_least_privilege,recovered_within_horizon,125,1,1,0,0,1,1,1,1
small_clinic,intermediate_capacity,patch_plus_least_privilege,pct_clinical_capacity_lost,125,0.03801470588,0,0.07992708749,0.04166666667,0.1223651961,0.1718443627,0.02504065564,0.05326011029
small_clinic,intermediate_capacity,patch_plus_least_privilege,defensive_isolation_node_steps,125,27.952,16,32.157339,24,64,112,22.6556,33.7292
small_clinic,intermediate_capacity,profile_baseline,weighted_service_hours_lost,125,66.9376,43.175,70.09846154,113.35,171.345,183.24,55.106625,79.05693
small_clinic,intermediate_capacity,profile_baseline,pct_compromised,125,0.3513470087,0.3035714286,0.3060951993,0.5993265994,0.7687037037,0.8214141414,0.297549087,0.4028069884
small_clinic,intermediate_capacity,profile_baseline,catastrophic,125,0.632,1,0.4842020373,1,1,1,0.544,0.72
small_clinic,intermediate_capacity,profile_baseline,total_service_downtime_steps,125,354.352,234,373.2504836,599,914.2,994.8,291.007,418.4732
small_clinic,intermediate_capacity,profile_baseline,backup_compromised,125,0.272,0,0.4467805985,1,1,1,0.2,0.352
small_clinic,intermediate_capacity,profile_baseline,identity_compromised,125,0.504,1,0.5019960159,1,1,1,0.416,0.592
small_clinic,intermediate_capacity,profile_baseline,recovered_within_horizon,125,0.928,1,0.2595281077,0,1,1,0.88,0.968
small_clinic,intermediate_capacity,profile_baseline,pct_clinical_capacity_lost,125,0.2829338235,0.2051164216,0.2862822997,0.4805453431,0.7010110294,0.7910539216,0.2335044118,0.3328311274
small_clinic,intermediate_capacity,profile_baseline,defensive_isolation_node_steps,125,47.608,47,33.36211295,48,92.8,112.8,41.8158,53.616
small_clinic,intermediate_capacity,seg_detect_backup,weighted_service_hours_lost,125,7.6168,0,18.9200029,4.65,25.58,39.645,4.57698,11.09534
small_clinic,intermediate_capacity,seg_detect_backup,pct_compromised,125,0.103234288,0.04255319149,0.1256090804,0.1010678871,0.2787658802,0.3807890223,0.08084076568,0.1264725388
small_clinic,intermediate_capacity,seg_detect_backup,catastrophic,125,0.256,0,0.438178046,1,1,1,0.176,0.328
small_clinic,intermediate_capacity,seg_detect_backup,total_service_downtime_steps,125,39.736,0,97.49657926,23,130.4,203,23.8076,57.6316
small_clinic,intermediate_capacity,seg_detect_backup,backup_compromised,125,0,0,0,0,0,0,0,0
small_clinic,intermediate_capacity,seg_detect_backup,identity_compromised,125,0.136,0,0.344168001,0,1,1,0.08,0.192
small_clinic,intermediate_capacity,seg_detect_backup,recovered_within_horizon,125,1,1,0,0,1,1,1,1
small_clinic,intermediate_capacity,seg_detect_backup,pct_clinical_capacity_lost,125,0.03484558823,0,0.08448294065,0.02359068627,0.1137254902,0.206740196,0.02145545343,0.04998452819
small_clinic,intermediate_capacity,seg_detect_backup,defensive_isolation_node_steps,125,18.944,16,20.10388504,32,48,56,15.488,22.4
small_clinic,intermediate_capacity,seg_plus_detection,weighted_service_hours_lost,125,9.9238,0.2,23.20334459,9.4,22.065,57.315,6.085155,14.221835
small_clinic,intermediate_capacity,seg_plus_detection,pct_compromised,125,0.09733989887,0.04651162791,0.114981855,0.1098532495,0.2378947368,0.3383647799,0.07820269391,0.1178818317
small_clinic,intermediate_capacity,seg_plus_detection,catastrophic,125,0.296,0,0.458327957,1,1,1,0.216,0.376
small_clinic,intermediate_capacity,seg_plus_detection,total_service_downtime_steps,125,53.464,2,124.8784276,48,125.4,301,32.895,76.595
small_clinic,intermediate_capacity,seg_plus_detection,backup_compromised,125,0.08,0,0.2723849269,0,0,1,0.032,0.128
small_clinic,intermediate_capacity,seg_plus_detection,identity_compromised,125,0.224,0,0.4185998166,0,1,1,0.152,0.296
small_clinic,intermediate_capacity,seg_plus_detection,recovered_within_horizon,125,1,1,0,0,1,1,1,1
small_clinic,intermediate_capacity,seg_plus_detection,pct_clinical_capacity_lost,125,0.04093872549,0,0.0927803909,0.04258578431,0.0981617647,0.2337009804,0.02533373162,0.05828912378
small_clinic,intermediate_capacity,seg_plus_detection,defensive_isolation_node_steps,125,19.904,16,22.06421128,32,48,56,16.128,23.6176
small_clinic,intermediate_capacity,seg_plus_patch,weighted_service_hours_lost,125,16.3114,2.6,30.83179629,15.9,52.74,80.35,11.322015,21.62376
small_clinic,intermediate_capacity,seg_plus_patch,pct_compromised,125,0.1048919809,0.04255319149,0.1277106695,0.1125,0.3036734694,0.4392026578,0.08301295546,0.125738683
small_clinic,intermediate_capacity,seg_plus_patch,catastrophic,125,0.336,0,0.4742396291,1,1,1,0.256,0.416
small_clinic,intermediate_capacity,seg_plus_patch,total_service_downtime_steps,125,86.824,16,162.9046854,89,292.6,414.4,60.3758,115.1628
small_clinic,intermediate_capacity,seg_plus_patch,backup_compromised,125,0.096,0,0.2957767249,0,0,1,0.048,0.144
small_clinic,intermediate_capacity,seg_plus_patch,identity_compromised,125,0.2,0,0.4016096645,0,1,1,0.128,0.272
small_clinic,intermediate_capacity,seg_plus_patch,recovered_within_horizon,125,1,1,0,0,1,1,1,1
small_clinic,intermediate_capacity,seg_plus_patch,pct_clinical_capacity_lost,125,0.07042156863,0.01225490196,0.1307504765,0.07107843137,0.2272671569,0.3504901961,0.04923278186,0.09265220588
small_clinic,intermediate_capacity,seg_plus_patch,defensive_isolation_node_steps,125,33.576,24,32.51234604,40,80,108.8,28.0318,39.425
small_clinic,resource_constrained,baseline_flat,weighted_service_hours_lost,125,229.7512,243.5,40.56055457,26.55,251.48,253.155,222.044455,235.992665
small_clinic,resource_constrained,baseline_flat,pct_compromised,125,0.9549000984,0.9807692308,0.1470970817,0.0357142857,1,1,0.9249063186,0.9781612954
small_clinic,resource_constrained,baseline_flat,catastrophic,125,0.976,1,0.1536649056,0,1,1,0.944,1
small_clinic,resource_constrained,baseline_flat,total_service_downtime_steps,125,1221.264,1288,211.7490581,123,1328.2,1337.8,1180.4302,1253.5546
small_clinic,resource_constrained,baseline_flat,backup_compromised,125,0.976,1,0.1536649056,0,1,1,0.944,1
small_clinic,resource_constrained,baseline_flat,identity_compromised,125,0.976,1,0.1536649056,0,1,1,0.944,1
small_clinic,resource_constrained,baseline_flat,recovered_within_horizon,125,0.248,0,0.4335896678,0,1,1,0.176,0.32
small_clinic,resource_constrained,baseline_flat,pct_clinical_capacity_lost,125,0.9020539216,0.9597120098,0.1610794672,0.1067708334,0.9895833333,0.9947916667,0.8717298713,0.9267746936
small_clinic,resource_constrained,baseline_flat,defensive_isolation_node_steps,125,14.136,8,13.63956768,16,32,38.8,11.7998,16.6564
small_clinic,resource_constrained,basic_segmentation,weighted_service_hours_lost,125,209.1568,236.1,70.34110772,29,249.315,251.325,195.79641,220.698225
small_clinic,resource_constrained,basic_segmentation,pct_compromised,125,0.8486656957,0.9433962264,0.2757493953,0.075,0.9933333333,1,0.7962310858,0.8943883584
small_clinic,resource_constrained,basic_segmentation,catastrophic,125,0.912,1,0.2844349237,0,1,1,0.856,0.96
small_clinic,resource_constrained,basic_segmentation,total_service_downtime_steps,125,1107.168,1249,371.5340417,138,1315,1326.2,1035.8434,1168.2192
small_clinic,resource_constrained,basic_segmentation,backup_compromised,125,0.904,1,0.2957767249,0,1,1,0.848,0.952
small_clinic,resource_constrained,basic_segmentation,identity_compromised,125,0.912,1,0.2844349237,0,1,1,0.856,0.96
small_clinic,resource_constrained,basic_segmentation,recovered_within_horizon,125,0.216,0,0.4131702765,0,1,1,0.144,0.288
small_clinic,resource_constrained,basic_segmentation,pct_clinical_capacity_lost,125,0.8267132353,0.9322916667,0.2778513913,0.1205575981,0.984375,0.9906862745,0.7754528186,0.8722608456
small_clinic,resource_constrained,basic_segmentation,defensive_isolation_node_steps,125,26.264,24,19.81533456,22,48,62.4,22.696,29.6564
small_clinic,resource_constrained,detection_plus_backups,weighted_service_hours_lost,125,100.959,96.625,36.5978748,40.65,146.985,157.705,94.659515,107.29084
small_clinic,resource_constrained,detection_plus_backups,pct_compromised,125,0.836500555,0.8947368421,0.2051432469,0.0737425405,0.9328813559,0.947906404,0.7989217995,0.8707005187
small_clinic,resource_constrained,detection_plus_backups,catastrophic,125,0.944,1,0.2308469679,0,1,1,0.904,0.984
small_clinic,resource_constrained,detection_plus_backups,total_service_downtime_steps,125,522.928,500,188.7102308,209,760.8,814.8,490.2142,555.4262
small_clinic,resource_constrained,detection_plus_backups,backup_compromised,125,0.008,0,0.0894427191,0,0,0,0,0.024
small_clinic,resource_constrained,detection_plus_backups,identity_compromised,125,0.944,1,0.2308469679,0,1,1,0.904,0.984
small_clinic,resource_constrained,detection_plus_backups,recovered_within_horizon,125,0.992,1,0.0894427191,0,1,1,0.976,1
small_clinic,resource_constrained,detection_plus_backups,pct_clinical_capacity_lost,125,0.4442095588,0.4258578431,0.1607613832,0.1842830882,0.6493566176,0.6910845588,0.4163792892,0.4718764706
small_clinic,resource_constrained,detection_plus_backups,defensive_isolation_node_steps,125,33.624,32,22.50507613,32,64,72,29.592,37.6482
small_clinic,resource_constrained,fast_detection,weighted_service_hours_lost,125,164.6816,170.25,54.76795185,41.875,215.335,245.48,155.024245,173.898145
small_clinic,resource_constrained,fast_detection,pct_compromised,125,0.8698472319,0.9302325581,0.2387076639,0.0597902098,0.983220339,1,0.8258186597,0.9077677875
small_clinic,resource_constrained,fast_detection,catastrophic,125,0.928,1,0.2595281077,0,1,1,0.88,0.968
small_clinic,resource_constrained,fast_detection,total_service_downtime_steps,125,894.288,929,291.5858701,223,1159,1300,842.7358,943.6974
small_clinic,resource_constrained,fast_detection,backup_compromised,125,0.928,1,0.2595281077,0,1,1,0.88,0.968
small_clinic,resource_constrained,fast_detection,identity_compromised,125,0.92,1,0.2723849269,0,1,1,0.872,0.968
small_clinic,resource_constrained,fast_detection,recovered_within_horizon,125,0.8,1,0.4016096645,0,1,1,0.728,0.872
small_clinic,resource_constrained,fast_detection,pct_clinical_capacity_lost,125,0.6372205882,0.6553308824,0.2146464528,0.1648284313,0.8379289216,0.965379902,0.5992902574,0.6735835784
small_clinic,resource_constrained,fast_detection,defensive_isolation_node_steps,125,36.008,32,21.42146045,26,64,72,32.2878,39.6562
small_clinic,resource_constrained,full_defense,weighted_service_hours_lost,125,7.5022,1.3,15.53839775,9.4,21.06,37.02,5.03875,10.3182
small_clinic,resource_constrained,full_defense,pct_compromised,125,0.06891465003,0.03703703704,0.07769836646,0.06427304965,0.1789655172,0.2522349936,0.05592008625,0.08297152222
small_clinic,resource_constrained,full_defense,catastrophic,125,0.216,0,0.4131702765,0,1,1,0.144,0.288
small_clinic,resource_constrained,full_defense,total_service_downtime_steps,125,39.368,8,80.28693864,48,105.2,193.8,26.5592,54.0728
small_clinic,resource_constrained,full_defense,backup_compromised,125,0,0,0,0,0,0,0,0
small_clinic,resource_constrained,full_defense,identity_compromised,125,0.08,0,0.2723849269,0,0,1,0.04,0.128
small_clinic,resource_constrained,full_defense,recovered_within_horizon,125,1,1,0,0,1,1,1,1
small_clinic,resource_constrained,full_defense,pct_clinical_capacity_lost,125,0.03460294118,0,0.07115736414,0.03890931373,0.1137867647,0.1604779412,0.02313958333,0.04767061887
small_clinic,resource_constrained,full_defense,defensive_isolation_node_steps,125,27.84,24,27.51843957,32,60.8,88,23.04,32.704
small_clinic,resource_constrained,identity_controls,weighted_service_hours_lost,125,232.7084,243.1,34.17677803,19.15,249.98,252.595,225.96977,237.70049
small_clinic,resource_constrained,identity_controls,pct_compromised,125,0.9585114824,0.98,0.1231877745,0.0425531915,1,1,0.9337814783,0.9759036618
small_clinic,resource_constrained,identity_controls,catastrophic,125,0.984,1,0.1259800291,0,1,1,0.96,1
small_clinic,resource_constrained,identity_controls,total_service_downtime_steps,125,1235.784,1287,177.6025185,94,1323,1333.8,1200.7432,1261.3924
small_clinic,resource_constrained,identity_controls,backup_compromised,125,0.984,1,0.1259800291,0,1,1,0.96,1
small_clinic,resource_constrained,identity_controls,identity_compromised,125,0.984,1,0.1259800291,0,1,1,0.96,1
small_clinic,resource_constrained,identity_controls,recovered_within_horizon,125,0.184,0,0.3890434921,0,1,1,0.12,0.256
small_clinic,resource_constrained,identity_controls,pct_clinical_capacity_lost,125,0.9152426471,0.9581801471,0.1359314398,0.080882353,0.9850796569,0.9946384804,0.8885132659,0.9351132659
small_clinic,resource_constrained,identity_controls,defensive_isolation_node_steps,125,16.84,16,14.27800022,16,33.6,39.8,14.4238,19.4644
small_clinic,resource_constrained,isolated_backups,weighted_service_hours_lost,125,178.3474,188.825,47.14905134,69.75,222.91,224.545,170.300915,186.25144
small_clinic,resource_constrained,isolated_backups,pct_compromised,125,0.9063741478,0.94,0.162248294,0.0365217391,0.9626834382,0.9649122807,0.8772325705,0.9321861943
small_clinic,resource_constrained,isolated_backups,catastrophic,125,0.976,1,0.1536649056,0,1,1,0.944,1
small_clinic,resource_constrained,isolated_backups,total_service_downtime_steps,125,917.008,971,240.2153099,350,1142.6,1148.6,875.7474,957.3024
small_clinic,resource_constrained,isolated_backups,backup_compromised,125,0.008,0,0.0894427191,0,0,0,0,0.024
small_clinic,resource_constrained,isolated_backups,identity_compromised,125,0.968,1,0.1767082524,0,1,1,0.936,0.992
small_clinic,resource_constrained,isolated_backups,recovered_within_horizon,125,0.664,1,0.4742396291,1,1,1,0.5838,0.744
small_clinic,resource_constrained,isolated_backups,pct_clinical_capacity_lost,125,0.7854705882,0.8337928922,0.2083043432,0.3074448529,0.9849571078,0.9943627451,0.749574326,0.8191020833
small_clinic,resource_constrained,isolated_backups,defensive_isolation_node_steps,125,26.992,24,19.1688154,24,50.4,64,23.7754,30.3762
small_clinic,resource_constrained,least_privilege,weighted_service_hours_lost,125,132.88,162.55,89.43841141,176.175,237,245.02,117.21796,148.0245
small_clinic,resource_constrained,least_privilege,pct_compromised,125,0.4685030625,0.5172413793,0.314261376,0.5590515276,0.8684057971,0.9122529645,0.414108522,0.5238945146
small_clinic,resource_constrained,least_privilege,catastrophic,125,0.816,1,0.3890434921,0,1,1,0.744,0.88
small_clinic,resource_constrained,least_privilege,total_service_downtime_steps,125,699.944,861,473.8385172,930,1252.4,1293,617.9332,779.5404
small_clinic,resource_constrained,least_privilege,backup_compromised,125,0.656,1,0.4769526926,1,1,1,0.568,0.736
small_clinic,resource_constrained,least_privilege,identity_compromised,125,0.648,1,0.4795158849,1,1,1,0.56,0.728
small_clinic,resource_constrained,least_privilege,recovered_within_horizon,125,0.584,1,0.4948769805,1,1,1,0.504,0.672
small_clinic,resource_constrained,least_privilege,pct_clinical_capacity_lost,125,0.5448553922,0.6632965686,0.3562392074,0.6798406862,0.9382046569,0.9770833334,0.4827358456,0.605814277
small_clinic,resource_constrained,least_privilege,defensive_isolation_node_steps,125,60.992,56,38.65511192,56,113.8,128,54.2878,67.7606
small_clinic,resource_constrained,patch_90,weighted_service_hours_lost,125,205.2582,231.075,72.04763005,34.3,249.73,251.09,191.611405,216.90305
small_clinic,resource_constrained,patch_90,pct_compromised,125,0.8234389565,0.914893617,0.2773528177,0.0849802371,0.9780676329,0.980693816,0.7691540606,0.8695019544
small_clinic,resource_constrained,patch_90,catastrophic,125,0.904,1,0.2957767249,0,1,1,0.848,0.952
small_clinic,resource_constrained,patch_90,total_service_downtime_steps,125,1088.728,1221,380.480286,156,1317,1326.6,1016.8228,1150.3698
small_clinic,resource_constrained,patch_90,backup_compromised,125,0.904,1,0.2957767249,0,1,1,0.848,0.952
small_clinic,resource_constrained,patch_90,identity_compromised,125,0.888,1,0.3166355389,0,1,1,0.824,0.944
small_clinic,resource_constrained,patch_90,recovered_within_horizon,125,0.24,0,0.4288017814,0,1,1,0.168,0.3122
small_clinic,resource_constrained,patch_90,pct_clinical_capacity_lost,125,0.8122107843,0.9180453431,0.2844079112,0.1251531862,0.9844669117,0.9947916667,0.7583776348,0.8580749387
small_clinic,resource_constrained,patch_90,defensive_isolation_node_steps,125,32.992,32,22.76829148,32,64,72,29.2712,36.9042
small_clinic,resource_constrained,patch_plus_least_privilege,weighted_service_hours_lost,125,48.1856,15.275,65.6902826,75.525,150.98,211.55,37.258275,59.654935
small_clinic,resource_constrained,patch_plus_least_privilege,pct_compromised,125,0.1557231563,0.08510638298,0.1747447266,0.1724594505,0.4763636364,0.5450719823,0.1278394537,0.185595065
small_clinic,resource_constrained,patch_plus_least_privilege,catastrophic,125,0.504,1,0.5019960159,1,1,1,0.416,0.592
small_clinic,resource_constrained,patch_plus_least_privilege,total_service_downtime_steps,125,252.84,83,340.7951423,417,776,1089.4,196.9502,310.9134
small_clinic,resource_constrained,patch_plus_least_privilege,backup_compromised,125,0.184,0,0.3890434921,0,1,1,0.12,0.256
small_clinic,resource_constrained,patch_plus_least_privilege,identity_compromised,125,0.312,0,0.465174265,1,1,1,0.232,0.392
small_clinic,resource_constrained,patch_plus_least_privilege,recovered_within_horizon,125,0.856,1,0.3525025738,0,1,1,0.792,0.912
small_clinic,resource_constrained,patch_plus_least_privilege,pct_clinical_capacity_lost,125,0.208307598,0.06357230392,0.2818690365,0.306372549,0.665870098,0.9158700981,0.1614456801,0.2593331801
small_clinic,resource_constrained,patch_plus_least_privilege,defensive_isolation_node_steps,125,64.24,56,50.55313398,72,136,144,55.5998,73.2726
small_clinic,resource_constrained,profile_baseline,weighted_service_hours_lost,125,228.3572,243.025,48.78392345,22.975,251.9,252.915,219.116605,236.370975
small_clinic,resource_constrained,profile_baseline,pct_compromised,125,0.9413235309,0.9818181818,0.1905927778,0.0377358491,1,1,0.9038724422,0.9717972522
small_clinic,resource_constrained,profile_baseline,catastrophic,125,0.96,1,0.1967477507,0,1,1,0.92,0.992
small_clinic,resource_constrained,profile_baseline,total_service_downtime_steps,125,1212.216,1286,256.6182235,102,1330.6,1336,1163.192,1254.22
small_clinic,resource_constrained,profile_baseline,backup_compromised,125,0.96,1,0.1967477507,0,1,1,0.92,0.992
small_clinic,resource_constrained,profile_baseline,identity_compromised,125,0.96,1,0.1967477507,0,1,1,0.92,0.992
small_clinic,resource_constrained,profile_baseline,recovered_within_horizon,125,0.272,0,0.4467805985,1,1,1,0.192,0.352
small_clinic,resource_constrained,profile_baseline,pct_clinical_capacity_lost,125,0.8975269608,0.957567402,0.1924879075,0.0963541667,0.9908088235,0.9947916667,0.8611447917,0.9297093137
small_clinic,resource_constrained,profile_baseline,defensive_isolation_node_steps,125,15.848,16,12.61467144,16,32,39.8,13.608,18.08
small_clinic,resource_constrained,seg_detect_backup,weighted_service_hours_lost,125,74.2106,79.725,57.25599404,106,137.365,157.11,64.50966,84.428435
small_clinic,resource_constrained,seg_detect_backup,pct_compromised,125,0.5299059488,0.7358490566,0.3514989348,0.7420875421,0.8716666667,0.8877777778,0.468965385,0.590311593
small_clinic,resource_constrained,seg_detect_backup,catastrophic,125,0.744,1,0.438178046,1,1,1,0.664,0.824
small_clinic,resource_constrained,seg_detect_backup,total_service_downtime_steps,125,382.904,416,295.1224575,547,710.2,803.2,332.7188,435.1732
small_clinic,resource_constrained,seg_detect_backup,backup_compromised,125,0,0,0,0,0,0,0,0
small_clinic,resource_constrained,seg_detect_backup,identity_compromised,125,0.696,1,0.4618336525,1,1,1,0.616,0.776
small_clinic,resource_constrained,seg_detect_backup,recovered_within_horizon,125,0.992,1,0.0894427191,0,1,1,0.976,1
small_clinic,resource_constrained,seg_detect_backup,pct_clinical_capacity_lost,125,0.3311323529,0.3659620098,0.2514637414,0.4664522058,0.6061887255,0.6963541667,0.2886193015,0.3752170956
small_clinic,resource_constrained,seg_detect_backup,defensive_isolation_node_steps,125,36.08,32,27.28156651,32,76.8,88,31.3596,40.8336
small_clinic,resource_constrained,seg_plus_detection,weighted_service_hours_lost,125,99.6068,124.275,82.7352421,167.4,196.675,213.84,85.44609,113.55843
small_clinic,resource_constrained,seg_plus_detection,pct_compromised,125,0.5096568213,0.7209302326,0.3828836393,0.8069381599,0.9084175084,0.9212201592,0.4414409222,0.5723412971
small_clinic,resource_constrained,seg_plus_detection,catastrophic,125,0.68,1,0.4683533268,1,1,1,0.592,0.76
small_clinic,resource_constrained,seg_plus_detection,total_service_downtime_steps,125,536.568,680,445.6405201,911,1061,1150.2,459.7662,611.492
small_clinic,resource_constrained,seg_plus_detection,backup_compromised,125,0.576,1,0.4961789479,1,1,1,0.488,0.656
small_clinic,resource_constrained,seg_plus_detection,identity_compromised,125,0.64,1,0.4819315973,1,1,1,0.552,0.72
small_clinic,resource_constrained,seg_plus_detection,recovered_within_horizon,125,0.896,1,0.3064889621,0,1,1,0.84,0.944
small_clinic,resource_constrained,seg_plus_detection,pct_clinical_capacity_lost,125,0.3958762255,0.4914215686,0.3248984676,0.6617647058,0.7692095588,0.8432598039,0.3400984069,0.4504098039
small_clinic,resource_constrained,seg_plus_detection,defensive_isolation_node_steps,125,43.592,40,31.6849654,48,88,96,37.9278,49.1842
small_clinic,resource_constrained,seg_plus_patch,weighted_service_hours_lost,125,120.635,150.95,95.24700973,202.45,232.715,241.34,104.09504,137.70928
small_clinic,resource_constrained,seg_plus_patch,pct_compromised,125,0.4674056145,0.5636363636,0.3403930572,0.7218181818,0.8716666667,0.8965491651,0.4091135542,0.5273452948
small_clinic,resource_constrained,seg_plus_patch,catastrophic,125,0.736,1,0.4425731214,1,1,1,0.656,0.816
small_clinic,resource_constrained,seg_plus_patch,total_service_downtime_steps,125,636.96,794,503.6244985,1073,1229,1269.4,549.7082,727.587
small_clinic,resource_constrained,seg_plus_patch,backup_compromised,125,0.544,1,0.500064512,1,1,1,0.456,0.632
small_clinic,resource_constrained,seg_plus_patch,identity_compromised,125,0.648,1,0.4795158849,1,1,1,0.56,0.728
small_clinic,resource_constrained,seg_plus_patch,recovered_within_horizon,125,0.488,0,0.5018674803,1,1,1,0.4,0.576
small_clinic,resource_constrained,seg_plus_patch,pct_clinical_capacity_lost,125,0.4943492647,0.6026348039,0.3802587883,0.8177083333,0.9429534314,0.9720894608,0.4270061887,0.5619139399
small_clinic,resource_constrained,seg_plus_patch,defensive_isolation_node_steps,125,56.968,48,37.73612456,56,99,119.2,50.583,63.9368
