trial_id,experiment,master_seed,facility,profile,portfolio,entry_point,entry_node,n_nodes,n_edges,segmentation,patch_coverage,detection_delay,isolation_success,backup_strategy,identity_controls,rapid_isolation,total_compromised,pct_compromised,peak_compromised,zones_reached,lateral_movements,containment_step,backup_compromised,identity_compromised,ehr_downtime_steps,laboratory_downtime_steps,pharmacy_downtime_steps,imaging_downtime_steps,scheduling_downtime_steps,identity_downtime_steps,backup_recovery_downtime_steps,services_disrupted_count,total_service_downtime_steps,weighted_service_hours_lost,pct_clinical_capacity_lost,catastrophic,defensive_isolation_node_steps,recovery_step,recovered_within_horizon,pct_services_restored,unrecoverable_nodes,backups_available,steps_simulated,portfolio_cost
5000000,backup,20260713,small_clinic,resource_constrained,backup_connected,workstation,13,44,344,flat,0.25,24,0.5,connected,0,0,41,0.9318181818181818,41,10,46,109,1,1,151,157,155,166,184,149,156,7,1118,208.4,0.8154105392156871,1,24,175,1,0.8571428571428571,13,0,192,
5000001,backup,20260713,small_clinic,resource_constrained,backup_connected,internet_facing,40,42,326,flat,0.25,24,0.5,connected,0,0,42,1.0,42,10,46,-1,1,1,191,191,191,191,191,191,189,7,1335,252.775,0.9947916666666666,1,0,-1,0,0.0,12,0,192,
5000002,backup,20260713,small_clinic,resource_constrained,backup_connected,privileged_system,46,51,381,flat,0.25,24,0.5,connected,0,0,49,0.9607843137254902,49,10,59,95,1,1,147,158,151,170,192,147,156,7,1121,207.74999999999997,0.8092830882352949,1,24,187,1,0.8571428571428571,15,0,192,
5000003,backup,20260713,small_clinic,resource_constrained,backup_connected,medical_device,45,57,409,flat,0.25,24,0.5,connected,0,0,53,0.9298245614035088,53,10,62,150,1,1,187,190,190,190,190,187,187,7,1321,249.875,0.9849877450980394,1,16,-1,0,0.2857142857142857,16,0,192,
5000004,backup,20260713,small_clinic,resource_constrained,backup_connected,vendor_connection,39,40,310,flat,0.25,24,0.5,connected,0,0,40,1.0,40,10,45,-1,1,1,187,189,189,190,187,183,191,7,1316,248.85000000000002,0.9823835784313726,1,8,-1,0,0.0,11,0,192,
5000005,backup,20260713,small_clinic,resource_constrained,backup_connected,workstation,2,55,403,flat,0.25,24,0.5,connected,0,0,55,1.0,55,10,60,148,1,1,187,187,187,187,187,187,192,7,1314,248.52500000000003,0.9739583333333334,1,0,-1,0,0.0,16,0,192,
5000006,backup,20260713,small_clinic,resource_constrained,backup_connected,internet_facing,38,40,306,flat,0.25,24,0.5,connected,0,0,40,1.0,40,10,48,168,1,1,189,191,191,188,192,183,190,7,1324,250.20000000000005,0.9885110294117648,1,0,-1,0,0.0,11,0,192,
5000007,backup,20260713,small_clinic,resource_constrained,backup_connected,privileged_system,43,52,387,flat,0.25,24,0.5,connected,0,0,49,0.9423076923076923,49,10,53,103,1,1,148,159,155,170,192,143,162,7,1129,209.10000000000002,0.8175551470588244,1,13,-1,0,0.14285714285714285,15,0,192,
5000008,backup,20260713,small_clinic,resource_constrained,backup_connected,medical_device,32,50,369,flat,0.25,24,0.5,connected,0,0,49,0.98,49,10,58,120,1,1,162,171,166,182,190,162,176,7,1209,225.75000000000003,0.8817401960784323,1,16,185,1,0.8571428571428571,14,0,192,
5000009,backup,20260713,small_clinic,resource_constrained,backup_connected,vendor_connection,52,53,392,flat,0.25,24,0.5,connected,0,0,52,0.9811320754716981,52,10,53,185,1,1,187,189,186,191,186,186,192,7,1317,249.075,0.9793198529411765,1,8,-1,0,0.0,15,0,192,
5000010,backup,20260713,small_clinic,resource_constrained,backup_connected,workstation,0,43,340,flat,0.25,24,0.5,connected,0,0,41,0.9534883720930233,41,10,50,187,1,1,188,188,188,188,188,188,186,7,1314,248.80000000000004,0.9791666666666666,1,16,-1,0,0.0,14,0,192,
5000011,backup,20260713,small_clinic,resource_constrained,backup_connected,internet_facing,49,51,377,flat,0.25,24,0.5,connected,0,0,49,0.9607843137254902,49,10,54,162,1,1,184,182,192,181,180,177,180,7,1276,242.10000000000002,0.9636948529411765,1,32,-1,0,0.0,15,0,192,
5000012,backup,20260713,small_clinic,resource_constrained,backup_connected,privileged_system,46,56,412,flat,0.25,24,0.5,connected,0,0,56,1.0,56,10,62,171,1,1,192,192,192,192,192,192,189,7,1341,253.95000000000002,1.0,1,8,-1,0,0.0,16,0,192,
5000013,backup,20260713,small_clinic,resource_constrained,backup_connected,medical_device,28,44,343,flat,0.25,24,0.5,connected,0,0,42,0.9545454545454546,42,10,44,175,1,1,191,182,188,186,189,173,185,7,1294,244.57500000000002,0.9742647058823529,1,8,-1,0,0.0,13,0,192,
5000014,backup,20260713,small_clinic,resource_constrained,backup_connected,vendor_connection,50,51,383,flat,0.25,24,0.5,connected,0,0,51,1.0,51,10,58,-1,1,1,189,189,189,189,189,189,189,7,1323,250.425,0.984375,1,16,-1,0,0.0,15,0,192,
5000015,backup,20260713,small_clinic,resource_constrained,backup_connected,workstation,13,60,467,flat,0.25,24,0.5,connected,0,0,60,1.0,60,10,68,170,1,1,182,183,181,180,179,179,179,7,1263,239.35,0.9456188725490197,1,8,-1,0,0.0,18,0,192,
5000016,backup,20260713,small_clinic,resource_constrained,backup_connected,internet_facing,50,52,379,flat,0.25,24,0.5,connected,0,0,51,0.9807692307692307,51,10,58,-1,1,1,192,192,192,192,192,192,187,7,1339,253.65000000000003,1.0,1,16,-1,0,0.0,14,0,192,
5000017,backup,20260713,small_clinic,resource_constrained,backup_connected,privileged_system,45,50,384,flat,0.25,24,0.5,connected,0,0,50,1.0,50,10,51,-1,1,1,192,192,192,192,192,192,191,7,1343,254.25000000000003,1.0,1,16,-1,0,0.0,15,0,192,
5000018,backup,20260713,small_clinic,resource_constrained,backup_connected,medical_device,35,52,384,flat,0.25,24,0.5,connected,0,0,51,0.9807692307692307,51,10,58,159,1,1,184,189,184,185,184,184,186,7,1296,245.27500000000003,0.965533088235294,1,0,-1,0,0.0,15,0,192,
5000019,backup,20260713,small_clinic,resource_constrained,backup_connected,vendor_connection,39,40,305,flat,0.25,24,0.5,connected,0,0,39,0.975,39,10,40,93,1,1,131,141,135,146,173,126,141,7,993,183.675,0.7161458333333336,1,40,150,1,1.0,11,0,192,
5000020,backup,20260713,small_clinic,resource_constrained,backup_connected,workstation,10,42,325,flat,0.25,24,0.5,connected,0,0,42,1.0,42,10,49,85,1,1,124,132,128,140,179,124,137,7,964,177.05,0.6783088235294121,1,16,146,1,1.0,13,0,192,
5000021,backup,20260713,small_clinic,resource_constrained,backup_connected,internet_facing,51,53,396,flat,0.25,24,0.5,connected,0,0,52,0.9811320754716981,52,10,70,155,1,1,192,192,192,192,192,192,190,7,1342,254.10000000000002,1.0,1,8,-1,0,0.0,16,0,192,
5000022,backup,20260713,small_clinic,resource_constrained,backup_connected,privileged_system,25,48,365,flat,0.25,24,0.5,connected,0,0,48,1.0,48,10,49,-1,1,1,185,192,191,190,189,179,187,7,1313,248.10000000000002,0.9857536764705882,1,16,-1,0,0.0,14,0,192,
5000023,backup,20260713,small_clinic,resource_constrained,backup_connected,medical_device,30,42,337,flat,0.25,24,0.5,connected,0,0,42,1.0,42,10,48,179,1,1,189,189,189,189,189,189,189,7,1323,250.425,0.984375,1,0,-1,0,0.0,14,0,192,
5000024,backup,20260713,small_clinic,resource_constrained,backup_connected,vendor_connection,47,48,373,flat,0.25,24,0.5,connected,0,0,48,1.0,48,10,53,158,1,1,188,187,187,187,187,187,177,7,1300,246.52500000000003,0.9754901960784315,1,16,-1,0,0.0,15,0,192,
5000025,backup,20260713,small_clinic,resource_constrained,backup_periodic,workstation,14,52,387,flat,0.25,24,0.5,periodic,0,0,52,1.0,52,10,56,175,1,1,189,186,185,184,187,182,184,7,1297,245.525,0.9698223039215685,1,0,-1,0,0.0,15,0,192,
5000026,backup,20260713,small_clinic,resource_constrained,backup_periodic,internet_facing,43,45,344,flat,0.25,24,0.5,periodic,0,0,44,0.9777777777777777,44,10,53,164,1,1,190,190,190,190,190,190,192,7,1332,252.05,0.9895833333333334,1,16,-1,0,0.0,13,0,192,
5000027,backup,20260713,small_clinic,resource_constrained,backup_periodic,privileged_system,35,40,307,flat,0.25,24,0.5,periodic,0,0,39,0.975,39,10,45,163,1,1,192,192,192,192,192,192,180,7,1332,252.60000000000002,1.0,1,0,-1,0,0.0,11,0,192,
5000028,backup,20260713,small_clinic,resource_constrained,backup_periodic,medical_device,29,43,320,flat,0.25,24,0.5,periodic,0,0,41,0.9534883720930233,41,10,44,190,1,1,186,187,187,187,187,186,180,7,1300,246.25,0.9724264705882352,1,8,-1,0,0.0,12,0,192,
5000029,backup,20260713,small_clinic,resource_constrained,backup_periodic,vendor_connection,51,52,369,flat,0.25,24,0.5,periodic,0,0,49,0.9423076923076923,49,10,56,157,1,1,192,192,192,192,192,192,189,7,1341,253.95000000000002,1.0,1,24,-1,0,0.0,14,0,192,
5000030,backup,20260713,small_clinic,resource_constrained,backup_periodic,workstation,5,46,348,flat,0.25,24,0.5,periodic,0,0,46,1.0,46,10,59,-1,1,1,188,188,190,188,188,188,186,7,1316,249.25000000000003,0.9819240196078431,1,8,-1,0,0.0,14,0,192,
5000031,backup,20260713,small_clinic,resource_constrained,backup_periodic,internet_facing,52,54,397,flat,0.25,24,0.5,periodic,0,0,53,0.9814814814814815,53,10,60,127,1,1,164,176,168,188,189,164,182,7,1231,230.00000000000003,0.9001225490196086,1,16,191,1,0.8571428571428571,15,0,192,
5000032,backup,20260713,small_clinic,resource_constrained,backup_periodic,privileged_system,35,42,333,flat,0.25,24,0.5,periodic,0,0,42,1.0,42,10,51,137,1,1,180,188,184,191,192,180,191,7,1306,245.775,0.9646139705882356,1,32,-1,0,0.5714285714285714,13,0,192,
5000033,backup,20260713,small_clinic,resource_constrained,backup_periodic,medical_device,38,52,372,flat,0.25,24,0.5,periodic,0,0,51,0.9807692307692307,51,10,55,164,1,1,189,187,192,187,187,187,184,7,1313,248.95000000000002,0.9839154411764706,1,24,-1,0,0.0,14,0,192,
5000034,backup,20260713,small_clinic,resource_constrained,backup_periodic,vendor_connection,47,48,364,flat,0.25,24,0.5,periodic,0,0,46,0.9583333333333334,46,10,53,140,1,1,183,191,187,192,191,183,190,7,1317,248.4,0.9780943627450981,1,20,-1,0,0.42857142857142855,14,0,192,
5000035,backup,20260713,small_clinic,resource_constrained,backup_periodic,workstation,0,44,344,flat,0.25,24,0.5,periodic,0,0,43,0.9772727272727273,43,10,46,144,1,1,164,168,168,168,168,164,172,7,1172,221.30000000000004,0.8688725490196081,1,40,-1,0,0.2857142857142857,14,0,192,
5000036,backup,20260713,small_clinic,resource_constrained,backup_periodic,internet_facing,55,58,422,flat,0.25,24,0.5,periodic,0,0,56,0.9655172413793104,56,10,62,179,1,1,187,186,186,186,186,186,182,7,1299,246.10000000000002,0.9702818627450981,1,8,-1,0,0.0,16,0,192,
5000037,backup,20260713,small_clinic,resource_constrained,backup_periodic,privileged_system,41,51,374,flat,0.25,24,0.5,periodic,0,0,50,0.9803921568627451,50,10,55,126,1,1,166,158,165,173,192,158,168,7,1180,220.45,0.8609068627450988,1,11,186,1,0.8571428571428571,13,0,192,
5000038,backup,20260713,small_clinic,resource_constrained,backup_periodic,medical_device,44,55,398,flat,0.25,24,0.5,periodic,0,0,54,0.9818181818181818,54,10,63,-1,1,1,190,190,190,191,190,190,190,7,1331,251.925,0.9906556372549019,1,16,-1,0,0.0,15,0,192,
5000039,backup,20260713,small_clinic,resource_constrained,backup_periodic,vendor_connection,51,52,374,flat,0.25,24,0.5,periodic,0,0,51,0.9807692307692307,51,10,56,149,1,1,191,191,191,191,191,191,190,7,1336,252.925,0.9947916666666666,1,16,-1,0,0.0,14,0,192,
5000040,backup,20260713,small_clinic,resource_constrained,backup_periodic,workstation,14,43,337,flat,0.25,24,0.5,periodic,0,0,42,0.9767441860465116,42,10,51,100,1,1,138,146,150,154,186,138,81,7,993,186.20000000000002,0.7622549019607844,1,24,186,1,0.8571428571428571,13,0,192,
5000041,backup,20260713,small_clinic,resource_constrained,backup_periodic,internet_facing,40,42,325,flat,0.25,24,0.5,periodic,0,0,40,0.9523809523809523,40,10,52,140,1,1,182,190,186,190,190,182,186,7,1306,246.45000000000002,0.9718137254901963,1,8,-1,0,0.42857142857142855,13,0,192,
5000042,backup,20260713,small_clinic,resource_constrained,backup_periodic,privileged_system,1,60,427,flat,0.25,24,0.5,periodic,0,0,57,0.95,57,10,66,123,1,1,172,177,167,180,184,166,168,7,1214,228.42499999999998,0.9036458333333339,1,55,188,1,0.8571428571428571,16,0,192,
5000043,backup,20260713,small_clinic,resource_constrained,backup_periodic,medical_device,39,60,452,flat,0.25,24,0.5,periodic,0,0,60,1.0,60,10,71,118,1,1,151,165,155,181,189,151,166,7,1158,215.07500000000002,0.8412990196078441,1,24,186,1,0.8571428571428571,18,0,192,
5000044,backup,20260713,small_clinic,resource_constrained,backup_periodic,vendor_connection,59,60,446,flat,0.25,24,0.5,periodic,0,0,60,1.0,60,10,67,158,1,1,189,189,189,189,192,189,189,7,1326,250.72500000000002,0.984375,1,0,-1,0,0.0,17,0,192,
5000045,backup,20260713,small_clinic,resource_constrained,backup_periodic,workstation,8,47,356,flat,0.25,24,0.5,periodic,0,0,45,0.9574468085106383,45,10,52,136,1,1,175,183,182,187,187,175,151,7,1240,234.75,0.9437806372549025,1,16,-1,0,0.5714285714285714,14,0,192,
5000046,backup,20260713,small_clinic,resource_constrained,backup_periodic,internet_facing,40,42,323,flat,0.25,24,0.5,periodic,0,0,41,0.9761904761904762,41,10,45,143,1,1,180,190,184,190,189,180,185,7,1298,244.8,0.9659926470588238,1,8,-1,0,0.5714285714285714,12,0,192,
5000047,backup,20260713,small_clinic,resource_constrained,backup_periodic,privileged_system,46,54,396,flat,0.25,24,0.5,periodic,0,0,52,0.9629629629629629,52,10,58,84,1,1,119,130,122,140,187,118,137,7,953,173.50000000000003,0.659926470588235,1,24,148,1,1.0,15,0,192,
5000048,backup,20260713,small_clinic,resource_constrained,backup_periodic,medical_device,31,48,365,flat,0.25,24,0.5,periodic,0,0,1,0.020833333333333332,1,1,0,6,0,0,0,0,0,0,0,0,0,0,0,0.0,0.0,0,8,0,1,1.0,0,1,10,
5000049,backup,20260713,small_clinic,resource_constrained,backup_periodic,vendor_connection,48,49,378,flat,0.25,24,0.5,periodic,0,0,48,0.9795918367346939,48,10,59,121,1,1,165,177,169,189,192,165,183,7,1240,231.52499999999998,0.905330882352942,1,8,190,1,0.8571428571428571,15,0,192,
5000050,backup,20260713,small_clinic,resource_constrained,backup_isolated,workstation,14,53,378,flat,0.25,24,0.5,isolated,0,0,51,0.9622641509433962,51,9,58,142,0,1,142,144,153,146,156,141,0,6,882,171.6,0.761488970588235,1,11,191,1,1.0,0,1,192,
5000051,backup,20260713,small_clinic,resource_constrained,backup_isolated,internet_facing,38,40,304,flat,0.25,24,0.5,isolated,0,0,37,0.925,37,9,40,117,0,1,117,124,121,124,130,117,0,6,733,142.3,0.6309742647058824,1,24,131,1,1.0,0,1,155,
5000052,backup,20260713,small_clinic,resource_constrained,backup_isolated,privileged_system,36,44,330,flat,0.25,24,0.5,isolated,0,0,41,0.9318181818181818,41,9,46,124,0,1,131,128,132,131,146,118,0,6,786,152.125,0.6799938725490198,1,40,139,1,1.0,0,1,171,
5000053,backup,20260713,small_clinic,resource_constrained,backup_isolated,medical_device,35,46,340,flat,0.25,24,0.5,isolated,0,0,43,0.9347826086956522,43,9,50,-1,0,1,179,179,179,179,179,179,8,7,1082,211.525,0.9322916666666666,1,24,-1,0,0.14285714285714285,0,1,192,
5000054,backup,20260713,small_clinic,resource_constrained,backup_isolated,vendor_connection,42,43,310,flat,0.25,24,0.5,isolated,0,0,41,0.9534883720930233,41,9,45,178,0,1,183,186,184,187,191,183,8,7,1122,218.54999999999998,0.9624693627450983,1,8,192,1,0.8571428571428571,0,1,192,
5000055,backup,20260713,small_clinic,resource_constrained,backup_isolated,workstation,2,50,368,flat,0.25,24,0.5,isolated,0,0,47,0.94,47,9,52,145,0,1,144,148,145,152,163,144,24,7,920,177.125,0.7648590686274511,1,40,160,1,1.0,0,1,192,
5000056,backup,20260713,small_clinic,resource_constrained,backup_isolated,internet_facing,42,44,307,flat,0.25,24,0.5,isolated,0,0,42,0.9545454545454546,42,9,45,-1,0,1,191,191,191,191,191,191,0,6,1146,224.425,0.9947916666666666,1,0,-1,0,0.14285714285714285,0,1,192,
5000057,backup,20260713,small_clinic,resource_constrained,backup_isolated,privileged_system,42,50,341,flat,0.25,24,0.5,isolated,0,0,47,0.94,47,9,52,-1,0,1,189,189,188,191,191,186,8,7,1142,222.925,0.9851409313725491,1,16,-1,0,0.14285714285714285,0,1,192,
5000058,backup,20260713,small_clinic,resource_constrained,backup_isolated,medical_device,46,60,407,flat,0.25,24,0.5,isolated,0,0,58,0.9666666666666667,58,9,67,177,0,1,184,187,185,189,190,184,8,7,1127,219.7,0.9687500000000001,1,8,192,1,0.8571428571428571,0,1,192,
5000059,backup,20260713,small_clinic,resource_constrained,backup_isolated,vendor_connection,44,45,323,flat,0.25,24,0.5,isolated,0,0,41,0.9111111111111111,41,9,43,154,0,1,160,162,161,163,175,160,8,7,989,191.85,0.8403799019607844,1,33,168,1,1.0,0,1,192,
5000060,backup,20260713,small_clinic,resource_constrained,backup_isolated,workstation,11,54,374,flat,0.25,24,0.5,isolated,0,0,2,0.037037037037037035,2,1,1,55,0,0,0,0,0,0,0,0,0,0,0,0.0,0.0,0,8,0,1,1.0,0,1,58,
5000061,backup,20260713,small_clinic,resource_constrained,backup_isolated,internet_facing,46,48,345,flat,0.25,24,0.5,isolated,0,0,45,0.9375,45,9,49,126,0,1,134,136,136,138,148,134,16,7,842,162.80000000000004,0.7074142156862746,1,56,140,1,1.0,0,1,179,
5000062,backup,20260713,small_clinic,resource_constrained,backup_isolated,privileged_system,49,60,411,flat,0.25,24,0.5,isolated,0,0,57,0.95,57,9,65,-1,0,1,192,192,192,192,192,192,0,6,1152,225.60000000000002,1.0,1,8,-1,0,0.14285714285714285,0,1,192,
5000063,backup,20260713,small_clinic,resource_constrained,backup_isolated,medical_device,36,57,409,flat,0.25,24,0.5,isolated,0,0,54,0.9473684210526315,54,9,59,125,0,1,129,138,131,138,146,126,0,6,808,156.42499999999998,0.6953125000000003,1,32,144,1,1.0,0,1,174,
5000064,backup,20260713,small_clinic,resource_constrained,backup_isolated,vendor_connection,54,55,397,flat,0.25,24,0.5,isolated,0,0,52,0.9454545454545454,52,9,56,-1,0,1,188,188,188,188,189,188,16,7,1145,223.40000000000003,0.9791666666666666,1,24,-1,0,0.14285714285714285,0,1,192,
5000065,backup,20260713,small_clinic,resource_constrained,backup_isolated,workstation,2,58,396,flat,0.25,24,0.5,isolated,0,0,53,0.9137931034482759,53,9,57,-1,0,1,186,184,184,188,184,184,0,6,1110,217.40000000000003,0.9656862745098039,1,16,-1,0,0.14285714285714285,0,1,192,
5000066,backup,20260713,small_clinic,resource_constrained,backup_isolated,internet_facing,46,48,344,flat,0.25,24,0.5,isolated,0,0,46,0.9583333333333334,46,9,47,-1,0,1,188,188,188,188,188,188,8,7,1136,222.10000000000002,0.9791666666666666,1,8,-1,0,0.14285714285714285,0,1,192,
5000067,backup,20260713,small_clinic,resource_constrained,backup_isolated,privileged_system,38,46,331,flat,0.25,24,0.5,isolated,0,0,43,0.9347826086956522,43,9,46,154,0,1,169,173,170,173,182,169,0,6,1036,201.6,0.89077818627451,1,48,185,1,1.0,0,1,192,
5000068,backup,20260713,small_clinic,resource_constrained,backup_isolated,medical_device,35,52,381,flat,0.25,24,0.5,isolated,0,0,49,0.9423076923076923,49,9,51,170,0,1,174,177,175,180,186,174,8,7,1074,208.725,0.9177389705882355,1,37,187,1,0.8571428571428571,0,1,192,
5000069,backup,20260713,small_clinic,resource_constrained,backup_isolated,vendor_connection,54,55,379,flat,0.25,24,0.5,isolated,0,0,51,0.9272727272727272,51,9,56,113,0,1,118,120,129,123,136,118,8,7,752,145.4,0.6375612745098039,1,64,175,1,1.0,0,1,178,
5000070,backup,20260713,small_clinic,resource_constrained,backup_isolated,workstation,1,59,415,flat,0.25,24,0.5,isolated,0,0,56,0.9491525423728814,56,9,66,190,0,1,184,186,181,180,184,179,23,7,1117,217.55,0.9523590686274509,1,47,-1,0,0.0,0,1,192,
5000071,backup,20260713,small_clinic,resource_constrained,backup_isolated,internet_facing,58,60,425,flat,0.25,24,0.5,isolated,0,0,57,0.95,57,9,68,-1,0,1,189,189,189,189,189,189,0,6,1134,222.07500000000002,0.984375,1,16,-1,0,0.14285714285714285,0,1,192,
5000072,backup,20260713,small_clinic,resource_constrained,backup_isolated,privileged_system,39,46,340,flat,0.25,24,0.5,isolated,0,0,43,0.9347826086956522,43,9,52,186,0,1,185,185,185,185,188,185,8,7,1121,218.875,0.9635416666666666,1,24,-1,0,0.14285714285714285,0,1,192,
5000073,backup,20260713,small_clinic,resource_constrained,backup_isolated,medical_device,40,56,387,flat,0.25,24,0.5,isolated,0,0,52,0.9285714285714286,52,9,60,-1,0,1,163,164,168,163,166,163,8,7,995,194.35000000000002,0.8570772058823529,1,16,-1,0,0.14285714285714285,0,1,192,
5000074,backup,20260713,small_clinic,resource_constrained,backup_isolated,vendor_connection,42,43,313,flat,0.25,24,0.5,isolated,0,0,41,0.9534883720930233,41,9,48,149,0,1,158,158,159,167,167,156,0,6,965,187.89999999999998,0.8339460784313731,1,14,182,1,1.0,0,1,192,
5000075,backup,20260713,small_clinic,intermediate_capacity,backup_connected,workstation,12,47,364,flat,0.5,12,0.7,connected,0,0,43,0.9148936170212766,43,10,44,127,1,1,160,166,162,178,183,158,172,7,1179,220.45000000000005,0.8627450980392166,1,42,188,1,0.7142857142857143,13,0,192,
5000076,backup,20260713,small_clinic,intermediate_capacity,backup_connected,internet_facing,58,60,444,flat,0.5,12,0.7,connected,0,0,55,0.9166666666666666,55,10,60,78,1,1,111,121,114,137,172,111,115,7,881,161.0,0.622395833333333,1,72,143,1,1.0,17,0,192,
5000077,backup,20260713,small_clinic,intermediate_capacity,backup_connected,privileged_system,34,42,338,flat,0.5,12,0.7,connected,0,0,37,0.8809523809523809,37,10,41,58,1,1,98,106,102,120,149,98,123,7,796,145.05,0.5493259803921565,1,48,123,1,1.0,14,0,192,
5000078,backup,20260713,small_clinic,intermediate_capacity,backup_connected,medical_device,43,56,427,flat,0.5,12,0.7,connected,0,0,49,0.875,49,10,48,93,1,1,120,131,127,144,177,120,139,7,958,175.525,0.6738664215686275,1,50,152,1,1.0,14,0,192,
5000079,backup,20260713,small_clinic,intermediate_capacity,backup_connected,vendor_connection,46,47,358,flat,0.5,12,0.7,connected,0,0,42,0.8936170212765957,42,10,42,73,1,1,113,121,127,117,168,113,131,7,890,163.375,0.6219362745098039,1,72,150,1,1.0,13,0,192,
5000080,backup,20260713,small_clinic,intermediate_capacity,backup_connected,workstation,16,49,378,flat,0.5,12,0.7,connected,0,0,42,0.8571428571428571,42,10,43,125,1,1,163,177,164,184,183,160,179,7,1210,226.4,0.8900122549019612,1,24,-1,0,0.7142857142857143,15,0,192,
5000081,backup,20260713,small_clinic,intermediate_capacity,backup_connected,internet_facing,58,60,430,flat,0.5,12,0.7,connected,0,0,48,0.8,48,10,51,127,1,1,159,169,159,161,187,159,173,7,1167,217.92499999999998,0.8425245098039222,1,104,175,1,0.8571428571428571,14,0,192,
5000082,backup,20260713,small_clinic,intermediate_capacity,backup_connected,privileged_system,36,41,314,flat,0.5,12,0.7,connected,0,0,39,0.9512195121951219,39,10,43,59,1,1,99,107,103,115,147,99,118,7,788,144.125,0.5481004901960782,1,16,116,1,1.0,12,0,192,
5000083,backup,20260713,small_clinic,intermediate_capacity,backup_connected,medical_device,33,51,385,flat,0.5,12,0.7,connected,0,0,43,0.8431372549019608,43,10,44,95,1,1,133,143,136,155,189,132,142,7,1030,189.475,0.7326899509803927,1,88,168,1,0.8571428571428571,14,0,192,
5000084,backup,20260713,small_clinic,intermediate_capacity,backup_connected,vendor_connection,44,45,333,flat,0.5,12,0.7,connected,0,0,40,0.8888888888888888,40,10,43,110,1,1,154,162,158,169,188,154,160,7,1145,213.47500000000002,0.8334865196078437,1,64,174,1,0.8571428571428571,12,0,192,
5000085,backup,20260713,small_clinic,intermediate_capacity,backup_connected,workstation,16,49,377,flat,0.5,12,0.7,connected,0,0,37,0.7551020408163265,37,10,40,88,1,1,119,112,124,136,165,112,128,7,896,164.75,0.6363357843137253,1,96,149,1,1.0,13,0,192,
5000086,backup,20260713,small_clinic,intermediate_capacity,backup_connected,internet_facing,40,42,333,flat,0.5,12,0.7,connected,0,0,37,0.8809523809523809,37,10,39,130,1,1,157,165,161,186,191,157,172,7,1189,221.25,0.8641237745098048,1,8,187,1,0.8571428571428571,11,0,192,
5000087,backup,20260713,small_clinic,intermediate_capacity,backup_connected,privileged_system,5,48,376,flat,0.5,12,0.7,connected,0,0,41,0.8541666666666666,41,10,40,99,1,1,144,155,146,145,182,133,160,7,1065,197.35,0.7673100490196084,1,36,-1,0,0.14285714285714285,13,0,192,
5000088,backup,20260713,small_clinic,intermediate_capacity,backup_connected,medical_device,46,59,443,flat,0.5,12,0.7,connected,0,0,1,0.01694915254237288,1,1,0,5,0,0,0,0,0,0,0,0,0,0,0,0.0,0.0,0,8,0,1,1.0,0,1,12,
5000089,backup,20260713,small_clinic,intermediate_capacity,backup_connected,vendor_connection,47,48,357,flat,0.5,12,0.7,connected,0,0,37,0.7708333333333334,37,10,38,96,1,1,129,136,138,156,189,120,148,7,1016,185.89999999999998,0.7218137254901968,1,73,188,1,0.8571428571428571,12,0,192,
5000090,backup,20260713,small_clinic,intermediate_capacity,backup_connected,workstation,13,42,336,flat,0.5,12,0.7,connected,0,0,36,0.8571428571428571,36,10,37,72,1,1,109,119,113,129,165,109,117,7,861,157.625,0.6069240196078428,1,56,133,1,1.0,13,0,192,
5000091,backup,20260713,small_clinic,intermediate_capacity,backup_connected,internet_facing,50,52,378,flat,0.5,12,0.7,connected,0,0,47,0.9038461538461539,47,10,50,81,1,1,121,128,125,140,178,121,127,7,940,172.55,0.664675245098039,1,32,144,1,1.0,14,0,192,
5000092,backup,20260713,small_clinic,intermediate_capacity,backup_connected,privileged_system,43,51,388,flat,0.5,12,0.7,connected,0,0,47,0.9215686274509803,47,10,47,74,1,1,110,114,115,136,174,103,124,7,876,159.15,0.6125919117647056,1,40,142,1,1.0,15,0,192,
5000093,backup,20260713,small_clinic,intermediate_capacity,backup_connected,medical_device,45,56,420,flat,0.5,12,0.7,connected,0,0,48,0.8571428571428571,48,10,49,128,1,1,133,143,134,159,180,133,154,7,1036,190.85,0.7342218137254909,1,54,187,1,0.8571428571428571,14,0,192,
5000094,backup,20260713,small_clinic,intermediate_capacity,backup_connected,vendor_connection,58,59,418,flat,0.5,12,0.7,connected,0,0,55,0.9322033898305084,55,10,59,64,1,1,94,106,105,117,151,90,115,7,778,141.4,0.5441176470588233,1,64,189,1,1.0,15,0,192,
5000095,backup,20260713,small_clinic,intermediate_capacity,backup_connected,workstation,4,58,448,flat,0.5,12,0.7,connected,0,0,49,0.8448275862068966,49,10,52,92,1,1,122,132,127,149,177,118,142,7,967,177.10000000000002,0.6835171568627457,1,40,156,1,1.0,16,0,192,
5000096,backup,20260713,small_clinic,intermediate_capacity,backup_connected,internet_facing,43,45,355,flat,0.5,12,0.7,connected,0,0,40,0.8888888888888888,40,10,46,109,1,1,145,153,143,159,186,139,151,7,1076,199.37500000000003,0.777267156862746,1,32,166,1,0.8571428571428571,13,0,192,
5000097,backup,20260713,small_clinic,intermediate_capacity,backup_connected,privileged_system,39,48,368,flat,0.5,12,0.7,connected,0,0,42,0.875,42,10,43,96,1,1,133,113,125,142,184,97,127,7,921,168.1,0.6668198529411761,1,78,-1,0,0.7142857142857143,13,0,192,
5000098,backup,20260713,small_clinic,intermediate_capacity,backup_connected,medical_device,39,59,439,flat,0.5,12,0.7,connected,0,0,52,0.8813559322033898,52,10,53,114,1,1,127,159,150,152,179,112,152,7,1031,189.79999999999998,0.7591911764705893,1,29,173,1,0.8571428571428571,16,0,192,
5000099,backup,20260713,small_clinic,intermediate_capacity,backup_connected,vendor_connection,46,47,359,flat,0.5,12,0.7,connected,0,0,44,0.9361702127659575,44,10,46,56,1,1,103,112,110,126,153,99,104,7,807,148.125,0.5818014705882351,1,10,137,1,0.8571428571428571,14,0,192,
5000100,backup,20260713,small_clinic,intermediate_capacity,backup_periodic,workstation,7,48,369,flat,0.5,12,0.7,periodic,0,0,47,0.9791666666666666,47,10,48,104,1,1,141,149,149,161,185,141,162,7,1088,201.275,0.7766544117647068,1,48,169,1,0.8571428571428571,14,0,192,
5000101,backup,20260713,small_clinic,intermediate_capacity,backup_periodic,internet_facing,56,58,443,flat,0.5,12,0.7,periodic,0,0,56,0.9655172413793104,56,10,58,117,1,1,155,166,162,180,192,155,155,7,1165,217.22500000000002,0.8572303921568639,1,16,181,1,0.8571428571428571,16,0,192,
5000102,backup,20260713,small_clinic,intermediate_capacity,backup_periodic,privileged_system,39,44,336,flat,0.5,12,0.7,periodic,0,0,38,0.8636363636363636,38,10,40,121,1,1,165,173,169,185,192,165,168,7,1217,227.77499999999998,0.8961397058823538,1,24,186,1,0.8571428571428571,13,0,192,
5000103,backup,20260713,small_clinic,intermediate_capacity,backup_periodic,medical_device,30,46,350,flat,0.5,12,0.7,periodic,0,0,37,0.8043478260869565,37,10,42,50,1,1,91,101,98,85,137,85,92,7,689,126.5,0.48943014705882354,1,80,165,1,1.0,11,0,192,
5000104,backup,20260713,small_clinic,intermediate_capacity,backup_periodic,vendor_connection,44,45,350,flat,0.5,12,0.7,periodic,0,0,40,0.8888888888888888,40,10,41,99,1,1,135,120,131,132,168,112,139,7,937,173.17499999999998,0.676011029411765,1,16,156,1,1.0,13,0,192,
5000105,backup,20260713,small_clinic,intermediate_capacity,backup_periodic,workstation,21,56,408,flat,0.5,12,0.7,periodic,0,0,49,0.875,49,10,51,77,1,1,109,106,99,125,153,96,130,7,818,149.0,0.5674019607843133,1,90,162,1,1.0,15,0,192,
5000106,backup,20260713,small_clinic,intermediate_capacity,backup_periodic,internet_facing,55,57,432,flat,0.5,12,0.7,periodic,0,0,53,0.9298245614035088,53,10,57,-1,1,1,183,181,187,185,188,134,131,7,1189,225.00000000000003,0.9583333333333334,1,24,-1,0,0.0,17,0,192,
5000107,backup,20260713,small_clinic,intermediate_capacity,backup_periodic,privileged_system,41,51,373,flat,0.5,12,0.7,periodic,0,0,43,0.8431372549019608,43,9,46,100,0,1,103,106,105,108,124,101,24,7,671,128.2,0.5482536764705882,1,48,114,1,1.0,0,1,144,
5000108,backup,20260713,small_clinic,intermediate_capacity,backup_periodic,medical_device,42,55,402,flat,0.5,12,0.7,periodic,0,0,52,0.9454545454545454,52,10,58,100,1,1,139,146,143,157,189,139,153,7,1066,196.725,0.7573529411764715,1,32,163,1,0.8571428571428571,15,0,192,
5000109,backup,20260713,small_clinic,intermediate_capacity,backup_periodic,vendor_connection,39,40,312,flat,0.5,12,0.7,periodic,0,0,38,0.95,38,10,37,71,1,1,102,112,111,126,146,102,112,7,811,149.275,0.5816482843137252,1,36,-1,0,0.8571428571428571,12,0,192,
5000110,backup,20260713,small_clinic,intermediate_capacity,backup_periodic,workstation,7,41,310,flat,0.5,12,0.7,periodic,0,0,35,0.8536585365853658,35,10,36,43,1,1,75,83,79,91,119,75,89,7,611,111.175,0.4231004901960782,1,64,96,1,1.0,10,0,184,
5000111,backup,20260713,small_clinic,intermediate_capacity,backup_periodic,internet_facing,41,43,340,flat,0.5,12,0.7,periodic,0,0,38,0.8837209302325582,38,10,40,96,1,1,127,138,127,140,178,123,117,7,950,175.45000000000002,0.6888786764705888,1,24,149,1,1.0,11,0,192,
5000112,backup,20260713,small_clinic,intermediate_capacity,backup_periodic,privileged_system,39,45,359,flat,0.5,12,0.7,periodic,0,0,38,0.8444444444444444,38,9,39,76,0,1,94,96,95,98,106,94,0,6,583,112.975,0.49770220588235287,1,32,108,1,1.0,0,1,115,
5000113,backup,20260713,small_clinic,intermediate_capacity,backup_periodic,medical_device,30,45,350,flat,0.5,12,0.7,periodic,0,0,35,0.7777777777777778,35,9,38,165,0,1,167,172,168,171,180,167,0,6,1025,199.45,0.8815870098039217,1,32,180,1,1.0,0,1,192,
5000114,backup,20260713,small_clinic,intermediate_capacity,backup_periodic,vendor_connection,57,58,425,flat,0.5,12,0.7,periodic,0,0,53,0.9137931034482759,53,10,56,164,1,1,186,186,189,190,186,186,189,7,1312,248.27499999999998,0.9771752450980392,1,40,-1,0,0.0,16,0,192,
5000115,backup,20260713,small_clinic,intermediate_capacity,backup_periodic,workstation,11,53,397,flat,0.5,12,0.7,periodic,0,0,47,0.8867924528301887,47,10,50,95,1,1,137,149,141,159,137,137,155,7,1015,191.375,0.7573529411764715,1,56,164,1,1.0,16,0,192,
5000116,backup,20260713,small_clinic,intermediate_capacity,backup_periodic,internet_facing,43,45,358,flat,0.5,12,0.7,periodic,0,0,43,0.9555555555555556,43,10,46,80,1,1,122,130,126,122,178,122,136,7,936,171.85,0.6507352941176471,1,44,133,1,1.0,13,0,192,
5000117,backup,20260713,small_clinic,intermediate_capacity,backup_periodic,privileged_system,44,49,378,flat,0.5,12,0.7,periodic,0,0,37,0.7551020408163265,37,10,37,82,1,1,118,130,122,142,170,118,140,7,940,172.35,0.6605392156862742,1,62,143,1,0.8571428571428571,14,0,192,
5000118,backup,20260713,small_clinic,intermediate_capacity,backup_periodic,medical_device,46,58,434,flat,0.5,12,0.7,periodic,0,0,49,0.8448275862068966,49,10,50,81,1,1,121,125,112,136,160,101,120,7,875,160.975,0.638786764705882,1,97,145,1,1.0,16,0,192,
5000119,backup,20260713,small_clinic,intermediate_capacity,backup_periodic,vendor_connection,55,56,424,flat,0.5,12,0.7,periodic,0,0,56,1.0,56,10,61,94,1,1,134,156,140,159,189,134,149,7,1061,195.425,0.7599571078431389,1,25,180,1,0.8571428571428571,17,0,192,
5000120,backup,20260713,small_clinic,intermediate_capacity,backup_periodic,workstation,13,49,362,flat,0.5,12,0.7,periodic,0,0,1,0.02040816326530612,1,1,0,3,0,0,0,0,0,0,0,0,0,0,0,0.0,0.0,0,0,0,1,1.0,0,1,5,
5000121,backup,20260713,small_clinic,intermediate_capacity,backup_periodic,internet_facing,55,57,408,flat,0.5,12,0.7,periodic,0,0,50,0.8771929824561403,50,10,53,67,1,1,109,119,120,130,172,109,123,7,882,160.975,0.6176470588235291,1,41,139,1,1.0,16,0,192,
5000122,backup,20260713,small_clinic,intermediate_capacity,backup_periodic,privileged_system,47,59,458,flat,0.5,12,0.7,periodic,0,0,53,0.8983050847457628,53,10,53,62,1,1,97,109,96,132,161,89,115,7,799,144.125,0.5560661764705878,1,56,141,1,1.0,16,0,192,
5000123,backup,20260713,small_clinic,intermediate_capacity,backup_periodic,medical_device,42,57,411,flat,0.5,12,0.7,periodic,0,0,51,0.8947368421052632,51,10,52,96,1,1,122,133,126,147,180,122,140,7,970,177.625,0.6812193627450988,1,59,161,1,0.8571428571428571,16,0,192,
5000124,backup,20260713,small_clinic,intermediate_capacity,backup_periodic,vendor_connection,50,51,380,flat,0.5,12,0.7,periodic,0,0,33,0.6470588235294118,33,9,34,66,1,0,90,67,102,117,156,0,105,6,637,110.67499999999998,0.4860600490196077,1,110,118,1,1.0,13,0,192,
5000125,backup,20260713,small_clinic,intermediate_capacity,backup_isolated,workstation,9,56,402,flat,0.5,12,0.7,isolated,0,0,2,0.03571428571428571,2,1,1,33,0,0,0,0,0,0,0,0,0,0,0,0.0,0.0,0,16,0,1,1.0,0,1,36,
5000126,backup,20260713,small_clinic,intermediate_capacity,backup_isolated,internet_facing,45,47,352,flat,0.5,12,0.7,isolated,0,0,38,0.8085106382978723,38,8,40,83,0,0,67,85,79,90,92,8,0,6,421,78.275,0.41222426470588225,1,48,94,1,1.0,0,1,122,
5000127,backup,20260713,small_clinic,intermediate_capacity,backup_isolated,privileged_system,50,60,433,flat,0.5,12,0.7,isolated,0,0,52,0.8666666666666667,52,9,53,114,0,1,120,122,120,126,137,120,0,6,745,144.15,0.6338848039215685,1,32,130,1,1.0,0,1,159,
5000128,backup,20260713,small_clinic,intermediate_capacity,backup_isolated,medical_device,27,42,306,flat,0.5,12,0.7,isolated,0,0,35,0.8333333333333334,35,9,37,60,0,1,60,60,65,67,67,57,0,6,376,72.875,0.3268995098039215,1,8,73,1,1.0,0,1,96,
5000129,backup,20260713,small_clinic,intermediate_capacity,backup_isolated,vendor_connection,59,60,445,flat,0.5,12,0.7,isolated,0,0,50,0.8333333333333334,50,9,53,115,0,1,112,120,118,116,137,107,0,6,710,136.625,0.6056985294117646,1,56,131,1,1.0,0,1,162,
5000130,backup,20260713,small_clinic,intermediate_capacity,backup_isolated,workstation,18,49,355,flat,0.5,12,0.7,isolated,0,0,24,0.4897959183673469,24,8,23,51,0,1,35,38,36,35,43,35,8,7,230,43.95,0.1873468137254902,1,56,58,1,1.0,0,1,82,
5000131,backup,20260713,small_clinic,intermediate_capacity,backup_isolated,internet_facing,44,46,344,flat,0.5,12,0.7,isolated,0,0,37,0.8043478260869565,37,9,41,81,0,1,83,91,87,92,96,83,8,7,540,104.1,0.45726102941176466,1,56,95,1,1.0,0,1,135,
5000132,backup,20260713,small_clinic,intermediate_capacity,backup_isolated,privileged_system,34,43,316,flat,0.5,12,0.7,isolated,0,0,33,0.7674418604651163,33,8,33,68,0,1,81,65,65,74,86,65,0,6,436,84.05,0.37270220588235303,1,32,87,1,1.0,0,1,102,
5000133,backup,20260713,small_clinic,intermediate_capacity,backup_isolated,medical_device,40,57,402,flat,0.5,12,0.7,isolated,0,0,41,0.7192982456140351,41,9,43,86,0,1,79,84,77,92,99,73,8,7,512,97.5,0.42876838235294096,1,56,127,1,1.0,0,1,127,
5000134,backup,20260713,small_clinic,intermediate_capacity,backup_isolated,vendor_connection,45,46,331,flat,0.5,12,0.7,isolated,0,0,41,0.8913043478260869,41,9,45,75,0,1,81,83,82,87,94,81,0,6,508,98.15,0.4321384803921568,1,16,89,1,1.0,0,1,119,
5000135,backup,20260713,small_clinic,intermediate_capacity,backup_isolated,workstation,18,59,415,flat,0.5,12,0.7,isolated,0,0,1,0.01694915254237288,1,1,0,9,0,0,0,0,0,0,0,0,0,0,0,0.0,0.0,0,8,0,1,1.0,0,1,11,
5000136,backup,20260713,small_clinic,intermediate_capacity,backup_isolated,internet_facing,44,46,340,flat,0.5,12,0.7,isolated,0,0,29,0.6304347826086957,29,9,28,71,0,1,63,63,67,70,81,63,8,7,415,79.15,0.34114583333333326,1,56,87,1,1.0,0,1,104,
5000137,backup,20260713,small_clinic,intermediate_capacity,backup_isolated,privileged_system,44,51,374,flat,0.5,12,0.7,isolated,0,0,35,0.6862745098039216,35,8,35,89,0,0,79,82,90,84,106,0,0,5,441,81.70000000000002,0.4356617647058821,1,64,127,1,1.0,0,1,127,
5000138,backup,20260713,small_clinic,intermediate_capacity,backup_isolated,medical_device,32,49,356,flat,0.5,12,0.7,isolated,0,0,1,0.02040816326530612,1,1,0,17,0,0,0,0,0,0,0,0,0,0,0,0.0,0.0,0,32,0,1,1.0,0,1,43,
5000139,backup,20260713,small_clinic,intermediate_capacity,backup_isolated,vendor_connection,57,58,396,flat,0.5,12,0.7,isolated,0,0,1,0.017241379310344827,1,1,0,7,0,0,0,0,0,0,0,0,0,0,0,0.0,0.0,0,40,0,1,1.0,0,1,18,
5000140,backup,20260713,small_clinic,intermediate_capacity,backup_isolated,workstation,5,40,289,flat,0.5,12,0.7,isolated,0,0,30,0.75,30,9,31,133,0,1,135,139,148,142,145,135,0,6,844,164.575,0.7334558823529407,1,24,171,1,1.0,0,1,176,
5000141,backup,20260713,small_clinic,intermediate_capacity,backup_isolated,internet_facing,39,41,313,flat,0.5,12,0.7,isolated,0,0,38,0.926829268292683,38,9,39,141,0,1,154,151,147,150,158,146,0,6,906,176.675,0.7844669117647055,1,40,187,1,1.0,0,1,192,
5000142,backup,20260713,small_clinic,intermediate_capacity,backup_isolated,privileged_system,32,51,367,flat,0.5,12,0.7,isolated,0,0,42,0.8235294117647058,42,9,46,102,0,1,128,123,121,125,129,120,0,6,746,145.60000000000002,0.647671568627451,1,32,130,1,1.0,0,1,145,
5000143,backup,20260713,small_clinic,intermediate_capacity,backup_isolated,medical_device,29,45,335,flat,0.5,12,0.7,isolated,0,0,34,0.7555555555555555,34,9,35,83,0,1,85,99,89,89,97,85,8,7,552,106.67500000000001,0.4696691176470587,1,56,113,1,1.0,0,1,118,
5000144,backup,20260713,small_clinic,intermediate_capacity,backup_isolated,vendor_connection,58,59,405,flat,0.5,12,0.7,isolated,0,0,36,0.6101694915254238,36,9,37,167,0,1,167,170,155,171,179,155,8,7,1005,194.525,0.8612132352941178,1,103,177,1,1.0,0,1,192,
5000145,backup,20260713,small_clinic,intermediate_capacity,backup_isolated,workstation,15,57,422,flat,0.5,12,0.7,isolated,0,0,2,0.03508771929824561,2,1,1,4,0,0,0,0,0,0,0,0,0,0,0,0.0,0.0,0,0,0,1,1.0,0,1,7,
5000146,backup,20260713,small_clinic,intermediate_capacity,backup_isolated,internet_facing,49,51,372,flat,0.5,12,0.7,isolated,0,0,45,0.8823529411764706,45,9,48,144,0,1,154,150,148,151,159,142,8,7,912,177.275,0.7856924019607842,1,40,170,1,1.0,0,1,192,
5000147,backup,20260713,small_clinic,intermediate_capacity,backup_isolated,privileged_system,36,41,302,flat,0.5,12,0.7,isolated,0,0,35,0.8536585365853658,35,9,37,65,0,1,82,84,83,82,92,82,0,6,505,97.975,0.4309129901960784,1,40,112,1,1.0,0,1,112,
5000148,backup,20260713,small_clinic,intermediate_capacity,backup_isolated,medical_device,33,45,335,flat,0.5,12,0.7,isolated,0,0,36,0.8,36,9,38,104,0,1,105,111,105,113,124,101,0,6,659,126.975,0.5628063725490194,1,48,148,1,1.0,0,1,154,
5000149,backup,20260713,small_clinic,intermediate_capacity,backup_isolated,vendor_connection,54,55,393,flat,0.5,12,0.7,isolated,0,0,46,0.8363636363636363,46,9,50,95,0,1,96,103,96,103,118,95,0,6,611,117.39999999999999,0.5160845588235293,1,32,112,1,1.0,0,1,144,
5000150,backup,20260713,small_clinic,high_capacity,backup_connected,workstation,1,57,461,flat,0.75,3,0.9,connected,0,0,1,0.017543859649122806,1,1,0,4,0,0,8,8,8,8,8,8,0,6,48,9.4,0.041666666666666664,0,24,17,1,1.0,0,1,19,
5000151,backup,20260713,small_clinic,high_capacity,backup_connected,internet_facing,58,60,481,flat,0.75,3,0.9,connected,0,0,3,0.05,3,3,2,5,0,0,0,0,0,0,0,0,0,0,0,0.0,0.0,0,24,0,1,1.0,0,1,18,
5000152,backup,20260713,small_clinic,high_capacity,backup_connected,privileged_system,49,58,475,flat,0.75,3,0.9,connected,0,0,1,0.017241379310344827,1,1,0,2,0,0,0,0,0,0,0,0,0,0,0,0.0,0.0,0,0,0,1,1.0,0,1,4,
5000153,backup,20260713,small_clinic,high_capacity,backup_connected,medical_device,41,57,446,flat,0.75,3,0.9,connected,0,0,1,0.017543859649122806,1,1,0,8,0,0,0,0,0,0,0,0,0,0,0,0.0,0.0,0,8,0,1,1.0,0,1,11,
5000154,backup,20260713,small_clinic,high_capacity,backup_connected,vendor_connection,46,47,380,flat,0.75,3,0.9,connected,0,0,6,0.1276595744680851,6,4,5,10,1,0,8,0,0,0,0,0,12,2,20,3.8,0.01225490196078431,0,32,32,1,1.0,1,0,36,
5000155,backup,20260713,small_clinic,high_capacity,backup_connected,workstation,16,50,393,flat,0.75,3,0.9,connected,0,0,1,0.02,1,1,0,11,0,0,0,0,0,0,0,0,0,0,0,0.0,0.0,0,8,0,1,1.0,0,1,16,
5000156,backup,20260713,small_clinic,high_capacity,backup_connected,internet_facing,41,43,348,flat,0.75,3,0.9,connected,0,0,23,0.5348837209302325,23,10,24,17,1,1,39,47,48,40,63,39,46,7,322,58.925,0.2264093137254902,1,72,51,1,1.0,8,0,117,
5000157,backup,20260713,small_clinic,high_capacity,backup_connected,privileged_system,41,51,392,flat,0.75,3,0.9,connected,0,0,26,0.5098039215686274,26,10,29,31,1,1,64,71,73,78,106,62,75,7,529,96.075,0.3693321078431371,1,112,127,1,1.0,11,0,141,
5000158,backup,20260713,small_clinic,high_capacity,backup_connected,medical_device,41,56,449,flat,0.75,3,0.9,connected,0,0,18,0.32142857142857145,18,8,17,26,1,0,29,8,0,26,8,0,44,5,115,20.799999999999997,0.08210784313725489,1,64,47,1,1.0,9,0,92,
5000159,backup,20260713,small_clinic,high_capacity,backup_connected,vendor_connection,41,42,342,flat,0.75,3,0.9,connected,0,0,18,0.42857142857142855,18,10,17,18,1,1,36,44,41,48,64,36,26,7,295,53.824999999999996,0.217064950980392,1,40,51,1,1.0,8,0,102,
5000160,backup,20260713,small_clinic,high_capacity,backup_connected,workstation,12,42,341,flat,0.75,3,0.9,connected,0,0,1,0.023809523809523808,1,1,0,3,0,0,0,0,0,0,0,0,0,0,0,0.0,0.0,0,0,0,1,1.0,0,1,5,
5000161,backup,20260713,small_clinic,high_capacity,backup_connected,internet_facing,47,49,407,flat,0.75,3,0.9,connected,0,0,3,0.061224489795918366,3,2,2,4,0,0,0,8,8,0,0,0,0,2,16,3.4000000000000004,0.020833333333333332,0,32,13,1,1.0,0,1,18,
5000162,backup,20260713,small_clinic,high_capacity,backup_connected,privileged_system,37,42,355,flat,0.75,3,0.9,connected,0,0,5,0.11904761904761904,5,5,4,4,0,1,6,6,6,6,6,6,0,6,36,7.050000000000001,0.03125,0,0,7,1,1.0,0,1,10,
5000163,backup,20260713,small_clinic,high_capacity,backup_connected,medical_device,43,57,450,flat,0.75,3,0.9,connected,0,0,1,0.017543859649122806,1,1,0,2,0,0,0,0,0,0,0,0,0,0,0,0.0,0.0,0,0,0,1,1.0,0,1,4,
5000164,backup,20260713,small_clinic,high_capacity,backup_connected,vendor_connection,46,47,384,flat,0.75,3,0.9,connected,0,0,2,0.0425531914893617,2,2,1,3,0,0,0,0,0,0,0,0,0,0,0,0.0,0.0,0,0,0,1,1.0,0,1,6,
5000165,backup,20260713,small_clinic,high_capacity,backup_connected,workstation,18,55,441,flat,0.75,3,0.9,connected,0,0,2,0.03636363636363636,2,1,1,6,0,0,16,8,16,8,8,8,0,6,64,13.200000000000001,0.06495098039215692,0,96,57,1,1.0,0,1,57,
5000166,backup,20260713,small_clinic,high_capacity,backup_connected,internet_facing,44,46,378,flat,0.75,3,0.9,connected,0,0,3,0.06521739130434782,3,2,2,4,0,0,0,0,0,0,0,0,0,0,0,0.0,0.0,0,0,0,1,1.0,0,1,8,
5000167,backup,20260713,small_clinic,high_capacity,backup_connected,privileged_system,22,51,419,flat,0.75,3,0.9,connected,0,0,2,0.0392156862745098,2,2,1,3,0,0,0,0,0,0,0,0,0,0,0,0.0,0.0,0,8,0,1,1.0,0,1,10,
5000168,backup,20260713,small_clinic,high_capacity,backup_connected,medical_device,32,46,403,flat,0.75,3,0.9,connected,0,0,2,0.043478260869565216,2,2,1,10,1,0,0,8,0,0,0,0,10,2,18,3.1,0.009803921568627453,0,24,33,1,1.0,1,0,33,
5000169,backup,20260713,small_clinic,high_capacity,backup_connected,vendor_connection,43,44,350,flat,0.75,3,0.9,connected,0,0,3,0.06818181818181818,3,2,2,11,0,0,0,0,0,0,0,0,0,0,0,0.0,0.0,0,0,0,1,1.0,0,1,15,
5000170,backup,20260713,small_clinic,high_capacity,backup_connected,workstation,11,42,345,flat,0.75,3,0.9,connected,0,0,1,0.023809523809523808,1,1,0,2,0,0,0,0,0,0,0,0,0,0,0,0.0,0.0,0,0,0,1,1.0,0,1,4,
5000171,backup,20260713,small_clinic,high_capacity,backup_connected,internet_facing,42,44,368,flat,0.75,3,0.9,connected,0,0,1,0.022727272727272728,1,1,0,6,0,0,0,0,0,0,0,0,0,0,0,0.0,0.0,0,8,0,1,1.0,0,1,12,
5000172,backup,20260713,small_clinic,high_capacity,backup_connected,privileged_system,39,48,405,flat,0.75,3,0.9,connected,0,0,23,0.4791666666666667,23,10,24,23,1,1,55,55,55,47,83,47,34,7,376,69.325,0.27787990196078444,1,56,85,1,1.0,7,0,121,
5000173,backup,20260713,small_clinic,high_capacity,backup_connected,medical_device,28,40,329,flat,0.75,3,0.9,connected,0,0,14,0.35,14,3,13,30,0,0,29,8,22,8,8,8,0,6,83,17.8,0.09313725490196074,1,32,34,1,1.0,0,1,45,
5000174,backup,20260713,small_clinic,high_capacity,backup_connected,vendor_connection,48,49,388,flat,0.75,3,0.9,connected,0,0,9,0.1836734693877551,9,6,8,35,1,0,8,0,8,0,41,0,43,4,100,14.350000000000001,0.023284313725490193,0,48,72,1,1.0,2,0,78,
5000175,backup,20260713,small_clinic,high_capacity,backup_periodic,workstation,2,54,443,flat,0.75,3,0.9,periodic,0,0,1,0.018518518518518517,1,1,0,2,0,0,0,0,0,0,0,0,0,0,0,0.0,0.0,0,0,0,1,1.0,0,1,4,
5000176,backup,20260713,small_clinic,high_capacity,backup_periodic,internet_facing,54,56,448,flat,0.75,3,0.9,periodic,0,0,3,0.05357142857142857,3,2,2,5,1,0,0,0,0,0,0,0,8,1,8,1.2,0.0,0,8,0,1,1.0,1,0,18,
5000177,backup,20260713,small_clinic,high_capacity,backup_periodic,privileged_system,51,60,462,flat,0.75,3,0.9,periodic,0,0,5,0.08333333333333333,5,4,4,15,0,0,0,0,0,0,0,0,0,0,0,0.0,0.0,0,16,0,1,1.0,0,1,21,
5000178,backup,20260713,small_clinic,high_capacity,backup_periodic,medical_device,28,40,322,flat,0.75,3,0.9,periodic,0,0,7,0.175,7,6,6,9,0,1,8,10,8,10,8,8,0,6,52,10.15,0.04626225490196078,1,0,14,1,1.0,0,1,17,
5000179,backup,20260713,small_clinic,high_capacity,backup_periodic,vendor_connection,48,49,396,flat,0.75,3,0.9,periodic,0,0,14,0.2857142857142857,14,8,14,18,0,1,20,20,22,23,36,20,0,6,141,26.075,0.11014093137254903,1,72,26,1,1.0,0,1,54,
5000180,backup,20260713,small_clinic,high_capacity,backup_periodic,workstation,22,57,445,flat,0.75,3,0.9,periodic,0,0,3,0.05263157894736842,3,3,2,8,0,0,0,0,0,0,0,0,0,0,0,0.0,0.0,0,16,0,1,1.0,0,1,16,
5000181,backup,20260713,small_clinic,high_capacity,backup_periodic,internet_facing,40,42,362,flat,0.75,3,0.9,periodic,0,0,26,0.6190476190476191,26,9,26,16,0,1,28,30,30,28,37,28,0,6,181,34.65,0.15104166666666666,1,32,55,1,1.0,0,1,55,
5000182,backup,20260713,small_clinic,high_capacity,backup_periodic,privileged_system,42,50,414,flat,0.75,3,0.9,periodic,0,0,1,0.02,1,1,0,2,0,0,0,0,0,0,0,0,0,0,0,0.0,0.0,0,0,0,1,1.0,0,1,4,
5000183,backup,20260713,small_clinic,high_capacity,backup_periodic,medical_device,33,51,405,flat,0.75,3,0.9,periodic,0,0,5,0.09803921568627451,5,4,4,17,0,1,17,17,17,17,17,17,0,6,102,19.975,0.08854166666666667,1,8,20,1,1.0,0,1,23,
5000184,backup,20260713,small_clinic,high_capacity,backup_periodic,vendor_connection,49,50,393,flat,0.75,3,0.9,periodic,0,0,1,0.02,1,1,0,4,0,0,0,0,0,0,0,0,0,0,0,0.0,0.0,0,0,0,1,1.0,0,1,6,
5000185,backup,20260713,small_clinic,high_capacity,backup_periodic,workstation,21,55,435,flat,0.75,3,0.9,periodic,0,0,2,0.03636363636363636,2,1,1,11,0,0,0,0,0,0,0,0,0,0,0,0.0,0.0,0,0,0,1,1.0,0,1,14,
5000186,backup,20260713,small_clinic,high_capacity,backup_periodic,internet_facing,44,46,382,flat,0.75,3,0.9,periodic,0,0,6,0.13043478260869565,6,3,5,29,0,0,0,0,0,0,0,0,0,0,0,0.0,0.0,0,8,0,1,1.0,0,1,36,
5000187,backup,20260713,small_clinic,high_capacity,backup_periodic,privileged_system,37,45,354,flat,0.75,3,0.9,periodic,0,0,1,0.022222222222222223,1,1,0,2,0,0,0,0,0,0,0,0,0,0,0,0.0,0.0,0,0,0,1,1.0,0,1,4,
5000188,backup,20260713,small_clinic,high_capacity,backup_periodic,medical_device,33,50,395,flat,0.75,3,0.9,periodic,0,0,14,0.28,14,6,13,39,0,0,0,0,25,10,0,0,8,3,43,8.575,0.04518995098039217,1,72,72,1,1.0,0,1,72,
5000189,backup,20260713,small_clinic,high_capacity,backup_periodic,vendor_connection,49,50,395,flat,0.75,3,0.9,periodic,0,0,3,0.06,3,3,2,9,0,0,0,0,0,0,0,0,0,0,0,0.0,0.0,0,8,0,1,1.0,0,1,13,
5000190,backup,20260713,small_clinic,high_capacity,backup_periodic,workstation,2,47,388,flat,0.75,3,0.9,periodic,0,0,1,0.02127659574468085,1,1,0,5,0,0,0,0,0,0,8,0,0,1,8,0.8,0.0,0,32,0,1,1.0,0,1,22,
5000191,backup,20260713,small_clinic,high_capacity,backup_periodic,internet_facing,40,42,344,flat,0.75,3,0.9,periodic,0,0,5,0.11904761904761904,5,3,4,8,0,0,0,0,10,6,0,0,0,2,16,3.3,0.02022058823529412,1,0,12,1,1.0,0,1,14,
5000192,backup,20260713,small_clinic,high_capacity,backup_periodic,privileged_system,45,56,455,flat,0.75,3,0.9,periodic,0,0,1,0.017857142857142856,1,1,0,2,0,0,0,0,0,0,3,0,0,1,3,0.30000000000000004,0.0,0,0,0,1,1.0,0,1,4,
5000193,backup,20260713,small_clinic,high_capacity,backup_periodic,medical_device,32,45,366,flat,0.75,3,0.9,periodic,0,0,5,0.1111111111111111,5,3,4,19,0,0,11,0,12,0,0,0,0,2,23,5.45,0.03339460784313725,1,16,22,1,1.0,0,1,26,
5000194,backup,20260713,small_clinic,high_capacity,backup_periodic,vendor_connection,54,55,440,flat,0.75,3,0.9,periodic,0,0,1,0.01818181818181818,1,1,0,2,0,0,0,0,0,0,0,0,0,0,0,0.0,0.0,0,0,0,1,1.0,0,1,4,
5000195,backup,20260713,small_clinic,high_capacity,backup_periodic,workstation,3,47,387,flat,0.75,3,0.9,periodic,0,0,1,0.02127659574468085,1,1,0,2,0,0,0,0,0,0,0,0,0,0,0,0.0,0.0,0,16,0,1,1.0,0,1,10,
5000196,backup,20260713,small_clinic,high_capacity,backup_periodic,internet_facing,45,47,381,flat,0.75,3,0.9,periodic,0,0,1,0.02127659574468085,1,1,0,3,0,0,8,8,8,8,8,8,0,6,48,9.4,0.041666666666666664,0,8,12,1,1.0,0,1,12,
5000197,backup,20260713,small_clinic,high_capacity,backup_periodic,privileged_system,32,41,320,flat,0.75,3,0.9,periodic,0,0,8,0.1951219512195122,8,5,7,18,0,1,13,21,13,20,23,13,0,6,103,19.1,0.08501838235294118,1,0,25,1,1.0,0,1,27,
5000198,backup,20260713,small_clinic,high_capacity,backup_periodic,medical_device,38,57,463,flat,0.75,3,0.9,periodic,0,0,10,0.17543859649122806,10,6,9,27,0,0,0,31,0,24,0,0,0,2,55,10.399999999999999,0.06372549019607843,1,32,33,1,1.0,0,1,37,
5000199,backup,20260713,small_clinic,high_capacity,backup_periodic,vendor_connection,52,53,423,flat,0.75,3,0.9,periodic,0,0,17,0.32075471698113206,17,8,18,14,1,0,17,27,13,18,0,0,39,5,114,21.575000000000003,0.09635416666666662,1,32,38,1,1.0,9,0,89,
5000200,backup,20260713,small_clinic,high_capacity,backup_isolated,workstation,10,42,337,flat,0.75,3,0.9,isolated,0,0,1,0.023809523809523808,1,1,0,4,0,0,0,0,8,0,0,0,0,1,8,1.8,0.011029411764705883,0,40,14,1,1.0,0,1,19,
5000201,backup,20260713,small_clinic,high_capacity,backup_isolated,internet_facing,40,42,313,flat,0.75,3,0.9,isolated,0,0,1,0.023809523809523808,1,1,0,4,0,0,0,0,0,0,8,0,0,1,8,0.8,0.0,0,16,0,1,1.0,0,1,9,
5000202,backup,20260713,small_clinic,high_capacity,backup_isolated,privileged_system,34,42,349,flat,0.75,3,0.9,isolated,0,0,1,0.023809523809523808,1,1,0,6,0,0,0,0,0,0,0,0,0,0,0,0.0,0.0,0,0,0,1,1.0,0,1,8,
5000203,backup,20260713,small_clinic,high_capacity,backup_isolated,medical_device,31,46,363,flat,0.75,3,0.9,isolated,0,0,6,0.13043478260869565,6,2,6,18,0,0,13,0,0,0,0,0,0,1,13,3.25,0.0199142156862745,1,16,21,1,1.0,0,1,25,
5000204,backup,20260713,small_clinic,high_capacity,backup_isolated,vendor_connection,41,42,315,flat,0.75,3,0.9,isolated,0,0,16,0.38095238095238093,16,7,18,32,0,1,34,34,35,34,34,34,0,6,205,40.175,0.17846200980392157,1,32,37,1,1.0,0,1,55,
5000205,backup,20260713,small_clinic,high_capacity,backup_isolated,workstation,1,60,456,flat,0.75,3,0.9,isolated,0,0,1,0.016666666666666666,1,1,0,4,0,0,0,0,0,0,0,0,0,0,0,0.0,0.0,0,0,0,1,1.0,0,1,6,
5000206,backup,20260713,small_clinic,high_capacity,backup_isolated,internet_facing,56,58,432,flat,0.75,3,0.9,isolated,0,0,2,0.034482758620689655,2,1,1,8,0,0,0,0,0,0,0,0,0,0,0,0.0,0.0,0,0,0,1,1.0,0,1,11,
5000207,backup,20260713,small_clinic,high_capacity,backup_isolated,privileged_system,39,47,368,flat,0.75,3,0.9,isolated,0,0,15,0.3191489361702128,15,9,17,20,0,1,24,24,27,24,29,24,0,6,152,29.375,0.12913602941176472,1,8,28,1,1.0,0,1,36,
5000208,backup,20260713,small_clinic,high_capacity,backup_isolated,medical_device,44,59,445,flat,0.75,3,0.9,isolated,0,0,3,0.05084745762711865,3,2,2,13,0,0,0,3,0,0,0,0,0,1,3,0.6000000000000001,0.0036764705882352936,0,16,15,1,1.0,0,1,25,
5000209,backup,20260713,small_clinic,high_capacity,backup_isolated,vendor_connection,51,52,418,flat,0.75,3,0.9,isolated,0,0,23,0.4423076923076923,23,7,23,24,0,1,25,25,26,25,35,25,0,6,161,30.6,0.13158700980392157,1,32,28,1,1.0,0,1,50,
5000210,backup,20260713,small_clinic,high_capacity,backup_isolated,workstation,6,40,303,flat,0.75,3,0.9,isolated,0,0,1,0.025,1,1,0,2,0,0,0,0,0,0,0,0,0,0,0,0.0,0.0,0,0,0,1,1.0,0,1,4,
5000211,backup,20260713,small_clinic,high_capacity,backup_isolated,internet_facing,43,45,355,flat,0.75,3,0.9,isolated,0,0,13,0.28888888888888886,13,7,12,20,0,1,25,24,28,24,24,20,0,6,145,28.450000000000003,0.13204656862745104,1,40,38,1,1.0,0,1,51,
5000212,backup,20260713,small_clinic,high_capacity,backup_isolated,privileged_system,49,60,448,flat,0.75,3,0.9,isolated,0,0,2,0.03333333333333333,2,2,1,3,0,0,4,0,0,0,5,0,0,2,9,1.5,0.006127450980392156,0,0,5,1,1.0,0,1,6,
5000213,backup,20260713,small_clinic,high_capacity,backup_isolated,medical_device,39,51,398,flat,0.75,3,0.9,isolated,0,0,7,0.13725490196078433,7,5,6,11,0,0,3,0,0,0,0,0,0,1,3,0.75,0.004595588235294117,0,24,13,1,1.0,0,1,25,
5000214,backup,20260713,small_clinic,high_capacity,backup_isolated,vendor_connection,52,53,413,flat,0.75,3,0.9,isolated,0,0,6,0.11320754716981132,6,5,5,6,0,1,4,5,8,4,4,4,0,6,29,5.800000000000001,0.027573529411764705,0,16,11,1,1.0,0,1,13,
5000215,backup,20260713,small_clinic,high_capacity,backup_isolated,workstation,2,52,408,flat,0.75,3,0.9,isolated,0,0,1,0.019230769230769232,1,1,0,3,0,0,0,0,0,0,0,0,0,0,0,0.0,0.0,0,8,0,1,1.0,0,1,11,
5000216,backup,20260713,small_clinic,high_capacity,backup_isolated,internet_facing,54,56,424,flat,0.75,3,0.9,isolated,0,0,27,0.48214285714285715,27,9,26,39,0,1,41,45,40,40,52,40,0,6,258,49.45,0.2159926470588235,1,24,48,1,1.0,0,1,65,
5000217,backup,20260713,small_clinic,high_capacity,backup_isolated,privileged_system,40,48,372,flat,0.75,3,0.9,isolated,0,0,2,0.041666666666666664,2,2,1,4,0,0,0,0,0,0,0,0,0,0,0,0.0,0.0,0,8,0,1,1.0,0,1,12,
5000218,backup,20260713,small_clinic,high_capacity,backup_isolated,medical_device,36,54,422,flat,0.75,3,0.9,isolated,0,0,1,0.018518518518518517,1,1,0,3,0,0,0,0,0,0,0,0,0,0,0,0.0,0.0,0,32,0,1,1.0,0,1,24,
5000219,backup,20260713,small_clinic,high_capacity,backup_isolated,vendor_connection,54,55,421,flat,0.75,3,0.9,isolated,0,0,12,0.21818181818181817,12,7,11,19,0,0,0,8,18,0,13,0,0,3,39,6.95,0.03462009803921569,1,48,22,1,1.0,0,1,41,
5000220,backup,20260713,small_clinic,high_capacity,backup_isolated,workstation,12,47,361,flat,0.75,3,0.9,isolated,0,0,1,0.02127659574468085,1,1,0,4,0,0,0,0,0,8,0,0,0,1,8,1.4,0.008578431372549019,0,56,34,1,1.0,0,1,34,
5000221,backup,20260713,small_clinic,high_capacity,backup_isolated,internet_facing,51,53,410,flat,0.75,3,0.9,isolated,0,0,3,0.05660377358490566,3,3,2,4,0,0,0,0,0,0,0,0,0,0,0,0.0,0.0,0,0,0,1,1.0,0,1,8,
5000222,backup,20260713,small_clinic,high_capacity,backup_isolated,privileged_system,11,50,406,flat,0.75,3,0.9,isolated,0,0,3,0.06,3,1,2,8,0,0,0,0,0,0,0,0,0,0,0,0.0,0.0,0,0,0,1,1.0,0,1,12,
5000223,backup,20260713,small_clinic,high_capacity,backup_isolated,medical_device,29,41,312,flat,0.75,3,0.9,isolated,0,0,4,0.0975609756097561,4,2,3,13,0,0,6,0,8,0,0,0,0,2,14,3.3,0.02022058823529411,0,16,17,1,1.0,0,1,18,
5000224,backup,20260713,small_clinic,high_capacity,backup_isolated,vendor_connection,39,40,300,flat,0.75,3,0.9,isolated,0,0,10,0.25,10,5,9,32,0,0,0,0,0,29,0,0,0,1,29,5.074999999999999,0.03109681372549021,1,24,34,1,1.0,0,1,43,
5000225,backup,20260713,regional_hospital,resource_constrained,backup_connected,workstation,26,292,2177,flat,0.25,24,0.5,connected,0,0,285,0.976027397260274,285,10,328,175,1,1,181,181,181,182,181,181,181,7,1268,240.0,0.9437806372549019,1,88,-1,0,0.0,80,0,192,
5000226,backup,20260713,regional_hospital,resource_constrained,backup_connected,internet_facing,276,282,2164,flat,0.25,24,0.5,connected,0,0,278,0.9858156028368794,278,10,314,-1,1,1,188,188,188,188,188,188,187,7,1315,248.95000000000005,0.9791666666666666,1,72,-1,0,0.0,83,0,192,
5000227,backup,20260713,regional_hospital,resource_constrained,backup_connected,privileged_system,267,300,2241,flat,0.25,24,0.5,connected,0,0,288,0.96,288,10,326,178,1,1,188,188,189,188,188,188,188,7,1317,249.32500000000002,0.9805453431372548,1,56,-1,0,0.0,82,0,192,
5000228,backup,20260713,regional_hospital,resource_constrained,backup_connected,medical_device,211,283,2168,flat,0.25,24,0.5,connected,0,0,278,0.9823321554770318,278,10,318,-1,1,1,188,188,188,188,188,188,189,7,1317,249.25000000000003,0.9791666666666666,1,56,-1,0,0.0,82,0,192,
5000229,backup,20260713,regional_hospital,resource_constrained,backup_connected,vendor_connection,206,207,1580,flat,0.25,24,0.5,connected,0,0,204,0.9855072463768116,204,10,239,-1,1,1,188,188,188,188,188,188,186,7,1314,248.80000000000004,0.9791666666666666,1,24,-1,0,0.0,60,0,192,
5000230,backup,20260713,regional_hospital,resource_constrained,backup_connected,workstation,32,236,1794,flat,0.25,24,0.5,connected,0,0,232,0.9830508474576272,232,10,266,-1,1,1,174,175,175,174,175,174,174,7,1221,231.075,0.9088541666666666,1,104,-1,0,0.0,65,0,192,
5000231,backup,20260713,regional_hospital,resource_constrained,backup_connected,internet_facing,231,233,1780,flat,0.25,24,0.5,connected,0,0,228,0.9785407725321889,228,10,258,-1,1,1,187,187,188,187,187,187,188,7,1311,248.14999999999998,0.9753370098039215,1,40,-1,0,0.0,70,0,192,
5000232,backup,20260713,regional_hospital,resource_constrained,backup_connected,privileged_system,211,247,1875,flat,0.25,24,0.5,connected,0,0,238,0.9635627530364372,238,10,282,-1,1,1,186,186,186,186,186,186,185,7,1301,246.3,0.96875,1,48,-1,0,0.0,67,0,192,
5000233,backup,20260713,regional_hospital,resource_constrained,backup_connected,medical_device,208,287,2263,flat,0.25,24,0.5,connected,0,0,282,0.9825783972125436,282,10,336,-1,1,1,179,178,178,178,178,178,178,7,1247,236.10000000000002,0.9286151960784315,1,96,-1,0,0.0,87,0,192,
5000234,backup,20260713,regional_hospital,resource_constrained,backup_connected,vendor_connection,268,269,2041,flat,0.25,24,0.5,connected,0,0,266,0.9888475836431226,266,10,314,-1,1,1,185,185,185,190,185,185,186,7,1301,246.15,0.9689031862745098,1,64,-1,0,0.0,80,0,192,
5000235,backup,20260713,regional_hospital,resource_constrained,backup_connected,workstation,107,288,2254,flat,0.25,24,0.5,connected,0,0,286,0.9930555555555556,286,10,328,-1,1,1,178,186,178,178,178,178,177,7,1253,237.30000000000004,0.9368872549019608,1,144,-1,0,0.0,90,0,192,
5000236,backup,20260713,regional_hospital,resource_constrained,backup_connected,internet_facing,245,252,1937,flat,0.25,24,0.5,connected,0,0,248,0.9841269841269841,248,10,279,-1,1,1,184,184,184,184,185,184,185,7,1290,244.05,0.9583333333333334,1,88,-1,0,0.0,73,0,192,
5000237,backup,20260713,regional_hospital,resource_constrained,backup_connected,privileged_system,174,210,1590,flat,0.25,24,0.5,connected,0,0,203,0.9666666666666667,203,10,227,-1,1,1,183,183,183,183,183,183,180,7,1278,242.02500000000003,0.953125,1,136,-1,0,0.0,59,0,192,
5000238,backup,20260713,regional_hospital,resource_constrained,backup_connected,medical_device,152,234,1806,flat,0.25,24,0.5,connected,0,0,232,0.9914529914529915,232,10,267,-1,1,1,180,180,181,181,180,180,179,7,1261,238.74999999999997,0.9399509803921569,1,48,-1,0,0.0,71,0,192,
5000239,backup,20260713,regional_hospital,resource_constrained,backup_connected,vendor_connection,264,265,2035,flat,0.25,24,0.5,connected,0,0,260,0.9811320754716981,260,10,305,-1,1,1,188,191,188,188,188,188,186,7,1317,249.40000000000003,0.9828431372549019,1,40,-1,0,0.0,79,0,192,
5000240,backup,20260713,regional_hospital,resource_constrained,backup_connected,workstation,53,273,2076,flat,0.25,24,0.5,connected,0,0,270,0.989010989010989,270,10,319,-1,1,1,188,187,186,187,186,185,186,7,1305,247.1,0.9741115196078431,1,80,-1,0,0.0,80,0,192,
5000241,backup,20260713,regional_hospital,resource_constrained,backup_connected,internet_facing,212,216,1651,flat,0.25,24,0.5,connected,0,0,212,0.9814814814814815,212,10,248,-1,1,1,188,188,189,188,188,188,187,7,1316,249.17500000000004,0.9805453431372548,1,32,-1,0,0.0,63,0,192,
5000242,backup,20260713,regional_hospital,resource_constrained,backup_connected,privileged_system,195,240,1854,flat,0.25,24,0.5,connected,0,0,235,0.9791666666666666,235,10,277,-1,1,1,187,187,188,187,188,187,190,7,1314,248.55,0.9753370098039215,1,32,-1,0,0.0,71,0,192,
5000243,backup,20260713,regional_hospital,resource_constrained,backup_connected,medical_device,161,210,1623,flat,0.25,24,0.5,connected,0,0,205,0.9761904761904762,205,10,237,161,1,1,185,185,185,185,185,181,184,7,1290,244.075,0.963541666666667,1,112,-1,0,0.2857142857142857,61,0,192,
5000244,backup,20260713,regional_hospital,resource_constrained,backup_connected,vendor_connection,208,209,1638,flat,0.25,24,0.5,connected,0,0,208,0.9952153110047847,208,10,240,190,1,1,189,189,189,189,189,189,188,7,1322,250.275,0.984375,1,32,-1,0,0.0,63,0,192,
5000245,backup,20260713,regional_hospital,resource_constrained,backup_connected,workstation,53,257,1956,flat,0.25,24,0.5,connected,0,0,253,0.9844357976653697,253,10,292,179,1,1,179,182,180,182,180,179,180,7,1262,238.775,0.9405637254901961,1,88,-1,0,0.0,78,0,192,
5000246,backup,20260713,regional_hospital,resource_constrained,backup_connected,internet_facing,250,255,1953,flat,0.25,24,0.5,connected,0,0,248,0.9725490196078431,248,10,290,-1,1,1,187,187,187,187,187,187,186,7,1308,247.62500000000003,0.9739583333333334,1,64,-1,0,0.0,71,0,192,
5000247,backup,20260713,regional_hospital,resource_constrained,backup_connected,privileged_system,248,285,2214,flat,0.25,24,0.5,connected,0,0,279,0.9789473684210527,279,10,318,-1,1,1,189,189,189,189,191,189,187,7,1323,250.32500000000002,0.984375,1,32,-1,0,0.0,85,0,192,
5000248,backup,20260713,regional_hospital,resource_constrained,backup_connected,medical_device,219,288,2183,flat,0.25,24,0.5,connected,0,0,277,0.9618055555555556,277,10,306,-1,1,1,180,180,181,182,180,180,180,7,1263,239.075,0.9410232843137255,1,112,-1,0,0.0,80,0,192,
5000249,backup,20260713,regional_hospital,resource_constrained,backup_connected,vendor_connection,271,272,2006,flat,0.25,24,0.5,connected,0,0,267,0.9816176470588235,267,10,309,-1,1,1,187,187,187,187,187,187,188,7,1310,247.925,0.9739583333333334,1,72,-1,0,0.0,75,0,192,
5000250,backup,20260713,regional_hospital,resource_constrained,backup_periodic,workstation,96,272,2039,flat,0.25,24,0.5,periodic,0,0,266,0.9779411764705882,266,10,302,-1,1,1,173,178,171,172,170,170,168,7,1202,227.87499999999997,0.9033394607843137,1,147,-1,0,0.0,78,0,192,
5000251,backup,20260713,regional_hospital,resource_constrained,backup_periodic,internet_facing,234,243,1867,flat,0.25,24,0.5,periodic,0,0,238,0.9794238683127572,238,10,268,-1,1,1,186,185,185,186,186,185,182,7,1295,245.20000000000002,0.9661458333333334,1,48,-1,0,0.0,72,0,192,
5000252,backup,20260713,regional_hospital,resource_constrained,backup_periodic,privileged_system,113,289,2126,flat,0.25,24,0.5,periodic,0,0,281,0.972318339100346,281,10,317,-1,1,1,172,171,173,173,172,171,167,7,1199,227.125,0.8970588235294118,1,64,-1,0,0.0,80,0,192,
5000253,backup,20260713,regional_hospital,resource_constrained,backup_periodic,medical_device,161,247,1929,flat,0.25,24,0.5,periodic,0,0,245,0.9919028340080972,245,10,282,-1,1,1,188,188,187,187,192,187,185,7,1314,248.425,0.9767156862745098,1,72,-1,0,0.0,76,0,192,
5000254,backup,20260713,regional_hospital,resource_constrained,backup_periodic,vendor_connection,258,259,1987,flat,0.25,24,0.5,periodic,0,0,254,0.9806949806949807,254,10,288,-1,1,1,187,187,192,187,187,187,183,7,1310,248.3,0.9808517156862745,1,56,-1,0,0.0,74,0,192,
5000255,backup,20260713,regional_hospital,resource_constrained,backup_periodic,workstation,89,285,2117,flat,0.25,24,0.5,periodic,0,0,279,0.9789473684210527,279,10,324,165,1,1,179,187,182,182,182,179,180,7,1271,240.425,0.9494485294117649,1,88,-1,0,0.2857142857142857,81,0,192,
5000256,backup,20260713,regional_hospital,resource_constrained,backup_periodic,internet_facing,201,203,1544,flat,0.25,24,0.5,periodic,0,0,199,0.9802955665024631,199,10,226,-1,1,1,187,185,187,185,188,185,185,7,1302,246.375,0.9693627450980392,1,48,-1,0,0.0,58,0,192,
5000257,backup,20260713,regional_hospital,resource_constrained,backup_periodic,privileged_system,218,251,1942,flat,0.25,24,0.5,periodic,0,0,247,0.9840637450199203,247,10,290,174,1,1,185,186,185,185,185,185,178,7,1289,244.27499999999998,0.9647671568627452,1,60,-1,0,0.0,74,0,192,
5000258,backup,20260713,regional_hospital,resource_constrained,backup_periodic,medical_device,199,260,1970,flat,0.25,24,0.5,periodic,0,0,249,0.9576923076923077,249,10,296,-1,1,1,181,181,181,181,182,181,181,7,1268,239.925,0.9427083333333334,1,112,-1,0,0.0,72,0,192,
5000259,backup,20260713,regional_hospital,resource_constrained,backup_periodic,vendor_connection,287,288,2192,flat,0.25,24,0.5,periodic,0,0,274,0.9513888888888888,274,10,310,171,1,1,180,181,181,182,181,179,178,7,1262,238.85,0.9422487745098039,1,112,-1,0,0.0,84,0,192,
5000260,backup,20260713,regional_hospital,resource_constrained,backup_periodic,workstation,85,246,1901,flat,0.25,24,0.5,periodic,0,0,244,0.991869918699187,244,10,271,-1,1,1,183,183,183,183,183,183,181,7,1279,242.17500000000004,0.953125,1,16,-1,0,0.0,73,0,192,
5000261,backup,20260713,regional_hospital,resource_constrained,backup_periodic,internet_facing,277,286,2207,flat,0.25,24,0.5,periodic,0,0,279,0.9755244755244755,279,10,320,-1,1,1,188,188,188,188,188,188,185,7,1313,248.65000000000003,0.9791666666666666,1,56,-1,0,0.0,84,0,192,
5000262,backup,20260713,regional_hospital,resource_constrained,backup_periodic,privileged_system,213,238,1792,flat,0.25,24,0.5,periodic,0,0,234,0.9831932773109243,234,10,270,-1,1,1,189,189,189,191,190,189,187,7,1324,250.57500000000002,0.9865196078431372,1,40,-1,0,0.0,70,0,192,
5000263,backup,20260713,regional_hospital,resource_constrained,backup_periodic,medical_device,155,248,1925,flat,0.25,24,0.5,periodic,0,0,242,0.9758064516129032,242,10,277,-1,1,1,188,187,186,186,186,186,186,7,1305,247.15,0.9730392156862745,1,32,-1,0,0.0,72,0,192,
5000264,backup,20260713,regional_hospital,resource_constrained,backup_periodic,vendor_connection,236,237,1803,flat,0.25,24,0.5,periodic,0,0,233,0.9831223628691983,233,10,256,169,1,1,186,188,186,189,186,186,185,7,1306,247.22499999999997,0.9744178921568628,1,48,-1,0,0.0,68,0,192,
5000265,backup,20260713,regional_hospital,resource_constrained,backup_periodic,workstation,26,274,2040,flat,0.25,24,0.5,periodic,0,0,269,0.9817518248175182,269,10,303,-1,1,1,179,179,180,181,180,179,178,7,1256,237.70000000000002,0.9358149509803922,1,48,-1,0,0.0,76,0,192,
5000266,backup,20260713,regional_hospital,resource_constrained,backup_periodic,internet_facing,217,223,1697,flat,0.25,24,0.5,periodic,0,0,218,0.9775784753363229,218,10,256,178,1,1,188,188,192,188,188,188,186,7,1318,249.70000000000002,0.9846813725490197,1,74,-1,0,0.0,64,0,192,
5000267,backup,20260713,regional_hospital,resource_constrained,backup_periodic,privileged_system,223,266,2046,flat,0.25,24,0.5,periodic,0,0,262,0.9849624060150376,262,10,295,-1,1,1,186,187,188,191,188,186,186,7,1312,248.175,0.9780943627450981,1,88,-1,0,0.0,81,0,192,
5000268,backup,20260713,regional_hospital,resource_constrained,backup_periodic,medical_device,187,236,1799,flat,0.25,24,0.5,periodic,0,0,232,0.9830508474576272,232,10,259,-1,1,1,179,182,181,179,180,179,178,7,1258,238.17499999999998,0.9387254901960785,1,48,-1,0,0.0,67,0,192,
5000269,backup,20260713,regional_hospital,resource_constrained,backup_periodic,vendor_connection,264,265,1972,flat,0.25,24,0.5,periodic,0,0,261,0.9849056603773585,261,10,300,-1,1,1,184,187,183,186,187,183,182,7,1292,244.3,0.9627757352941176,1,56,-1,0,0.0,76,0,192,
5000270,backup,20260713,regional_hospital,resource_constrained,backup_periodic,workstation,91,244,1843,flat,0.25,24,0.5,periodic,0,0,238,0.9754098360655737,238,10,265,-1,1,1,190,190,190,190,190,190,184,7,1324,250.85,0.9895833333333334,1,40,-1,0,0.0,69,0,192,
5000271,backup,20260713,regional_hospital,resource_constrained,backup_periodic,internet_facing,267,269,2036,flat,0.25,24,0.5,periodic,0,0,266,0.9888475836431226,266,10,316,-1,1,1,189,189,192,189,189,189,186,7,1323,250.65,0.9885110294117648,1,8,-1,0,0.0,77,0,192,
5000272,backup,20260713,regional_hospital,resource_constrained,backup_periodic,privileged_system,22,291,2290,flat,0.25,24,0.5,periodic,0,0,286,0.9828178694158075,286,10,325,-1,1,1,185,187,186,184,185,184,185,7,1296,245.35,0.9662990196078431,1,40,-1,0,0.0,88,0,192,
5000273,backup,20260713,regional_hospital,resource_constrained,backup_periodic,medical_device,184,276,2093,flat,0.25,24,0.5,periodic,0,0,272,0.9855072463768116,272,10,304,186,1,1,171,168,171,173,167,167,165,7,1182,224.125,0.8890931372549019,1,120,-1,0,0.0,77,0,192,
5000274,backup,20260713,regional_hospital,resource_constrained,backup_periodic,vendor_connection,232,233,1764,flat,0.25,24,0.5,periodic,0,0,226,0.9699570815450643,226,10,264,-1,1,1,189,189,189,188,188,188,188,7,1319,249.77500000000003,0.9833026960784315,1,48,-1,0,0.0,64,0,192,
5000275,backup,20260713,regional_hospital,resource_constrained,backup_isolated,workstation,3,249,1811,flat,0.25,24,0.5,isolated,0,0,234,0.9397590361445783,234,9,275,-1,0,1,175,183,178,177,175,175,0,6,1063,208.25,0.9275428921568628,1,104,-1,0,0.14285714285714285,0,1,192,
5000276,backup,20260713,regional_hospital,resource_constrained,backup_isolated,internet_facing,278,285,2054,flat,0.25,24,0.5,isolated,0,0,270,0.9473684210526315,270,9,319,-1,0,1,188,188,188,188,188,188,0,6,1128,220.90000000000003,0.9791666666666666,1,47,-1,0,0.14285714285714285,0,1,192,
5000277,backup,20260713,regional_hospital,resource_constrained,backup_isolated,privileged_system,206,251,1842,flat,0.25,24,0.5,isolated,0,0,239,0.952191235059761,239,9,285,-1,0,1,186,186,186,188,186,185,8,7,1125,219.875,0.9708946078431372,1,128,-1,0,0.14285714285714285,0,1,192,
5000278,backup,20260713,regional_hospital,resource_constrained,backup_isolated,medical_device,175,235,1699,flat,0.25,24,0.5,isolated,0,0,221,0.9404255319148936,221,9,250,-1,0,1,187,188,185,185,184,181,8,7,1118,218.67499999999998,0.9702818627450981,1,112,-1,0,0.14285714285714285,0,1,192,
5000279,backup,20260713,regional_hospital,resource_constrained,backup_isolated,vendor_connection,222,223,1616,flat,0.25,24,0.5,isolated,0,0,211,0.9461883408071748,211,9,236,185,0,1,186,186,186,187,186,186,0,6,1117,218.725,0.9698223039215685,1,48,-1,0,0.14285714285714285,0,1,192,
5000280,backup,20260713,regional_hospital,resource_constrained,backup_isolated,workstation,78,202,1440,flat,0.25,24,0.5,isolated,0,0,192,0.9504950495049505,192,9,217,-1,0,1,188,188,188,188,188,188,0,6,1128,220.90000000000003,0.9791666666666666,1,32,-1,0,0.14285714285714285,0,1,192,
5000281,backup,20260713,regional_hospital,resource_constrained,backup_isolated,internet_facing,261,265,1942,flat,0.25,24,0.5,isolated,0,0,244,0.9207547169811321,244,9,275,-1,0,1,189,189,189,189,189,189,0,6,1134,222.07500000000002,0.984375,1,96,-1,0,0.14285714285714285,0,1,192,
5000282,backup,20260713,regional_hospital,resource_constrained,backup_isolated,privileged_system,217,236,1684,flat,0.25,24,0.5,isolated,0,0,220,0.9322033898305084,220,9,257,-1,0,1,192,192,192,192,192,192,0,6,1152,225.60000000000002,1.0,1,104,-1,0,0.14285714285714285,0,1,192,
5000283,backup,20260713,regional_hospital,resource_constrained,backup_isolated,medical_device,140,205,1486,flat,0.25,24,0.5,isolated,0,0,196,0.9560975609756097,196,9,219,-1,0,1,173,178,175,174,176,173,8,7,1057,206.39999999999998,0.9109987745098039,1,109,-1,0,0.14285714285714285,0,1,192,
5000284,backup,20260713,regional_hospital,resource_constrained,backup_isolated,vendor_connection,265,266,1896,flat,0.25,24,0.5,isolated,0,0,250,0.9398496240601504,250,9,280,-1,0,1,186,186,189,185,187,185,0,6,1118,218.92499999999998,0.9718137254901961,1,104,-1,0,0.14285714285714285,0,1,192,
5000285,backup,20260713,regional_hospital,resource_constrained,backup_isolated,workstation,29,244,1776,flat,0.25,24,0.5,isolated,0,0,227,0.930327868852459,227,9,262,161,0,1,161,166,164,169,180,161,16,7,1017,196.54999999999998,0.8573835784313727,1,122,176,1,1.0,0,1,192,
5000286,backup,20260713,regional_hospital,resource_constrained,backup_isolated,internet_facing,272,280,2023,flat,0.25,24,0.5,isolated,0,0,263,0.9392857142857143,263,9,295,-1,0,1,182,183,182,182,182,182,8,7,1101,215.25,0.9491421568627452,1,104,-1,0,0.14285714285714285,0,1,192,
5000287,backup,20260713,regional_hospital,resource_constrained,backup_isolated,privileged_system,267,294,2143,flat,0.25,24,0.5,isolated,0,0,273,0.9285714285714286,273,9,307,-1,0,1,191,189,189,189,189,189,0,6,1136,222.57500000000002,0.9874387254901961,1,72,-1,0,0.14285714285714285,0,1,192,
5000288,backup,20260713,regional_hospital,resource_constrained,backup_isolated,medical_device,205,271,1982,flat,0.25,24,0.5,isolated,0,0,247,0.9114391143911439,247,9,281,-1,0,1,189,189,189,189,189,189,8,7,1142,223.275,0.984375,1,135,-1,0,0.14285714285714285,0,1,192,
5000289,backup,20260713,regional_hospital,resource_constrained,backup_isolated,vendor_connection,201,202,1448,flat,0.25,24,0.5,isolated,0,0,189,0.9356435643564357,189,9,208,-1,0,1,187,187,188,188,187,187,0,6,1124,220.125,0.9764093137254902,1,117,-1,0,0.14285714285714285,0,1,192,
5000290,backup,20260713,regional_hospital,resource_constrained,backup_isolated,workstation,86,267,1929,flat,0.25,24,0.5,isolated,0,0,247,0.9250936329588015,247,9,279,-1,0,1,184,187,185,183,189,183,0,6,1111,217.12500000000003,0.9623161764705882,1,96,-1,0,0.14285714285714285,0,1,192,
5000291,backup,20260713,regional_hospital,resource_constrained,backup_isolated,internet_facing,236,241,1752,flat,0.25,24,0.5,isolated,0,0,227,0.941908713692946,227,9,256,-1,0,1,186,186,186,186,189,186,0,6,1119,218.85000000000002,0.96875,1,88,-1,0,0.14285714285714285,0,1,192,
5000292,backup,20260713,regional_hospital,resource_constrained,backup_isolated,privileged_system,205,237,1746,flat,0.25,24,0.5,isolated,0,0,224,0.9451476793248945,224,9,244,-1,0,1,183,183,187,185,188,183,8,7,1117,217.97500000000002,0.9607843137254902,1,104,-1,0,0.14285714285714285,0,1,192,
5000293,backup,20260713,regional_hospital,resource_constrained,backup_isolated,medical_device,147,200,1424,flat,0.25,24,0.5,isolated,0,0,190,0.95,190,9,210,181,0,1,174,170,167,172,170,165,8,7,1026,200.5,0.8895526960784315,1,64,-1,0,0.5714285714285714,0,1,192,
5000294,backup,20260713,regional_hospital,resource_constrained,backup_isolated,vendor_connection,227,228,1623,flat,0.25,24,0.5,isolated,0,0,215,0.9429824561403509,215,9,249,-1,0,1,188,187,187,187,188,187,8,7,1132,221.27500000000003,0.9754901960784315,1,80,-1,0,0.14285714285714285,0,1,192,
5000295,backup,20260713,regional_hospital,resource_constrained,backup_isolated,workstation,38,271,1955,flat,0.25,24,0.5,isolated,0,0,250,0.922509225092251,250,9,298,-1,0,1,182,185,182,185,182,182,8,7,1106,216.17499999999995,0.9548100490196078,1,128,-1,0,0.14285714285714285,0,1,192,
5000296,backup,20260713,regional_hospital,resource_constrained,backup_isolated,internet_facing,274,279,1982,flat,0.25,24,0.5,isolated,0,0,262,0.9390681003584229,262,9,281,-1,0,1,186,187,186,187,187,186,0,6,1119,219.02499999999998,0.9710477941176471,1,112,-1,0,0.14285714285714285,0,1,192,
5000297,backup,20260713,regional_hospital,resource_constrained,backup_isolated,privileged_system,28,242,1734,flat,0.25,24,0.5,isolated,0,0,229,0.9462809917355371,229,9,254,181,0,1,178,182,180,183,183,178,0,6,1084,211.77500000000003,0.9401041666666669,1,104,-1,0,0.7142857142857143,0,1,192,
5000298,backup,20260713,regional_hospital,resource_constrained,backup_isolated,medical_device,167,232,1699,flat,0.25,24,0.5,isolated,0,0,221,0.9525862068965517,221,9,254,-1,0,1,176,177,177,176,176,176,0,6,1058,207.225,0.9192708333333334,1,103,-1,0,0.14285714285714285,0,1,192,
5000299,backup,20260713,regional_hospital,resource_constrained,backup_isolated,vendor_connection,254,255,1789,flat,0.25,24,0.5,isolated,0,0,243,0.9529411764705882,243,9,269,-1,0,1,188,190,187,191,185,184,0,6,1125,220.4,0.9834558823529411,1,96,-1,0,0.14285714285714285,0,1,192,
5000300,backup,20260713,regional_hospital,intermediate_capacity,backup_connected,workstation,44,217,1722,flat,0.5,12,0.7,connected,0,0,2,0.009216589861751152,2,1,1,9,0,0,0,0,0,8,0,0,0,1,8,1.4,0.008578431372549019,0,688,187,1,1.0,0,1,192,
5000301,backup,20260713,regional_hospital,intermediate_capacity,backup_connected,internet_facing,216,218,1819,flat,0.5,12,0.7,connected,0,0,202,0.926605504587156,202,10,225,118,1,1,141,153,145,177,182,133,165,7,1096,202.325,0.7931985294117664,1,115,-1,0,0.7142857142857143,65,0,192,
5000302,backup,20260713,regional_hospital,intermediate_capacity,backup_connected,privileged_system,248,276,2175,flat,0.5,12,0.7,connected,0,0,248,0.8985507246376812,248,10,276,132,1,1,154,173,162,188,190,154,178,7,1199,222.79999999999998,0.8728553921568639,1,119,191,1,0.8571428571428571,75,0,192,
5000303,backup,20260713,regional_hospital,intermediate_capacity,backup_connected,medical_device,197,282,2317,flat,0.5,12,0.7,connected,0,0,254,0.900709219858156,254,10,270,140,1,1,148,168,158,178,178,148,177,7,1155,214.95000000000005,0.8412990196078441,1,196,-1,0,0.7142857142857143,75,0,192,
5000304,backup,20260713,regional_hospital,intermediate_capacity,backup_connected,vendor_connection,238,239,1887,flat,0.5,12,0.7,connected,0,0,214,0.895397489539749,214,10,233,121,1,1,137,155,147,173,184,137,164,7,1097,202.42499999999998,0.7879901960784328,1,212,181,1,0.8571428571428571,65,0,192,
5000305,backup,20260713,regional_hospital,intermediate_capacity,backup_connected,workstation,81,233,1872,flat,0.5,12,0.7,connected,0,0,1,0.004291845493562232,1,1,0,12,0,0,0,8,0,8,0,0,0,2,16,3.0,0.01838235294117647,0,694,168,1,1.0,0,1,192,
5000306,backup,20260713,regional_hospital,intermediate_capacity,backup_connected,internet_facing,227,233,1873,flat,0.5,12,0.7,connected,0,0,208,0.8927038626609443,208,10,230,91,1,1,128,134,132,157,184,116,131,7,982,180.125,0.7106311274509794,1,192,-1,0,0.7142857142857143,65,0,192,
5000307,backup,20260713,regional_hospital,intermediate_capacity,backup_connected,privileged_system,232,286,2326,flat,0.5,12,0.7,connected,0,0,243,0.8496503496503497,243,10,253,174,1,1,183,183,183,183,183,183,185,7,1283,242.77500000000003,0.953125,1,204,-1,0,0.0,76,0,192,
5000308,backup,20260713,regional_hospital,intermediate_capacity,backup_connected,medical_device,213,299,2421,flat,0.5,12,0.7,connected,0,0,275,0.919732441471572,275,10,294,163,1,1,179,183,185,189,185,179,185,7,1285,242.575,0.9561887254901963,1,148,-1,0,0.2857142857142857,85,0,192,
5000309,backup,20260713,regional_hospital,intermediate_capacity,backup_connected,vendor_connection,226,227,1791,flat,0.5,12,0.7,connected,0,0,202,0.8898678414096917,202,10,213,106,1,1,120,136,127,153,188,120,150,7,994,180.85000000000002,0.689644607843138,1,204,164,1,0.8571428571428571,60,0,192,
5000310,backup,20260713,regional_hospital,intermediate_capacity,backup_connected,workstation,35,266,2115,flat,0.5,12,0.7,connected,0,0,233,0.8759398496240601,233,10,249,163,1,1,176,180,184,182,182,173,184,7,1261,237.975,0.9390318627450984,1,184,-1,0,0.2857142857142857,76,0,192,
5000311,backup,20260713,regional_hospital,intermediate_capacity,backup_connected,internet_facing,287,294,2383,flat,0.5,12,0.7,connected,0,0,248,0.8435374149659864,248,10,267,96,1,1,111,129,118,148,185,111,138,7,940,170.17499999999998,0.6495098039215681,1,211,157,1,0.8571428571428571,81,0,192,
5000312,backup,20260713,regional_hospital,intermediate_capacity,backup_connected,privileged_system,289,299,2447,flat,0.5,12,0.7,connected,0,0,276,0.9230769230769231,276,10,291,117,1,1,128,149,139,174,181,128,156,7,1055,193.82500000000002,0.7568933823529425,1,212,179,1,0.8571428571428571,85,0,192,
5000313,backup,20260713,regional_hospital,intermediate_capacity,backup_connected,medical_device,191,288,2392,flat,0.5,12,0.7,connected,0,0,255,0.8854166666666666,255,10,274,149,1,1,165,184,177,182,182,165,180,7,1235,232.05,0.9174325980392161,1,230,-1,0,0.42857142857142855,82,0,192,
5000314,backup,20260713,regional_hospital,intermediate_capacity,backup_connected,vendor_connection,284,285,2366,flat,0.5,12,0.7,connected,0,0,253,0.887719298245614,253,10,279,101,1,1,113,139,123,151,187,113,146,7,972,176.175,0.674938725490196,1,153,-1,0,0.7142857142857143,82,0,192,
5000315,backup,20260713,regional_hospital,intermediate_capacity,backup_connected,workstation,55,203,1635,flat,0.5,12,0.7,connected,0,0,183,0.9014778325123153,183,10,194,110,1,1,123,135,130,150,177,123,149,7,987,180.975,0.693933823529413,1,171,-1,0,0.7142857142857143,53,0,192,
5000316,backup,20260713,regional_hospital,intermediate_capacity,backup_connected,internet_facing,196,203,1610,flat,0.5,12,0.7,connected,0,0,172,0.8472906403940886,172,10,186,104,1,1,125,142,140,159,189,125,148,7,1028,188.2,0.7290134803921579,1,161,163,1,0.8571428571428571,55,0,192,
5000317,backup,20260713,regional_hospital,intermediate_capacity,backup_connected,privileged_system,169,201,1569,flat,0.5,12,0.7,connected,0,0,178,0.8855721393034826,178,10,192,120,1,1,136,152,144,167,186,136,157,7,1078,198.775,0.7722120098039228,1,183,174,1,0.8571428571428571,47,0,192,
5000318,backup,20260713,regional_hospital,intermediate_capacity,backup_connected,medical_device,183,280,2299,flat,0.5,12,0.7,connected,0,0,250,0.8928571428571429,250,10,271,94,1,1,103,122,118,150,176,103,135,7,907,163.97500000000002,0.630821078431372,1,352,158,1,0.8571428571428571,82,0,192,
5000319,backup,20260713,regional_hospital,intermediate_capacity,backup_connected,vendor_connection,270,271,2221,flat,0.5,12,0.7,connected,0,0,239,0.8819188191881919,239,10,259,117,1,1,140,156,145,174,184,135,166,7,1100,202.95000000000002,0.7921262254901974,1,234,182,1,0.8571428571428571,80,0,192,
5000320,backup,20260713,regional_hospital,intermediate_capacity,backup_connected,workstation,8,203,1674,flat,0.5,12,0.7,connected,0,0,183,0.9014778325123153,183,10,199,111,1,1,130,150,138,167,184,130,154,7,1053,193.52499999999998,0.7522977941176485,1,117,176,1,0.8571428571428571,59,0,192,
5000321,backup,20260713,regional_hospital,intermediate_capacity,backup_connected,internet_facing,207,215,1696,flat,0.5,12,0.7,connected,0,0,189,0.8790697674418605,189,10,196,91,1,1,111,130,110,142,180,102,129,7,904,163.64999999999998,0.6332720588235289,1,229,148,1,1.0,56,0,192,
5000322,backup,20260713,regional_hospital,intermediate_capacity,backup_connected,privileged_system,187,208,1675,flat,0.5,12,0.7,connected,0,0,180,0.8653846153846154,180,10,191,123,1,1,139,156,146,174,184,139,167,7,1105,203.97500000000002,0.7919730392156875,1,161,183,1,0.8571428571428571,55,0,192,
5000323,backup,20260713,regional_hospital,intermediate_capacity,backup_connected,medical_device,157,219,1770,flat,0.5,12,0.7,connected,0,0,197,0.8995433789954338,197,10,216,159,1,1,166,173,173,173,173,165,171,7,1194,225.37500000000003,0.8903186274509808,1,184,-1,0,0.2857142857142857,63,0,192,
5000324,backup,20260713,regional_hospital,intermediate_capacity,backup_connected,vendor_connection,209,210,1696,flat,0.5,12,0.7,connected,0,0,189,0.9,189,10,204,101,1,1,117,135,125,159,183,117,140,7,976,177.825,0.6875000000000008,1,152,162,1,0.8571428571428571,57,0,192,
5000325,backup,20260713,regional_hospital,intermediate_capacity,backup_periodic,workstation,78,244,1950,flat,0.5,12,0.7,periodic,0,0,1,0.004098360655737705,1,1,0,3,0,0,0,8,0,0,0,0,0,1,8,1.6,0.009803921568627453,0,528,111,1,1.0,0,1,135,
5000326,backup,20260713,regional_hospital,intermediate_capacity,backup_periodic,internet_facing,268,274,2212,flat,0.5,12,0.7,periodic,0,0,243,0.8868613138686131,243,10,257,103,1,1,120,139,127,158,189,119,145,7,997,181.45000000000002,0.6986825980392166,1,215,167,1,0.8571428571428571,81,0,192,
5000327,backup,20260713,regional_hospital,intermediate_capacity,backup_periodic,privileged_system,225,264,2094,flat,0.5,12,0.7,periodic,0,0,223,0.8446969696969697,223,10,238,131,1,1,149,166,165,181,190,149,167,7,1167,216.82500000000002,0.8532475490196091,1,213,189,1,0.8571428571428571,69,0,192,
5000328,backup,20260713,regional_hospital,intermediate_capacity,backup_periodic,medical_device,206,293,2401,flat,0.5,12,0.7,periodic,0,0,257,0.8771331058020477,257,10,270,116,1,1,130,148,138,167,182,129,154,7,1048,192.7,0.7498468137254918,1,285,180,1,0.8571428571428571,84,0,192,
5000329,backup,20260713,regional_hospital,intermediate_capacity,backup_periodic,vendor_connection,274,275,2194,flat,0.5,12,0.7,periodic,0,0,244,0.8872727272727273,244,10,267,87,1,1,117,135,124,154,185,117,130,7,962,175.425,0.6807598039215681,1,192,183,1,1.0,78,0,192,
5000330,backup,20260713,regional_hospital,intermediate_capacity,backup_periodic,workstation,101,271,2224,flat,0.5,12,0.7,periodic,0,0,242,0.8929889298892989,242,10,252,179,1,1,180,180,180,185,181,180,172,7,1258,238.275,0.9428615196078431,1,200,-1,0,0.0,78,0,192,
5000331,backup,20260713,regional_hospital,intermediate_capacity,backup_periodic,internet_facing,240,243,1993,flat,0.5,12,0.7,periodic,0,0,210,0.8641975308641975,210,10,218,76,1,1,97,104,93,136,164,87,124,7,805,144.35,0.5500919117647053,1,308,146,1,1.0,68,0,192,
5000332,backup,20260713,regional_hospital,intermediate_capacity,backup_periodic,privileged_system,169,204,1599,flat,0.5,12,0.7,periodic,0,0,176,0.8627450980392157,176,10,177,180,1,1,175,155,169,161,166,153,162,7,1141,216.275,0.8636642156862745,1,222,-1,0,0.0,54,0,192,
5000333,backup,20260713,regional_hospital,intermediate_capacity,backup_periodic,medical_device,191,264,2065,flat,0.5,12,0.7,periodic,0,0,229,0.8674242424242424,229,10,244,140,1,1,150,167,160,182,181,149,176,7,1165,216.775,0.8501838235294126,1,180,-1,0,0.5714285714285714,67,0,192,
5000334,backup,20260713,regional_hospital,intermediate_capacity,backup_periodic,vendor_connection,282,283,2284,flat,0.5,12,0.7,periodic,0,0,254,0.8975265017667845,254,10,278,123,1,1,136,155,146,175,182,136,161,7,1091,201.42499999999998,0.7872242647058839,1,248,183,1,0.8571428571428571,78,0,192,
5000335,backup,20260713,regional_hospital,intermediate_capacity,backup_periodic,workstation,37,201,1618,flat,0.5,12,0.7,periodic,0,0,182,0.9054726368159204,182,10,195,179,1,1,181,176,179,176,178,176,180,7,1246,235.92499999999998,0.9284620098039215,1,144,-1,0,0.0,52,0,192,
5000336,backup,20260713,regional_hospital,intermediate_capacity,backup_periodic,internet_facing,267,276,2228,flat,0.5,12,0.7,periodic,0,0,235,0.8514492753623188,235,10,253,92,1,1,119,146,127,153,185,119,134,7,983,179.675,0.700367647058823,1,317,191,1,1.0,73,0,192,
5000337,backup,20260713,regional_hospital,intermediate_capacity,backup_periodic,privileged_system,182,205,1632,flat,0.5,12,0.7,periodic,0,0,177,0.8634146341463415,177,10,192,154,1,1,171,187,178,185,186,170,184,7,1261,237.025,0.9348958333333336,1,160,-1,0,0.42857142857142855,55,0,192,
5000338,backup,20260713,regional_hospital,intermediate_capacity,backup_periodic,medical_device,156,204,1683,flat,0.5,12,0.7,periodic,0,0,183,0.8970588235294118,183,10,194,117,1,1,136,159,153,176,180,136,155,7,1095,202.87499999999997,0.8028492647058837,1,141,188,1,0.8571428571428571,59,0,192,
5000339,backup,20260713,regional_hospital,intermediate_capacity,backup_periodic,vendor_connection,287,288,2342,flat,0.5,12,0.7,periodic,0,0,255,0.8854166666666666,255,10,270,91,1,1,109,129,116,144,188,109,130,7,925,167.175,0.639399509803921,1,287,152,1,1.0,79,0,192,
5000340,backup,20260713,regional_hospital,intermediate_capacity,backup_periodic,workstation,4,276,2223,flat,0.5,12,0.7,periodic,0,0,247,0.894927536231884,247,10,273,149,1,1,165,183,176,183,183,165,178,7,1233,231.6,0.9159007352941181,1,158,-1,0,0.42857142857142855,78,0,192,
5000341,backup,20260713,regional_hospital,intermediate_capacity,backup_periodic,internet_facing,193,201,1647,flat,0.5,12,0.7,periodic,0,0,185,0.9203980099502488,185,10,203,90,1,1,111,129,119,151,187,111,133,7,941,170.375,0.6541053921568623,1,115,154,1,0.8571428571428571,58,0,192,
5000342,backup,20260713,regional_hospital,intermediate_capacity,backup_periodic,privileged_system,230,268,2185,flat,0.5,12,0.7,periodic,0,0,240,0.8955223880597015,240,10,250,129,1,1,153,173,161,190,191,153,174,7,1195,221.95,0.872089460784315,1,235,192,1,0.8571428571428571,77,0,192,
5000343,backup,20260713,regional_hospital,intermediate_capacity,backup_periodic,medical_device,194,272,2163,flat,0.5,12,0.7,periodic,0,0,219,0.8051470588235294,219,10,232,77,1,1,90,107,106,123,166,90,113,7,795,143.075,0.5470281862745093,1,351,187,1,1.0,72,0,192,
5000344,backup,20260713,regional_hospital,intermediate_capacity,backup_periodic,vendor_connection,281,282,2233,flat,0.5,12,0.7,periodic,0,0,248,0.8794326241134752,248,10,269,134,1,1,146,165,154,181,184,146,173,7,1149,213.02499999999998,0.8322610294117659,1,208,192,1,0.8571428571428571,75,0,192,
5000345,backup,20260713,regional_hospital,intermediate_capacity,backup_periodic,workstation,52,275,2155,flat,0.5,12,0.7,periodic,0,0,245,0.8909090909090909,245,10,261,141,1,1,158,177,166,186,184,158,179,7,1208,225.60000000000002,0.8872549019607852,1,126,-1,0,0.5714285714285714,76,0,192,
5000346,backup,20260713,regional_hospital,intermediate_capacity,backup_periodic,internet_facing,204,206,1692,flat,0.5,12,0.7,periodic,0,0,180,0.8737864077669902,180,10,205,85,1,1,105,122,111,137,179,102,127,7,883,159.5,0.6102941176470583,1,192,147,1,1.0,58,0,192,
5000347,backup,20260713,regional_hospital,intermediate_capacity,backup_periodic,privileged_system,205,237,1898,flat,0.5,12,0.7,periodic,0,0,214,0.9029535864978903,214,10,226,96,1,1,111,132,121,159,186,110,141,7,960,173.70000000000002,0.669117647058823,1,170,192,1,0.8571428571428571,66,0,192,
5000348,backup,20260713,regional_hospital,intermediate_capacity,backup_periodic,medical_device,161,237,1939,flat,0.5,12,0.7,periodic,0,0,201,0.8481012658227848,201,10,212,161,1,1,169,177,175,176,175,167,168,7,1207,228.09999999999997,0.9057904411764709,1,281,-1,0,0.2857142857142857,64,0,192,
5000349,backup,20260713,regional_hospital,intermediate_capacity,backup_periodic,vendor_connection,270,271,2238,flat,0.5,12,0.7,periodic,0,0,250,0.922509225092251,250,10,262,113,1,1,134,154,144,172,189,134,153,7,1080,198.79999999999998,0.7769607843137271,1,227,176,1,0.8571428571428571,78,0,192,
5000350,backup,20260713,regional_hospital,intermediate_capacity,backup_isolated,workstation,18,204,1612,flat,0.5,12,0.7,isolated,0,0,1,0.004901960784313725,1,1,0,2,0,0,0,0,0,0,0,0,0,0,0,0.0,0.0,0,0,0,1,1.0,0,1,4,
5000351,backup,20260713,regional_hospital,intermediate_capacity,backup_isolated,internet_facing,283,289,2201,flat,0.5,12,0.7,isolated,0,0,238,0.8235294117647058,238,9,250,142,0,1,138,146,140,145,155,138,0,6,862,167.125,0.7388174019607846,1,341,-1,0,0.14285714285714285,0,1,192,
5000352,backup,20260713,regional_hospital,intermediate_capacity,backup_isolated,privileged_system,170,214,1642,flat,0.5,12,0.7,isolated,0,0,167,0.780373831775701,167,9,175,93,0,1,91,97,93,98,132,91,16,7,618,116.30000000000001,0.4915747549019607,1,272,140,1,1.0,0,1,155,
5000353,backup,20260713,regional_hospital,intermediate_capacity,backup_isolated,medical_device,170,227,1763,flat,0.5,12,0.7,isolated,0,0,182,0.801762114537445,182,9,196,94,0,1,90,94,92,100,107,90,8,7,581,111.65,0.4871323529411764,1,320,108,1,1.0,0,1,165,
5000354,backup,20260713,regional_hospital,intermediate_capacity,backup_isolated,vendor_connection,242,243,1915,flat,0.5,12,0.7,isolated,0,0,214,0.8806584362139918,214,9,234,101,0,1,101,105,103,109,118,100,16,7,652,125.2,0.5422794117647057,1,288,117,1,1.0,0,1,192,
5000355,backup,20260713,regional_hospital,intermediate_capacity,backup_isolated,workstation,30,231,1765,flat,0.5,12,0.7,isolated,0,0,190,0.8225108225108225,190,9,204,-1,0,1,176,176,179,176,177,176,0,6,1060,207.57499999999996,0.9208026960784315,1,180,-1,0,0.14285714285714285,0,1,192,
5000356,backup,20260713,regional_hospital,intermediate_capacity,backup_isolated,internet_facing,209,212,1676,flat,0.5,12,0.7,isolated,0,0,168,0.7924528301886793,168,9,177,99,0,1,101,106,103,108,118,101,0,6,637,123.05000000000001,0.5424325980392156,1,248,113,1,1.0,0,1,179,
5000357,backup,20260713,regional_hospital,intermediate_capacity,backup_isolated,privileged_system,243,273,2116,flat,0.5,12,0.7,isolated,0,0,231,0.8461538461538461,231,9,248,120,0,1,123,127,124,130,141,123,8,7,776,149.775,0.6544117647058822,1,296,135,1,0.8571428571428571,0,1,192,
5000358,backup,20260713,regional_hospital,intermediate_capacity,backup_isolated,medical_device,190,247,1931,flat,0.5,12,0.7,isolated,0,0,1,0.004048582995951417,1,1,0,2,0,0,0,0,0,0,0,0,0,0,0,0.0,0.0,0,40,0,1,1.0,0,1,18,
5000359,backup,20260713,regional_hospital,intermediate_capacity,backup_isolated,vendor_connection,235,236,1775,flat,0.5,12,0.7,isolated,0,0,193,0.8177966101694916,193,9,205,124,0,1,118,121,128,126,144,117,0,6,754,145.275,0.6406249999999999,1,240,138,1,1.0,0,1,177,
5000360,backup,20260713,regional_hospital,intermediate_capacity,backup_isolated,workstation,63,214,1626,flat,0.5,12,0.7,isolated,0,0,176,0.822429906542056,176,9,182,185,0,1,161,165,162,167,162,161,0,6,978,191.35,0.8512561274509806,1,296,-1,0,0.42857142857142855,0,1,192,
5000361,backup,20260713,regional_hospital,intermediate_capacity,backup_isolated,internet_facing,233,236,1820,flat,0.5,12,0.7,isolated,0,0,195,0.826271186440678,195,9,209,176,0,1,181,186,183,188,191,181,0,6,1110,216.35,0.9590992647058826,1,168,190,1,0.8571428571428571,0,1,192,
5000362,backup,20260713,regional_hospital,intermediate_capacity,backup_isolated,privileged_system,211,243,1866,flat,0.5,12,0.7,isolated,0,0,205,0.8436213991769548,205,9,210,111,0,1,104,112,106,119,124,104,8,7,677,130.075,0.5703124999999998,1,330,-1,0,0.8571428571428571,0,1,192,
5000363,backup,20260713,regional_hospital,intermediate_capacity,backup_isolated,medical_device,143,212,1607,flat,0.5,12,0.7,isolated,0,0,174,0.8207547169811321,174,9,189,128,0,1,132,131,132,133,144,127,0,6,799,155.15,0.6873468137254903,1,268,142,1,1.0,0,1,192,
5000364,backup,20260713,regional_hospital,intermediate_capacity,backup_isolated,vendor_connection,259,260,1978,flat,0.5,12,0.7,isolated,0,0,206,0.7923076923076923,206,9,211,145,0,1,140,144,142,148,155,140,0,6,869,168.65,0.7454044117647061,1,308,158,1,1.0,0,1,192,
5000365,backup,20260713,regional_hospital,intermediate_capacity,backup_isolated,workstation,91,262,2027,flat,0.5,12,0.7,isolated,0,0,213,0.8129770992366412,213,9,234,152,0,1,132,138,152,137,145,130,0,6,834,162.525,0.7277879901960781,1,266,187,1,1.0,0,1,192,
5000366,backup,20260713,regional_hospital,intermediate_capacity,backup_isolated,internet_facing,224,228,1758,flat,0.5,12,0.7,isolated,0,0,201,0.881578947368421,201,9,206,171,0,1,169,174,175,176,184,169,0,6,1047,203.65000000000003,0.9021139705882355,1,135,185,1,0.8571428571428571,0,1,192,
5000367,backup,20260713,regional_hospital,intermediate_capacity,backup_isolated,privileged_system,31,277,2110,flat,0.5,12,0.7,isolated,0,0,243,0.8772563176895307,243,9,256,127,0,1,121,126,126,128,139,121,8,7,769,148.525,0.650735294117647,1,312,141,1,1.0,0,1,181,
5000368,backup,20260713,regional_hospital,intermediate_capacity,backup_isolated,medical_device,172,235,1810,flat,0.5,12,0.7,isolated,0,0,184,0.7829787234042553,184,9,194,90,0,1,88,89,88,89,107,80,0,6,541,103.875,0.4606311274509803,1,224,104,1,1.0,0,1,139,
5000369,backup,20260713,regional_hospital,intermediate_capacity,backup_isolated,vendor_connection,251,252,1977,flat,0.5,12,0.7,isolated,0,0,210,0.8333333333333334,210,9,219,102,0,1,96,101,104,105,114,94,0,6,614,118.52500000000002,0.5268075980392156,1,429,189,1,1.0,0,1,192,
5000370,backup,20260713,regional_hospital,intermediate_capacity,backup_isolated,workstation,8,212,1637,flat,0.5,12,0.7,isolated,0,0,177,0.8349056603773585,177,9,184,98,0,1,96,97,94,101,117,92,0,6,597,114.62500000000001,0.503829656862745,1,375,113,1,1.0,0,1,192,
5000371,backup,20260713,regional_hospital,intermediate_capacity,backup_isolated,internet_facing,273,278,2092,flat,0.5,12,0.7,isolated,0,0,227,0.8165467625899281,227,9,242,124,0,1,123,137,125,138,144,123,0,6,790,152.50000000000003,0.6766237745098044,1,372,176,1,1.0,0,1,192,
5000372,backup,20260713,regional_hospital,intermediate_capacity,backup_isolated,privileged_system,230,280,2140,flat,0.5,12,0.7,isolated,0,0,239,0.8535714285714285,239,9,259,105,0,1,115,113,110,114,123,107,0,6,682,132.42499999999998,0.5885416666666666,1,328,181,1,1.0,0,1,191,
5000373,backup,20260713,regional_hospital,intermediate_capacity,backup_isolated,medical_device,178,227,1784,flat,0.5,12,0.7,isolated,0,0,195,0.8590308370044053,195,9,210,106,0,1,99,115,104,111,122,99,0,6,650,125.05000000000001,0.5549938725490194,1,200,166,1,1.0,0,1,172,
5000374,backup,20260713,regional_hospital,intermediate_capacity,backup_isolated,vendor_connection,235,236,1851,flat,0.5,12,0.7,isolated,0,0,195,0.826271186440678,195,9,212,108,0,1,116,114,110,115,125,108,0,6,688,133.475,0.5923713235294118,1,376,174,1,1.0,0,1,192,
5000375,backup,20260713,regional_hospital,high_capacity,backup_connected,workstation,71,286,2580,flat,0.75,3,0.9,connected,0,0,1,0.0034965034965034965,1,1,0,3,0,0,0,0,8,0,0,0,0,1,8,1.8,0.011029411764705883,0,749,142,1,1.0,0,1,192,
5000376,backup,20260713,regional_hospital,high_capacity,backup_connected,internet_facing,241,247,2080,flat,0.75,3,0.9,connected,0,0,27,0.10931174089068826,27,10,28,24,1,1,0,0,0,0,0,0,0,0,0,0.0,0.0,0,769,0,1,1.0,7,0,192,
5000377,backup,20260713,regional_hospital,high_capacity,backup_connected,privileged_system,148,278,2456,flat,0.75,3,0.9,connected,0,0,1,0.0035971223021582736,1,1,0,4,0,0,8,0,0,0,0,0,0,1,8,2.0,0.01225490196078431,0,776,106,1,1.0,0,1,157,
5000378,backup,20260713,regional_hospital,high_capacity,backup_connected,medical_device,144,222,1990,flat,0.75,3,0.9,connected,0,0,1,0.0045045045045045045,1,1,0,4,0,0,0,0,0,0,0,0,0,0,0,0.0,0.0,0,0,0,1,1.0,0,1,6,
5000379,backup,20260713,regional_hospital,high_capacity,backup_connected,vendor_connection,261,262,2248,flat,0.75,3,0.9,connected,0,0,1,0.003816793893129771,1,1,0,3,0,0,0,0,0,0,0,0,8,1,8,1.2,0.0,0,336,0,1,1.0,0,1,84,
5000380,backup,20260713,regional_hospital,high_capacity,backup_connected,workstation,60,228,1942,flat,0.75,3,0.9,connected,0,0,2,0.008771929824561403,2,2,1,3,0,0,0,0,0,0,0,0,8,1,8,1.2,0.0,0,440,0,1,1.0,0,1,129,
5000381,backup,20260713,regional_hospital,high_capacity,backup_connected,internet_facing,277,282,2519,flat,0.75,3,0.9,connected,0,0,1,0.0035460992907801418,1,1,0,4,0,0,0,0,0,0,0,0,0,0,0,0.0,0.0,0,176,0,1,1.0,0,1,43,
5000382,backup,20260713,regional_hospital,high_capacity,backup_connected,privileged_system,204,225,1971,flat,0.75,3,0.9,connected,0,0,48,0.21333333333333335,48,10,49,23,1,1,44,43,42,42,42,42,20,7,275,53.05000000000001,0.22303921568627452,1,657,127,1,1.0,23,0,192,
5000383,backup,20260713,regional_hospital,high_capacity,backup_connected,medical_device,191,275,2398,flat,0.75,3,0.9,connected,0,0,7,0.025454545454545455,7,3,6,14,0,0,0,0,0,0,0,0,0,0,0,0.0,0.0,0,416,0,1,1.0,0,1,93,
5000384,backup,20260713,regional_hospital,high_capacity,backup_connected,vendor_connection,216,217,1928,flat,0.75,3,0.9,connected,0,0,75,0.3456221198156682,75,10,77,34,1,1,31,47,44,53,33,31,8,7,247,47.8,0.22257965686274483,1,599,-1,0,0.8571428571428571,30,0,192,
5000385,backup,20260713,regional_hospital,high_capacity,backup_connected,workstation,76,255,2170,flat,0.75,3,0.9,connected,0,0,1,0.00392156862745098,1,1,0,2,0,0,0,0,8,8,0,0,0,2,16,3.2,0.019607843137254898,0,384,99,1,1.0,0,1,107,
5000386,backup,20260713,regional_hospital,high_capacity,backup_connected,internet_facing,262,269,2384,flat,0.75,3,0.9,connected,0,0,3,0.011152416356877323,3,2,2,4,0,0,8,8,8,8,8,8,0,6,48,9.4,0.041666666666666664,0,56,18,1,1.0,0,1,29,
5000387,backup,20260713,regional_hospital,high_capacity,backup_connected,privileged_system,185,227,1923,flat,0.75,3,0.9,connected,0,0,1,0.004405286343612335,1,1,0,2,0,0,0,0,0,0,0,0,0,0,0,0.0,0.0,0,0,0,1,1.0,0,1,4,
5000388,backup,20260713,regional_hospital,high_capacity,backup_connected,medical_device,155,210,1887,flat,0.75,3,0.9,connected,0,0,5,0.023809523809523808,5,3,4,12,0,0,0,0,0,12,0,0,8,2,20,3.3,0.01286764705882353,1,632,14,1,1.0,0,1,173,
5000389,backup,20260713,regional_hospital,high_capacity,backup_connected,vendor_connection,216,217,1907,flat,0.75,3,0.9,connected,0,0,78,0.35944700460829493,78,10,79,33,1,1,40,49,44,57,76,40,29,7,335,60.62500000000001,0.24310661764705857,1,344,65,1,1.0,31,0,118,
5000390,backup,20260713,regional_hospital,high_capacity,backup_connected,workstation,87,227,1934,flat,0.75,3,0.9,connected,0,0,51,0.22466960352422907,51,10,50,61,1,1,49,49,49,49,69,49,59,7,373,68.425,0.2552083333333333,1,698,67,1,1.0,17,0,192,
5000391,backup,20260713,regional_hospital,high_capacity,backup_connected,internet_facing,220,226,1892,flat,0.75,3,0.9,connected,0,0,13,0.05752212389380531,13,7,12,16,1,0,0,0,0,8,0,0,0,1,8,1.4,0.008578431372549019,0,504,128,1,1.0,7,0,156,
5000392,backup,20260713,regional_hospital,high_capacity,backup_connected,privileged_system,180,212,1819,flat,0.75,3,0.9,connected,0,0,59,0.2783018867924528,59,10,59,68,1,1,52,54,55,52,52,52,67,7,384,72.22500000000001,0.2774203431372549,1,528,86,1,1.0,20,0,192,
5000393,backup,20260713,regional_hospital,high_capacity,backup_connected,medical_device,152,202,1785,flat,0.75,3,0.9,connected,0,0,75,0.3712871287128713,75,10,76,29,1,1,36,46,36,36,40,36,46,7,276,51.6,0.19975490196078427,1,200,52,1,1.0,32,0,109,
5000394,backup,20260713,regional_hospital,high_capacity,backup_connected,vendor_connection,258,259,2243,flat,0.75,3,0.9,connected,0,0,98,0.3783783783783784,98,10,97,58,1,1,56,68,67,92,56,48,63,7,450,84.625,0.36014093137254877,1,713,182,1,1.0,37,0,192,
5000395,backup,20260713,regional_hospital,high_capacity,backup_connected,workstation,64,228,1964,flat,0.75,3,0.9,connected,0,0,1,0.0043859649122807015,1,1,0,5,0,0,0,0,0,0,0,0,0,0,0,0.0,0.0,0,152,0,1,1.0,0,1,42,
5000396,backup,20260713,regional_hospital,high_capacity,backup_connected,internet_facing,203,212,1883,flat,0.75,3,0.9,connected,0,0,1,0.0047169811320754715,1,1,0,2,0,0,0,0,0,0,0,0,8,1,8,1.2,0.0,0,64,0,1,1.0,0,1,25,
5000397,backup,20260713,regional_hospital,high_capacity,backup_connected,privileged_system,247,300,2573,flat,0.75,3,0.9,connected,0,0,18,0.06,18,7,17,20,1,0,0,0,8,0,0,0,0,1,8,1.8,0.011029411764705883,0,184,40,1,1.0,5,0,48,
5000398,backup,20260713,regional_hospital,high_capacity,backup_connected,medical_device,154,219,1891,flat,0.75,3,0.9,connected,0,0,87,0.3972602739726027,87,10,87,42,1,1,34,58,47,56,8,8,49,7,260,50.425,0.24800857843137217,1,320,78,1,1.0,39,0,139,
5000399,backup,20260713,regional_hospital,high_capacity,backup_connected,vendor_connection,229,230,1937,flat,0.75,3,0.9,connected,0,0,1,0.004347826086956522,1,1,0,2,0,0,0,0,0,0,0,0,0,0,0,0.0,0.0,0,248,0,1,1.0,0,1,64,
5000400,backup,20260713,regional_hospital,high_capacity,backup_periodic,workstation,79,240,2052,flat,0.75,3,0.9,periodic,0,0,1,0.004166666666666667,1,1,0,3,0,0,0,0,8,0,0,0,0,1,8,1.8,0.011029411764705883,0,160,30,1,1.0,0,1,35,
5000401,backup,20260713,regional_hospital,high_capacity,backup_periodic,internet_facing,271,281,2466,flat,0.75,3,0.9,periodic,0,0,7,0.02491103202846975,7,5,6,20,0,0,0,8,16,0,8,0,0,3,32,6.0,0.03186274509803922,0,1000,161,1,1.0,0,1,192,
5000402,backup,20260713,regional_hospital,high_capacity,backup_periodic,privileged_system,215,266,2306,flat,0.75,3,0.9,periodic,0,0,35,0.13157894736842105,35,8,34,51,0,1,0,0,0,16,37,0,0,2,53,6.5,0.017156862745098044,0,759,137,1,1.0,0,1,192,
5000403,backup,20260713,regional_hospital,high_capacity,backup_periodic,medical_device,151,216,1844,flat,0.75,3,0.9,periodic,0,0,1,0.004629629629629629,1,1,0,2,0,0,0,0,0,0,0,0,0,0,0,0.0,0.0,0,176,0,1,1.0,0,1,67,
5000404,backup,20260713,regional_hospital,high_capacity,backup_periodic,vendor_connection,272,273,2309,flat,0.75,3,0.9,periodic,0,0,1,0.003663003663003663,1,1,0,2,0,0,0,0,0,8,0,0,8,2,16,2.5999999999999996,0.008578431372549019,0,704,46,1,1.0,0,1,139,
5000405,backup,20260713,regional_hospital,high_capacity,backup_periodic,workstation,76,253,2258,flat,0.75,3,0.9,periodic,0,0,1,0.003952569169960474,1,1,0,3,0,0,16,16,16,16,16,16,0,6,96,18.8,0.08333333333333333,0,512,67,1,1.0,0,1,118,
5000406,backup,20260713,regional_hospital,high_capacity,backup_periodic,internet_facing,260,269,2408,flat,0.75,3,0.9,periodic,0,0,1,0.0037174721189591076,1,1,0,4,0,0,0,0,0,0,0,0,0,0,0,0.0,0.0,0,0,0,1,1.0,0,1,6,
5000407,backup,20260713,regional_hospital,high_capacity,backup_periodic,privileged_system,58,209,1824,flat,0.75,3,0.9,periodic,0,0,3,0.014354066985645933,3,1,2,4,0,0,16,8,8,8,8,8,0,6,56,11.4,0.05392156862745101,0,376,59,1,1.0,0,1,94,
5000408,backup,20260713,regional_hospital,high_capacity,backup_periodic,medical_device,132,201,1690,flat,0.75,3,0.9,periodic,0,0,1,0.004975124378109453,1,1,0,3,0,0,0,0,0,0,0,0,0,0,0,0.0,0.0,0,56,0,1,1.0,0,1,19,
5000409,backup,20260713,regional_hospital,high_capacity,backup_periodic,vendor_connection,228,229,1916,flat,0.75,3,0.9,periodic,0,0,42,0.18340611353711792,42,9,41,28,0,1,16,27,16,26,8,8,0,6,101,20.150000000000002,0.10753676470588237,1,320,81,1,1.0,0,1,88,
5000410,backup,20260713,regional_hospital,high_capacity,backup_periodic,workstation,73,200,1682,flat,0.75,3,0.9,periodic,0,0,1,0.005,1,1,0,2,0,0,0,0,0,0,0,0,0,0,0,0.0,0.0,0,16,0,1,1.0,0,1,10,
5000411,backup,20260713,regional_hospital,high_capacity,backup_periodic,internet_facing,217,219,1873,flat,0.75,3,0.9,periodic,0,0,25,0.1141552511415525,25,8,24,38,1,0,8,8,0,8,0,0,8,4,32,6.2,0.030637254901960783,0,312,44,1,1.0,10,0,88,
5000412,backup,20260713,regional_hospital,high_capacity,backup_periodic,privileged_system,262,300,2688,flat,0.75,3,0.9,periodic,0,0,2,0.006666666666666667,2,1,1,5,0,0,0,0,0,0,4,0,0,1,4,0.4,0.0,0,248,0,1,1.0,0,1,59,
5000413,backup,20260713,regional_hospital,high_capacity,backup_periodic,medical_device,180,248,2148,flat,0.75,3,0.9,periodic,0,0,1,0.004032258064516129,1,1,0,3,0,0,0,0,0,8,0,0,0,1,8,1.4,0.008578431372549019,0,320,18,1,1.0,0,1,77,
5000414,backup,20260713,regional_hospital,high_capacity,backup_periodic,vendor_connection,225,226,1938,flat,0.75,3,0.9,periodic,0,0,5,0.022123893805309734,5,3,4,12,0,0,0,0,0,8,0,0,0,1,8,1.4,0.008578431372549019,0,683,59,1,1.0,0,1,192,
5000415,backup,20260713,regional_hospital,high_capacity,backup_periodic,workstation,14,207,1832,flat,0.75,3,0.9,periodic,0,0,26,0.12560386473429952,26,8,25,48,1,0,16,25,16,33,16,16,0,6,122,23.575000000000003,0.11259191176470586,1,625,188,1,1.0,14,0,192,
5000416,backup,20260713,regional_hospital,high_capacity,backup_periodic,internet_facing,282,284,2521,flat,0.75,3,0.9,periodic,0,0,30,0.1056338028169014,30,9,29,25,1,1,8,8,16,8,10,8,0,6,58,11.4,0.052696078431372584,0,192,37,1,1.0,8,0,48,
5000417,backup,20260713,regional_hospital,high_capacity,backup_periodic,privileged_system,224,280,2491,flat,0.75,3,0.9,periodic,0,0,10,0.03571428571428571,10,6,9,10,0,0,8,8,8,16,16,8,0,6,64,11.6,0.05024509803921568,0,800,143,1,1.0,0,1,189,
5000418,backup,20260713,regional_hospital,high_capacity,backup_periodic,medical_device,164,240,2031,flat,0.75,3,0.9,periodic,0,0,1,0.004166666666666667,1,1,0,5,0,0,0,0,0,0,0,0,0,0,0,0.0,0.0,0,16,0,1,1.0,0,1,9,
5000419,backup,20260713,regional_hospital,high_capacity,backup_periodic,vendor_connection,231,232,1959,flat,0.75,3,0.9,periodic,0,0,5,0.021551724137931036,5,4,4,9,0,0,0,0,0,0,0,0,0,0,0,0.0,0.0,0,216,0,1,1.0,0,1,75,
5000420,backup,20260713,regional_hospital,high_capacity,backup_periodic,workstation,59,221,1942,flat,0.75,3,0.9,periodic,0,0,1,0.004524886877828055,1,1,0,6,0,0,0,0,0,8,0,0,0,1,8,1.4,0.008578431372549019,0,504,103,1,1.0,0,1,118,
5000421,backup,20260713,regional_hospital,high_capacity,backup_periodic,internet_facing,257,262,2264,flat,0.75,3,0.9,periodic,0,0,6,0.022900763358778626,6,2,5,16,0,0,0,8,0,4,8,0,16,4,36,5.5,0.014093137254901961,0,720,60,1,1.0,0,1,192,
5000422,backup,20260713,regional_hospital,high_capacity,backup_periodic,privileged_system,166,201,1771,flat,0.75,3,0.9,periodic,0,0,2,0.009950248756218905,2,2,1,4,0,0,8,8,8,8,8,8,0,6,48,9.4,0.041666666666666664,0,408,114,1,1.0,0,1,129,
5000423,backup,20260713,regional_hospital,high_capacity,backup_periodic,medical_device,173,228,1991,flat,0.75,3,0.9,periodic,0,0,1,0.0043859649122807015,1,1,0,2,0,0,0,0,0,0,0,0,0,0,0,0.0,0.0,0,352,0,1,1.0,0,1,106,
5000424,backup,20260713,regional_hospital,high_capacity,backup_periodic,vendor_connection,297,298,2669,flat,0.75,3,0.9,periodic,0,0,114,0.3825503355704698,114,10,114,35,1,1,30,33,38,52,72,30,42,7,297,52.0,0.19454656862745076,1,733,69,1,1.0,48,0,192,
5000425,backup,20260713,regional_hospital,high_capacity,backup_isolated,workstation,16,220,1779,flat,0.75,3,0.9,isolated,0,0,1,0.004545454545454545,1,1,0,3,0,0,0,0,0,0,0,0,0,0,0,0.0,0.0,0,456,0,1,1.0,0,1,147,
5000426,backup,20260713,regional_hospital,high_capacity,backup_isolated,internet_facing,207,209,1686,flat,0.75,3,0.9,isolated,0,0,1,0.004784688995215311,1,1,0,3,0,0,8,0,0,0,0,0,0,1,8,2.0,0.01225490196078431,0,96,24,1,1.0,0,1,31,
5000427,backup,20260713,regional_hospital,high_capacity,backup_isolated,privileged_system,199,240,1925,flat,0.75,3,0.9,isolated,0,0,9,0.0375,9,3,8,18,0,0,8,24,8,8,16,8,0,6,72,13.400000000000002,0.06127450980392157,0,723,178,1,1.0,0,1,192,
5000428,backup,20260713,regional_hospital,high_capacity,backup_isolated,medical_device,193,272,2333,flat,0.75,3,0.9,isolated,0,0,1,0.003676470588235294,1,1,0,8,0,0,0,0,0,0,0,0,0,0,0,0.0,0.0,0,608,0,1,1.0,0,1,142,
5000429,backup,20260713,regional_hospital,high_capacity,backup_isolated,vendor_connection,264,265,2296,flat,0.75,3,0.9,isolated,0,0,76,0.28679245283018867,76,9,78,51,0,1,55,37,45,53,37,37,8,7,272,53.775000000000006,0.24846813725490216,1,763,154,1,1.0,0,1,192,
5000430,backup,20260713,regional_hospital,high_capacity,backup_isolated,workstation,47,275,2272,flat,0.75,3,0.9,isolated,0,0,66,0.24,66,9,67,39,0,1,17,17,17,33,22,17,0,6,123,23.275,0.10569852941176472,1,752,42,1,1.0,0,1,192,
5000431,backup,20260713,regional_hospital,high_capacity,backup_isolated,internet_facing,232,239,1985,flat,0.75,3,0.9,isolated,0,0,3,0.012552301255230125,3,2,2,9,0,0,8,8,16,8,8,8,0,6,56,11.200000000000001,0.052696078431372584,0,616,62,1,1.0,0,1,161,
5000432,backup,20260713,regional_hospital,high_capacity,backup_isolated,privileged_system,206,235,1898,flat,0.75,3,0.9,isolated,0,0,54,0.2297872340425532,54,9,54,38,0,1,47,47,57,51,54,47,8,7,311,60.075,0.26286764705882354,1,640,183,1,1.0,0,1,186,
5000433,backup,20260713,regional_hospital,high_capacity,backup_isolated,medical_device,183,268,2160,flat,0.75,3,0.9,isolated,0,0,85,0.31716417910447764,85,9,84,38,0,1,9,30,41,14,33,0,0,5,127,23.225,0.12208946078431378,1,789,157,1,1.0,0,1,192,
5000434,backup,20260713,regional_hospital,high_capacity,backup_isolated,vendor_connection,280,281,2295,flat,0.75,3,0.9,isolated,0,0,2,0.0071174377224199285,2,2,1,4,0,0,13,16,16,8,11,8,8,7,80,15.55,0.07015931372549021,0,1021,-1,0,0.8571428571428571,0,1,192,
5000435,backup,20260713,regional_hospital,high_capacity,backup_isolated,workstation,76,280,2342,flat,0.75,3,0.9,isolated,0,0,1,0.0035714285714285713,1,1,0,3,0,0,0,8,8,0,0,0,0,2,16,3.4000000000000004,0.020833333333333332,0,792,167,1,1.0,0,1,179,
5000436,backup,20260713,regional_hospital,high_capacity,backup_isolated,internet_facing,221,227,1882,flat,0.75,3,0.9,isolated,0,0,57,0.2511013215859031,57,9,56,34,0,1,25,25,31,31,25,25,0,6,162,31.775000000000002,0.14491421568627452,1,80,39,1,1.0,0,1,48,
5000437,backup,20260713,regional_hospital,high_capacity,backup_isolated,privileged_system,243,267,2181,flat,0.75,3,0.9,isolated,0,0,81,0.30337078651685395,81,9,82,42,0,1,52,49,46,45,45,45,0,6,282,55.65,0.25137867647058826,1,448,96,1,1.0,0,1,124,
5000438,backup,20260713,regional_hospital,high_capacity,backup_isolated,medical_device,208,294,2393,flat,0.75,3,0.9,isolated,0,0,77,0.2619047619047619,77,9,76,68,0,1,27,0,0,55,44,0,0,3,126,20.775,0.10033700980392163,1,776,132,1,1.0,0,1,158,
5000439,backup,20260713,regional_hospital,high_capacity,backup_isolated,vendor_connection,297,298,2443,flat,0.75,3,0.9,isolated,0,0,1,0.003355704697986577,1,1,0,2,0,0,0,0,0,0,0,0,0,0,0,0.0,0.0,0,0,0,1,1.0,0,1,4,
5000440,backup,20260713,regional_hospital,high_capacity,backup_isolated,workstation,104,263,2153,flat,0.75,3,0.9,isolated,0,0,2,0.0076045627376425855,2,1,1,2,0,0,0,0,0,0,0,0,0,0,0,0.0,0.0,0,0,0,1,1.0,0,1,4,
5000441,backup,20260713,regional_hospital,high_capacity,backup_isolated,internet_facing,197,200,1629,flat,0.75,3,0.9,isolated,0,0,59,0.295,59,9,60,25,0,1,19,19,19,24,19,19,0,6,119,23.199999999999996,0.1043198529411765,1,448,31,1,1.0,0,1,152,
5000442,backup,20260713,regional_hospital,high_capacity,backup_isolated,privileged_system,266,272,2319,flat,0.75,3,0.9,isolated,0,0,91,0.33455882352941174,91,9,90,46,0,1,44,46,44,47,51,44,0,6,276,53.325,0.23483455882352935,1,344,53,1,1.0,0,1,115,
5000443,backup,20260713,regional_hospital,high_capacity,backup_isolated,medical_device,167,243,1988,flat,0.75,3,0.9,isolated,0,0,1,0.00411522633744856,1,1,0,3,0,0,8,0,8,0,0,0,0,2,16,3.8,0.023284313725490193,0,736,167,1,1.0,0,1,174,
5000444,backup,20260713,regional_hospital,high_capacity,backup_isolated,vendor_connection,206,207,1733,flat,0.75,3,0.9,isolated,0,0,18,0.08695652173913043,18,7,17,20,0,0,8,0,0,0,0,0,0,1,8,2.0,0.01225490196078431,0,232,46,1,1.0,0,1,74,
5000445,backup,20260713,regional_hospital,high_capacity,backup_isolated,workstation,37,206,1686,flat,0.75,3,0.9,isolated,0,0,2,0.009708737864077669,2,1,1,12,0,0,0,0,0,0,0,0,0,0,0,0.0,0.0,0,296,0,1,1.0,0,1,82,
5000446,backup,20260713,regional_hospital,high_capacity,backup_isolated,internet_facing,239,246,2108,flat,0.75,3,0.9,isolated,0,0,1,0.0040650406504065045,1,1,0,3,0,0,16,16,16,16,16,16,8,7,104,20.0,0.08333333333333333,0,424,47,1,1.0,0,1,107,
5000447,backup,20260713,regional_hospital,high_capacity,backup_isolated,privileged_system,172,200,1650,flat,0.75,3,0.9,isolated,0,0,66,0.33,66,9,66,72,0,1,38,44,38,71,51,38,0,6,280,52.925,0.24065563725490188,1,610,80,1,1.0,0,1,192,
5000448,backup,20260713,regional_hospital,high_capacity,backup_isolated,medical_device,191,242,2018,flat,0.75,3,0.9,isolated,0,0,1,0.004132231404958678,1,1,0,12,0,0,8,8,8,22,16,8,8,7,78,13.85,0.056678921568627395,1,739,169,1,1.0,0,1,192,
5000449,backup,20260713,regional_hospital,high_capacity,backup_isolated,vendor_connection,275,276,2318,flat,0.75,3,0.9,isolated,0,0,1,0.0036231884057971015,1,1,0,8,0,0,0,0,0,8,8,0,0,2,16,2.2,0.008578431372549019,0,883,121,1,1.0,0,1,192,
5000450,backup,20260713,large_hospital,resource_constrained,backup_connected,workstation,301,880,6815,flat,0.25,24,0.5,connected,0,0,871,0.9897727272727272,871,10,993,-1,1,1,179,179,181,180,182,178,179,7,1258,237.875,0.9361213235294118,1,248,-1,0,0.0,252,0,192,
5000451,backup,20260713,large_hospital,resource_constrained,backup_connected,internet_facing,870,890,7060,flat,0.25,24,0.5,connected,0,0,875,0.9831460674157303,875,10,997,-1,1,1,182,182,182,183,182,182,182,7,1275,241.325,0.9489889705882352,1,192,-1,0,0.0,268,0,192,
5000452,backup,20260713,large_hospital,resource_constrained,backup_connected,privileged_system,804,914,7028,flat,0.25,24,0.5,connected,0,0,891,0.9748358862144421,891,10,1026,-1,1,1,189,188,187,187,187,187,185,7,1310,248.175,0.9782475490196078,1,199,-1,0,0.0,259,0,192,
5000453,backup,20260713,large_hospital,resource_constrained,backup_connected,medical_device,556,761,5894,flat,0.25,24,0.5,connected,0,0,747,0.9816031537450722,747,10,862,-1,1,1,188,188,188,188,188,188,185,7,1313,248.65000000000003,0.9791666666666666,1,152,-1,0,0.0,222,0,192,
5000454,backup,20260713,large_hospital,resource_constrained,backup_connected,vendor_connection,925,926,6993,flat,0.25,24,0.5,connected,0,0,911,0.9838012958963283,911,10,1034,-1,1,1,187,187,187,187,187,187,185,7,1307,247.47500000000002,0.9739583333333334,1,264,-1,0,0.0,258,0,192,
5000455,backup,20260713,large_hospital,resource_constrained,backup_connected,workstation,368,1000,7662,flat,0.25,24,0.5,connected,0,0,980,0.98,980,10,1132,-1,1,1,176,177,176,176,176,176,176,7,1233,233.4,0.9178921568627452,1,312,-1,0,0.0,277,0,192,
5000456,backup,20260713,large_hospital,resource_constrained,backup_connected,internet_facing,758,786,5963,flat,0.25,24,0.5,connected,0,0,768,0.9770992366412213,768,10,872,-1,1,1,186,186,183,183,183,183,184,7,1288,243.97500000000002,0.9613970588235294,1,136,-1,0,0.0,228,0,192,
5000457,backup,20260713,large_hospital,resource_constrained,backup_connected,privileged_system,677,775,5996,flat,0.25,24,0.5,connected,0,0,760,0.9806451612903225,760,10,884,-1,1,1,184,184,185,186,187,184,185,7,1295,244.82500000000002,0.9618566176470589,1,168,-1,0,0.0,232,0,192,
5000458,backup,20260713,large_hospital,resource_constrained,backup_connected,medical_device,622,826,6180,flat,0.25,24,0.5,connected,0,0,809,0.9794188861985472,809,10,902,-1,1,1,178,178,178,178,178,178,177,7,1245,235.70000000000005,0.9270833333333334,1,328,-1,0,0.0,233,0,192,
5000459,backup,20260713,large_hospital,resource_constrained,backup_connected,vendor_connection,958,959,7489,flat,0.25,24,0.5,connected,0,0,951,0.9916579770594369,951,10,1124,-1,1,1,186,186,188,186,186,186,186,7,1304,246.9,0.9715073529411765,1,234,-1,0,0.0,289,0,192,
5000460,backup,20260713,large_hospital,resource_constrained,backup_connected,workstation,207,756,5961,flat,0.25,24,0.5,connected,0,0,746,0.9867724867724867,746,10,888,-1,1,1,177,177,177,177,177,177,176,7,1238,234.37500000000003,0.921875,1,208,-1,0,0.0,233,0,192,
5000461,backup,20260713,large_hospital,resource_constrained,backup_connected,internet_facing,747,752,5652,flat,0.25,24,0.5,connected,0,0,735,0.9773936170212766,735,10,851,-1,1,1,188,187,187,187,187,187,188,7,1311,248.175,0.9754901960784315,1,136,-1,0,0.0,206,0,192,
5000462,backup,20260713,large_hospital,resource_constrained,backup_connected,privileged_system,780,922,7231,flat,0.25,24,0.5,connected,0,0,901,0.9772234273318872,901,10,1030,-1,1,1,186,183,183,183,183,183,184,7,1285,243.37500000000003,0.957720588235294,1,312,-1,0,0.0,267,0,192,
5000463,backup,20260713,large_hospital,resource_constrained,backup_connected,medical_device,704,1000,7806,flat,0.25,24,0.5,connected,0,0,983,0.983,983,10,1135,-1,1,1,186,186,186,186,187,186,186,7,1303,246.55,0.96875,1,240,-1,0,0.0,298,0,192,
5000464,backup,20260713,large_hospital,resource_constrained,backup_connected,vendor_connection,956,957,7323,flat,0.25,24,0.5,connected,0,0,942,0.9843260188087775,942,10,1097,-1,1,1,187,187,188,187,187,187,187,7,1310,248.0,0.9753370098039215,1,240,-1,0,0.0,276,0,192,
5000465,backup,20260713,large_hospital,resource_constrained,backup_connected,workstation,120,812,6110,flat,0.25,24,0.5,connected,0,0,795,0.979064039408867,795,10,913,-1,1,1,181,181,181,181,181,181,182,7,1268,239.97500000000002,0.9427083333333334,1,208,-1,0,0.0,228,0,192,
5000466,backup,20260713,large_hospital,resource_constrained,backup_connected,internet_facing,915,948,7381,flat,0.25,24,0.5,connected,0,0,931,0.9820675105485233,931,10,1086,-1,1,1,187,187,187,187,187,187,186,7,1308,247.62500000000003,0.9739583333333334,1,224,-1,0,0.0,278,0,192,
5000467,backup,20260713,large_hospital,resource_constrained,backup_connected,privileged_system,708,804,6238,flat,0.25,24,0.5,connected,0,0,784,0.9751243781094527,784,10,898,-1,1,1,185,185,185,188,188,185,186,7,1302,246.10000000000002,0.9667585784313726,1,160,-1,0,0.0,245,0,192,
5000468,backup,20260713,large_hospital,resource_constrained,backup_connected,medical_device,685,961,7484,flat,0.25,24,0.5,connected,0,0,943,0.9812695109261186,943,10,1089,-1,1,1,185,185,186,185,185,185,189,7,1300,245.95,0.9649203431372548,1,144,-1,0,0.0,292,0,192,
5000469,backup,20260713,large_hospital,resource_constrained,backup_connected,vendor_connection,871,872,6750,flat,0.25,24,0.5,connected,0,0,857,0.9827981651376146,857,10,986,-1,1,1,188,189,188,188,188,188,189,7,1318,249.45000000000005,0.9803921568627452,1,193,-1,0,0.0,262,0,192,
5000470,backup,20260713,large_hospital,resource_constrained,backup_connected,workstation,10,980,7493,flat,0.25,24,0.5,connected,0,0,955,0.9744897959183674,955,10,1112,-1,1,1,183,183,183,184,183,183,185,7,1284,242.95000000000002,0.9541973039215685,1,352,-1,0,0.0,286,0,192,
5000471,backup,20260713,large_hospital,resource_constrained,backup_connected,internet_facing,925,958,7462,flat,0.25,24,0.5,connected,0,0,933,0.9739039665970772,933,10,1090,-1,1,1,187,187,187,187,187,187,188,7,1310,247.925,0.9739583333333334,1,208,-1,0,0.0,290,0,192,
5000472,backup,20260713,large_hospital,resource_constrained,backup_connected,privileged_system,734,896,6763,flat,0.25,24,0.5,connected,0,0,876,0.9776785714285714,876,10,997,-1,1,1,185,185,186,185,185,185,184,7,1295,245.2,0.9649203431372548,1,272,-1,0,0.0,251,0,192,
5000473,backup,20260713,large_hospital,resource_constrained,backup_connected,medical_device,574,799,5985,flat,0.25,24,0.5,connected,0,0,778,0.9737171464330413,778,10,895,-1,1,1,183,184,183,183,182,182,182,7,1279,242.20000000000005,0.9543504901960785,1,232,-1,0,0.0,225,0,192,
5000474,backup,20260713,large_hospital,resource_constrained,backup_connected,vendor_connection,937,938,7159,flat,0.25,24,0.5,connected,0,0,922,0.9829424307036247,922,10,1062,-1,1,1,188,189,188,188,188,188,187,7,1316,249.15000000000006,0.9803921568627452,1,184,-1,0,0.0,264,0,192,
5000475,backup,20260713,large_hospital,resource_constrained,backup_periodic,workstation,98,881,6575,flat,0.25,24,0.5,periodic,0,0,857,0.9727582292849035,857,10,980,-1,1,1,184,185,185,187,184,184,183,7,1292,244.6,0.964154411764706,1,304,-1,0,0.0,237,0,192,
5000476,backup,20260713,large_hospital,resource_constrained,backup_periodic,internet_facing,900,919,7138,flat,0.25,24,0.5,periodic,0,0,907,0.9869423286180631,907,10,1052,-1,1,1,187,187,187,187,187,187,185,7,1307,247.47500000000002,0.9739583333333334,1,200,-1,0,0.0,273,0,192,
5000477,backup,20260713,large_hospital,resource_constrained,backup_periodic,privileged_system,707,867,6555,flat,0.25,24,0.5,periodic,0,0,846,0.9757785467128027,846,10,969,-1,1,1,186,186,186,186,186,186,182,7,1298,245.85000000000002,0.96875,1,203,-1,0,0.0,251,0,192,
5000478,backup,20260713,large_hospital,resource_constrained,backup_periodic,medical_device,571,762,5675,flat,0.25,24,0.5,periodic,0,0,748,0.9816272965879265,748,10,878,-1,1,1,188,188,188,188,188,188,189,7,1317,249.25000000000003,0.9791666666666666,1,160,-1,0,0.0,203,0,192,
5000479,backup,20260713,large_hospital,resource_constrained,backup_periodic,vendor_connection,973,974,7370,flat,0.25,24,0.5,periodic,0,0,952,0.9774127310061602,952,10,1083,-1,1,1,186,191,186,186,186,186,186,7,1307,247.45000000000002,0.9748774509803922,1,232,-1,0,0.0,270,0,192,
5000480,backup,20260713,large_hospital,resource_constrained,backup_periodic,workstation,102,830,6145,flat,0.25,24,0.5,periodic,0,0,802,0.9662650602409638,802,10,918,-1,1,1,182,182,182,182,182,182,178,7,1270,240.55,0.9479166666666666,1,264,-1,0,0.0,224,0,192,
5000481,backup,20260713,large_hospital,resource_constrained,backup_periodic,internet_facing,856,869,6689,flat,0.25,24,0.5,periodic,0,0,849,0.9769850402761795,849,10,984,-1,1,1,192,185,187,187,185,185,183,7,1304,247.375,0.9791666666666666,1,136,-1,0,0.0,259,0,192,
5000482,backup,20260713,large_hospital,resource_constrained,backup_periodic,privileged_system,893,981,7439,flat,0.25,24,0.5,periodic,0,0,964,0.9826707441386341,964,10,1125,-1,1,1,187,186,188,186,186,186,186,7,1305,247.15,0.9730392156862745,1,206,-1,0,0.0,266,0,192,
5000483,backup,20260713,large_hospital,resource_constrained,backup_periodic,medical_device,748,984,7518,flat,0.25,24,0.5,periodic,0,0,966,0.9817073170731707,966,10,1091,-1,1,1,184,186,186,184,184,184,184,7,1292,244.65,0.9635416666666666,1,224,-1,0,0.0,287,0,192,
5000484,backup,20260713,large_hospital,resource_constrained,backup_periodic,vendor_connection,889,890,6706,flat,0.25,24,0.5,periodic,0,0,874,0.9820224719101124,874,10,998,-1,1,1,187,187,187,187,189,187,182,7,1306,247.22500000000002,0.9739583333333334,1,184,-1,0,0.0,243,0,192,
5000485,backup,20260713,large_hospital,resource_constrained,backup_periodic,workstation,260,932,7146,flat,0.25,24,0.5,periodic,0,0,904,0.9699570815450643,904,10,1039,-1,1,1,175,175,175,175,175,175,173,7,1223,231.575,0.9114583333333334,1,418,-1,0,0.0,275,0,192,
5000486,backup,20260713,large_hospital,resource_constrained,backup_periodic,internet_facing,967,971,7469,flat,0.25,24,0.5,periodic,0,0,949,0.9773429454170958,949,10,1093,-1,1,1,186,185,185,184,184,184,183,7,1291,244.575,0.9640012254901961,1,257,-1,0,0.0,290,0,192,
5000487,backup,20260713,large_hospital,resource_constrained,backup_periodic,privileged_system,823,919,7135,flat,0.25,24,0.5,periodic,0,0,897,0.9760609357997824,897,10,1044,-1,1,1,186,186,191,186,186,186,185,7,1306,247.425,0.9756433823529411,1,264,-1,0,0.0,271,0,192,
5000488,backup,20260713,large_hospital,resource_constrained,backup_periodic,medical_device,641,860,6683,flat,0.25,24,0.5,periodic,0,0,845,0.9825581395348837,845,10,1000,-1,1,1,185,184,187,184,184,184,182,7,1290,244.42500000000004,0.9640012254901961,1,168,-1,0,0.0,257,0,192,
5000489,backup,20260713,large_hospital,resource_constrained,backup_periodic,vendor_connection,780,781,6110,flat,0.25,24,0.5,periodic,0,0,760,0.9731113956466069,760,10,874,-1,1,1,185,184,184,184,184,184,187,7,1292,244.50000000000003,0.9598651960784315,1,240,-1,0,0.0,236,0,192,
5000490,backup,20260713,large_hospital,resource_constrained,backup_periodic,workstation,276,812,6302,flat,0.25,24,0.5,periodic,0,0,788,0.9704433497536946,788,10,888,-1,1,1,177,177,178,177,177,177,177,7,1240,234.75,0.9232536764705882,1,200,-1,0,0.0,239,0,192,
5000491,backup,20260713,large_hospital,resource_constrained,backup_periodic,internet_facing,917,935,7154,flat,0.25,24,0.5,periodic,0,0,911,0.9743315508021391,911,10,1037,-1,1,1,187,187,187,188,187,187,186,7,1309,247.79999999999998,0.9750306372549019,1,272,-1,0,0.0,269,0,192,
5000492,backup,20260713,large_hospital,resource_constrained,backup_periodic,privileged_system,770,934,7012,flat,0.25,24,0.5,periodic,0,0,921,0.9860813704496788,921,10,1050,-1,1,1,187,187,187,187,187,187,184,7,1306,247.32500000000002,0.9739583333333334,1,144,-1,0,0.0,267,0,192,
5000493,backup,20260713,large_hospital,resource_constrained,backup_periodic,medical_device,664,857,6607,flat,0.25,24,0.5,periodic,0,0,843,0.9836639439906651,843,10,992,-1,1,1,185,185,185,185,185,185,183,7,1293,244.825,0.9635416666666666,1,240,-1,0,0.0,253,0,192,
5000494,backup,20260713,large_hospital,resource_constrained,backup_periodic,vendor_connection,788,789,6125,flat,0.25,24,0.5,periodic,0,0,778,0.9860583016476553,778,10,884,-1,1,1,184,182,183,183,183,182,181,7,1278,242.00000000000003,0.9534313725490197,1,240,-1,0,0.0,230,0,192,
5000495,backup,20260713,large_hospital,resource_constrained,backup_periodic,workstation,52,976,7603,flat,0.25,24,0.5,periodic,0,0,960,0.9836065573770492,960,10,1121,-1,1,1,183,182,182,182,184,182,179,7,1274,241.15,0.9494485294117648,1,336,-1,0,0.0,283,0,192,
5000496,backup,20260713,large_hospital,resource_constrained,backup_periodic,internet_facing,995,997,7706,flat,0.25,24,0.5,periodic,0,0,971,0.9739217652958877,971,10,1118,-1,1,1,186,186,186,187,186,186,185,7,1302,246.475,0.9698223039215685,1,256,-1,0,0.0,294,0,192,
5000497,backup,20260713,large_hospital,resource_constrained,backup_periodic,privileged_system,780,880,6809,flat,0.25,24,0.5,periodic,0,0,856,0.9727272727272728,856,10,987,-1,1,1,186,189,186,189,186,186,186,7,1308,247.575,0.9756433823529411,1,129,-1,0,0.0,255,0,192,
5000498,backup,20260713,large_hospital,resource_constrained,backup_periodic,medical_device,661,967,7370,flat,0.25,24,0.5,periodic,0,0,941,0.9731127197518097,941,10,1113,-1,1,1,184,184,184,184,184,184,181,7,1285,243.35000000000002,0.9583333333333334,1,344,-1,0,0.0,273,0,192,
5000499,backup,20260713,large_hospital,resource_constrained,backup_periodic,vendor_connection,936,937,7338,flat,0.25,24,0.5,periodic,0,0,913,0.9743863393810032,913,10,1061,-1,1,1,186,187,186,189,186,186,183,7,1303,246.72499999999997,0.9731924019607843,1,192,-1,0,0.0,276,0,192,
5000500,backup,20260713,large_hospital,resource_constrained,backup_isolated,workstation,109,787,5707,flat,0.25,24,0.5,isolated,0,0,733,0.9313850063532402,733,9,834,-1,0,1,184,186,190,185,184,184,0,6,1113,218.125,0.9701286764705882,1,228,-1,0,0.14285714285714285,0,1,192,
5000501,backup,20260713,large_hospital,resource_constrained,backup_isolated,internet_facing,961,990,7125,flat,0.25,24,0.5,isolated,0,0,923,0.9323232323232323,923,9,1032,-1,0,1,186,186,190,186,186,186,0,6,1120,219.45,0.9742647058823529,1,311,-1,0,0.14285714285714285,0,1,192,
5000502,backup,20260713,large_hospital,resource_constrained,backup_isolated,privileged_system,491,809,5878,flat,0.25,24,0.5,isolated,0,0,749,0.9258343634116193,749,9,854,-1,0,1,183,183,183,183,183,183,0,6,1098,215.02500000000003,0.953125,1,368,-1,0,0.14285714285714285,0,1,192,
5000503,backup,20260713,large_hospital,resource_constrained,backup_isolated,medical_device,675,943,6845,flat,0.25,24,0.5,isolated,0,0,884,0.9374337221633086,884,9,990,-1,0,1,182,182,181,181,181,181,0,6,1088,213.125,0.9454656862745098,1,330,-1,0,0.14285714285714285,0,1,192,
5000504,backup,20260713,large_hospital,resource_constrained,backup_isolated,vendor_connection,927,928,6792,flat,0.25,24,0.5,isolated,0,0,878,0.9461206896551724,878,9,1002,-1,0,1,184,184,188,184,184,184,0,6,1108,217.10000000000002,0.9638480392156863,1,394,-1,0,0.14285714285714285,0,1,192,
5000505,backup,20260713,large_hospital,resource_constrained,backup_isolated,workstation,305,916,6841,flat,0.25,24,0.5,isolated,0,0,856,0.9344978165938864,856,9,967,-1,0,1,182,183,182,182,182,182,0,6,1093,214.05,0.9491421568627452,1,337,-1,0,0.14285714285714285,0,1,192,
5000506,backup,20260713,large_hospital,resource_constrained,backup_isolated,internet_facing,792,812,5922,flat,0.25,24,0.5,isolated,0,0,766,0.9433497536945813,766,9,852,-1,0,1,184,184,186,184,184,184,0,6,1106,216.65,0.9610906862745098,1,265,-1,0,0.14285714285714285,0,1,192,
5000507,backup,20260713,large_hospital,resource_constrained,backup_isolated,privileged_system,733,896,6582,flat,0.25,24,0.5,isolated,0,0,837,0.9341517857142857,837,9,947,-1,0,1,185,186,185,185,185,185,0,6,1111,217.575,0.9647671568627452,1,295,-1,0,0.14285714285714285,0,1,192,
5000508,backup,20260713,large_hospital,resource_constrained,backup_isolated,medical_device,533,791,5762,flat,0.25,24,0.5,isolated,0,0,744,0.9405815423514539,744,9,862,-1,0,1,182,183,183,182,182,182,0,6,1094,214.27499999999998,0.9505208333333334,1,304,-1,0,0.14285714285714285,0,1,192,
5000509,backup,20260713,large_hospital,resource_constrained,backup_isolated,vendor_connection,801,802,5758,flat,0.25,24,0.5,isolated,0,0,757,0.9438902743142145,757,9,854,-1,0,1,187,187,187,187,187,187,0,6,1122,219.72500000000002,0.9739583333333334,1,370,-1,0,0.14285714285714285,0,1,192,
5000510,backup,20260713,large_hospital,resource_constrained,backup_isolated,workstation,277,764,5647,flat,0.25,24,0.5,isolated,0,0,721,0.943717277486911,721,9,818,-1,0,1,169,169,169,175,171,169,0,6,1022,199.82500000000002,0.8866421568627452,1,336,-1,0,0.14285714285714285,0,1,192,
5000511,backup,20260713,large_hospital,resource_constrained,backup_isolated,internet_facing,803,805,5832,flat,0.25,24,0.5,isolated,0,0,748,0.929192546583851,748,9,850,-1,0,1,184,186,184,185,186,184,0,6,1109,216.975,0.9618566176470589,1,354,-1,0,0.14285714285714285,0,1,192,
5000512,backup,20260713,large_hospital,resource_constrained,backup_isolated,privileged_system,793,884,6500,flat,0.25,24,0.5,isolated,0,0,828,0.9366515837104072,828,9,942,-1,0,1,186,189,190,186,186,186,0,6,1123,220.05,0.9779411764705882,1,258,-1,0,0.14285714285714285,0,1,192,
5000513,backup,20260713,large_hospital,resource_constrained,backup_isolated,medical_device,646,956,6939,flat,0.25,24,0.5,isolated,0,0,904,0.9456066945606695,904,9,1044,-1,0,1,187,188,187,187,187,187,8,7,1131,221.125,0.9751838235294118,1,307,-1,0,0.14285714285714285,0,1,192,
5000514,backup,20260713,large_hospital,resource_constrained,backup_isolated,vendor_connection,916,917,6735,flat,0.25,24,0.5,isolated,0,0,864,0.9422028353326063,864,9,999,-1,0,1,181,181,181,181,181,181,8,7,1094,213.875,0.9427083333333334,1,320,-1,0,0.14285714285714285,0,1,192,
5000515,backup,20260713,large_hospital,resource_constrained,backup_isolated,workstation,128,752,5530,flat,0.25,24,0.5,isolated,0,0,703,0.9348404255319149,703,9,829,-1,0,1,177,177,180,178,177,177,0,6,1066,208.825,0.9270833333333334,1,452,-1,0,0.14285714285714285,0,1,192,
5000516,backup,20260713,large_hospital,resource_constrained,backup_isolated,internet_facing,790,805,5907,flat,0.25,24,0.5,isolated,0,0,746,0.9267080745341615,746,9,848,-1,0,1,188,184,185,187,184,184,0,6,1112,217.95000000000002,0.9690563725490197,1,382,-1,0,0.14285714285714285,0,1,192,
5000517,backup,20260713,large_hospital,resource_constrained,backup_isolated,privileged_system,850,954,6974,flat,0.25,24,0.5,isolated,0,0,886,0.9287211740041929,886,9,1011,-1,0,1,186,186,187,186,186,186,8,7,1125,219.97499999999997,0.9701286764705882,1,343,-1,0,0.14285714285714285,0,1,192,
5000518,backup,20260713,large_hospital,resource_constrained,backup_isolated,medical_device,579,770,5735,flat,0.25,24,0.5,isolated,0,0,723,0.938961038961039,723,9,830,-1,0,1,184,184,185,184,184,184,0,6,1105,216.425,0.9597120098039215,1,352,-1,0,0.14285714285714285,0,1,192,
5000519,backup,20260713,large_hospital,resource_constrained,backup_isolated,vendor_connection,995,996,7151,flat,0.25,24,0.5,isolated,0,0,938,0.9417670682730924,938,9,1077,-1,0,1,185,186,186,186,185,185,0,6,1113,217.97500000000002,0.9672181372549019,1,317,-1,0,0.14285714285714285,0,1,192,
5000520,backup,20260713,large_hospital,resource_constrained,backup_isolated,workstation,115,848,6195,flat,0.25,24,0.5,isolated,0,0,793,0.9351415094339622,793,9,908,-1,0,1,183,181,181,182,181,181,0,6,1089,213.35,0.9468443627450981,1,440,-1,0,0.14285714285714285,0,1,192,
5000521,backup,20260713,large_hospital,resource_constrained,backup_isolated,internet_facing,892,917,6515,flat,0.25,24,0.5,isolated,0,0,866,0.9443838604143948,866,9,975,-1,0,1,182,183,183,183,185,181,0,6,1097,214.525,0.9515931372549019,1,344,-1,0,0.14285714285714285,0,1,192,
5000522,backup,20260713,large_hospital,resource_constrained,backup_isolated,privileged_system,764,869,6299,flat,0.25,24,0.5,isolated,0,0,816,0.9390103567318757,816,9,931,-1,0,1,186,186,186,186,186,186,6,7,1122,219.45000000000002,0.96875,1,287,-1,0,0.0,0,1,192,
5000523,backup,20260713,large_hospital,resource_constrained,backup_isolated,medical_device,652,971,7019,flat,0.25,24,0.5,isolated,0,0,908,0.9351184346035015,908,9,1041,-1,0,1,183,183,184,183,183,183,8,7,1107,216.45000000000002,0.9545036764705882,1,477,-1,0,0.14285714285714285,0,1,192,
5000524,backup,20260713,large_hospital,resource_constrained,backup_isolated,vendor_connection,824,825,6011,flat,0.25,24,0.5,isolated,0,0,778,0.943030303030303,778,9,884,-1,0,1,187,187,187,187,187,187,0,6,1122,219.72500000000002,0.9739583333333334,1,216,-1,0,0.14285714285714285,0,1,192,
5000525,backup,20260713,large_hospital,intermediate_capacity,backup_connected,workstation,55,754,6241,flat,0.5,12,0.7,connected,0,0,658,0.8726790450928382,658,10,729,139,1,1,149,167,157,181,181,149,175,7,1159,215.525,0.8434436274509816,1,464,-1,0,0.7142857142857143,217,0,192,
5000526,backup,20260713,large_hospital,intermediate_capacity,backup_connected,internet_facing,934,948,7615,flat,0.5,12,0.7,connected,0,0,844,0.890295358649789,844,10,918,113,1,1,143,146,135,165,186,126,153,7,1054,194.1,0.7610294117647062,1,612,182,1,0.8571428571428571,256,0,192,
5000527,backup,20260713,large_hospital,intermediate_capacity,backup_connected,privileged_system,685,829,6618,flat,0.5,12,0.7,connected,0,0,744,0.8974668275030157,744,10,809,183,1,1,183,183,183,183,183,183,184,7,1282,242.62500000000003,0.953125,1,419,-1,0,0.0,229,0,192,
5000528,backup,20260713,large_hospital,intermediate_capacity,backup_connected,medical_device,615,895,7198,flat,0.5,12,0.7,connected,0,0,781,0.8726256983240224,781,10,852,-1,1,1,181,181,181,181,181,181,179,7,1265,239.525,0.9427083333333334,1,610,-1,0,0.0,243,0,192,
5000529,backup,20260713,large_hospital,intermediate_capacity,backup_connected,vendor_connection,831,832,6724,flat,0.5,12,0.7,connected,0,0,743,0.8930288461538461,743,10,790,126,1,1,135,153,144,173,181,135,161,7,1082,199.65,0.7783394607843152,1,633,185,1,0.8571428571428571,228,0,192,
5000530,backup,20260713,large_hospital,intermediate_capacity,backup_connected,workstation,60,755,6197,flat,0.5,12,0.7,connected,0,0,682,0.9033112582781457,682,10,744,120,1,1,134,151,141,171,180,132,159,7,1068,196.9,0.7680759803921583,1,581,182,1,0.8571428571428571,215,0,192,
5000531,backup,20260713,large_hospital,intermediate_capacity,backup_connected,internet_facing,889,917,7528,flat,0.5,12,0.7,connected,0,0,815,0.8887677208287895,815,10,896,153,1,1,161,179,170,178,180,161,182,7,1211,226.97500000000002,0.8912377450980395,1,541,-1,0,0.42857142857142855,264,0,192,
5000532,backup,20260713,large_hospital,intermediate_capacity,backup_connected,privileged_system,695,837,6613,flat,0.5,12,0.7,connected,0,0,734,0.8769414575866189,734,10,777,166,1,1,180,185,185,185,185,180,186,7,1286,242.9,0.9558823529411767,1,557,-1,0,0.2857142857142857,219,0,192,
5000533,backup,20260713,large_hospital,intermediate_capacity,backup_connected,medical_device,746,984,8109,flat,0.5,12,0.7,connected,0,0,875,0.8892276422764228,875,10,951,156,1,1,168,181,176,182,181,168,190,7,1246,234.05,0.9169730392156866,1,680,-1,0,0.42857142857142855,280,0,192,
5000534,backup,20260713,large_hospital,intermediate_capacity,backup_connected,vendor_connection,860,861,6942,flat,0.5,12,0.7,connected,0,0,764,0.8873403019744484,764,10,813,112,1,1,131,143,133,162,181,123,152,7,1025,188.20000000000002,0.7329963235294122,1,685,186,1,0.8571428571428571,243,0,192,
5000535,backup,20260713,large_hospital,intermediate_capacity,backup_connected,workstation,121,801,6475,flat,0.5,12,0.7,connected,0,0,699,0.8726591760299626,699,10,753,139,1,1,139,160,147,171,171,138,167,7,1093,202.95000000000002,0.7950367647058835,1,556,-1,0,0.7142857142857143,217,0,192,
5000536,backup,20260713,large_hospital,intermediate_capacity,backup_connected,internet_facing,840,870,6780,flat,0.5,12,0.7,connected,0,0,769,0.8839080459770114,769,10,825,155,1,1,163,179,171,180,179,163,177,7,1212,227.65000000000003,0.897824754901961,1,618,-1,0,0.42857142857142855,229,0,192,
5000537,backup,20260713,large_hospital,intermediate_capacity,backup_connected,privileged_system,645,773,6230,flat,0.5,12,0.7,connected,0,0,686,0.88745148771022,686,10,737,138,1,1,141,163,152,176,176,141,171,7,1120,207.825,0.8140318627450993,1,643,-1,0,0.7142857142857143,206,0,192,
5000538,backup,20260713,large_hospital,intermediate_capacity,backup_connected,medical_device,560,753,6113,flat,0.5,12,0.7,connected,0,0,651,0.8645418326693227,651,10,699,144,1,1,152,167,156,178,177,148,178,7,1156,215.35,0.8434436274509812,1,528,-1,0,0.5714285714285714,209,0,192,
5000539,backup,20260713,large_hospital,intermediate_capacity,backup_connected,vendor_connection,771,772,6356,flat,0.5,12,0.7,connected,0,0,691,0.8950777202072538,691,10,749,188,1,1,191,184,186,186,187,184,184,7,1302,246.64999999999998,0.9739583333333334,1,416,-1,0,0.0,224,0,192,
5000540,backup,20260713,large_hospital,intermediate_capacity,backup_connected,workstation,351,945,7499,flat,0.5,12,0.7,connected,0,0,813,0.8603174603174604,813,10,878,165,1,1,181,182,188,182,182,176,181,7,1272,240.75,0.9546568627450984,1,638,-1,0,0.2857142857142857,241,0,192,
5000541,backup,20260713,large_hospital,intermediate_capacity,backup_connected,internet_facing,855,877,6961,flat,0.5,12,0.7,connected,0,0,789,0.8996579247434435,789,10,844,145,1,1,159,179,169,182,182,158,184,7,1213,226.775,0.8910845588235299,1,474,-1,0,0.0,239,0,192,
5000542,backup,20260713,large_hospital,intermediate_capacity,backup_connected,privileged_system,769,954,7685,flat,0.5,12,0.7,connected,0,0,847,0.8878406708595388,847,10,913,137,1,1,149,169,165,183,183,148,175,7,1172,218.05000000000004,0.8590686274509823,1,762,-1,0,0.7142857142857143,268,0,192,
5000543,backup,20260713,large_hospital,intermediate_capacity,backup_connected,medical_device,599,875,7304,flat,0.5,12,0.7,connected,0,0,780,0.8914285714285715,780,10,849,139,1,1,156,177,166,186,186,156,184,7,1211,225.6,0.8841911764705892,1,565,-1,0,0.7142857142857143,249,0,192,
5000544,backup,20260713,large_hospital,intermediate_capacity,backup_connected,vendor_connection,881,882,7314,flat,0.5,12,0.7,connected,0,0,776,0.8798185941043084,776,10,832,117,1,1,128,151,137,168,185,128,156,7,1053,193.12500000000003,0.7501531862745113,1,702,179,1,0.8571428571428571,252,0,192,
5000545,backup,20260713,large_hospital,intermediate_capacity,backup_connected,workstation,43,768,6149,flat,0.5,12,0.7,connected,0,0,1,0.0013020833333333333,1,1,0,7,0,0,8,8,8,16,16,8,0,6,64,11.6,0.050245098039215653,0,2097,132,1,1.0,0,1,192,
5000546,backup,20260713,large_hospital,intermediate_capacity,backup_connected,internet_facing,820,852,6859,flat,0.5,12,0.7,connected,0,0,757,0.8884976525821596,757,10,792,132,1,1,145,164,153,183,184,145,173,7,1147,212.47500000000002,0.8302696078431387,1,562,192,1,0.8571428571428571,240,0,192,
5000547,backup,20260713,large_hospital,intermediate_capacity,backup_connected,privileged_system,229,807,6615,flat,0.5,12,0.7,connected,0,0,699,0.8661710037174721,699,10,747,127,1,1,139,157,148,175,182,139,163,7,1103,204.0,0.7970281862745113,1,685,186,1,0.8571428571428571,221,0,192,
5000548,backup,20260713,large_hospital,intermediate_capacity,backup_connected,medical_device,640,859,6849,flat,0.5,12,0.7,connected,0,0,756,0.880093131548312,756,10,812,152,1,1,153,171,161,171,171,153,167,7,1147,215.17500000000004,0.8492647058823533,1,681,-1,0,0.42857142857142855,230,0,192,
5000549,backup,20260713,large_hospital,intermediate_capacity,backup_connected,vendor_connection,994,995,8236,flat,0.5,12,0.7,connected,0,0,865,0.8693467336683417,865,10,949,131,1,1,150,160,156,179,183,141,167,7,1136,211.0,0.8328737745098053,1,778,191,1,0.8571428571428571,271,0,192,
5000550,backup,20260713,large_hospital,intermediate_capacity,backup_periodic,workstation,227,958,7745,flat,0.5,12,0.7,periodic,0,0,843,0.8799582463465553,843,10,888,-1,1,1,178,180,178,186,179,178,168,7,1247,236.25000000000003,0.9381127450980392,1,707,-1,0,0.0,261,0,192,
5000551,backup,20260713,large_hospital,intermediate_capacity,backup_periodic,internet_facing,852,866,7099,flat,0.5,12,0.7,periodic,0,0,775,0.894919168591224,775,10,826,147,1,1,162,182,171,186,186,162,180,7,1229,229.97500000000002,0.9064031862745104,1,594,-1,0,0.5714285714285714,231,0,192,
5000552,backup,20260713,large_hospital,intermediate_capacity,backup_periodic,privileged_system,668,914,7558,flat,0.5,12,0.7,periodic,0,0,809,0.8851203501094091,809,10,866,131,1,1,151,170,164,181,181,150,163,7,1160,216.62499999999997,0.8598345588235307,1,747,192,1,0.8571428571428571,253,0,192,
5000553,backup,20260713,large_hospital,intermediate_capacity,backup_periodic,medical_device,597,824,6564,flat,0.5,12,0.7,periodic,0,0,704,0.8543689320388349,704,10,760,181,1,1,177,177,177,177,177,177,170,7,1232,233.47500000000002,0.921875,1,569,-1,0,0.0,223,0,192,
5000554,backup,20260713,large_hospital,intermediate_capacity,backup_periodic,vendor_connection,841,842,6928,flat,0.5,12,0.7,periodic,0,0,753,0.8942992874109263,753,10,811,144,1,1,157,177,166,183,183,157,181,7,1204,224.80000000000004,0.8825061274509812,1,478,-1,0,0.5714285714285714,223,0,192,
5000555,backup,20260713,large_hospital,intermediate_capacity,backup_periodic,workstation,77,922,7383,flat,0.5,12,0.7,periodic,0,0,790,0.8568329718004338,790,10,840,133,1,1,146,164,154,180,186,146,164,7,1140,211.5,0.829963235294119,1,670,190,1,0.8571428571428571,245,0,192,
5000556,backup,20260713,large_hospital,intermediate_capacity,backup_periodic,internet_facing,889,891,7305,flat,0.5,12,0.7,periodic,0,0,784,0.8799102132435466,784,10,824,125,1,1,140,160,149,179,185,140,162,7,1115,206.15,0.8079044117647074,1,657,187,1,0.8571428571428571,257,0,192,
5000557,backup,20260713,large_hospital,intermediate_capacity,backup_periodic,privileged_system,843,941,7733,flat,0.5,12,0.7,periodic,0,0,839,0.8916046758767269,839,10,919,151,1,1,169,188,178,188,188,169,181,7,1261,236.77500000000003,0.9362745098039219,1,645,-1,0,0.42857142857142855,271,0,192,
5000558,backup,20260713,large_hospital,intermediate_capacity,backup_periodic,medical_device,624,793,6334,flat,0.5,12,0.7,periodic,0,0,672,0.8474148802017655,672,10,719,150,1,1,157,174,164,178,179,157,174,7,1183,221.42500000000004,0.870710784313726,1,627,-1,0,0.5714285714285714,208,0,192,
5000559,backup,20260713,large_hospital,intermediate_capacity,backup_periodic,vendor_connection,955,956,8039,flat,0.5,12,0.7,periodic,0,0,851,0.8901673640167364,851,10,903,145,1,1,156,177,167,182,183,156,180,7,1201,224.22500000000002,0.8812806372549026,1,682,-1,0,0.5714285714285714,272,0,192,
5000560,backup,20260713,large_hospital,intermediate_capacity,backup_periodic,workstation,94,827,6641,flat,0.5,12,0.7,periodic,0,0,703,0.8500604594921403,703,10,755,159,1,1,158,171,167,171,171,158,167,7,1163,218.9,0.865196078431373,1,689,-1,0,0.42857142857142855,221,0,192,
5000561,backup,20260713,large_hospital,intermediate_capacity,backup_periodic,internet_facing,876,908,7311,flat,0.5,12,0.7,periodic,0,0,812,0.8942731277533039,812,10,879,-1,1,1,178,178,178,178,178,178,174,7,1242,235.25000000000003,0.9270833333333334,1,522,-1,0,0.0,238,0,192,
5000562,backup,20260713,large_hospital,intermediate_capacity,backup_periodic,privileged_system,725,858,7074,flat,0.5,12,0.7,periodic,0,0,743,0.865967365967366,743,10,797,159,1,1,175,187,184,187,187,175,181,7,1276,240.5,0.9514399509803927,1,549,-1,0,0.42857142857142855,245,0,192,
5000563,backup,20260713,large_hospital,intermediate_capacity,backup_periodic,medical_device,612,841,6680,flat,0.5,12,0.7,periodic,0,0,732,0.8703923900118906,732,10,783,140,1,1,148,167,157,179,183,148,175,7,1157,214.90000000000003,0.8397671568627461,1,565,-1,0,0.7142857142857143,232,0,192,
5000564,backup,20260713,large_hospital,intermediate_capacity,backup_periodic,vendor_connection,892,893,7163,flat,0.5,12,0.7,periodic,0,0,774,0.8667413213885778,774,10,842,145,1,1,155,175,160,178,177,151,178,7,1174,219.27499999999998,0.8633578431372557,1,563,-1,0,0.5714285714285714,245,0,192,
5000565,backup,20260713,large_hospital,intermediate_capacity,backup_periodic,workstation,249,780,6444,flat,0.5,12,0.7,periodic,0,0,687,0.8807692307692307,687,10,740,159,1,1,168,178,179,178,178,168,177,7,1226,231.17500000000004,0.9131433823529417,1,442,-1,0,0.42857142857142855,214,0,192,
5000566,backup,20260713,large_hospital,intermediate_capacity,backup_periodic,internet_facing,970,999,8184,flat,0.5,12,0.7,periodic,0,0,853,0.8538538538538538,853,10,930,102,1,1,120,139,128,158,189,120,140,7,994,181.15,0.7000612745098048,1,844,162,1,0.8571428571428571,277,0,192,
5000567,backup,20260713,large_hospital,intermediate_capacity,backup_periodic,privileged_system,881,1000,7940,flat,0.5,12,0.7,periodic,0,0,867,0.867,867,10,939,166,1,1,183,187,187,187,187,183,184,7,1298,245.425,0.9678308823529415,1,589,-1,0,0.2857142857142857,266,0,192,
5000568,backup,20260713,large_hospital,intermediate_capacity,backup_periodic,medical_device,554,796,6626,flat,0.5,12,0.7,periodic,0,0,702,0.8819095477386935,702,10,745,172,1,1,182,182,182,182,182,182,184,7,1276,241.45000000000002,0.9479166666666666,1,369,-1,0,0.0,225,0,192,
5000569,backup,20260713,large_hospital,intermediate_capacity,backup_periodic,vendor_connection,809,810,6545,flat,0.5,12,0.7,periodic,0,0,714,0.8814814814814815,714,10,779,117,1,1,133,152,143,169,185,132,155,7,1069,196.85000000000002,0.768382352941178,1,595,178,1,0.8571428571428571,223,0,192,
5000570,backup,20260713,large_hospital,intermediate_capacity,backup_periodic,workstation,21,987,8101,flat,0.5,12,0.7,periodic,0,0,842,0.8530901722391084,842,10,904,174,1,1,179,179,179,179,179,179,174,7,1248,236.425,0.9322916666666666,1,860,-1,0,0.0,268,0,192,
5000571,backup,20260713,large_hospital,intermediate_capacity,backup_periodic,internet_facing,986,990,8093,flat,0.5,12,0.7,periodic,0,0,885,0.8939393939393939,885,10,955,181,1,1,187,187,191,187,187,187,185,7,1311,248.375,0.9794730392156863,1,475,-1,0,0.0,268,0,192,
5000572,backup,20260713,large_hospital,intermediate_capacity,backup_periodic,privileged_system,787,923,7330,flat,0.5,12,0.7,periodic,0,0,804,0.8710725893824486,804,10,863,153,1,1,174,192,182,192,192,174,183,7,1289,242.24999999999997,0.9586397058823533,1,617,-1,0,0.42857142857142855,246,0,192,
5000573,backup,20260713,large_hospital,intermediate_capacity,backup_periodic,medical_device,598,769,6424,flat,0.5,12,0.7,periodic,0,0,685,0.8907672301690507,685,10,734,132,1,1,126,151,133,170,169,125,152,7,1026,189.20000000000002,0.7437193627450994,1,610,-1,0,0.7142857142857143,220,0,192,
5000574,backup,20260713,large_hospital,intermediate_capacity,backup_periodic,vendor_connection,824,825,6712,flat,0.5,12,0.7,periodic,0,0,706,0.8557575757575757,706,10,750,138,1,1,145,162,159,176,176,143,169,7,1130,210.35000000000002,0.8285845588235307,1,734,-1,0,0.7142857142857143,230,0,192,
5000575,backup,20260713,large_hospital,intermediate_capacity,backup_isolated,workstation,189,967,7414,flat,0.5,12,0.7,isolated,0,0,832,0.860392967942089,832,9,895,161,0,1,151,156,153,166,171,151,8,7,956,184.7,0.811427696078432,1,805,187,1,1.0,0,1,192,
5000576,backup,20260713,large_hospital,intermediate_capacity,backup_isolated,internet_facing,958,973,7687,flat,0.5,12,0.7,isolated,0,0,811,0.8335046248715313,811,9,882,151,0,1,145,156,145,151,161,143,0,6,901,174.775,0.7751225490196082,1,965,171,1,1.0,0,1,192,
5000577,backup,20260713,large_hospital,intermediate_capacity,backup_isolated,privileged_system,1,784,6040,flat,0.5,12,0.7,isolated,0,0,1,0.0012755102040816326,1,1,0,5,0,0,0,0,8,8,0,0,0,2,16,3.2,0.01960784313725491,0,2304,104,1,1.0,0,1,192,
5000578,backup,20260713,large_hospital,intermediate_capacity,backup_isolated,medical_device,682,919,6909,flat,0.5,12,0.7,isolated,0,0,785,0.8541893362350381,785,9,841,157,0,1,135,140,137,142,152,135,0,6,841,163.0,0.7195159313725492,1,930,170,1,1.0,0,1,192,
5000579,backup,20260713,large_hospital,intermediate_capacity,backup_isolated,vendor_connection,781,782,6075,flat,0.5,12,0.7,isolated,0,0,673,0.860613810741688,673,9,718,188,0,1,183,184,183,183,183,183,0,6,1099,215.22500000000005,0.9543504901960785,1,477,-1,0,0.14285714285714285,0,1,192,
5000580,backup,20260713,large_hospital,intermediate_capacity,backup_isolated,workstation,46,927,7200,flat,0.5,12,0.7,isolated,0,0,787,0.8489751887810141,787,9,838,146,0,1,138,143,140,149,156,138,8,7,872,168.525,0.7394301470588238,1,861,161,1,1.0,0,1,192,
5000581,backup,20260713,large_hospital,intermediate_capacity,backup_isolated,internet_facing,885,898,6821,flat,0.5,12,0.7,isolated,0,0,752,0.8374164810690423,752,9,802,184,0,1,179,181,180,181,181,178,0,6,1080,211.275,0.9382659313725492,1,734,-1,0,0.5714285714285714,0,1,192,
5000582,backup,20260713,large_hospital,intermediate_capacity,backup_isolated,privileged_system,754,862,6828,flat,0.5,12,0.7,isolated,0,0,729,0.845707656612529,729,9,795,145,0,1,144,149,146,152,165,144,0,6,900,174.15,0.7674632352941179,1,830,160,1,1.0,0,1,192,
5000583,backup,20260713,large_hospital,intermediate_capacity,backup_isolated,medical_device,652,972,7525,flat,0.5,12,0.7,isolated,0,0,810,0.8333333333333334,810,9,849,144,0,1,137,142,139,144,154,137,0,6,853,165.35,0.7299325980392158,1,984,158,1,1.0,0,1,192,
5000584,backup,20260713,large_hospital,intermediate_capacity,backup_isolated,vendor_connection,943,944,7321,flat,0.5,12,0.7,isolated,0,0,785,0.8315677966101694,785,9,837,187,0,1,175,175,176,176,176,175,8,7,1061,207.32499999999996,0.9139093137254902,1,719,-1,0,0.14285714285714285,0,1,192,
5000585,backup,20260713,large_hospital,intermediate_capacity,backup_isolated,workstation,40,786,5985,flat,0.5,12,0.7,isolated,0,0,656,0.8346055979643766,656,9,685,-1,0,1,142,143,155,144,142,142,8,7,876,171.52499999999998,0.7608762254901961,1,909,-1,0,0.14285714285714285,0,1,192,
5000586,backup,20260713,large_hospital,intermediate_capacity,backup_isolated,internet_facing,849,873,6910,flat,0.5,12,0.7,isolated,0,0,742,0.849942726231386,742,9,791,126,0,1,123,130,127,133,148,123,0,6,784,151.075,0.6654411764705881,1,1072,141,1,1.0,0,1,192,
5000587,backup,20260713,large_hospital,intermediate_capacity,backup_isolated,privileged_system,651,804,6338,flat,0.5,12,0.7,isolated,0,0,680,0.845771144278607,680,9,730,190,0,1,182,182,182,182,182,182,0,6,1092,213.85000000000002,0.9479166666666666,1,492,-1,0,0.14285714285714285,0,1,192,
5000588,backup,20260713,large_hospital,intermediate_capacity,backup_isolated,medical_device,698,991,7500,flat,0.5,12,0.7,isolated,0,0,834,0.8415741675075681,834,9,888,152,0,1,146,160,148,154,163,146,0,6,917,177.9,0.7889093137254911,1,879,186,1,1.0,0,1,192,
5000589,backup,20260713,large_hospital,intermediate_capacity,backup_isolated,vendor_connection,978,979,7656,flat,0.5,12,0.7,isolated,0,0,851,0.8692543411644535,851,9,909,177,0,1,175,183,177,183,187,175,0,6,1080,210.27499999999998,0.9325980392156864,1,590,192,1,0.8571428571428571,0,1,192,
5000590,backup,20260713,large_hospital,intermediate_capacity,backup_isolated,workstation,85,867,6556,flat,0.5,12,0.7,isolated,0,0,1,0.0011534025374855825,1,1,0,15,0,0,0,0,0,8,0,0,8,2,16,2.5999999999999996,0.008578431372549019,0,2612,186,1,1.0,0,1,192,
5000591,backup,20260713,large_hospital,intermediate_capacity,backup_isolated,internet_facing,750,778,6040,flat,0.5,12,0.7,isolated,0,0,668,0.8586118251928021,668,9,718,133,0,1,134,136,134,137,148,130,16,7,835,161.275,0.7035845588235295,1,789,147,1,1.0,0,1,192,
5000592,backup,20260713,large_hospital,intermediate_capacity,backup_isolated,privileged_system,649,797,6099,flat,0.5,12,0.7,isolated,0,0,646,0.8105395232120451,646,9,689,159,0,1,159,164,161,167,177,159,0,6,987,191.475,0.8455882352941179,1,653,173,1,1.0,0,1,192,
5000593,backup,20260713,large_hospital,intermediate_capacity,backup_isolated,medical_device,730,990,7754,flat,0.5,12,0.7,isolated,0,0,822,0.8303030303030303,822,9,876,147,0,1,140,146,144,151,159,140,0,6,880,170.42499999999998,0.7538296568627453,1,1002,161,1,1.0,0,1,192,
5000594,backup,20260713,large_hospital,intermediate_capacity,backup_isolated,vendor_connection,853,854,6499,flat,0.5,12,0.7,isolated,0,0,717,0.8395784543325527,717,9,760,-1,0,1,183,182,185,186,188,182,0,6,1106,216.075,0.9578737745098039,1,641,-1,0,0.14285714285714285,0,1,192,
5000595,backup,20260713,large_hospital,intermediate_capacity,backup_isolated,workstation,311,885,6852,flat,0.5,12,0.7,isolated,0,0,1,0.0011299435028248588,1,1,0,3,0,0,8,16,16,16,16,8,0,6,80,15.000000000000002,0.07107843137254899,0,2541,125,1,1.0,0,1,192,
5000596,backup,20260713,large_hospital,intermediate_capacity,backup_isolated,internet_facing,794,824,6505,flat,0.5,12,0.7,isolated,0,0,706,0.8567961165048543,706,9,766,156,0,1,151,157,153,172,171,151,16,7,971,187.15,0.8190870098039227,1,754,190,1,1.0,0,1,192,
5000597,backup,20260713,large_hospital,intermediate_capacity,backup_isolated,privileged_system,595,919,7303,flat,0.5,12,0.7,isolated,0,0,765,0.8324265505984766,765,9,822,136,0,1,131,137,142,139,152,131,0,6,832,161.1,0.7133884803921572,1,1117,151,1,1.0,0,1,192,
5000598,backup,20260713,large_hospital,intermediate_capacity,backup_isolated,medical_device,636,884,6881,flat,0.5,12,0.7,isolated,0,0,749,0.8472850678733032,749,9,795,137,0,1,132,139,135,140,151,132,0,6,829,160.475,0.708792892156863,1,962,151,1,1.0,0,1,192,
5000599,backup,20260713,large_hospital,intermediate_capacity,backup_isolated,vendor_connection,920,921,7007,flat,0.5,12,0.7,isolated,0,0,786,0.8534201954397395,786,9,846,187,0,1,182,189,187,183,183,182,0,6,1106,216.65000000000003,0.9644607843137255,1,662,-1,0,0.14285714285714285,0,1,192,
5000600,backup,20260713,large_hospital,high_capacity,backup_connected,workstation,76,925,8137,flat,0.75,3,0.9,connected,0,0,1,0.001081081081081081,1,1,0,3,0,0,0,0,8,0,0,0,0,1,8,1.8,0.011029411764705883,0,2627,41,1,1.0,0,1,192,
5000601,backup,20260713,large_hospital,high_capacity,backup_connected,internet_facing,777,797,7006,flat,0.75,3,0.9,connected,0,0,241,0.30238393977415307,241,10,245,53,1,1,43,43,48,62,79,43,60,7,378,67.575,0.2512254901960782,1,2010,80,1,1.0,104,0,192,
5000602,backup,20260713,large_hospital,high_capacity,backup_connected,privileged_system,303,873,7671,flat,0.75,3,0.9,connected,0,0,2,0.002290950744558992,2,1,1,4,0,0,8,8,8,0,0,0,0,3,24,5.4,0.03308823529411765,0,2709,144,1,1.0,0,1,192,
5000603,backup,20260713,large_hospital,high_capacity,backup_connected,medical_device,534,815,7229,flat,0.75,3,0.9,connected,0,0,1,0.001226993865030675,1,1,0,9,0,0,0,0,8,10,0,0,0,2,18,3.55,0.021752450980392152,0,2214,-1,0,0.8571428571428571,0,1,192,
5000604,backup,20260713,large_hospital,high_capacity,backup_connected,vendor_connection,911,912,8139,flat,0.75,3,0.9,connected,0,0,340,0.37280701754385964,340,10,348,69,1,1,58,66,78,78,96,58,71,7,505,92.2,0.36090686274509776,1,2258,100,1,1.0,135,0,192,
5000605,backup,20260713,large_hospital,high_capacity,backup_connected,workstation,219,1000,8876,flat,0.75,3,0.9,connected,0,0,2,0.002,2,1,1,7,0,0,0,0,8,0,0,0,0,1,8,1.8,0.011029411764705883,0,3027,104,1,1.0,0,1,192,
5000606,backup,20260713,large_hospital,high_capacity,backup_connected,internet_facing,845,861,7520,flat,0.75,3,0.9,connected,0,0,252,0.2926829268292683,252,10,254,86,1,1,72,83,72,72,103,72,56,7,530,98.30000000000001,0.3884803921568627,1,2100,191,1,1.0,104,0,192,
5000607,backup,20260713,large_hospital,high_capacity,backup_connected,privileged_system,860,966,8679,flat,0.75,3,0.9,connected,0,0,4,0.004140786749482402,4,3,3,6,0,1,24,8,8,16,16,8,24,7,104,19.2,0.07475490196078431,0,3147,192,1,1.0,0,1,192,
5000608,backup,20260713,large_hospital,high_capacity,backup_connected,medical_device,661,910,8282,flat,0.75,3,0.9,connected,0,0,1,0.001098901098901099,1,1,0,3,0,0,0,0,0,16,0,0,0,1,16,2.8,0.017156862745098044,0,2470,122,1,1.0,0,1,192,
5000609,backup,20260713,large_hospital,high_capacity,backup_connected,vendor_connection,984,985,8680,flat,0.75,3,0.9,connected,0,0,1,0.0010152284263959391,1,1,0,3,0,0,8,8,8,8,8,8,8,7,56,10.6,0.041666666666666664,0,2980,139,1,1.0,0,1,192,
5000610,backup,20260713,large_hospital,high_capacity,backup_connected,workstation,173,849,7522,flat,0.75,3,0.9,connected,0,0,1,0.001177856301531213,1,1,0,6,0,0,16,16,16,16,32,16,8,7,120,21.6,0.08333333333333333,0,2648,25,1,1.0,0,1,192,
5000611,backup,20260713,large_hospital,high_capacity,backup_connected,internet_facing,780,786,6940,flat,0.75,3,0.9,connected,0,0,205,0.2608142493638677,205,10,205,45,1,1,48,55,56,48,48,48,47,7,350,66.64999999999999,0.2696078431372549,1,2256,140,1,1.0,85,0,192,
5000612,backup,20260713,large_hospital,high_capacity,backup_connected,privileged_system,855,994,9083,flat,0.75,3,0.9,connected,0,0,328,0.3299798792756539,328,10,334,60,1,1,51,54,49,48,52,44,66,7,364,67.97500000000001,0.26332720588235287,1,2411,89,1,1.0,141,0,192,
5000613,backup,20260713,large_hospital,high_capacity,backup_connected,medical_device,677,871,7679,flat,0.75,3,0.9,connected,0,0,1,0.001148105625717566,1,1,0,2,0,0,8,8,0,0,8,0,8,4,32,5.6000000000000005,0.02205882352941176,0,2513,182,1,1.0,0,1,192,
5000614,backup,20260713,large_hospital,high_capacity,backup_connected,vendor_connection,865,866,7695,flat,0.75,3,0.9,connected,0,0,1,0.0011547344110854503,1,1,0,5,0,0,11,8,8,8,8,8,0,6,51,10.15,0.046262254901960786,1,2445,175,1,1.0,0,1,192,
5000615,backup,20260713,large_hospital,high_capacity,backup_connected,workstation,159,784,7062,flat,0.75,3,0.9,connected,0,0,2,0.002551020408163265,2,1,1,10,0,0,16,0,8,0,0,0,8,3,32,7.0,0.0355392156862745,0,2406,76,1,1.0,0,1,192,
5000616,backup,20260713,large_hospital,high_capacity,backup_connected,internet_facing,901,922,7936,flat,0.75,3,0.9,connected,0,0,2,0.0021691973969631237,2,2,1,2,0,0,16,16,8,16,16,8,8,7,88,16.400000000000002,0.07230392156862746,0,2884,107,1,1.0,0,1,192,
5000617,backup,20260713,large_hospital,high_capacity,backup_connected,privileged_system,766,933,8130,flat,0.75,3,0.9,connected,0,0,317,0.3397642015005359,317,10,321,66,1,1,43,57,46,73,83,43,49,7,394,70.6,0.2774203431372546,1,2591,94,1,1.0,126,0,192,
5000618,backup,20260713,large_hospital,high_capacity,backup_connected,medical_device,653,999,8755,flat,0.75,3,0.9,connected,0,0,11,0.011011011011011011,11,3,10,29,0,0,0,8,16,0,0,0,0,2,24,5.2,0.031862745098039214,0,3071,167,1,1.0,0,1,192,
5000619,backup,20260713,large_hospital,high_capacity,backup_connected,vendor_connection,837,838,7556,flat,0.75,3,0.9,connected,0,0,1,0.0011933174224343676,1,1,0,3,0,0,8,8,0,0,0,0,8,3,24,4.8,0.02205882352941176,0,2515,179,1,1.0,0,1,192,
5000620,backup,20260713,large_hospital,high_capacity,backup_connected,workstation,53,921,7899,flat,0.75,3,0.9,connected,0,0,1,0.0010857763300760044,1,1,0,4,0,0,0,0,0,0,0,0,0,0,0,0.0,0.0,0,2686,0,1,1.0,0,1,192,
5000621,backup,20260713,large_hospital,high_capacity,backup_connected,internet_facing,884,886,7673,flat,0.75,3,0.9,connected,0,0,1,0.001128668171557562,1,1,0,2,0,0,0,0,0,0,8,0,32,2,40,5.6,0.0,0,2668,0,1,1.0,0,1,192,
5000622,backup,20260713,large_hospital,high_capacity,backup_connected,privileged_system,574,891,7847,flat,0.75,3,0.9,connected,0,0,8,0.008978675645342313,8,3,7,23,0,0,16,8,8,8,16,8,8,7,72,13.399999999999999,0.053921568627450976,0,2642,101,1,1.0,0,1,192,
5000623,backup,20260713,large_hospital,high_capacity,backup_connected,medical_device,571,859,7742,flat,0.75,3,0.9,connected,0,0,1,0.0011641443538998836,1,1,0,12,0,0,16,16,16,16,16,16,8,7,104,20.0,0.08333333333333333,0,2628,135,1,1.0,0,1,192,
5000624,backup,20260713,large_hospital,high_capacity,backup_connected,vendor_connection,980,981,8848,flat,0.75,3,0.9,connected,0,0,307,0.3129459734964322,307,10,308,53,1,1,13,51,13,51,80,13,54,7,275,44.324999999999996,0.15502450980392168,1,2489,160,1,1.0,106,0,192,
5000625,backup,20260713,large_hospital,high_capacity,backup_periodic,workstation,222,989,8765,flat,0.75,3,0.9,periodic,0,0,1,0.0010111223458038423,1,1,0,2,0,0,0,0,0,0,0,0,8,1,8,1.2,0.0,0,2963,0,1,1.0,0,1,192,
5000626,backup,20260713,large_hospital,high_capacity,backup_periodic,internet_facing,804,811,7299,flat,0.75,3,0.9,periodic,0,0,2,0.002466091245376079,2,2,1,9,0,0,0,0,0,7,8,0,8,3,23,3.2249999999999996,0.007506127450980391,0,2315,-1,0,0.8571428571428571,0,1,192,
5000627,backup,20260713,large_hospital,high_capacity,backup_periodic,privileged_system,779,997,9104,flat,0.75,3,0.9,periodic,0,0,1,0.0010030090270812437,1,1,0,4,0,0,0,0,0,8,0,0,16,2,24,3.8,0.008578431372549019,0,3108,110,1,1.0,0,1,192,
5000628,backup,20260713,large_hospital,high_capacity,backup_periodic,medical_device,592,786,6863,flat,0.75,3,0.9,periodic,0,0,1,0.001272264631043257,1,1,0,2,0,0,0,8,0,0,0,0,8,2,16,2.8,0.009803921568627453,0,2261,113,1,1.0,0,1,192,
5000629,backup,20260713,large_hospital,high_capacity,backup_periodic,vendor_connection,849,850,7422,flat,0.75,3,0.9,periodic,0,0,1,0.001176470588235294,1,1,0,2,0,0,0,0,0,0,0,0,8,1,8,1.2,0.0,0,2641,0,1,1.0,0,1,192,
5000630,backup,20260713,large_hospital,high_capacity,backup_periodic,workstation,146,959,8620,flat,0.75,3,0.9,periodic,0,0,2,0.0020855057351407717,2,1,1,7,0,0,8,16,16,8,8,8,0,6,64,12.800000000000002,0.0625,0,2620,124,1,1.0,0,1,192,
5000631,backup,20260713,large_hospital,high_capacity,backup_periodic,internet_facing,968,999,8627,flat,0.75,3,0.9,periodic,0,0,7,0.007007007007007007,7,3,6,16,0,0,8,8,0,0,8,0,0,3,24,4.4,0.02205882352941176,0,2885,106,1,1.0,0,1,192,
5000632,backup,20260713,large_hospital,high_capacity,backup_periodic,privileged_system,707,779,6781,flat,0.75,3,0.9,periodic,0,0,1,0.0012836970474967907,1,1,0,2,0,1,16,8,0,8,8,0,0,4,40,7.8,0.042892156862745084,0,2005,186,1,1.0,0,1,192,
5000633,backup,20260713,large_hospital,high_capacity,backup_periodic,medical_device,658,915,8064,flat,0.75,3,0.9,periodic,0,0,1,0.001092896174863388,1,1,0,7,0,0,0,2,0,0,0,0,8,2,10,1.6,0.0024509803921568627,0,2718,-1,0,0.8571428571428571,0,1,192,
5000634,backup,20260713,large_hospital,high_capacity,backup_periodic,vendor_connection,832,833,7527,flat,0.75,3,0.9,periodic,0,0,285,0.34213685474189676,285,10,290,58,1,1,47,36,65,58,73,36,8,7,323,60.32500000000001,0.267922794117647,1,2236,157,1,1.0,107,0,192,
5000635,backup,20260713,large_hospital,high_capacity,backup_periodic,workstation,162,857,7446,flat,0.75,3,0.9,periodic,0,0,1,0.0011668611435239206,1,1,0,3,0,0,8,0,8,0,8,0,0,3,24,4.6,0.023284313725490193,0,2510,104,1,1.0,0,1,192,
5000636,backup,20260713,large_hospital,high_capacity,backup_periodic,internet_facing,785,799,7219,flat,0.75,3,0.9,periodic,0,0,215,0.2690863579474343,215,10,215,94,1,1,101,85,72,81,90,62,8,7,499,96.775,0.44500612745098045,1,2076,130,1,1.0,104,0,192,
5000637,backup,20260713,large_hospital,high_capacity,backup_periodic,privileged_system,713,821,7275,flat,0.75,3,0.9,periodic,0,0,1,0.001218026796589525,1,1,0,2,0,0,8,8,9,24,16,8,0,6,73,13.225,0.060202205882352915,1,2325,-1,0,0.8571428571428571,0,1,192,
5000638,backup,20260713,large_hospital,high_capacity,backup_periodic,medical_device,595,860,7556,flat,0.75,3,0.9,periodic,0,0,2,0.002325581395348837,2,2,1,3,0,0,0,8,8,0,8,0,0,3,24,4.2,0.020833333333333332,0,2528,142,1,1.0,0,1,192,
5000639,backup,20260713,large_hospital,high_capacity,backup_periodic,vendor_connection,846,847,7337,flat,0.75,3,0.9,periodic,0,0,1,0.0011806375442739079,1,1,0,2,0,0,8,0,0,0,0,0,0,1,8,2.0,0.01225490196078431,0,2472,68,1,1.0,0,1,192,
5000640,backup,20260713,large_hospital,high_capacity,backup_periodic,workstation,127,825,7319,flat,0.75,3,0.9,periodic,0,0,5,0.006060606060606061,5,3,4,21,0,0,0,8,0,0,0,0,8,2,16,2.8,0.009803921568627453,0,2488,191,1,1.0,0,1,192,
5000641,backup,20260713,large_hospital,high_capacity,backup_periodic,internet_facing,789,795,7129,flat,0.75,3,0.9,periodic,0,0,6,0.007547169811320755,6,4,5,14,0,0,8,0,0,0,0,0,16,2,24,4.4,0.01225490196078431,0,2558,150,1,0.8571428571428571,0,1,192,
5000642,backup,20260713,large_hospital,high_capacity,backup_periodic,privileged_system,826,944,8361,flat,0.75,3,0.9,periodic,0,0,2,0.00211864406779661,2,1,1,11,0,0,8,0,0,0,0,0,0,1,8,2.0,0.01225490196078431,0,3125,160,1,1.0,0,1,192,
5000643,backup,20260713,large_hospital,high_capacity,backup_periodic,medical_device,700,964,8614,flat,0.75,3,0.9,periodic,0,0,274,0.2842323651452282,274,10,277,60,1,1,41,63,49,54,79,41,26,7,353,64.35000000000001,0.2654718137254901,1,2705,78,1,1.0,104,0,192,
5000644,backup,20260713,large_hospital,high_capacity,backup_periodic,vendor_connection,837,838,7305,flat,0.75,3,0.9,periodic,0,0,10,0.011933174224343675,10,5,9,13,0,0,0,0,0,0,0,0,0,0,0,0.0,0.0,0,2482,0,1,1.0,0,1,192,
5000645,backup,20260713,large_hospital,high_capacity,backup_periodic,workstation,264,816,6990,flat,0.75,3,0.9,periodic,0,0,1,0.0012254901960784314,1,1,0,5,0,0,16,8,8,0,8,0,8,5,48,9.399999999999999,0.04534313725490194,0,2436,104,1,1.0,0,1,192,
5000646,backup,20260713,large_hospital,high_capacity,backup_periodic,internet_facing,800,825,7004,flat,0.75,3,0.9,periodic,0,0,266,0.32242424242424245,266,10,266,65,1,1,47,66,35,52,71,30,35,7,336,61.025000000000006,0.25689338235294085,1,2094,172,1,1.0,98,0,192,
5000647,backup,20260713,large_hospital,high_capacity,backup_periodic,privileged_system,197,846,7556,flat,0.75,3,0.9,periodic,0,0,1,0.001182033096926714,1,1,0,2,0,0,0,8,8,0,16,0,8,4,40,6.2,0.020833333333333332,0,2680,134,1,1.0,0,1,192,
5000648,backup,20260713,large_hospital,high_capacity,backup_periodic,medical_device,575,752,6575,flat,0.75,3,0.9,periodic,0,0,3,0.003989361702127659,3,3,2,8,0,0,8,8,8,8,16,8,0,6,56,10.200000000000001,0.041666666666666664,0,2305,90,1,1.0,0,1,192,
5000649,backup,20260713,large_hospital,high_capacity,backup_periodic,vendor_connection,810,811,7030,flat,0.75,3,0.9,periodic,0,0,6,0.007398273736128237,6,3,5,11,0,0,0,7,8,0,0,0,0,2,15,3.2,0.019607843137254905,0,2587,-1,0,0.8571428571428571,0,1,192,
5000650,backup,20260713,large_hospital,high_capacity,backup_isolated,workstation,202,888,7546,flat,0.75,3,0.9,isolated,0,0,284,0.31981981981981983,284,9,287,79,0,1,39,46,40,48,39,39,0,6,251,49.025,0.22273284313725483,1,2451,87,1,1.0,0,1,192,
5000651,backup,20260713,large_hospital,high_capacity,backup_isolated,internet_facing,835,842,7074,flat,0.75,3,0.9,isolated,0,0,153,0.18171021377672208,153,9,153,74,0,1,63,63,63,63,71,63,0,6,386,74.825,0.328125,1,2544,76,1,1.0,0,1,192,
5000652,backup,20260713,large_hospital,high_capacity,backup_isolated,privileged_system,650,791,6829,flat,0.75,3,0.9,isolated,0,0,118,0.14917825537294563,118,9,117,64,0,1,31,0,0,0,0,0,0,1,31,7.75,0.047487745098039214,1,2239,66,1,1.0,0,1,192,
5000653,backup,20260713,large_hospital,high_capacity,backup_isolated,medical_device,551,773,6513,flat,0.75,3,0.9,isolated,0,0,12,0.015523932729624839,12,5,11,23,0,0,0,8,0,0,0,0,0,1,8,1.6,0.009803921568627453,0,2337,93,1,1.0,0,1,192,
5000654,backup,20260713,large_hospital,high_capacity,backup_isolated,vendor_connection,992,993,8226,flat,0.75,3,0.9,isolated,0,0,198,0.19939577039274925,198,9,201,44,0,1,31,39,35,31,31,31,0,6,198,38.925000000000004,0.17677696078431368,1,2793,70,1,1.0,0,1,192,
5000655,backup,20260713,large_hospital,high_capacity,backup_isolated,workstation,220,772,6515,flat,0.75,3,0.9,isolated,0,0,1,0.0012953367875647669,1,1,0,3,0,0,8,8,16,11,8,8,0,6,59,11.725000000000001,0.055912990196078455,1,2062,170,1,1.0,0,1,192,
5000656,backup,20260713,large_hospital,high_capacity,backup_isolated,internet_facing,924,926,7763,flat,0.75,3,0.9,isolated,0,0,21,0.02267818574514039,21,6,20,38,0,0,8,8,8,8,8,8,0,6,48,9.4,0.041666666666666664,0,2980,119,1,1.0,0,1,192,
5000657,backup,20260713,large_hospital,high_capacity,backup_isolated,privileged_system,769,961,8192,flat,0.75,3,0.9,isolated,0,0,1,0.001040582726326743,1,1,0,2,0,0,0,16,0,0,0,0,0,1,16,3.2,0.019607843137254905,0,2886,133,1,1.0,0,1,192,
5000658,backup,20260713,large_hospital,high_capacity,backup_isolated,medical_device,697,939,7869,flat,0.75,3,0.9,isolated,0,0,1,0.0010649627263045794,1,1,0,5,0,0,8,0,0,0,8,0,8,3,24,4.0,0.01225490196078431,0,3115,149,1,1.0,0,1,192,
5000659,backup,20260713,large_hospital,high_capacity,backup_isolated,vendor_connection,930,931,7636,flat,0.75,3,0.9,isolated,0,0,1,0.0010741138560687433,1,1,0,3,0,0,0,8,0,0,8,0,0,2,16,2.4000000000000004,0.009803921568627453,0,2889,84,1,1.0,0,1,192,
5000660,backup,20260713,large_hospital,high_capacity,backup_isolated,workstation,171,757,6477,flat,0.75,3,0.9,isolated,0,0,1,0.001321003963011889,1,1,0,2,0,0,8,8,8,8,8,8,0,6,48,9.4,0.041666666666666664,0,2180,89,1,1.0,0,1,192,
5000661,backup,20260713,large_hospital,high_capacity,backup_isolated,internet_facing,765,789,6626,flat,0.75,3,0.9,isolated,0,0,172,0.21799746514575413,172,9,174,68,0,1,61,71,68,61,61,61,0,6,383,75.25,0.3396139705882353,1,2195,189,1,1.0,0,1,192,
5000662,backup,20260713,large_hospital,high_capacity,backup_isolated,privileged_system,736,848,7149,flat,0.75,3,0.9,isolated,0,0,273,0.32193396226415094,273,9,280,57,0,1,52,50,51,42,52,41,0,6,288,56.25000000000001,0.25628063725490197,1,2193,63,1,1.0,0,1,192,
5000663,backup,20260713,large_hospital,high_capacity,backup_isolated,medical_device,653,944,7956,flat,0.75,3,0.9,isolated,0,0,1,0.001059322033898305,1,1,0,5,0,0,0,0,0,0,0,0,16,1,16,2.4,0.0,0,3149,0,1,1.0,0,1,192,
5000664,backup,20260713,large_hospital,high_capacity,backup_isolated,vendor_connection,856,857,6952,flat,0.75,3,0.9,isolated,0,0,195,0.22753792298716452,195,9,198,58,0,1,23,23,33,33,26,23,0,6,161,31.325000000000003,0.1443014705882353,1,2522,63,1,1.0,0,1,192,
5000665,backup,20260713,large_hospital,high_capacity,backup_isolated,workstation,178,769,6518,flat,0.75,3,0.9,isolated,0,0,1,0.0013003901170351106,1,1,0,2,0,0,0,0,0,16,0,0,0,1,16,2.8,0.017156862745098044,0,2254,157,1,1.0,0,1,192,
5000666,backup,20260713,large_hospital,high_capacity,backup_isolated,internet_facing,851,877,7231,flat,0.75,3,0.9,isolated,0,0,1,0.0011402508551881414,1,1,0,3,0,0,9,16,8,8,8,8,0,6,57,11.250000000000002,0.05300245098039213,0,3076,-1,0,0.8571428571428571,0,1,192,
5000667,backup,20260713,large_hospital,high_capacity,backup_isolated,privileged_system,714,821,6777,flat,0.75,3,0.9,isolated,0,0,2,0.00243605359317905,2,1,1,6,0,0,16,8,8,8,16,8,0,6,64,12.2,0.053921568627450976,0,2474,174,1,1.0,0,1,192,
5000668,backup,20260713,large_hospital,high_capacity,backup_isolated,medical_device,624,820,6943,flat,0.75,3,0.9,isolated,0,0,1,0.0012195121951219512,1,1,0,2,0,0,0,8,0,0,8,0,0,2,16,2.4000000000000004,0.009803921568627453,0,2650,119,1,1.0,0,1,192,
5000669,backup,20260713,large_hospital,high_capacity,backup_isolated,vendor_connection,925,926,7721,flat,0.75,3,0.9,isolated,0,0,8,0.008639308855291577,8,6,7,11,0,0,8,8,8,8,8,8,0,6,48,9.4,0.041666666666666664,0,2903,162,1,1.0,0,1,192,
5000670,backup,20260713,large_hospital,high_capacity,backup_isolated,workstation,374,992,8141,flat,0.75,3,0.9,isolated,0,0,2,0.0020161290322580645,2,1,1,3,0,0,0,0,0,0,8,0,0,1,8,0.8,0.0,0,2867,0,1,1.0,0,1,192,
5000671,backup,20260713,large_hospital,high_capacity,backup_isolated,internet_facing,868,898,7531,flat,0.75,3,0.9,isolated,0,0,1,0.0011135857461024498,1,1,0,2,0,0,0,0,0,0,0,0,8,1,8,1.2,0.0,0,2531,0,1,1.0,0,1,192,
5000672,backup,20260713,large_hospital,high_capacity,backup_isolated,privileged_system,746,824,6959,flat,0.75,3,0.9,isolated,0,0,200,0.24271844660194175,200,9,204,50,0,1,37,39,38,45,45,37,16,7,257,48.7,0.20511642156862733,1,2593,185,1,1.0,0,1,192,
5000673,backup,20260713,large_hospital,high_capacity,backup_isolated,medical_device,689,986,8308,flat,0.75,3,0.9,isolated,0,0,1,0.0010141987829614604,1,1,0,3,0,0,0,0,8,0,8,0,0,2,16,2.6,0.011029411764705883,0,2775,92,1,1.0,0,1,192,
5000674,backup,20260713,large_hospital,high_capacity,backup_isolated,vendor_connection,948,949,7900,flat,0.75,3,0.9,isolated,0,0,3,0.003161222339304531,3,3,2,3,0,1,0,0,16,0,0,0,8,2,24,4.8,0.022058823529411766,0,2749,177,1,1.0,0,1,192,
