trial_id,scenario_id,paired,experiment,master_seed,facility,profile,portfolio,entry_point,entry_node,n_nodes,n_edges,segmentation,patch_coverage,realized_patch_fraction,detection_delay,isolation_success,backup_strategy,identity_controls,rapid_isolation,horizon_steps,step_minutes,total_compromised,ever_compromised_fraction,pct_compromised,peak_compromised,zones_reached,lateral_movements,containment_step,backup_compromised,identity_compromised,ehr_downtime_steps,laboratory_downtime_steps,pharmacy_downtime_steps,imaging_downtime_steps,scheduling_downtime_steps,identity_downtime_steps,backup_recovery_downtime_steps,services_disrupted_count,total_service_downtime_steps,weighted_service_hours_lost,time_averaged_weighted_clinical_unavailability,pct_clinical_capacity_lost,catastrophic,defensive_isolation_node_steps,recovery_step,recovered_within_horizon,ehr_available_final,laboratory_available_final,pharmacy_available_final,imaging_available_final,scheduling_available_final,identity_available_final,backup_recovery_available_final,final_service_availability_fraction,disrupted_service_recovery_fraction,pct_services_restored,unrecoverable_nodes,backups_available,steps_simulated
910000000,91000000,1,fine_step_primary,5701001,scale_2,intermediate_posture,baseline_flat,workstation,73,205,1625,flat,0.5,0.4683,36,0.3306,connected,0,0,864,5,189,0.9219512195,0.9219512195,189,10,193,342,1,1,420,481,446,537,668,420,495,7,3467,210.3583333,0.5385688998,0.5385688998,1,840,541,1,1,1,1,1,1,1,1,1,1,1,61,0,864
910000001,91000000,1,fine_step_primary,5701001,scale_2,intermediate_posture,seg_detect_backup,workstation,73,205,1053,basic,0.5,0.4683,18,0.6316,isolated,0,1,864,5,113,0.5512195122,0.5512195122,113,9,112,351,0,1,324,299,332,305,327,290,0,6,1877,122.275,0.3661151961,0.3661151961,1,1224,415,1,1,1,1,1,1,1,1,1,1,1,0,1,490
910000002,91000001,1,fine_step_primary,5701002,scale_2,intermediate_posture,baseline_flat,internet_facing,250,254,2022,flat,0.5,0.5079,36,0.3306,connected,0,0,864,5,227,0.8937007874,0.8937007874,227,10,231,410,1,1,472,520,506,570,698,466,546,7,3778,230.7166667,0.5931372549,0.5931372549,1,825,600,1,1,1,1,1,1,1,1,1,1,1,73,0,864
910000003,91000001,1,fine_step_primary,5701002,scale_2,intermediate_posture,seg_detect_backup,internet_facing,250,254,1325,basic,0.5,0.5079,18,0.6316,isolated,0,1,864,5,1,0.003937007874,0.003937007874,1,1,0,2,0,0,0,0,0,0,0,0,0,0,0,0,0,0,0,0,0,1,1,1,1,1,1,1,1,1,1,1,0,1,8
910000004,91000002,1,fine_step_primary,5701003,scale_2,intermediate_posture,baseline_flat,privileged_system,205,246,1948,flat,0.5,0.4919,36,0.3306,connected,0,0,864,5,221,0.8983739837,0.8983739837,221,10,224,437,1,1,497,550,523,631,752,497,575,7,4025,245.2083333,0.6295615468,0.6295615468,1,880,-1,0,0,0,0,0,0,0,1,0.1428571429,0.1428571429,0.1428571429,68,0,864
910000005,91000002,1,fine_step_primary,5701003,scale_2,intermediate_posture,seg_detect_backup,privileged_system,205,246,1279,basic,0.5,0.4919,18,0.6316,isolated,0,1,864,5,1,0.00406504065,0.00406504065,1,1,0,4,0,0,0,0,0,0,0,0,0,0,0,0,0,0,0,0,0,1,1,1,1,1,1,1,1,1,1,1,0,1,10
910000006,91000003,1,fine_step_primary,5701004,scale_2,intermediate_posture,baseline_flat,medical_device,201,265,2112,flat,0.5,0.4491,36,0.3306,connected,0,0,864,5,234,0.8830188679,0.8830188679,234,10,238,340,1,1,402,483,425,508,622,402,468,7,3310,201.4916667,0.5196418845,0.5196418845,1,1271,542,1,1,1,1,1,1,1,1,1,1,1,73,0,864
910000007,91000003,1,fine_step_primary,5701004,scale_2,intermediate_posture,seg_detect_backup,medical_device,201,265,1398,basic,0.5,0.4491,18,0.6316,isolated,0,1,864,5,11,0.04150943396,0.04150943396,11,1,10,98,0,0,0,24,0,0,0,0,0,1,24,1.6,0.006535947712,0.006535947712,0,2400,542,1,1,1,1,1,1,1,1,1,1,1,0,1,617
910000008,91000004,1,fine_step_primary,5701005,scale_2,intermediate_posture,baseline_flat,vendor_connection,259,260,1998,flat,0.5,0.4808,36,0.3306,connected,0,0,864,5,231,0.8884615385,0.8884615385,231,10,237,444,1,1,496,542,517,588,715,486,567,7,3911,239.175,0.6149577887,0.6149577887,1,1008,611,1,1,1,1,1,1,1,1,1,1,1,65,0,864
910000009,91000004,1,fine_step_primary,5701005,scale_2,intermediate_posture,seg_detect_backup,vendor_connection,259,260,1326,basic,0.5,0.4808,18,0.6316,isolated,0,1,864,5,29,0.1115384615,0.1115384615,29,7,28,109,0,1,52,48,0,0,24,0,0,3,124,8.333333333,0.03077342048,0.03077342048,1,888,116,1,1,1,1,1,1,1,1,1,1,1,0,1,227
910000010,91000005,1,fine_step_primary,5701001,scale_2,intermediate_posture,baseline_flat,workstation,53,203,1591,flat,0.5,0.3941,36,0.3306,connected,0,0,864,5,183,0.9014778325,0.9014778325,183,10,187,286,1,1,327,378,370,436,546,327,402,7,2786,168.4583333,0.4315087146,0.4315087146,1,1248,557,1,1,1,1,1,1,1,1,1,1,1,55,0,860
910000011,91000005,1,fine_step_primary,5701001,scale_2,intermediate_posture,seg_detect_backup,workstation,53,203,1039,basic,0.5,0.3941,18,0.6316,isolated,0,1,864,5,5,0.02463054187,0.02463054187,5,1,4,27,0,0,0,0,0,0,0,0,0,0,0,0,0,0,0,216,0,1,1,1,1,1,1,1,1,1,1,1,0,1,85
910000012,91000006,1,fine_step_primary,5701002,scale_2,intermediate_posture,baseline_flat,internet_facing,249,259,2026,flat,0.5,0.471,36,0.3306,connected,0,0,864,5,233,0.8996138996,0.8996138996,233,10,240,355,1,1,430,484,475,535,655,430,519,7,3528,214.9666667,0.5511982571,0.5511982571,1,1131,773,1,1,1,1,1,1,1,1,1,1,1,71,0,864
910000013,91000006,1,fine_step_primary,5701002,scale_2,intermediate_posture,seg_detect_backup,internet_facing,249,259,1349,basic,0.5,0.471,18,0.6316,isolated,0,1,864,5,106,0.4092664093,0.4092664093,106,9,108,166,0,1,166,178,174,207,197,163,0,6,1085,69.61666667,0.2076184641,0.2076184641,1,2496,521,1,1,1,1,1,1,1,1,1,1,1,0,1,576
910000014,91000007,1,fine_step_primary,5701003,scale_2,intermediate_posture,baseline_flat,privileged_system,15,241,1897,flat,0.5,0.4564,36,0.3306,connected,0,0,864,5,224,0.9294605809,0.9294605809,224,10,227,378,1,1,495,472,448,527,647,423,497,7,3509,215.2,0.5598788126,0.5598788126,1,1220,-1,0,0,1,1,1,1,1,1,0.8571428571,0.8571428571,0.8571428571,67,0,864
910000015,91000007,1,fine_step_primary,5701003,scale_2,intermediate_posture,seg_detect_backup,privileged_system,15,241,1240,basic,0.5,0.4564,18,0.6316,isolated,0,1,864,5,1,0.004149377593,0.004149377593,1,1,0,2,0,0,0,0,0,0,0,0,0,0,0,0,0,0,0,0,0,1,1,1,1,1,1,1,1,1,1,1,0,1,8
910000016,91000008,1,fine_step_primary,5701004,scale_2,intermediate_posture,baseline_flat,medical_device,188,245,1948,flat,0.5,0.4816,36,0.3306,connected,0,0,864,5,216,0.8816326531,0.8816326531,216,10,220,243,1,1,330,392,359,447,553,309,357,7,2747,166.0916667,0.4355936819,0.4355936819,1,1681,804,1,1,1,1,1,1,1,1,1,1,1,70,0,864
910000017,91000008,1,fine_step_primary,5701004,scale_2,intermediate_posture,seg_detect_backup,medical_device,188,245,1278,basic,0.5,0.4816,18,0.6316,isolated,0,1,864,5,2,0.008163265306,0.008163265306,2,1,1,17,0,0,0,0,0,0,0,0,0,0,0,0,0,0,0,528,0,1,1,1,1,1,1,1,1,1,1,1,0,1,154
910000018,91000009,1,fine_step_primary,5701005,scale_2,intermediate_posture,baseline_flat,vendor_connection,298,299,2336,flat,0.5,0.5084,36,0.3306,connected,0,0,864,5,264,0.8829431438,0.8829431438,264,10,270,308,1,1,445,451,421,523,613,397,443,7,3293,201.5916667,0.5279139434,0.5279139434,1,1849,841,1,1,1,1,1,1,1,1,1,1,1,79,0,864
910000019,91000009,1,fine_step_primary,5701005,scale_2,intermediate_posture,seg_detect_backup,vendor_connection,298,299,1561,basic,0.5,0.5084,18,0.6316,isolated,0,1,864,5,5,0.01672240803,0.01672240803,5,3,4,42,0,1,72,24,24,48,48,24,0,6,240,15.6,0.04983660131,0.04983660131,0,4321,841,1,1,1,1,1,1,1,1,1,1,1,0,1,864
910000020,91000010,1,fine_step_primary,5701001,scale_2,intermediate_posture,baseline_flat,workstation,0,273,2140,flat,0.5,0.4872,36,0.3306,connected,0,0,864,5,238,0.8717948718,0.8717948718,238,10,246,233,1,1,321,373,351,390,497,316,418,7,2666,161.8583333,0.4113221678,0.4113221678,1,2063,438,1,1,1,1,1,1,1,1,1,1,1,73,0,864
910000021,91000010,1,fine_step_primary,5701001,scale_2,intermediate_posture,seg_detect_backup,workstation,0,273,1412,basic,0.5,0.4872,18,0.6316,isolated,0,1,864,5,16,0.05860805861,0.05860805861,16,5,15,64,0,0,48,110,48,48,72,48,72,7,446,27.33333333,0.07244008715,0.07244008715,1,3407,438,1,1,1,1,1,1,1,1,1,1,1,0,1,864
910000022,91000011,1,fine_step_primary,5701002,scale_2,intermediate_posture,baseline_flat,internet_facing,284,295,2382,flat,0.5,0.4712,36,0.3306,connected,0,0,864,5,262,0.8881355932,0.8881355932,262,10,264,471,1,1,570,631,578,660,781,550,606,7,4376,269,0.7002314815,0.7002314815,1,948,825,1,1,1,1,1,1,1,1,1,1,1,82,0,864
910000023,91000011,1,fine_step_primary,5701002,scale_2,intermediate_posture,seg_detect_backup,internet_facing,284,295,1542,basic,0.5,0.4712,18,0.6316,isolated,0,1,864,5,173,0.586440678,0.586440678,173,9,172,220,0,1,232,216,213,222,292,208,24,7,1407,89.19166667,0.255957244,0.255957244,1,2184,272,1,1,1,1,1,1,1,1,1,1,1,0,1,588
910000024,91000012,1,fine_step_primary,5701003,scale_2,intermediate_posture,baseline_flat,privileged_system,227,264,2053,flat,0.5,0.4697,36,0.3306,connected,0,0,864,5,233,0.8825757576,0.8825757576,233,10,237,512,1,1,545,591,567,661,789,541,637,7,4331,264.625,0.6776960784,0.6776960784,1,1198,692,1,1,1,1,1,1,1,1,1,1,1,73,0,864
910000025,91000012,1,fine_step_primary,5701003,scale_2,intermediate_posture,seg_detect_backup,privileged_system,227,264,1358,basic,0.5,0.4697,18,0.6316,isolated,0,1,864,5,117,0.4431818182,0.4431818182,117,9,117,307,0,1,217,66,195,217,249,42,24,7,1010,62.41666667,0.203295207,0.203295207,1,3321,495,1,1,1,1,1,1,1,1,1,1,1,0,1,864
910000026,91000013,1,fine_step_primary,5701004,scale_2,intermediate_posture,baseline_flat,medical_device,164,210,1656,flat,0.5,0.5048,36,0.3306,connected,0,0,864,5,180,0.8571428571,0.8571428571,180,10,183,291,1,1,381,406,391,452,565,357,419,7,2971,181.0666667,0.4677627996,0.4677627996,1,1632,838,1,1,1,1,1,1,1,1,1,1,1,56,0,860
910000027,91000013,1,fine_step_primary,5701004,scale_2,intermediate_posture,seg_detect_backup,medical_device,164,210,1079,basic,0.5,0.5048,18,0.6316,isolated,0,1,864,5,2,0.009523809524,0.009523809524,2,1,1,14,0,0,0,0,0,0,0,0,0,0,0,0,0,0,0,576,0,1,1,1,1,1,1,1,1,1,1,1,0,1,167
910000028,91000014,1,fine_step_primary,5701005,scale_2,intermediate_posture,baseline_flat,vendor_connection,239,240,1826,flat,0.5,0.4125,36,0.3306,connected,0,0,864,5,221,0.9208333333,0.9208333333,221,10,229,334,1,1,398,452,421,505,629,398,461,7,3264,198.2,0.5078976035,0.5078976035,1,1155,512,1,1,1,1,1,1,1,1,1,1,1,66,0,864
910000029,91000014,1,fine_step_primary,5701005,scale_2,intermediate_posture,seg_detect_backup,vendor_connection,239,240,1221,basic,0.5,0.4125,18,0.6316,isolated,0,1,864,5,8,0.03333333333,0.03333333333,8,4,7,34,0,0,0,0,0,0,32,0,0,1,32,1.066666667,0,0,0,480,0,1,1,1,1,1,1,1,1,1,1,1,0,1,131
910000030,91000015,1,fine_step_primary,5701001,scale_2,intermediate_posture,baseline_flat,workstation,53,284,2298,flat,0.5,0.4331,36,0.3306,connected,0,0,864,5,256,0.9014084507,0.9014084507,256,10,266,363,1,1,390,452,414,525,623,390,475,7,3269,198.075,0.5077954793,0.5077954793,1,1613,831,1,1,1,1,1,1,1,1,1,1,1,80,0,864
910000031,91000015,1,fine_step_primary,5701001,scale_2,intermediate_posture,seg_detect_backup,workstation,53,284,1500,basic,0.5,0.4331,18,0.6316,isolated,0,1,864,5,94,0.3309859155,0.3309859155,94,9,93,301,0,1,214,219,214,219,283,214,0,6,1363,86.74166667,0.2502382898,0.2502382898,1,1272,319,1,1,1,1,1,1,1,1,1,1,1,0,1,361
910000032,91000016,1,fine_step_primary,5701002,scale_2,intermediate_posture,baseline_flat,internet_facing,231,234,1855,flat,0.5,0.4701,36,0.3306,connected,0,0,864,5,208,0.8888888889,0.8888888889,208,10,217,397,1,1,491,524,495,579,703,467,539,7,3798,232.1583333,0.5994689542,0.5994689542,1,853,605,1,1,1,1,1,1,1,1,1,1,1,64,0,864
910000033,91000016,1,fine_step_primary,5701002,scale_2,intermediate_posture,seg_detect_backup,internet_facing,231,234,1226,basic,0.5,0.4701,18,0.6316,isolated,0,1,864,5,1,0.004273504274,0.004273504274,1,1,0,5,0,0,0,0,0,0,0,0,0,0,0,0,0,0,0,24,0,1,1,1,1,1,1,1,1,1,1,1,0,1,25
910000034,91000017,1,fine_step_primary,5701003,scale_2,intermediate_posture,baseline_flat,privileged_system,178,238,1882,flat,0.5,0.5084,36,0.3306,connected,0,0,864,5,204,0.8571428571,0.8571428571,204,10,207,508,1,1,569,620,592,686,805,569,652,7,4493,275.275,0.7073801743,0.7073801743,1,731,695,1,1,1,1,1,1,1,1,1,1,1,68,0,864
910000035,91000017,1,fine_step_primary,5701003,scale_2,intermediate_posture,seg_detect_backup,privileged_system,178,238,1232,basic,0.5,0.5084,18,0.6316,isolated,0,1,864,5,2,0.008403361345,0.008403361345,2,1,1,33,0,0,48,24,24,24,24,24,0,6,168,11.4,0.03594771242,0.03594771242,0,1488,196,1,1,1,1,1,1,1,1,1,1,1,0,1,358
910000036,91000018,1,fine_step_primary,5701004,scale_2,intermediate_posture,baseline_flat,medical_device,138,208,1666,flat,0.5,0.4519,36,0.3306,connected,0,0,864,5,192,0.9230769231,0.9230769231,192,10,197,240,1,1,330,408,379,440,558,330,382,7,2827,171.2416667,0.4444104031,0.4444104031,1,1648,830,1,1,1,1,1,1,1,1,1,1,1,62,0,864
910000037,91000018,1,fine_step_primary,5701004,scale_2,intermediate_posture,seg_detect_backup,medical_device,138,208,1084,basic,0.5,0.4519,18,0.6316,isolated,0,1,864,5,10,0.04807692308,0.04807692308,10,4,9,188,0,1,0,0,0,24,0,0,48,2,72,3.8,0.005718954248,0.005718954248,0,672,129,1,1,1,1,1,1,1,1,1,1,1,0,1,253
910000038,91000019,1,fine_step_primary,5701005,scale_2,intermediate_posture,baseline_flat,vendor_connection,247,248,1933,flat,0.5,0.4516,36,0.3306,connected,0,0,864,5,220,0.8870967742,0.8870967742,220,10,230,417,1,1,477,533,539,587,692,477,615,7,3920,239.5416667,0.6125408497,0.6125408497,1,1364,704,1,1,1,1,1,1,1,1,1,1,1,69,0,864
910000039,91000019,1,fine_step_primary,5701005,scale_2,intermediate_posture,seg_detect_backup,vendor_connection,247,248,1261,basic,0.5,0.4516,18,0.6316,isolated,0,1,864,5,61,0.2459677419,0.2459677419,61,8,60,189,0,1,149,178,111,176,145,67,0,6,826,52.73333333,0.1751429739,0.1751429739,1,1008,216,1,1,1,1,1,1,1,1,1,1,1,0,1,281
910000040,91000020,1,fine_step_primary,5701001,scale_2,intermediate_posture,baseline_flat,workstation,44,285,2199,flat,0.5,0.4632,36,0.3306,connected,0,0,864,5,2,0.00701754386,0.00701754386,2,1,1,71,0,0,0,0,24,0,0,0,24,2,48,3,0.007352941176,0.007352941176,0,3926,716,1,1,1,1,1,1,1,1,1,1,1,0,1,864
910000041,91000020,1,fine_step_primary,5701001,scale_2,intermediate_posture,seg_detect_backup,workstation,44,285,1454,basic,0.5,0.4632,18,0.6316,isolated,0,1,864,5,1,0.00350877193,0.00350877193,1,1,0,11,0,0,0,0,24,0,0,0,24,2,48,3,0.007352941176,0.007352941176,0,3926,716,1,1,1,1,1,1,1,1,1,1,1,0,1,864
910000042,91000021,1,fine_step_primary,5701002,scale_2,intermediate_posture,baseline_flat,internet_facing,202,209,1671,flat,0.5,0.4211,36,0.3306,connected,0,0,864,5,188,0.8995215311,0.8995215311,188,10,196,253,1,1,313,374,363,428,548,313,462,7,2801,168.05,0.4216026688,0.4216026688,1,1176,862,1,1,1,1,1,1,1,1,1,1,1,63,0,864
910000043,91000021,1,fine_step_primary,5701002,scale_2,intermediate_posture,seg_detect_backup,internet_facing,202,209,1096,basic,0.5,0.4211,18,0.6316,isolated,0,1,864,5,88,0.4210526316,0.4210526316,88,9,87,238,0,1,172,172,188,245,201,172,0,6,1150,73.79166667,0.2213711874,0.2213711874,1,984,315,1,1,1,1,1,1,1,1,1,1,1,0,1,395
910000044,91000022,1,fine_step_primary,5701003,scale_2,intermediate_posture,baseline_flat,privileged_system,209,243,1894,flat,0.5,0.4568,36,0.3306,connected,0,0,864,5,219,0.9012345679,0.9012345679,219,10,220,321,1,1,371,454,398,482,617,371,454,7,3147,190.2416667,0.4867238562,0.4867238562,1,1226,-1,0,1,0,1,1,1,1,1,0.8571428571,0.8571428571,0.8571428571,65,0,864
910000045,91000022,1,fine_step_primary,5701003,scale_2,intermediate_posture,seg_detect_backup,privileged_system,209,243,1249,basic,0.5,0.4568,18,0.6316,isolated,0,1,864,5,1,0.004115226337,0.004115226337,1,1,0,12,0,0,0,0,0,0,0,0,0,0,0,0,0,0,0,120,0,1,1,1,1,1,1,1,1,1,1,1,0,1,62
910000046,91000023,1,fine_step_primary,5701004,scale_2,intermediate_posture,baseline_flat,medical_device,162,220,1702,flat,0.5,0.45,36,0.3306,connected,0,0,864,5,187,0.85,0.85,187,10,191,596,1,1,644,695,665,744,829,644,717,7,4938,305.0583333,0.7895220588,0.7895220588,1,684,781,1,1,1,1,1,0,1,1,0.8571428571,0.8571428571,0.8571428571,62,0,864
910000047,91000023,1,fine_step_primary,5701004,scale_2,intermediate_posture,seg_detect_backup,medical_device,162,220,1113,basic,0.5,0.45,18,0.6316,isolated,0,1,864,5,92,0.4181818182,0.4181818182,92,9,91,166,0,1,121,141,84,117,154,84,0,6,701,44.04166667,0.133203976,0.133203976,1,360,200,1,1,1,1,1,1,1,1,1,1,1,0,1,234
910000048,91000024,1,fine_step_primary,5701005,scale_2,intermediate_posture,baseline_flat,vendor_connection,244,245,1971,flat,0.5,0.4735,36,0.3306,connected,0,0,864,5,220,0.8979591837,0.8979591837,220,10,229,343,1,1,444,481,447,535,650,420,518,7,3495,212.8666667,0.5465686275,0.5465686275,1,1536,780,1,1,1,1,1,1,1,1,1,1,1,72,0,864
910000049,91000024,1,fine_step_primary,5701005,scale_2,intermediate_posture,seg_detect_backup,vendor_connection,244,245,1280,basic,0.5,0.4735,18,0.6316,isolated,0,1,864,5,51,0.2081632653,0.2081632653,51,8,50,119,0,1,149,133,125,125,141,125,0,6,798,52.025,0.1550245098,0.1550245098,1,2448,342,1,1,1,1,1,1,1,1,1,1,1,0,1,596
910000050,91000025,1,fine_step_primary,5701001,scale_2,intermediate_posture,baseline_flat,workstation,55,243,1975,flat,0.5,0.4691,36,0.3306,connected,0,0,864,5,209,0.8600823045,0.8600823045,209,10,214,279,1,1,361,391,364,445,561,337,416,7,2875,174.1833333,0.4469294662,0.4469294662,1,1477,763,1,1,1,1,1,1,1,1,1,1,1,67,0,864
910000051,91000025,1,fine_step_primary,5701001,scale_2,intermediate_posture,seg_detect_backup,workstation,55,243,1269,basic,0.5,0.4691,18,0.6316,isolated,0,1,864,5,113,0.4650205761,0.4650205761,113,9,112,187,0,1,184,184,214,197,212,184,0,6,1175,76.00833333,0.2252519063,0.2252519063,1,1368,336,1,1,1,1,1,1,1,1,1,1,1,0,1,373
910000052,91000026,1,fine_step_primary,5701002,scale_2,intermediate_posture,baseline_flat,internet_facing,272,277,2205,flat,0.5,0.4513,36,0.3306,connected,0,0,864,5,240,0.8664259928,0.8664259928,240,10,246,446,1,1,488,544,513,601,737,487,590,7,3960,241.0583333,0.6146514161,0.6146514161,1,1133,620,1,1,1,1,1,1,1,1,1,1,1,74,0,864
910000053,91000026,1,fine_step_primary,5701002,scale_2,intermediate_posture,seg_detect_backup,internet_facing,272,277,1452,basic,0.5,0.4513,18,0.6316,isolated,0,1,864,5,141,0.5090252708,0.5090252708,141,9,141,301,0,1,257,229,256,255,288,229,24,7,1538,98.73333333,0.2890454793,0.2890454793,1,2112,329,1,1,1,1,1,1,1,1,1,1,1,0,1,597
910000054,91000027,1,fine_step_primary,5701003,scale_2,intermediate_posture,baseline_flat,privileged_system,243,264,2047,flat,0.5,0.4508,36,0.3306,connected,0,0,864,5,238,0.9015151515,0.9015151515,238,10,239,345,1,1,410,462,460,512,635,410,505,7,3394,206.5,0.5283224401,0.5283224401,1,1233,793,1,1,1,1,1,1,1,1,1,1,1,74,0,864
910000055,91000027,1,fine_step_primary,5701003,scale_2,intermediate_posture,seg_detect_backup,privileged_system,243,264,1354,basic,0.5,0.4508,18,0.6316,isolated,0,1,864,5,1,0.003787878788,0.003787878788,1,1,0,2,0,1,0,0,0,0,0,0,0,0,0,0,0,0,0,264,0,1,1,1,1,1,1,1,1,1,1,1,0,1,64
910000056,91000028,1,fine_step_primary,5701004,scale_2,intermediate_posture,baseline_flat,medical_device,148,207,1595,flat,0.5,0.4251,36,0.3306,connected,0,0,864,5,187,0.9033816425,0.9033816425,187,10,193,319,1,1,404,462,433,512,644,404,454,7,3313,201.275,0.5180078976,0.5180078976,1,1156,652,1,1,1,1,1,1,1,1,1,1,1,58,0,864
910000057,91000028,1,fine_step_primary,5701004,scale_2,intermediate_posture,seg_detect_backup,medical_device,148,207,1039,basic,0.5,0.4251,18,0.6316,isolated,0,1,864,5,97,0.4685990338,0.4685990338,97,9,96,329,0,1,283,311,283,295,326,283,0,6,1781,114.8416667,0.3380310458,0.3380310458,1,1080,353,1,1,1,1,1,1,1,1,1,1,1,0,1,429
910000058,91000029,1,fine_step_primary,5701005,scale_2,intermediate_posture,baseline_flat,vendor_connection,231,232,1779,flat,0.5,0.5086,36,0.3306,connected,0,0,864,5,205,0.8836206897,0.8836206897,205,10,206,297,1,1,376,410,376,461,582,352,430,7,2987,181.0583333,0.4646990741,0.4646990741,1,1407,638,1,1,1,1,1,1,1,1,1,1,1,64,0,864
910000059,91000029,1,fine_step_primary,5701005,scale_2,intermediate_posture,seg_detect_backup,vendor_connection,231,232,1188,basic,0.5,0.5086,18,0.6316,isolated,0,1,864,5,1,0.004310344828,0.004310344828,1,1,0,3,0,0,0,0,0,0,0,0,0,0,0,0,0,0,0,288,0,1,1,1,1,1,1,1,1,1,1,1,0,1,57
910000060,91000030,1,fine_step_primary,5701001,scale_2,intermediate_posture,baseline_flat,workstation,23,273,2104,flat,0.5,0.4982,36,0.3306,connected,0,0,864,5,246,0.9010989011,0.9010989011,246,10,251,294,1,1,327,380,385,427,550,327,436,7,2832,171.025,0.4345043573,0.4345043573,1,1698,699,1,1,1,1,1,1,1,1,1,1,1,72,0,864
910000061,91000030,1,fine_step_primary,5701001,scale_2,intermediate_posture,seg_detect_backup,workstation,23,273,1404,basic,0.5,0.4982,18,0.6316,isolated,0,1,864,5,1,0.003663003663,0.003663003663,1,1,0,12,0,0,0,24,24,0,0,0,24,3,72,4.6,0.01388888889,0.01388888889,0,2544,346,1,1,1,1,1,1,1,1,1,1,1,0,1,598
910000062,91000031,1,fine_step_primary,5701002,scale_2,intermediate_posture,baseline_flat,internet_facing,256,259,2023,flat,0.5,0.4942,36,0.3306,connected,0,0,864,5,1,0.003861003861,0.003861003861,1,1,0,10,0,0,0,0,0,0,0,0,0,0,0,0,0,0,0,384,0,1,1,1,1,1,1,1,1,1,1,1,0,1,113
910000063,91000031,1,fine_step_primary,5701002,scale_2,intermediate_posture,seg_detect_backup,internet_facing,256,259,1325,basic,0.5,0.4942,18,0.6316,isolated,0,1,864,5,1,0.003861003861,0.003861003861,1,1,0,6,0,0,0,0,0,0,0,0,0,0,0,0,0,0,0,384,0,1,1,1,1,1,1,1,1,1,1,1,0,1,113
910000064,91000032,1,fine_step_primary,5701003,scale_2,intermediate_posture,baseline_flat,privileged_system,214,251,1925,flat,0.5,0.4502,36,0.3306,connected,0,0,864,5,213,0.8486055777,0.8486055777,213,10,217,248,1,1,349,375,347,402,512,301,368,7,2654,161.6,0.4230324074,0.4230324074,1,1656,794,1,1,1,1,1,1,1,1,1,1,1,65,0,794
910000065,91000032,1,fine_step_primary,5701003,scale_2,intermediate_posture,seg_detect_backup,privileged_system,214,251,1261,basic,0.5,0.4502,18,0.6316,isolated,0,1,864,5,110,0.438247012,0.438247012,110,9,109,472,0,1,447,432,428,471,468,423,0,6,2669,172.95,0.5131740196,0.5131740196,1,1776,536,1,1,1,1,1,1,1,1,1,1,1,0,1,590
910000066,91000033,1,fine_step_primary,5701004,scale_2,intermediate_posture,baseline_flat,medical_device,184,230,1815,flat,0.5,0.513,36,0.3306,connected,0,0,864,5,204,0.8869565217,0.8869565217,204,10,209,469,1,1,541,560,543,612,732,505,584,7,4077,250.3166667,0.6488630174,0.6488630174,1,896,-1,0,0,1,1,1,1,1,1,0.8571428571,0.8571428571,0.8571428571,65,0,864
910000067,91000033,1,fine_step_primary,5701004,scale_2,intermediate_posture,seg_detect_backup,medical_device,184,230,1189,basic,0.5,0.513,18,0.6316,isolated,0,1,864,5,97,0.4217391304,0.4217391304,97,9,97,294,0,1,193,194,185,201,234,185,24,7,1216,77.49166667,0.2231072985,0.2231072985,1,1656,327,1,1,1,1,1,1,1,1,1,1,1,0,1,549
910000068,91000034,1,fine_step_primary,5701005,scale_2,intermediate_posture,baseline_flat,vendor_connection,294,295,2315,flat,0.5,0.5153,36,0.3306,connected,0,0,864,5,259,0.8779661017,0.8779661017,259,10,266,563,1,1,625,678,671,733,855,625,707,7,4894,301.0916667,0.7776416122,0.7776416122,1,775,860,1,1,1,1,1,0,1,1,0.8571428571,0.8571428571,0.8571428571,82,0,864
910000069,91000034,1,fine_step_primary,5701005,scale_2,intermediate_posture,seg_detect_backup,vendor_connection,294,295,1505,basic,0.5,0.5153,18,0.6316,isolated,0,1,864,5,60,0.2033898305,0.2033898305,60,9,60,118,0,1,54,95,78,99,106,54,0,6,486,30.04166667,0.09174155773,0.09174155773,1,1248,232,1,1,1,1,1,1,1,1,1,1,1,0,1,294
910000070,91000035,1,fine_step_primary,5701001,scale_2,intermediate_posture,baseline_flat,workstation,40,265,2082,flat,0.5,0.5358,36,0.3306,connected,0,0,864,5,245,0.9245283019,0.9245283019,245,10,250,412,1,1,452,511,501,567,687,452,502,7,3672,224.2833333,0.5816312636,0.5816312636,1,1212,778,1,1,1,1,1,1,1,1,1,1,1,76,0,864
910000071,91000035,1,fine_step_primary,5701001,scale_2,intermediate_posture,seg_detect_backup,workstation,40,265,1368,basic,0.5,0.5358,18,0.6316,isolated,0,1,864,5,4,0.01509433962,0.01509433962,4,1,3,51,0,0,0,0,0,0,0,0,0,0,0,0,0,0,0,408,0,1,1,1,1,1,1,1,1,1,1,1,0,1,97
910000072,91000036,1,fine_step_primary,5701002,scale_2,intermediate_posture,baseline_flat,internet_facing,202,204,1652,flat,0.5,0.4412,36,0.3306,connected,0,0,864,5,179,0.8774509804,0.8774509804,179,10,181,297,1,1,400,435,402,518,614,376,456,7,3201,194.1666667,0.5012254902,0.5012254902,1,936,789,1,1,1,1,1,1,1,1,1,1,1,60,0,829
910000073,91000036,1,fine_step_primary,5701002,scale_2,intermediate_posture,seg_detect_backup,internet_facing,202,204,1056,basic,0.5,0.4412,18,0.6316,isolated,0,1,864,5,85,0.4166666667,0.4166666667,85,9,85,156,0,1,145,177,149,158,170,145,24,7,968,62.01666667,0.1808619281,0.1808619281,1,696,294,1,1,1,1,1,1,1,1,1,1,1,0,1,342
910000074,91000037,1,fine_step_primary,5701003,scale_2,intermediate_posture,baseline_flat,privileged_system,196,227,1784,flat,0.5,0.4537,36,0.3306,connected,0,0,864,5,208,0.9162995595,0.9162995595,208,10,215,334,1,1,426,475,474,522,624,413,484,7,3418,209.1416667,0.5439814815,0.5439814815,1,1493,620,1,1,1,1,1,1,1,1,1,1,1,63,0,864
910000075,91000037,1,fine_step_primary,5701003,scale_2,intermediate_posture,seg_detect_backup,privileged_system,196,227,1159,basic,0.5,0.4537,18,0.6316,isolated,0,1,864,5,4,0.01762114537,0.01762114537,4,3,3,56,0,0,0,0,0,0,0,0,0,0,0,0,0,0,0,1368,0,1,1,1,1,1,1,1,1,1,1,1,0,1,371
910000076,91000038,1,fine_step_primary,5701004,scale_2,intermediate_posture,baseline_flat,medical_device,183,235,1866,flat,0.5,0.4681,36,0.3306,connected,0,0,864,5,1,0.004255319149,0.004255319149,1,1,0,5,0,0,24,24,24,24,24,24,0,6,144,9.4,0.02777777778,0.02777777778,0,864,38,1,1,1,1,1,1,1,1,1,1,1,0,1,240
910000077,91000038,1,fine_step_primary,5701004,scale_2,intermediate_posture,seg_detect_backup,medical_device,183,235,1214,basic,0.5,0.4681,18,0.6316,isolated,0,1,864,5,1,0.004255319149,0.004255319149,1,1,0,4,0,0,24,24,24,24,24,24,0,6,144,9.4,0.02777777778,0.02777777778,0,864,38,1,1,1,1,1,1,1,1,1,1,1,0,1,240
910000078,91000039,1,fine_step_primary,5701005,scale_2,intermediate_posture,baseline_flat,vendor_connection,291,292,2277,flat,0.5,0.4178,36,0.3306,connected,0,0,864,5,278,0.9520547945,0.9520547945,278,10,283,652,1,1,709,766,759,817,847,709,786,7,5393,335.4416667,0.8771786492,0.8771786492,1,401,834,1,1,1,1,1,0,1,1,0.8571428571,0.8571428571,0.8571428571,81,0,864
910000079,91000039,1,fine_step_primary,5701005,scale_2,intermediate_posture,seg_detect_backup,vendor_connection,291,292,1492,basic,0.5,0.4178,18,0.6316,isolated,0,1,864,5,2,0.006849315068,0.006849315068,2,1,1,9,0,0,0,0,0,0,0,0,0,0,0,0,0,0,0,816,0,1,1,1,1,1,1,1,1,1,1,1,0,1,186
910000080,91000040,1,fine_step_primary,5701001,scale_2,intermediate_posture,baseline_flat,workstation,79,261,2067,flat,0.5,0.4828,36,0.3306,connected,0,0,864,5,236,0.9042145594,0.9042145594,236,10,242,439,1,1,511,548,518,600,726,478,573,7,3954,241.6666667,0.6248638344,0.6248638344,1,754,682,1,1,1,1,1,1,1,1,1,1,1,73,0,864
910000081,91000040,1,fine_step_primary,5701001,scale_2,intermediate_posture,seg_detect_backup,workstation,79,261,1370,basic,0.5,0.4828,18,0.6316,isolated,0,1,864,5,127,0.4865900383,0.4865900383,127,9,127,268,0,1,205,194,176,85,234,24,24,7,942,58.975,0.1967933007,0.1967933007,1,2016,358,1,1,1,1,1,1,1,1,1,1,1,0,1,656
910000082,91000041,1,fine_step_primary,5701002,scale_2,intermediate_posture,baseline_flat,internet_facing,271,275,2200,flat,0.5,0.4764,36,0.3306,connected,0,0,864,5,1,0.003636363636,0.003636363636,1,1,0,4,0,0,24,0,0,24,0,0,0,2,48,3.4,0.01388888889,0.01388888889,0,1680,128,1,1,1,1,1,1,1,1,1,1,1,0,1,433
910000083,91000041,1,fine_step_primary,5701002,scale_2,intermediate_posture,seg_detect_backup,internet_facing,271,275,1439,basic,0.5,0.4764,18,0.6316,isolated,0,1,864,5,1,0.003636363636,0.003636363636,1,1,0,2,0,0,24,0,0,24,0,0,0,2,48,3.4,0.01388888889,0.01388888889,0,1680,128,1,1,1,1,1,1,1,1,1,1,1,0,1,433
910000084,91000042,1,fine_step_primary,5701003,scale_2,intermediate_posture,baseline_flat,privileged_system,228,263,2066,flat,0.5,0.4981,36,0.3306,connected,0,0,864,5,227,0.8631178707,0.8631178707,227,10,229,301,1,1,348,419,374,462,582,348,460,7,2993,180.4333333,0.4572440087,0.4572440087,1,1841,484,1,1,1,1,1,1,1,1,1,1,1,73,0,864
910000085,91000042,1,fine_step_primary,5701003,scale_2,intermediate_posture,seg_detect_backup,privileged_system,228,263,1361,basic,0.5,0.4981,18,0.6316,isolated,0,1,864,5,131,0.4980988593,0.4980988593,131,9,131,322,0,1,299,346,303,314,340,299,24,7,1925,123.9833333,0.3636642157,0.3636642157,1,3425,357,1,1,1,1,1,1,1,1,1,1,1,0,1,864
910000086,91000043,1,fine_step_primary,5701004,scale_2,intermediate_posture,baseline_flat,medical_device,208,278,2142,flat,0.5,0.4424,36,0.3306,connected,0,0,864,5,253,0.9100719424,0.9100719424,253,10,260,312,1,1,389,415,387,462,589,365,425,7,3032,184.3166667,0.4740944989,0.4740944989,1,1393,714,1,1,1,1,1,1,1,1,1,1,1,74,0,864
910000087,91000043,1,fine_step_primary,5701004,scale_2,intermediate_posture,seg_detect_backup,medical_device,208,278,1421,basic,0.5,0.4424,18,0.6316,isolated,0,1,864,5,4,0.01438848921,0.01438848921,4,2,3,88,0,0,0,0,0,24,48,0,0,2,72,3,0.005718954248,0.005718954248,0,1392,273,1,1,1,1,1,1,1,1,1,1,1,0,1,377
910000088,91000044,1,fine_step_primary,5701005,scale_2,intermediate_posture,baseline_flat,vendor_connection,281,282,2188,flat,0.5,0.5319,36,0.3306,connected,0,0,864,5,246,0.8723404255,0.8723404255,246,10,253,337,1,1,410,428,450,502,592,403,460,7,3245,198.6916667,0.5136165577,0.5136165577,1,1572,592,1,1,1,1,1,1,1,1,1,1,1,79,0,864
910000089,91000044,1,fine_step_primary,5701005,scale_2,intermediate_posture,seg_detect_backup,vendor_connection,281,282,1443,basic,0.5,0.5319,18,0.6316,isolated,0,1,864,5,1,0.003546099291,0.003546099291,1,1,0,4,0,0,0,0,0,0,0,0,0,0,0,0,0,0,0,504,0,1,1,1,1,1,1,1,1,1,1,1,0,1,150
910000090,91000045,1,fine_step_primary,5701001,scale_2,intermediate_posture,baseline_flat,workstation,36,282,2202,flat,0.5,0.4681,36,0.3306,connected,0,0,864,5,251,0.890070922,0.890070922,251,10,256,296,1,1,376,403,399,452,578,352,420,7,2980,181.1583333,0.4676947168,0.4676947168,1,1881,472,1,1,1,1,1,1,1,1,1,1,1,73,0,864
910000091,91000045,1,fine_step_primary,5701001,scale_2,intermediate_posture,seg_detect_backup,workstation,36,282,1458,basic,0.5,0.4681,18,0.6316,isolated,0,1,864,5,7,0.02482269504,0.02482269504,7,3,6,23,0,1,0,0,0,0,0,0,0,0,0,0,0,0,0,0,0,1,1,1,1,1,1,1,1,1,1,1,0,1,32
910000092,91000046,1,fine_step_primary,5701002,scale_2,intermediate_posture,baseline_flat,internet_facing,236,245,1992,flat,0.5,0.4449,36,0.3306,connected,0,0,864,5,229,0.9346938776,0.9346938776,229,10,240,498,1,1,589,625,603,684,780,564,632,7,4477,275.775,0.7184436275,0.7184436275,1,718,-1,0,0,1,1,1,1,1,1,0.8571428571,0.8571428571,0.8571428571,73,0,864
910000093,91000046,1,fine_step_primary,5701002,scale_2,intermediate_posture,seg_detect_backup,internet_facing,236,245,1278,basic,0.5,0.4449,18,0.6316,isolated,0,1,864,5,3,0.01224489796,0.01224489796,3,1,2,28,0,0,0,0,0,0,0,0,0,0,0,0,0,0,0,72,0,1,1,1,1,1,1,1,1,1,1,1,0,1,49
910000094,91000047,1,fine_step_primary,5701003,scale_2,intermediate_posture,baseline_flat,privileged_system,196,214,1670,flat,0.5,0.4813,36,0.3306,connected,0,0,864,5,187,0.8738317757,0.8738317757,187,10,191,379,1,1,438,494,463,544,653,438,534,7,3564,217.2083333,0.5551130174,0.5551130174,1,979,561,1,1,1,1,1,1,1,1,1,1,1,58,0,864
910000095,91000047,1,fine_step_primary,5701003,scale_2,intermediate_posture,seg_detect_backup,privileged_system,196,214,1091,basic,0.5,0.4813,18,0.6316,isolated,0,1,864,5,1,0.004672897196,0.004672897196,1,1,0,2,0,1,0,0,0,0,0,0,0,0,0,0,0,0,0,168,0,1,1,1,1,1,1,1,1,1,1,1,0,1,55
910000096,91000048,1,fine_step_primary,5701004,scale_2,intermediate_posture,baseline_flat,medical_device,212,276,2122,flat,0.5,0.4819,36,0.3306,connected,0,0,864,5,253,0.9166666667,0.9166666667,253,10,260,541,1,1,563,616,582,666,784,558,623,7,4392,269.6166667,0.6964188453,0.6964188453,1,846,718,1,1,1,1,1,1,1,1,1,1,1,73,0,864
910000097,91000048,1,fine_step_primary,5701004,scale_2,intermediate_posture,seg_detect_backup,medical_device,212,276,1414,basic,0.5,0.4819,18,0.6316,isolated,0,1,864,5,1,0.003623188406,0.003623188406,1,1,0,59,0,0,0,0,0,0,0,0,0,0,0,0,0,0,0,216,0,1,1,1,1,1,1,1,1,1,1,1,0,1,65
910000098,91000049,1,fine_step_primary,5701005,scale_2,intermediate_posture,baseline_flat,vendor_connection,239,240,1962,flat,0.5,0.4458,36,0.3306,connected,0,0,864,5,218,0.9083333333,0.9083333333,218,10,225,305,1,1,336,424,360,477,583,335,432,7,2947,177.25,0.4538058279,0.4538058279,1,1512,-1,0,1,0,1,1,1,1,1,0.8571428571,0.8571428571,0.8571428571,70,0,864
910000099,91000049,1,fine_step_primary,5701005,scale_2,intermediate_posture,seg_detect_backup,vendor_connection,239,240,1275,basic,0.5,0.4458,18,0.6316,isolated,0,1,864,5,2,0.008333333333,0.008333333333,2,1,1,14,0,0,0,0,0,0,0,0,0,0,0,0,0,0,0,240,0,1,1,1,1,1,1,1,1,1,1,1,0,1,98
910000100,91000050,1,fine_step_primary,5701001,scale_2,intermediate_posture,baseline_flat,workstation,55,215,1700,flat,0.5,0.4744,36,0.3306,connected,0,0,864,5,193,0.8976744186,0.8976744186,193,10,196,490,1,1,544,634,561,677,779,536,634,7,4365,267.0333333,0.691040305,0.691040305,1,825,742,1,1,1,1,1,1,1,1,1,1,1,65,0,864
910000101,91000050,1,fine_step_primary,5701001,scale_2,intermediate_posture,seg_detect_backup,workstation,55,215,1107,basic,0.5,0.4744,18,0.6316,isolated,0,1,864,5,90,0.4186046512,0.4186046512,90,9,89,230,0,1,200,225,211,205,230,192,0,6,1263,81.51666667,0.2428513072,0.2428513072,1,1080,264,1,1,1,1,1,1,1,1,1,1,1,0,1,418
910000102,91000051,1,fine_step_primary,5701002,scale_2,intermediate_posture,baseline_flat,internet_facing,259,264,2103,flat,0.5,0.3826,36,0.3306,connected,0,0,864,5,245,0.928030303,0.928030303,245,10,252,369,1,1,423,482,456,530,664,423,507,7,3485,211.7083333,0.5412581699,0.5412581699,1,965,545,1,1,1,1,1,1,1,1,1,1,1,70,0,864
910000103,91000051,1,fine_step_primary,5701002,scale_2,intermediate_posture,seg_detect_backup,internet_facing,259,264,1384,basic,0.5,0.3826,18,0.6316,isolated,0,1,864,5,3,0.01136363636,0.01136363636,3,1,2,19,0,0,0,0,0,0,0,0,0,0,0,0,0,0,0,120,0,1,1,1,1,1,1,1,1,1,1,1,0,1,44
910000104,91000052,1,fine_step_primary,5701003,scale_2,intermediate_posture,baseline_flat,privileged_system,237,292,2332,flat,0.5,0.4384,36,0.3306,connected,0,0,864,5,267,0.9143835616,0.9143835616,267,10,270,502,1,1,548,601,569,659,783,546,637,7,4343,265.75,0.6815767974,0.6815767974,1,1234,686,1,1,1,1,1,1,1,1,1,1,1,82,0,864
910000105,91000052,1,fine_step_primary,5701003,scale_2,intermediate_posture,seg_detect_backup,privileged_system,237,292,1544,basic,0.5,0.4384,18,0.6316,isolated,0,1,864,5,168,0.5753424658,0.5753424658,168,9,169,302,0,1,327,308,315,321,324,283,0,6,1878,122.1583333,0.3681917211,0.3681917211,1,3675,616,1,1,1,1,1,1,1,1,1,1,1,0,1,864
910000106,91000053,1,fine_step_primary,5701004,scale_2,intermediate_posture,baseline_flat,medical_device,194,264,1978,flat,0.5,0.4621,36,0.3306,connected,0,0,864,5,233,0.8825757576,0.8825757576,233,10,240,309,1,1,389,426,375,470,600,350,425,7,3035,183.8583333,0.4753199891,0.4753199891,1,1653,701,1,1,1,1,1,1,1,1,1,1,1,66,0,864
910000107,91000053,1,fine_step_primary,5701004,scale_2,intermediate_posture,seg_detect_backup,medical_device,194,264,1321,basic,0.5,0.4621,18,0.6316,isolated,0,1,864,5,136,0.5151515152,0.5151515152,136,9,136,360,0,1,362,222,141,252,273,117,0,6,1367,88.11666667,0.2869349129,0.2869349129,1,1584,388,1,1,1,1,1,1,1,1,1,1,1,0,1,482
910000108,91000054,1,fine_step_primary,5701005,scale_2,intermediate_posture,baseline_flat,vendor_connection,206,207,1674,flat,0.5,0.3816,36,0.3306,connected,0,0,864,5,189,0.9130434783,0.9130434783,189,10,198,251,1,1,365,403,364,451,579,338,400,7,2900,175.5416667,0.4529888344,0.4529888344,1,1293,848,1,1,1,1,1,1,1,1,1,1,1,61,0,864
910000109,91000054,1,fine_step_primary,5701005,scale_2,intermediate_posture,seg_detect_backup,vendor_connection,206,207,1085,basic,0.5,0.3816,18,0.6316,isolated,0,1,864,5,111,0.5362318841,0.5362318841,111,9,110,164,0,1,163,170,163,172,208,163,24,7,1063,67.53333333,0.1927083333,0.1927083333,1,984,196,1,1,1,1,1,1,1,1,1,1,1,0,1,384
910000110,91000055,1,fine_step_primary,5701001,scale_2,intermediate_posture,baseline_flat,workstation,43,236,1877,flat,0.5,0.5169,36,0.3306,connected,0,0,864,5,216,0.9152542373,0.9152542373,216,10,222,378,1,1,405,459,426,515,634,405,490,7,3334,202.35,0.5161015795,0.5161015795,1,1212,567,1,1,1,1,1,1,1,1,1,1,1,67,0,864
910000111,91000055,1,fine_step_primary,5701001,scale_2,intermediate_posture,seg_detect_backup,workstation,43,236,1221,basic,0.5,0.5169,18,0.6316,isolated,0,1,864,5,106,0.4491525424,0.4491525424,106,9,105,226,0,1,125,151,128,158,146,125,0,6,833,53.54166667,0.1605392157,0.1605392157,1,3036,254,1,1,1,1,1,1,1,1,1,1,1,0,1,864
910000112,91000056,1,fine_step_primary,5701002,scale_2,intermediate_posture,baseline_flat,internet_facing,241,248,1916,flat,0.5,0.4637,36,0.3306,connected,0,0,864,5,220,0.8870967742,0.8870967742,220,10,229,377,1,1,434,508,452,532,639,424,493,7,3482,212.7166667,0.5513344227,0.5513344227,1,1311,641,1,1,1,1,1,1,1,1,1,1,1,64,0,864
910000113,91000056,1,fine_step_primary,5701002,scale_2,intermediate_posture,seg_detect_backup,internet_facing,241,248,1263,basic,0.5,0.4637,18,0.6316,isolated,0,1,864,5,1,0.004032258065,0.004032258065,1,1,0,3,0,0,0,0,0,0,0,0,0,0,0,0,0,0,0,0,0,1,1,1,1,1,1,1,1,1,1,1,0,1,9
910000114,91000057,1,fine_step_primary,5701003,scale_2,intermediate_posture,baseline_flat,privileged_system,193,228,1764,flat,0.5,0.4868,36,0.3306,connected,0,0,864,5,216,0.9473684211,0.9473684211,216,10,221,341,1,1,436,489,463,539,652,436,472,7,3487,213.1333333,0.551879085,0.551879085,1,1405,735,1,1,1,1,1,1,1,1,1,1,1,64,0,864
910000115,91000057,1,fine_step_primary,5701003,scale_2,intermediate_posture,seg_detect_backup,privileged_system,193,228,1159,basic,0.5,0.4868,18,0.6316,isolated,0,1,864,5,68,0.298245614,0.298245614,68,8,68,167,0,1,147,143,143,143,143,143,0,6,862,56.34166667,0.166870915,0.166870915,1,792,179,1,1,1,1,1,1,1,1,1,1,1,0,1,248
910000116,91000058,1,fine_step_primary,5701004,scale_2,intermediate_posture,baseline_flat,medical_device,195,263,2051,flat,0.5,0.5019,36,0.3306,connected,0,0,864,5,225,0.855513308,0.855513308,225,10,230,334,1,1,406,449,437,482,601,406,462,7,3243,198.2416667,0.5092252179,0.5092252179,1,1216,513,1,1,1,1,1,1,1,1,1,1,1,71,0,864
910000117,91000058,1,fine_step_primary,5701004,scale_2,intermediate_posture,seg_detect_backup,medical_device,195,263,1347,basic,0.5,0.5019,18,0.6316,isolated,0,1,864,5,1,0.003802281369,0.003802281369,1,1,0,40,0,0,0,24,0,0,0,0,0,1,24,1.6,0.006535947712,0.006535947712,0,1584,394,1,1,1,1,1,1,1,1,1,1,1,0,1,432
910000118,91000059,1,fine_step_primary,5701005,scale_2,intermediate_posture,baseline_flat,vendor_connection,275,276,2176,flat,0.5,0.4601,36,0.3306,connected,0,0,864,5,1,0.003623188406,0.003623188406,1,1,0,9,0,0,24,0,24,0,0,0,0,2,48,3.8,0.01552287582,0.01552287582,0,3950,563,1,1,1,1,1,1,1,1,1,1,1,0,1,864
910000119,91000059,1,fine_step_primary,5701005,scale_2,intermediate_posture,seg_detect_backup,vendor_connection,275,276,1435,basic,0.5,0.4601,18,0.6316,isolated,0,1,864,5,1,0.003623188406,0.003623188406,1,1,0,8,0,0,24,0,24,0,0,0,0,2,48,3.8,0.01552287582,0.01552287582,0,3950,563,1,1,1,1,1,1,1,1,1,1,1,0,1,864
910000120,91000060,1,fine_step_primary,5701001,scale_2,intermediate_posture,baseline_flat,workstation,45,259,2091,flat,0.5,0.4324,36,0.3306,connected,0,0,864,5,232,0.8957528958,0.8957528958,232,10,240,373,1,1,412,497,440,528,644,412,504,7,3437,208.8333333,0.5362200436,0.5362200436,1,1413,797,1,1,1,1,1,1,1,1,1,1,1,76,0,864
910000121,91000060,1,fine_step_primary,5701001,scale_2,intermediate_posture,seg_detect_backup,workstation,45,259,1361,basic,0.5,0.4324,18,0.6316,isolated,0,1,864,5,4,0.01544401544,0.01544401544,4,1,3,51,0,0,0,0,0,0,0,0,0,0,0,0,0,0,0,264,0,1,1,1,1,1,1,1,1,1,1,1,0,1,99
910000122,91000061,1,fine_step_primary,5701002,scale_2,intermediate_posture,baseline_flat,internet_facing,219,223,1689,flat,0.5,0.4574,36,0.3306,connected,0,0,864,5,201,0.9013452915,0.9013452915,201,10,202,240,1,1,285,339,333,387,508,285,350,7,2487,149.7083333,0.3835784314,0.3835784314,1,1248,479,1,1,1,1,1,1,1,1,1,1,1,58,0,837
910000123,91000061,1,fine_step_primary,5701002,scale_2,intermediate_posture,seg_detect_backup,internet_facing,219,223,1121,basic,0.5,0.4574,18,0.6316,isolated,0,1,864,5,7,0.03139013453,0.03139013453,7,2,6,51,0,1,0,0,0,24,0,0,0,1,24,1.4,0.005718954248,0.005718954248,0,912,140,1,1,1,1,1,1,1,1,1,1,1,0,1,283
910000124,91000062,1,fine_step_primary,5701003,scale_2,intermediate_posture,baseline_flat,privileged_system,193,220,1748,flat,0.5,0.4682,36,0.3306,connected,0,0,864,5,193,0.8772727273,0.8772727273,193,10,204,260,1,1,309,363,341,436,530,309,385,7,2673,161.05,0.4124114924,0.4124114924,1,1661,629,1,1,1,1,1,1,1,1,1,1,1,61,0,864
910000125,91000062,1,fine_step_primary,5701003,scale_2,intermediate_posture,seg_detect_backup,privileged_system,193,220,1138,basic,0.5,0.4682,18,0.6316,isolated,0,1,864,5,5,0.02272727273,0.02272727273,5,2,4,28,0,0,0,0,0,0,0,0,0,0,0,0,0,0,0,264,0,1,1,1,1,1,1,1,1,1,1,1,0,1,111
910000126,91000063,1,fine_step_primary,5701004,scale_2,intermediate_posture,baseline_flat,medical_device,189,243,1946,flat,0.5,0.5103,36,0.3306,connected,0,0,864,5,2,0.008230452675,0.008230452675,2,1,1,28,0,0,0,0,0,0,0,0,0,0,0,0,0,0,0,720,0,1,1,1,1,1,1,1,1,1,1,1,0,1,203
910000127,91000063,1,fine_step_primary,5701004,scale_2,intermediate_posture,seg_detect_backup,medical_device,189,243,1258,basic,0.5,0.5103,18,0.6316,isolated,0,1,864,5,2,0.008230452675,0.008230452675,2,1,1,27,0,0,0,0,0,0,0,0,0,0,0,0,0,0,0,720,0,1,1,1,1,1,1,1,1,1,1,1,0,1,203
910000128,91000064,1,fine_step_primary,5701005,scale_2,intermediate_posture,baseline_flat,vendor_connection,209,210,1615,flat,0.5,0.4619,36,0.3306,connected,0,0,864,5,190,0.9047619048,0.9047619048,190,10,192,378,1,1,449,515,468,548,688,438,492,7,3598,219.2,0.5670615468,0.5670615468,1,952,790,1,1,1,1,1,1,1,1,1,1,1,58,0,864
910000129,91000064,1,fine_step_primary,5701005,scale_2,intermediate_posture,seg_detect_backup,vendor_connection,209,210,1070,basic,0.5,0.4619,18,0.6316,isolated,0,1,864,5,1,0.004761904762,0.004761904762,1,1,0,3,0,0,0,0,0,0,0,0,0,0,0,0,0,0,0,0,0,1,1,1,1,1,1,1,1,1,1,1,0,1,9
910000130,91000065,1,fine_step_primary,5701001,scale_2,intermediate_posture,baseline_flat,workstation,69,254,1968,flat,0.5,0.4291,36,0.3306,connected,0,0,864,5,232,0.9133858268,0.9133858268,232,10,240,242,1,1,289,347,321,441,562,286,376,7,2622,156,0.3963099129,0.3963099129,1,1605,623,1,1,1,1,1,1,1,1,1,1,1,71,0,864
910000131,91000065,1,fine_step_primary,5701001,scale_2,intermediate_posture,seg_detect_backup,workstation,69,254,1305,basic,0.5,0.4291,18,0.6316,isolated,0,1,864,5,150,0.5905511811,0.5905511811,150,8,150,254,0,1,240,222,225,272,329,222,0,6,1510,95.15833333,0.2759055011,0.2759055011,1,1152,282,1,1,1,1,1,1,1,1,1,1,1,0,1,443
910000132,91000066,1,fine_step_primary,5701002,scale_2,intermediate_posture,baseline_flat,internet_facing,257,267,2085,flat,0.5,0.4419,36,0.3306,connected,0,0,864,5,230,0.861423221,0.861423221,230,10,236,311,1,1,375,421,412,471,633,365,472,7,3149,189.7666667,0.4807666122,0.4807666122,1,1582,767,1,1,1,1,1,1,1,1,1,1,1,69,0,864
910000133,91000066,1,fine_step_primary,5701002,scale_2,intermediate_posture,seg_detect_backup,internet_facing,257,267,1364,basic,0.5,0.4419,18,0.6316,isolated,0,1,864,5,16,0.05992509363,0.05992509363,16,5,15,180,0,1,0,24,0,0,0,0,0,1,24,1.6,0.006535947712,0.006535947712,0,960,163,1,1,1,1,1,1,1,1,1,1,1,0,1,276
910000134,91000067,1,fine_step_primary,5701003,scale_2,intermediate_posture,baseline_flat,privileged_system,252,256,2040,flat,0.5,0.4609,36,0.3306,connected,0,0,864,5,227,0.88671875,0.88671875,227,10,235,389,1,1,482,538,508,570,685,482,527,7,3792,232.7166667,0.6020561002,0.6020561002,1,1052,577,1,1,1,1,1,1,1,1,1,1,1,72,0,864
910000135,91000067,1,fine_step_primary,5701003,scale_2,intermediate_posture,seg_detect_backup,privileged_system,252,256,1340,basic,0.5,0.4609,18,0.6316,isolated,0,1,864,5,1,0.00390625,0.00390625,1,1,0,7,0,0,0,0,0,0,0,0,0,0,0,0,0,0,0,0,0,1,1,1,1,1,1,1,1,1,1,1,0,1,13
910000136,91000068,1,fine_step_primary,5701004,scale_2,intermediate_posture,baseline_flat,medical_device,168,218,1744,flat,0.5,0.5275,36,0.3306,connected,0,0,864,5,192,0.880733945,0.880733945,192,10,193,299,1,1,344,383,366,447,569,333,400,7,2842,171.6666667,0.4400531046,0.4400531046,1,1278,478,1,1,1,1,1,1,1,1,1,1,1,58,0,864
910000137,91000068,1,fine_step_primary,5701004,scale_2,intermediate_posture,seg_detect_backup,medical_device,168,218,1140,basic,0.5,0.5275,18,0.6316,isolated,0,1,864,5,30,0.1376146789,0.1376146789,30,7,29,208,0,1,96,54,54,155,54,54,0,6,467,30.54166667,0.1008646514,0.1008646514,1,1416,339,1,1,1,1,1,1,1,1,1,1,1,0,1,424
910000138,91000069,1,fine_step_primary,5701005,scale_2,intermediate_posture,baseline_flat,vendor_connection,234,235,1836,flat,0.5,0.4426,36,0.3306,connected,0,0,864,5,1,0.004255319149,0.004255319149,1,1,0,9,0,0,0,0,0,0,0,0,0,0,0,0,0,0,0,792,0,1,1,1,1,1,1,1,1,1,1,1,0,1,233
910000139,91000069,1,fine_step_primary,5701005,scale_2,intermediate_posture,seg_detect_backup,vendor_connection,234,235,1201,basic,0.5,0.4426,18,0.6316,isolated,0,1,864,5,1,0.004255319149,0.004255319149,1,1,0,8,0,0,0,0,0,0,0,0,0,0,0,0,0,0,0,792,0,1,1,1,1,1,1,1,1,1,1,1,0,1,233
910000140,91000070,1,fine_step_primary,5701001,scale_2,intermediate_posture,baseline_flat,workstation,2,282,2282,flat,0.5,0.4752,36,0.3306,connected,0,0,864,5,255,0.9042553191,0.9042553191,255,10,259,352,1,1,412,471,485,524,648,412,490,7,3442,209.675,0.5419730392,0.5419730392,1,1698,775,1,1,1,1,1,1,1,1,1,1,1,80,0,864
910000141,91000070,1,fine_step_primary,5701001,scale_2,intermediate_posture,seg_detect_backup,workstation,2,282,1471,basic,0.5,0.4752,18,0.6316,isolated,0,1,864,5,28,0.09929078014,0.09929078014,28,5,27,164,0,1,55,55,55,55,55,55,0,6,330,21.54166667,0.06365740741,0.06365740741,1,1680,173,1,1,1,1,1,1,1,1,1,1,1,0,1,376
910000142,91000071,1,fine_step_primary,5701002,scale_2,intermediate_posture,baseline_flat,internet_facing,214,220,1729,flat,0.5,0.4818,36,0.3306,connected,0,0,864,5,191,0.8681818182,0.8681818182,191,10,195,295,1,1,397,427,394,476,599,373,444,7,3110,189.0083333,0.4855664488,0.4855664488,1,1559,483,1,1,1,1,1,1,1,1,1,1,1,62,0,864
910000143,91000071,1,fine_step_primary,5701002,scale_2,intermediate_posture,seg_detect_backup,internet_facing,214,220,1146,basic,0.5,0.4818,18,0.6316,isolated,0,1,864,5,112,0.5090909091,0.5090909091,112,9,112,362,0,1,384,367,363,395,395,360,24,7,2288,148.1,0.4360021786,0.4360021786,1,1392,466,1,1,1,1,1,1,1,1,1,1,1,0,1,563
910000144,91000072,1,fine_step_primary,5701003,scale_2,intermediate_posture,baseline_flat,privileged_system,179,290,2316,flat,0.5,0.4966,36,0.3306,connected,0,0,864,5,263,0.9068965517,0.9068965517,263,10,270,359,1,1,413,469,438,559,641,413,496,7,3429,208.2833333,0.5357094227,0.5357094227,1,1266,851,1,1,1,1,1,1,1,1,1,1,1,81,0,864
910000145,91000072,1,fine_step_primary,5701003,scale_2,intermediate_posture,seg_detect_backup,privileged_system,179,290,1499,basic,0.5,0.4966,18,0.6316,isolated,0,1,864,5,2,0.006896551724,0.006896551724,2,1,1,27,0,0,0,0,0,24,0,0,0,1,24,1.4,0.005718954248,0.005718954248,0,480,36,1,1,1,1,1,1,1,1,1,1,1,0,1,118
910000146,91000073,1,fine_step_primary,5701004,scale_2,intermediate_posture,baseline_flat,medical_device,177,237,1917,flat,0.5,0.4177,36,0.3306,connected,0,0,864,5,222,0.9367088608,0.9367088608,222,10,227,378,1,1,439,497,488,553,692,439,506,7,3614,219.8666667,0.5660743464,0.5660743464,1,963,824,1,1,1,1,1,1,1,1,1,1,1,70,0,864
910000147,91000073,1,fine_step_primary,5701004,scale_2,intermediate_posture,seg_detect_backup,medical_device,177,237,1251,basic,0.5,0.4177,18,0.6316,isolated,0,1,864,5,2,0.008438818565,0.008438818565,2,1,1,38,0,0,0,0,0,0,0,0,0,0,0,0,0,0,0,384,0,1,1,1,1,1,1,1,1,1,1,1,0,1,177
910000148,91000074,1,fine_step_primary,5701005,scale_2,intermediate_posture,baseline_flat,vendor_connection,210,211,1624,flat,0.5,0.4645,36,0.3306,connected,0,0,864,5,177,0.8388625592,0.8388625592,177,10,183,261,1,1,352,403,351,454,550,328,412,7,2850,172.5416667,0.4452954793,0.4452954793,1,1512,687,1,1,1,1,1,1,1,1,1,1,1,56,0,831
910000149,91000074,1,fine_step_primary,5701005,scale_2,intermediate_posture,seg_detect_backup,vendor_connection,210,211,1063,basic,0.5,0.4645,18,0.6316,isolated,0,1,864,5,61,0.2890995261,0.2890995261,61,9,61,225,0,1,203,235,207,263,225,203,48,7,1384,88.575,0.2591911765,0.2591911765,1,2112,577,1,1,1,1,1,1,1,1,1,1,1,0,1,630
910000150,91000075,1,fine_step_primary,5701001,scale_2,intermediate_posture,baseline_flat,workstation,11,262,2070,flat,0.5,0.4008,36,0.3306,connected,0,0,864,5,241,0.9198473282,0.9198473282,241,10,249,357,1,1,426,491,423,510,667,402,485,7,3404,206.3416667,0.5298543028,0.5298543028,1,1588,726,1,1,1,1,1,1,1,1,1,1,1,75,0,864
910000151,91000075,1,fine_step_primary,5701001,scale_2,intermediate_posture,seg_detect_backup,workstation,11,262,1354,basic,0.5,0.4008,18,0.6316,isolated,0,1,864,5,160,0.6106870229,0.6106870229,160,9,159,248,0,1,246,277,225,236,283,222,24,7,1513,96.89166667,0.2843477669,0.2843477669,1,3436,726,1,1,1,1,1,1,1,1,1,1,1,0,1,864
910000152,91000076,1,fine_step_primary,5701002,scale_2,intermediate_posture,baseline_flat,internet_facing,235,243,1960,flat,0.5,0.4979,36,0.3306,connected,0,0,864,5,220,0.9053497942,0.9053497942,220,10,222,561,1,1,610,664,639,754,850,610,705,7,4832,296.3416667,0.7639229303,0.7639229303,1,840,842,1,1,1,1,1,0,1,1,0.8571428571,0.8571428571,0.8571428571,66,0,864
910000153,91000076,1,fine_step_primary,5701002,scale_2,intermediate_posture,seg_detect_backup,internet_facing,235,243,1289,basic,0.5,0.4979,18,0.6316,isolated,0,1,864,5,9,0.03703703704,0.03703703704,9,4,8,96,0,0,0,0,0,24,0,0,0,1,24,1.4,0.005718954248,0.005718954248,0,360,148,1,1,1,1,1,1,1,1,1,1,1,0,1,148
910000154,91000077,1,fine_step_primary,5701003,scale_2,intermediate_posture,baseline_flat,privileged_system,232,276,2134,flat,0.5,0.4239,36,0.3306,connected,0,0,864,5,248,0.8985507246,0.8985507246,248,10,259,332,1,1,377,479,399,485,596,377,455,7,3168,192.4583333,0.4965958606,0.4965958606,1,1444,630,1,1,1,1,1,1,1,1,1,1,1,75,0,864
910000155,91000077,1,fine_step_primary,5701003,scale_2,intermediate_posture,seg_detect_backup,privileged_system,232,276,1412,basic,0.5,0.4239,18,0.6316,isolated,0,1,864,5,2,0.007246376812,0.007246376812,2,2,1,7,0,0,0,0,24,0,0,0,0,1,24,1.8,0.007352941176,0.007352941176,0,528,57,1,1,1,1,1,1,1,1,1,1,1,0,1,175
910000156,91000078,1,fine_step_primary,5701004,scale_2,intermediate_posture,baseline_flat,medical_device,142,213,1662,flat,0.5,0.4695,36,0.3306,connected,0,0,864,5,1,0.004694835681,0.004694835681,1,1,0,6,0,0,0,24,24,0,0,0,0,2,48,3.4,0.01388888889,0.01388888889,0,864,110,1,1,1,1,1,1,1,1,1,1,1,0,1,256
910000157,91000078,1,fine_step_primary,5701004,scale_2,intermediate_posture,seg_detect_backup,medical_device,142,213,1091,basic,0.5,0.4695,18,0.6316,isolated,0,1,864,5,1,0.004694835681,0.004694835681,1,1,0,1,0,0,0,0,0,0,0,0,0,0,0,0,0,0,0,0,0,1,1,1,1,1,1,1,1,1,1,1,0,1,7
910000158,91000079,1,fine_step_primary,5701005,scale_2,intermediate_posture,baseline_flat,vendor_connection,280,281,2214,flat,0.5,0.4591,36,0.3306,connected,0,0,864,5,252,0.896797153,0.896797153,252,10,262,347,1,1,407,464,460,533,636,406,488,7,3394,206.4916667,0.5328499455,0.5328499455,1,1514,798,1,1,1,1,1,1,1,1,1,1,1,81,0,864
910000159,91000079,1,fine_step_primary,5701005,scale_2,intermediate_posture,seg_detect_backup,vendor_connection,280,281,1451,basic,0.5,0.4591,18,0.6316,isolated,0,1,864,5,133,0.4733096085,0.4733096085,133,9,132,244,0,1,198,207,226,271,258,198,24,7,1382,87.70833333,0.2575912309,0.2575912309,1,3674,798,1,1,1,1,1,1,1,1,1,1,1,0,1,864
910000160,91000080,1,fine_step_primary,5701001,scale_2,intermediate_posture,baseline_flat,workstation,113,293,2341,flat,0.5,0.4334,36,0.3306,connected,0,0,864,5,266,0.9078498294,0.9078498294,266,10,272,650,1,1,682,736,705,791,816,680,755,7,5165,320.8666667,0.8370778867,0.8370778867,1,704,840,1,1,1,1,1,0,1,1,0.8571428571,0.8571428571,0.8571428571,83,0,864
910000161,91000080,1,fine_step_primary,5701001,scale_2,intermediate_posture,seg_detect_backup,workstation,113,293,1514,basic,0.5,0.4334,18,0.6316,isolated,0,1,864,5,8,0.02730375427,0.02730375427,8,4,7,62,0,0,24,24,24,24,24,24,24,7,168,10.6,0.02777777778,0.02777777778,0,1752,363,1,1,1,1,1,1,1,1,1,1,1,0,1,391
910000162,91000081,1,fine_step_primary,5701002,scale_2,intermediate_posture,baseline_flat,internet_facing,207,213,1712,flat,0.5,0.3944,36,0.3306,connected,0,0,864,5,185,0.8685446009,0.8685446009,185,10,194,449,1,1,525,581,577,641,753,525,594,7,4196,257.325,0.6664624183,0.6664624183,1,906,648,1,1,1,1,1,1,1,1,1,1,1,63,0,864
910000163,91000081,1,fine_step_primary,5701002,scale_2,intermediate_posture,seg_detect_backup,internet_facing,207,213,1106,basic,0.5,0.3944,18,0.6316,isolated,0,1,864,5,125,0.5868544601,0.5868544601,125,9,124,277,0,1,286,319,338,302,322,286,24,7,1877,121.45,0.3597494553,0.3597494553,1,2656,648,1,1,1,1,1,1,1,1,1,1,1,0,1,864
910000164,91000082,1,fine_step_primary,5701003,scale_2,intermediate_posture,baseline_flat,privileged_system,183,224,1763,flat,0.5,0.4286,36,0.3306,connected,0,0,864,5,203,0.90625,0.90625,203,10,210,500,1,1,595,640,610,690,787,583,630,7,4535,279.7083333,0.7281454248,0.7281454248,1,814,771,1,1,1,1,1,1,1,1,1,1,1,62,0,864
910000165,91000082,1,fine_step_primary,5701003,scale_2,intermediate_posture,seg_detect_backup,privileged_system,183,224,1157,basic,0.5,0.4286,18,0.6316,isolated,0,1,864,5,130,0.5803571429,0.5803571429,130,9,129,210,0,1,223,134,130,193,216,124,0,6,1020,65.025,0.1982230392,0.1982230392,1,528,246,1,1,1,1,1,1,1,1,1,1,1,0,1,310
910000166,91000083,1,fine_step_primary,5701004,scale_2,intermediate_posture,baseline_flat,medical_device,152,219,1733,flat,0.5,0.484,36,0.3306,connected,0,0,864,5,198,0.904109589,0.904109589,198,10,205,419,1,1,424,482,447,530,661,420,540,7,3504,212.4416667,0.5388412309,0.5388412309,1,1112,600,1,1,1,1,1,1,1,1,1,1,1,60,0,864
910000167,91000083,1,fine_step_primary,5701004,scale_2,intermediate_posture,seg_detect_backup,medical_device,152,219,1144,basic,0.5,0.484,18,0.6316,isolated,0,1,864,5,2,0.009132420091,0.009132420091,2,2,1,60,0,0,48,72,67,48,48,48,24,7,355,23.025,0.0679125817,0.0679125817,1,1512,420,1,1,1,1,1,1,1,1,1,1,1,0,1,458
910000168,91000084,1,fine_step_primary,5701005,scale_2,intermediate_posture,baseline_flat,vendor_connection,283,284,2235,flat,0.5,0.4718,36,0.3306,connected,0,0,864,5,249,0.8767605634,0.8767605634,249,10,253,354,1,1,425,469,439,522,655,418,499,7,3427,208.1916667,0.5312840414,0.5312840414,1,1246,533,1,1,1,1,1,1,1,1,1,1,1,75,0,864
910000169,91000084,1,fine_step_primary,5701005,scale_2,intermediate_posture,seg_detect_backup,vendor_connection,283,284,1476,basic,0.5,0.4718,18,0.6316,isolated,0,1,864,5,1,0.003521126761,0.003521126761,1,1,0,3,0,0,24,24,24,24,24,24,24,7,168,10.6,0.02777777778,0.02777777778,0,2760,349,1,1,1,1,1,1,1,1,1,1,1,0,1,672
910000170,91000085,1,fine_step_primary,5701001,scale_2,intermediate_posture,baseline_flat,workstation,87,224,1746,flat,0.5,0.4509,36,0.3306,connected,0,0,864,5,193,0.8616071429,0.8616071429,193,10,199,298,1,1,359,375,343,432,544,316,400,7,2769,167.675,0.4323597495,0.4323597495,1,1676,-1,0,0,1,1,1,1,1,1,0.8571428571,0.8571428571,0.8571428571,66,0,864
910000171,91000085,1,fine_step_primary,5701001,scale_2,intermediate_posture,seg_detect_backup,workstation,87,224,1145,basic,0.5,0.4509,18,0.6316,isolated,0,1,864,5,1,0.004464285714,0.004464285714,1,1,0,15,0,0,24,0,0,0,0,0,0,1,24,2,0.008169934641,0.008169934641,0,1080,217,1,1,1,1,1,1,1,1,1,1,1,0,1,297
910000172,91000086,1,fine_step_primary,5701002,scale_2,intermediate_posture,baseline_flat,internet_facing,252,262,2003,flat,0.5,0.4466,36,0.3306,connected,0,0,864,5,227,0.8664122137,0.8664122137,227,10,235,445,1,1,496,546,516,610,715,496,597,7,3976,242.9,0.6209831155,0.6209831155,1,1355,625,1,1,1,1,1,1,1,1,1,1,1,70,0,864
910000173,91000086,1,fine_step_primary,5701002,scale_2,intermediate_posture,seg_detect_backup,internet_facing,252,262,1316,basic,0.5,0.4466,18,0.6316,isolated,0,1,864,5,2,0.007633587786,0.007633587786,2,1,1,14,0,0,0,0,0,24,0,0,0,1,24,1.4,0.005718954248,0.005718954248,0,1680,323,1,1,1,1,1,1,1,1,1,1,1,0,1,337
910000174,91000087,1,fine_step_primary,5701003,scale_2,intermediate_posture,baseline_flat,privileged_system,169,203,1655,flat,0.5,0.4433,36,0.3306,connected,0,0,864,5,189,0.9310344828,0.9310344828,189,10,200,384,1,1,488,568,524,574,700,475,539,7,3868,237.225,0.6181236383,0.6181236383,1,842,671,1,1,1,1,1,1,1,1,1,1,1,63,0,864
910000175,91000087,1,fine_step_primary,5701003,scale_2,intermediate_posture,seg_detect_backup,privileged_system,169,203,1069,basic,0.5,0.4433,18,0.6316,isolated,0,1,864,5,99,0.4876847291,0.4876847291,99,9,99,239,0,1,269,258,243,228,260,228,0,6,1486,96.90833333,0.2906113834,0.2906113834,1,792,298,1,1,1,1,1,1,1,1,1,1,1,0,1,348
910000176,91000088,1,fine_step_primary,5701004,scale_2,intermediate_posture,baseline_flat,medical_device,161,234,1872,flat,0.5,0.4872,36,0.3306,connected,0,0,864,5,213,0.9102564103,0.9102564103,213,10,217,343,1,1,419,448,422,499,618,383,502,7,3291,199.9666667,0.5128336057,0.5128336057,1,1564,531,1,1,1,1,1,1,1,1,1,1,1,66,0,864
910000177,91000088,1,fine_step_primary,5701004,scale_2,intermediate_posture,seg_detect_backup,medical_device,161,234,1226,basic,0.5,0.4872,18,0.6316,isolated,0,1,864,5,9,0.03846153846,0.03846153846,9,3,8,64,0,0,48,48,24,24,24,24,24,7,216,14.2,0.04248366013,0.04248366013,0,1800,401,1,1,1,1,1,1,1,1,1,1,1,0,1,460
910000178,91000089,1,fine_step_primary,5701005,scale_2,intermediate_posture,baseline_flat,vendor_connection,207,208,1625,flat,0.5,0.4519,36,0.3306,connected,0,0,864,5,185,0.8894230769,0.8894230769,185,10,190,374,1,1,425,492,456,549,650,425,545,7,3542,215.2333333,0.5491898148,0.5491898148,1,963,570,1,1,1,1,1,1,1,1,1,1,1,61,0,864
910000179,91000089,1,fine_step_primary,5701005,scale_2,intermediate_posture,seg_detect_backup,vendor_connection,207,208,1064,basic,0.5,0.4519,18,0.6316,isolated,0,1,864,5,1,0.004807692308,0.004807692308,1,1,0,5,0,0,24,0,0,0,0,0,0,1,24,2,0.008169934641,0.008169934641,0,840,150,1,1,1,1,1,1,1,1,1,1,1,0,1,324
910000180,91000090,1,fine_step_primary,5701001,scale_2,intermediate_posture,baseline_flat,workstation,66,298,2339,flat,0.5,0.4866,36,0.3306,connected,0,0,864,5,3,0.01006711409,0.01006711409,3,1,2,69,0,0,0,0,0,24,48,0,0,2,72,3,0.005718954248,0.005718954248,0,4206,375,1,1,1,1,1,1,1,1,1,1,1,0,1,864
910000181,91000090,1,fine_step_primary,5701001,scale_2,intermediate_posture,seg_detect_backup,workstation,66,298,1548,basic,0.5,0.4866,18,0.6316,isolated,0,1,864,5,2,0.006711409396,0.006711409396,2,1,1,49,0,0,0,0,0,24,48,0,0,2,72,3,0.005718954248,0.005718954248,0,4230,375,1,1,1,1,1,1,1,1,1,1,1,0,1,864
910000182,91000091,1,fine_step_primary,5701002,scale_2,intermediate_posture,baseline_flat,internet_facing,234,238,1828,flat,0.5,0.4454,36,0.3306,connected,0,0,864,5,216,0.9075630252,0.9075630252,216,10,217,354,1,1,400,454,420,502,626,396,482,7,3280,199.05,0.5081018519,0.5081018519,1,1362,531,1,1,1,1,1,1,1,1,1,1,1,64,0,864
910000183,91000091,1,fine_step_primary,5701002,scale_2,intermediate_posture,seg_detect_backup,internet_facing,234,238,1209,basic,0.5,0.4454,18,0.6316,isolated,0,1,864,5,2,0.008403361345,0.008403361345,2,2,1,18,0,0,0,0,0,0,0,0,0,0,0,0,0,0,0,912,0,1,1,1,1,1,1,1,1,1,1,1,0,1,299
910000184,91000092,1,fine_step_primary,5701003,scale_2,intermediate_posture,baseline_flat,privileged_system,249,277,2203,flat,0.5,0.4549,36,0.3306,connected,0,0,864,5,246,0.8880866426,0.8880866426,246,10,249,264,1,1,334,390,358,442,564,332,410,7,2830,170.6666667,0.434912854,0.434912854,1,1536,451,1,1,1,1,1,1,1,1,1,1,1,77,0,810
910000185,91000092,1,fine_step_primary,5701003,scale_2,intermediate_posture,seg_detect_backup,privileged_system,249,277,1440,basic,0.5,0.4549,18,0.6316,isolated,0,1,864,5,131,0.4729241877,0.4729241877,131,9,130,394,0,1,396,405,400,396,429,396,0,6,2422,157.1,0.4620098039,0.4620098039,1,3024,422,1,1,1,1,1,1,1,1,1,1,1,0,1,810
910000186,91000093,1,fine_step_primary,5701004,scale_2,intermediate_posture,baseline_flat,medical_device,175,239,1906,flat,0.5,0.4268,36,0.3306,connected,0,0,864,5,217,0.9079497908,0.9079497908,217,10,230,608,1,1,668,726,695,784,843,666,755,7,5137,317.725,0.8248570261,0.8248570261,1,654,807,1,1,1,1,1,0,1,1,0.8571428571,0.8571428571,0.8571428571,71,0,864
910000187,91000093,1,fine_step_primary,5701004,scale_2,intermediate_posture,seg_detect_backup,medical_device,175,239,1239,basic,0.5,0.4268,18,0.6316,isolated,0,1,864,5,12,0.05020920502,0.05020920502,12,3,11,96,0,0,0,0,0,0,0,0,0,0,0,0,0,0,0,1584,0,1,1,1,1,1,1,1,1,1,1,1,0,1,421
910000188,91000094,1,fine_step_primary,5701005,scale_2,intermediate_posture,baseline_flat,vendor_connection,214,215,1653,flat,0.5,0.4698,36,0.3306,connected,0,0,864,5,192,0.8930232558,0.8930232558,192,10,199,269,1,1,331,384,353,464,565,331,405,7,2833,170.6333333,0.4359681373,0.4359681373,1,1291,833,1,1,1,1,1,1,1,1,1,1,1,56,0,864
910000189,91000094,1,fine_step_primary,5701005,scale_2,intermediate_posture,seg_detect_backup,vendor_connection,214,215,1096,basic,0.5,0.4698,18,0.6316,isolated,0,1,864,5,102,0.4744186047,0.4744186047,102,9,101,213,0,1,210,210,210,210,231,210,0,6,1281,82.95,0.2430555556,0.2430555556,1,912,228,1,1,1,1,1,1,1,1,1,1,1,0,1,368
910000190,91000095,1,fine_step_primary,5701001,scale_2,intermediate_posture,baseline_flat,workstation,58,233,1821,flat,0.5,0.4249,36,0.3306,connected,0,0,864,5,211,0.9055793991,0.9055793991,211,10,218,325,1,1,396,445,416,500,644,396,446,7,3243,196.5,0.502587146,0.502587146,1,1279,732,1,1,1,1,1,1,1,1,1,1,1,63,0,864
910000191,91000095,1,fine_step_primary,5701001,scale_2,intermediate_posture,seg_detect_backup,workstation,58,233,1200,basic,0.5,0.4249,18,0.6316,isolated,0,1,864,5,11,0.04721030043,0.04721030043,11,2,10,89,0,1,24,24,48,24,24,24,0,6,168,11.2,0.03513071895,0.03513071895,0,1752,331,1,1,1,1,1,1,1,1,1,1,1,0,1,453
910000192,91000096,1,fine_step_primary,5701002,scale_2,intermediate_posture,baseline_flat,internet_facing,265,277,2192,flat,0.5,0.4549,36,0.3306,connected,0,0,864,5,249,0.8989169675,0.8989169675,249,10,253,385,1,1,446,505,478,578,680,446,521,7,3654,222.5666667,0.5735294118,0.5735294118,1,1262,661,1,1,1,1,1,1,1,1,1,1,1,79,0,864
910000193,91000096,1,fine_step_primary,5701002,scale_2,intermediate_posture,seg_detect_backup,internet_facing,265,277,1447,basic,0.5,0.4549,18,0.6316,isolated,0,1,864,5,3,0.01083032491,0.01083032491,3,2,2,50,0,1,0,0,0,24,0,0,24,2,48,2.6,0.005718954248,0.005718954248,0,3710,661,1,1,1,1,1,1,1,1,1,1,1,0,1,864
910000194,91000097,1,fine_step_primary,5701003,scale_2,intermediate_posture,baseline_flat,privileged_system,27,222,1754,flat,0.5,0.4595,36,0.3306,connected,0,0,864,5,195,0.8783783784,0.8783783784,195,10,202,368,1,1,425,497,460,531,678,423,510,7,3524,213.85,0.5474877451,0.5474877451,1,1127,552,1,1,1,1,1,1,1,1,1,1,1,61,0,864
910000195,91000097,1,fine_step_primary,5701003,scale_2,intermediate_posture,seg_detect_backup,privileged_system,27,222,1149,basic,0.5,0.4595,18,0.6316,isolated,0,1,864,5,2,0.009009009009,0.009009009009,2,1,1,21,0,0,0,48,24,0,48,0,0,3,120,6.6,0.0204248366,0.0204248366,0,1800,422,1,1,1,1,1,1,1,1,1,1,1,0,1,521
910000196,91000098,1,fine_step_primary,5701004,scale_2,intermediate_posture,baseline_flat,medical_device,156,210,1671,flat,0.5,0.4571,36,0.3306,connected,0,0,864,5,192,0.9142857143,0.9142857143,192,10,198,425,1,1,520,562,531,617,740,519,575,7,4064,248.9583333,0.6397739651,0.6397739651,1,737,625,1,1,1,1,1,1,1,1,1,1,1,64,0,864
910000197,91000098,1,fine_step_primary,5701004,scale_2,intermediate_posture,seg_detect_backup,medical_device,156,210,1071,basic,0.5,0.4571,18,0.6316,isolated,0,1,864,5,34,0.1619047619,0.1619047619,34,5,33,368,0,0,24,24,48,48,48,24,0,6,216,13.4,0.0408496732,0.0408496732,0,1392,527,1,1,1,1,1,1,1,1,1,1,1,0,1,534
910000198,91000099,1,fine_step_primary,5701005,scale_2,intermediate_posture,baseline_flat,vendor_connection,239,240,1911,flat,0.5,0.5125,36,0.3306,connected,0,0,864,5,206,0.8583333333,0.8583333333,206,10,213,453,1,1,542,570,545,671,743,518,586,7,4175,256.1,0.6665985839,0.6665985839,1,1052,782,1,1,1,1,1,1,1,1,1,1,1,66,0,864
910000199,91000099,1,fine_step_primary,5701005,scale_2,intermediate_posture,seg_detect_backup,vendor_connection,239,240,1248,basic,0.5,0.5125,18,0.6316,isolated,0,1,864,5,12,0.05,0.05,12,5,11,40,0,1,24,0,0,0,0,0,24,2,48,3.2,0.008169934641,0.008169934641,0,432,103,1,1,1,1,1,1,1,1,1,1,1,0,1,122
910000200,91000100,1,fine_step_primary,5701001,scale_2,intermediate_posture,baseline_flat,workstation,28,232,1774,flat,0.5,0.4224,36,0.3306,connected,0,0,864,5,212,0.9137931034,0.9137931034,212,10,222,500,1,1,549,598,574,647,769,549,617,7,4303,264.0666667,0.6797726035,0.6797726035,1,625,676,1,1,1,1,1,1,1,1,1,1,1,61,0,864
910000201,91000100,1,fine_step_primary,5701001,scale_2,intermediate_posture,seg_detect_backup,workstation,28,232,1169,basic,0.5,0.4224,18,0.6316,isolated,0,1,864,5,2,0.008620689655,0.008620689655,2,2,1,23,0,0,0,0,0,0,0,0,0,0,0,0,0,0,0,264,0,1,1,1,1,1,1,1,1,1,1,1,0,1,88
910000202,91000101,1,fine_step_primary,5701002,scale_2,intermediate_posture,baseline_flat,internet_facing,226,229,1813,flat,0.5,0.4541,36,0.3306,connected,0,0,864,5,206,0.8995633188,0.8995633188,206,10,215,491,1,1,550,614,627,664,796,550,627,7,4428,271.6583333,0.7047589869,0.7047589869,1,742,799,1,1,1,1,1,1,1,1,1,1,1,63,0,864
910000203,91000101,1,fine_step_primary,5701002,scale_2,intermediate_posture,seg_detect_backup,internet_facing,226,229,1181,basic,0.5,0.4541,18,0.6316,isolated,0,1,864,5,110,0.480349345,0.480349345,110,9,110,301,0,1,270,240,253,268,285,240,24,7,1580,101.8083333,0.2986451525,0.2986451525,1,1560,477,1,1,1,1,1,1,1,1,1,1,1,0,1,563
910000204,91000102,1,fine_step_primary,5701003,scale_2,intermediate_posture,baseline_flat,privileged_system,20,300,2429,flat,0.5,0.43,36,0.3306,connected,0,0,864,5,281,0.9366666667,0.9366666667,281,10,286,359,1,1,440,478,446,532,658,416,509,7,3479,211.6,0.5433687364,0.5433687364,1,1340,788,1,1,1,1,1,1,1,1,1,1,1,88,0,864
910000205,91000102,1,fine_step_primary,5701003,scale_2,intermediate_posture,seg_detect_backup,privileged_system,20,300,1582,basic,0.5,0.43,18,0.6316,isolated,0,1,864,5,1,0.003333333333,0.003333333333,1,1,0,24,0,0,48,24,24,24,24,24,0,6,168,11.4,0.03594771242,0.03594771242,0,3997,788,1,1,1,1,1,1,1,1,1,1,1,0,1,864
910000206,91000103,1,fine_step_primary,5701004,scale_2,intermediate_posture,baseline_flat,medical_device,213,286,2221,flat,0.5,0.4266,36,0.3306,connected,0,0,864,5,259,0.9055944056,0.9055944056,259,10,262,340,1,1,384,451,417,476,590,361,418,7,3097,188.75,0.4947235839,0.4947235839,1,1508,665,1,1,1,1,1,1,1,0,0.8571428571,0.8571428571,0.8571428571,80,0,864
910000207,91000103,1,fine_step_primary,5701004,scale_2,intermediate_posture,seg_detect_backup,medical_device,213,286,1485,basic,0.5,0.4266,18,0.6316,isolated,0,1,864,5,1,0.003496503497,0.003496503497,1,1,0,2,0,0,0,0,0,0,0,0,0,0,0,0,0,0,0,0,0,1,1,1,1,1,1,1,1,1,1,1,0,1,8
910000208,91000104,1,fine_step_primary,5701005,scale_2,intermediate_posture,baseline_flat,vendor_connection,298,299,2370,flat,0.5,0.4783,36,0.3306,connected,0,0,864,5,267,0.8929765886,0.8929765886,267,10,274,303,1,1,371,423,393,477,589,371,446,7,3070,186.175,0.4755582789,0.4755582789,1,1859,493,1,1,1,1,1,1,1,1,1,1,1,86,0,864
910000209,91000104,1,fine_step_primary,5701005,scale_2,intermediate_posture,seg_detect_backup,vendor_connection,298,299,1553,basic,0.5,0.4783,18,0.6316,isolated,0,1,864,5,136,0.4548494983,0.4548494983,136,9,136,301,0,1,265,252,252,284,285,252,24,7,1614,103.95,0.3037173203,0.3037173203,1,3803,458,1,1,1,1,1,1,1,1,1,1,1,0,1,864
910000210,91000105,1,fine_step_primary,5701001,scale_2,intermediate_posture,baseline_flat,workstation,23,250,1958,flat,0.5,0.448,36,0.3306,connected,0,0,864,5,226,0.904,0.904,226,10,230,440,1,1,468,523,492,574,708,468,542,7,3775,230.05,0.5892565359,0.5892565359,1,1175,616,1,1,1,1,1,1,1,1,1,1,1,66,0,864
910000211,91000105,1,fine_step_primary,5701001,scale_2,intermediate_posture,seg_detect_backup,workstation,23,250,1285,basic,0.5,0.448,18,0.6316,isolated,0,1,864,5,1,0.004,0.004,1,1,0,16,0,0,0,0,24,0,0,0,0,1,24,1.8,0.007352941176,0.007352941176,0,696,148,1,1,1,1,1,1,1,1,1,1,1,0,1,159
910000212,91000106,1,fine_step_primary,5701002,scale_2,intermediate_posture,baseline_flat,internet_facing,215,220,1757,flat,0.5,0.4318,36,0.3306,connected,0,0,864,5,202,0.9181818182,0.9181818182,202,10,206,322,1,1,391,445,418,525,618,391,473,7,3261,197.8,0.5074550654,0.5074550654,1,1041,754,1,1,1,1,1,1,1,0,0.8571428571,0.8571428571,0.8571428571,64,0,864
910000213,91000106,1,fine_step_primary,5701002,scale_2,intermediate_posture,seg_detect_backup,internet_facing,215,220,1145,basic,0.5,0.4318,18,0.6316,isolated,0,1,864,5,1,0.004545454545,0.004545454545,1,1,0,12,0,0,24,48,48,24,24,24,0,6,192,12.8,0.04166666667,0.04166666667,0,1656,398,1,1,1,1,1,1,1,1,1,1,1,0,1,494
910000214,91000107,1,fine_step_primary,5701003,scale_2,intermediate_posture,baseline_flat,privileged_system,184,201,1588,flat,0.5,0.5174,36,0.3306,connected,0,0,864,5,184,0.9154228856,0.9154228856,184,10,188,310,1,1,384,441,408,492,608,384,465,7,3182,193.0166667,0.4930555556,0.4930555556,1,869,498,1,1,1,1,1,1,1,1,1,1,1,57,0,864
910000215,91000107,1,fine_step_primary,5701003,scale_2,intermediate_posture,seg_detect_backup,privileged_system,184,201,1033,basic,0.5,0.5174,18,0.6316,isolated,0,1,864,5,3,0.01492537313,0.01492537313,3,1,2,25,0,1,25,25,25,25,25,25,24,7,174,10.99166667,0.02893518519,0.02893518519,1,600,31,1,1,1,1,1,1,1,1,1,1,1,0,1,223
910000216,91000108,1,fine_step_primary,5701004,scale_2,intermediate_posture,baseline_flat,medical_device,177,226,1748,flat,0.5,0.4602,36,0.3306,connected,0,0,864,5,203,0.8982300885,0.8982300885,203,10,210,345,1,1,411,486,432,531,625,409,457,7,3351,204.3833333,0.5311478758,0.5311478758,1,1518,577,1,1,1,1,1,1,1,1,1,1,1,61,0,864
910000217,91000108,1,fine_step_primary,5701004,scale_2,intermediate_posture,seg_detect_backup,medical_device,177,226,1149,basic,0.5,0.4602,18,0.6316,isolated,0,1,864,5,50,0.2212389381,0.2212389381,50,6,49,324,0,1,173,213,173,197,221,173,24,7,1174,74.625,0.2168436819,0.2168436819,1,2064,577,1,1,1,1,1,1,1,1,1,1,1,0,1,613
910000218,91000109,1,fine_step_primary,5701005,scale_2,intermediate_posture,baseline_flat,vendor_connection,200,201,1559,flat,0.5,0.4826,36,0.3306,connected,0,0,864,5,186,0.9253731343,0.9253731343,186,10,187,377,1,1,436,495,463,548,660,436,537,7,3575,217.575,0.5556576797,0.5556576797,1,747,565,1,1,1,1,1,1,1,1,1,1,1,56,0,864
910000219,91000109,1,fine_step_primary,5701005,scale_2,intermediate_posture,seg_detect_backup,vendor_connection,200,201,1029,basic,0.5,0.4826,18,0.6316,isolated,0,1,864,5,42,0.2089552239,0.2089552239,42,8,42,189,0,1,152,81,103,81,171,81,24,7,693,43.49166667,0.1246595861,0.1246595861,1,792,280,1,1,1,1,1,1,1,1,1,1,1,0,1,295
910000220,91000110,1,fine_step_primary,5701001,scale_2,intermediate_posture,baseline_flat,workstation,10,262,2097,flat,0.5,0.4466,36,0.3306,connected,0,0,864,5,240,0.9160305344,0.9160305344,240,10,246,428,1,1,504,583,537,614,747,504,574,7,4063,248.3583333,0.6411696623,0.6411696623,1,1082,844,1,1,1,1,1,1,1,1,1,1,1,74,0,864
910000221,91000110,1,fine_step_primary,5701001,scale_2,intermediate_posture,seg_detect_backup,workstation,10,262,1377,basic,0.5,0.4466,18,0.6316,isolated,0,1,864,5,1,0.003816793893,0.003816793893,1,1,0,2,0,0,0,0,0,0,0,0,0,0,0,0,0,0,0,240,0,1,1,1,1,1,1,1,1,1,1,1,0,1,61
910000222,91000111,1,fine_step_primary,5701002,scale_2,intermediate_posture,baseline_flat,internet_facing,252,259,2036,flat,0.5,0.4517,36,0.3306,connected,0,0,864,5,239,0.9227799228,0.9227799228,239,10,244,404,1,1,481,515,506,590,684,457,541,7,3774,230.9083333,0.5996051198,0.5996051198,1,1014,703,1,1,1,1,1,1,1,1,1,1,1,74,0,864
910000223,91000111,1,fine_step_primary,5701002,scale_2,intermediate_posture,seg_detect_backup,internet_facing,252,259,1347,basic,0.5,0.4517,18,0.6316,isolated,0,1,864,5,1,0.003861003861,0.003861003861,1,1,0,21,0,0,0,0,0,0,0,0,0,0,0,0,0,0,0,792,0,1,1,1,1,1,1,1,1,1,1,1,0,1,265
910000224,91000112,1,fine_step_primary,5701003,scale_2,intermediate_posture,baseline_flat,privileged_system,3,217,1672,flat,0.5,0.4654,36,0.3306,connected,0,0,864,5,200,0.9216589862,0.9216589862,200,10,204,300,1,1,384,415,400,441,542,360,415,7,2957,181.2083333,0.4713711874,0.4713711874,1,1395,846,1,1,1,1,1,1,1,1,1,1,1,60,0,864
910000225,91000112,1,fine_step_primary,5701003,scale_2,intermediate_posture,seg_detect_backup,privileged_system,3,217,1093,basic,0.5,0.4654,18,0.6316,isolated,0,1,864,5,79,0.3640552995,0.3640552995,79,9,78,229,0,1,199,199,178,240,175,175,24,7,1190,77.35833333,0.2336601307,0.2336601307,1,3099,846,1,1,1,1,1,1,1,1,1,1,1,0,1,864
910000226,91000113,1,fine_step_primary,5701004,scale_2,intermediate_posture,baseline_flat,medical_device,145,216,1688,flat,0.5,0.463,36,0.3306,connected,0,0,864,5,1,0.00462962963,0.00462962963,1,1,0,15,0,0,0,0,24,0,0,0,0,1,24,1.8,0.007352941176,0.007352941176,0,1008,102,1,1,1,1,1,1,1,1,1,1,1,0,1,309
910000227,91000113,1,fine_step_primary,5701004,scale_2,intermediate_posture,seg_detect_backup,medical_device,145,216,1106,basic,0.5,0.463,18,0.6316,isolated,0,1,864,5,1,0.00462962963,0.00462962963,1,1,0,3,0,0,0,0,0,0,0,0,0,0,0,0,0,0,0,0,0,1,1,1,1,1,1,1,1,1,1,1,0,1,9
910000228,91000114,1,fine_step_primary,5701005,scale_2,intermediate_posture,baseline_flat,vendor_connection,268,269,2083,flat,0.5,0.4312,36,0.3306,connected,0,0,864,5,247,0.9182156134,0.9182156134,247,10,254,353,1,1,414,487,443,516,637,414,510,7,3421,208.075,0.5322372004,0.5322372004,1,1265,835,1,1,1,1,1,1,1,1,1,1,1,72,0,864
910000229,91000114,1,fine_step_primary,5701005,scale_2,intermediate_posture,seg_detect_backup,vendor_connection,268,269,1369,basic,0.5,0.4312,18,0.6316,isolated,0,1,864,5,144,0.5353159851,0.5353159851,144,9,144,272,0,1,253,284,253,291,301,253,24,7,1659,106.175,0.3103213508,0.3103213508,1,2722,835,1,1,1,1,1,1,1,1,1,1,1,0,1,864
910000230,91000115,1,fine_step_primary,5701001,scale_2,intermediate_posture,baseline_flat,workstation,20,235,1852,flat,0.5,0.4638,36,0.3306,connected,0,0,864,5,1,0.004255319149,0.004255319149,1,1,0,5,0,0,0,0,0,0,0,0,24,1,24,1.2,0,0,0,2064,0,1,1,1,1,1,1,1,1,1,1,1,0,1,543
910000231,91000115,1,fine_step_primary,5701001,scale_2,intermediate_posture,seg_detect_backup,workstation,20,235,1220,basic,0.5,0.4638,18,0.6316,isolated,0,1,864,5,1,0.004255319149,0.004255319149,1,1,0,3,0,0,0,0,0,0,0,0,24,1,24,1.2,0,0,0,2064,0,1,1,1,1,1,1,1,1,1,1,1,0,1,543
910000232,91000116,1,fine_step_primary,5701002,scale_2,intermediate_posture,baseline_flat,internet_facing,228,236,1834,flat,0.5,0.4661,36,0.3306,connected,0,0,864,5,199,0.843220339,0.843220339,199,10,208,346,1,1,383,431,408,482,629,378,442,7,3153,190.7833333,0.4876089325,0.4876089325,1,1025,519,1,1,1,1,1,1,1,1,1,1,1,61,0,864
910000233,91000116,1,fine_step_primary,5701002,scale_2,intermediate_posture,seg_detect_backup,internet_facing,228,236,1204,basic,0.5,0.4661,18,0.6316,isolated,0,1,864,5,1,0.004237288136,0.004237288136,1,1,0,3,0,0,0,0,0,0,0,0,0,0,0,0,0,0,0,24,0,1,1,1,1,1,1,1,1,1,1,1,0,1,31
910000234,91000117,1,fine_step_primary,5701003,scale_2,intermediate_posture,baseline_flat,privileged_system,267,300,2415,flat,0.5,0.45,36,0.3306,connected,0,0,864,5,269,0.8966666667,0.8966666667,269,10,276,482,1,1,569,599,595,647,777,545,622,7,4354,267.5916667,0.693287037,0.693287037,1,731,727,1,1,1,1,1,1,1,1,1,1,1,81,0,864
910000235,91000117,1,fine_step_primary,5701003,scale_2,intermediate_posture,seg_detect_backup,privileged_system,267,300,1583,basic,0.5,0.45,18,0.6316,isolated,0,1,864,5,4,0.01333333333,0.01333333333,4,1,3,49,0,1,84,12,60,36,36,12,0,6,240,16.5,0.05882352941,0.05882352941,0,3944,727,1,1,1,1,1,1,1,1,1,1,1,0,1,864
910000236,91000118,1,fine_step_primary,5701004,scale_2,intermediate_posture,baseline_flat,medical_device,201,296,2371,flat,0.5,0.4459,36,0.3306,connected,0,0,864,5,262,0.8851351351,0.8851351351,262,10,269,279,1,1,346,394,347,458,553,321,463,7,2882,173.5,0.4405296841,0.4405296841,1,1847,778,1,1,1,1,1,1,1,1,1,1,1,87,0,864
910000237,91000118,1,fine_step_primary,5701004,scale_2,intermediate_posture,seg_detect_backup,medical_device,201,296,1552,basic,0.5,0.4459,18,0.6316,isolated,0,1,864,5,47,0.1587837838,0.1587837838,47,5,46,224,0,0,89,24,24,168,126,24,48,7,503,29.01666667,0.08421840959,0.08421840959,1,4199,778,1,1,1,1,1,1,1,1,1,1,1,0,1,864
910000238,91000119,1,fine_step_primary,5701005,scale_2,intermediate_posture,baseline_flat,vendor_connection,230,231,1848,flat,0.5,0.4199,36,0.3306,connected,0,0,864,5,220,0.9523809524,0.9523809524,220,10,226,376,1,1,431,488,464,539,674,427,541,7,3564,216.2333333,0.5502110566,0.5502110566,1,880,574,1,1,1,1,1,1,1,1,1,1,1,68,0,864
910000239,91000119,1,fine_step_primary,5701005,scale_2,intermediate_posture,seg_detect_backup,vendor_connection,230,231,1203,basic,0.5,0.4199,18,0.6316,isolated,0,1,864,5,150,0.6493506494,0.6493506494,150,9,151,239,0,1,233,222,228,205,241,186,0,6,1315,85.25833333,0.2584763072,0.2584763072,1,480,326,1,1,1,1,1,1,1,1,1,1,1,0,1,376
910000240,91000120,1,fine_step_primary,5701001,scale_2,intermediate_posture,baseline_flat,workstation,64,298,2364,flat,0.5,0.4631,36,0.3306,connected,0,0,864,5,275,0.9228187919,0.9228187919,275,10,282,370,1,1,402,457,425,512,630,390,485,7,3301,200.2083333,0.5135144336,0.5135144336,1,1315,565,1,1,1,1,1,1,1,1,1,1,1,88,0,864
910000241,91000120,1,fine_step_primary,5701001,scale_2,intermediate_posture,seg_detect_backup,workstation,64,298,1557,basic,0.5,0.4631,18,0.6316,isolated,0,1,864,5,2,0.006711409396,0.006711409396,2,1,1,13,0,0,0,0,0,0,0,0,0,0,0,0,0,0,0,1296,0,1,1,1,1,1,1,1,1,1,1,1,0,1,257
910000242,91000121,1,fine_step_primary,5701002,scale_2,intermediate_posture,baseline_flat,internet_facing,204,212,1695,flat,0.5,0.4528,36,0.3306,connected,0,0,864,5,191,0.9009433962,0.9009433962,191,10,198,380,1,1,451,495,467,545,679,443,520,7,3600,219.2583333,0.5612745098,0.5612745098,1,869,561,1,1,1,1,1,1,1,1,1,1,1,58,0,864
910000243,91000121,1,fine_step_primary,5701002,scale_2,intermediate_posture,seg_detect_backup,internet_facing,204,212,1106,basic,0.5,0.4528,18,0.6316,isolated,0,1,864,5,1,0.004716981132,0.004716981132,1,1,0,2,0,0,0,0,0,0,0,0,24,1,24,1.2,0,0,0,552,0,1,1,1,1,1,1,1,1,1,1,1,0,1,188
910000244,91000122,1,fine_step_primary,5701003,scale_2,intermediate_posture,baseline_flat,privileged_system,219,260,1969,flat,0.5,0.5,36,0.3306,connected,0,0,864,5,226,0.8692307692,0.8692307692,226,10,231,390,1,1,479,503,480,554,672,455,529,7,3672,224.7416667,0.5791122004,0.5791122004,1,1176,792,1,1,1,1,1,1,1,1,1,1,1,72,0,864
910000245,91000122,1,fine_step_primary,5701003,scale_2,intermediate_posture,seg_detect_backup,privileged_system,219,260,1315,basic,0.5,0.5,18,0.6316,isolated,0,1,864,5,1,0.003846153846,0.003846153846,1,1,0,6,0,0,0,0,0,0,0,0,0,0,0,0,0,0,0,912,0,1,1,1,1,1,1,1,1,1,1,1,0,1,228
910000246,91000123,1,fine_step_primary,5701004,scale_2,intermediate_posture,baseline_flat,medical_device,184,231,1790,flat,0.5,0.4978,36,0.3306,connected,0,0,864,5,211,0.9134199134,0.9134199134,211,10,215,317,1,1,352,405,374,459,581,349,430,7,2950,178.2,0.454078159,0.454078159,1,1270,499,1,1,1,1,1,1,1,1,1,1,1,63,0,864
910000247,91000123,1,fine_step_primary,5701004,scale_2,intermediate_posture,seg_detect_backup,medical_device,184,231,1175,basic,0.5,0.4978,18,0.6316,isolated,0,1,864,5,7,0.0303030303,0.0303030303,7,2,6,95,0,0,24,0,0,24,24,0,0,3,72,4.2,0.01388888889,0.01388888889,0,1824,184,1,1,1,1,1,1,1,1,1,1,1,0,1,471
910000248,91000124,1,fine_step_primary,5701005,scale_2,intermediate_posture,baseline_flat,vendor_connection,225,226,1807,flat,0.5,0.4425,36,0.3306,connected,0,0,864,5,204,0.9026548673,0.9026548673,204,10,208,306,1,1,399,431,401,512,600,375,462,7,3180,193.15,0.4980596405,0.4980596405,1,1237,720,1,1,1,1,1,1,1,1,1,1,1,66,0,864
910000249,91000124,1,fine_step_primary,5701005,scale_2,intermediate_posture,seg_detect_backup,vendor_connection,225,226,1174,basic,0.5,0.4425,18,0.6316,isolated,0,1,864,5,3,0.01327433628,0.01327433628,3,2,2,28,0,0,0,0,0,0,24,0,0,1,24,0.8,0,0,0,264,0,1,1,1,1,1,1,1,1,1,1,1,0,1,78
910000250,91000125,1,fine_step_primary,5701001,scale_2,intermediate_posture,baseline_flat,workstation,61,228,1822,flat,0.5,0.4342,36,0.3306,connected,0,0,864,5,206,0.9035087719,0.9035087719,206,10,216,336,1,1,404,478,428,510,631,404,484,7,3339,202.9166667,0.5203567538,0.5203567538,1,1123,592,1,1,1,1,1,1,1,1,1,1,1,65,0,864
910000251,91000125,1,fine_step_primary,5701001,scale_2,intermediate_posture,seg_detect_backup,workstation,61,228,1177,basic,0.5,0.4342,18,0.6316,isolated,0,1,864,5,8,0.0350877193,0.0350877193,8,1,7,83,0,0,0,0,0,0,0,0,0,0,0,0,0,0,0,504,0,1,1,1,1,1,1,1,1,1,1,1,0,1,198
910000252,91000126,1,fine_step_primary,5701002,scale_2,intermediate_posture,baseline_flat,internet_facing,271,274,2127,flat,0.5,0.5292,36,0.3306,connected,0,0,864,5,250,0.9124087591,0.9124087591,250,10,256,379,1,1,408,467,431,536,652,405,487,7,3386,205.1833333,0.5258374183,0.5258374183,1,1331,564,1,1,1,1,1,1,1,1,1,1,1,75,0,864
910000253,91000126,1,fine_step_primary,5701002,scale_2,intermediate_posture,seg_detect_backup,internet_facing,271,274,1406,basic,0.5,0.5292,18,0.6316,isolated,0,1,864,5,1,0.003649635036,0.003649635036,1,1,0,12,0,0,0,24,0,0,0,0,0,1,24,1.6,0.006535947712,0.006535947712,0,1272,183,1,1,1,1,1,1,1,1,1,1,1,0,1,290
910000254,91000127,1,fine_step_primary,5701003,scale_2,intermediate_posture,baseline_flat,privileged_system,194,211,1636,flat,0.5,0.4028,36,0.3306,connected,0,0,864,5,190,0.9004739336,0.9004739336,190,10,193,238,1,1,333,389,364,440,533,308,391,7,2758,167.0666667,0.4356617647,0.4356617647,1,1062,655,1,1,1,1,1,1,1,1,1,1,1,61,0,864
910000255,91000127,1,fine_step_primary,5701003,scale_2,intermediate_posture,seg_detect_backup,privileged_system,194,211,1069,basic,0.5,0.4028,18,0.6316,isolated,0,1,864,5,111,0.5260663507,0.5260663507,111,9,110,254,0,1,258,284,285,256,297,232,0,6,1612,104.0416667,0.3134872004,0.3134872004,1,1992,655,1,1,1,1,1,1,1,1,1,1,1,0,1,655
910000256,91000128,1,fine_step_primary,5701004,scale_2,intermediate_posture,baseline_flat,medical_device,142,202,1562,flat,0.5,0.5,36,0.3306,connected,0,0,864,5,177,0.8762376238,0.8762376238,177,10,180,372,1,1,430,477,450,533,656,424,476,7,3446,209.9416667,0.5411560458,0.5411560458,1,1512,753,1,1,1,1,1,1,1,1,1,1,1,55,0,864
910000257,91000128,1,fine_step_primary,5701004,scale_2,intermediate_posture,seg_detect_backup,medical_device,142,202,1017,basic,0.5,0.5,18,0.6316,isolated,0,1,864,5,2,0.009900990099,0.009900990099,2,1,1,25,0,0,0,0,0,0,0,0,0,0,0,0,0,0,0,984,0,1,1,1,1,1,1,1,1,1,1,1,0,1,253
910000258,91000129,1,fine_step_primary,5701005,scale_2,intermediate_posture,baseline_flat,vendor_connection,236,237,1878,flat,0.5,0.4051,36,0.3306,connected,0,0,864,5,1,0.004219409283,0.004219409283,1,1,0,5,0,0,0,0,0,0,0,0,0,0,0,0,0,0,0,0,0,1,1,1,1,1,1,1,1,1,1,1,0,1,11
910000259,91000129,1,fine_step_primary,5701005,scale_2,intermediate_posture,seg_detect_backup,vendor_connection,236,237,1225,basic,0.5,0.4051,18,0.6316,isolated,0,1,864,5,1,0.004219409283,0.004219409283,1,1,0,4,0,0,0,0,0,0,0,0,0,0,0,0,0,0,0,0,0,1,1,1,1,1,1,1,1,1,1,1,0,1,10
910000260,91000130,1,fine_step_primary,5701001,scale_2,intermediate_posture,baseline_flat,workstation,83,211,1651,flat,0.5,0.4502,36,0.3306,connected,0,0,864,5,1,0.004739336493,0.004739336493,1,1,0,13,0,0,0,0,0,0,0,0,24,1,24,1.2,0,0,0,576,0,1,1,1,1,1,1,1,1,1,1,1,0,1,131
910000261,91000130,1,fine_step_primary,5701001,scale_2,intermediate_posture,seg_detect_backup,workstation,83,211,1084,basic,0.5,0.4502,18,0.6316,isolated,0,1,864,5,1,0.004739336493,0.004739336493,1,1,0,12,0,0,0,0,0,0,0,0,24,1,24,1.2,0,0,0,576,0,1,1,1,1,1,1,1,1,1,1,1,0,1,131
910000262,91000131,1,fine_step_primary,5701002,scale_2,intermediate_posture,baseline_flat,internet_facing,215,218,1643,flat,0.5,0.4817,36,0.3306,connected,0,0,864,5,195,0.8944954128,0.8944954128,195,10,197,285,1,1,396,447,383,436,546,337,428,7,2973,181.8333333,0.4777709695,0.4777709695,1,1296,833,1,1,1,1,1,1,1,1,1,1,1,52,0,864
910000263,91000131,1,fine_step_primary,5701002,scale_2,intermediate_posture,seg_detect_backup,internet_facing,215,218,1078,basic,0.5,0.4817,18,0.6316,isolated,0,1,864,5,6,0.02752293578,0.02752293578,6,3,5,76,0,0,76,48,24,24,24,24,0,6,220,15.33333333,0.05201525054,0.05201525054,1,336,82,1,1,1,1,1,1,1,1,1,1,1,0,1,112
910000264,91000132,1,fine_step_primary,5701003,scale_2,intermediate_posture,baseline_flat,privileged_system,181,202,1602,flat,0.5,0.4455,36,0.3306,connected,0,0,864,5,180,0.8910891089,0.8910891089,180,10,182,387,1,1,439,496,497,571,672,435,532,7,3642,221.8583333,0.5728485839,0.5728485839,1,970,839,1,1,1,1,1,1,1,1,1,1,1,54,0,864
910000265,91000132,1,fine_step_primary,5701003,scale_2,intermediate_posture,seg_detect_backup,privileged_system,181,202,1038,basic,0.5,0.4455,18,0.6316,isolated,0,1,864,5,1,0.00495049505,0.00495049505,1,1,0,2,0,1,24,0,0,0,0,0,0,1,24,2,0.008169934641,0.008169934641,0,408,67,1,1,1,1,1,1,1,1,1,1,1,0,1,118
910000266,91000133,1,fine_step_primary,5701004,scale_2,intermediate_posture,baseline_flat,medical_device,214,275,2133,flat,0.5,0.4255,36,0.3306,connected,0,0,864,5,242,0.88,0.88,242,10,250,245,1,1,275,341,308,391,521,273,357,7,2466,147.25,0.3740127996,0.3740127996,1,1552,416,1,1,1,1,1,1,1,1,1,1,1,72,0,864
910000267,91000133,1,fine_step_primary,5701004,scale_2,intermediate_posture,seg_detect_backup,medical_device,214,275,1408,basic,0.5,0.4255,18,0.6316,isolated,0,1,864,5,1,0.003636363636,0.003636363636,1,1,0,42,0,0,48,24,0,24,0,0,0,3,96,7,0.02859477124,0.02859477124,1,504,129,1,1,1,1,1,1,1,1,1,1,1,0,1,139
910000268,91000134,1,fine_step_primary,5701005,scale_2,intermediate_posture,baseline_flat,vendor_connection,258,259,1991,flat,0.5,0.5135,36,0.3306,connected,0,0,864,5,230,0.888030888,0.888030888,230,10,233,385,1,1,440,496,466,554,698,440,510,7,3604,218.7666667,0.5596405229,0.5596405229,1,1097,564,1,1,1,1,1,1,1,1,1,1,1,70,0,864
910000269,91000134,1,fine_step_primary,5701005,scale_2,intermediate_posture,seg_detect_backup,vendor_connection,258,259,1308,basic,0.5,0.5135,18,0.6316,isolated,0,1,864,5,120,0.4633204633,0.4633204633,120,9,120,231,0,1,256,262,259,267,289,256,72,7,1661,106.2333333,0.3014705882,0.3014705882,1,2280,435,1,1,1,1,1,1,1,1,1,1,1,0,1,645
910000270,91000135,1,fine_step_primary,5701001,scale_2,intermediate_posture,baseline_flat,workstation,29,219,1697,flat,0.5,0.4064,36,0.3306,connected,0,0,864,5,198,0.904109589,0.904109589,198,10,204,411,1,1,456,519,515,549,708,451,522,7,3720,226.775,0.5851715686,0.5851715686,1,905,742,1,1,1,1,1,1,1,1,1,1,1,57,0,864
910000271,91000135,1,fine_step_primary,5701001,scale_2,intermediate_posture,seg_detect_backup,workstation,29,219,1107,basic,0.5,0.4064,18,0.6316,isolated,0,1,864,5,1,0.004566210046,0.004566210046,1,1,0,1,0,0,48,24,72,72,24,24,0,6,264,17.8,0.06209150327,0.06209150327,0,2208,574,1,1,1,1,1,1,1,1,1,1,1,0,1,621
910000272,91000136,1,fine_step_primary,5701002,scale_2,intermediate_posture,baseline_flat,internet_facing,222,229,1796,flat,0.5,0.4585,36,0.3306,connected,0,0,864,5,212,0.9257641921,0.9257641921,212,10,217,275,1,1,378,425,396,478,615,373,418,7,3083,186.7916667,0.4796432462,0.4796432462,1,1226,804,1,1,1,1,1,1,1,1,1,1,1,65,0,864
910000273,91000136,1,fine_step_primary,5701002,scale_2,intermediate_posture,seg_detect_backup,internet_facing,222,229,1174,basic,0.5,0.4585,18,0.6316,isolated,0,1,864,5,113,0.4934497817,0.4934497817,113,9,112,314,0,1,214,214,224,203,274,98,0,6,1227,77.225,0.2481277233,0.2481277233,1,1296,386,1,1,1,1,1,1,1,1,1,1,1,0,1,469
910000274,91000137,1,fine_step_primary,5701003,scale_2,intermediate_posture,baseline_flat,privileged_system,175,200,1531,flat,0.5,0.4,36,0.3306,connected,0,0,864,5,1,0.005,0.005,1,1,0,4,0,0,0,0,0,0,0,0,0,0,0,0,0,0,0,408,0,1,1,1,1,1,1,1,1,1,1,1,0,1,191
910000275,91000137,1,fine_step_primary,5701003,scale_2,intermediate_posture,seg_detect_backup,privileged_system,175,200,1004,basic,0.5,0.4,18,0.6316,isolated,0,1,864,5,1,0.005,0.005,1,1,0,1,0,0,0,0,0,0,0,0,0,0,0,0,0,0,0,408,0,1,1,1,1,1,1,1,1,1,1,1,0,1,191
910000276,91000138,1,fine_step_primary,5701004,scale_2,intermediate_posture,baseline_flat,medical_device,171,230,1773,flat,0.5,0.4304,36,0.3306,connected,0,0,864,5,201,0.8739130435,0.8739130435,201,10,203,261,1,1,373,420,349,422,536,325,397,7,2822,171.9666667,0.4488357843,0.4488357843,1,1392,596,1,1,1,1,1,1,1,1,1,1,1,62,0,853
910000277,91000138,1,fine_step_primary,5701004,scale_2,intermediate_posture,seg_detect_backup,medical_device,171,230,1156,basic,0.5,0.4304,18,0.6316,isolated,0,1,864,5,127,0.552173913,0.552173913,127,9,126,274,0,1,211,218,166,163,194,163,0,6,1115,72.76666667,0.2208946078,0.2208946078,1,2448,596,1,1,1,1,1,1,1,1,1,1,1,0,1,853
910000278,91000139,1,fine_step_primary,5701005,scale_2,intermediate_posture,baseline_flat,vendor_connection,219,220,1757,flat,0.5,0.4227,36,0.3306,connected,0,0,864,5,194,0.8818181818,0.8818181818,194,10,199,366,1,1,459,499,484,575,670,431,516,7,3634,221.8166667,0.5774441721,0.5774441721,1,940,638,1,1,1,1,1,1,1,1,1,1,1,64,0,864
910000279,91000139,1,fine_step_primary,5701005,scale_2,intermediate_posture,seg_detect_backup,vendor_connection,219,220,1154,basic,0.5,0.4227,18,0.6316,isolated,0,1,864,5,89,0.4045454545,0.4045454545,89,9,88,360,0,1,302,298,298,341,355,298,0,6,1892,121.4583333,0.3565155229,0.3565155229,1,768,389,1,1,1,1,1,1,1,1,1,1,1,0,1,436
910000280,91000140,1,fine_step_primary,5701001,scale_2,intermediate_posture,baseline_flat,workstation,97,279,2178,flat,0.5,0.4301,36,0.3306,connected,0,0,864,5,251,0.8996415771,0.8996415771,251,10,258,347,1,1,426,456,428,532,632,402,480,7,3356,204.25,0.5270969499,0.5270969499,1,1041,775,1,1,1,1,1,1,1,1,1,1,1,76,0,864
910000281,91000140,1,fine_step_primary,5701001,scale_2,intermediate_posture,seg_detect_backup,workstation,97,279,1431,basic,0.5,0.4301,18,0.6316,isolated,0,1,864,5,146,0.523297491,0.523297491,146,9,145,190,0,1,201,181,149,182,175,146,0,6,1034,67.39166667,0.2067333878,0.2067333878,1,3081,775,1,1,1,1,1,1,1,1,1,1,1,0,1,864
910000282,91000141,1,fine_step_primary,5701002,scale_2,intermediate_posture,baseline_flat,internet_facing,213,218,1698,flat,0.5,0.4358,36,0.3306,connected,0,0,864,5,199,0.9128440367,0.9128440367,199,10,205,537,1,1,607,654,650,725,835,607,676,7,4754,292.3833333,0.7566380719,0.7566380719,1,654,-1,0,1,1,1,0,1,1,1,0.8571428571,0.8571428571,0.8571428571,58,0,864
910000283,91000141,1,fine_step_primary,5701002,scale_2,intermediate_posture,seg_detect_backup,internet_facing,213,218,1123,basic,0.5,0.4358,18,0.6316,isolated,0,1,864,5,99,0.4541284404,0.4541284404,99,9,99,254,0,1,225,198,217,238,208,181,0,6,1267,82.61666667,0.253710512,0.253710512,1,648,282,1,1,1,1,1,1,1,1,1,1,1,0,1,336
910000284,91000142,1,fine_step_primary,5701003,scale_2,intermediate_posture,baseline_flat,privileged_system,254,279,2241,flat,0.5,0.4516,36,0.3306,connected,0,0,864,5,257,0.9211469534,0.9211469534,257,10,265,350,1,1,434,490,458,542,671,434,511,7,3540,215.2666667,0.5506535948,0.5506535948,1,1186,837,1,1,1,1,1,1,1,1,1,1,1,78,0,864
910000285,91000142,1,fine_step_primary,5701003,scale_2,intermediate_posture,seg_detect_backup,privileged_system,254,279,1466,basic,0.5,0.4516,18,0.6316,isolated,0,1,864,5,2,0.007168458781,0.007168458781,2,1,1,17,0,1,24,72,24,48,24,24,48,7,264,16.4,0.04656862745,0.04656862745,0,3826,837,1,1,1,1,1,1,1,1,1,1,1,0,1,864
910000286,91000143,1,fine_step_primary,5701004,scale_2,intermediate_posture,baseline_flat,medical_device,226,292,2316,flat,0.5,0.4829,36,0.3306,connected,0,0,864,5,248,0.8493150685,0.8493150685,248,10,251,358,1,1,436,490,485,537,652,436,487,7,3523,215.4833333,0.5584150327,0.5584150327,1,1560,857,1,1,1,1,1,1,1,1,1,1,1,77,0,864
910000287,91000143,1,fine_step_primary,5701004,scale_2,intermediate_posture,seg_detect_backup,medical_device,226,292,1513,basic,0.5,0.4829,18,0.6316,isolated,0,1,864,5,4,0.01369863014,0.01369863014,4,3,3,71,0,0,0,24,24,24,24,0,0,4,96,5.6,0.01960784314,0.01960784314,0,3936,817,1,1,1,1,1,1,1,1,1,1,1,0,1,826
910000288,91000144,1,fine_step_primary,5701005,scale_2,intermediate_posture,baseline_flat,vendor_connection,289,290,2345,flat,0.5,0.4724,36,0.3306,connected,0,0,864,5,260,0.8965517241,0.8965517241,260,10,262,440,1,1,523,579,552,619,731,499,581,7,4084,250.5333333,0.6523352397,0.6523352397,1,1233,785,1,1,1,1,1,1,1,1,1,1,1,86,0,864
910000289,91000144,1,fine_step_primary,5701005,scale_2,intermediate_posture,seg_detect_backup,vendor_connection,289,290,1517,basic,0.5,0.4724,18,0.6316,isolated,0,1,864,5,16,0.05517241379,0.05517241379,16,6,15,152,0,0,48,24,24,96,48,0,0,5,240,14.6,0.05310457516,0.05310457516,1,3967,785,1,1,1,1,1,1,1,1,1,1,1,0,1,864
910000290,91000145,1,fine_step_primary,5701001,scale_2,intermediate_posture,baseline_flat,workstation,62,268,2112,flat,0.5,0.5112,36,0.3306,connected,0,0,864,5,249,0.9291044776,0.9291044776,249,10,257,297,1,1,352,402,400,455,587,350,435,7,2981,180.2416667,0.4602736928,0.4602736928,1,1519,674,1,1,1,1,1,1,1,1,1,1,1,75,0,864
910000291,91000145,1,fine_step_primary,5701001,scale_2,intermediate_posture,seg_detect_backup,workstation,62,268,1392,basic,0.5,0.5112,18,0.6316,isolated,0,1,864,5,73,0.2723880597,0.2723880597,73,9,73,227,0,1,27,106,48,156,181,24,0,6,542,29.85,0.08993736383,0.08993736383,1,3312,674,1,1,1,1,1,1,1,1,1,1,1,0,1,828
910000292,91000146,1,fine_step_primary,5701002,scale_2,intermediate_posture,baseline_flat,internet_facing,214,221,1713,flat,0.5,0.4434,36,0.3306,connected,0,0,864,5,201,0.9095022624,0.9095022624,201,10,206,321,1,1,389,476,413,497,611,389,461,7,3236,196.7083333,0.5070125272,0.5070125272,1,1148,654,1,1,1,1,1,1,1,1,1,1,1,62,0,864
910000293,91000146,1,fine_step_primary,5701002,scale_2,intermediate_posture,seg_detect_backup,internet_facing,214,221,1115,basic,0.5,0.4434,18,0.6316,isolated,0,1,864,5,3,0.01357466063,0.01357466063,3,2,2,46,0,0,35,0,0,24,0,0,0,2,59,4.316666667,0.01763344227,0.01763344227,1,2136,181,1,1,1,1,1,1,1,1,1,1,1,0,1,570
910000294,91000147,1,fine_step_primary,5701003,scale_2,intermediate_posture,baseline_flat,privileged_system,204,230,1778,flat,0.5,0.413,36,0.3306,connected,0,0,864,5,220,0.9565217391,0.9565217391,220,10,228,292,1,1,372,427,446,474,599,372,438,7,3128,190.3333333,0.4925108932,0.4925108932,1,1228,800,1,1,1,1,1,1,1,1,1,1,1,64,0,864
910000295,91000147,1,fine_step_primary,5701003,scale_2,intermediate_posture,seg_detect_backup,privileged_system,204,230,1177,basic,0.5,0.413,18,0.6316,isolated,0,1,864,5,6,0.02608695652,0.02608695652,6,2,5,45,0,1,53,51,51,75,51,51,24,7,356,22.74166667,0.06542755991,0.06542755991,1,672,154,1,1,1,1,1,1,1,1,1,1,1,0,1,168
910000296,91000148,1,fine_step_primary,5701004,scale_2,intermediate_posture,baseline_flat,medical_device,147,225,1735,flat,0.5,0.4578,36,0.3306,connected,0,0,864,5,201,0.8933333333,0.8933333333,201,10,205,248,1,1,325,363,324,399,525,301,372,7,2609,157.5333333,0.403833061,0.403833061,1,1562,824,1,1,1,1,1,1,1,1,1,1,1,58,0,864
910000297,91000148,1,fine_step_primary,5701004,scale_2,intermediate_posture,seg_detect_backup,medical_device,147,225,1146,basic,0.5,0.4578,18,0.6316,isolated,0,1,864,5,11,0.04888888889,0.04888888889,11,2,10,123,0,0,0,0,24,0,48,0,0,2,72,3.4,0.007352941176,0.007352941176,0,1848,284,1,1,1,1,1,1,1,1,1,1,1,0,1,584
910000298,91000149,1,fine_step_primary,5701005,scale_2,intermediate_posture,baseline_flat,vendor_connection,219,220,1709,flat,0.5,0.4636,36,0.3306,connected,0,0,864,5,193,0.8772727273,0.8772727273,193,10,196,281,1,1,377,433,410,457,573,353,425,7,3028,184.5166667,0.4807666122,0.4807666122,1,1223,-1,0,1,0,1,1,1,1,1,0.8571428571,0.8571428571,0.8571428571,62,0,864
910000299,91000149,1,fine_step_primary,5701005,scale_2,intermediate_posture,seg_detect_backup,vendor_connection,219,220,1117,basic,0.5,0.4636,18,0.6316,isolated,0,1,864,5,57,0.2590909091,0.2590909091,57,8,57,199,0,1,199,201,216,199,211,199,24,7,1249,80.95,0.2360770697,0.2360770697,1,792,219,1,1,1,1,1,1,1,1,1,1,1,0,1,265
910000300,91000150,1,fine_step_primary,5701001,scale_2,intermediate_posture,baseline_flat,workstation,28,208,1666,flat,0.5,0.4663,36,0.3306,connected,0,0,864,5,198,0.9519230769,0.9519230769,198,10,199,471,1,1,563,625,554,666,793,529,602,7,4332,265.1916667,0.6902913943,0.6902913943,1,668,-1,0,0,1,1,1,1,1,1,0.8571428571,0.8571428571,0.8571428571,61,0,864
910000301,91000150,1,fine_step_primary,5701001,scale_2,intermediate_posture,seg_detect_backup,workstation,28,208,1094,basic,0.5,0.4663,18,0.6316,isolated,0,1,864,5,99,0.4759615385,0.4759615385,99,8,98,249,0,1,259,296,72,283,304,72,24,7,1310,79.95833333,0.2582720588,0.2582720588,1,1872,428,1,1,1,1,1,1,1,1,1,1,1,0,1,659
910000302,91000151,1,fine_step_primary,5701002,scale_2,intermediate_posture,baseline_flat,internet_facing,275,281,2165,flat,0.5,0.484,36,0.3306,connected,0,0,864,5,243,0.8647686833,0.8647686833,243,10,251,271,1,1,358,381,382,459,550,334,399,7,2863,173.9916667,0.4520356754,0.4520356754,1,1401,630,1,1,1,1,1,1,1,1,1,1,1,76,0,864
910000303,91000151,1,fine_step_primary,5701002,scale_2,intermediate_posture,seg_detect_backup,internet_facing,275,281,1433,basic,0.5,0.484,18,0.6316,isolated,0,1,864,5,83,0.2953736655,0.2953736655,83,9,83,185,0,1,180,180,180,192,203,180,0,6,1115,71.96666667,0.2111928105,0.2111928105,1,1128,209,1,1,1,1,1,1,1,1,1,1,1,0,1,319
910000304,91000152,1,fine_step_primary,5701003,scale_2,intermediate_posture,baseline_flat,privileged_system,177,201,1545,flat,0.5,0.4378,36,0.3306,connected,0,0,864,5,181,0.9004975124,0.9004975124,181,10,188,425,1,1,482,536,503,584,713,482,550,7,3850,235.1083333,0.6033156318,0.6033156318,1,912,604,1,1,1,1,1,1,1,1,1,1,1,53,0,864
910000305,91000152,1,fine_step_primary,5701003,scale_2,intermediate_posture,seg_detect_backup,privileged_system,177,201,1027,basic,0.5,0.4378,18,0.6316,isolated,0,1,864,5,89,0.4427860697,0.4427860697,89,9,91,258,0,1,236,228,243,240,297,228,0,6,1472,94.09166667,0.2740672658,0.2740672658,1,1776,287,1,1,1,1,1,1,1,1,1,1,1,0,1,622
910000306,91000153,1,fine_step_primary,5701004,scale_2,intermediate_posture,baseline_flat,medical_device,195,261,2109,flat,0.5,0.4866,36,0.3306,connected,0,0,864,5,227,0.8697318008,0.8697318008,227,10,229,344,1,1,447,470,497,532,653,430,468,7,3497,214.3083333,0.5591979847,0.5591979847,1,1579,840,1,1,1,1,1,1,1,1,1,1,1,76,0,864
910000307,91000153,1,fine_step_primary,5701004,scale_2,intermediate_posture,seg_detect_backup,medical_device,195,261,1383,basic,0.5,0.4866,18,0.6316,isolated,0,1,864,5,90,0.3448275862,0.3448275862,90,9,89,218,0,1,146,159,151,155,192,116,0,6,919,58.23333333,0.1761982571,0.1761982571,1,1056,249,1,1,1,1,1,1,1,1,1,1,1,0,1,311
910000308,91000154,1,fine_step_primary,5701005,scale_2,intermediate_posture,baseline_flat,vendor_connection,200,201,1617,flat,0.5,0.4925,36,0.3306,connected,0,0,864,5,182,0.9054726368,0.9054726368,182,10,184,845,1,1,837,835,835,836,835,835,837,7,5850,369.1166667,0.9673543028,0.9673543028,1,312,-1,0,0,0,0,0,0,0,0,0,0,0,58,0,864
910000309,91000154,1,fine_step_primary,5701005,scale_2,intermediate_posture,seg_detect_backup,vendor_connection,200,201,1044,basic,0.5,0.4925,18,0.6316,isolated,0,1,864,5,55,0.2736318408,0.2736318408,55,9,54,291,0,1,265,289,265,287,281,265,0,6,1652,107.2083333,0.3184912854,0.3184912854,1,1200,407,1,1,1,1,1,1,1,1,1,1,1,0,1,411
910000310,91000155,1,fine_step_primary,5701001,scale_2,intermediate_posture,baseline_flat,workstation,52,297,2300,flat,0.5,0.4545,36,0.3306,connected,0,0,864,5,269,0.9057239057,0.9057239057,269,10,278,305,1,1,385,408,383,461,571,357,432,7,2997,182.3083333,0.4693627451,0.4693627451,1,1286,486,1,1,1,1,1,1,1,1,1,1,1,81,0,864
910000311,91000155,1,fine_step_primary,5701001,scale_2,intermediate_posture,seg_detect_backup,workstation,52,297,1519,basic,0.5,0.4545,18,0.6316,isolated,0,1,864,5,17,0.05723905724,0.05723905724,17,4,16,122,0,0,0,0,0,98,0,0,0,1,98,5.716666667,0.02335239651,0.02335239651,1,1248,128,1,1,1,1,1,1,1,1,1,1,1,0,1,307
910000312,91000156,1,fine_step_primary,5701002,scale_2,intermediate_posture,baseline_flat,internet_facing,291,295,2417,flat,0.5,0.4169,36,0.3306,connected,0,0,864,5,271,0.9186440678,0.9186440678,271,10,282,359,1,1,440,475,468,532,656,416,503,7,3490,212.6833333,0.549291939,0.549291939,1,1323,581,1,1,1,1,1,1,1,1,1,1,1,85,0,864
910000313,91000156,1,fine_step_primary,5701002,scale_2,intermediate_posture,seg_detect_backup,internet_facing,291,295,1558,basic,0.5,0.4169,18,0.6316,isolated,0,1,864,5,92,0.3118644068,0.3118644068,92,9,92,164,0,1,122,128,138,145,122,122,0,6,777,50.725,0.1532203159,0.1532203159,1,1128,194,1,1,1,1,1,1,1,1,1,1,1,0,1,278
910000314,91000157,1,fine_step_primary,5701003,scale_2,intermediate_posture,baseline_flat,privileged_system,235,268,2117,flat,0.5,0.4366,36,0.3306,connected,0,0,864,5,246,0.9179104478,0.9179104478,246,10,254,411,1,1,487,539,536,595,717,487,554,7,3915,239.55,0.6185661765,0.6185661765,1,1275,600,1,1,1,1,1,1,1,1,1,1,1,74,0,864
910000315,91000157,1,fine_step_primary,5701003,scale_2,intermediate_posture,seg_detect_backup,privileged_system,235,268,1389,basic,0.5,0.4366,18,0.6316,isolated,0,1,864,5,149,0.5559701493,0.5559701493,149,9,152,411,0,1,428,437,457,443,460,428,24,7,2677,173.55,0.5102805011,0.5102805011,1,1992,600,1,1,1,1,1,1,1,1,1,1,1,0,1,610
910000316,91000158,1,fine_step_primary,5701004,scale_2,intermediate_posture,baseline_flat,medical_device,212,281,2271,flat,0.5,0.4555,36,0.3306,connected,0,0,864,5,259,0.9217081851,0.9217081851,259,10,271,335,1,1,377,434,409,493,622,377,466,7,3178,192.0916667,0.4893110022,0.4893110022,1,1305,533,1,1,1,1,1,1,1,1,1,1,1,83,0,864
910000317,91000158,1,fine_step_primary,5701004,scale_2,intermediate_posture,seg_detect_backup,medical_device,212,281,1476,basic,0.5,0.4555,18,0.6316,isolated,0,1,864,5,71,0.2526690391,0.2526690391,71,5,70,208,0,0,0,0,48,115,0,0,0,2,163,10.30833333,0.04210920479,0.04210920479,1,1224,244,1,1,1,1,1,1,1,1,1,1,1,0,1,305
910000318,91000159,1,fine_step_primary,5701005,scale_2,intermediate_posture,baseline_flat,vendor_connection,225,226,1699,flat,0.5,0.5044,36,0.3306,connected,0,0,864,5,198,0.8761061947,0.8761061947,198,10,201,322,1,1,374,464,420,471,589,374,449,7,3141,191.2083333,0.4945874183,0.4945874183,1,1662,492,1,1,1,1,1,1,1,1,1,1,1,58,0,864
910000319,91000159,1,fine_step_primary,5701005,scale_2,intermediate_posture,seg_detect_backup,vendor_connection,225,226,1130,basic,0.5,0.5044,18,0.6316,isolated,0,1,864,5,48,0.2123893805,0.2123893805,48,9,47,246,0,1,228,284,234,204,228,204,72,7,1454,93.88333333,0.2752587146,0.2752587146,1,2136,492,1,1,1,1,1,1,1,1,1,1,1,0,1,550
910000320,91000160,1,fine_step_primary,5701001,scale_2,intermediate_posture,baseline_flat,workstation,84,273,2169,flat,0.5,0.4432,36,0.3306,connected,0,0,864,5,248,0.9084249084,0.9084249084,248,10,255,326,1,1,400,457,452,510,637,400,454,7,3310,201.3833333,0.520629085,0.520629085,1,1475,645,1,1,1,1,1,1,1,1,1,1,1,80,0,864
910000321,91000160,1,fine_step_primary,5701001,scale_2,intermediate_posture,seg_detect_backup,workstation,84,273,1430,basic,0.5,0.4432,18,0.6316,isolated,0,1,864,5,1,0.003663003663,0.003663003663,1,1,0,18,0,0,24,24,24,24,48,24,0,6,168,10.2,0.02777777778,0.02777777778,0,360,25,1,1,1,1,1,1,1,1,1,1,1,0,1,136
910000322,91000161,1,fine_step_primary,5701002,scale_2,intermediate_posture,baseline_flat,internet_facing,247,249,1989,flat,0.5,0.49,36,0.3306,connected,0,0,864,5,220,0.8835341365,0.8835341365,220,10,227,345,1,1,464,474,440,553,652,416,518,7,3517,214.3583333,0.5536151961,0.5536151961,1,1176,824,1,1,1,1,1,1,1,1,1,1,1,72,0,864
910000323,91000161,1,fine_step_primary,5701002,scale_2,intermediate_posture,seg_detect_backup,internet_facing,247,249,1306,basic,0.5,0.49,18,0.6316,isolated,0,1,864,5,2,0.008032128514,0.008032128514,2,2,1,9,0,0,48,24,0,24,0,0,24,4,120,8.2,0.02859477124,0.02859477124,0,3576,824,1,1,1,1,1,1,1,1,1,1,1,0,1,845
910000324,91000162,1,fine_step_primary,5701003,scale_2,intermediate_posture,baseline_flat,privileged_system,248,277,2229,flat,0.5,0.4188,36,0.3306,connected,0,0,864,5,251,0.9061371841,0.9061371841,251,10,265,367,1,1,442,470,440,574,654,418,502,7,3500,212.9,0.5500408497,0.5500408497,1,1420,833,1,1,1,1,1,1,1,1,1,1,1,78,0,864
910000325,91000162,1,fine_step_primary,5701003,scale_2,intermediate_posture,seg_detect_backup,privileged_system,248,277,1449,basic,0.5,0.4188,18,0.6316,isolated,0,1,864,5,1,0.003610108303,0.003610108303,1,1,0,2,0,1,0,0,0,0,0,0,0,0,0,0,0,0,0,0,0,1,1,1,1,1,1,1,1,1,1,1,0,1,8
910000326,91000163,1,fine_step_primary,5701004,scale_2,intermediate_posture,baseline_flat,medical_device,178,257,1989,flat,0.5,0.463,36,0.3306,connected,0,0,864,5,226,0.8793774319,0.8793774319,226,10,228,467,1,1,503,577,544,604,722,494,581,7,4025,246.5833333,0.6389569717,0.6389569717,1,1333,-1,0,1,1,0,1,1,1,1,0.8571428571,0.8571428571,0.8571428571,72,0,864
910000327,91000163,1,fine_step_primary,5701004,scale_2,intermediate_posture,seg_detect_backup,medical_device,178,257,1308,basic,0.5,0.463,18,0.6316,isolated,0,1,864,5,1,0.003891050584,0.003891050584,1,1,0,14,0,0,0,0,0,0,0,0,0,0,0,0,0,0,0,288,0,1,1,1,1,1,1,1,1,1,1,1,0,1,84
910000328,91000164,1,fine_step_primary,5701005,scale_2,intermediate_posture,baseline_flat,vendor_connection,205,206,1625,flat,0.5,0.4951,36,0.3306,connected,0,0,864,5,180,0.8737864078,0.8737864078,180,10,181,315,1,1,377,433,402,477,631,371,476,7,3167,190.9166667,0.483081427,0.483081427,1,1263,498,1,1,1,1,1,1,1,1,1,1,1,59,0,864
910000329,91000164,1,fine_step_primary,5701005,scale_2,intermediate_posture,seg_detect_backup,vendor_connection,205,206,1050,basic,0.5,0.4951,18,0.6316,isolated,0,1,864,5,1,0.004854368932,0.004854368932,1,1,0,3,0,0,0,0,0,0,0,0,24,1,24,1.2,0,0,0,144,0,1,1,1,1,1,1,1,1,1,1,1,0,1,49
910000330,91000165,1,fine_step_primary,5701001,scale_2,intermediate_posture,baseline_flat,workstation,36,238,1873,flat,0.5,0.4958,36,0.3306,connected,0,0,864,5,220,0.9243697479,0.9243697479,220,10,226,376,1,1,405,463,430,494,666,405,464,7,3327,201.4583333,0.5134123094,0.5134123094,1,1332,563,1,1,1,1,1,1,1,1,1,1,1,68,0,864
910000331,91000165,1,fine_step_primary,5701001,scale_2,intermediate_posture,seg_detect_backup,workstation,36,238,1227,basic,0.5,0.4958,18,0.6316,isolated,0,1,864,5,4,0.01680672269,0.01680672269,4,1,3,31,0,0,24,48,24,24,72,24,0,6,216,12.6,0.03431372549,0.03431372549,0,3504,545,1,1,1,1,1,1,1,1,1,1,1,0,1,840
910000332,91000166,1,fine_step_primary,5701002,scale_2,intermediate_posture,baseline_flat,internet_facing,270,278,2149,flat,0.5,0.4676,36,0.3306,connected,0,0,864,5,250,0.8992805755,0.8992805755,250,10,251,353,1,1,450,461,432,514,634,399,470,7,3360,205.175,0.5335648148,0.5335648148,1,1625,806,1,1,1,1,1,1,1,1,1,1,1,75,0,864
910000333,91000166,1,fine_step_primary,5701002,scale_2,intermediate_posture,seg_detect_backup,internet_facing,270,278,1419,basic,0.5,0.4676,18,0.6316,isolated,0,1,864,5,3,0.01079136691,0.01079136691,3,1,2,13,0,0,0,0,0,0,0,0,0,0,0,0,0,0,0,1176,0,1,1,1,1,1,1,1,1,1,1,1,0,1,287
910000334,91000167,1,fine_step_primary,5701003,scale_2,intermediate_posture,baseline_flat,privileged_system,178,201,1560,flat,0.5,0.4677,36,0.3306,connected,0,0,864,5,174,0.8656716418,0.8656716418,174,10,182,413,1,1,514,547,517,601,744,490,567,7,3980,243.0333333,0.6255446623,0.6255446623,1,913,764,1,1,1,1,1,1,1,1,1,1,1,58,0,864
910000335,91000167,1,fine_step_primary,5701003,scale_2,intermediate_posture,seg_detect_backup,privileged_system,178,201,1010,basic,0.5,0.4677,18,0.6316,isolated,0,1,864,5,5,0.02487562189,0.02487562189,5,1,4,42,0,1,67,67,67,67,67,67,24,7,426,27.44166667,0.0775462963,0.0775462963,1,1464,192,1,1,1,1,1,1,1,1,1,1,1,0,1,418
910000336,91000168,1,fine_step_primary,5701004,scale_2,intermediate_posture,baseline_flat,medical_device,177,238,1939,flat,0.5,0.4664,36,0.3306,connected,0,0,864,5,215,0.9033613445,0.9033613445,215,10,226,334,1,1,386,447,437,500,613,386,477,7,3246,197.1416667,0.5061614924,0.5061614924,1,1006,648,1,1,1,1,1,1,1,1,1,1,1,70,0,864
910000337,91000168,1,fine_step_primary,5701004,scale_2,intermediate_posture,seg_detect_backup,medical_device,177,238,1254,basic,0.5,0.4664,18,0.6316,isolated,0,1,864,5,30,0.1260504202,0.1260504202,30,5,29,237,0,0,0,0,0,186,0,0,0,1,186,10.85,0.04432189542,0.04432189542,1,912,244,1,1,1,1,1,1,1,1,1,1,1,0,1,281
910000338,91000169,1,fine_step_primary,5701005,scale_2,intermediate_posture,baseline_flat,vendor_connection,210,211,1667,flat,0.5,0.4123,36,0.3306,connected,0,0,864,5,186,0.8815165877,0.8815165877,186,10,191,249,1,1,337,393,358,417,531,329,396,7,2761,167.6333333,0.4307938453,0.4307938453,1,1008,431,1,1,1,1,1,1,1,1,1,1,1,59,0,783
910000339,91000169,1,fine_step_primary,5701005,scale_2,intermediate_posture,seg_detect_backup,vendor_connection,210,211,1092,basic,0.5,0.4123,18,0.6316,isolated,0,1,864,5,1,0.004739336493,0.004739336493,1,1,0,3,0,0,24,48,48,48,24,24,0,6,216,14.2,0.04738562092,0.04738562092,0,2520,420,1,1,1,1,1,1,1,1,1,1,1,0,1,677
910000340,91000170,1,fine_step_primary,5701001,scale_2,intermediate_posture,baseline_flat,workstation,87,240,1848,flat,0.5,0.5125,36,0.3306,connected,0,0,864,5,211,0.8791666667,0.8791666667,211,10,211,406,1,1,471,512,481,561,672,451,502,7,3650,223.5083333,0.5808142702,0.5808142702,1,1174,-1,0,1,1,1,0,1,1,1,0.8571428571,0.8571428571,0.8571428571,64,0,864
910000341,91000170,1,fine_step_primary,5701001,scale_2,intermediate_posture,seg_detect_backup,workstation,87,240,1227,basic,0.5,0.5125,18,0.6316,isolated,0,1,864,5,1,0.004166666667,0.004166666667,1,1,0,44,0,0,0,0,0,0,0,0,24,1,24,1.2,0,0,0,1152,0,1,1,1,1,1,1,1,1,1,1,1,0,1,308
910000342,91000171,1,fine_step_primary,5701002,scale_2,intermediate_posture,baseline_flat,internet_facing,237,242,1869,flat,0.5,0.4463,36,0.3306,connected,0,0,864,5,215,0.8884297521,0.8884297521,215,10,222,491,1,1,559,595,566,655,773,523,608,7,4279,262.3,0.6818150871,0.6818150871,1,897,841,1,1,1,1,1,1,1,1,1,1,1,63,0,864
910000343,91000171,1,fine_step_primary,5701002,scale_2,intermediate_posture,seg_detect_backup,internet_facing,237,242,1232,basic,0.5,0.4463,18,0.6316,isolated,0,1,864,5,1,0.004132231405,0.004132231405,1,1,0,7,0,0,72,24,24,24,48,24,24,7,240,15.4,0.04411764706,0.04411764706,0,3689,841,1,1,1,1,1,1,1,1,1,1,1,0,1,864
910000344,91000172,1,fine_step_primary,5701003,scale_2,intermediate_posture,baseline_flat,privileged_system,21,253,2010,flat,0.5,0.4545,36,0.3306,connected,0,0,864,5,1,0.00395256917,0.00395256917,1,1,0,5,0,0,0,0,0,0,24,0,0,1,24,0.8,0,0,0,288,0,1,1,1,1,1,1,1,1,1,1,1,0,1,68
910000345,91000172,1,fine_step_primary,5701003,scale_2,intermediate_posture,seg_detect_backup,privileged_system,21,253,1322,basic,0.5,0.4545,18,0.6316,isolated,0,1,864,5,1,0.00395256917,0.00395256917,1,1,0,4,0,0,0,0,0,0,24,0,0,1,24,0.8,0,0,0,288,0,1,1,1,1,1,1,1,1,1,1,1,0,1,68
910000346,91000173,1,fine_step_primary,5701004,scale_2,intermediate_posture,baseline_flat,medical_device,163,228,1777,flat,0.5,0.4518,36,0.3306,connected,0,0,864,5,1,0.004385964912,0.004385964912,1,1,0,8,0,0,24,24,24,24,24,24,0,6,144,9.4,0.02777777778,0.02777777778,0,336,92,1,1,1,1,1,1,1,1,1,1,1,0,1,101
910000347,91000173,1,fine_step_primary,5701004,scale_2,intermediate_posture,seg_detect_backup,medical_device,163,228,1185,basic,0.5,0.4518,18,0.6316,isolated,0,1,864,5,1,0.004385964912,0.004385964912,1,1,0,7,0,0,24,24,24,24,24,24,0,6,144,9.4,0.02777777778,0.02777777778,0,336,92,1,1,1,1,1,1,1,1,1,1,1,0,1,101
910000348,91000174,1,fine_step_primary,5701005,scale_2,intermediate_posture,baseline_flat,vendor_connection,296,297,2345,flat,0.5,0.4512,36,0.3306,connected,0,0,864,5,264,0.8888888889,0.8888888889,264,10,269,291,1,1,348,405,396,485,587,348,442,7,3011,181.7583333,0.4656522331,0.4656522331,1,1771,655,1,1,1,1,1,1,1,1,1,1,1,84,0,864
910000349,91000174,1,fine_step_primary,5701005,scale_2,intermediate_posture,seg_detect_backup,vendor_connection,296,297,1545,basic,0.5,0.4512,18,0.6316,isolated,0,1,864,5,1,0.003367003367,0.003367003367,1,1,0,2,0,0,0,0,0,0,0,0,0,0,0,0,0,0,0,0,0,1,1,1,1,1,1,1,1,1,1,1,0,1,8
910000350,91000175,1,fine_step_primary,5701001,scale_2,intermediate_posture,baseline_flat,workstation,73,243,1902,flat,0.5,0.4979,36,0.3306,connected,0,0,864,5,220,0.9053497942,0.9053497942,220,10,228,417,1,1,481,514,511,566,691,457,549,7,3769,230.45,0.5951456972,0.5951456972,1,1040,671,1,1,1,1,1,1,1,1,1,1,1,66,0,864
910000351,91000175,1,fine_step_primary,5701001,scale_2,intermediate_posture,seg_detect_backup,workstation,73,243,1254,basic,0.5,0.4979,18,0.6316,isolated,0,1,864,5,1,0.004115226337,0.004115226337,1,1,0,6,0,0,0,0,0,0,0,0,0,0,0,0,0,0,0,1560,0,1,1,1,1,1,1,1,1,1,1,1,0,1,428
910000352,91000176,1,fine_step_primary,5701002,scale_2,intermediate_posture,baseline_flat,internet_facing,269,278,2152,flat,0.5,0.4532,36,0.3306,connected,0,0,864,5,249,0.8956834532,0.8956834532,249,10,257,380,1,1,409,460,441,512,656,404,500,7,3382,204.8583333,0.5216162854,0.5216162854,1,1419,545,1,1,1,1,1,1,1,1,1,1,1,71,0,864
910000353,91000176,1,fine_step_primary,5701002,scale_2,intermediate_posture,seg_detect_backup,internet_facing,269,278,1417,basic,0.5,0.4532,18,0.6316,isolated,0,1,864,5,119,0.428057554,0.428057554,119,9,118,418,0,1,316,296,0,197,318,0,0,4,1127,68.15833333,0.2351239107,0.2351239107,1,3195,441,1,1,1,1,1,1,1,1,1,1,1,0,1,864
910000354,91000177,1,fine_step_primary,5701003,scale_2,intermediate_posture,baseline_flat,privileged_system,207,247,1942,flat,0.5,0.5061,36,0.3306,connected,0,0,864,5,225,0.9109311741,0.9109311741,225,10,234,444,1,1,511,571,561,622,758,508,592,7,4123,251.975,0.6495438453,0.6495438453,1,877,757,1,1,1,1,1,1,1,1,1,1,1,70,0,864
910000355,91000177,1,fine_step_primary,5701003,scale_2,intermediate_posture,seg_detect_backup,privileged_system,207,247,1274,basic,0.5,0.5061,18,0.6316,isolated,0,1,864,5,109,0.4412955466,0.4412955466,109,9,109,169,0,1,170,176,170,180,195,170,0,6,1061,68.4,0.2007761438,0.2007761438,1,696,197,1,1,1,1,1,1,1,1,1,1,1,0,1,270
910000356,91000178,1,fine_step_primary,5701004,scale_2,intermediate_posture,baseline_flat,medical_device,194,245,1967,flat,0.5,0.4571,36,0.3306,connected,0,0,864,5,226,0.9224489796,0.9224489796,226,10,231,355,1,1,463,512,488,577,698,453,498,7,3689,225.1166667,0.5840482026,0.5840482026,1,968,859,1,1,1,1,1,1,1,1,1,1,1,72,0,864
910000357,91000178,1,fine_step_primary,5701004,scale_2,intermediate_posture,seg_detect_backup,medical_device,194,245,1273,basic,0.5,0.4571,18,0.6316,isolated,0,1,864,5,1,0.004081632653,0.004081632653,1,1,0,1,0,0,0,0,0,0,0,0,0,0,0,0,0,0,0,0,0,1,1,1,1,1,1,1,1,1,1,1,0,1,7
910000358,91000179,1,fine_step_primary,5701005,scale_2,intermediate_posture,baseline_flat,vendor_connection,246,247,1951,flat,0.5,0.4372,36,0.3306,connected,0,0,864,5,223,0.9028340081,0.9028340081,223,10,231,279,1,1,402,466,407,480,608,378,435,7,3176,193.4583333,0.5028254357,0.5028254357,1,1639,645,1,1,1,1,1,1,1,1,1,1,1,70,0,864
910000359,91000179,1,fine_step_primary,5701005,scale_2,intermediate_posture,seg_detect_backup,vendor_connection,246,247,1279,basic,0.5,0.4372,18,0.6316,isolated,0,1,864,5,152,0.6153846154,0.6153846154,152,9,151,362,0,1,408,416,388,395,408,384,24,7,2423,157.475,0.4651756536,0.4651756536,1,2064,645,1,1,1,1,1,1,1,1,1,1,1,0,1,667
910000360,91000180,1,fine_step_primary,5701001,scale_2,intermediate_posture,baseline_flat,workstation,66,267,2086,flat,0.5,0.4345,36,0.3306,connected,0,0,864,5,243,0.9101123596,0.9101123596,243,10,249,391,1,1,394,477,467,513,621,394,495,7,3361,204.5833333,0.5293436819,0.5293436819,1,1757,802,1,1,1,1,1,1,1,1,1,1,1,77,0,864
910000361,91000180,1,fine_step_primary,5701001,scale_2,intermediate_posture,seg_detect_backup,workstation,66,267,1359,basic,0.5,0.4345,18,0.6316,isolated,0,1,864,5,7,0.02621722846,0.02621722846,7,1,6,71,0,0,24,48,48,24,48,0,24,6,216,13,0.04166666667,0.04166666667,0,3168,282,1,1,1,1,1,1,1,1,1,1,1,0,1,677
910000362,91000181,1,fine_step_primary,5701002,scale_2,intermediate_posture,baseline_flat,internet_facing,226,234,1859,flat,0.5,0.4915,36,0.3306,connected,0,0,864,5,203,0.8675213675,0.8675213675,203,10,209,340,1,1,393,441,407,471,610,375,476,7,3173,192.4083333,0.4908088235,0.4908088235,1,1036,522,1,1,1,1,1,1,1,1,1,1,1,65,0,864
910000363,91000181,1,fine_step_primary,5701002,scale_2,intermediate_posture,seg_detect_backup,internet_facing,226,234,1222,basic,0.5,0.4915,18,0.6316,isolated,0,1,864,5,2,0.008547008547,0.008547008547,2,2,1,37,0,0,0,24,0,0,0,0,0,1,24,1.6,0.006535947712,0.006535947712,0,1560,57,1,1,1,1,1,1,1,1,1,1,1,0,1,403
910000364,91000182,1,fine_step_primary,5701003,scale_2,intermediate_posture,baseline_flat,privileged_system,201,225,1732,flat,0.5,0.4533,36,0.3306,connected,0,0,864,5,196,0.8711111111,0.8711111111,196,10,201,509,1,1,568,619,592,664,792,568,636,7,4439,272.5333333,0.7015250545,0.7015250545,1,809,677,1,1,1,1,1,1,1,1,1,1,1,58,0,864
910000365,91000182,1,fine_step_primary,5701003,scale_2,intermediate_posture,seg_detect_backup,privileged_system,201,225,1142,basic,0.5,0.4533,18,0.6316,isolated,0,1,864,5,7,0.03111111111,0.03111111111,7,2,6,57,0,1,49,49,73,49,49,49,0,6,318,20.99166667,0.06406590414,0.06406590414,1,1656,345,1,1,1,1,1,1,1,1,1,1,1,0,1,443
910000366,91000183,1,fine_step_primary,5701004,scale_2,intermediate_posture,baseline_flat,medical_device,180,245,1991,flat,0.5,0.4735,36,0.3306,connected,0,0,864,5,220,0.8979591837,0.8979591837,220,10,224,430,1,1,501,564,540,619,752,501,568,7,4045,247,0.637084695,0.637084695,1,923,774,1,1,1,1,1,1,1,1,1,1,1,74,0,864
910000367,91000183,1,fine_step_primary,5701004,scale_2,intermediate_posture,seg_detect_backup,medical_device,180,245,1292,basic,0.5,0.4735,18,0.6316,isolated,0,1,864,5,1,0.004081632653,0.004081632653,1,1,0,1,0,0,0,0,0,0,24,0,0,1,24,0.8,0,0,0,168,0,1,1,1,1,1,1,1,1,1,1,1,0,1,51
910000368,91000184,1,fine_step_primary,5701005,scale_2,intermediate_posture,baseline_flat,vendor_connection,290,291,2298,flat,0.5,0.4605,36,0.3306,connected,0,0,864,5,264,0.9072164948,0.9072164948,264,10,267,356,1,1,439,476,472,540,629,439,489,7,3484,213.5583333,0.5523556645,0.5523556645,1,1474,-1,0,1,1,0,1,1,1,1,0.8571428571,0.8571428571,0.8571428571,79,0,864
910000369,91000184,1,fine_step_primary,5701005,scale_2,intermediate_posture,seg_detect_backup,vendor_connection,290,291,1501,basic,0.5,0.4605,18,0.6316,isolated,0,1,864,5,1,0.003436426117,0.003436426117,1,1,0,12,0,0,0,0,0,24,24,0,0,2,48,2.2,0.005718954248,0.005718954248,0,984,251,1,1,1,1,1,1,1,1,1,1,1,0,1,290
910000370,91000185,1,fine_step_primary,5701001,scale_2,intermediate_posture,baseline_flat,workstation,82,245,1948,flat,0.5,0.4408,36,0.3306,connected,0,0,864,5,228,0.9306122449,0.9306122449,228,10,233,387,1,1,416,467,438,550,656,414,490,7,3431,208.15,0.5340413943,0.5340413943,1,1072,707,1,1,1,1,1,1,1,1,1,1,1,71,0,864
910000371,91000185,1,fine_step_primary,5701001,scale_2,intermediate_posture,seg_detect_backup,workstation,82,245,1272,basic,0.5,0.4408,18,0.6316,isolated,0,1,864,5,1,0.004081632653,0.004081632653,1,1,0,11,0,0,0,0,0,0,0,0,0,0,0,0,0,0,0,120,0,1,1,1,1,1,1,1,1,1,1,1,0,1,34
910000372,91000186,1,fine_step_primary,5701002,scale_2,intermediate_posture,baseline_flat,internet_facing,196,202,1586,flat,0.5,0.4901,36,0.3306,connected,0,0,864,5,168,0.8316831683,0.8316831683,168,10,177,338,1,1,395,451,419,533,603,395,466,7,3262,198.525,0.5126633987,0.5126633987,1,1459,600,1,1,1,1,1,1,1,1,1,1,1,56,0,864
910000373,91000186,1,fine_step_primary,5701002,scale_2,intermediate_posture,seg_detect_backup,internet_facing,196,202,1030,basic,0.5,0.4901,18,0.6316,isolated,0,1,864,5,2,0.009900990099,0.009900990099,2,1,1,14,0,0,0,0,24,0,24,0,0,2,48,2.6,0.007352941176,0.007352941176,0,552,153,1,1,1,1,1,1,1,1,1,1,1,0,1,182
910000374,91000187,1,fine_step_primary,5701003,scale_2,intermediate_posture,baseline_flat,privileged_system,238,260,2078,flat,0.5,0.5115,36,0.3306,connected,0,0,864,5,233,0.8961538462,0.8961538462,233,10,236,471,1,1,535,593,560,646,766,535,632,7,4267,261.0583333,0.6691176471,0.6691176471,1,828,659,1,1,1,1,1,1,1,1,1,1,1,74,0,864
910000375,91000187,1,fine_step_primary,5701003,scale_2,intermediate_posture,seg_detect_backup,privileged_system,238,260,1368,basic,0.5,0.5115,18,0.6316,isolated,0,1,864,5,119,0.4576923077,0.4576923077,119,9,118,181,0,1,173,186,189,196,206,162,0,6,1112,71.44166667,0.2141544118,0.2141544118,1,2856,633,1,1,1,1,1,1,1,1,1,1,1,0,1,797
910000376,91000188,1,fine_step_primary,5701004,scale_2,intermediate_posture,baseline_flat,medical_device,167,252,1900,flat,0.5,0.4484,36,0.3306,connected,0,0,864,5,233,0.9246031746,0.9246031746,233,10,238,504,1,1,549,602,572,642,771,549,623,7,4308,264.2583333,0.6790577342,0.6790577342,1,782,674,1,1,1,1,1,0,1,1,0.8571428571,0.8571428571,0.8571428571,64,0,864
910000377,91000188,1,fine_step_primary,5701004,scale_2,intermediate_posture,seg_detect_backup,medical_device,167,252,1265,basic,0.5,0.4484,18,0.6316,isolated,0,1,864,5,2,0.007936507937,0.007936507937,2,1,1,15,0,0,24,37,24,24,24,24,24,7,181,11.46666667,0.03131808279,0.03131808279,1,1152,82,1,1,1,1,1,1,1,1,1,1,1,0,1,299
910000378,91000189,1,fine_step_primary,5701005,scale_2,intermediate_posture,baseline_flat,vendor_connection,217,218,1693,flat,0.5,0.4725,36,0.3306,connected,0,0,864,5,1,0.004587155963,0.004587155963,1,1,0,5,0,0,0,0,0,24,24,0,0,2,48,2.2,0.005718954248,0.005718954248,0,936,170,1,1,1,1,1,1,1,1,1,1,1,0,1,238
910000379,91000189,1,fine_step_primary,5701005,scale_2,intermediate_posture,seg_detect_backup,vendor_connection,217,218,1119,basic,0.5,0.4725,18,0.6316,isolated,0,1,864,5,1,0.004587155963,0.004587155963,1,1,0,4,0,0,0,0,0,24,24,0,0,2,48,2.2,0.005718954248,0.005718954248,0,936,170,1,1,1,1,1,1,1,1,1,1,1,0,1,238
910000380,91000190,1,fine_step_primary,5701001,scale_2,intermediate_posture,baseline_flat,workstation,36,200,1610,flat,0.5,0.515,36,0.3306,connected,0,0,864,5,182,0.91,0.91,182,10,186,322,1,1,393,473,417,498,655,393,470,7,3299,199.4166667,0.5090209695,0.5090209695,1,1161,851,1,1,1,1,1,1,1,1,1,1,1,56,0,864
910000381,91000190,1,fine_step_primary,5701001,scale_2,intermediate_posture,seg_detect_backup,workstation,36,200,1035,basic,0.5,0.515,18,0.6316,isolated,0,1,864,5,73,0.365,0.365,73,8,74,188,0,1,180,188,180,192,222,180,0,6,1142,73.13333333,0.2133714597,0.2133714597,1,2784,220,1,1,1,1,1,1,1,1,1,1,1,0,1,780
910000382,91000191,1,fine_step_primary,5701002,scale_2,intermediate_posture,baseline_flat,internet_facing,264,270,2197,flat,0.5,0.4778,36,0.3306,connected,0,0,864,5,1,0.003703703704,0.003703703704,1,1,0,3,0,0,0,0,0,0,0,0,0,0,0,0,0,0,0,1104,0,1,1,1,1,1,1,1,1,1,1,1,0,1,213
910000383,91000191,1,fine_step_primary,5701002,scale_2,intermediate_posture,seg_detect_backup,internet_facing,264,270,1413,basic,0.5,0.4778,18,0.6316,isolated,0,1,864,5,1,0.003703703704,0.003703703704,1,1,0,2,0,0,0,0,0,0,0,0,0,0,0,0,0,0,0,1104,0,1,1,1,1,1,1,1,1,1,1,1,0,1,213
910000384,91000192,1,fine_step_primary,5701003,scale_2,intermediate_posture,baseline_flat,privileged_system,171,200,1594,flat,0.5,0.48,36,0.3306,connected,0,0,864,5,190,0.95,0.95,190,10,194,322,1,1,420,453,437,510,633,396,452,7,3301,201.125,0.521752451,0.521752451,1,1174,778,1,1,1,1,1,1,1,1,1,1,1,57,0,864
910000385,91000192,1,fine_step_primary,5701003,scale_2,intermediate_posture,seg_detect_backup,privileged_system,171,200,1039,basic,0.5,0.48,18,0.6316,isolated,0,1,864,5,1,0.005,0.005,1,1,0,8,0,0,0,24,0,0,0,0,0,1,24,1.6,0.006535947712,0.006535947712,0,1128,66,1,1,1,1,1,1,1,1,1,1,1,0,1,337
910000386,91000193,1,fine_step_primary,5701004,scale_2,intermediate_posture,baseline_flat,medical_device,200,272,2152,flat,0.5,0.5037,36,0.3306,connected,0,0,864,5,242,0.8897058824,0.8897058824,242,10,250,439,1,1,461,516,488,573,686,461,547,7,3732,227.6333333,0.5835035403,0.5835035403,1,1154,634,1,1,1,1,1,1,1,1,1,1,1,80,0,864
910000387,91000193,1,fine_step_primary,5701004,scale_2,intermediate_posture,seg_detect_backup,medical_device,200,272,1406,basic,0.5,0.5037,18,0.6316,isolated,0,1,864,5,3,0.01102941176,0.01102941176,3,1,2,132,0,0,0,24,0,0,0,0,0,1,24,1.6,0.006535947712,0.006535947712,0,936,207,1,1,1,1,1,1,1,1,1,1,1,0,1,261
910000388,91000194,1,fine_step_primary,5701005,scale_2,intermediate_posture,baseline_flat,vendor_connection,213,214,1686,flat,0.5,0.4673,36,0.3306,connected,0,0,864,5,194,0.9065420561,0.9065420561,194,10,197,470,1,1,527,617,551,624,750,515,621,7,4205,257.45,0.6649305556,0.6649305556,1,1079,847,1,1,1,1,1,1,1,1,1,1,1,62,0,864
910000389,91000194,1,fine_step_primary,5701005,scale_2,intermediate_posture,seg_detect_backup,vendor_connection,213,214,1095,basic,0.5,0.4673,18,0.6316,isolated,0,1,864,5,1,0.004672897196,0.004672897196,1,1,0,16,0,0,24,0,0,0,0,0,0,1,24,2,0.008169934641,0.008169934641,0,1128,126,1,1,1,1,1,1,1,1,1,1,1,0,1,288
910000390,91000195,1,fine_step_primary,5701001,scale_2,intermediate_posture,baseline_flat,workstation,106,267,2066,flat,0.5,0.4569,36,0.3306,connected,0,0,864,5,1,0.003745318352,0.003745318352,1,1,0,28,0,0,24,0,0,24,48,0,0,3,96,5,0.01388888889,0.01388888889,0,2112,334,1,1,1,1,1,1,1,1,1,1,1,0,1,491
910000391,91000195,1,fine_step_primary,5701001,scale_2,intermediate_posture,seg_detect_backup,workstation,106,267,1354,basic,0.5,0.4569,18,0.6316,isolated,0,1,864,5,1,0.003745318352,0.003745318352,1,1,0,17,0,0,24,0,0,24,48,0,0,3,96,5,0.01388888889,0.01388888889,0,2112,334,1,1,1,1,1,1,1,1,1,1,1,0,1,491
910000392,91000196,1,fine_step_primary,5701002,scale_2,intermediate_posture,baseline_flat,internet_facing,212,217,1720,flat,0.5,0.5069,36,0.3306,connected,0,0,864,5,201,0.9262672811,0.9262672811,201,10,203,502,1,1,563,615,585,668,798,563,637,7,4429,271.4333333,0.6975422113,0.6975422113,1,686,682,1,1,1,1,1,1,1,1,1,1,1,61,0,864
910000393,91000196,1,fine_step_primary,5701002,scale_2,intermediate_posture,seg_detect_backup,internet_facing,212,217,1126,basic,0.5,0.5069,18,0.6316,isolated,0,1,864,5,3,0.01382488479,0.01382488479,3,1,2,29,0,0,24,24,24,24,24,24,0,6,144,9.4,0.02777777778,0.02777777778,0,72,48,1,1,1,1,1,1,1,1,1,1,1,0,1,48
910000394,91000197,1,fine_step_primary,5701003,scale_2,intermediate_posture,baseline_flat,privileged_system,262,293,2377,flat,0.5,0.413,36,0.3306,connected,0,0,864,5,273,0.9317406143,0.9317406143,273,10,281,587,1,1,656,718,689,776,855,656,736,7,5086,313.975,0.8148488562,0.8148488562,1,897,785,1,1,1,1,1,0,1,1,0.8571428571,0.8571428571,0.8571428571,87,0,864
910000395,91000197,1,fine_step_primary,5701003,scale_2,intermediate_posture,seg_detect_backup,privileged_system,262,293,1536,basic,0.5,0.413,18,0.6316,isolated,0,1,864,5,172,0.5870307167,0.5870307167,172,9,172,211,0,1,205,212,205,240,270,205,0,6,1337,84.96666667,0.2475149782,0.2475149782,1,2688,347,1,1,1,1,1,1,1,1,1,1,1,0,1,696
910000396,91000198,1,fine_step_primary,5701004,scale_2,intermediate_posture,baseline_flat,medical_device,163,227,1781,flat,0.5,0.4714,36,0.3306,connected,0,0,864,5,197,0.8678414097,0.8678414097,197,10,201,622,1,1,649,711,669,762,819,648,715,7,4973,307.7583333,0.8010961329,0.8010961329,1,591,797,1,1,1,1,1,0,1,1,0.8571428571,0.8571428571,0.8571428571,60,0,864
910000397,91000198,1,fine_step_primary,5701004,scale_2,intermediate_posture,seg_detect_backup,medical_device,163,227,1176,basic,0.5,0.4714,18,0.6316,isolated,0,1,864,5,2,0.008810572687,0.008810572687,2,1,1,39,0,0,24,48,24,24,24,24,0,6,168,11,0.03431372549,0.03431372549,0,744,217,1,1,1,1,1,1,1,1,1,1,1,0,1,262
910000398,91000199,1,fine_step_primary,5701005,scale_2,intermediate_posture,baseline_flat,vendor_connection,240,241,1869,flat,0.5,0.4647,36,0.3306,connected,0,0,864,5,223,0.9253112033,0.9253112033,223,10,228,362,1,1,453,479,454,531,658,429,518,7,3522,214.7166667,0.5502791394,0.5502791394,1,1012,566,1,1,1,1,1,1,1,1,1,1,1,68,0,864
910000399,91000199,1,fine_step_primary,5701005,scale_2,intermediate_posture,seg_detect_backup,vendor_connection,240,241,1232,basic,0.5,0.4647,18,0.6316,isolated,0,1,864,5,121,0.5020746888,0.5020746888,121,9,121,203,0,1,278,254,258,265,308,254,24,7,1641,105.425,0.3059980937,0.3059980937,1,2352,566,1,1,1,1,1,1,1,1,1,1,1,0,1,741
910000400,91000200,1,fine_step_primary,5701001,scale_2,intermediate_posture,baseline_flat,workstation,60,277,2241,flat,0.5,0.4946,36,0.3306,connected,0,0,864,5,248,0.8953068592,0.8953068592,248,10,254,425,1,1,469,521,491,577,692,469,538,7,3757,229.4416667,0.5894607843,0.5894607843,1,1008,612,1,1,1,1,1,1,1,1,1,1,1,78,0,864
910000401,91000200,1,fine_step_primary,5701001,scale_2,intermediate_posture,seg_detect_backup,workstation,60,277,1448,basic,0.5,0.4946,18,0.6316,isolated,0,1,864,5,1,0.003610108303,0.003610108303,1,1,0,1,0,0,0,0,0,0,48,0,0,1,48,1.6,0,0,0,3579,0,1,1,1,1,1,1,1,1,1,1,1,0,1,864
910000402,91000201,1,fine_step_primary,5701002,scale_2,intermediate_posture,baseline_flat,internet_facing,267,270,2096,flat,0.5,0.5222,36,0.3306,connected,0,0,864,5,239,0.8851851852,0.8851851852,239,10,244,294,1,1,386,415,387,468,592,360,447,7,3055,185.2416667,0.4745029956,0.4745029956,1,1680,482,1,1,1,1,1,1,1,1,1,1,1,76,0,864
910000403,91000201,1,fine_step_primary,5701002,scale_2,intermediate_posture,seg_detect_backup,internet_facing,267,270,1387,basic,0.5,0.5222,18,0.6316,isolated,0,1,864,5,153,0.5666666667,0.5666666667,153,9,153,270,0,1,276,273,257,298,287,252,24,7,1667,107.525,0.3180487473,0.3180487473,1,1344,442,1,1,1,1,1,1,1,1,1,1,1,0,1,505
910000404,91000202,1,fine_step_primary,5701003,scale_2,intermediate_posture,baseline_flat,privileged_system,243,278,2145,flat,0.5,0.5144,36,0.3306,connected,0,0,864,5,246,0.8848920863,0.8848920863,246,10,247,388,1,1,383,429,438,512,598,377,449,7,3186,193.8916667,0.5034041394,0.5034041394,1,1504,671,1,1,1,1,1,1,1,1,1,1,1,71,0,864
910000405,91000202,1,fine_step_primary,5701003,scale_2,intermediate_posture,seg_detect_backup,privileged_system,243,278,1425,basic,0.5,0.5144,18,0.6316,isolated,0,1,864,5,2,0.007194244604,0.007194244604,2,2,1,28,0,0,24,0,48,24,24,0,0,4,120,7.8,0.02859477124,0.02859477124,0,3720,671,1,1,1,1,1,1,1,1,1,1,1,0,1,832
910000406,91000203,1,fine_step_primary,5701004,scale_2,intermediate_posture,baseline_flat,medical_device,172,238,1844,flat,0.5,0.4706,36,0.3306,connected,0,0,864,5,1,0.004201680672,0.004201680672,1,1,0,76,0,0,24,0,0,0,0,0,24,2,48,3.2,0.008169934641,0.008169934641,0,1944,57,1,1,1,1,1,1,1,1,1,1,1,0,1,482
910000407,91000203,1,fine_step_primary,5701004,scale_2,intermediate_posture,seg_detect_backup,medical_device,172,238,1216,basic,0.5,0.4706,18,0.6316,isolated,0,1,864,5,1,0.004201680672,0.004201680672,1,1,0,2,0,0,24,0,0,0,0,0,24,2,48,3.2,0.008169934641,0.008169934641,0,1944,57,1,1,1,1,1,1,1,1,1,1,1,0,1,482
910000408,91000204,1,fine_step_primary,5701005,scale_2,intermediate_posture,baseline_flat,vendor_connection,285,286,2244,flat,0.5,0.451,36,0.3306,connected,0,0,864,5,252,0.8811188811,0.8811188811,252,10,257,439,1,1,508,564,533,598,717,508,551,7,3979,244.3416667,0.6323188998,0.6323188998,1,1213,628,1,1,1,1,1,1,1,1,1,1,1,79,0,864
910000409,91000204,1,fine_step_primary,5701005,scale_2,intermediate_posture,seg_detect_backup,vendor_connection,285,286,1488,basic,0.5,0.451,18,0.6316,isolated,0,1,864,5,1,0.003496503497,0.003496503497,1,1,0,3,0,0,24,24,24,96,24,24,24,7,240,14.8,0.04493464052,0.04493464052,0,3584,628,1,1,1,1,1,1,1,1,1,1,1,0,1,864
910000410,91000205,1,fine_step_primary,5701001,scale_2,intermediate_posture,baseline_flat,workstation,43,237,1848,flat,0.5,0.4684,36,0.3306,connected,0,0,864,5,206,0.8691983122,0.8691983122,206,10,208,303,1,1,335,390,364,445,571,319,423,7,2847,171.2833333,0.4378063725,0.4378063725,1,1600,491,1,1,1,1,1,0,1,1,0.8571428571,0.8571428571,0.8571428571,67,0,864
910000411,91000205,1,fine_step_primary,5701001,scale_2,intermediate_posture,seg_detect_backup,workstation,43,237,1205,basic,0.5,0.4684,18,0.6316,isolated,0,1,864,5,2,0.008438818565,0.008438818565,2,1,1,9,0,0,0,0,0,0,0,0,0,0,0,0,0,0,0,624,0,1,1,1,1,1,1,1,1,1,1,1,0,1,118
910000412,91000206,1,fine_step_primary,5701002,scale_2,intermediate_posture,baseline_flat,internet_facing,249,252,1963,flat,0.5,0.3929,36,0.3306,connected,0,0,864,5,224,0.8888888889,0.8888888889,224,10,234,287,1,1,359,431,390,471,583,358,424,7,3016,182.8583333,0.4713031046,0.4713031046,1,1262,666,1,1,1,1,1,1,1,1,1,1,1,68,0,864
910000413,91000206,1,fine_step_primary,5701002,scale_2,intermediate_posture,seg_detect_backup,internet_facing,249,252,1291,basic,0.5,0.3929,18,0.6316,isolated,0,1,864,5,5,0.01984126984,0.01984126984,5,2,4,39,0,0,0,0,0,0,0,0,0,0,0,0,0,0,0,912,0,1,1,1,1,1,1,1,1,1,1,1,0,1,226
910000414,91000207,1,fine_step_primary,5701003,scale_2,intermediate_posture,baseline_flat,privileged_system,26,243,1861,flat,0.5,0.5021,36,0.3306,connected,0,0,864,5,215,0.8847736626,0.8847736626,215,10,224,482,1,1,532,581,555,633,747,530,599,7,4177,256.2166667,0.6601988017,0.6601988017,1,792,663,1,1,1,1,1,1,1,1,1,1,1,66,0,864
910000415,91000207,1,fine_step_primary,5701003,scale_2,intermediate_posture,seg_detect_backup,privileged_system,26,243,1231,basic,0.5,0.5021,18,0.6316,isolated,0,1,864,5,1,0.004115226337,0.004115226337,1,1,0,15,0,0,0,0,24,48,48,0,24,4,144,7.4,0.01879084967,0.01879084967,0,2856,636,1,1,1,1,1,1,1,1,1,1,1,0,1,754
910000416,91000208,1,fine_step_primary,5701004,scale_2,intermediate_posture,baseline_flat,medical_device,195,281,2199,flat,0.5,0.4057,36,0.3306,connected,0,0,864,5,255,0.9074733096,0.9074733096,255,10,261,312,1,1,391,415,385,498,616,361,455,7,3121,188.5333333,0.4827410131,0.4827410131,1,1575,590,1,1,1,1,1,1,1,1,1,1,1,79,0,864
910000417,91000208,1,fine_step_primary,5701004,scale_2,intermediate_posture,seg_detect_backup,medical_device,195,281,1441,basic,0.5,0.4057,18,0.6316,isolated,0,1,864,5,2,0.007117437722,0.007117437722,2,2,1,18,0,0,0,24,0,23,0,0,0,2,47,2.941666667,0.0120166122,0.0120166122,0,1488,96,1,1,1,1,1,1,1,1,1,1,1,0,1,338
910000418,91000209,1,fine_step_primary,5701005,scale_2,intermediate_posture,baseline_flat,vendor_connection,269,270,2191,flat,0.5,0.4148,36,0.3306,connected,0,0,864,5,253,0.937037037,0.937037037,253,10,262,288,1,1,375,434,397,468,588,375,440,7,3077,186.9833333,0.4789964597,0.4789964597,1,1574,482,1,1,1,1,1,1,1,0,0.8571428571,0.8571428571,0.8571428571,77,0,864
910000419,91000209,1,fine_step_primary,5701005,scale_2,intermediate_posture,seg_detect_backup,vendor_connection,269,270,1428,basic,0.5,0.4148,18,0.6316,isolated,0,1,864,5,122,0.4518518519,0.4518518519,122,9,121,461,0,1,415,384,387,464,414,384,0,6,2448,158.875,0.4749795752,0.4749795752,1,1560,492,1,1,1,1,1,1,1,1,1,1,1,0,1,550
910000420,91000210,1,fine_step_primary,5701001,scale_2,intermediate_posture,baseline_flat,workstation,48,227,1772,flat,0.5,0.4581,36,0.3306,connected,0,0,864,5,201,0.8854625551,0.8854625551,201,10,208,316,1,1,368,429,392,490,580,368,460,7,3087,187.1833333,0.4789624183,0.4789624183,1,1071,837,1,1,1,1,1,1,1,1,1,1,1,58,0,864
910000421,91000210,1,fine_step_primary,5701001,scale_2,intermediate_posture,seg_detect_backup,workstation,48,227,1169,basic,0.5,0.4581,18,0.6316,isolated,0,1,864,5,124,0.5462555066,0.5462555066,124,9,125,277,0,1,254,262,280,266,281,254,0,6,1597,103.5666667,0.3069852941,0.3069852941,1,888,350,1,1,1,1,1,1,1,1,1,1,1,0,1,414
910000422,91000211,1,fine_step_primary,5701002,scale_2,intermediate_posture,baseline_flat,internet_facing,201,208,1662,flat,0.5,0.4904,36,0.3306,connected,0,0,864,5,185,0.8894230769,0.8894230769,185,10,188,309,1,1,382,438,408,492,604,382,458,7,3164,192.0166667,0.4915577342,0.4915577342,1,1136,502,1,1,1,1,1,1,1,1,1,1,1,59,0,864
910000423,91000211,1,fine_step_primary,5701002,scale_2,intermediate_posture,seg_detect_backup,internet_facing,201,208,1089,basic,0.5,0.4904,18,0.6316,isolated,0,1,864,5,100,0.4807692308,0.4807692308,100,9,99,209,0,1,214,214,214,225,240,214,0,6,1321,85.325,0.2503063725,0.2503063725,1,744,235,1,1,1,1,1,1,1,1,1,1,1,0,1,295
910000424,91000212,1,fine_step_primary,5701003,scale_2,intermediate_posture,baseline_flat,privileged_system,268,295,2404,flat,0.5,0.4508,36,0.3306,connected,0,0,864,5,267,0.9050847458,0.9050847458,267,10,274,450,1,1,519,577,545,631,759,513,600,7,4144,253.175,0.6511437908,0.6511437908,1,1267,645,1,1,1,1,1,1,1,1,1,1,1,86,0,864
910000425,91000212,1,fine_step_primary,5701003,scale_2,intermediate_posture,seg_detect_backup,privileged_system,268,295,1557,basic,0.5,0.4508,18,0.6316,isolated,0,1,864,5,1,0.003389830508,0.003389830508,1,1,0,9,0,1,24,24,24,24,24,24,0,6,144,9.4,0.02777777778,0.02777777778,0,2136,180,1,1,1,1,1,1,1,1,1,1,1,0,1,469
910000426,91000213,1,fine_step_primary,5701004,scale_2,intermediate_posture,baseline_flat,medical_device,169,213,1641,flat,0.5,0.4601,36,0.3306,connected,0,0,864,5,198,0.9295774648,0.9295774648,198,10,204,427,1,1,525,556,524,584,700,498,558,7,3945,242.7666667,0.629833878,0.629833878,1,743,727,1,1,1,1,1,1,1,1,1,1,1,61,0,864
910000427,91000213,1,fine_step_primary,5701004,scale_2,intermediate_posture,seg_detect_backup,medical_device,169,213,1072,basic,0.5,0.4601,18,0.6316,isolated,0,1,864,5,1,0.004694835681,0.004694835681,1,1,0,2,0,0,0,0,0,0,0,0,0,0,0,0,0,0,0,0,0,1,1,1,1,1,1,1,1,1,1,1,0,1,8
910000428,91000214,1,fine_step_primary,5701005,scale_2,intermediate_posture,baseline_flat,vendor_connection,293,294,2300,flat,0.5,0.5034,36,0.3306,connected,0,0,864,5,264,0.8979591837,0.8979591837,264,10,270,370,1,1,434,476,431,544,635,407,491,7,3418,208.2,0.5390454793,0.5390454793,1,1158,-1,0,1,0,1,0,1,1,1,0.7142857143,0.7142857143,0.7142857143,79,0,864
910000429,91000214,1,fine_step_primary,5701005,scale_2,intermediate_posture,seg_detect_backup,vendor_connection,293,294,1515,basic,0.5,0.5034,18,0.6316,isolated,0,1,864,5,153,0.5204081633,0.5204081633,153,9,154,292,0,1,277,267,261,272,294,257,0,6,1628,105.4,0.3117851307,0.3117851307,1,1488,402,1,1,1,1,1,1,1,1,1,1,1,0,1,436
910000430,91000215,1,fine_step_primary,5701001,scale_2,intermediate_posture,baseline_flat,workstation,68,206,1690,flat,0.5,0.4515,36,0.3306,connected,0,0,864,5,1,0.004854368932,0.004854368932,1,1,0,6,0,0,0,0,0,0,0,0,0,0,0,0,0,0,0,144,0,1,1,1,1,1,1,1,1,1,1,1,0,1,65
910000431,91000215,1,fine_step_primary,5701001,scale_2,intermediate_posture,seg_detect_backup,workstation,68,206,1082,basic,0.5,0.4515,18,0.6316,isolated,0,1,864,5,1,0.004854368932,0.004854368932,1,1,0,3,0,0,0,0,0,0,0,0,0,0,0,0,0,0,0,144,0,1,1,1,1,1,1,1,1,1,1,1,0,1,65
910000432,91000216,1,fine_step_primary,5701002,scale_2,intermediate_posture,baseline_flat,internet_facing,214,220,1725,flat,0.5,0.3909,36,0.3306,connected,0,0,864,5,196,0.8909090909,0.8909090909,196,10,202,410,1,1,482,511,494,590,694,457,552,7,3780,230.7083333,0.5951797386,0.5951797386,1,972,598,1,1,1,1,1,1,1,1,1,1,1,61,0,864
910000433,91000216,1,fine_step_primary,5701002,scale_2,intermediate_posture,seg_detect_backup,internet_facing,214,220,1122,basic,0.5,0.3909,18,0.6316,isolated,0,1,864,5,109,0.4954545455,0.4954545455,109,9,110,233,0,1,197,205,201,210,226,197,0,6,1236,79.71666667,0.2345111656,0.2345111656,1,1008,266,1,1,1,1,1,1,1,1,1,1,1,0,1,378
910000434,91000217,1,fine_step_primary,5701003,scale_2,intermediate_posture,baseline_flat,privileged_system,217,237,1834,flat,0.5,0.4515,36,0.3306,connected,0,0,864,5,216,0.9113924051,0.9113924051,216,10,221,370,1,1,434,488,464,538,662,434,519,7,3539,215.45,0.5509940087,0.5509940087,1,1011,550,1,1,1,1,1,1,1,1,1,1,1,65,0,864
910000435,91000217,1,fine_step_primary,5701003,scale_2,intermediate_posture,seg_detect_backup,privileged_system,217,237,1211,basic,0.5,0.4515,18,0.6316,isolated,0,1,864,5,1,0.004219409283,0.004219409283,1,1,0,2,0,1,0,0,0,0,0,0,0,0,0,0,0,0,0,120,0,1,1,1,1,1,1,1,1,1,1,1,0,1,44
910000436,91000218,1,fine_step_primary,5701004,scale_2,intermediate_posture,baseline_flat,medical_device,198,271,2157,flat,0.5,0.4686,36,0.3306,connected,0,0,864,5,237,0.8745387454,0.8745387454,237,10,243,364,1,1,418,474,448,551,649,418,495,7,3453,209.9083333,0.5399305556,0.5399305556,1,1344,835,1,1,1,1,1,1,1,1,1,1,1,77,0,864
910000437,91000218,1,fine_step_primary,5701004,scale_2,intermediate_posture,seg_detect_backup,medical_device,198,271,1405,basic,0.5,0.4686,18,0.6316,isolated,0,1,864,5,151,0.557195572,0.557195572,151,9,151,310,0,1,282,255,250,287,282,249,0,6,1605,104.0666667,0.3104234749,0.3104234749,1,3120,835,1,1,1,1,1,1,1,1,1,1,1,0,1,864
910000438,91000219,1,fine_step_primary,5701005,scale_2,intermediate_posture,baseline_flat,vendor_connection,287,288,2281,flat,0.5,0.4306,36,0.3306,connected,0,0,864,5,265,0.9201388889,0.9201388889,265,10,273,379,1,1,438,499,466,551,685,436,525,7,3600,218.6416667,0.5590618192,0.5590618192,1,1400,568,1,1,1,1,1,1,1,1,1,1,1,82,0,864
910000439,91000219,1,fine_step_primary,5701005,scale_2,intermediate_posture,seg_detect_backup,vendor_connection,287,288,1491,basic,0.5,0.4306,18,0.6316,isolated,0,1,864,5,145,0.5034722222,0.5034722222,145,9,145,229,0,1,202,211,208,226,263,202,24,7,1336,84.8,0.2438044662,0.2438044662,1,1488,258,1,1,1,1,1,1,1,1,1,1,1,0,1,399
910000440,91000220,1,fine_step_primary,5701001,scale_2,intermediate_posture,baseline_flat,workstation,86,256,1987,flat,0.5,0.4688,36,0.3306,connected,0,0,864,5,233,0.91015625,0.91015625,233,10,239,407,1,1,477,559,500,582,699,477,538,7,3832,234.4416667,0.6064814815,0.6064814815,1,920,-1,0,1,0,1,1,1,1,1,0.8571428571,0.8571428571,0.8571428571,70,0,864
910000441,91000220,1,fine_step_primary,5701001,scale_2,intermediate_posture,seg_detect_backup,workstation,86,256,1313,basic,0.5,0.4688,18,0.6316,isolated,0,1,864,5,1,0.00390625,0.00390625,1,1,0,1,0,0,24,48,24,24,24,24,0,6,168,11,0.03431372549,0.03431372549,0,1176,121,1,1,1,1,1,1,1,1,1,1,1,0,1,329
910000442,91000221,1,fine_step_primary,5701002,scale_2,intermediate_posture,baseline_flat,internet_facing,259,269,2096,flat,0.5,0.4721,36,0.3306,connected,0,0,864,5,244,0.907063197,0.907063197,244,10,248,576,1,1,632,680,649,738,852,624,706,7,4881,300.225,0.7750204248,0.7750204248,1,724,758,1,1,1,1,1,0,1,1,0.8571428571,0.8571428571,0.8571428571,74,0,864
910000443,91000221,1,fine_step_primary,5701002,scale_2,intermediate_posture,seg_detect_backup,internet_facing,259,269,1401,basic,0.5,0.4721,18,0.6316,isolated,0,1,864,5,2,0.007434944238,0.007434944238,2,2,1,18,0,0,0,0,0,0,0,0,0,0,0,0,0,0,0,96,0,1,1,1,1,1,1,1,1,1,1,1,0,1,56
910000444,91000222,1,fine_step_primary,5701003,scale_2,intermediate_posture,baseline_flat,privileged_system,248,297,2280,flat,0.5,0.4815,36,0.3306,connected,0,0,864,5,269,0.9057239057,0.9057239057,269,10,280,263,1,1,312,366,358,419,545,312,393,7,2705,162.9083333,0.4154071351,0.4154071351,1,1710,504,1,1,1,1,1,1,1,1,1,1,1,77,0,864
910000445,91000222,1,fine_step_primary,5701003,scale_2,intermediate_posture,seg_detect_backup,privileged_system,248,297,1518,basic,0.5,0.4815,18,0.6316,isolated,0,1,864,5,124,0.4175084175,0.4175084175,124,9,123,323,0,1,303,311,325,316,346,303,0,6,1904,123.05,0.3627110566,0.3627110566,1,1200,352,1,1,1,1,1,1,1,1,1,1,1,0,1,395
910000446,91000223,1,fine_step_primary,5701004,scale_2,intermediate_posture,baseline_flat,medical_device,215,289,2400,flat,0.5,0.4464,36,0.3306,connected,0,0,864,5,1,0.003460207612,0.003460207612,1,1,0,4,0,0,48,24,24,24,24,24,0,6,168,11.4,0.03594771242,0.03594771242,0,3986,688,1,1,1,1,1,1,1,1,1,1,1,0,1,864
910000447,91000223,1,fine_step_primary,5701004,scale_2,intermediate_posture,seg_detect_backup,medical_device,215,289,1551,basic,0.5,0.4464,18,0.6316,isolated,0,1,864,5,1,0.003460207612,0.003460207612,1,1,0,3,0,0,48,24,24,24,24,24,0,6,168,11.4,0.03594771242,0.03594771242,0,3986,688,1,1,1,1,1,1,1,1,1,1,1,0,1,864
910000448,91000224,1,fine_step_primary,5701005,scale_2,intermediate_posture,baseline_flat,vendor_connection,230,231,1802,flat,0.5,0.5498,36,0.3306,connected,0,0,864,5,209,0.9047619048,0.9047619048,209,10,211,331,1,1,432,497,449,531,631,425,478,7,3443,210.5916667,0.5465005447,0.5465005447,1,1453,667,1,1,1,1,1,1,1,1,1,1,1,62,0,864
910000449,91000224,1,fine_step_primary,5701005,scale_2,intermediate_posture,seg_detect_backup,vendor_connection,230,231,1174,basic,0.5,0.5498,18,0.6316,isolated,0,1,864,5,1,0.004329004329,0.004329004329,1,1,0,1,0,0,0,0,0,0,0,0,0,0,0,0,0,0,0,864,0,1,1,1,1,1,1,1,1,1,1,1,0,1,220
910000450,91000225,1,fine_step_primary,5701001,scale_2,intermediate_posture,baseline_flat,workstation,84,248,2005,flat,0.5,0.4355,36,0.3306,connected,0,0,864,5,222,0.8951612903,0.8951612903,222,10,226,353,1,1,408,461,433,567,639,405,484,7,3397,206.1583333,0.532203159,0.532203159,1,1341,792,1,1,1,1,1,1,1,1,1,1,1,74,0,864
910000451,91000225,1,fine_step_primary,5701001,scale_2,intermediate_posture,seg_detect_backup,workstation,84,248,1289,basic,0.5,0.4355,18,0.6316,isolated,0,1,864,5,1,0.004032258065,0.004032258065,1,1,0,4,0,0,0,0,0,0,0,0,0,0,0,0,0,0,0,456,0,1,1,1,1,1,1,1,1,1,1,1,0,1,163
910000452,91000226,1,fine_step_primary,5701002,scale_2,intermediate_posture,baseline_flat,internet_facing,253,256,2023,flat,0.5,0.4688,36,0.3306,connected,0,0,864,5,231,0.90234375,0.90234375,231,10,234,363,1,1,422,478,444,570,670,418,502,7,3504,212.3666667,0.5456835512,0.5456835512,1,1166,-1,0,1,1,1,0,1,1,1,0.8571428571,0.8571428571,0.8571428571,71,0,864
910000453,91000226,1,fine_step_primary,5701002,scale_2,intermediate_posture,seg_detect_backup,internet_facing,253,256,1327,basic,0.5,0.4688,18,0.6316,isolated,0,1,864,5,1,0.00390625,0.00390625,1,1,0,1,0,0,0,0,0,0,0,0,0,0,0,0,0,0,0,0,0,1,1,1,1,1,1,1,1,1,1,1,0,1,7
910000454,91000227,1,fine_step_primary,5701003,scale_2,intermediate_posture,baseline_flat,privileged_system,246,292,2254,flat,0.5,0.4863,36,0.3306,connected,0,0,864,5,264,0.904109589,0.904109589,264,10,268,477,1,1,522,606,541,625,764,520,612,7,4190,256,0.6574074074,0.6574074074,1,1184,820,1,1,1,1,1,1,1,1,1,1,1,78,0,864
910000455,91000227,1,fine_step_primary,5701003,scale_2,intermediate_posture,seg_detect_backup,privileged_system,246,292,1495,basic,0.5,0.4863,18,0.6316,isolated,0,1,864,5,2,0.006849315068,0.006849315068,2,2,1,12,0,0,0,24,0,0,24,0,24,3,72,3.6,0.006535947712,0.006535947712,0,4208,820,1,1,1,1,1,1,1,1,1,1,1,0,1,864
910000456,91000228,1,fine_step_primary,5701004,scale_2,intermediate_posture,baseline_flat,medical_device,140,202,1583,flat,0.5,0.4901,36,0.3306,connected,0,0,864,5,183,0.9059405941,0.9059405941,183,10,186,346,1,1,409,462,417,503,631,384,469,7,3275,198.7833333,0.5126633987,0.5126633987,1,936,533,1,1,1,1,1,1,1,1,1,1,1,56,0,864
910000457,91000228,1,fine_step_primary,5701004,scale_2,intermediate_posture,seg_detect_backup,medical_device,140,202,1044,basic,0.5,0.4901,18,0.6316,isolated,0,1,864,5,10,0.0495049505,0.0495049505,10,2,9,102,0,0,0,0,0,0,0,0,0,0,0,0,0,0,0,264,0,1,1,1,1,1,1,1,1,1,1,1,0,1,131
910000458,91000229,1,fine_step_primary,5701005,scale_2,intermediate_posture,baseline_flat,vendor_connection,248,249,2013,flat,0.5,0.4378,36,0.3306,connected,0,0,864,5,234,0.9397590361,0.9397590361,234,10,239,418,1,1,521,557,526,610,738,497,584,7,4033,246.6583333,0.6355528322,0.6355528322,1,770,746,1,1,1,1,1,1,1,1,1,1,1,74,0,864
910000459,91000229,1,fine_step_primary,5701005,scale_2,intermediate_posture,seg_detect_backup,vendor_connection,248,249,1300,basic,0.5,0.4378,18,0.6316,isolated,0,1,864,5,108,0.4337349398,0.4337349398,108,9,108,251,0,1,266,274,266,279,297,266,0,6,1648,106.5083333,0.3131467865,0.3131467865,1,1008,285,1,1,1,1,1,1,1,1,1,1,1,0,1,387
910000460,91000230,1,fine_step_primary,5701001,scale_2,intermediate_posture,baseline_flat,workstation,50,217,1706,flat,0.5,0.4286,36,0.3306,connected,0,0,864,5,195,0.8986175115,0.8986175115,195,10,195,358,1,1,415,468,444,550,645,415,493,7,3430,208.4416667,0.5358115468,0.5358115468,1,988,-1,0,1,1,0,1,1,1,1,0.8571428571,0.8571428571,0.8571428571,64,0,864
910000461,91000230,1,fine_step_primary,5701001,scale_2,intermediate_posture,seg_detect_backup,workstation,50,217,1112,basic,0.5,0.4286,18,0.6316,isolated,0,1,864,5,57,0.2626728111,0.2626728111,57,8,56,143,0,1,139,148,142,139,156,139,0,6,863,55.83333333,0.1642497277,0.1642497277,1,768,171,1,1,1,1,1,1,1,1,1,1,1,0,1,245
910000462,91000231,1,fine_step_primary,5701002,scale_2,intermediate_posture,baseline_flat,internet_facing,271,277,2208,flat,0.5,0.4477,36,0.3306,connected,0,0,864,5,240,0.8664259928,0.8664259928,240,10,252,299,1,1,343,400,371,446,575,338,418,7,2891,174.5083333,0.4456358932,0.4456358932,1,1799,473,1,1,1,1,1,1,1,1,1,1,1,74,0,864
910000463,91000231,1,fine_step_primary,5701002,scale_2,intermediate_posture,seg_detect_backup,internet_facing,271,277,1446,basic,0.5,0.4477,18,0.6316,isolated,0,1,864,5,7,0.02527075812,0.02527075812,7,3,6,43,0,1,0,0,0,24,24,0,0,2,48,2.2,0.005718954248,0.005718954248,0,3096,435,1,1,1,1,1,1,1,1,1,1,1,0,1,727
910000464,91000232,1,fine_step_primary,5701003,scale_2,intermediate_posture,baseline_flat,privileged_system,242,279,2193,flat,0.5,0.4659,36,0.3306,connected,0,0,864,5,250,0.8960573477,0.8960573477,250,10,255,342,1,1,402,434,428,488,583,378,431,7,3144,192.3333333,0.5024509804,0.5024509804,1,1608,840,1,1,1,1,1,1,1,1,1,1,1,77,0,864
910000465,91000232,1,fine_step_primary,5701003,scale_2,intermediate_posture,seg_detect_backup,privileged_system,242,279,1449,basic,0.5,0.4659,18,0.6316,isolated,0,1,864,5,102,0.3655913978,0.3655913978,102,9,101,277,0,1,188,165,168,140,174,140,0,6,975,63.73333333,0.1937636166,0.1937636166,1,3936,840,1,1,1,1,1,1,1,1,1,1,1,0,1,849
910000466,91000233,1,fine_step_primary,5701004,scale_2,intermediate_posture,baseline_flat,medical_device,152,210,1643,flat,0.5,0.4905,36,0.3306,connected,0,0,864,5,194,0.9238095238,0.9238095238,194,10,194,399,1,1,457,508,482,559,688,457,534,7,3685,224.6166667,0.5747889434,0.5747889434,1,576,584,1,1,1,1,1,1,1,1,1,1,1,59,0,864
910000467,91000233,1,fine_step_primary,5701004,scale_2,intermediate_posture,seg_detect_backup,medical_device,152,210,1079,basic,0.5,0.4905,18,0.6316,isolated,0,1,864,5,6,0.02857142857,0.02857142857,6,2,5,46,0,0,0,0,0,0,0,0,0,0,0,0,0,0,0,432,0,1,1,1,1,1,1,1,1,1,1,1,0,1,159
910000468,91000234,1,fine_step_primary,5701005,scale_2,intermediate_posture,baseline_flat,vendor_connection,255,256,2055,flat,0.5,0.5039,36,0.3306,connected,0,0,864,5,227,0.88671875,0.88671875,227,10,234,308,1,1,397,427,399,484,603,373,472,7,3155,191.3833333,0.4890046296,0.4890046296,1,970,695,1,1,1,1,1,1,1,1,1,1,1,72,0,864
910000469,91000234,1,fine_step_primary,5701005,scale_2,intermediate_posture,seg_detect_backup,vendor_connection,255,256,1333,basic,0.5,0.5039,18,0.6316,isolated,0,1,864,5,12,0.046875,0.046875,12,3,11,84,0,1,91,83,107,83,83,83,0,6,530,34.975,0.1061410675,0.1061410675,1,600,163,1,1,1,1,1,1,1,1,1,1,1,0,1,232
910000470,91000235,1,fine_step_primary,5701001,scale_2,intermediate_posture,baseline_flat,workstation,54,211,1626,flat,0.5,0.4692,36,0.3306,connected,0,0,864,5,188,0.8909952607,0.8909952607,188,10,194,272,1,1,349,411,373,434,546,349,376,7,2838,172.95,0.4484272876,0.4484272876,1,1846,827,1,1,1,1,1,1,1,1,1,1,1,57,0,864
910000471,91000235,1,fine_step_primary,5701001,scale_2,intermediate_posture,seg_detect_backup,workstation,54,211,1065,basic,0.5,0.4692,18,0.6316,isolated,0,1,864,5,1,0.004739336493,0.004739336493,1,1,0,5,0,0,0,0,0,0,0,0,0,0,0,0,0,0,0,0,0,1,1,1,1,1,1,1,1,1,1,1,0,1,11
910000472,91000236,1,fine_step_primary,5701002,scale_2,intermediate_posture,baseline_flat,internet_facing,227,232,1802,flat,0.5,0.4009,36,0.3306,connected,0,0,864,5,213,0.9181034483,0.9181034483,213,10,224,286,1,1,362,395,366,449,563,362,420,7,2917,177.0583333,0.4499251089,0.4499251089,1,1432,470,1,1,1,1,1,1,1,1,1,1,1,64,0,864
910000473,91000236,1,fine_step_primary,5701002,scale_2,intermediate_posture,seg_detect_backup,internet_facing,227,232,1183,basic,0.5,0.4009,18,0.6316,isolated,0,1,864,5,3,0.01293103448,0.01293103448,3,2,2,47,0,0,0,0,0,0,24,0,24,2,48,2,0,0,0,504,0,1,1,1,1,1,1,1,1,1,1,1,0,1,150
910000474,91000237,1,fine_step_primary,5701003,scale_2,intermediate_posture,baseline_flat,privileged_system,194,234,1781,flat,0.5,0.4701,36,0.3306,connected,0,0,864,5,205,0.8760683761,0.8760683761,205,10,208,307,1,1,397,428,402,479,597,397,484,7,3184,193.5833333,0.4890046296,0.4890046296,1,1150,489,1,1,1,1,1,1,1,1,1,1,1,65,0,864
910000475,91000237,1,fine_step_primary,5701003,scale_2,intermediate_posture,seg_detect_backup,privileged_system,194,234,1180,basic,0.5,0.4701,18,0.6316,isolated,0,1,864,5,122,0.5213675214,0.5213675214,122,9,122,269,0,1,299,305,299,310,331,299,48,7,1891,121.6166667,0.3503199891,0.3503199891,1,1392,407,1,1,1,1,1,1,1,1,1,1,1,0,1,571
910000476,91000238,1,fine_step_primary,5701004,scale_2,intermediate_posture,baseline_flat,medical_device,167,260,2102,flat,0.5,0.4308,36,0.3306,connected,0,0,864,5,239,0.9192307692,0.9192307692,239,10,248,326,1,1,376,432,402,498,646,370,458,7,3182,191.5166667,0.4874727669,0.4874727669,1,1370,518,1,1,1,1,1,1,1,1,1,1,1,76,0,864
910000477,91000238,1,fine_step_primary,5701004,scale_2,intermediate_posture,seg_detect_backup,medical_device,167,260,1370,basic,0.5,0.4308,18,0.6316,isolated,0,1,864,5,1,0.003846153846,0.003846153846,1,1,0,12,0,0,24,24,24,24,39,24,0,6,159,9.9,0.02777777778,0.02777777778,0,1848,99,1,1,1,1,1,1,1,1,1,1,1,0,1,457
910000478,91000239,1,fine_step_primary,5701005,scale_2,intermediate_posture,baseline_flat,vendor_connection,225,226,1796,flat,0.5,0.4912,36,0.3306,connected,0,0,864,5,204,0.9026548673,0.9026548673,204,10,205,304,1,1,376,424,397,487,591,368,447,7,3090,187.4333333,0.4811410675,0.4811410675,1,1186,493,1,1,1,1,1,1,1,1,1,1,1,63,0,864
910000479,91000239,1,fine_step_primary,5701005,scale_2,intermediate_posture,seg_detect_backup,vendor_connection,225,226,1173,basic,0.5,0.4912,18,0.6316,isolated,0,1,864,5,3,0.01327433628,0.01327433628,3,2,2,19,0,0,0,0,0,0,0,0,0,0,0,0,0,0,0,264,0,1,1,1,1,1,1,1,1,1,1,1,0,1,101
910000480,91000240,1,fine_step_primary,5701001,scale_2,intermediate_posture,baseline_flat,workstation,65,249,1978,flat,0.5,0.4498,36,0.3306,connected,0,0,864,5,230,0.9236947791,0.9236947791,230,10,236,642,1,1,694,761,730,803,837,694,784,7,5303,329.3083333,0.8584899237,0.8584899237,1,755,831,1,1,1,1,1,0,1,1,0.8571428571,0.8571428571,0.8571428571,71,0,864
910000481,91000240,1,fine_step_primary,5701001,scale_2,intermediate_posture,seg_detect_backup,workstation,65,249,1293,basic,0.5,0.4498,18,0.6316,isolated,0,1,864,5,5,0.02008032129,0.02008032129,5,2,4,31,0,0,0,0,0,24,0,0,0,1,24,1.4,0.005718954248,0.005718954248,0,1680,151,1,1,1,1,1,1,1,1,1,1,1,0,1,416
910000482,91000241,1,fine_step_primary,5701002,scale_2,intermediate_posture,baseline_flat,internet_facing,245,248,1876,flat,0.5,0.4395,36,0.3306,connected,0,0,864,5,227,0.9153225806,0.9153225806,227,10,234,333,1,1,384,458,429,486,603,384,458,7,3202,194.8583333,0.5026892702,0.5026892702,1,1269,740,1,1,1,1,1,1,1,1,1,1,1,66,0,864
910000483,91000241,1,fine_step_primary,5701002,scale_2,intermediate_posture,seg_detect_backup,internet_facing,245,248,1246,basic,0.5,0.4395,18,0.6316,isolated,0,1,864,5,15,0.06048387097,0.06048387097,15,6,14,133,0,1,24,20,0,0,0,0,0,2,44,3.333333333,0.01361655773,0.01361655773,0,528,90,1,1,1,1,1,1,1,1,1,1,1,0,1,148
910000484,91000242,1,fine_step_primary,5701003,scale_2,intermediate_posture,baseline_flat,privileged_system,189,232,1817,flat,0.5,0.4741,36,0.3306,connected,0,0,864,5,206,0.8879310345,0.8879310345,206,10,214,513,1,1,580,637,609,692,827,580,659,7,4584,280.8583333,0.7223924292,0.7223924292,1,777,705,1,1,1,1,1,1,1,1,1,1,1,66,0,864
910000485,91000242,1,fine_step_primary,5701003,scale_2,intermediate_posture,seg_detect_backup,privileged_system,189,232,1202,basic,0.5,0.4741,18,0.6316,isolated,0,1,864,5,120,0.5172413793,0.5172413793,120,9,119,318,0,1,298,305,324,336,372,298,0,6,1933,123.8166667,0.3638344227,0.3638344227,1,2919,619,1,1,1,1,1,1,1,1,1,1,1,0,1,864
910000486,91000243,1,fine_step_primary,5701004,scale_2,intermediate_posture,baseline_flat,medical_device,132,208,1658,flat,0.5,0.5048,36,0.3306,connected,0,0,864,5,182,0.875,0.875,182,10,188,333,1,1,415,430,431,492,633,356,463,7,3220,195.225,0.5076593137,0.5076593137,1,1088,-1,0,0,1,0,1,1,1,1,0.7142857143,0.7142857143,0.7142857143,60,0,864
910000487,91000243,1,fine_step_primary,5701004,scale_2,intermediate_posture,seg_detect_backup,medical_device,132,208,1074,basic,0.5,0.5048,18,0.6316,isolated,0,1,864,5,3,0.01442307692,0.01442307692,3,1,2,31,0,0,0,0,0,0,24,0,0,1,24,0.8,0,0,0,144,0,1,1,1,1,1,1,1,1,1,1,1,0,1,61
910000488,91000244,1,fine_step_primary,5701005,scale_2,intermediate_posture,baseline_flat,vendor_connection,225,226,1727,flat,0.5,0.469,36,0.3306,connected,0,0,864,5,199,0.8805309735,0.8805309735,199,10,204,272,1,1,340,399,376,430,552,337,399,7,2833,171.8416667,0.4420615468,0.4420615468,1,1585,445,1,1,1,1,1,1,1,1,1,1,1,61,0,864
910000489,91000244,1,fine_step_primary,5701005,scale_2,intermediate_posture,seg_detect_backup,vendor_connection,225,226,1145,basic,0.5,0.469,18,0.6316,isolated,0,1,864,5,13,0.05752212389,0.05752212389,13,4,12,176,0,0,24,0,0,162,24,0,0,3,210,12.25,0.04677287582,0.04677287582,1,1104,184,1,1,1,1,1,1,1,1,1,1,1,0,1,290
910000490,91000245,1,fine_step_primary,5701001,scale_2,intermediate_posture,baseline_flat,workstation,83,258,2056,flat,0.5,0.4612,36,0.3306,connected,0,0,864,5,1,0.003875968992,0.003875968992,1,1,0,12,0,0,0,0,0,24,0,0,0,1,24,1.4,0.005718954248,0.005718954248,0,1920,247,1,1,1,1,1,1,1,1,1,1,1,0,1,501
910000491,91000245,1,fine_step_primary,5701001,scale_2,intermediate_posture,seg_detect_backup,workstation,83,258,1337,basic,0.5,0.4612,18,0.6316,isolated,0,1,864,5,1,0.003875968992,0.003875968992,1,1,0,8,0,0,0,0,0,0,0,0,0,0,0,0,0,0,0,0,0,1,1,1,1,1,1,1,1,1,1,1,0,1,14
910000492,91000246,1,fine_step_primary,5701002,scale_2,intermediate_posture,baseline_flat,internet_facing,198,201,1592,flat,0.5,0.4627,36,0.3306,connected,0,0,864,5,187,0.9303482587,0.9303482587,187,10,192,424,1,1,489,543,516,594,746,489,581,7,3958,240.8916667,0.6139705882,0.6139705882,1,954,615,1,1,1,1,1,1,1,1,1,1,1,57,0,864
910000493,91000246,1,fine_step_primary,5701002,scale_2,intermediate_posture,seg_detect_backup,internet_facing,198,201,1039,basic,0.5,0.4627,18,0.6316,isolated,0,1,864,5,1,0.004975124378,0.004975124378,1,1,0,17,0,0,0,0,0,0,0,0,0,0,0,0,0,0,0,144,0,1,1,1,1,1,1,1,1,1,1,1,0,1,71
910000494,91000247,1,fine_step_primary,5701003,scale_2,intermediate_posture,baseline_flat,privileged_system,0,257,1984,flat,0.5,0.4514,36,0.3306,connected,0,0,864,5,226,0.8793774319,0.8793774319,226,10,231,358,1,1,410,482,454,512,632,410,503,7,3403,207.1833333,0.5319308279,0.5319308279,1,1294,693,1,1,1,1,1,1,1,1,1,1,1,69,0,864
910000495,91000247,1,fine_step_primary,5701003,scale_2,intermediate_posture,seg_detect_backup,privileged_system,0,257,1312,basic,0.5,0.4514,18,0.6316,isolated,0,1,864,5,117,0.4552529183,0.4552529183,117,9,117,232,0,1,216,216,243,224,256,216,0,6,1371,88.425,0.2601783769,0.2601783769,1,1392,257,1,1,1,1,1,1,1,1,1,1,1,0,1,409
910000496,91000248,1,fine_step_primary,5701004,scale_2,intermediate_posture,baseline_flat,medical_device,196,279,2151,flat,0.5,0.4337,36,0.3306,connected,0,0,864,5,249,0.8924731183,0.8924731183,249,10,254,431,1,1,479,531,505,585,701,479,547,7,3827,233.9583333,0.6017837691,0.6017837691,1,1300,611,1,1,1,1,1,1,1,1,1,1,1,75,0,864
910000497,91000248,1,fine_step_primary,5701004,scale_2,intermediate_posture,seg_detect_backup,medical_device,196,279,1423,basic,0.5,0.4337,18,0.6316,isolated,0,1,864,5,4,0.01433691756,0.01433691756,4,2,3,22,0,0,0,0,0,0,0,0,0,0,0,0,0,0,0,2736,0,1,1,1,1,1,1,1,1,1,1,1,0,1,694
910000498,91000249,1,fine_step_primary,5701005,scale_2,intermediate_posture,baseline_flat,vendor_connection,212,213,1668,flat,0.5,0.5211,36,0.3306,connected,0,0,864,5,184,0.8638497653,0.8638497653,184,10,186,226,1,1,305,356,307,388,507,279,363,7,2505,150.7833333,0.3872889434,0.3872889434,1,2041,837,1,1,1,1,1,1,1,1,1,1,1,58,0,864
910000499,91000249,1,fine_step_primary,5701005,scale_2,intermediate_posture,seg_detect_backup,vendor_connection,212,213,1087,basic,0.5,0.5211,18,0.6316,isolated,0,1,864,5,80,0.3755868545,0.3755868545,80,9,80,195,0,1,178,183,178,189,201,176,48,7,1153,73.70833333,0.2100013617,0.2100013617,1,1224,223,1,1,1,1,1,1,1,1,1,1,1,0,1,405
910000500,91000250,1,fine_step_primary,5701001,scale_2,intermediate_posture,baseline_flat,workstation,61,202,1569,flat,0.5,0.4554,36,0.3306,connected,0,0,864,5,1,0.00495049505,0.00495049505,1,1,0,5,0,0,24,48,24,24,24,24,0,6,168,11,0.03431372549,0.03431372549,0,600,102,1,1,1,1,1,1,1,1,1,1,1,0,1,185
910000501,91000250,1,fine_step_primary,5701001,scale_2,intermediate_posture,seg_detect_backup,workstation,61,202,1040,basic,0.5,0.4554,18,0.6316,isolated,0,1,864,5,1,0.00495049505,0.00495049505,1,1,0,3,0,0,24,48,24,24,24,24,0,6,168,11,0.03431372549,0.03431372549,0,600,102,1,1,1,1,1,1,1,1,1,1,1,0,1,185
910000502,91000251,1,fine_step_primary,5701002,scale_2,intermediate_posture,baseline_flat,internet_facing,200,205,1681,flat,0.5,0.5024,36,0.3306,connected,0,0,864,5,185,0.9024390244,0.9024390244,185,10,192,279,1,1,400,432,424,515,611,376,428,7,3186,193.9416667,0.5064338235,0.5064338235,1,1290,730,1,1,1,1,1,1,1,1,1,1,1,61,0,864
910000503,91000251,1,fine_step_primary,5701002,scale_2,intermediate_posture,seg_detect_backup,internet_facing,200,205,1079,basic,0.5,0.5024,18,0.6316,isolated,0,1,864,5,4,0.01951219512,0.01951219512,4,1,3,26,0,0,48,24,48,72,72,24,24,7,312,18.8,0.05473856209,0.05473856209,0,2664,730,1,1,1,1,1,1,1,1,1,1,1,0,1,773
910000504,91000252,1,fine_step_primary,5701003,scale_2,intermediate_posture,baseline_flat,privileged_system,263,269,2076,flat,0.5,0.4535,36,0.3306,connected,0,0,864,5,234,0.8698884758,0.8698884758,234,10,244,376,1,1,428,480,454,537,648,427,504,7,3478,211.8666667,0.5434708606,0.5434708606,1,1125,558,1,1,1,1,1,1,1,1,1,1,1,74,0,864
910000505,91000252,1,fine_step_primary,5701003,scale_2,intermediate_posture,seg_detect_backup,privileged_system,263,269,1382,basic,0.5,0.4535,18,0.6316,isolated,0,1,864,5,2,0.007434944238,0.007434944238,2,1,1,8,0,0,0,0,0,0,0,0,0,0,0,0,0,0,0,192,0,1,1,1,1,1,1,1,1,1,1,1,0,1,82
910000506,91000253,1,fine_step_primary,5701004,scale_2,intermediate_posture,baseline_flat,medical_device,153,216,1721,flat,0.5,0.4352,36,0.3306,connected,0,0,864,5,195,0.9027777778,0.9027777778,195,10,197,437,1,1,502,561,530,611,727,502,574,7,4007,245.2083333,0.6316380719,0.6316380719,1,838,629,1,1,1,1,1,1,1,1,1,1,1,63,0,864
910000507,91000253,1,fine_step_primary,5701004,scale_2,intermediate_posture,seg_detect_backup,medical_device,153,216,1111,basic,0.5,0.4352,18,0.6316,isolated,0,1,864,5,5,0.02314814815,0.02314814815,5,2,4,90,0,0,0,48,0,24,0,0,24,3,96,5.8,0.01879084967,0.01879084967,0,936,208,1,1,1,1,1,1,1,1,1,1,1,0,1,289
910000508,91000254,1,fine_step_primary,5701005,scale_2,intermediate_posture,baseline_flat,vendor_connection,225,226,1813,flat,0.5,0.4602,36,0.3306,connected,0,0,864,5,205,0.907079646,0.907079646,205,10,214,397,1,1,484,516,504,572,716,456,570,7,3818,232.4666667,0.595996732,0.595996732,1,1139,588,1,1,1,1,1,1,1,1,1,1,1,65,0,864
910000509,91000254,1,fine_step_primary,5701005,scale_2,intermediate_posture,seg_detect_backup,vendor_connection,225,226,1173,basic,0.5,0.4602,18,0.6316,isolated,0,1,864,5,92,0.407079646,0.407079646,92,9,91,224,0,1,209,217,209,223,232,209,0,6,1299,83.975,0.247412854,0.247412854,1,840,253,1,1,1,1,1,1,1,1,1,1,1,0,1,313
910000510,91000255,1,fine_step_primary,5701001,scale_2,intermediate_posture,baseline_flat,workstation,48,226,1744,flat,0.5,0.4735,36,0.3306,connected,0,0,864,5,204,0.9026548673,0.9026548673,204,10,208,308,1,1,356,409,408,468,586,355,450,7,3032,183.4916667,0.4690904139,0.4690904139,1,1407,491,1,1,1,1,1,1,1,1,1,1,1,62,0,864
910000511,91000255,1,fine_step_primary,5701001,scale_2,intermediate_posture,seg_detect_backup,workstation,48,226,1139,basic,0.5,0.4735,18,0.6316,isolated,0,1,864,5,92,0.407079646,0.407079646,92,9,92,212,0,1,194,203,218,207,226,194,24,7,1266,81.40833333,0.2374387255,0.2374387255,1,1848,237,1,1,1,1,1,1,1,1,1,1,1,0,1,571
910000512,91000256,1,fine_step_primary,5701002,scale_2,intermediate_posture,baseline_flat,internet_facing,194,202,1561,flat,0.5,0.396,36,0.3306,connected,0,0,864,5,1,0.00495049505,0.00495049505,1,1,0,5,0,0,0,0,0,0,0,0,0,0,0,0,0,0,0,168,0,1,1,1,1,1,1,1,1,1,1,1,0,1,86
910000513,91000256,1,fine_step_primary,5701002,scale_2,intermediate_posture,seg_detect_backup,internet_facing,194,202,1026,basic,0.5,0.396,18,0.6316,isolated,0,1,864,5,1,0.00495049505,0.00495049505,1,1,0,4,0,0,0,0,0,0,0,0,0,0,0,0,0,0,0,168,0,1,1,1,1,1,1,1,1,1,1,1,0,1,86
910000514,91000257,1,fine_step_primary,5701003,scale_2,intermediate_posture,baseline_flat,privileged_system,155,200,1580,flat,0.5,0.425,36,0.3306,connected,0,0,864,5,185,0.925,0.925,185,10,189,342,1,1,389,439,409,494,653,385,468,7,3237,195.2166667,0.494995915,0.494995915,1,876,527,1,1,1,1,1,0,1,1,0.8571428571,0.8571428571,0.8571428571,55,0,864
910000515,91000257,1,fine_step_primary,5701003,scale_2,intermediate_posture,seg_detect_backup,privileged_system,155,200,1030,basic,0.5,0.425,18,0.6316,isolated,0,1,864,5,9,0.045,0.045,9,4,8,82,0,1,0,0,0,24,72,0,0,2,96,3.8,0.005718954248,0.005718954248,0,2208,357,1,1,1,1,1,1,1,1,1,1,1,0,1,759
910000516,91000258,1,fine_step_primary,5701004,scale_2,intermediate_posture,baseline_flat,medical_device,162,233,1771,flat,0.5,0.4678,36,0.3306,connected,0,0,864,5,1,0.004291845494,0.004291845494,1,1,0,3,0,0,0,0,0,0,0,0,0,0,0,0,0,0,0,0,0,1,1,1,1,1,1,1,1,1,1,1,0,1,9
910000517,91000258,1,fine_step_primary,5701004,scale_2,intermediate_posture,seg_detect_backup,medical_device,162,233,1184,basic,0.5,0.4678,18,0.6316,isolated,0,1,864,5,1,0.004291845494,0.004291845494,1,1,0,2,0,0,0,0,0,0,0,0,0,0,0,0,0,0,0,0,0,1,1,1,1,1,1,1,1,1,1,1,0,1,8
910000518,91000259,1,fine_step_primary,5701005,scale_2,intermediate_posture,baseline_flat,vendor_connection,214,215,1711,flat,0.5,0.4791,36,0.3306,connected,0,0,864,5,190,0.8837209302,0.8837209302,190,10,194,422,1,1,482,546,518,602,731,482,558,7,3919,238.95,0.6149237473,0.6149237473,1,861,612,1,1,1,1,1,1,1,1,1,1,1,62,0,864
910000519,91000259,1,fine_step_primary,5701005,scale_2,intermediate_posture,seg_detect_backup,vendor_connection,214,215,1117,basic,0.5,0.4791,18,0.6316,isolated,0,1,864,5,139,0.6465116279,0.6465116279,139,9,140,267,0,1,270,282,276,296,319,270,0,6,1713,110.15,0.3238017429,0.3238017429,1,936,306,1,1,1,1,1,1,1,1,1,1,1,0,1,478
910000520,91000260,1,fine_step_primary,5701001,scale_2,intermediate_posture,baseline_flat,workstation,58,252,1957,flat,0.5,0.4841,36,0.3306,connected,0,0,864,5,230,0.9126984127,0.9126984127,230,10,236,370,1,1,490,490,472,545,666,442,514,7,3619,221.7416667,0.5747208606,0.5747208606,1,937,837,1,1,1,1,1,1,1,1,1,1,1,69,0,864
910000521,91000260,1,fine_step_primary,5701001,scale_2,intermediate_posture,seg_detect_backup,workstation,58,252,1290,basic,0.5,0.4841,18,0.6316,isolated,0,1,864,5,119,0.4722222222,0.4722222222,119,9,119,213,0,1,162,198,66,62,42,42,48,7,620,42.21666667,0.1440631808,0.1440631808,1,2520,531,1,1,1,1,1,1,1,1,1,1,1,0,1,669
910000522,91000261,1,fine_step_primary,5701002,scale_2,intermediate_posture,baseline_flat,internet_facing,211,219,1725,flat,0.5,0.4521,36,0.3306,connected,0,0,864,5,192,0.8767123288,0.8767123288,192,10,196,313,1,1,420,440,405,508,603,385,441,7,3202,195.3666667,0.5079316449,0.5079316449,1,1345,-1,0,1,1,1,0,1,1,1,0.8571428571,0.8571428571,0.8571428571,58,0,864
910000523,91000261,1,fine_step_primary,5701002,scale_2,intermediate_posture,seg_detect_backup,internet_facing,211,219,1129,basic,0.5,0.4521,18,0.6316,isolated,0,1,864,5,64,0.2922374429,0.2922374429,64,9,63,145,0,1,99,104,99,118,119,99,0,6,638,40.88333333,0.1204724946,0.1204724946,1,984,175,1,1,1,1,1,1,1,1,1,1,1,0,1,361
910000524,91000262,1,fine_step_primary,5701003,scale_2,intermediate_posture,baseline_flat,privileged_system,237,288,2322,flat,0.5,0.4375,36,0.3306,connected,0,0,864,5,269,0.9340277778,0.9340277778,269,10,278,370,1,1,448,509,478,547,675,448,524,7,3629,221.325,0.5679125817,0.5679125817,1,1324,565,1,1,1,1,1,1,1,1,1,1,1,84,0,864
910000525,91000262,1,fine_step_primary,5701003,scale_2,intermediate_posture,seg_detect_backup,privileged_system,237,288,1511,basic,0.5,0.4375,18,0.6316,isolated,0,1,864,5,139,0.4826388889,0.4826388889,139,9,138,220,0,1,201,204,204,208,271,194,0,6,1282,81.36666667,0.2360430283,0.2360430283,1,3820,527,1,1,1,1,1,1,1,1,1,1,1,0,1,864
910000526,91000263,1,fine_step_primary,5701004,scale_2,intermediate_posture,baseline_flat,medical_device,185,280,2264,flat,0.5,0.4464,36,0.3306,connected,0,0,864,5,262,0.9357142857,0.9357142857,262,10,268,384,1,1,479,533,501,583,689,475,530,7,3790,232.125,0.6006263617,0.6006263617,1,1053,596,1,1,1,1,1,1,1,1,1,1,1,84,0,864
910000527,91000263,1,fine_step_primary,5701004,scale_2,intermediate_posture,seg_detect_backup,medical_device,185,280,1476,basic,0.5,0.4464,18,0.6316,isolated,0,1,864,5,152,0.5428571429,0.5428571429,152,9,152,320,0,1,322,332,327,336,360,322,24,7,2023,130.4416667,0.3802764161,0.3802764161,1,2400,596,1,1,1,1,1,1,1,1,1,1,1,0,1,698
910000528,91000264,1,fine_step_primary,5701005,scale_2,intermediate_posture,baseline_flat,vendor_connection,272,273,2083,flat,0.5,0.5055,36,0.3306,connected,0,0,864,5,247,0.9047619048,0.9047619048,247,10,252,489,1,1,540,601,559,632,755,535,601,7,4223,259.2,0.6693559368,0.6693559368,1,1013,-1,0,1,0,1,1,1,1,1,0.8571428571,0.8571428571,0.8571428571,71,0,864
910000529,91000264,1,fine_step_primary,5701005,scale_2,intermediate_posture,seg_detect_backup,vendor_connection,272,273,1398,basic,0.5,0.5055,18,0.6316,isolated,0,1,864,5,3,0.01098901099,0.01098901099,3,3,2,39,0,0,0,0,0,0,0,0,0,0,0,0,0,0,0,2328,0,1,1,1,1,1,1,1,1,1,1,1,0,1,467
910000530,91000265,1,fine_step_primary,5701001,scale_2,intermediate_posture,baseline_flat,workstation,70,227,1739,flat,0.5,0.4361,36,0.3306,connected,0,0,864,5,205,0.9030837004,0.9030837004,205,10,209,291,1,1,344,429,385,451,574,340,383,7,2906,176.2333333,0.4593545752,0.4593545752,1,1401,716,1,1,1,1,1,1,1,1,1,1,1,61,0,864
910000531,91000265,1,fine_step_primary,5701001,scale_2,intermediate_posture,seg_detect_backup,workstation,70,227,1149,basic,0.5,0.4361,18,0.6316,isolated,0,1,864,5,119,0.5242290749,0.5242290749,119,9,118,282,0,1,251,285,253,238,260,225,0,6,1512,98.31666667,0.2972834967,0.2972834967,1,1920,603,1,1,1,1,1,1,1,1,1,1,1,0,1,671
910000532,91000266,1,fine_step_primary,5701002,scale_2,intermediate_posture,baseline_flat,internet_facing,284,289,2252,flat,0.5,0.474,36,0.3306,connected,0,0,864,5,259,0.8961937716,0.8961937716,259,10,269,288,1,1,323,393,380,433,556,315,413,7,2813,169.6833333,0.4365808824,0.4365808824,1,1800,702,1,1,1,1,1,1,1,1,1,1,1,78,0,864
910000533,91000266,1,fine_step_primary,5701002,scale_2,intermediate_posture,seg_detect_backup,internet_facing,284,289,1484,basic,0.5,0.474,18,0.6316,isolated,0,1,864,5,25,0.08650519031,0.08650519031,25,7,24,176,0,1,48,48,24,51,48,24,0,6,243,15.375,0.04891748366,0.04891748366,0,2088,229,1,1,1,1,1,1,1,1,1,1,1,0,1,472
910000534,91000267,1,fine_step_primary,5701003,scale_2,intermediate_posture,baseline_flat,privileged_system,236,258,2022,flat,0.5,0.376,36,0.3306,connected,0,0,864,5,241,0.9341085271,0.9341085271,241,10,242,423,1,1,497,579,522,602,727,497,568,7,3992,244.1916667,0.6302423747,0.6302423747,1,1017,642,1,1,1,1,1,1,1,1,1,1,1,72,0,864
910000535,91000267,1,fine_step_primary,5701003,scale_2,intermediate_posture,seg_detect_backup,privileged_system,236,258,1340,basic,0.5,0.376,18,0.6316,isolated,0,1,864,5,140,0.5426356589,0.5426356589,140,9,139,209,0,1,218,228,222,218,253,218,0,6,1357,87.51666667,0.2562636166,0.2562636166,1,576,237,1,1,1,1,1,1,1,1,1,1,1,0,1,347
910000536,91000268,1,fine_step_primary,5701004,scale_2,intermediate_posture,baseline_flat,medical_device,178,248,2005,flat,0.5,0.4839,36,0.3306,connected,0,0,864,5,226,0.9112903226,0.9112903226,226,10,235,615,1,1,712,732,713,788,839,696,761,7,5241,325.7916667,0.8479370915,0.8479370915,1,420,814,1,1,1,1,1,0,1,1,0.8571428571,0.8571428571,0.8571428571,74,0,864
910000537,91000268,1,fine_step_primary,5701004,scale_2,intermediate_posture,seg_detect_backup,medical_device,178,248,1304,basic,0.5,0.4839,18,0.6316,isolated,0,1,864,5,114,0.4596774194,0.4596774194,114,9,113,316,0,1,268,252,248,257,291,244,24,7,1584,101.925,0.2970792484,0.2970792484,1,1776,574,1,1,1,1,1,1,1,1,1,1,1,0,1,617
910000538,91000269,1,fine_step_primary,5701005,scale_2,intermediate_posture,baseline_flat,vendor_connection,216,217,1705,flat,0.5,0.47,36,0.3306,connected,0,0,864,5,197,0.9078341014,0.9078341014,197,10,199,325,1,1,355,409,370,456,589,335,454,7,2968,178.6583333,0.454248366,0.454248366,1,898,507,1,1,1,1,1,1,1,1,1,1,1,59,0,864
910000539,91000269,1,fine_step_primary,5701005,scale_2,intermediate_posture,seg_detect_backup,vendor_connection,216,217,1121,basic,0.5,0.47,18,0.6316,isolated,0,1,864,5,1,0.004608294931,0.004608294931,1,1,0,4,0,0,0,0,0,0,0,0,0,0,0,0,0,0,0,0,0,1,1,1,1,1,1,1,1,1,1,1,0,1,10
910000540,91000270,1,fine_step_primary,5701001,scale_2,intermediate_posture,baseline_flat,workstation,69,255,1986,flat,0.5,0.4667,36,0.3306,connected,0,0,864,5,225,0.8823529412,0.8823529412,225,10,236,417,1,1,514,570,540,620,735,514,533,7,4026,247.2,0.6433823529,0.6433823529,1,981,856,1,1,1,1,1,1,1,1,1,1,1,68,0,864
910000541,91000270,1,fine_step_primary,5701001,scale_2,intermediate_posture,seg_detect_backup,workstation,69,255,1311,basic,0.5,0.4667,18,0.6316,isolated,0,1,864,5,1,0.003921568627,0.003921568627,1,1,0,44,0,0,24,24,24,24,24,24,0,6,144,9.4,0.02777777778,0.02777777778,0,1224,164,1,1,1,1,1,1,1,1,1,1,1,0,1,351
910000542,91000271,1,fine_step_primary,5701002,scale_2,intermediate_posture,baseline_flat,internet_facing,235,243,1915,flat,0.5,0.3909,36,0.3306,connected,0,0,864,5,225,0.9259259259,0.9259259259,225,10,234,259,1,1,324,373,366,425,537,313,396,7,2734,165.2833333,0.4252791394,0.4252791394,1,1514,503,1,1,1,1,1,1,1,1,1,1,1,68,0,864
910000543,91000271,1,fine_step_primary,5701002,scale_2,intermediate_posture,seg_detect_backup,internet_facing,235,243,1247,basic,0.5,0.3909,18,0.6316,isolated,0,1,864,5,141,0.5802469136,0.5802469136,141,9,140,351,0,1,330,341,360,350,373,330,0,6,2084,134.8333333,0.3988970588,0.3988970588,1,2954,503,1,1,1,1,1,1,1,1,1,1,1,0,1,864
910000544,91000272,1,fine_step_primary,5701003,scale_2,intermediate_posture,baseline_flat,privileged_system,73,289,2272,flat,0.5,0.4948,36,0.3306,connected,0,0,864,5,262,0.9065743945,0.9065743945,262,10,269,335,1,1,362,418,412,495,597,359,446,7,3089,186.9333333,0.4812431917,0.4812431917,1,1518,626,1,1,1,1,1,1,1,1,1,1,1,80,0,864
910000545,91000272,1,fine_step_primary,5701003,scale_2,intermediate_posture,seg_detect_backup,privileged_system,73,289,1503,basic,0.5,0.4948,18,0.6316,isolated,0,1,864,5,2,0.006920415225,0.006920415225,2,2,1,10,0,0,0,24,48,24,0,0,0,3,96,6.6,0.02696078431,0.02696078431,0,3990,626,1,1,1,1,1,1,1,1,1,1,1,0,1,864
910000546,91000273,1,fine_step_primary,5701004,scale_2,intermediate_posture,baseline_flat,medical_device,195,247,1959,flat,0.5,0.413,36,0.3306,connected,0,0,864,5,218,0.8825910931,0.8825910931,218,10,220,434,1,1,475,531,526,579,726,475,558,7,3870,235.9333333,0.6054261983,0.6054261983,1,1334,731,1,1,1,1,1,1,1,1,1,1,1,67,0,864
910000547,91000273,1,fine_step_primary,5701004,scale_2,intermediate_posture,seg_detect_backup,medical_device,195,247,1285,basic,0.5,0.413,18,0.6316,isolated,0,1,864,5,2,0.008097165992,0.008097165992,2,1,1,53,0,0,96,72,120,72,96,72,0,6,528,34.6,0.1062091503,0.1062091503,0,3619,731,1,1,1,1,1,1,1,1,1,1,1,0,1,864
910000548,91000274,1,fine_step_primary,5701005,scale_2,intermediate_posture,baseline_flat,vendor_connection,246,247,1939,flat,0.5,0.4575,36,0.3306,connected,0,0,864,5,221,0.8947368421,0.8947368421,221,10,222,321,1,1,384,423,396,488,632,372,451,7,3146,189.8833333,0.4835239651,0.4835239651,1,1528,506,1,1,1,1,1,1,1,1,1,1,1,70,0,864
910000549,91000274,1,fine_step_primary,5701005,scale_2,intermediate_posture,seg_detect_backup,vendor_connection,246,247,1272,basic,0.5,0.4575,18,0.6316,isolated,0,1,864,5,136,0.5506072874,0.5506072874,136,9,135,316,0,1,287,224,232,328,284,224,0,6,1579,101.65,0.3079384532,0.3079384532,1,2904,346,1,1,1,1,1,1,1,1,1,1,1,0,1,796
910000550,91000275,1,fine_step_primary,5701001,scale_2,intermediate_posture,baseline_flat,workstation,53,220,1748,flat,0.5,0.4955,36,0.3306,connected,0,0,864,5,1,0.004545454545,0.004545454545,1,1,0,3,0,0,0,24,24,24,24,0,0,4,96,5.6,0.01960784314,0.01960784314,0,528,124,1,1,1,1,1,1,1,1,1,1,1,0,1,151
910000551,91000275,1,fine_step_primary,5701001,scale_2,intermediate_posture,seg_detect_backup,workstation,53,220,1135,basic,0.5,0.4955,18,0.6316,isolated,0,1,864,5,1,0.004545454545,0.004545454545,1,1,0,2,0,0,0,24,24,24,24,0,0,4,96,5.6,0.01960784314,0.01960784314,0,528,124,1,1,1,1,1,1,1,1,1,1,1,0,1,151
910000552,91000276,1,fine_step_primary,5701002,scale_2,intermediate_posture,baseline_flat,internet_facing,274,284,2351,flat,0.5,0.4613,36,0.3306,connected,0,0,864,5,256,0.9014084507,0.9014084507,256,10,264,282,1,1,368,392,382,467,579,333,428,7,2949,178.3666667,0.4603417756,0.4603417756,1,1760,746,1,1,1,1,1,1,1,1,1,1,1,88,0,864
910000553,91000276,1,fine_step_primary,5701002,scale_2,intermediate_posture,seg_detect_backup,internet_facing,274,284,1505,basic,0.5,0.4613,18,0.6316,isolated,0,1,864,5,1,0.003521126761,0.003521126761,1,1,0,35,0,0,24,0,24,0,0,0,0,2,48,3.8,0.01552287582,0.01552287582,0,3752,746,1,1,1,1,1,1,1,1,1,1,1,0,1,864
910000554,91000277,1,fine_step_primary,5701003,scale_2,intermediate_posture,baseline_flat,privileged_system,183,221,1783,flat,0.5,0.4661,36,0.3306,connected,0,0,864,5,209,0.9457013575,0.9457013575,209,10,214,386,1,1,457,529,479,561,705,445,538,7,3714,225.775,0.5800653595,0.5800653595,1,1019,587,1,1,1,1,1,1,1,1,1,1,1,67,0,864
910000555,91000277,1,fine_step_primary,5701003,scale_2,intermediate_posture,seg_detect_backup,privileged_system,183,221,1149,basic,0.5,0.4661,18,0.6316,isolated,0,1,864,5,48,0.2171945701,0.2171945701,48,7,47,222,0,0,104,0,0,0,24,0,0,2,128,9.466666667,0.03540305011,0.03540305011,1,1416,228,1,1,1,1,1,1,1,1,1,1,1,0,1,396
910000556,91000278,1,fine_step_primary,5701004,scale_2,intermediate_posture,baseline_flat,medical_device,166,222,1734,flat,0.5,0.4955,36,0.3306,connected,0,0,864,5,198,0.8918918919,0.8918918919,198,10,200,334,1,1,422,447,437,497,608,401,467,7,3279,200.425,0.5177015251,0.5177015251,1,1617,521,1,1,1,1,1,1,1,1,1,1,1,63,0,864
910000557,91000278,1,fine_step_primary,5701004,scale_2,intermediate_posture,seg_detect_backup,medical_device,166,222,1137,basic,0.5,0.4955,18,0.6316,isolated,0,1,864,5,4,0.01801801802,0.01801801802,4,1,3,21,0,0,48,72,96,48,48,48,0,6,360,24,0.07679738562,0.07679738562,0,2400,468,1,1,1,1,1,1,1,1,1,1,1,0,1,598
910000558,91000279,1,fine_step_primary,5701005,scale_2,intermediate_posture,baseline_flat,vendor_connection,284,285,2275,flat,0.5,0.4632,36,0.3306,connected,0,0,864,5,248,0.8701754386,0.8701754386,248,10,252,337,1,1,387,439,418,496,629,387,473,7,3229,195.4416667,0.4975490196,0.4975490196,1,1799,517,1,1,1,1,1,1,1,1,1,1,1,79,0,864
910000559,91000279,1,fine_step_primary,5701005,scale_2,intermediate_posture,seg_detect_backup,vendor_connection,284,285,1486,basic,0.5,0.4632,18,0.6316,isolated,0,1,864,5,98,0.3438596491,0.3438596491,98,9,97,333,0,1,288,295,292,288,320,288,72,7,1843,118.2333333,0.3364651416,0.3364651416,1,3935,354,1,1,1,1,1,1,1,1,1,1,1,0,1,864
910000560,91000280,1,fine_step_primary,5701001,scale_2,intermediate_posture,baseline_flat,workstation,65,251,2033,flat,0.5,0.4542,36,0.3306,connected,0,0,864,5,229,0.9123505976,0.9123505976,229,10,236,407,1,1,474,547,490,576,702,463,538,7,3790,231.3416667,0.5976988017,0.5976988017,1,1126,793,1,1,1,1,1,1,1,1,1,1,1,71,0,864
910000561,91000280,1,fine_step_primary,5701001,scale_2,intermediate_posture,seg_detect_backup,workstation,65,251,1329,basic,0.5,0.4542,18,0.6316,isolated,0,1,864,5,1,0.003984063745,0.003984063745,1,1,0,2,0,0,0,0,0,24,0,0,0,1,24,1.4,0.005718954248,0.005718954248,0,816,208,1,1,1,1,1,1,1,1,1,1,1,0,1,259
910000562,91000281,1,fine_step_primary,5701002,scale_2,intermediate_posture,baseline_flat,internet_facing,229,239,1898,flat,0.5,0.4477,36,0.3306,connected,0,0,864,5,210,0.8786610879,0.8786610879,210,10,219,428,1,1,477,537,525,590,720,477,559,7,3885,237.0666667,0.6100558279,0.6100558279,1,1055,-1,0,1,1,0,1,1,1,1,0.8571428571,0.8571428571,0.8571428571,68,0,864
910000563,91000281,1,fine_step_primary,5701002,scale_2,intermediate_posture,seg_detect_backup,internet_facing,229,239,1240,basic,0.5,0.4477,18,0.6316,isolated,0,1,864,5,1,0.004184100418,0.004184100418,1,1,0,8,0,0,0,0,0,0,0,0,0,0,0,0,0,0,0,264,0,1,1,1,1,1,1,1,1,1,1,1,0,1,102
910000564,91000282,1,fine_step_primary,5701003,scale_2,intermediate_posture,baseline_flat,privileged_system,192,232,1788,flat,0.5,0.4698,36,0.3306,connected,0,0,864,5,205,0.8836206897,0.8836206897,205,10,208,329,1,1,399,453,427,507,626,399,478,7,3289,199.7416667,0.5108251634,0.5108251634,1,1097,518,1,1,1,1,1,1,1,1,1,1,1,66,0,864
910000565,91000282,1,fine_step_primary,5701003,scale_2,intermediate_posture,seg_detect_backup,privileged_system,192,232,1182,basic,0.5,0.4698,18,0.6316,isolated,0,1,864,5,17,0.07327586207,0.07327586207,17,4,17,90,0,1,45,45,69,45,45,45,0,6,294,19.425,0.05943627451,0.05943627451,1,600,98,1,1,1,1,1,1,1,1,1,1,1,0,1,188
910000566,91000283,1,fine_step_primary,5701004,scale_2,intermediate_posture,baseline_flat,medical_device,192,252,1977,flat,0.5,0.4444,36,0.3306,connected,0,0,864,5,221,0.876984127,0.876984127,221,10,226,429,1,1,463,511,492,577,681,456,539,7,3719,227.0583333,0.5850013617,0.5850013617,1,1376,613,1,1,1,1,1,1,1,1,1,1,1,69,0,864
910000567,91000283,1,fine_step_primary,5701004,scale_2,intermediate_posture,seg_detect_backup,medical_device,192,252,1306,basic,0.5,0.4444,18,0.6316,isolated,0,1,864,5,2,0.007936507937,0.007936507937,2,2,1,51,0,0,0,0,24,0,0,0,0,1,24,1.8,0.007352941176,0.007352941176,0,2232,387,1,1,1,1,1,1,1,1,1,1,1,0,1,538
910000568,91000284,1,fine_step_primary,5701005,scale_2,intermediate_posture,baseline_flat,vendor_connection,225,226,1786,flat,0.5,0.4513,36,0.3306,connected,0,0,864,5,197,0.8716814159,0.8716814159,197,10,203,432,1,1,483,540,518,592,716,483,567,7,3899,238.075,0.6112472767,0.6112472767,1,1355,621,1,1,1,1,1,1,1,1,1,1,1,63,0,864
910000569,91000284,1,fine_step_primary,5701005,scale_2,intermediate_posture,seg_detect_backup,vendor_connection,225,226,1171,basic,0.5,0.4513,18,0.6316,isolated,0,1,864,5,110,0.4867256637,0.4867256637,110,9,109,347,0,1,250,279,245,267,272,241,24,7,1578,101.725,0.2997685185,0.2997685185,1,1560,520,1,1,1,1,1,1,1,1,1,1,1,0,1,546
910000570,91000285,1,fine_step_primary,5701001,scale_2,intermediate_posture,baseline_flat,workstation,51,266,2146,flat,0.5,0.4586,36,0.3306,connected,0,0,864,5,238,0.8947368421,0.8947368421,238,10,244,484,1,1,547,599,572,656,782,547,630,7,4333,265.275,0.6808959695,0.6808959695,1,933,677,1,1,1,1,1,1,1,1,1,1,1,76,0,864
910000571,91000285,1,fine_step_primary,5701001,scale_2,intermediate_posture,seg_detect_backup,workstation,51,266,1407,basic,0.5,0.4586,18,0.6316,isolated,0,1,864,5,1,0.003759398496,0.003759398496,1,1,0,52,0,0,0,0,0,24,0,0,0,1,24,1.4,0.005718954248,0.005718954248,0,3240,475,1,1,1,1,1,1,1,1,1,1,1,0,1,784
910000572,91000286,1,fine_step_primary,5701002,scale_2,intermediate_posture,baseline_flat,internet_facing,202,205,1561,flat,0.5,0.439,36,0.3306,connected,0,0,864,5,186,0.9073170732,0.9073170732,186,10,189,321,1,1,403,454,428,500,597,392,515,7,3289,200.1666667,0.5110974946,0.5110974946,1,1074,583,1,1,1,1,1,1,1,1,1,1,1,55,0,864
910000573,91000286,1,fine_step_primary,5701002,scale_2,intermediate_posture,seg_detect_backup,internet_facing,202,205,1040,basic,0.5,0.439,18,0.6316,isolated,0,1,864,5,1,0.00487804878,0.00487804878,1,1,0,7,0,0,0,0,0,0,0,0,0,0,0,0,0,0,0,144,0,1,1,1,1,1,1,1,1,1,1,1,0,1,71
910000574,91000287,1,fine_step_primary,5701003,scale_2,intermediate_posture,baseline_flat,privileged_system,213,251,2050,flat,0.5,0.4143,36,0.3306,connected,0,0,864,5,235,0.9362549801,0.9362549801,235,10,246,265,1,1,311,377,346,426,559,310,425,7,2754,164.9833333,0.4160539216,0.4160539216,1,1701,462,1,1,1,1,1,1,1,1,1,1,1,74,0,864
910000575,91000287,1,fine_step_primary,5701003,scale_2,intermediate_posture,seg_detect_backup,privileged_system,213,251,1337,basic,0.5,0.4143,18,0.6316,isolated,0,1,864,5,2,0.00796812749,0.00796812749,2,1,1,16,0,0,0,0,0,0,0,0,0,0,0,0,0,0,0,912,0,1,1,1,1,1,1,1,1,1,1,1,0,1,202
910000576,91000288,1,fine_step_primary,5701004,scale_2,intermediate_posture,baseline_flat,medical_device,161,214,1685,flat,0.5,0.4299,36,0.3306,connected,0,0,864,5,187,0.8738317757,0.8738317757,187,10,191,363,1,1,427,456,425,510,627,403,523,7,3371,204.8833333,0.5212758715,0.5212758715,1,1152,810,1,1,1,1,1,1,1,1,1,1,1,59,0,864
910000577,91000288,1,fine_step_primary,5701004,scale_2,intermediate_posture,seg_detect_backup,medical_device,161,214,1098,basic,0.5,0.4299,18,0.6316,isolated,0,1,864,5,28,0.1308411215,0.1308411215,28,3,27,270,0,0,24,48,24,24,24,24,0,6,168,11,0.03431372549,0.03431372549,0,1248,344,1,1,1,1,1,1,1,1,1,1,1,0,1,449
910000578,91000289,1,fine_step_primary,5701005,scale_2,intermediate_posture,baseline_flat,vendor_connection,206,207,1655,flat,0.5,0.5169,36,0.3306,connected,0,0,864,5,182,0.8792270531,0.8792270531,182,10,186,414,1,1,475,533,525,630,718,475,542,7,3898,237.9,0.6178172658,0.6178172658,1,1037,836,1,1,1,1,1,1,1,1,1,1,1,61,0,864
910000579,91000289,1,fine_step_primary,5701005,scale_2,intermediate_posture,seg_detect_backup,vendor_connection,206,207,1085,basic,0.5,0.5169,18,0.6316,isolated,0,1,864,5,93,0.4492753623,0.4492753623,93,9,92,210,0,1,183,188,189,222,220,183,0,6,1185,75.96666667,0.2242987473,0.2242987473,1,480,279,1,1,1,1,1,1,1,1,1,1,1,0,1,283
910000580,91000290,1,fine_step_primary,5701001,scale_2,intermediate_posture,baseline_flat,workstation,55,275,2193,flat,0.5,0.4436,36,0.3306,connected,0,0,864,5,1,0.003636363636,0.003636363636,1,1,0,8,0,0,72,60,72,72,70,48,24,7,418,26.73333333,0.08006535948,0.08006535948,1,4055,631,1,1,1,1,1,1,1,1,1,1,1,0,1,864
910000581,91000290,1,fine_step_primary,5701001,scale_2,intermediate_posture,seg_detect_backup,workstation,55,275,1446,basic,0.5,0.4436,18,0.6316,isolated,0,1,864,5,1,0.003636363636,0.003636363636,1,1,0,6,0,0,72,60,72,72,70,48,24,7,418,26.73333333,0.08006535948,0.08006535948,1,4055,631,1,1,1,1,1,1,1,1,1,1,1,0,1,864
910000582,91000291,1,fine_step_primary,5701002,scale_2,intermediate_posture,baseline_flat,internet_facing,224,231,1812,flat,0.5,0.4762,36,0.3306,connected,0,0,864,5,210,0.9090909091,0.9090909091,210,10,214,294,1,1,358,418,387,494,584,358,417,7,3016,182.7083333,0.4719839325,0.4719839325,1,1311,627,1,1,1,1,1,1,1,1,1,1,1,63,0,864
910000583,91000291,1,fine_step_primary,5701002,scale_2,intermediate_posture,seg_detect_backup,internet_facing,224,231,1175,basic,0.5,0.4762,18,0.6316,isolated,0,1,864,5,84,0.3636363636,0.3636363636,84,9,84,193,0,1,160,158,158,158,182,158,0,6,974,62.85,0.1835511983,0.1835511983,1,672,202,1,1,1,1,1,1,1,1,1,1,1,0,1,254
910000584,91000292,1,fine_step_primary,5701003,scale_2,intermediate_posture,baseline_flat,privileged_system,259,298,2316,flat,0.5,0.4463,36,0.3306,connected,0,0,864,5,272,0.9127516779,0.9127516779,272,10,277,403,1,1,459,511,485,564,686,459,532,7,3696,225.4833333,0.5783973312,0.5783973312,1,1105,580,1,1,1,1,1,1,1,1,1,1,1,79,0,864
910000585,91000292,1,fine_step_primary,5701003,scale_2,intermediate_posture,seg_detect_backup,privileged_system,259,298,1534,basic,0.5,0.4463,18,0.6316,isolated,0,1,864,5,149,0.5,0.5,149,9,148,216,0,1,203,210,222,216,230,203,0,6,1284,83.05833333,0.2457788671,0.2457788671,1,1152,246,1,1,1,1,1,1,1,1,1,1,1,0,1,373
910000586,91000293,1,fine_step_primary,5701004,scale_2,intermediate_posture,baseline_flat,medical_device,165,225,1748,flat,0.5,0.4889,36,0.3306,connected,0,0,864,5,2,0.008888888889,0.008888888889,2,1,1,23,0,0,24,24,24,48,24,24,24,7,192,12,0.03349673203,0.03349673203,0,2472,540,1,1,1,1,1,1,1,1,1,1,1,0,1,665
910000587,91000293,1,fine_step_primary,5701004,scale_2,intermediate_posture,seg_detect_backup,medical_device,165,225,1141,basic,0.5,0.4889,18,0.6316,isolated,0,1,864,5,2,0.008888888889,0.008888888889,2,1,1,19,0,0,24,24,24,48,24,24,24,7,192,12,0.03349673203,0.03349673203,0,2472,540,1,1,1,1,1,1,1,1,1,1,1,0,1,665
910000588,91000294,1,fine_step_primary,5701005,scale_2,intermediate_posture,baseline_flat,vendor_connection,239,240,1850,flat,0.5,0.4833,36,0.3306,connected,0,0,864,5,218,0.9083333333,0.9083333333,218,10,223,424,1,1,508,539,509,589,717,484,563,7,3909,239.15,0.6160130719,0.6160130719,1,1151,640,1,1,1,1,1,1,1,1,1,1,1,67,0,864
910000589,91000294,1,fine_step_primary,5701005,scale_2,intermediate_posture,seg_detect_backup,vendor_connection,239,240,1221,basic,0.5,0.4833,18,0.6316,isolated,0,1,864,5,1,0.004166666667,0.004166666667,1,1,0,14,0,0,0,0,0,0,24,0,0,1,24,0.8,0,0,0,1176,0,1,1,1,1,1,1,1,1,1,1,1,0,1,325
910000590,91000295,1,fine_step_primary,5701001,scale_2,intermediate_posture,baseline_flat,workstation,36,289,2234,flat,0.5,0.436,36,0.3306,connected,0,0,864,5,254,0.8788927336,0.8788927336,254,10,257,356,1,1,401,458,450,537,636,401,511,7,3394,205.85,0.5270629085,0.5270629085,1,1338,817,1,1,1,1,1,1,1,1,1,1,1,81,0,864
910000591,91000295,1,fine_step_primary,5701001,scale_2,intermediate_posture,seg_detect_backup,workstation,36,289,1473,basic,0.5,0.436,18,0.6316,isolated,0,1,864,5,4,0.01384083045,0.01384083045,4,2,3,84,0,0,24,24,48,48,24,24,24,7,216,13.8,0.0408496732,0.0408496732,0,3234,817,1,1,1,1,1,1,1,1,1,1,1,0,1,864
910000592,91000296,1,fine_step_primary,5701002,scale_2,intermediate_posture,baseline_flat,internet_facing,221,225,1756,flat,0.5,0.4267,36,0.3306,connected,0,0,864,5,1,0.004444444444,0.004444444444,1,1,0,59,0,0,0,0,0,0,0,0,0,0,0,0,0,0,0,336,0,1,1,1,1,1,1,1,1,1,1,1,0,1,82
910000593,91000296,1,fine_step_primary,5701002,scale_2,intermediate_posture,seg_detect_backup,internet_facing,221,225,1159,basic,0.5,0.4267,18,0.6316,isolated,0,1,864,5,1,0.004444444444,0.004444444444,1,1,0,57,0,0,0,0,0,0,0,0,0,0,0,0,0,0,0,336,0,1,1,1,1,1,1,1,1,1,1,1,0,1,82
910000594,91000297,1,fine_step_primary,5701003,scale_2,intermediate_posture,baseline_flat,privileged_system,224,273,2131,flat,0.5,0.4176,36,0.3306,connected,0,0,864,5,258,0.9450549451,0.9450549451,258,10,266,380,1,1,441,540,475,542,675,429,509,7,3611,220.1166667,0.5718613834,0.5718613834,1,1284,834,1,1,1,1,1,1,1,1,1,1,1,76,0,864
910000595,91000297,1,fine_step_primary,5701003,scale_2,intermediate_posture,seg_detect_backup,privileged_system,224,273,1414,basic,0.5,0.4176,18,0.6316,isolated,0,1,864,5,104,0.380952381,0.380952381,104,8,103,212,0,1,171,169,169,182,225,169,0,6,1085,68.98333333,0.1993804466,0.1993804466,1,2400,233,1,1,1,1,1,1,1,1,1,1,1,0,1,627
910000596,91000298,1,fine_step_primary,5701004,scale_2,intermediate_posture,baseline_flat,medical_device,236,300,2314,flat,0.5,0.4167,36,0.3306,connected,0,0,864,5,279,0.93,0.93,279,10,287,525,1,1,564,613,589,663,783,563,634,7,4409,270.7416667,0.6973720044,0.6973720044,1,879,702,1,1,1,1,1,1,1,1,1,1,1,81,0,864
910000597,91000298,1,fine_step_primary,5701004,scale_2,intermediate_posture,seg_detect_backup,medical_device,236,300,1541,basic,0.5,0.4167,18,0.6316,isolated,0,1,864,5,6,0.02,0.02,6,3,5,59,0,0,0,0,24,0,24,0,0,2,48,2.6,0.007352941176,0.007352941176,0,3854,237,1,1,1,1,1,1,1,1,1,1,1,0,1,864
910000598,91000299,1,fine_step_primary,5701005,scale_2,intermediate_posture,baseline_flat,vendor_connection,287,288,2320,flat,0.5,0.5382,36,0.3306,connected,0,0,864,5,250,0.8680555556,0.8680555556,250,10,253,338,1,1,376,460,421,504,628,376,464,7,3229,195.3083333,0.5023488562,0.5023488562,1,1544,814,1,1,1,1,1,1,1,1,1,1,1,81,0,864
910000599,91000299,1,fine_step_primary,5701005,scale_2,intermediate_posture,seg_detect_backup,vendor_connection,287,288,1523,basic,0.5,0.5382,18,0.6316,isolated,0,1,864,5,1,0.003472222222,0.003472222222,1,1,0,6,0,0,0,0,0,0,0,0,0,0,0,0,0,0,0,336,0,1,1,1,1,1,1,1,1,1,1,1,0,1,113
910000600,91000300,1,fine_step_primary,5701001,scale_2,intermediate_posture,baseline_flat,workstation,94,298,2329,flat,0.5,0.4295,36,0.3306,connected,0,0,864,5,273,0.9161073826,0.9161073826,273,10,278,374,1,1,469,510,478,583,677,448,509,7,3674,224.5583333,0.583912037,0.583912037,1,1472,809,1,1,1,1,1,1,1,1,1,1,1,85,0,864
910000601,91000300,1,fine_step_primary,5701001,scale_2,intermediate_posture,seg_detect_backup,workstation,94,298,1528,basic,0.5,0.4295,18,0.6316,isolated,0,1,864,5,1,0.003355704698,0.003355704698,1,1,0,2,0,0,0,0,0,0,0,0,0,0,0,0,0,0,0,216,0,1,1,1,1,1,1,1,1,1,1,1,0,1,84
910000602,91000301,1,fine_step_primary,5701002,scale_2,intermediate_posture,baseline_flat,internet_facing,207,215,1687,flat,0.5,0.4279,36,0.3306,connected,0,0,864,5,199,0.9255813953,0.9255813953,199,10,206,409,1,1,478,528,497,594,701,478,543,7,3819,233.325,0.6003199891,0.6003199891,1,916,609,1,1,1,1,1,1,1,1,1,1,1,58,0,864
910000603,91000301,1,fine_step_primary,5701002,scale_2,intermediate_posture,seg_detect_backup,internet_facing,207,215,1115,basic,0.5,0.4279,18,0.6316,isolated,0,1,864,5,38,0.176744186,0.176744186,38,8,37,138,0,1,159,176,159,159,183,159,0,6,995,64.20833333,0.1886574074,0.1886574074,1,1536,375,1,1,1,1,1,1,1,1,1,1,1,0,1,420
910000604,91000302,1,fine_step_primary,5701003,scale_2,intermediate_posture,baseline_flat,privileged_system,207,234,1862,flat,0.5,0.4444,36,0.3306,connected,0,0,864,5,207,0.8846153846,0.8846153846,207,10,211,244,1,1,313,370,339,421,541,313,393,7,2690,161.8916667,0.4114923747,0.4114923747,1,1569,429,1,1,1,1,1,1,1,1,1,1,1,65,0,864
910000605,91000302,1,fine_step_primary,5701003,scale_2,intermediate_posture,seg_detect_backup,privileged_system,207,234,1214,basic,0.5,0.4444,18,0.6316,isolated,0,1,864,5,3,0.01282051282,0.01282051282,3,1,2,20,0,1,24,24,24,24,24,24,0,6,144,9.4,0.02777777778,0.02777777778,0,2184,57,1,1,1,1,1,1,1,1,1,1,1,0,1,598
910000606,91000303,1,fine_step_primary,5701004,scale_2,intermediate_posture,baseline_flat,medical_device,212,286,2243,flat,0.5,0.4965,36,0.3306,connected,0,0,864,5,249,0.8706293706,0.8706293706,249,10,254,353,1,1,399,479,422,508,623,399,501,7,3331,202.2083333,0.5166122004,0.5166122004,1,1585,786,1,1,1,1,1,1,1,1,1,1,1,77,0,864
910000607,91000303,1,fine_step_primary,5701004,scale_2,intermediate_posture,seg_detect_backup,medical_device,212,286,1465,basic,0.5,0.4965,18,0.6316,isolated,0,1,864,5,3,0.01048951049,0.01048951049,3,1,2,34,0,0,24,0,0,0,0,0,0,1,24,2,0.008169934641,0.008169934641,0,936,133,1,1,1,1,1,1,1,1,1,1,1,0,1,252
910000608,91000304,1,fine_step_primary,5701005,scale_2,intermediate_posture,baseline_flat,vendor_connection,223,224,1728,flat,0.5,0.4955,36,0.3306,connected,0,0,864,5,198,0.8839285714,0.8839285714,198,10,200,331,1,1,384,438,413,510,637,374,464,7,3220,194.4083333,0.4980596405,0.4980596405,1,1171,519,1,1,1,1,1,1,1,1,1,1,1,64,0,864
910000609,91000304,1,fine_step_primary,5701005,scale_2,intermediate_posture,seg_detect_backup,vendor_connection,223,224,1133,basic,0.5,0.4955,18,0.6316,isolated,0,1,864,5,1,0.004464285714,0.004464285714,1,1,0,1,0,0,0,0,0,0,0,0,0,0,0,0,0,0,0,0,0,1,1,1,1,1,1,1,1,1,1,1,0,1,7
910000610,91000305,1,fine_step_primary,5701001,scale_2,intermediate_posture,baseline_flat,workstation,77,216,1698,flat,0.5,0.463,36,0.3306,connected,0,0,864,5,1,0.00462962963,0.00462962963,1,1,0,21,0,0,0,24,0,0,0,0,0,1,24,1.6,0.006535947712,0.006535947712,0,840,40,1,1,1,1,1,1,1,1,1,1,1,0,1,251
910000611,91000305,1,fine_step_primary,5701001,scale_2,intermediate_posture,seg_detect_backup,workstation,77,216,1114,basic,0.5,0.463,18,0.6316,isolated,0,1,864,5,1,0.00462962963,0.00462962963,1,1,0,12,0,0,0,24,0,0,0,0,0,1,24,1.6,0.006535947712,0.006535947712,0,840,40,1,1,1,1,1,1,1,1,1,1,1,0,1,251
910000612,91000306,1,fine_step_primary,5701002,scale_2,intermediate_posture,baseline_flat,internet_facing,259,263,2095,flat,0.5,0.4601,36,0.3306,connected,0,0,864,5,230,0.8745247148,0.8745247148,230,10,237,309,1,1,373,430,399,487,601,373,450,7,3113,188.5916667,0.4823665577,0.4823665577,1,1608,495,1,1,1,1,1,1,1,1,1,1,1,74,0,848
910000613,91000306,1,fine_step_primary,5701002,scale_2,intermediate_posture,seg_detect_backup,internet_facing,259,263,1366,basic,0.5,0.4601,18,0.6316,isolated,0,1,864,5,2,0.007604562738,0.007604562738,2,1,1,19,0,0,24,0,0,0,0,0,0,1,24,2,0.008169934641,0.008169934641,0,288,34,1,1,1,1,1,1,1,1,1,1,1,0,1,85
910000614,91000307,1,fine_step_primary,5701003,scale_2,intermediate_posture,baseline_flat,privileged_system,210,238,1877,flat,0.5,0.4454,36,0.3306,connected,0,0,864,5,220,0.9243697479,0.9243697479,220,10,227,388,1,1,474,524,493,577,703,468,533,7,3772,230.25,0.5925925926,0.5925925926,1,1056,-1,0,0,1,1,1,1,1,1,0.8571428571,0.8571428571,0.8571428571,69,0,864
910000615,91000307,1,fine_step_primary,5701003,scale_2,intermediate_posture,seg_detect_backup,privileged_system,210,238,1225,basic,0.5,0.4454,18,0.6316,isolated,0,1,864,5,1,0.004201680672,0.004201680672,1,1,0,8,0,1,13,13,13,13,13,13,0,6,78,5.091666667,0.0150462963,0.0150462963,0,168,14,1,1,1,1,1,1,1,1,1,1,1,0,1,52
910000616,91000308,1,fine_step_primary,5701004,scale_2,intermediate_posture,baseline_flat,medical_device,221,297,2296,flat,0.5,0.4646,36,0.3306,connected,0,0,864,5,254,0.8552188552,0.8552188552,254,10,262,401,1,1,479,517,502,572,700,463,529,7,3762,229.9083333,0.5939542484,0.5939542484,1,1370,820,1,1,1,1,1,1,1,1,1,1,1,76,0,864
910000617,91000308,1,fine_step_primary,5701004,scale_2,intermediate_posture,seg_detect_backup,medical_device,221,297,1517,basic,0.5,0.4646,18,0.6316,isolated,0,1,864,5,62,0.2087542088,0.2087542088,62,8,61,273,0,0,221,135,24,151,174,0,48,6,753,46.225,0.1553308824,0.1553308824,1,2304,475,1,1,1,1,1,1,1,1,1,1,1,0,1,599
910000618,91000309,1,fine_step_primary,5701005,scale_2,intermediate_posture,baseline_flat,vendor_connection,214,215,1665,flat,0.5,0.4651,36,0.3306,connected,0,0,864,5,192,0.8930232558,0.8930232558,192,10,197,334,1,1,422,457,426,526,623,394,475,7,3323,202.3333333,0.5239651416,0.5239651416,1,1022,851,1,1,1,1,1,1,1,1,1,1,1,61,0,864
910000619,91000309,1,fine_step_primary,5701005,scale_2,intermediate_posture,seg_detect_backup,vendor_connection,214,215,1090,basic,0.5,0.4651,18,0.6316,isolated,0,1,864,5,5,0.02325581395,0.02325581395,5,2,4,27,0,1,0,0,0,0,0,0,0,0,0,0,0,0,0,72,0,1,1,1,1,1,1,1,1,1,1,1,0,1,47
910000620,91000310,1,fine_step_primary,5701001,scale_2,intermediate_posture,baseline_flat,workstation,48,221,1715,flat,0.5,0.4842,36,0.3306,connected,0,0,864,5,188,0.850678733,0.850678733,188,10,189,500,1,1,542,596,569,648,764,542,624,7,4285,262.6916667,0.6755514706,0.6755514706,1,976,685,1,1,1,1,1,1,1,1,1,1,1,60,0,864
910000621,91000310,1,fine_step_primary,5701001,scale_2,intermediate_posture,seg_detect_backup,workstation,48,221,1130,basic,0.5,0.4842,18,0.6316,isolated,0,1,864,5,74,0.334841629,0.334841629,74,9,73,219,0,1,145,210,108,48,69,0,0,5,580,39.28333333,0.1510757081,0.1510757081,1,1536,494,1,1,1,1,1,1,1,1,1,1,1,0,1,500
910000622,91000311,1,fine_step_primary,5701002,scale_2,intermediate_posture,baseline_flat,internet_facing,227,230,1811,flat,0.5,0.5217,36,0.3306,connected,0,0,864,5,1,0.004347826087,0.004347826087,1,1,0,5,0,0,24,24,24,24,0,0,0,4,96,6.8,0.02777777778,0.02777777778,0,720,206,1,1,1,1,1,1,1,1,1,1,1,0,1,225
910000623,91000311,1,fine_step_primary,5701002,scale_2,intermediate_posture,seg_detect_backup,internet_facing,227,230,1190,basic,0.5,0.5217,18,0.6316,isolated,0,1,864,5,1,0.004347826087,0.004347826087,1,1,0,5,0,0,24,24,24,24,0,0,0,4,96,6.8,0.02777777778,0.02777777778,0,720,206,1,1,1,1,1,1,1,1,1,1,1,0,1,225
910000624,91000312,1,fine_step_primary,5701003,scale_2,intermediate_posture,baseline_flat,privileged_system,223,249,1930,flat,0.5,0.4056,36,0.3306,connected,0,0,864,5,232,0.9317269076,0.9317269076,232,10,236,333,1,1,418,479,469,536,621,418,503,7,3444,210.4083333,0.5441516885,0.5441516885,1,1238,771,1,1,1,1,1,1,1,1,1,1,1,71,0,864
910000625,91000312,1,fine_step_primary,5701003,scale_2,intermediate_posture,seg_detect_backup,privileged_system,223,249,1276,basic,0.5,0.4056,18,0.6316,isolated,0,1,864,5,2,0.008032128514,0.008032128514,2,1,1,42,0,1,0,0,0,0,0,0,24,1,24,1.2,0,0,0,528,0,1,1,1,1,1,1,1,1,1,1,1,0,1,155
910000626,91000313,1,fine_step_primary,5701004,scale_2,intermediate_posture,baseline_flat,medical_device,202,266,2050,flat,0.5,0.4737,36,0.3306,connected,0,0,864,5,231,0.8684210526,0.8684210526,231,10,237,463,1,1,499,551,525,633,722,499,577,7,4006,244.9583333,0.6316040305,0.6316040305,1,1171,706,1,1,1,1,1,1,1,1,1,1,1,76,0,864
910000627,91000313,1,fine_step_primary,5701004,scale_2,intermediate_posture,seg_detect_backup,medical_device,202,266,1344,basic,0.5,0.4737,18,0.6316,isolated,0,1,864,5,138,0.5187969925,0.5187969925,138,9,139,256,0,1,199,232,205,216,230,199,0,6,1281,82.61666667,0.2452001634,0.2452001634,1,2592,473,1,1,1,1,1,1,1,1,1,1,1,0,1,632
910000628,91000314,1,fine_step_primary,5701005,scale_2,intermediate_posture,baseline_flat,vendor_connection,223,224,1729,flat,0.5,0.4732,36,0.3306,connected,0,0,864,5,198,0.8839285714,0.8839285714,198,10,202,274,1,1,333,385,348,433,557,329,410,7,2795,168.5166667,0.428002451,0.428002451,1,1438,448,1,1,1,1,1,1,1,1,1,1,1,59,0,864
910000629,91000314,1,fine_step_primary,5701005,scale_2,intermediate_posture,seg_detect_backup,vendor_connection,223,224,1139,basic,0.5,0.4732,18,0.6316,isolated,0,1,864,5,1,0.004464285714,0.004464285714,1,1,0,1,0,0,0,0,0,0,0,0,0,0,0,0,0,0,0,0,0,1,1,1,1,1,1,1,1,1,1,1,0,1,7
910000630,91000315,1,fine_step_primary,5701001,scale_2,intermediate_posture,baseline_flat,workstation,53,265,2039,flat,0.5,0.4302,36,0.3306,connected,0,0,864,5,239,0.9018867925,0.9018867925,239,10,244,421,1,1,485,513,486,560,689,461,535,7,3729,228.025,0.5871459695,0.5871459695,1,1054,773,1,1,1,1,1,1,1,1,1,1,1,69,0,864
910000631,91000315,1,fine_step_primary,5701001,scale_2,intermediate_posture,seg_detect_backup,workstation,53,265,1352,basic,0.5,0.4302,18,0.6316,isolated,0,1,864,5,141,0.5320754717,0.5320754717,141,9,143,265,0,1,264,245,240,273,294,240,0,6,1556,100.0583333,0.2951729303,0.2951729303,1,2795,773,1,1,1,1,1,1,1,1,1,1,1,0,1,864
910000632,91000316,1,fine_step_primary,5701002,scale_2,intermediate_posture,baseline_flat,internet_facing,281,286,2297,flat,0.5,0.4301,36,0.3306,connected,0,0,864,5,270,0.9440559441,0.9440559441,270,10,282,353,1,1,454,508,474,564,662,444,527,7,3633,221.8666667,0.5725081699,0.5725081699,1,1454,584,1,1,1,1,1,1,1,1,1,1,1,86,0,864
910000633,91000316,1,fine_step_primary,5701002,scale_2,intermediate_posture,seg_detect_backup,internet_facing,281,286,1506,basic,0.5,0.4301,18,0.6316,isolated,0,1,864,5,2,0.006993006993,0.006993006993,2,1,1,9,0,0,0,0,0,0,0,0,0,0,0,0,0,0,0,936,0,1,1,1,1,1,1,1,1,1,1,1,0,1,217
910000634,91000317,1,fine_step_primary,5701003,scale_2,intermediate_posture,baseline_flat,privileged_system,261,287,2274,flat,0.5,0.4843,36,0.3306,connected,0,0,864,5,251,0.8745644599,0.8745644599,251,10,257,447,1,1,535,591,587,641,728,535,586,7,4203,259.0916667,0.6756535948,0.6756535948,1,1377,756,1,1,1,1,1,1,1,1,1,1,1,79,0,864
910000635,91000317,1,fine_step_primary,5701003,scale_2,intermediate_posture,seg_detect_backup,privileged_system,261,287,1481,basic,0.5,0.4843,18,0.6316,isolated,0,1,864,5,1,0.003484320557,0.003484320557,1,1,0,7,0,1,0,0,24,0,0,0,24,2,48,3,0.007352941176,0.007352941176,0,2064,172,1,1,1,1,1,1,1,1,1,1,1,0,1,404
910000636,91000318,1,fine_step_primary,5701004,scale_2,intermediate_posture,baseline_flat,medical_device,167,226,1766,flat,0.5,0.4646,36,0.3306,connected,0,0,864,5,215,0.9513274336,0.9513274336,215,10,220,390,1,1,425,480,451,541,659,424,479,7,3459,210.5166667,0.5424836601,0.5424836601,1,919,775,1,1,1,1,1,1,1,1,1,1,1,65,0,864
910000637,91000318,1,fine_step_primary,5701004,scale_2,intermediate_posture,seg_detect_backup,medical_device,167,226,1143,basic,0.5,0.4646,18,0.6316,isolated,0,1,864,5,3,0.01327433628,0.01327433628,3,2,2,44,0,0,0,0,0,0,0,0,0,0,0,0,0,0,0,648,0,1,1,1,1,1,1,1,1,1,1,1,0,1,234
910000638,91000319,1,fine_step_primary,5701005,scale_2,intermediate_posture,baseline_flat,vendor_connection,270,271,2168,flat,0.5,0.4428,36,0.3306,connected,0,0,864,5,249,0.9188191882,0.9188191882,249,10,256,372,1,1,440,485,452,542,675,427,545,7,3566,216.2916667,0.5494961874,0.5494961874,1,1358,-1,0,0,1,1,1,1,1,1,0.8571428571,0.8571428571,0.8571428571,79,0,864
910000639,91000319,1,fine_step_primary,5701005,scale_2,intermediate_posture,seg_detect_backup,vendor_connection,270,271,1421,basic,0.5,0.4428,18,0.6316,isolated,0,1,864,5,149,0.5498154982,0.5498154982,149,9,148,216,0,1,197,203,174,184,229,171,24,7,1182,75.39166667,0.2194989107,0.2194989107,1,2544,498,1,1,1,1,1,1,1,1,1,1,1,0,1,669
910000640,91000320,1,fine_step_primary,5701001,scale_2,intermediate_posture,baseline_flat,workstation,4,230,1759,flat,0.5,0.5087,36,0.3306,connected,0,0,864,5,202,0.8782608696,0.8782608696,202,10,205,368,1,1,416,463,434,510,627,416,471,7,3337,203.4833333,0.5221949891,0.5221949891,1,1224,546,1,1,1,1,1,1,1,1,1,1,1,62,0,864
910000641,91000320,1,fine_step_primary,5701001,scale_2,intermediate_posture,seg_detect_backup,workstation,4,230,1174,basic,0.5,0.5087,18,0.6316,isolated,0,1,864,5,4,0.01739130435,0.01739130435,4,1,3,91,0,0,0,0,0,0,0,0,0,0,0,0,0,0,0,648,0,1,1,1,1,1,1,1,1,1,1,1,0,1,187
910000642,91000321,1,fine_step_primary,5701002,scale_2,intermediate_posture,baseline_flat,internet_facing,294,299,2335,flat,0.5,0.4415,36,0.3306,connected,0,0,864,5,279,0.9331103679,0.9331103679,279,10,286,324,1,1,395,451,419,505,626,395,469,7,3260,197.8083333,0.5059912854,0.5059912854,1,1644,512,1,1,1,1,1,1,1,1,1,1,1,84,0,864
910000643,91000321,1,fine_step_primary,5701002,scale_2,intermediate_posture,seg_detect_backup,internet_facing,294,299,1543,basic,0.5,0.4415,18,0.6316,isolated,0,1,864,5,82,0.2742474916,0.2742474916,82,9,83,188,0,1,162,171,167,166,182,162,0,6,1010,65.325,0.1924360022,0.1924360022,1,816,211,1,1,1,1,1,1,1,1,1,1,1,0,1,252
910000644,91000322,1,fine_step_primary,5701003,scale_2,intermediate_posture,baseline_flat,privileged_system,227,250,1951,flat,0.5,0.44,36,0.3306,connected,0,0,864,5,227,0.908,0.908,227,10,230,292,1,1,366,395,366,472,618,342,422,7,2981,179.1666667,0.4567674292,0.4567674292,1,1385,699,1,1,1,1,1,1,1,1,1,1,1,67,0,864
910000645,91000322,1,fine_step_primary,5701003,scale_2,intermediate_posture,seg_detect_backup,privileged_system,227,250,1269,basic,0.5,0.44,18,0.6316,isolated,0,1,864,5,2,0.008,0.008,2,1,1,22,0,1,24,0,0,0,24,0,0,2,48,2.8,0.008169934641,0.008169934641,0,2064,444,1,1,1,1,1,1,1,1,1,1,1,0,1,534
910000646,91000323,1,fine_step_primary,5701004,scale_2,intermediate_posture,baseline_flat,medical_device,183,241,1913,flat,0.5,0.4149,36,0.3306,connected,0,0,864,5,223,0.9253112033,0.9253112033,223,10,227,295,1,1,354,387,359,442,571,330,414,7,2857,172.4916667,0.441210512,0.441210512,1,1145,694,1,1,1,1,1,1,1,1,1,1,1,69,0,864
910000647,91000323,1,fine_step_primary,5701004,scale_2,intermediate_posture,seg_detect_backup,medical_device,183,241,1252,basic,0.5,0.4149,18,0.6316,isolated,0,1,864,5,120,0.4979253112,0.4979253112,120,9,119,345,0,1,159,172,174,178,216,159,0,6,1058,67.275,0.1966911765,0.1966911765,1,1584,380,1,1,1,1,1,1,1,1,1,1,1,0,1,604
910000648,91000324,1,fine_step_primary,5701005,scale_2,intermediate_posture,baseline_flat,vendor_connection,272,273,2073,flat,0.5,0.4579,36,0.3306,connected,0,0,864,5,242,0.8864468864,0.8864468864,242,10,246,363,1,1,419,481,471,515,669,419,492,7,3466,210.675,0.5406454248,0.5406454248,1,1462,732,1,1,1,1,1,1,1,1,1,1,1,70,0,864
910000649,91000324,1,fine_step_primary,5701005,scale_2,intermediate_posture,seg_detect_backup,vendor_connection,272,273,1388,basic,0.5,0.4579,18,0.6316,isolated,0,1,864,5,115,0.4212454212,0.4212454212,115,9,114,192,0,1,234,200,200,182,215,176,24,7,1231,80.01666667,0.2387663399,0.2387663399,1,2520,465,1,1,1,1,1,1,1,1,1,1,1,0,1,657
910000650,91000325,1,fine_step_primary,5701001,scale_2,intermediate_posture,baseline_flat,workstation,92,282,2193,flat,0.5,0.4681,36,0.3306,connected,0,0,864,5,242,0.8581560284,0.8581560284,242,10,251,359,1,1,406,453,427,508,631,406,487,7,3318,201.525,0.5134463508,0.5134463508,1,1547,537,1,1,1,1,1,1,1,1,1,1,1,76,0,864
910000651,91000325,1,fine_step_primary,5701001,scale_2,intermediate_posture,seg_detect_backup,workstation,92,282,1455,basic,0.5,0.4681,18,0.6316,isolated,0,1,864,5,1,0.003546099291,0.003546099291,1,1,0,14,0,0,0,0,0,0,24,0,0,1,24,0.8,0,0,0,3593,0,1,1,1,1,1,1,1,1,1,1,1,0,1,864
910000652,91000326,1,fine_step_primary,5701002,scale_2,intermediate_posture,baseline_flat,internet_facing,256,264,2050,flat,0.5,0.4205,36,0.3306,connected,0,0,864,5,238,0.9015151515,0.9015151515,238,10,242,382,1,1,449,508,474,563,679,449,524,7,3646,222.1833333,0.5705678105,0.5705678105,1,1193,574,1,1,1,1,1,1,1,1,1,1,1,78,0,864
910000653,91000326,1,fine_step_primary,5701002,scale_2,intermediate_posture,seg_detect_backup,internet_facing,256,264,1341,basic,0.5,0.4205,18,0.6316,isolated,0,1,864,5,1,0.003787878788,0.003787878788,1,1,0,33,0,0,24,24,24,24,24,24,0,6,144,9.4,0.02777777778,0.02777777778,0,1440,260,1,1,1,1,1,1,1,1,1,1,1,0,1,333
910000654,91000327,1,fine_step_primary,5701003,scale_2,intermediate_posture,baseline_flat,privileged_system,226,271,2105,flat,0.5,0.5166,36,0.3306,connected,0,0,864,5,241,0.889298893,0.889298893,241,10,242,327,1,1,375,454,405,491,631,375,483,7,3214,193.8416667,0.4923747277,0.4923747277,1,1596,716,1,1,1,1,1,1,1,1,1,1,1,73,0,864
910000655,91000327,1,fine_step_primary,5701003,scale_2,intermediate_posture,seg_detect_backup,privileged_system,226,271,1388,basic,0.5,0.5166,18,0.6316,isolated,0,1,864,5,117,0.4317343173,0.4317343173,117,8,116,329,0,1,317,328,322,369,345,317,24,7,2022,130.4333333,0.3838167211,0.3838167211,1,2424,390,1,1,1,1,1,1,1,1,1,1,1,0,1,621
910000656,91000328,1,fine_step_primary,5701004,scale_2,intermediate_posture,baseline_flat,medical_device,159,231,1843,flat,0.5,0.4329,36,0.3306,connected,0,0,864,5,216,0.9350649351,0.9350649351,216,10,217,336,1,1,395,447,421,502,634,395,455,7,3249,197.0833333,0.5047998366,0.5047998366,1,843,516,1,1,1,1,1,1,1,1,1,1,1,62,0,864
910000657,91000328,1,fine_step_primary,5701004,scale_2,intermediate_posture,seg_detect_backup,medical_device,159,231,1210,basic,0.5,0.4329,18,0.6316,isolated,0,1,864,5,2,0.008658008658,0.008658008658,2,1,1,30,0,0,0,0,0,0,0,0,0,0,0,0,0,0,0,1464,0,1,1,1,1,1,1,1,1,1,1,1,0,1,347
910000658,91000329,1,fine_step_primary,5701005,scale_2,intermediate_posture,baseline_flat,vendor_connection,212,213,1621,flat,0.5,0.4554,36,0.3306,connected,0,0,864,5,196,0.9201877934,0.9201877934,196,10,199,237,1,1,308,364,333,412,531,308,372,7,2628,158.3416667,0.4041734749,0.4041734749,1,1247,417,1,1,1,1,1,1,1,1,1,1,1,57,0,864
910000659,91000329,1,fine_step_primary,5701005,scale_2,intermediate_posture,seg_detect_backup,vendor_connection,212,213,1078,basic,0.5,0.4554,18,0.6316,isolated,0,1,864,5,111,0.5211267606,0.5211267606,111,9,111,263,0,1,267,278,271,282,309,267,0,6,1674,107.8833333,0.3168232571,0.3168232571,1,672,295,1,1,1,1,1,1,1,1,1,1,1,0,1,347
910000660,91000330,1,fine_step_primary,5701001,scale_2,intermediate_posture,baseline_flat,workstation,84,292,2332,flat,0.5,0.411,36,0.3306,connected,0,0,864,5,272,0.9315068493,0.9315068493,272,10,283,348,1,1,408,446,409,525,621,384,496,7,3289,199.3333333,0.5107570806,0.5107570806,1,1400,783,1,1,1,1,1,1,1,1,1,1,1,84,0,864
910000661,91000330,1,fine_step_primary,5701001,scale_2,intermediate_posture,seg_detect_backup,workstation,84,292,1534,basic,0.5,0.411,18,0.6316,isolated,0,1,864,5,6,0.02054794521,0.02054794521,6,4,5,49,0,0,24,0,24,24,0,0,48,4,120,7.6,0.02124183007,0.02124183007,0,3704,783,1,1,1,1,1,1,1,1,1,1,1,0,1,864
910000662,91000331,1,fine_step_primary,5701002,scale_2,intermediate_posture,baseline_flat,internet_facing,224,233,1826,flat,0.5,0.4549,36,0.3306,connected,0,0,864,5,217,0.9313304721,0.9313304721,217,10,219,489,1,1,535,597,575,648,760,531,629,7,4275,261.9166667,0.6752791394,0.6752791394,1,736,682,1,1,1,1,1,1,1,1,1,1,1,67,0,864
910000663,91000331,1,fine_step_primary,5701002,scale_2,intermediate_posture,seg_detect_backup,internet_facing,224,233,1202,basic,0.5,0.4549,18,0.6316,isolated,0,1,864,5,1,0.004291845494,0.004291845494,1,1,0,13,0,0,0,24,0,0,0,0,24,2,48,2.8,0.006535947712,0.006535947712,0,1176,335,1,1,1,1,1,1,1,1,1,1,1,0,1,354
910000664,91000332,1,fine_step_primary,5701003,scale_2,intermediate_posture,baseline_flat,privileged_system,217,272,2194,flat,0.5,0.5515,36,0.3306,connected,0,0,864,5,235,0.8639705882,0.8639705882,235,10,237,342,1,1,444,495,468,546,667,444,479,7,3543,216.4333333,0.5594362745,0.5594362745,1,1359,723,1,1,1,1,1,1,1,1,1,1,1,78,0,864
910000665,91000332,1,fine_step_primary,5701003,scale_2,intermediate_posture,seg_detect_backup,privileged_system,217,272,1435,basic,0.5,0.5515,18,0.6316,isolated,0,1,864,5,58,0.2132352941,0.2132352941,58,9,57,184,0,1,196,181,220,202,197,178,24,7,1198,77.8,0.2315495643,0.2315495643,1,2784,455,1,1,1,1,1,1,1,1,1,1,1,0,1,686
910000666,91000333,1,fine_step_primary,5701004,scale_2,intermediate_posture,baseline_flat,medical_device,230,296,2302,flat,0.5,0.4696,36,0.3306,connected,0,0,864,5,262,0.8851351351,0.8851351351,262,10,266,540,1,1,589,642,620,697,831,589,670,7,4638,284.4166667,0.7313793573,0.7313793573,1,1161,728,1,1,1,1,1,1,1,1,1,1,1,84,0,864
910000667,91000333,1,fine_step_primary,5701004,scale_2,intermediate_posture,seg_detect_backup,medical_device,230,296,1522,basic,0.5,0.4696,18,0.6316,isolated,0,1,864,5,156,0.527027027,0.527027027,156,9,155,402,0,1,375,378,382,383,406,372,24,7,2320,150.075,0.4388956972,0.4388956972,1,3341,432,1,1,1,1,1,1,1,1,1,1,1,0,1,864
910000668,91000334,1,fine_step_primary,5701005,scale_2,intermediate_posture,baseline_flat,vendor_connection,248,249,1896,flat,0.5,0.4578,36,0.3306,connected,0,0,864,5,222,0.8915662651,0.8915662651,222,10,229,561,1,1,613,666,637,719,820,613,688,7,4756,292.9083333,0.7565359477,0.7565359477,1,720,740,1,1,1,1,1,1,1,1,1,1,1,67,0,864
910000669,91000334,1,fine_step_primary,5701005,scale_2,intermediate_posture,seg_detect_backup,vendor_connection,248,249,1252,basic,0.5,0.4578,18,0.6316,isolated,0,1,864,5,2,0.008032128514,0.008032128514,2,2,1,15,0,0,0,0,0,0,0,0,0,0,0,0,0,0,0,768,0,1,1,1,1,1,1,1,1,1,1,1,0,1,220
910000670,91000335,1,fine_step_primary,5701001,scale_2,intermediate_posture,baseline_flat,workstation,34,221,1758,flat,0.5,0.4751,36,0.3306,connected,0,0,864,5,1,0.004524886878,0.004524886878,1,1,0,5,0,0,24,24,24,24,45,24,0,6,165,10.1,0.02777777778,0.02777777778,0,1032,203,1,1,1,1,1,1,1,1,1,1,1,0,1,285
910000671,91000335,1,fine_step_primary,5701001,scale_2,intermediate_posture,seg_detect_backup,workstation,34,221,1147,basic,0.5,0.4751,18,0.6316,isolated,0,1,864,5,1,0.004524886878,0.004524886878,1,1,0,2,0,0,24,24,24,24,45,24,0,6,165,10.1,0.02777777778,0.02777777778,0,1032,203,1,1,1,1,1,1,1,1,1,1,1,0,1,285
910000672,91000336,1,fine_step_primary,5701002,scale_2,intermediate_posture,baseline_flat,internet_facing,234,242,1877,flat,0.5,0.4711,36,0.3306,connected,0,0,864,5,216,0.8925619835,0.8925619835,216,10,224,320,1,1,363,421,414,475,589,361,436,7,3059,185.5833333,0.478247549,0.478247549,1,1752,699,1,1,1,1,1,1,1,1,1,1,1,66,0,864
910000673,91000336,1,fine_step_primary,5701002,scale_2,intermediate_posture,seg_detect_backup,internet_facing,234,242,1235,basic,0.5,0.4711,18,0.6316,isolated,0,1,864,5,116,0.479338843,0.479338843,116,9,115,226,0,1,191,198,194,203,211,191,48,7,1236,79.26666667,0.2267497277,0.2267497277,1,1056,255,1,1,1,1,1,1,1,1,1,1,1,0,1,330
910000674,91000337,1,fine_step_primary,5701003,scale_2,intermediate_posture,baseline_flat,privileged_system,11,219,1718,flat,0.5,0.4475,36,0.3306,connected,0,0,864,5,189,0.8630136986,0.8630136986,189,10,195,306,1,1,368,418,386,447,576,367,443,7,3005,182.4333333,0.4638820806,0.4638820806,1,1598,492,1,1,1,1,1,1,1,1,1,1,1,63,0,864
910000675,91000337,1,fine_step_primary,5701003,scale_2,intermediate_posture,seg_detect_backup,privileged_system,11,219,1130,basic,0.5,0.4475,18,0.6316,isolated,0,1,864,5,1,0.004566210046,0.004566210046,1,1,0,42,0,0,0,0,0,0,0,0,0,0,0,0,0,0,0,456,0,1,1,1,1,1,1,1,1,1,1,1,0,1,122
910000676,91000338,1,fine_step_primary,5701004,scale_2,intermediate_posture,baseline_flat,medical_device,162,215,1697,flat,0.5,0.4372,36,0.3306,connected,0,0,864,5,1,0.004651162791,0.004651162791,1,1,0,3,0,0,0,0,0,0,0,0,0,0,0,0,0,0,0,288,0,1,1,1,1,1,1,1,1,1,1,1,0,1,110
910000677,91000338,1,fine_step_primary,5701004,scale_2,intermediate_posture,seg_detect_backup,medical_device,162,215,1107,basic,0.5,0.4372,18,0.6316,isolated,0,1,864,5,1,0.004651162791,0.004651162791,1,1,0,1,0,0,0,0,0,0,0,0,0,0,0,0,0,0,0,288,0,1,1,1,1,1,1,1,1,1,1,1,0,1,110
910000678,91000339,1,fine_step_primary,5701005,scale_2,intermediate_posture,baseline_flat,vendor_connection,230,231,1772,flat,0.5,0.4978,36,0.3306,connected,0,0,864,5,206,0.8917748918,0.8917748918,206,10,214,270,1,1,341,379,348,428,553,341,397,7,2787,168.6083333,0.4279003268,0.4279003268,1,1632,439,1,1,1,1,1,1,1,1,1,1,1,59,0,864
910000679,91000339,1,fine_step_primary,5701005,scale_2,intermediate_posture,seg_detect_backup,vendor_connection,230,231,1174,basic,0.5,0.4978,18,0.6316,isolated,0,1,864,5,121,0.5238095238,0.5238095238,121,9,120,412,0,1,410,417,413,422,444,410,0,6,2516,163.1083333,0.4802219499,0.4802219499,1,1248,445,1,1,1,1,1,1,1,1,1,1,1,0,1,504
910000680,91000340,1,fine_step_primary,5701001,scale_2,intermediate_posture,baseline_flat,workstation,29,208,1597,flat,0.5,0.4712,36,0.3306,connected,0,0,864,5,191,0.9182692308,0.9182692308,191,10,193,622,1,1,681,733,705,785,844,681,741,7,5170,320.5416667,0.8344907407,0.8344907407,1,528,806,1,1,1,1,1,0,1,1,0.8571428571,0.8571428571,0.8571428571,57,0,864
910000681,91000340,1,fine_step_primary,5701001,scale_2,intermediate_posture,seg_detect_backup,workstation,29,208,1049,basic,0.5,0.4712,18,0.6316,isolated,0,1,864,5,4,0.01923076923,0.01923076923,4,2,3,36,0,0,0,0,0,24,0,0,0,1,24,1.4,0.005718954248,0.005718954248,0,1176,202,1,1,1,1,1,1,1,1,1,1,1,0,1,297
910000682,91000341,1,fine_step_primary,5701002,scale_2,intermediate_posture,baseline_flat,internet_facing,268,273,2128,flat,0.5,0.4652,36,0.3306,connected,0,0,864,5,235,0.8608058608,0.8608058608,235,10,241,291,1,1,424,427,427,475,594,381,443,7,3171,194.0583333,0.5046296296,0.5046296296,1,1925,821,1,1,1,1,1,1,1,1,1,1,1,72,0,864
910000683,91000341,1,fine_step_primary,5701002,scale_2,intermediate_posture,seg_detect_backup,internet_facing,268,273,1416,basic,0.5,0.4652,18,0.6316,isolated,0,1,864,5,3,0.01098901099,0.01098901099,3,3,2,11,0,0,0,0,0,0,0,0,24,1,24,1.2,0,0,0,1656,0,1,1,1,1,1,1,1,1,1,1,1,0,1,329
910000684,91000342,1,fine_step_primary,5701003,scale_2,intermediate_posture,baseline_flat,privileged_system,184,228,1809,flat,0.5,0.4298,36,0.3306,connected,0,0,864,5,1,0.004385964912,0.004385964912,1,1,0,10,0,0,0,24,48,24,0,0,0,3,96,6.6,0.02696078431,0.02696078431,0,816,194,1,1,1,1,1,1,1,1,1,1,1,0,1,223
910000685,91000342,1,fine_step_primary,5701003,scale_2,intermediate_posture,seg_detect_backup,privileged_system,184,228,1182,basic,0.5,0.4298,18,0.6316,isolated,0,1,864,5,1,0.004385964912,0.004385964912,1,1,0,8,0,0,0,24,48,24,0,0,0,3,96,6.6,0.02696078431,0.02696078431,0,816,194,1,1,1,1,1,1,1,1,1,1,1,0,1,223
910000686,91000343,1,fine_step_primary,5701004,scale_2,intermediate_posture,baseline_flat,medical_device,169,214,1658,flat,0.5,0.4206,36,0.3306,connected,0,0,864,5,194,0.9065420561,0.9065420561,194,10,198,326,1,1,405,429,408,480,597,373,455,7,3147,191.575,0.4940767974,0.4940767974,1,913,690,1,1,1,1,1,1,1,1,1,1,1,58,0,864
910000687,91000343,1,fine_step_primary,5701004,scale_2,intermediate_posture,seg_detect_backup,medical_device,169,214,1104,basic,0.5,0.4206,18,0.6316,isolated,0,1,864,5,17,0.07943925234,0.07943925234,17,2,16,67,0,0,24,0,0,0,0,0,0,1,24,2,0.008169934641,0.008169934641,0,480,54,1,1,1,1,1,1,1,1,1,1,1,0,1,163
910000688,91000344,1,fine_step_primary,5701005,scale_2,intermediate_posture,baseline_flat,vendor_connection,261,262,2043,flat,0.5,0.4504,36,0.3306,connected,0,0,864,5,222,0.8473282443,0.8473282443,222,10,227,439,1,1,521,568,541,645,728,515,590,7,4108,251.875,0.6514842048,0.6514842048,1,1321,-1,0,0,0,0,0,0,0,1,0.1428571429,0.1428571429,0.1428571429,72,0,864
910000689,91000344,1,fine_step_primary,5701005,scale_2,intermediate_posture,seg_detect_backup,vendor_connection,261,262,1346,basic,0.5,0.4504,18,0.6316,isolated,0,1,864,5,2,0.007633587786,0.007633587786,2,1,1,15,0,0,24,0,0,0,0,0,0,1,24,2,0.008169934641,0.008169934641,0,408,30,1,1,1,1,1,1,1,1,1,1,1,0,1,114
910000690,91000345,1,fine_step_primary,5701001,scale_2,intermediate_posture,baseline_flat,workstation,99,296,2289,flat,0.5,0.4899,36,0.3306,connected,0,0,864,5,259,0.875,0.875,259,10,265,350,1,1,445,472,440,525,611,415,431,7,3339,205.2166667,0.5399305556,0.5399305556,1,2018,-1,0,0,1,1,1,1,1,1,0.8571428571,0.8571428571,0.8571428571,79,0,864
910000691,91000345,1,fine_step_primary,5701001,scale_2,intermediate_posture,seg_detect_backup,workstation,99,296,1515,basic,0.5,0.4899,18,0.6316,isolated,0,1,864,5,13,0.04391891892,0.04391891892,13,1,12,100,0,0,78,72,48,48,72,48,0,6,366,23.7,0.07230392157,0.07230392157,0,4202,-1,0,0,1,1,1,1,1,1,0.8571428571,0.8333333333,0.8571428571,0,1,864
910000692,91000346,1,fine_step_primary,5701002,scale_2,intermediate_posture,baseline_flat,internet_facing,280,288,2240,flat,0.5,0.4306,36,0.3306,connected,0,0,864,5,270,0.9375,0.9375,270,10,275,356,1,1,436,490,461,552,646,436,509,7,3530,215.4583333,0.5546364379,0.5546364379,1,1306,639,1,1,1,1,1,1,1,1,1,1,1,82,0,864
910000693,91000346,1,fine_step_primary,5701002,scale_2,intermediate_posture,seg_detect_backup,internet_facing,280,288,1469,basic,0.5,0.4306,18,0.6316,isolated,0,1,864,5,102,0.3541666667,0.3541666667,102,9,101,202,0,1,241,254,251,261,298,237,0,6,1542,98.775,0.2903050109,0.2903050109,1,3514,639,1,1,1,1,1,1,1,1,1,1,1,0,1,864
910000694,91000347,1,fine_step_primary,5701003,scale_2,intermediate_posture,baseline_flat,privileged_system,1,224,1818,flat,0.5,0.4911,36,0.3306,connected,0,0,864,5,1,0.004464285714,0.004464285714,1,1,0,4,0,0,24,0,0,0,0,0,0,1,24,2,0.008169934641,0.008169934641,0,504,31,1,1,1,1,1,1,1,1,1,1,1,0,1,119
910000695,91000347,1,fine_step_primary,5701003,scale_2,intermediate_posture,seg_detect_backup,privileged_system,1,224,1178,basic,0.5,0.4911,18,0.6316,isolated,0,1,864,5,1,0.004464285714,0.004464285714,1,1,0,2,0,0,24,0,0,0,0,0,0,1,24,2,0.008169934641,0.008169934641,0,504,31,1,1,1,1,1,1,1,1,1,1,1,0,1,119
910000696,91000348,1,fine_step_primary,5701004,scale_2,intermediate_posture,baseline_flat,medical_device,223,285,2278,flat,0.5,0.5193,36,0.3306,connected,0,0,864,5,257,0.901754386,0.901754386,257,10,262,361,1,1,392,448,406,504,625,381,471,7,3227,195.3416667,0.4999319172,0.4999319172,1,1509,548,1,1,1,1,1,1,1,1,1,1,1,82,0,864
910000697,91000348,1,fine_step_primary,5701004,scale_2,intermediate_posture,seg_detect_backup,medical_device,223,285,1481,basic,0.5,0.5193,18,0.6316,isolated,0,1,864,5,1,0.00350877193,0.00350877193,1,1,0,9,0,0,0,24,0,0,0,0,0,1,24,1.6,0.006535947712,0.006535947712,0,3957,349,1,1,1,1,1,1,1,1,1,1,1,0,1,864
910000698,91000349,1,fine_step_primary,5701005,scale_2,intermediate_posture,baseline_flat,vendor_connection,226,227,1817,flat,0.5,0.5066,36,0.3306,connected,0,0,864,5,204,0.8986784141,0.8986784141,204,10,210,438,1,1,491,543,514,596,725,490,570,7,3929,239.85,0.6145152505,0.6145152505,1,1100,626,1,1,1,1,1,1,1,1,1,1,1,65,0,864
910000699,91000349,1,fine_step_primary,5701005,scale_2,intermediate_posture,seg_detect_backup,vendor_connection,226,227,1181,basic,0.5,0.5066,18,0.6316,isolated,0,1,864,5,90,0.3964757709,0.3964757709,90,9,89,207,0,1,196,204,196,208,220,196,0,6,1220,78.8,0.2318899782,0.2318899782,1,2832,238,1,1,1,1,1,1,1,1,1,1,1,0,1,790
910000700,91000350,1,fine_step_primary,5701001,scale_2,intermediate_posture,baseline_flat,workstation,72,272,2101,flat,0.5,0.4632,36,0.3306,connected,0,0,864,5,241,0.8860294118,0.8860294118,241,10,249,487,1,1,553,634,601,665,780,553,604,7,4390,269.8916667,0.7034994553,0.7034994553,1,1200,862,1,1,1,1,1,1,1,1,1,1,1,76,0,864
910000701,91000350,1,fine_step_primary,5701001,scale_2,intermediate_posture,seg_detect_backup,workstation,72,272,1382,basic,0.5,0.4632,18,0.6316,isolated,0,1,864,5,147,0.5404411765,0.5404411765,147,8,146,506,0,1,501,535,528,541,536,501,0,6,3142,204.0166667,0.6069240196,0.6069240196,1,2816,862,1,1,1,1,1,1,1,1,1,1,1,0,1,864
910000702,91000351,1,fine_step_primary,5701002,scale_2,intermediate_posture,baseline_flat,internet_facing,267,271,2141,flat,0.5,0.4354,36,0.3306,connected,0,0,864,5,245,0.9040590406,0.9040590406,245,10,250,333,1,1,381,435,429,500,620,381,486,7,3232,195.6333333,0.4987404684,0.4987404684,1,1671,657,1,1,1,1,1,1,1,1,1,1,1,77,0,864
910000703,91000351,1,fine_step_primary,5701002,scale_2,intermediate_posture,seg_detect_backup,internet_facing,267,271,1396,basic,0.5,0.4354,18,0.6316,isolated,0,1,864,5,5,0.0184501845,0.0184501845,5,2,4,74,0,0,24,24,33,48,48,24,0,6,201,12.275,0.03625408497,0.03625408497,1,2448,475,1,1,1,1,1,1,1,1,1,1,1,0,1,529
910000704,91000352,1,fine_step_primary,5701003,scale_2,intermediate_posture,baseline_flat,privileged_system,188,211,1637,flat,0.5,0.4787,36,0.3306,connected,0,0,864,5,186,0.8815165877,0.8815165877,186,10,189,345,1,1,422,492,437,520,645,412,488,7,3416,207.875,0.5354370915,0.5354370915,1,1105,769,1,1,1,1,1,1,1,1,1,1,1,58,0,864
910000705,91000352,1,fine_step_primary,5701003,scale_2,intermediate_posture,seg_detect_backup,privileged_system,188,211,1080,basic,0.5,0.4787,18,0.6316,isolated,0,1,864,5,1,0.004739336493,0.004739336493,1,1,0,5,0,1,0,0,0,0,0,0,0,0,0,0,0,0,0,0,0,1,1,1,1,1,1,1,1,1,1,1,0,1,11
910000706,91000353,1,fine_step_primary,5701004,scale_2,intermediate_posture,baseline_flat,medical_device,208,291,2289,flat,0.5,0.4674,36,0.3306,connected,0,0,864,5,265,0.910652921,0.910652921,265,10,272,321,1,1,369,420,389,474,604,369,452,7,3077,185.9833333,0.472120098,0.472120098,1,1470,508,1,1,1,1,1,1,1,1,1,1,1,82,0,864
910000707,91000353,1,fine_step_primary,5701004,scale_2,intermediate_posture,seg_detect_backup,medical_device,208,291,1494,basic,0.5,0.4674,18,0.6316,isolated,0,1,864,5,110,0.3780068729,0.3780068729,110,9,109,198,0,1,119,163,87,128,166,87,0,6,750,46.83333333,0.1420547386,0.1420547386,1,648,218,1,1,1,1,1,1,1,1,1,1,1,0,1,268
910000708,91000354,1,fine_step_primary,5701005,scale_2,intermediate_posture,baseline_flat,vendor_connection,233,234,1884,flat,0.5,0.4744,36,0.3306,connected,0,0,864,5,212,0.905982906,0.905982906,212,10,217,318,1,1,404,439,406,493,619,380,460,7,3201,194.275,0.4989447168,0.4989447168,1,1040,549,1,1,1,1,1,1,1,1,1,1,1,70,0,864
910000709,91000354,1,fine_step_primary,5701005,scale_2,intermediate_posture,seg_detect_backup,vendor_connection,233,234,1220,basic,0.5,0.4744,18,0.6316,isolated,0,1,864,5,1,0.004273504274,0.004273504274,1,1,0,5,0,0,0,0,0,0,24,0,0,1,24,0.8,0,0,0,912,0,1,1,1,1,1,1,1,1,1,1,1,0,1,230
910000710,91000355,1,fine_step_primary,5701001,scale_2,intermediate_posture,baseline_flat,workstation,59,281,2152,flat,0.5,0.4555,36,0.3306,connected,0,0,864,5,2,0.007117437722,0.007117437722,2,1,1,7,0,0,0,0,0,24,0,0,0,1,24,1.4,0.005718954248,0.005718954248,0,816,127,1,1,1,1,1,1,1,1,1,1,1,0,1,197
910000711,91000355,1,fine_step_primary,5701001,scale_2,intermediate_posture,seg_detect_backup,workstation,59,281,1441,basic,0.5,0.4555,18,0.6316,isolated,0,1,864,5,1,0.003558718861,0.003558718861,1,1,0,1,0,0,0,0,0,24,0,0,0,1,24,1.4,0.005718954248,0.005718954248,0,816,127,1,1,1,1,1,1,1,1,1,1,1,0,1,197
910000712,91000356,1,fine_step_primary,5701002,scale_2,intermediate_posture,baseline_flat,internet_facing,216,223,1754,flat,0.5,0.426,36,0.3306,connected,0,0,864,5,203,0.9103139013,0.9103139013,203,10,205,351,1,1,428,468,492,517,663,404,492,7,3464,210.925,0.5470792484,0.5470792484,1,1035,803,1,1,1,1,1,1,1,1,1,1,1,62,0,864
910000713,91000356,1,fine_step_primary,5701002,scale_2,intermediate_posture,seg_detect_backup,internet_facing,216,223,1135,basic,0.5,0.426,18,0.6316,isolated,0,1,864,5,1,0.004484304933,0.004484304933,1,1,0,4,0,0,0,0,0,0,0,0,0,0,0,0,0,0,0,264,0,1,1,1,1,1,1,1,1,1,1,1,0,1,94
910000714,91000357,1,fine_step_primary,5701003,scale_2,intermediate_posture,baseline_flat,privileged_system,206,230,1853,flat,0.5,0.4696,36,0.3306,connected,0,0,864,5,199,0.8652173913,0.8652173913,199,10,202,602,1,1,707,750,733,795,862,707,758,7,5312,329.925,0.8589324619,0.8589324619,1,891,798,1,1,1,1,1,0,1,1,0.8571428571,0.8571428571,0.8571428571,67,0,864
910000715,91000357,1,fine_step_primary,5701003,scale_2,intermediate_posture,seg_detect_backup,privileged_system,206,230,1207,basic,0.5,0.4696,18,0.6316,isolated,0,1,864,5,108,0.4695652174,0.4695652174,108,9,108,239,0,1,277,301,292,288,309,277,24,7,1768,114.125,0.3343545752,0.3343545752,1,3088,753,1,1,1,1,1,1,1,1,1,1,1,0,1,864
910000716,91000358,1,fine_step_primary,5701004,scale_2,intermediate_posture,baseline_flat,medical_device,201,294,2374,flat,0.5,0.4626,36,0.3306,connected,0,0,864,5,261,0.887755102,0.887755102,261,10,263,460,1,1,499,558,526,615,739,499,585,7,4021,245.4166667,0.6295275054,0.6295275054,1,1694,659,1,1,1,1,1,1,1,1,1,1,1,89,0,864
910000717,91000358,1,fine_step_primary,5701004,scale_2,intermediate_posture,seg_detect_backup,medical_device,201,294,1542,basic,0.5,0.4626,18,0.6316,isolated,0,1,864,5,21,0.07142857143,0.07142857143,21,5,20,282,0,0,48,48,63,48,48,48,24,7,327,21.125,0.06015114379,0.06015114379,1,4797,342,1,1,1,1,1,1,1,1,1,1,1,0,1,864
910000718,91000359,1,fine_step_primary,5701005,scale_2,intermediate_posture,baseline_flat,vendor_connection,259,260,2086,flat,0.5,0.4308,36,0.3306,connected,0,0,864,5,230,0.8846153846,0.8846153846,230,10,233,339,1,1,437,492,490,554,631,433,470,7,3507,215.2916667,0.5648828976,0.5648828976,1,1514,655,1,1,1,1,1,1,1,1,1,1,1,67,0,864
910000719,91000359,1,fine_step_primary,5701005,scale_2,intermediate_posture,seg_detect_backup,vendor_connection,259,260,1361,basic,0.5,0.4308,18,0.6316,isolated,0,1,864,5,1,0.003846153846,0.003846153846,1,1,0,12,0,0,0,0,0,0,0,0,0,0,0,0,0,0,0,0,0,1,1,1,1,1,1,1,1,1,1,1,0,1,18
910000720,91000360,1,fine_step_primary,5701001,scale_2,intermediate_posture,baseline_flat,workstation,108,279,2145,flat,0.5,0.509,36,0.3306,connected,0,0,864,5,237,0.8494623656,0.8494623656,237,10,240,536,1,1,481,528,502,575,689,480,532,7,3787,232.0416667,0.5983455882,0.5983455882,1,1169,707,1,1,1,1,1,1,1,1,1,1,1,71,0,864
910000721,91000360,1,fine_step_primary,5701001,scale_2,intermediate_posture,seg_detect_backup,workstation,108,279,1429,basic,0.5,0.509,18,0.6316,isolated,0,1,864,5,9,0.03225806452,0.03225806452,9,1,8,96,0,0,24,24,24,24,24,24,0,6,144,9.4,0.02777777778,0.02777777778,0,1080,218,1,1,1,1,1,1,1,1,1,1,1,0,1,299
910000722,91000361,1,fine_step_primary,5701002,scale_2,intermediate_posture,baseline_flat,internet_facing,199,207,1623,flat,0.5,0.4155,36,0.3306,connected,0,0,864,5,196,0.9468599034,0.9468599034,196,10,199,297,1,1,423,508,452,536,639,423,483,7,3464,211.4583333,0.5485430283,0.5485430283,1,1225,761,1,1,1,1,1,1,1,1,1,1,1,59,0,864
910000723,91000361,1,fine_step_primary,5701002,scale_2,intermediate_posture,seg_detect_backup,internet_facing,199,207,1063,basic,0.5,0.4155,18,0.6316,isolated,0,1,864,5,126,0.6086956522,0.6086956522,126,9,125,344,0,1,339,369,339,352,373,339,48,7,2159,139.0666667,0.4036288126,0.4036288126,1,2040,692,1,1,1,1,1,1,1,1,1,1,1,0,1,728
910000724,91000362,1,fine_step_primary,5701003,scale_2,intermediate_posture,baseline_flat,privileged_system,17,201,1580,flat,0.5,0.4328,36,0.3306,connected,0,0,864,5,174,0.8656716418,0.8656716418,174,10,180,344,1,1,367,426,391,472,573,367,442,7,3038,184.5666667,0.4732094227,0.4732094227,1,1246,532,1,1,1,1,1,1,1,1,1,1,1,55,0,864
910000725,91000362,1,fine_step_primary,5701003,scale_2,intermediate_posture,seg_detect_backup,privileged_system,17,201,1025,basic,0.5,0.4328,18,0.6316,isolated,0,1,864,5,1,0.004975124378,0.004975124378,1,1,0,4,0,0,0,0,0,0,0,0,0,0,0,0,0,0,0,1152,0,1,1,1,1,1,1,1,1,1,1,1,0,1,399
910000726,91000363,1,fine_step_primary,5701004,scale_2,intermediate_posture,baseline_flat,medical_device,137,203,1584,flat,0.5,0.4877,36,0.3306,connected,0,0,864,5,184,0.9064039409,0.9064039409,184,10,191,443,1,1,487,568,511,627,721,487,605,7,4006,244.1583333,0.6264297386,0.6264297386,1,775,839,1,1,1,1,1,1,1,1,1,1,1,57,0,864
910000727,91000363,1,fine_step_primary,5701004,scale_2,intermediate_posture,seg_detect_backup,medical_device,137,203,1033,basic,0.5,0.4877,18,0.6316,isolated,0,1,864,5,2,0.009852216749,0.009852216749,2,1,1,6,0,0,0,0,0,0,24,0,24,2,48,2,0,0,0,1512,0,1,1,1,1,1,1,1,1,1,1,1,0,1,556
910000728,91000364,1,fine_step_primary,5701005,scale_2,intermediate_posture,baseline_flat,vendor_connection,224,225,1734,flat,0.5,0.44,36,0.3306,connected,0,0,864,5,203,0.9022222222,0.9022222222,203,10,211,290,1,1,380,434,380,488,580,356,456,7,3074,186.4,0.4802559913,0.4802559913,1,1208,800,1,1,1,1,1,1,1,1,1,1,1,60,0,864
910000729,91000364,1,fine_step_primary,5701005,scale_2,intermediate_posture,seg_detect_backup,vendor_connection,224,225,1148,basic,0.5,0.44,18,0.6316,isolated,0,1,864,5,122,0.5422222222,0.5422222222,122,9,122,292,0,1,297,305,297,321,333,297,0,6,1850,119.4583333,0.3516476035,0.3516476035,1,960,326,1,1,1,1,1,1,1,1,1,1,1,0,1,379
910000730,91000365,1,fine_step_primary,5701001,scale_2,intermediate_posture,baseline_flat,workstation,42,222,1713,flat,0.5,0.4189,36,0.3306,connected,0,0,864,5,207,0.9324324324,0.9324324324,207,10,219,415,1,1,458,507,462,566,659,430,492,7,3574,218.45,0.5703976035,0.5703976035,1,736,-1,0,1,0,1,1,1,1,1,0.8571428571,0.8571428571,0.8571428571,62,0,864
910000731,91000365,1,fine_step_primary,5701001,scale_2,intermediate_posture,seg_detect_backup,workstation,42,222,1126,basic,0.5,0.4189,18,0.6316,isolated,0,1,864,5,125,0.5630630631,0.5630630631,125,9,129,324,0,1,299,301,271,282,319,265,0,6,1737,112.2666667,0.3339801198,0.3339801198,1,1440,616,1,1,1,1,1,1,1,1,1,1,1,0,1,629
910000732,91000366,1,fine_step_primary,5701002,scale_2,intermediate_posture,baseline_flat,internet_facing,236,239,1929,flat,0.5,0.4477,36,0.3306,connected,0,0,864,5,220,0.9205020921,0.9205020921,220,10,229,404,1,1,450,500,496,560,703,440,532,7,3681,223.7333333,0.574754902,0.574754902,1,1198,-1,0,0,1,0,1,1,1,1,0.7142857143,0.7142857143,0.7142857143,72,0,864
910000733,91000366,1,fine_step_primary,5701002,scale_2,intermediate_posture,seg_detect_backup,internet_facing,236,239,1260,basic,0.5,0.4477,18,0.6316,isolated,0,1,864,5,1,0.004184100418,0.004184100418,1,1,0,13,0,0,24,0,0,0,24,0,0,2,48,2.8,0.008169934641,0.008169934641,0,432,89,1,1,1,1,1,1,1,1,1,1,1,0,1,99
910000734,91000367,1,fine_step_primary,5701003,scale_2,intermediate_posture,baseline_flat,privileged_system,109,245,1937,flat,0.5,0.4857,36,0.3306,connected,0,0,864,5,222,0.906122449,0.906122449,222,10,231,417,1,1,489,548,516,605,731,489,566,7,3944,240.6166667,0.6179534314,0.6179534314,1,974,614,1,1,1,1,1,1,1,1,1,1,1,72,0,864
910000735,91000367,1,fine_step_primary,5701003,scale_2,intermediate_posture,seg_detect_backup,privileged_system,109,245,1262,basic,0.5,0.4857,18,0.6316,isolated,0,1,864,5,1,0.004081632653,0.004081632653,1,1,0,17,0,0,0,0,0,0,0,0,0,0,0,0,0,0,0,0,0,1,1,1,1,1,1,1,1,1,1,1,0,1,23
910000736,91000368,1,fine_step_primary,5701004,scale_2,intermediate_posture,baseline_flat,medical_device,220,293,2294,flat,0.5,0.4744,36,0.3306,connected,0,0,864,5,264,0.9010238908,0.9010238908,264,10,267,457,1,1,507,554,530,601,715,507,558,7,3972,243.75,0.6290509259,0.6290509259,1,1258,-1,0,1,1,1,0,1,1,1,0.8571428571,0.8571428571,0.8571428571,77,0,864
910000737,91000368,1,fine_step_primary,5701004,scale_2,intermediate_posture,seg_detect_backup,medical_device,220,293,1511,basic,0.5,0.4744,18,0.6316,isolated,0,1,864,5,1,0.003412969283,0.003412969283,1,1,0,9,0,0,24,24,24,24,24,24,0,6,144,9.4,0.02777777778,0.02777777778,0,2664,475,1,1,1,1,1,1,1,1,1,1,1,0,1,541
910000738,91000369,1,fine_step_primary,5701005,scale_2,intermediate_posture,baseline_flat,vendor_connection,228,229,1789,flat,0.5,0.4585,36,0.3306,connected,0,0,864,5,202,0.8820960699,0.8820960699,202,10,206,296,1,1,377,391,373,445,566,329,440,7,2921,176.9583333,0.4551334423,0.4551334423,1,1218,645,1,1,1,1,1,1,1,1,1,1,1,60,0,864
910000739,91000369,1,fine_step_primary,5701005,scale_2,intermediate_posture,seg_detect_backup,vendor_connection,228,229,1175,basic,0.5,0.4585,18,0.6316,isolated,0,1,864,5,118,0.5152838428,0.5152838428,118,9,118,266,0,1,172,136,146,159,188,136,24,7,961,61.29166667,0.1782066993,0.1782066993,1,1152,347,1,1,1,1,1,1,1,1,1,1,1,0,1,439
910000740,91000370,1,fine_step_primary,5701001,scale_2,intermediate_posture,baseline_flat,workstation,2,263,2121,flat,0.5,0.5019,36,0.3306,connected,0,0,864,5,238,0.9049429658,0.9049429658,238,10,244,558,1,1,577,636,621,693,805,577,658,7,4567,280.4916667,0.7250136166,0.7250136166,1,710,753,1,1,1,1,1,0,1,1,0.8571428571,0.8571428571,0.8571428571,78,0,864
910000741,91000370,1,fine_step_primary,5701001,scale_2,intermediate_posture,seg_detect_backup,workstation,2,263,1385,basic,0.5,0.5019,18,0.6316,isolated,0,1,864,5,102,0.3878326996,0.3878326996,102,9,101,300,0,1,206,216,256,219,268,206,24,7,1395,89.125,0.2595656318,0.2595656318,1,2784,327,1,1,1,1,1,1,1,1,1,1,1,0,1,715
910000742,91000371,1,fine_step_primary,5701002,scale_2,intermediate_posture,baseline_flat,internet_facing,281,288,2289,flat,0.5,0.4514,36,0.3306,connected,0,0,864,5,261,0.90625,0.90625,261,10,267,351,1,1,405,492,433,516,642,405,506,7,3399,206.2,0.5274714052,0.5274714052,1,1426,713,1,1,1,1,1,1,1,1,1,1,1,79,0,864
910000743,91000371,1,fine_step_primary,5701002,scale_2,intermediate_posture,seg_detect_backup,internet_facing,281,288,1502,basic,0.5,0.4514,18,0.6316,isolated,0,1,864,5,138,0.4791666667,0.4791666667,138,9,137,351,0,1,312,352,234,307,328,230,24,7,1787,114.3083333,0.3469158497,0.3469158497,1,3346,713,1,1,1,1,1,1,1,1,1,1,1,0,1,864
910000744,91000372,1,fine_step_primary,5701003,scale_2,intermediate_posture,baseline_flat,privileged_system,206,235,1816,flat,0.5,0.434,36,0.3306,connected,0,0,864,5,219,0.9319148936,0.9319148936,219,10,224,325,1,1,408,462,434,516,648,408,470,7,3346,203.15,0.520629085,0.520629085,1,1200,-1,0,0,0,0,0,0,0,1,0.1428571429,0.1428571429,0.1428571429,65,0,864
910000745,91000372,1,fine_step_primary,5701003,scale_2,intermediate_posture,seg_detect_backup,privileged_system,206,235,1193,basic,0.5,0.434,18,0.6316,isolated,0,1,864,5,37,0.1574468085,0.1574468085,37,5,36,177,0,1,151,197,178,167,167,149,0,6,1009,65.55,0.1993804466,0.1993804466,1,2016,359,1,1,1,1,1,1,1,1,1,1,1,0,1,523
910000746,91000373,1,fine_step_primary,5701004,scale_2,intermediate_posture,baseline_flat,medical_device,199,286,2196,flat,0.5,0.472,36,0.3306,connected,0,0,864,5,1,0.003496503497,0.003496503497,1,1,0,20,0,0,0,24,0,24,0,0,48,3,96,5.4,0.01225490196,0.01225490196,0,1776,234,1,1,1,1,1,1,1,1,1,1,1,0,1,361
910000747,91000373,1,fine_step_primary,5701004,scale_2,intermediate_posture,seg_detect_backup,medical_device,199,286,1452,basic,0.5,0.472,18,0.6316,isolated,0,1,864,5,1,0.003496503497,0.003496503497,1,1,0,19,0,0,0,24,0,24,0,0,48,3,96,5.4,0.01225490196,0.01225490196,0,1776,234,1,1,1,1,1,1,1,1,1,1,1,0,1,361
910000748,91000374,1,fine_step_primary,5701005,scale_2,intermediate_posture,baseline_flat,vendor_connection,239,240,1886,flat,0.5,0.4458,36,0.3306,connected,0,0,864,5,213,0.8875,0.8875,213,10,222,327,1,1,421,445,424,499,625,411,464,7,3289,200.5166667,0.5133101852,0.5133101852,1,1282,-1,0,0,1,1,1,1,1,1,0.8571428571,0.8571428571,0.8571428571,70,0,864
910000749,91000374,1,fine_step_primary,5701005,scale_2,intermediate_posture,seg_detect_backup,vendor_connection,239,240,1238,basic,0.5,0.4458,18,0.6316,isolated,0,1,864,5,116,0.4833333333,0.4833333333,116,9,116,242,0,1,199,198,193,226,237,189,0,6,1242,79.51666667,0.2346473312,0.2346473312,1,2938,-1,0,0,1,1,1,1,1,1,0.8571428571,0.8333333333,0.8571428571,0,1,864
910000750,91000375,1,fine_step_primary,5701001,scale_2,intermediate_posture,baseline_flat,workstation,96,273,2092,flat,0.5,0.4725,36,0.3306,connected,0,0,864,5,242,0.8864468864,0.8864468864,242,10,249,306,1,1,353,404,379,487,571,353,428,7,2975,180.0916667,0.4623502179,0.4623502179,1,1464,710,1,1,1,1,1,1,1,1,1,1,1,70,0,853
910000751,91000375,1,fine_step_primary,5701001,scale_2,intermediate_posture,seg_detect_backup,workstation,96,273,1391,basic,0.5,0.4725,18,0.6316,isolated,0,1,864,5,91,0.3333333333,0.3333333333,91,8,90,246,0,1,194,214,82,184,211,82,0,6,967,60.5,0.193287037,0.193287037,1,3720,710,1,1,1,1,1,1,1,1,1,1,1,0,1,853
910000752,91000376,1,fine_step_primary,5701002,scale_2,intermediate_posture,baseline_flat,internet_facing,266,275,2127,flat,0.5,0.4473,36,0.3306,connected,0,0,864,5,247,0.8981818182,0.8981818182,247,10,255,327,1,1,413,470,465,523,691,413,496,7,3471,209.9416667,0.5356753813,0.5356753813,1,1835,804,1,1,1,1,1,1,1,1,1,1,1,78,0,864
910000753,91000376,1,fine_step_primary,5701002,scale_2,intermediate_posture,seg_detect_backup,internet_facing,266,275,1405,basic,0.5,0.4473,18,0.6316,isolated,0,1,864,5,1,0.003636363636,0.003636363636,1,1,0,2,0,0,24,24,24,24,24,24,0,6,144,9.4,0.02777777778,0.02777777778,0,600,91,1,1,1,1,1,1,1,1,1,1,1,0,1,111
910000754,91000377,1,fine_step_primary,5701003,scale_2,intermediate_posture,baseline_flat,privileged_system,161,200,1559,flat,0.5,0.435,36,0.3306,connected,0,0,864,5,177,0.885,0.885,177,10,182,410,1,1,475,529,555,581,714,475,553,7,3882,237.4416667,0.6142429194,0.6142429194,1,599,801,1,1,1,1,1,1,1,1,1,1,1,56,0,864
910000755,91000377,1,fine_step_primary,5701003,scale_2,intermediate_posture,seg_detect_backup,privileged_system,161,200,1019,basic,0.5,0.435,18,0.6316,isolated,0,1,864,5,77,0.385,0.385,77,8,77,146,0,1,185,185,177,158,190,158,24,7,1077,69.625,0.2052355664,0.2052355664,1,1152,417,1,1,1,1,1,1,1,1,1,1,1,0,1,438
910000756,91000378,1,fine_step_primary,5701004,scale_2,intermediate_posture,baseline_flat,medical_device,134,201,1568,flat,0.5,0.5075,36,0.3306,connected,0,0,864,5,175,0.8706467662,0.8706467662,175,10,183,408,1,1,474,522,495,558,674,474,530,7,3727,228.4916667,0.5881331699,0.5881331699,1,1062,596,1,1,1,1,1,1,1,1,1,1,1,56,0,864
910000757,91000378,1,fine_step_primary,5701004,scale_2,intermediate_posture,seg_detect_backup,medical_device,134,201,1004,basic,0.5,0.5075,18,0.6316,isolated,0,1,864,5,21,0.1044776119,0.1044776119,21,6,20,111,0,1,70,70,70,70,76,70,0,6,426,27.61666667,0.08101851852,0.08101851852,1,744,207,1,1,1,1,1,1,1,1,1,1,1,0,1,214
910000758,91000379,1,fine_step_primary,5701005,scale_2,intermediate_posture,baseline_flat,vendor_connection,260,261,2044,flat,0.5,0.4521,36,0.3306,connected,0,0,864,5,239,0.9157088123,0.9157088123,239,10,243,382,1,1,436,511,464,547,682,436,532,7,3608,219.1416667,0.560083061,0.560083061,1,1240,607,1,1,1,1,1,1,1,1,1,1,1,74,0,864
910000759,91000379,1,fine_step_primary,5701005,scale_2,intermediate_posture,seg_detect_backup,vendor_connection,260,261,1342,basic,0.5,0.4521,18,0.6316,isolated,0,1,864,5,117,0.4482758621,0.4482758621,117,9,116,454,0,1,376,431,395,376,376,376,24,7,2354,153.5583333,0.4559844771,0.4559844771,1,2968,607,1,1,1,1,1,1,1,1,1,1,1,0,1,864
910000760,91000380,1,fine_step_primary,5701001,scale_2,intermediate_posture,baseline_flat,workstation,64,235,1877,flat,0.5,0.5021,36,0.3306,connected,0,0,864,5,214,0.9106382979,0.9106382979,214,10,222,487,1,1,489,550,543,595,718,486,596,7,3977,243.0333333,0.6243872549,0.6243872549,1,1011,687,1,1,1,1,1,1,1,1,1,1,1,68,0,864
910000761,91000380,1,fine_step_primary,5701001,scale_2,intermediate_posture,seg_detect_backup,workstation,64,235,1230,basic,0.5,0.5021,18,0.6316,isolated,0,1,864,5,1,0.004255319149,0.004255319149,1,1,0,10,0,0,0,0,0,0,0,0,0,0,0,0,0,0,0,0,0,1,1,1,1,1,1,1,1,1,1,1,0,1,16
910000762,91000381,1,fine_step_primary,5701002,scale_2,intermediate_posture,baseline_flat,internet_facing,290,292,2298,flat,0.5,0.4144,36,0.3306,connected,0,0,864,5,266,0.9109589041,0.9109589041,266,10,275,333,1,1,419,474,445,531,664,419,487,7,3439,208.775,0.5345860566,0.5345860566,1,1753,795,1,1,1,1,1,1,1,1,1,1,1,84,0,864
910000763,91000381,1,fine_step_primary,5701002,scale_2,intermediate_posture,seg_detect_backup,internet_facing,290,292,1504,basic,0.5,0.4144,18,0.6316,isolated,0,1,864,5,151,0.5171232877,0.5171232877,151,9,153,231,0,1,188,186,183,209,219,164,0,6,1149,73.58333333,0.2205201525,0.2205201525,1,1368,289,1,1,1,1,1,1,1,1,1,1,1,0,1,416
910000764,91000382,1,fine_step_primary,5701003,scale_2,intermediate_posture,baseline_flat,privileged_system,199,239,1847,flat,0.5,0.4435,36,0.3306,connected,0,0,864,5,223,0.9330543933,0.9330543933,223,10,228,584,1,1,637,690,659,742,837,634,717,7,4916,303.0916667,0.7834626906,0.7834626906,1,562,770,1,1,1,1,1,0,1,1,0.8571428571,0.8571428571,0.8571428571,68,0,864
910000765,91000382,1,fine_step_primary,5701003,scale_2,intermediate_posture,seg_detect_backup,privileged_system,199,239,1215,basic,0.5,0.4435,18,0.6316,isolated,0,1,864,5,2,0.008368200837,0.008368200837,2,1,1,6,0,0,0,0,0,0,24,0,24,2,48,2,0,0,0,600,0,1,1,1,1,1,1,1,1,1,1,1,0,1,161
910000766,91000383,1,fine_step_primary,5701004,scale_2,intermediate_posture,baseline_flat,medical_device,208,276,2171,flat,0.5,0.4203,36,0.3306,connected,0,0,864,5,246,0.8913043478,0.8913043478,246,10,253,285,1,1,343,398,358,455,591,332,416,7,2893,173.9083333,0.4432529956,0.4432529956,1,1542,467,1,1,1,1,1,1,1,1,1,1,1,76,0,864
910000767,91000383,1,fine_step_primary,5701004,scale_2,intermediate_posture,seg_detect_backup,medical_device,208,276,1423,basic,0.5,0.4203,18,0.6316,isolated,0,1,864,5,30,0.1086956522,0.1086956522,30,6,29,161,0,0,174,125,24,156,48,0,0,5,527,35.33333333,0.1377995643,0.1377995643,1,2976,320,1,1,1,1,1,1,1,1,1,1,1,0,1,804
910000768,91000384,1,fine_step_primary,5701005,scale_2,intermediate_posture,baseline_flat,vendor_connection,246,247,1937,flat,0.5,0.4899,36,0.3306,connected,0,0,864,5,226,0.9149797571,0.9149797571,226,10,231,429,1,1,513,540,511,597,727,489,591,7,3968,242.3583333,0.6205065359,0.6205065359,1,835,617,1,1,1,1,1,1,1,1,1,1,1,70,0,864
910000769,91000384,1,fine_step_primary,5701005,scale_2,intermediate_posture,seg_detect_backup,vendor_connection,246,247,1274,basic,0.5,0.4899,18,0.6316,isolated,0,1,864,5,8,0.03238866397,0.03238866397,8,2,7,87,0,1,54,54,54,54,54,54,0,6,324,21.15,0.0625,0.0625,1,720,93,1,1,1,1,1,1,1,1,1,1,1,0,1,236
910000770,91000385,1,fine_step_primary,5701001,scale_2,intermediate_posture,baseline_flat,workstation,39,251,1920,flat,0.5,0.4701,36,0.3306,connected,0,0,864,5,229,0.9123505976,0.9123505976,229,10,232,333,1,1,416,464,416,495,624,392,440,7,3247,197.875,0.513378268,0.513378268,1,1220,805,1,1,1,1,1,1,1,1,1,1,1,67,0,864
910000771,91000385,1,fine_step_primary,5701001,scale_2,intermediate_posture,seg_detect_backup,workstation,39,251,1279,basic,0.5,0.4701,18,0.6316,isolated,0,1,864,5,122,0.4860557769,0.4860557769,122,9,121,203,0,1,170,146,148,179,176,146,0,6,965,62.25833333,0.1856277233,0.1856277233,1,1896,481,1,1,1,1,1,1,1,1,1,1,1,0,1,516
910000772,91000386,1,fine_step_primary,5701002,scale_2,intermediate_posture,baseline_flat,internet_facing,259,263,2087,flat,0.5,0.4677,36,0.3306,connected,0,0,864,5,1,0.003802281369,0.003802281369,1,1,0,6,0,0,48,96,48,72,48,48,0,6,360,23.4,0.07434640523,0.07434640523,0,3240,640,1,1,1,1,1,1,1,1,1,1,1,0,1,640
910000773,91000386,1,fine_step_primary,5701002,scale_2,intermediate_posture,seg_detect_backup,internet_facing,259,263,1366,basic,0.5,0.4677,18,0.6316,isolated,0,1,864,5,1,0.003802281369,0.003802281369,1,1,0,2,0,0,48,96,48,72,48,48,0,6,360,23.4,0.07434640523,0.07434640523,0,3240,640,1,1,1,1,1,1,1,1,1,1,1,0,1,640
910000774,91000387,1,fine_step_primary,5701003,scale_2,intermediate_posture,baseline_flat,privileged_system,210,241,1947,flat,0.5,0.473,36,0.3306,connected,0,0,864,5,217,0.9004149378,0.9004149378,217,10,222,338,1,1,447,482,448,535,664,423,469,7,3468,211.5,0.548168573,0.548168573,1,1451,764,1,1,1,1,1,1,1,1,1,1,1,70,0,864
910000775,91000387,1,fine_step_primary,5701003,scale_2,intermediate_posture,seg_detect_backup,privileged_system,210,241,1269,basic,0.5,0.473,18,0.6316,isolated,0,1,864,5,15,0.0622406639,0.0622406639,15,3,14,77,0,0,0,0,0,0,82,0,24,2,106,3.933333333,0,0,0,600,0,1,1,1,1,1,1,1,1,1,1,1,0,1,154
910000776,91000388,1,fine_step_primary,5701004,scale_2,intermediate_posture,baseline_flat,medical_device,144,219,1743,flat,0.5,0.4292,36,0.3306,connected,0,0,864,5,1,0.004566210046,0.004566210046,1,1,0,4,0,0,24,24,24,24,24,24,0,6,144,9.4,0.02777777778,0.02777777778,0,1080,145,1,1,1,1,1,1,1,1,1,1,1,0,1,259
910000777,91000388,1,fine_step_primary,5701004,scale_2,intermediate_posture,seg_detect_backup,medical_device,144,219,1136,basic,0.5,0.4292,18,0.6316,isolated,0,1,864,5,1,0.004566210046,0.004566210046,1,1,0,4,0,0,24,24,24,24,24,24,0,6,144,9.4,0.02777777778,0.02777777778,0,1080,145,1,1,1,1,1,1,1,1,1,1,1,0,1,259
910000778,91000389,1,fine_step_primary,5701005,scale_2,intermediate_posture,baseline_flat,vendor_connection,203,204,1589,flat,0.5,0.4363,36,0.3306,connected,0,0,864,5,174,0.8529411765,0.8529411765,174,10,178,325,1,1,339,406,353,505,533,319,409,7,2864,173.3916667,0.4544526144,0.4544526144,1,1525,637,1,1,1,1,1,1,1,1,1,1,1,56,0,864
910000779,91000389,1,fine_step_primary,5701005,scale_2,intermediate_posture,seg_detect_backup,vendor_connection,203,204,1047,basic,0.5,0.4363,18,0.6316,isolated,0,1,864,5,2,0.009803921569,0.009803921569,2,2,1,7,0,0,0,0,0,0,0,0,24,1,24,1.2,0,0,0,768,0,1,1,1,1,1,1,1,1,1,1,1,0,1,244
910000780,91000390,1,fine_step_primary,5701001,scale_2,intermediate_posture,baseline_flat,workstation,37,286,2246,flat,0.5,0.4685,36,0.3306,connected,0,0,864,5,267,0.9335664336,0.9335664336,267,10,274,369,1,1,418,470,441,527,649,418,495,7,3418,207.7166667,0.5309776688,0.5309776688,1,1511,559,1,1,1,1,1,1,1,1,1,1,1,81,0,864
910000781,91000390,1,fine_step_primary,5701001,scale_2,intermediate_posture,seg_detect_backup,workstation,37,286,1460,basic,0.5,0.4685,18,0.6316,isolated,0,1,864,5,1,0.003496503497,0.003496503497,1,1,0,34,0,0,24,24,24,48,24,24,24,7,192,12,0.03349673203,0.03349673203,0,3778,338,1,1,1,1,1,1,1,1,1,1,1,0,1,864
910000782,91000391,1,fine_step_primary,5701002,scale_2,intermediate_posture,baseline_flat,internet_facing,278,280,2215,flat,0.5,0.4571,36,0.3306,connected,0,0,864,5,255,0.9107142857,0.9107142857,255,10,258,352,1,1,437,474,439,523,649,413,489,7,3424,208.5083333,0.5369689542,0.5369689542,1,1128,771,1,1,1,1,1,1,1,1,1,1,1,80,0,864
910000783,91000391,1,fine_step_primary,5701002,scale_2,intermediate_posture,seg_detect_backup,internet_facing,278,280,1454,basic,0.5,0.4571,18,0.6316,isolated,0,1,864,5,10,0.03571428571,0.03571428571,10,2,9,67,0,1,54,54,54,54,54,54,0,6,324,21.15,0.0625,0.0625,1,1056,73,1,1,1,1,1,1,1,1,1,1,1,0,1,265
910000784,91000392,1,fine_step_primary,5701003,scale_2,intermediate_posture,baseline_flat,privileged_system,141,245,1958,flat,0.5,0.4857,36,0.3306,connected,0,0,864,5,223,0.9102040816,0.9102040816,223,10,226,400,1,1,462,513,496,566,681,447,537,7,3702,225.9916667,0.5838099129,0.5838099129,1,869,589,1,1,1,1,1,1,1,1,1,1,1,71,0,864
910000785,91000392,1,fine_step_primary,5701003,scale_2,intermediate_posture,seg_detect_backup,privileged_system,141,245,1281,basic,0.5,0.4857,18,0.6316,isolated,0,1,864,5,9,0.03673469388,0.03673469388,9,1,8,43,0,0,0,0,37,0,0,0,24,2,61,3.975,0.01133578431,0.01133578431,1,1416,51,1,1,1,1,1,1,1,1,1,1,1,0,1,320
910000786,91000393,1,fine_step_primary,5701004,scale_2,intermediate_posture,baseline_flat,medical_device,144,223,1765,flat,0.5,0.4888,36,0.3306,connected,0,0,864,5,189,0.8475336323,0.8475336323,189,10,198,474,1,1,541,622,568,644,767,541,604,7,4287,263.0583333,0.6810321351,0.6810321351,1,1003,848,1,1,1,1,1,1,1,1,1,1,1,58,0,864
910000787,91000393,1,fine_step_primary,5701004,scale_2,intermediate_posture,seg_detect_backup,medical_device,144,223,1158,basic,0.5,0.4888,18,0.6316,isolated,0,1,864,5,4,0.01793721973,0.01793721973,4,1,3,45,0,0,24,24,24,24,24,24,0,6,144,9.4,0.02777777778,0.02777777778,0,552,178,1,1,1,1,1,1,1,1,1,1,1,0,1,203
910000788,91000394,1,fine_step_primary,5701005,scale_2,intermediate_posture,baseline_flat,vendor_connection,299,300,2400,flat,0.5,0.48,36,0.3306,connected,0,0,864,5,277,0.9233333333,0.9233333333,277,10,282,313,1,1,363,430,389,473,606,363,442,7,3066,185.2083333,0.4725626362,0.4725626362,1,1316,500,1,1,1,1,1,1,1,1,1,1,1,85,0,864
910000789,91000394,1,fine_step_primary,5701005,scale_2,intermediate_posture,seg_detect_backup,vendor_connection,299,300,1568,basic,0.5,0.48,18,0.6316,isolated,0,1,864,5,155,0.5166666667,0.5166666667,155,9,155,272,0,1,259,268,263,259,287,259,0,6,1595,103.275,0.3034449891,0.3034449891,1,2184,297,1,1,1,1,1,1,1,1,1,1,1,0,1,533
910000790,91000395,1,fine_step_primary,5701001,scale_2,intermediate_posture,baseline_flat,workstation,25,248,1996,flat,0.5,0.4758,36,0.3306,connected,0,0,864,5,223,0.8991935484,0.8991935484,223,10,229,388,1,1,462,518,491,576,704,462,539,7,3752,228.525,0.5860226035,0.5860226035,1,1120,585,1,1,1,1,1,1,1,1,1,1,1,73,0,864
910000791,91000395,1,fine_step_primary,5701001,scale_2,intermediate_posture,seg_detect_backup,workstation,25,248,1308,basic,0.5,0.4758,18,0.6316,isolated,0,1,864,5,95,0.3830645161,0.3830645161,95,8,95,195,0,1,183,159,159,183,207,159,24,7,1074,68.475,0.1979166667,0.1979166667,1,2208,471,1,1,1,1,1,1,1,1,1,1,1,0,1,627
910000792,91000396,1,fine_step_primary,5701002,scale_2,intermediate_posture,baseline_flat,internet_facing,200,206,1642,flat,0.5,0.5097,36,0.3306,connected,0,0,864,5,182,0.8834951456,0.8834951456,182,10,190,317,1,1,387,435,424,541,606,365,467,7,3225,195.5333333,0.5090209695,0.5090209695,1,1031,-1,0,0,1,1,1,1,1,1,0.8571428571,0.8571428571,0.8571428571,57,0,864
910000793,91000396,1,fine_step_primary,5701002,scale_2,intermediate_posture,seg_detect_backup,internet_facing,200,206,1066,basic,0.5,0.5097,18,0.6316,isolated,0,1,864,5,2,0.009708737864,0.009708737864,2,2,1,6,0,0,0,0,0,0,24,0,0,1,24,0.8,0,0,0,1512,0,1,1,1,1,1,1,1,1,1,1,1,0,1,524
910000794,91000397,1,fine_step_primary,5701003,scale_2,intermediate_posture,baseline_flat,privileged_system,242,294,2345,flat,0.5,0.4456,36,0.3306,connected,0,0,864,5,268,0.9115646259,0.9115646259,268,10,277,520,1,1,592,639,610,692,827,584,674,7,4618,283.1166667,0.7273284314,0.7273284314,1,907,703,1,1,1,1,1,1,1,1,1,1,1,81,0,864
910000795,91000397,1,fine_step_primary,5701003,scale_2,intermediate_posture,seg_detect_backup,privileged_system,242,294,1528,basic,0.5,0.4456,18,0.6316,isolated,0,1,864,5,10,0.03401360544,0.03401360544,10,3,9,53,0,0,0,0,0,0,0,0,0,0,0,0,0,0,0,264,0,1,1,1,1,1,1,1,1,1,1,1,0,1,101
910000796,91000398,1,fine_step_primary,5701004,scale_2,intermediate_posture,baseline_flat,medical_device,232,298,2320,flat,0.5,0.4799,36,0.3306,connected,0,0,864,5,260,0.8724832215,0.8724832215,260,10,268,387,1,1,456,497,457,544,654,432,530,7,3570,217.8416667,0.5602192266,0.5602192266,1,1924,763,1,1,1,1,1,1,1,1,1,1,1,81,0,864
910000797,91000398,1,fine_step_primary,5701004,scale_2,intermediate_posture,seg_detect_backup,medical_device,232,298,1530,basic,0.5,0.4799,18,0.6316,isolated,0,1,864,5,3,0.01006711409,0.01006711409,3,1,2,35,0,0,24,24,0,24,0,0,24,4,96,6.2,0.0204248366,0.0204248366,0,4564,763,1,1,1,1,1,1,1,1,1,1,1,0,1,864
910000798,91000399,1,fine_step_primary,5701005,scale_2,intermediate_posture,baseline_flat,vendor_connection,285,286,2270,flat,0.5,0.5105,36,0.3306,connected,0,0,864,5,242,0.8461538462,0.8461538462,242,10,248,335,1,1,404,453,420,507,600,395,502,7,3281,199.6666667,0.5103826253,0.5103826253,1,1560,517,1,1,1,1,1,1,1,1,1,1,1,78,0,864
910000799,91000399,1,fine_step_primary,5701005,scale_2,intermediate_posture,seg_detect_backup,vendor_connection,285,286,1478,basic,0.5,0.5105,18,0.6316,isolated,0,1,864,5,151,0.527972028,0.527972028,151,9,151,382,0,1,371,378,371,408,406,371,0,6,2305,149.1,0.4401211874,0.4401211874,1,2592,454,1,1,1,1,1,1,1,1,1,1,1,0,1,739
910000800,91000400,1,fine_step_primary,5701001,scale_2,intermediate_posture,baseline_flat,workstation,24,280,2247,flat,0.5,0.4786,36,0.3306,connected,0,0,864,5,1,0.003571428571,0.003571428571,1,1,0,45,0,0,24,24,24,24,24,24,0,6,144,9.4,0.02777777778,0.02777777778,0,1128,58,1,1,1,1,1,1,1,1,1,1,1,0,1,250
910000801,91000400,1,fine_step_primary,5701001,scale_2,intermediate_posture,seg_detect_backup,workstation,24,280,1472,basic,0.5,0.4786,18,0.6316,isolated,0,1,864,5,1,0.003571428571,0.003571428571,1,1,0,6,0,0,24,24,24,24,24,24,0,6,144,9.4,0.02777777778,0.02777777778,0,1128,58,1,1,1,1,1,1,1,1,1,1,1,0,1,250
910000802,91000401,1,fine_step_primary,5701002,scale_2,intermediate_posture,baseline_flat,internet_facing,239,243,1920,flat,0.5,0.4239,36,0.3306,connected,0,0,864,5,218,0.8971193416,0.8971193416,218,10,228,443,1,1,496,554,546,607,733,496,611,7,4043,246.8083333,0.6316380719,0.6316380719,1,1102,636,1,1,1,1,1,1,1,1,1,1,1,72,0,864
910000803,91000401,1,fine_step_primary,5701002,scale_2,intermediate_posture,seg_detect_backup,internet_facing,239,243,1260,basic,0.5,0.4239,18,0.6316,isolated,0,1,864,5,1,0.004115226337,0.004115226337,1,1,0,1,0,0,0,0,0,0,0,0,0,0,0,0,0,0,0,1608,0,1,1,1,1,1,1,1,1,1,1,1,0,1,360
910000804,91000402,1,fine_step_primary,5701003,scale_2,intermediate_posture,baseline_flat,privileged_system,189,216,1668,flat,0.5,0.4907,36,0.3306,connected,0,0,864,5,191,0.8842592593,0.8842592593,191,10,194,268,1,1,334,409,356,458,561,334,400,7,2852,172.2666667,0.443287037,0.443287037,1,1482,539,1,1,1,1,1,1,1,1,1,1,1,58,0,864
910000805,91000402,1,fine_step_primary,5701003,scale_2,intermediate_posture,seg_detect_backup,privileged_system,189,216,1107,basic,0.5,0.4907,18,0.6316,isolated,0,1,864,5,49,0.2268518519,0.2268518519,49,7,48,188,0,1,209,172,166,182,189,148,0,6,1066,69.35,0.2122140523,0.2122140523,1,3138,539,1,1,1,1,1,1,1,1,1,1,1,0,1,864
910000806,91000403,1,fine_step_primary,5701004,scale_2,intermediate_posture,baseline_flat,medical_device,173,243,1902,flat,0.5,0.3868,36,0.3306,connected,0,0,864,5,213,0.8765432099,0.8765432099,213,10,217,229,1,1,273,323,299,378,497,269,348,7,2387,142.9,0.3625748911,0.3625748911,1,1706,410,1,1,1,1,1,1,1,1,1,1,1,65,0,864
910000807,91000403,1,fine_step_primary,5701004,scale_2,intermediate_posture,seg_detect_backup,medical_device,173,243,1243,basic,0.5,0.3868,18,0.6316,isolated,0,1,864,5,39,0.1604938272,0.1604938272,39,6,38,194,0,0,0,24,0,0,0,0,0,1,24,1.6,0.006535947712,0.006535947712,0,3146,222,1,1,1,1,1,1,1,1,1,1,1,0,1,864
910000808,91000404,1,fine_step_primary,5701005,scale_2,intermediate_posture,baseline_flat,vendor_connection,255,256,1963,flat,0.5,0.4336,36,0.3306,connected,0,0,864,5,225,0.87890625,0.87890625,225,10,231,468,1,1,562,590,575,653,760,543,597,7,4280,263.2916667,0.6837554466,0.6837554466,1,1234,793,1,1,1,1,1,1,1,1,1,1,1,64,0,864
910000809,91000404,1,fine_step_primary,5701005,scale_2,intermediate_posture,seg_detect_backup,vendor_connection,255,256,1310,basic,0.5,0.4336,18,0.6316,isolated,0,1,864,5,132,0.515625,0.515625,132,9,131,374,0,1,361,200,222,254,227,194,0,6,1458,97,0.3058959695,0.3058959695,1,1368,403,1,1,1,1,1,1,1,1,1,1,1,0,1,500
910000810,91000405,1,fine_step_primary,5701001,scale_2,intermediate_posture,baseline_flat,workstation,77,232,1796,flat,0.5,0.4009,36,0.3306,connected,0,0,864,5,217,0.9353448276,0.9353448276,217,10,220,355,1,1,458,489,458,541,661,434,486,7,3527,215.5583333,0.5583129085,0.5583129085,1,1273,542,1,1,1,1,1,1,1,1,1,1,1,65,0,864
910000811,91000405,1,fine_step_primary,5701001,scale_2,intermediate_posture,seg_detect_backup,workstation,77,232,1191,basic,0.5,0.4009,18,0.6316,isolated,0,1,864,5,1,0.004310344828,0.004310344828,1,1,0,2,0,0,24,24,24,24,24,24,0,6,144,9.4,0.02777777778,0.02777777778,0,360,25,1,1,1,1,1,1,1,1,1,1,1,0,1,116
910000812,91000406,1,fine_step_primary,5701002,scale_2,intermediate_posture,baseline_flat,internet_facing,198,206,1599,flat,0.5,0.4854,36,0.3306,connected,0,0,864,5,182,0.8834951456,0.8834951456,182,10,187,411,1,1,460,521,486,590,692,460,515,7,3724,227.25,0.587962963,0.587962963,1,1404,757,1,1,1,1,1,1,1,1,1,1,1,53,0,864
910000813,91000406,1,fine_step_primary,5701002,scale_2,intermediate_posture,seg_detect_backup,internet_facing,198,206,1041,basic,0.5,0.4854,18,0.6316,isolated,0,1,864,5,1,0.004854368932,0.004854368932,1,1,0,6,0,0,0,0,0,0,0,0,0,0,0,0,0,0,0,672,0,1,1,1,1,1,1,1,1,1,1,1,0,1,250
910000814,91000407,1,fine_step_primary,5701003,scale_2,intermediate_posture,baseline_flat,privileged_system,56,212,1681,flat,0.5,0.4953,36,0.3306,connected,0,0,864,5,183,0.8632075472,0.8632075472,183,10,188,306,1,1,363,411,392,464,593,339,419,7,2981,180.2583333,0.466162854,0.466162854,1,1753,771,1,1,1,1,1,1,1,1,1,1,1,60,0,864
910000815,91000407,1,fine_step_primary,5701003,scale_2,intermediate_posture,seg_detect_backup,privileged_system,56,212,1096,basic,0.5,0.4953,18,0.6316,isolated,0,1,864,5,2,0.009433962264,0.009433962264,2,1,1,30,0,0,0,0,0,24,0,0,0,1,24,1.4,0.005718954248,0.005718954248,0,1128,296,1,1,1,1,1,1,1,1,1,1,1,0,1,330
910000816,91000408,1,fine_step_primary,5701004,scale_2,intermediate_posture,baseline_flat,medical_device,183,236,1801,flat,0.5,0.4407,36,0.3306,connected,0,0,864,5,221,0.936440678,0.936440678,221,10,224,347,1,1,431,463,417,523,649,396,487,7,3366,204.25,0.5251906318,0.5251906318,1,883,702,1,1,1,1,1,1,1,1,1,1,1,65,0,864
910000817,91000408,1,fine_step_primary,5701004,scale_2,intermediate_posture,seg_detect_backup,medical_device,183,236,1197,basic,0.5,0.4407,18,0.6316,isolated,0,1,864,5,143,0.6059322034,0.6059322034,143,9,143,480,0,1,350,341,326,385,384,326,0,6,2112,136.0583333,0.4036288126,0.4036288126,1,2208,702,1,1,1,1,1,1,1,1,1,1,1,0,1,772
910000818,91000409,1,fine_step_primary,5701005,scale_2,intermediate_posture,baseline_flat,vendor_connection,246,247,1961,flat,0.5,0.413,36,0.3306,connected,0,0,864,5,224,0.9068825911,0.9068825911,224,10,231,228,1,1,311,364,339,414,556,311,364,7,2659,159.8166667,0.4075095316,0.4075095316,1,1487,663,1,1,1,1,1,1,1,1,1,1,1,69,0,864
910000819,91000409,1,fine_step_primary,5701005,scale_2,intermediate_posture,seg_detect_backup,vendor_connection,246,247,1301,basic,0.5,0.413,18,0.6316,isolated,0,1,864,5,2,0.008097165992,0.008097165992,2,1,1,19,0,0,24,24,24,24,24,24,0,6,144,9.4,0.02777777778,0.02777777778,0,1176,185,1,1,1,1,1,1,1,1,1,1,1,0,1,299
910000820,91000410,1,fine_step_primary,5701001,scale_2,intermediate_posture,baseline_flat,workstation,94,273,2193,flat,0.5,0.4652,36,0.3306,connected,0,0,864,5,3,0.01098901099,0.01098901099,3,1,2,32,0,0,0,0,0,0,0,0,24,1,24,1.2,0,0,0,2904,0,1,1,1,1,1,1,1,1,1,1,1,0,1,638
910000821,91000410,1,fine_step_primary,5701001,scale_2,intermediate_posture,seg_detect_backup,workstation,94,273,1425,basic,0.5,0.4652,18,0.6316,isolated,0,1,864,5,3,0.01098901099,0.01098901099,3,1,2,26,0,0,0,0,0,0,0,0,24,1,24,1.2,0,0,0,2904,0,1,1,1,1,1,1,1,1,1,1,1,0,1,638
910000822,91000411,1,fine_step_primary,5701002,scale_2,intermediate_posture,baseline_flat,internet_facing,265,277,2181,flat,0.5,0.4982,36,0.3306,connected,0,0,864,5,251,0.9061371841,0.9061371841,251,10,255,315,1,1,424,430,401,484,604,376,468,7,3187,194.0416667,0.4996255447,0.4996255447,1,2227,830,1,1,1,1,1,1,1,1,1,1,1,77,0,864
910000823,91000411,1,fine_step_primary,5701002,scale_2,intermediate_posture,seg_detect_backup,internet_facing,265,277,1423,basic,0.5,0.4982,18,0.6316,isolated,0,1,864,5,1,0.003610108303,0.003610108303,1,1,0,3,0,0,48,24,24,0,0,0,0,3,96,7.4,0.03022875817,0.03022875817,0,3840,715,1,1,1,1,1,1,1,1,1,1,1,0,1,729
910000824,91000412,1,fine_step_primary,5701003,scale_2,intermediate_posture,baseline_flat,privileged_system,226,264,2100,flat,0.5,0.5076,36,0.3306,connected,0,0,864,5,236,0.8939393939,0.8939393939,236,10,241,436,1,1,497,552,520,599,731,497,567,7,3963,242.15,0.6215618192,0.6215618192,1,922,616,1,1,1,1,1,1,1,1,1,1,1,73,0,864
910000825,91000412,1,fine_step_primary,5701003,scale_2,intermediate_posture,seg_detect_backup,privileged_system,226,264,1376,basic,0.5,0.5076,18,0.6316,isolated,0,1,864,5,60,0.2272727273,0.2272727273,60,9,59,163,0,1,136,136,165,136,151,136,0,6,860,55.94166667,0.1662922113,0.1662922113,1,2208,185,1,1,1,1,1,1,1,1,1,1,1,0,1,582
910000826,91000413,1,fine_step_primary,5701004,scale_2,intermediate_posture,baseline_flat,medical_device,176,233,1781,flat,0.5,0.4206,36,0.3306,connected,0,0,864,5,216,0.9270386266,0.9270386266,216,10,222,280,1,1,373,445,438,465,566,367,417,7,3071,187.9666667,0.4931576797,0.4931576797,1,1077,747,1,1,1,1,1,1,1,1,1,1,1,62,0,864
910000827,91000413,1,fine_step_primary,5701004,scale_2,intermediate_posture,seg_detect_backup,medical_device,176,233,1182,basic,0.5,0.4206,18,0.6316,isolated,0,1,864,5,29,0.1244635193,0.1244635193,29,5,28,232,0,0,24,0,24,0,0,0,0,2,48,3.8,0.01552287582,0.01552287582,0,984,178,1,1,1,1,1,1,1,1,1,1,1,0,1,339
910000828,91000414,1,fine_step_primary,5701005,scale_2,intermediate_posture,baseline_flat,vendor_connection,239,240,1882,flat,0.5,0.4833,36,0.3306,connected,0,0,864,5,221,0.9208333333,0.9208333333,221,10,226,346,1,1,425,478,448,525,645,425,553,7,3499,212.5333333,0.537207244,0.537207244,1,1413,531,1,1,1,1,1,1,1,1,1,1,1,65,0,864
910000829,91000414,1,fine_step_primary,5701005,scale_2,intermediate_posture,seg_detect_backup,vendor_connection,239,240,1240,basic,0.5,0.4833,18,0.6316,isolated,0,1,864,5,114,0.475,0.475,114,9,114,251,0,1,286,269,265,262,290,262,0,6,1634,106.2416667,0.3142361111,0.3142361111,1,888,378,1,1,1,1,1,1,1,1,1,1,1,0,1,420
910000830,91000415,1,fine_step_primary,5701001,scale_2,intermediate_posture,baseline_flat,workstation,75,243,1901,flat,0.5,0.4156,36,0.3306,connected,0,0,864,5,217,0.8930041152,0.8930041152,217,10,221,343,1,1,398,452,447,511,654,398,470,7,3330,201.7833333,0.5172930283,0.5172930283,1,1166,600,1,1,1,1,1,1,1,1,1,1,1,70,0,864
910000831,91000415,1,fine_step_primary,5701001,scale_2,intermediate_posture,seg_detect_backup,workstation,75,243,1242,basic,0.5,0.4156,18,0.6316,isolated,0,1,864,5,1,0.004115226337,0.004115226337,1,1,0,2,0,0,0,0,0,0,0,0,0,0,0,0,0,0,0,0,0,1,1,1,1,1,1,1,1,1,1,1,0,1,8
910000832,91000416,1,fine_step_primary,5701002,scale_2,intermediate_posture,baseline_flat,internet_facing,268,273,2123,flat,0.5,0.4103,36,0.3306,connected,0,0,864,5,248,0.9084249084,0.9084249084,248,10,256,374,1,1,448,521,497,571,673,448,515,7,3673,224.4333333,0.5827205882,0.5827205882,1,1209,830,1,1,1,1,1,1,1,1,1,1,1,74,0,864
910000833,91000416,1,fine_step_primary,5701002,scale_2,intermediate_posture,seg_detect_backup,internet_facing,268,273,1404,basic,0.5,0.4103,18,0.6316,isolated,0,1,864,5,144,0.5274725275,0.5274725275,144,9,143,285,0,1,314,272,278,289,297,272,0,6,1722,112.3083333,0.3350013617,0.3350013617,1,1368,421,1,1,1,1,1,1,1,1,1,1,1,0,1,482
910000834,91000417,1,fine_step_primary,5701003,scale_2,intermediate_posture,baseline_flat,privileged_system,232,252,1987,flat,0.5,0.4008,36,0.3306,connected,0,0,864,5,235,0.9325396825,0.9325396825,235,10,239,393,1,1,487,544,486,577,705,463,537,7,3799,232.0333333,0.6003199891,0.6003199891,1,821,860,1,1,1,1,1,1,1,1,1,1,1,73,0,864
910000835,91000417,1,fine_step_primary,5701003,scale_2,intermediate_posture,seg_detect_backup,privileged_system,232,252,1310,basic,0.5,0.4008,18,0.6316,isolated,0,1,864,5,1,0.003968253968,0.003968253968,1,1,0,3,0,1,24,0,0,48,24,0,0,3,96,5.6,0.01960784314,0.01960784314,0,2616,552,1,1,1,1,1,1,1,1,1,1,1,0,1,615
910000836,91000418,1,fine_step_primary,5701004,scale_2,intermediate_posture,baseline_flat,medical_device,171,236,1829,flat,0.5,0.4576,36,0.3306,connected,0,0,864,5,221,0.936440678,0.936440678,221,10,231,397,1,1,444,501,469,575,677,444,496,7,3606,219.7833333,0.568287037,0.568287037,1,1019,856,1,1,1,1,1,1,1,1,1,1,1,66,0,864
910000837,91000418,1,fine_step_primary,5701004,scale_2,intermediate_posture,seg_detect_backup,medical_device,171,236,1207,basic,0.5,0.4576,18,0.6316,isolated,0,1,864,5,12,0.05084745763,0.05084745763,12,2,11,136,0,0,0,0,24,24,0,0,24,3,72,4.4,0.01307189542,0.01307189542,0,2088,440,1,1,1,1,1,1,1,1,1,1,1,0,1,560
910000838,91000419,1,fine_step_primary,5701005,scale_2,intermediate_posture,baseline_flat,vendor_connection,287,288,2317,flat,0.5,0.4653,36,0.3306,connected,0,0,864,5,258,0.8958333333,0.8958333333,258,10,267,278,1,1,357,415,406,471,602,357,419,7,3027,183.1333333,0.471166939,0.471166939,1,1619,684,1,1,1,1,1,1,1,1,1,1,1,85,0,864
910000839,91000419,1,fine_step_primary,5701005,scale_2,intermediate_posture,seg_detect_backup,vendor_connection,287,288,1507,basic,0.5,0.4653,18,0.6316,isolated,0,1,864,5,1,0.003472222222,0.003472222222,1,1,0,3,0,0,24,24,48,48,24,24,0,6,192,12.6,0.0408496732,0.0408496732,0,3192,684,1,1,1,1,1,1,1,1,1,1,1,0,1,756
910000840,91000420,1,fine_step_primary,5701001,scale_2,intermediate_posture,baseline_flat,workstation,81,244,1965,flat,0.5,0.4385,36,0.3306,connected,0,0,864,5,228,0.9344262295,0.9344262295,228,10,238,344,1,1,441,473,444,503,660,393,483,7,3397,206.55,0.5348243464,0.5348243464,1,1548,831,1,1,1,1,1,1,1,1,1,1,1,70,0,864
910000841,91000420,1,fine_step_primary,5701001,scale_2,intermediate_posture,seg_detect_backup,workstation,81,244,1277,basic,0.5,0.4385,18,0.6316,isolated,0,1,864,5,4,0.01639344262,0.01639344262,4,2,3,26,0,0,48,24,24,24,24,0,24,6,168,10.8,0.03594771242,0.03594771242,0,3360,831,1,1,1,1,1,1,1,1,1,1,1,0,1,849
910000842,91000421,1,fine_step_primary,5701002,scale_2,intermediate_posture,baseline_flat,internet_facing,229,234,1857,flat,0.5,0.4231,36,0.3306,connected,0,0,864,5,219,0.9358974359,0.9358974359,219,10,223,327,1,1,398,455,430,509,629,398,479,7,3298,200.2083333,0.5124251089,0.5124251089,1,1036,-1,0,1,1,0,1,1,1,1,0.8571428571,0.8571428571,0.8571428571,69,0,864
910000843,91000421,1,fine_step_primary,5701002,scale_2,intermediate_posture,seg_detect_backup,internet_facing,229,234,1214,basic,0.5,0.4231,18,0.6316,isolated,0,1,864,5,2,0.008547008547,0.008547008547,2,2,1,16,0,1,0,0,0,0,48,0,0,1,48,1.6,0,0,0,456,0,1,1,1,1,1,1,1,1,1,1,1,0,1,137
910000844,91000422,1,fine_step_primary,5701003,scale_2,intermediate_posture,baseline_flat,privileged_system,196,282,2206,flat,0.5,0.4397,36,0.3306,connected,0,0,864,5,251,0.890070922,0.890070922,251,10,260,326,1,1,402,457,426,510,629,402,472,7,3298,200.3833333,0.5133442266,0.5133442266,1,1864,786,1,1,1,1,1,1,1,1,1,1,1,77,0,864
910000845,91000422,1,fine_step_primary,5701003,scale_2,intermediate_posture,seg_detect_backup,privileged_system,196,282,1448,basic,0.5,0.4397,18,0.6316,isolated,0,1,864,5,4,0.01418439716,0.01418439716,4,2,3,72,0,0,24,48,24,24,24,24,0,6,168,11,0.03431372549,0.03431372549,0,2520,416,1,1,1,1,1,1,1,1,1,1,1,0,1,515
910000846,91000423,1,fine_step_primary,5701004,scale_2,intermediate_posture,baseline_flat,medical_device,145,210,1676,flat,0.5,0.4619,36,0.3306,connected,0,0,864,5,180,0.8571428571,0.8571428571,180,10,188,443,1,1,500,554,520,611,728,500,575,7,3988,243.7583333,0.6259872004,0.6259872004,1,888,634,1,1,1,1,1,1,1,1,1,1,1,60,0,864
910000847,91000423,1,fine_step_primary,5701004,scale_2,intermediate_posture,seg_detect_backup,medical_device,145,210,1089,basic,0.5,0.4619,18,0.6316,isolated,0,1,864,5,1,0.004761904762,0.004761904762,1,1,0,7,0,0,0,0,0,0,0,0,0,0,0,0,0,0,0,0,0,1,1,1,1,1,1,1,1,1,1,1,0,1,13
910000848,91000424,1,fine_step_primary,5701005,scale_2,intermediate_posture,baseline_flat,vendor_connection,298,299,2346,flat,0.5,0.4381,36,0.3306,connected,0,0,864,5,270,0.9030100334,0.9030100334,270,10,280,270,1,1,363,387,357,443,567,333,407,7,2857,172.8916667,0.4438997821,0.4438997821,1,1661,454,1,1,1,1,1,1,1,1,1,1,1,84,0,864
910000849,91000424,1,fine_step_primary,5701005,scale_2,intermediate_posture,seg_detect_backup,vendor_connection,298,299,1548,basic,0.5,0.4381,18,0.6316,isolated,0,1,864,5,9,0.03010033445,0.03010033445,9,4,8,93,0,0,0,24,0,0,0,0,0,1,24,1.6,0.006535947712,0.006535947712,0,1104,189,1,1,1,1,1,1,1,1,1,1,1,0,1,210
910000850,91000425,1,fine_step_primary,5701001,scale_2,intermediate_posture,baseline_flat,workstation,80,221,1743,flat,0.5,0.5113,36,0.3306,connected,0,0,864,5,2,0.009049773756,0.009049773756,2,1,1,13,0,0,0,24,0,0,24,0,24,3,72,3.6,0.006535947712,0.006535947712,0,2904,562,1,1,1,1,1,1,1,1,1,1,1,0,1,844
910000851,91000425,1,fine_step_primary,5701001,scale_2,intermediate_posture,seg_detect_backup,workstation,80,221,1135,basic,0.5,0.5113,18,0.6316,isolated,0,1,864,5,2,0.009049773756,0.009049773756,2,1,1,10,0,0,0,24,0,0,24,0,24,3,72,3.6,0.006535947712,0.006535947712,0,2904,562,1,1,1,1,1,1,1,1,1,1,1,0,1,844
910000852,91000426,1,fine_step_primary,5701002,scale_2,intermediate_posture,baseline_flat,internet_facing,283,293,2338,flat,0.5,0.4881,36,0.3306,connected,0,0,864,5,1,0.003412969283,0.003412969283,1,1,0,6,0,0,0,0,0,0,0,0,0,0,0,0,0,0,0,0,0,1,1,1,1,1,1,1,1,1,1,1,0,1,12
910000853,91000426,1,fine_step_primary,5701002,scale_2,intermediate_posture,seg_detect_backup,internet_facing,283,293,1542,basic,0.5,0.4881,18,0.6316,isolated,0,1,864,5,1,0.003412969283,0.003412969283,1,1,0,5,0,0,0,0,0,0,0,0,0,0,0,0,0,0,0,0,0,1,1,1,1,1,1,1,1,1,1,1,0,1,11
910000854,91000427,1,fine_step_primary,5701003,scale_2,intermediate_posture,baseline_flat,privileged_system,231,270,2108,flat,0.5,0.4519,36,0.3306,connected,0,0,864,5,246,0.9111111111,0.9111111111,246,10,250,275,1,1,358,480,386,498,585,358,417,7,3082,187.0333333,0.4895152505,0.4895152505,1,1508,841,1,1,1,1,1,1,1,1,1,1,1,77,0,864
910000855,91000427,1,fine_step_primary,5701003,scale_2,intermediate_posture,seg_detect_backup,privileged_system,231,270,1390,basic,0.5,0.4519,18,0.6316,isolated,0,1,864,5,133,0.4925925926,0.4925925926,133,9,134,372,0,1,360,384,364,376,392,360,0,6,2236,144.9,0.4282407407,0.4282407407,1,1992,565,1,1,1,1,1,1,1,1,1,1,1,0,1,619
910000856,91000428,1,fine_step_primary,5701004,scale_2,intermediate_posture,baseline_flat,medical_device,166,207,1576,flat,0.5,0.4783,36,0.3306,connected,0,0,864,5,175,0.845410628,0.845410628,175,10,180,219,1,1,263,316,292,362,486,263,354,7,2336,139.625,0.3513071895,0.3513071895,1,1751,393,1,1,1,1,1,1,1,1,1,1,1,54,0,864
910000857,91000428,1,fine_step_primary,5701004,scale_2,intermediate_posture,seg_detect_backup,medical_device,166,207,1030,basic,0.5,0.4783,18,0.6316,isolated,0,1,864,5,26,0.1256038647,0.1256038647,26,7,25,144,0,0,0,0,0,0,119,0,0,1,119,3.966666667,0,0,0,744,0,1,1,1,1,1,1,1,1,1,1,1,0,1,265
910000858,91000429,1,fine_step_primary,5701005,scale_2,intermediate_posture,baseline_flat,vendor_connection,247,248,1935,flat,0.5,0.5,36,0.3306,connected,0,0,864,5,223,0.8991935484,0.8991935484,223,10,225,263,1,1,374,442,401,466,573,374,405,7,3035,185.2916667,0.4815836057,0.4815836057,1,1698,784,1,1,1,1,1,1,1,1,1,1,1,66,0,864
910000859,91000429,1,fine_step_primary,5701005,scale_2,intermediate_posture,seg_detect_backup,vendor_connection,247,248,1269,basic,0.5,0.5,18,0.6316,isolated,0,1,864,5,19,0.07661290323,0.07661290323,19,3,18,65,0,1,56,92,56,56,56,56,0,6,372,24.33333333,0.07461873638,0.07461873638,1,912,195,1,1,1,1,1,1,1,1,1,1,1,0,1,248
910000860,91000430,1,fine_step_primary,5701001,scale_2,intermediate_posture,baseline_flat,workstation,82,299,2421,flat,0.5,0.4548,36,0.3306,connected,0,0,864,5,272,0.9096989967,0.9096989967,272,10,281,452,1,1,465,517,488,571,694,465,558,7,3758,229.0333333,0.5846609477,0.5846609477,1,1200,636,1,1,1,1,1,1,1,0,0.8571428571,0.8571428571,0.8571428571,84,0,864
910000861,91000430,1,fine_step_primary,5701001,scale_2,intermediate_posture,seg_detect_backup,workstation,82,299,1569,basic,0.5,0.4548,18,0.6316,isolated,0,1,864,5,2,0.006688963211,0.006688963211,2,1,1,72,0,0,0,0,0,0,0,0,0,0,0,0,0,0,0,936,0,1,1,1,1,1,1,1,1,1,1,1,0,1,214
910000862,91000431,1,fine_step_primary,5701002,scale_2,intermediate_posture,baseline_flat,internet_facing,293,295,2378,flat,0.5,0.478,36,0.3306,connected,0,0,864,5,274,0.9288135593,0.9288135593,274,10,288,334,1,1,400,456,421,507,635,393,478,7,3290,199.425,0.5101443355,0.5101443355,1,1464,527,1,1,1,1,1,1,1,1,1,1,1,86,0,864
910000863,91000431,1,fine_step_primary,5701002,scale_2,intermediate_posture,seg_detect_backup,internet_facing,293,295,1566,basic,0.5,0.478,18,0.6316,isolated,0,1,864,5,11,0.03728813559,0.03728813559,11,3,10,151,0,1,123,123,123,123,123,123,0,6,738,48.175,0.1423611111,0.1423611111,1,4128,157,1,1,1,1,1,1,1,1,1,1,1,0,1,864
910000864,91000432,1,fine_step_primary,5701003,scale_2,intermediate_posture,baseline_flat,privileged_system,254,300,2341,flat,0.5,0.4967,36,0.3306,connected,0,0,864,5,266,0.8866666667,0.8866666667,266,10,280,495,1,1,564,621,614,648,778,564,621,7,4410,271.5333333,0.7036356209,0.7036356209,1,1088,709,1,1,1,1,1,1,1,1,1,1,1,80,0,864
910000865,91000432,1,fine_step_primary,5701003,scale_2,intermediate_posture,seg_detect_backup,privileged_system,254,300,1534,basic,0.5,0.4967,18,0.6316,isolated,0,1,864,5,159,0.53,0.53,159,9,158,275,0,1,270,279,299,301,302,270,24,7,1745,112.6,0.3312227669,0.3312227669,1,3648,709,1,1,1,1,1,1,1,1,1,1,1,0,1,848
910000866,91000433,1,fine_step_primary,5701004,scale_2,intermediate_posture,baseline_flat,medical_device,150,201,1593,flat,0.5,0.4328,36,0.3306,connected,0,0,864,5,1,0.004975124378,0.004975124378,1,1,0,11,0,0,0,0,0,0,0,0,0,0,0,0,0,0,0,552,0,1,1,1,1,1,1,1,1,1,1,1,0,1,159
910000867,91000433,1,fine_step_primary,5701004,scale_2,intermediate_posture,seg_detect_backup,medical_device,150,201,1038,basic,0.5,0.4328,18,0.6316,isolated,0,1,864,5,1,0.004975124378,0.004975124378,1,1,0,8,0,0,0,0,0,0,0,0,0,0,0,0,0,0,0,552,0,1,1,1,1,1,1,1,1,1,1,1,0,1,159
910000868,91000434,1,fine_step_primary,5701005,scale_2,intermediate_posture,baseline_flat,vendor_connection,268,269,2155,flat,0.5,0.4238,36,0.3306,connected,0,0,864,5,243,0.9033457249,0.9033457249,243,10,247,281,1,1,360,463,386,468,580,357,444,7,3058,185.425,0.478417756,0.478417756,1,1668,750,1,1,1,1,1,1,1,1,1,1,1,75,0,864
910000869,91000434,1,fine_step_primary,5701005,scale_2,intermediate_posture,seg_detect_backup,vendor_connection,268,269,1401,basic,0.5,0.4238,18,0.6316,isolated,0,1,864,5,162,0.6022304833,0.6022304833,162,9,162,221,0,1,224,236,229,277,278,224,0,6,1468,93.8,0.2766884532,0.2766884532,1,1344,446,1,1,1,1,1,1,1,1,1,1,1,0,1,470
910000870,91000435,1,fine_step_primary,5701001,scale_2,intermediate_posture,baseline_flat,workstation,83,263,2095,flat,0.5,0.4677,36,0.3306,connected,0,0,864,5,232,0.8821292776,0.8821292776,232,10,233,317,1,1,351,417,379,468,602,342,443,7,3002,180.6416667,0.4606821895,0.4606821895,1,1717,507,1,1,1,1,1,1,1,1,1,1,1,76,0,864
910000871,91000435,1,fine_step_primary,5701001,scale_2,intermediate_posture,seg_detect_backup,workstation,83,263,1370,basic,0.5,0.4677,18,0.6316,isolated,0,1,864,5,85,0.3231939163,0.3231939163,85,8,85,186,0,0,119,130,47,164,146,24,24,7,654,39.54166667,0.1293913399,0.1293913399,1,1200,208,1,1,1,1,1,1,1,1,1,1,1,0,1,341
910000872,91000436,1,fine_step_primary,5701002,scale_2,intermediate_posture,baseline_flat,internet_facing,236,243,1941,flat,0.5,0.4115,36,0.3306,connected,0,0,864,5,228,0.9382716049,0.9382716049,228,10,237,309,1,1,399,434,402,488,629,375,446,7,3173,192.1916667,0.4934640523,0.4934640523,1,1082,497,1,1,1,1,1,1,1,1,1,1,1,71,0,864
910000873,91000436,1,fine_step_primary,5701002,scale_2,intermediate_posture,seg_detect_backup,internet_facing,236,243,1264,basic,0.5,0.4115,18,0.6316,isolated,0,1,864,5,152,0.6255144033,0.6255144033,152,9,152,275,0,1,255,244,229,239,267,222,24,7,1480,95.38333333,0.2803649237,0.2803649237,1,1416,473,1,1,1,1,1,1,1,1,1,1,1,0,1,570
910000874,91000437,1,fine_step_primary,5701003,scale_2,intermediate_posture,baseline_flat,privileged_system,243,279,2162,flat,0.5,0.4695,36,0.3306,connected,0,0,864,5,257,0.9211469534,0.9211469534,257,10,264,454,1,1,512,566,538,622,745,512,587,7,4082,249.6166667,0.6414760349,0.6414760349,1,1081,636,1,1,1,1,1,1,1,1,1,1,1,78,0,864
910000875,91000437,1,fine_step_primary,5701003,scale_2,intermediate_posture,seg_detect_backup,privileged_system,243,279,1433,basic,0.5,0.4695,18,0.6316,isolated,0,1,864,5,69,0.247311828,0.247311828,69,8,69,178,0,1,203,180,180,203,180,179,0,6,1125,73.68333333,0.2216435185,0.2216435185,1,2472,510,1,1,1,1,1,1,1,1,1,1,1,0,1,608
910000876,91000438,1,fine_step_primary,5701004,scale_2,intermediate_posture,baseline_flat,medical_device,164,244,1946,flat,0.5,0.459,36,0.3306,connected,0,0,864,5,227,0.9303278689,0.9303278689,227,10,234,336,1,1,430,489,457,524,640,406,507,7,3453,210.4083333,0.5444240196,0.5444240196,1,1100,848,1,1,1,1,1,1,1,1,1,1,1,73,0,864
910000877,91000438,1,fine_step_primary,5701004,scale_2,intermediate_posture,seg_detect_backup,medical_device,164,244,1253,basic,0.5,0.459,18,0.6316,isolated,0,1,864,5,1,0.004098360656,0.004098360656,1,1,0,5,0,0,24,24,24,24,24,24,0,6,144,9.4,0.02777777778,0.02777777778,0,72,36,1,1,1,1,1,1,1,1,1,1,1,0,1,50
910000878,91000439,1,fine_step_primary,5701005,scale_2,intermediate_posture,baseline_flat,vendor_connection,228,229,1784,flat,0.5,0.4847,36,0.3306,connected,0,0,864,5,209,0.9126637555,0.9126637555,209,10,210,498,1,1,581,617,596,670,799,557,632,7,4452,273.3416667,0.7080610022,0.7080610022,1,779,692,1,1,1,1,1,1,1,1,1,1,1,67,0,864
910000879,91000439,1,fine_step_primary,5701005,scale_2,intermediate_posture,seg_detect_backup,vendor_connection,228,229,1177,basic,0.5,0.4847,18,0.6316,isolated,0,1,864,5,111,0.4847161572,0.4847161572,111,9,111,211,0,1,189,172,185,180,246,156,0,6,1128,71.49166667,0.2107502723,0.2107502723,1,1848,382,1,1,1,1,1,1,1,1,1,1,1,0,1,520
910000880,91000440,1,fine_step_primary,5701001,scale_2,intermediate_posture,baseline_flat,workstation,36,266,2094,flat,0.5,0.4662,36,0.3306,connected,0,0,864,5,237,0.8909774436,0.8909774436,237,10,241,411,1,1,408,462,435,519,632,408,494,7,3358,204.0666667,0.5216503268,0.5216503268,1,1328,599,1,1,1,1,1,1,1,1,1,1,1,74,0,864
910000881,91000440,1,fine_step_primary,5701001,scale_2,intermediate_posture,seg_detect_backup,workstation,36,266,1377,basic,0.5,0.4662,18,0.6316,isolated,0,1,864,5,1,0.003759398496,0.003759398496,1,1,0,4,0,0,24,0,0,0,0,0,0,1,24,2,0.008169934641,0.008169934641,0,624,140,1,1,1,1,1,1,1,1,1,1,1,0,1,165
910000882,91000441,1,fine_step_primary,5701002,scale_2,intermediate_posture,baseline_flat,internet_facing,275,283,2238,flat,0.5,0.3958,36,0.3306,connected,0,0,864,5,265,0.9363957597,0.9363957597,265,10,274,306,1,1,349,407,397,464,585,349,436,7,2987,180.5333333,0.4618395969,0.4618395969,1,1364,745,1,1,1,1,1,1,1,1,1,1,1,81,0,864
910000883,91000441,1,fine_step_primary,5701002,scale_2,intermediate_posture,seg_detect_backup,internet_facing,275,283,1461,basic,0.5,0.3958,18,0.6316,isolated,0,1,864,5,1,0.003533568905,0.003533568905,1,1,0,6,0,0,0,0,0,0,0,0,0,0,0,0,0,0,0,192,0,1,1,1,1,1,1,1,1,1,1,1,0,1,82
910000884,91000442,1,fine_step_primary,5701003,scale_2,intermediate_posture,baseline_flat,privileged_system,201,232,1840,flat,0.5,0.4181,36,0.3306,connected,0,0,864,5,210,0.9051724138,0.9051724138,210,10,223,297,1,1,364,420,397,477,598,363,430,7,3049,184.5916667,0.473583878,0.473583878,1,1546,489,1,1,1,1,1,1,1,1,1,1,1,68,0,864
910000885,91000442,1,fine_step_primary,5701003,scale_2,intermediate_posture,seg_detect_backup,privileged_system,201,232,1188,basic,0.5,0.4181,18,0.6316,isolated,0,1,864,5,101,0.4353448276,0.4353448276,101,9,102,217,0,1,216,210,208,216,250,203,0,6,1303,83.75833333,0.2459150327,0.2459150327,1,888,248,1,1,1,1,1,1,1,1,1,1,1,0,1,377
910000886,91000443,1,fine_step_primary,5701004,scale_2,intermediate_posture,baseline_flat,medical_device,134,200,1533,flat,0.5,0.43,36,0.3306,connected,0,0,864,5,175,0.875,0.875,175,10,181,364,1,1,438,497,462,536,636,433,485,7,3487,213.475,0.5537173203,0.5537173203,1,1158,555,1,1,1,1,1,1,1,1,1,1,1,50,0,864
910000887,91000443,1,fine_step_primary,5701004,scale_2,intermediate_posture,seg_detect_backup,medical_device,134,200,1021,basic,0.5,0.43,18,0.6316,isolated,0,1,864,5,1,0.005,0.005,1,1,0,10,0,0,24,25,24,48,48,24,24,7,217,12.86666667,0.03376906318,0.03376906318,1,2710,555,1,1,1,1,1,1,1,1,1,1,1,0,1,864
910000888,91000444,1,fine_step_primary,5701005,scale_2,intermediate_posture,baseline_flat,vendor_connection,199,200,1600,flat,0.5,0.475,36,0.3306,connected,0,0,864,5,182,0.91,0.91,182,10,187,358,1,1,472,482,472,538,649,424,516,7,3553,217.4833333,0.564746732,0.564746732,1,1017,853,1,1,1,1,1,1,1,1,1,1,1,61,0,864
910000889,91000444,1,fine_step_primary,5701005,scale_2,intermediate_posture,seg_detect_backup,vendor_connection,199,200,1031,basic,0.5,0.475,18,0.6316,isolated,0,1,864,5,57,0.285,0.285,57,9,56,135,0,1,159,156,161,193,156,156,0,6,981,63.88333333,0.1919253813,0.1919253813,1,1656,360,1,1,1,1,1,1,1,1,1,1,1,0,1,548
910000890,91000445,1,fine_step_primary,5701001,scale_2,intermediate_posture,baseline_flat,workstation,42,204,1608,flat,0.5,0.4706,36,0.3306,connected,0,0,864,5,181,0.887254902,0.887254902,181,10,185,281,1,1,352,436,403,455,591,345,414,7,2996,181.4416667,0.4704520697,0.4704520697,1,1253,593,1,1,1,1,1,1,1,1,1,1,1,54,0,864
910000891,91000445,1,fine_step_primary,5701001,scale_2,intermediate_posture,seg_detect_backup,workstation,42,204,1043,basic,0.5,0.4706,18,0.6316,isolated,0,1,864,5,93,0.4558823529,0.4558823529,93,9,92,296,0,1,265,272,282,295,80,48,72,7,1314,88.44166667,0.3209763072,0.3209763072,1,840,327,1,1,1,1,1,1,1,1,1,1,1,0,1,382
910000892,91000446,1,fine_step_primary,5701002,scale_2,intermediate_posture,baseline_flat,internet_facing,234,243,1937,flat,0.5,0.4609,36,0.3306,connected,0,0,864,5,213,0.8765432099,0.8765432099,213,10,217,437,1,1,509,587,533,617,752,509,584,7,4091,249.9583333,0.6434504357,0.6434504357,1,870,758,1,1,1,1,1,1,1,0,0.8571428571,0.8571428571,0.8571428571,69,0,864
910000893,91000446,1,fine_step_primary,5701002,scale_2,intermediate_posture,seg_detect_backup,internet_facing,234,243,1259,basic,0.5,0.4609,18,0.6316,isolated,0,1,864,5,2,0.008230452675,0.008230452675,2,2,1,21,0,0,0,0,0,0,0,0,0,0,0,0,0,0,0,432,0,1,1,1,1,1,1,1,1,1,1,1,0,1,147
910000894,91000447,1,fine_step_primary,5701003,scale_2,intermediate_posture,baseline_flat,privileged_system,82,204,1609,flat,0.5,0.4755,36,0.3306,connected,0,0,864,5,180,0.8823529412,0.8823529412,180,10,182,376,1,1,456,475,468,534,667,416,499,7,3515,214.3,0.5552151416,0.5552151416,1,987,699,1,1,1,1,1,1,1,1,1,1,1,58,0,864
910000895,91000447,1,fine_step_primary,5701003,scale_2,intermediate_posture,seg_detect_backup,privileged_system,82,204,1055,basic,0.5,0.4755,18,0.6316,isolated,0,1,864,5,1,0.004901960784,0.004901960784,1,1,0,1,0,0,24,0,0,0,0,0,0,1,24,2,0.008169934641,0.008169934641,0,1032,379,1,1,1,1,1,1,1,1,1,1,1,0,1,384
910000896,91000448,1,fine_step_primary,5701004,scale_2,intermediate_posture,baseline_flat,medical_device,189,269,2113,flat,0.5,0.4907,36,0.3306,connected,0,0,864,5,247,0.9182156134,0.9182156134,247,10,251,392,1,1,440,496,467,574,682,440,517,7,3616,219.825,0.5647126906,0.5647126906,1,1434,739,1,1,1,1,1,1,1,1,1,1,1,77,0,864
910000897,91000448,1,fine_step_primary,5701004,scale_2,intermediate_posture,seg_detect_backup,medical_device,189,269,1376,basic,0.5,0.4907,18,0.6316,isolated,0,1,864,5,18,0.06691449814,0.06691449814,18,2,17,150,0,0,24,24,24,48,24,24,0,6,168,10.8,0.03349673203,0.03349673203,0,1968,197,1,1,1,1,1,1,1,1,1,1,1,0,1,400
910000898,91000449,1,fine_step_primary,5701005,scale_2,intermediate_posture,baseline_flat,vendor_connection,293,294,2360,flat,0.5,0.4694,36,0.3306,connected,0,0,864,5,262,0.8911564626,0.8911564626,262,10,269,372,1,1,433,488,459,534,689,426,515,7,3544,214.8583333,0.548168573,0.548168573,1,1499,555,1,1,1,1,1,1,1,1,1,1,1,80,0,864
910000899,91000449,1,fine_step_primary,5701005,scale_2,intermediate_posture,seg_detect_backup,vendor_connection,293,294,1547,basic,0.5,0.4694,18,0.6316,isolated,0,1,864,5,12,0.04081632653,0.04081632653,12,2,11,64,0,1,44,44,44,44,44,44,0,6,264,17.23333333,0.05092592593,0.05092592593,1,792,71,1,1,1,1,1,1,1,1,1,1,1,0,1,175
910000900,91000450,1,fine_step_primary,5701001,scale_2,intermediate_posture,baseline_flat,workstation,16,288,2258,flat,0.5,0.4792,36,0.3306,connected,0,0,864,5,261,0.90625,0.90625,261,10,271,564,1,1,610,662,633,719,833,610,676,7,4743,291.7,0.7531998911,0.7531998911,1,1031,751,1,1,1,1,1,0,1,1,0.8571428571,0.8571428571,0.8571428571,81,0,864
910000901,91000450,1,fine_step_primary,5701001,scale_2,intermediate_posture,seg_detect_backup,workstation,16,288,1482,basic,0.5,0.4792,18,0.6316,isolated,0,1,864,5,1,0.003472222222,0.003472222222,1,1,0,4,0,0,0,0,0,0,0,0,0,0,0,0,0,0,0,528,0,1,1,1,1,1,1,1,1,1,1,1,0,1,140
910000902,91000451,1,fine_step_primary,5701002,scale_2,intermediate_posture,baseline_flat,internet_facing,257,263,2008,flat,0.5,0.4335,36,0.3306,connected,0,0,864,5,240,0.9125475285,0.9125475285,240,10,244,436,1,1,494,549,521,619,727,494,564,7,3968,242.4333333,0.6247957516,0.6247957516,1,1274,-1,0,1,1,1,0,1,1,1,0.8571428571,0.8571428571,0.8571428571,72,0,864
910000903,91000451,1,fine_step_primary,5701002,scale_2,intermediate_posture,seg_detect_backup,internet_facing,257,263,1335,basic,0.5,0.4335,18,0.6316,isolated,0,1,864,5,150,0.5703422053,0.5703422053,150,9,149,256,0,1,292,277,272,291,301,268,24,7,1725,111.5083333,0.3275122549,0.3275122549,1,1584,427,1,1,1,1,1,1,1,1,1,1,1,0,1,483
910000904,91000452,1,fine_step_primary,5701003,scale_2,intermediate_posture,baseline_flat,privileged_system,211,246,1912,flat,0.5,0.4919,36,0.3306,connected,0,0,864,5,212,0.8617886179,0.8617886179,212,10,217,301,1,1,387,417,389,464,579,363,473,7,3072,186.4666667,0.475047658,0.475047658,1,1722,520,1,1,1,1,1,1,1,1,1,1,1,65,0,864
910000905,91000452,1,fine_step_primary,5701003,scale_2,intermediate_posture,seg_detect_backup,privileged_system,211,246,1260,basic,0.5,0.4919,18,0.6316,isolated,0,1,864,5,119,0.4837398374,0.4837398374,119,9,118,291,0,1,303,279,297,293,328,279,48,7,1827,117.475,0.3399373638,0.3399373638,1,3066,520,1,1,1,1,1,1,1,1,1,1,1,0,1,864
910000906,91000453,1,fine_step_primary,5701004,scale_2,intermediate_posture,baseline_flat,medical_device,154,226,1805,flat,0.5,0.4602,36,0.3306,connected,0,0,864,5,206,0.9115044248,0.9115044248,206,10,210,515,1,1,577,622,592,672,800,570,646,7,4479,274.8666667,0.7073120915,0.7073120915,1,552,696,1,1,1,1,1,1,1,1,1,1,1,62,0,864
910000907,91000453,1,fine_step_primary,5701004,scale_2,intermediate_posture,seg_detect_backup,medical_device,154,226,1181,basic,0.5,0.4602,18,0.6316,isolated,0,1,864,5,118,0.5221238938,0.5221238938,118,9,117,339,0,1,278,283,250,260,284,248,0,6,1603,104.0166667,0.310253268,0.310253268,1,1272,370,1,1,1,1,1,1,1,1,1,1,1,0,1,451
910000908,91000454,1,fine_step_primary,5701005,scale_2,intermediate_posture,baseline_flat,vendor_connection,208,209,1636,flat,0.5,0.4976,36,0.3306,connected,0,0,864,5,188,0.8995215311,0.8995215311,188,10,196,342,1,1,396,458,422,505,632,396,480,7,3289,199.4083333,0.5091571351,0.5091571351,1,1144,525,1,1,1,1,1,1,1,1,1,1,1,56,0,864
910000909,91000454,1,fine_step_primary,5701005,scale_2,intermediate_posture,seg_detect_backup,vendor_connection,208,209,1077,basic,0.5,0.4976,18,0.6316,isolated,0,1,864,5,1,0.004784688995,0.004784688995,1,1,0,9,0,0,0,0,0,0,0,0,0,0,0,0,0,0,0,72,0,1,1,1,1,1,1,1,1,1,1,1,0,1,44
910000910,91000455,1,fine_step_primary,5701001,scale_2,intermediate_posture,baseline_flat,workstation,42,258,2089,flat,0.5,0.4651,36,0.3306,connected,0,0,864,5,225,0.8720930233,0.8720930233,225,10,231,299,1,1,349,405,371,457,582,345,433,7,2942,177.4916667,0.45166122,0.45166122,1,1378,493,1,1,1,1,1,1,1,1,1,1,1,74,0,864
910000911,91000455,1,fine_step_primary,5701001,scale_2,intermediate_posture,seg_detect_backup,workstation,42,258,1348,basic,0.5,0.4651,18,0.6316,isolated,0,1,864,5,1,0.003875968992,0.003875968992,1,1,0,8,0,0,0,24,0,0,0,0,24,2,48,2.8,0.006535947712,0.006535947712,0,648,159,1,1,1,1,1,1,1,1,1,1,1,0,1,190
910000912,91000456,1,fine_step_primary,5701002,scale_2,intermediate_posture,baseline_flat,internet_facing,233,243,1922,flat,0.5,0.5103,36,0.3306,connected,0,0,864,5,218,0.8971193416,0.8971193416,218,10,219,366,1,1,444,477,453,535,664,420,503,7,3496,212.7666667,0.5473175381,0.5473175381,1,1315,554,1,1,1,1,1,1,1,1,1,1,1,68,0,864
910000913,91000456,1,fine_step_primary,5701002,scale_2,intermediate_posture,seg_detect_backup,internet_facing,233,243,1254,basic,0.5,0.5103,18,0.6316,isolated,0,1,864,5,97,0.3991769547,0.3991769547,97,9,96,253,0,1,234,216,236,245,232,209,0,6,1372,89.3,0.269165305,0.269165305,1,1488,430,1,1,1,1,1,1,1,1,1,1,1,0,1,504
910000914,91000457,1,fine_step_primary,5701003,scale_2,intermediate_posture,baseline_flat,privileged_system,232,271,2082,flat,0.5,0.4391,36,0.3306,connected,0,0,864,5,245,0.9040590406,0.9040590406,245,10,250,293,1,1,344,391,362,470,574,340,443,7,2924,176.0833333,0.4464869281,0.4464869281,1,1814,801,1,1,1,1,1,1,1,1,1,1,1,72,0,864
910000915,91000457,1,fine_step_primary,5701003,scale_2,intermediate_posture,seg_detect_backup,privileged_system,232,271,1379,basic,0.5,0.4391,18,0.6316,isolated,0,1,864,5,5,0.0184501845,0.0184501845,5,3,4,67,0,0,0,24,0,0,24,0,0,2,48,2.4,0.006535947712,0.006535947712,0,3144,124,1,1,1,1,1,1,1,1,1,1,1,0,1,686
910000916,91000458,1,fine_step_primary,5701004,scale_2,intermediate_posture,baseline_flat,medical_device,147,204,1601,flat,0.5,0.451,36,0.3306,connected,0,0,864,5,184,0.9019607843,0.9019607843,184,10,185,299,1,1,368,445,380,460,579,357,418,7,3007,182.6416667,0.4724945534,0.4724945534,1,1247,833,1,1,1,1,1,1,1,1,1,1,1,56,0,864
910000917,91000458,1,fine_step_primary,5701004,scale_2,intermediate_posture,seg_detect_backup,medical_device,147,204,1057,basic,0.5,0.451,18,0.6316,isolated,0,1,864,5,17,0.08333333333,0.08333333333,17,2,16,104,0,0,0,0,0,0,0,0,0,0,0,0,0,0,0,576,0,1,1,1,1,1,1,1,1,1,1,1,0,1,204
910000918,91000459,1,fine_step_primary,5701005,scale_2,intermediate_posture,baseline_flat,vendor_connection,246,247,1919,flat,0.5,0.4777,36,0.3306,connected,0,0,864,5,223,0.9028340081,0.9028340081,223,10,232,290,1,1,346,433,373,453,568,344,426,7,2943,178.1333333,0.4579248366,0.4579248366,1,1237,652,1,1,1,1,1,1,1,1,1,1,1,69,0,864
910000919,91000459,1,fine_step_primary,5701005,scale_2,intermediate_posture,seg_detect_backup,vendor_connection,246,247,1260,basic,0.5,0.4777,18,0.6316,isolated,0,1,864,5,10,0.04048582996,0.04048582996,10,3,9,112,0,0,0,0,0,0,0,0,0,0,0,0,0,0,0,600,0,1,1,1,1,1,1,1,1,1,1,1,0,1,280
910000920,91000460,1,fine_step_primary,5701001,scale_2,intermediate_posture,baseline_flat,workstation,0,297,2356,flat,0.5,0.4983,36,0.3306,connected,0,0,864,5,272,0.9158249158,0.9158249158,272,10,280,448,1,1,497,554,542,602,727,492,579,7,3993,244.2,0.6295615468,0.6295615468,1,1216,681,1,1,1,1,1,1,1,1,1,1,1,84,0,864
910000921,91000460,1,fine_step_primary,5701001,scale_2,intermediate_posture,seg_detect_backup,workstation,0,297,1550,basic,0.5,0.4983,18,0.6316,isolated,0,1,864,5,2,0.006734006734,0.006734006734,2,1,1,18,0,0,24,24,55,24,24,24,0,6,175,11.725,0.0372753268,0.0372753268,1,3984,681,1,1,1,1,1,1,1,1,1,1,1,0,1,864
910000922,91000461,1,fine_step_primary,5701002,scale_2,intermediate_posture,baseline_flat,internet_facing,254,264,2069,flat,0.5,0.5038,36,0.3306,connected,0,0,864,5,2,0.007575757576,0.007575757576,2,1,1,20,0,0,0,24,0,0,0,0,0,1,24,1.6,0.006535947712,0.006535947712,0,936,228,1,1,1,1,1,1,1,1,1,1,1,0,1,295
910000923,91000461,1,fine_step_primary,5701002,scale_2,intermediate_posture,seg_detect_backup,internet_facing,254,264,1371,basic,0.5,0.5038,18,0.6316,isolated,0,1,864,5,2,0.007575757576,0.007575757576,2,1,1,20,0,0,0,24,0,0,0,0,0,1,24,1.6,0.006535947712,0.006535947712,0,936,228,1,1,1,1,1,1,1,1,1,1,1,0,1,295
910000924,91000462,1,fine_step_primary,5701003,scale_2,intermediate_posture,baseline_flat,privileged_system,200,224,1731,flat,0.5,0.4464,36,0.3306,connected,0,0,864,5,196,0.875,0.875,196,10,203,295,1,1,368,421,392,470,574,368,430,7,3023,183.7833333,0.4720179739,0.4720179739,1,1420,475,1,1,1,1,1,1,1,1,1,1,1,61,0,864
910000925,91000462,1,fine_step_primary,5701003,scale_2,intermediate_posture,seg_detect_backup,privileged_system,200,224,1135,basic,0.5,0.4464,18,0.6316,isolated,0,1,864,5,36,0.1607142857,0.1607142857,36,6,35,115,0,1,152,156,128,128,128,128,0,6,820,54,0.1639433551,0.1639433551,1,2232,331,1,1,1,1,1,1,1,1,1,1,1,0,1,617
910000926,91000463,1,fine_step_primary,5701004,scale_2,intermediate_posture,baseline_flat,medical_device,205,267,2119,flat,0.5,0.4232,36,0.3306,connected,0,0,864,5,233,0.872659176,0.872659176,233,10,239,362,1,1,417,471,471,552,641,415,531,7,3498,212.7166667,0.5460580065,0.5460580065,1,1381,728,1,1,1,1,1,1,1,1,1,1,1,81,0,864
910000927,91000463,1,fine_step_primary,5701004,scale_2,intermediate_posture,seg_detect_backup,medical_device,205,267,1371,basic,0.5,0.4232,18,0.6316,isolated,0,1,864,5,1,0.003745318352,0.003745318352,1,1,0,9,0,0,24,24,24,24,72,24,24,7,216,12.2,0.02777777778,0.02777777778,0,1536,211,1,1,1,1,1,1,1,1,1,1,1,0,1,398
910000928,91000464,1,fine_step_primary,5701005,scale_2,intermediate_posture,baseline_flat,vendor_connection,243,244,1904,flat,0.5,0.5041,36,0.3306,connected,0,0,864,5,213,0.8729508197,0.8729508197,213,10,219,380,1,1,428,491,459,566,665,428,522,7,3559,216.2083333,0.5549087691,0.5549087691,1,1528,732,1,1,1,1,1,1,1,1,1,1,1,70,0,864
910000929,91000464,1,fine_step_primary,5701005,scale_2,intermediate_posture,seg_detect_backup,vendor_connection,243,244,1242,basic,0.5,0.5041,18,0.6316,isolated,0,1,864,5,65,0.2663934426,0.2663934426,65,9,64,239,0,1,213,243,153,140,246,116,0,6,1111,70.49166667,0.218920207,0.218920207,1,3588,732,1,1,1,1,1,1,1,1,1,1,1,0,1,864
910000930,91000465,1,fine_step_primary,5701001,scale_2,intermediate_posture,baseline_flat,workstation,0,257,1953,flat,0.5,0.4708,36,0.3306,connected,0,0,864,5,3,0.01167315175,0.01167315175,3,1,2,65,0,0,0,0,24,0,0,0,0,1,24,1.8,0.007352941176,0.007352941176,0,624,34,1,1,1,1,1,1,1,1,1,1,1,0,1,176
910000931,91000465,1,fine_step_primary,5701001,scale_2,intermediate_posture,seg_detect_backup,workstation,0,257,1302,basic,0.5,0.4708,18,0.6316,isolated,0,1,864,5,3,0.01167315175,0.01167315175,3,1,2,64,0,0,0,0,24,0,0,0,0,1,24,1.8,0.007352941176,0.007352941176,0,624,34,1,1,1,1,1,1,1,1,1,1,1,0,1,176
910000932,91000466,1,fine_step_primary,5701002,scale_2,intermediate_posture,baseline_flat,internet_facing,244,251,1914,flat,0.5,0.4701,36,0.3306,connected,0,0,864,5,220,0.8764940239,0.8764940239,220,10,228,580,1,1,656,694,661,759,852,632,718,7,4972,306.4833333,0.7956835512,0.7956835512,1,954,816,1,1,1,1,1,0,1,1,0.8571428571,0.8571428571,0.8571428571,68,0,864
910000933,91000466,1,fine_step_primary,5701002,scale_2,intermediate_posture,seg_detect_backup,internet_facing,244,251,1274,basic,0.5,0.4701,18,0.6316,isolated,0,1,864,5,110,0.438247012,0.438247012,110,9,110,219,0,1,199,195,191,217,203,171,0,6,1176,76.15833333,0.2310729847,0.2310729847,1,3176,816,1,1,1,1,1,1,1,1,1,1,1,0,1,864
910000934,91000467,1,fine_step_primary,5701003,scale_2,intermediate_posture,baseline_flat,privileged_system,238,275,2127,flat,0.5,0.4582,36,0.3306,connected,0,0,864,5,248,0.9018181818,0.9018181818,248,10,253,539,1,1,577,634,601,681,804,577,654,7,4528,277.925,0.7154820261,0.7154820261,1,931,712,1,1,1,1,1,1,1,1,1,1,1,70,0,864
910000935,91000467,1,fine_step_primary,5701003,scale_2,intermediate_posture,seg_detect_backup,privileged_system,238,275,1399,basic,0.5,0.4582,18,0.6316,isolated,0,1,864,5,1,0.003636363636,0.003636363636,1,1,0,3,0,0,0,0,0,0,0,0,0,0,0,0,0,0,0,72,0,1,1,1,1,1,1,1,1,1,1,1,0,1,44
910000936,91000468,1,fine_step_primary,5701004,scale_2,intermediate_posture,baseline_flat,medical_device,152,223,1711,flat,0.5,0.4439,36,0.3306,connected,0,0,864,5,214,0.9596412556,0.9596412556,214,10,218,348,1,1,402,453,423,504,642,402,478,7,3304,200.275,0.5099060458,0.5099060458,1,876,534,1,1,1,1,1,1,1,1,1,1,1,62,0,864
910000937,91000468,1,fine_step_primary,5701004,scale_2,intermediate_posture,seg_detect_backup,medical_device,152,223,1148,basic,0.5,0.4439,18,0.6316,isolated,0,1,864,5,126,0.5650224215,0.5650224215,126,9,126,274,0,1,162,188,158,168,215,155,0,6,1046,66.475,0.1947848584,0.1947848584,1,1200,463,1,1,1,1,1,1,1,1,1,1,1,0,1,493
910000938,91000469,1,fine_step_primary,5701005,scale_2,intermediate_posture,baseline_flat,vendor_connection,265,266,2139,flat,0.5,0.4023,36,0.3306,connected,0,0,864,5,245,0.9210526316,0.9210526316,245,10,256,327,1,1,382,441,399,513,618,361,474,7,3188,192.4583333,0.4946214597,0.4946214597,1,1398,606,1,1,1,1,1,1,1,1,1,1,1,75,0,864
910000939,91000469,1,fine_step_primary,5701005,scale_2,intermediate_posture,seg_detect_backup,vendor_connection,265,266,1396,basic,0.5,0.4023,18,0.6316,isolated,0,1,864,5,1,0.003759398496,0.003759398496,1,1,0,2,0,0,0,0,0,0,0,0,0,0,0,0,0,0,0,600,0,1,1,1,1,1,1,1,1,1,1,1,0,1,157
910000940,91000470,1,fine_step_primary,5701001,scale_2,intermediate_posture,baseline_flat,workstation,28,281,2290,flat,0.5,0.4662,36,0.3306,connected,0,0,864,5,1,0.003558718861,0.003558718861,1,1,0,5,0,0,0,0,0,0,0,0,0,0,0,0,0,0,0,2088,0,1,1,1,1,1,1,1,1,1,1,1,0,1,478
910000941,91000470,1,fine_step_primary,5701001,scale_2,intermediate_posture,seg_detect_backup,workstation,28,281,1490,basic,0.5,0.4662,18,0.6316,isolated,0,1,864,5,1,0.003558718861,0.003558718861,1,1,0,3,0,0,0,0,0,0,0,0,0,0,0,0,0,0,0,2088,0,1,1,1,1,1,1,1,1,1,1,1,0,1,478
910000942,91000471,1,fine_step_primary,5701002,scale_2,intermediate_posture,baseline_flat,internet_facing,211,217,1673,flat,0.5,0.4055,36,0.3306,connected,0,0,864,5,202,0.930875576,0.930875576,202,10,204,313,1,1,367,440,400,470,596,367,447,7,3087,187.075,0.4793028322,0.4793028322,1,889,493,1,1,1,1,1,1,1,1,1,1,1,59,0,864
910000943,91000471,1,fine_step_primary,5701002,scale_2,intermediate_posture,seg_detect_backup,internet_facing,211,217,1099,basic,0.5,0.4055,18,0.6316,isolated,0,1,864,5,105,0.4838709677,0.4838709677,105,9,104,238,0,1,166,190,176,163,225,24,0,6,944,58.50833333,0.2010144336,0.2010144336,1,2640,265,1,1,1,1,1,1,1,1,1,1,1,0,1,859
910000944,91000472,1,fine_step_primary,5701003,scale_2,intermediate_posture,baseline_flat,privileged_system,245,284,2279,flat,0.5,0.4366,36,0.3306,connected,0,0,864,5,1,0.003521126761,0.003521126761,1,1,0,4,0,0,0,0,0,0,0,0,0,0,0,0,0,0,0,0,0,1,1,1,1,1,1,1,1,1,1,1,0,1,10
910000945,91000472,1,fine_step_primary,5701003,scale_2,intermediate_posture,seg_detect_backup,privileged_system,245,284,1491,basic,0.5,0.4366,18,0.6316,isolated,0,1,864,5,1,0.003521126761,0.003521126761,1,1,0,2,0,0,0,0,0,0,0,0,0,0,0,0,0,0,0,0,0,1,1,1,1,1,1,1,1,1,1,1,0,1,8
910000946,91000473,1,fine_step_primary,5701004,scale_2,intermediate_posture,baseline_flat,medical_device,191,288,2313,flat,0.5,0.4479,36,0.3306,connected,0,0,864,5,268,0.9305555556,0.9305555556,268,10,275,350,1,1,394,473,436,536,649,386,482,7,3356,203.0166667,0.5242374728,0.5242374728,1,1607,756,1,1,1,1,1,1,1,1,1,1,1,83,0,864
910000947,91000473,1,fine_step_primary,5701004,scale_2,intermediate_posture,seg_detect_backup,medical_device,191,288,1491,basic,0.5,0.4479,18,0.6316,isolated,0,1,864,5,3,0.01041666667,0.01041666667,3,2,2,32,0,0,48,48,72,96,24,24,24,7,336,22,0.07434640523,0.07434640523,0,3911,756,1,1,1,1,1,1,1,1,1,1,1,0,1,864
910000948,91000474,1,fine_step_primary,5701005,scale_2,intermediate_posture,baseline_flat,vendor_connection,291,292,2266,flat,0.5,0.4897,36,0.3306,connected,0,0,864,5,257,0.8801369863,0.8801369863,257,10,264,434,1,1,511,533,506,584,707,487,580,7,3908,239.225,0.6132897603,0.6132897603,1,1316,788,1,1,1,1,1,1,1,1,1,1,1,76,0,864
910000949,91000474,1,fine_step_primary,5701005,scale_2,intermediate_posture,seg_detect_backup,vendor_connection,291,292,1503,basic,0.5,0.4897,18,0.6316,isolated,0,1,864,5,2,0.006849315068,0.006849315068,2,2,1,42,0,0,0,24,0,0,0,0,0,1,24,1.6,0.006535947712,0.006535947712,0,480,79,1,1,1,1,1,1,1,1,1,1,1,0,1,125
910000950,91000475,1,fine_step_primary,5701001,scale_2,intermediate_posture,baseline_flat,workstation,74,247,1894,flat,0.5,0.4291,36,0.3306,connected,0,0,864,5,225,0.9109311741,0.9109311741,225,10,230,338,1,1,392,448,408,486,629,380,447,7,3190,193.3,0.4962554466,0.4962554466,1,1041,511,1,1,1,1,1,1,1,1,1,1,1,63,0,864
910000951,91000475,1,fine_step_primary,5701001,scale_2,intermediate_posture,seg_detect_backup,workstation,74,247,1240,basic,0.5,0.4291,18,0.6316,isolated,0,1,864,5,3,0.01214574899,0.01214574899,3,2,2,32,0,0,0,24,0,0,0,0,0,1,24,1.6,0.006535947712,0.006535947712,0,1824,54,1,1,1,1,1,1,1,1,1,1,1,0,1,498
910000952,91000476,1,fine_step_primary,5701002,scale_2,intermediate_posture,baseline_flat,internet_facing,258,262,2094,flat,0.5,0.4504,36,0.3306,connected,0,0,864,5,1,0.003816793893,0.003816793893,1,1,0,5,0,0,0,0,0,24,0,0,0,1,24,1.4,0.005718954248,0.005718954248,0,1680,164,1,1,1,1,1,1,1,1,1,1,1,0,1,468
910000953,91000476,1,fine_step_primary,5701002,scale_2,intermediate_posture,seg_detect_backup,internet_facing,258,262,1373,basic,0.5,0.4504,18,0.6316,isolated,0,1,864,5,1,0.003816793893,0.003816793893,1,1,0,5,0,0,0,0,0,24,0,0,0,1,24,1.4,0.005718954248,0.005718954248,0,1680,164,1,1,1,1,1,1,1,1,1,1,1,0,1,468
910000954,91000477,1,fine_step_primary,5701003,scale_2,intermediate_posture,baseline_flat,privileged_system,241,292,2243,flat,0.5,0.4418,36,0.3306,connected,0,0,864,5,263,0.9006849315,0.9006849315,263,10,269,346,1,1,413,441,412,493,623,389,453,7,3224,196.0666667,0.5043913399,0.5043913399,1,1293,597,1,1,1,1,1,1,1,1,1,1,1,78,0,864
910000955,91000477,1,fine_step_primary,5701003,scale_2,intermediate_posture,seg_detect_backup,privileged_system,241,292,1493,basic,0.5,0.4418,18,0.6316,isolated,0,1,864,5,1,0.003424657534,0.003424657534,1,1,0,2,0,0,0,0,0,0,0,0,0,0,0,0,0,0,0,1968,0,1,1,1,1,1,1,1,1,1,1,1,0,1,463
910000956,91000478,1,fine_step_primary,5701004,scale_2,intermediate_posture,baseline_flat,medical_device,195,263,2081,flat,0.5,0.4791,36,0.3306,connected,0,0,864,5,221,0.8403041825,0.8403041825,221,10,229,559,1,1,600,664,628,712,825,600,694,7,4723,290.1,0.7471405229,0.7471405229,1,1138,738,1,1,1,1,1,1,1,1,1,1,1,72,0,864
910000957,91000478,1,fine_step_primary,5701004,scale_2,intermediate_posture,seg_detect_backup,medical_device,195,263,1357,basic,0.5,0.4791,18,0.6316,isolated,0,1,864,5,94,0.3574144487,0.3574144487,94,9,94,260,0,1,194,177,170,182,199,170,0,6,1092,70.71666667,0.2096949891,0.2096949891,1,3322,489,1,1,1,1,1,1,1,1,1,1,1,0,1,864
910000958,91000479,1,fine_step_primary,5701005,scale_2,intermediate_posture,baseline_flat,vendor_connection,243,244,1930,flat,0.5,0.5369,36,0.3306,connected,0,0,864,5,203,0.8319672131,0.8319672131,203,10,203,384,1,1,422,491,451,527,635,421,497,7,3444,210.0583333,0.5411220044,0.5411220044,1,1364,557,1,1,1,1,1,1,1,1,1,1,1,63,0,864
910000959,91000479,1,fine_step_primary,5701005,scale_2,intermediate_posture,seg_detect_backup,vendor_connection,243,244,1269,basic,0.5,0.5369,18,0.6316,isolated,0,1,864,5,18,0.0737704918,0.0737704918,18,7,17,136,0,1,0,0,0,0,0,0,24,1,24,1.2,0,0,0,1008,0,1,1,1,1,1,1,1,1,1,1,1,0,1,267
910000960,91000480,1,fine_step_primary,5701001,scale_2,intermediate_posture,baseline_flat,workstation,71,280,2213,flat,0.5,0.4536,36,0.3306,connected,0,0,864,5,255,0.9107142857,0.9107142857,255,10,259,395,1,1,458,500,492,555,676,445,558,7,3684,224.5833333,0.5750612745,0.5750612745,1,1103,854,1,1,1,1,1,1,1,1,1,1,1,78,0,864
910000961,91000480,1,fine_step_primary,5701001,scale_2,intermediate_posture,seg_detect_backup,workstation,71,280,1440,basic,0.5,0.4536,18,0.6316,isolated,0,1,864,5,135,0.4821428571,0.4821428571,135,9,134,313,0,1,243,251,243,256,273,243,0,6,1509,97.46666667,0.2865264161,0.2865264161,1,1608,343,1,1,1,1,1,1,1,1,1,1,1,0,1,506
910000962,91000481,1,fine_step_primary,5701002,scale_2,intermediate_posture,baseline_flat,internet_facing,242,246,1910,flat,0.5,0.4634,36,0.3306,connected,0,0,864,5,218,0.8861788618,0.8861788618,218,10,221,461,1,1,500,546,522,595,718,496,595,7,3972,242.8083333,0.6206086601,0.6206086601,1,1047,630,1,1,1,1,1,1,1,1,1,1,1,63,0,864
910000963,91000481,1,fine_step_primary,5701002,scale_2,intermediate_posture,seg_detect_backup,internet_facing,242,246,1247,basic,0.5,0.4634,18,0.6316,isolated,0,1,864,5,1,0.00406504065,0.00406504065,1,1,0,12,0,0,24,0,24,0,0,0,0,2,48,3.8,0.01552287582,0.01552287582,0,1080,257,1,1,1,1,1,1,1,1,1,1,1,0,1,257
910000964,91000482,1,fine_step_primary,5701003,scale_2,intermediate_posture,baseline_flat,privileged_system,255,298,2363,flat,0.5,0.4195,36,0.3306,connected,0,0,864,5,274,0.9194630872,0.9194630872,274,10,279,259,1,1,353,405,351,434,563,329,404,7,2839,171.7,0.4414147603,0.4414147603,1,2127,647,1,1,1,1,1,1,1,1,1,1,1,82,0,864
910000965,91000482,1,fine_step_primary,5701003,scale_2,intermediate_posture,seg_detect_backup,privileged_system,255,298,1556,basic,0.5,0.4195,18,0.6316,isolated,0,1,864,5,159,0.533557047,0.533557047,159,9,158,233,0,1,268,249,244,255,325,244,24,7,1609,102.4416667,0.2945601852,0.2945601852,1,2760,371,1,1,1,1,1,1,1,1,1,1,1,0,1,619
910000966,91000483,1,fine_step_primary,5701004,scale_2,intermediate_posture,baseline_flat,medical_device,172,257,2060,flat,0.5,0.4436,36,0.3306,connected,0,0,864,5,240,0.9338521401,0.9338521401,240,10,245,429,1,1,514,538,505,593,727,475,597,7,3949,240.875,0.6175108932,0.6175108932,1,1006,748,1,1,1,1,1,1,1,1,1,1,1,76,0,864
910000967,91000483,1,fine_step_primary,5701004,scale_2,intermediate_posture,seg_detect_backup,medical_device,172,257,1357,basic,0.5,0.4436,18,0.6316,isolated,0,1,864,5,1,0.003891050584,0.003891050584,1,1,0,4,0,0,0,24,0,0,0,0,0,1,24,1.6,0.006535947712,0.006535947712,0,288,59,1,1,1,1,1,1,1,1,1,1,1,0,1,79
910000968,91000484,1,fine_step_primary,5701005,scale_2,intermediate_posture,baseline_flat,vendor_connection,273,274,2127,flat,0.5,0.4526,36,0.3306,connected,0,0,864,5,243,0.8868613139,0.8868613139,243,10,251,410,1,1,466,537,502,571,669,463,527,7,3735,228.9666667,0.5947372004,0.5947372004,1,1372,681,1,1,1,1,1,1,1,1,1,1,1,75,0,864
910000969,91000484,1,fine_step_primary,5701005,scale_2,intermediate_posture,seg_detect_backup,vendor_connection,273,274,1413,basic,0.5,0.4526,18,0.6316,isolated,0,1,864,5,136,0.496350365,0.496350365,136,9,137,393,0,1,335,284,280,284,290,280,0,6,1753,115.0833333,0.3448393246,0.3448393246,1,2966,681,1,1,1,1,1,1,1,1,1,1,1,0,1,864
910000970,91000485,1,fine_step_primary,5701001,scale_2,intermediate_posture,baseline_flat,workstation,52,245,1894,flat,0.5,0.4612,36,0.3306,connected,0,0,864,5,206,0.8408163265,0.8408163265,206,10,211,282,1,1,335,387,364,439,565,335,435,7,2860,172.3333333,0.4355596405,0.4355596405,1,1782,454,1,1,1,1,1,1,1,1,1,1,1,64,0,864
910000971,91000485,1,fine_step_primary,5701001,scale_2,intermediate_posture,seg_detect_backup,workstation,52,245,1248,basic,0.5,0.4612,18,0.6316,isolated,0,1,864,5,7,0.02857142857,0.02857142857,7,1,6,29,0,0,0,0,0,0,24,0,24,2,48,2,0,0,0,3486,0,1,1,1,1,1,1,1,1,1,1,1,0,1,864
910000972,91000486,1,fine_step_primary,5701002,scale_2,intermediate_posture,baseline_flat,internet_facing,290,295,2353,flat,0.5,0.4814,36,0.3306,connected,0,0,864,5,264,0.8949152542,0.8949152542,264,10,269,358,1,1,413,472,461,531,667,413,495,7,3452,209.3916667,0.5369008715,0.5369008715,1,1471,736,1,1,1,1,1,1,1,1,1,1,1,83,0,864
910000973,91000486,1,fine_step_primary,5701002,scale_2,intermediate_posture,seg_detect_backup,internet_facing,290,295,1542,basic,0.5,0.4814,18,0.6316,isolated,0,1,864,5,1,0.003389830508,0.003389830508,1,1,0,18,0,0,24,24,24,24,24,24,24,7,168,10.6,0.02777777778,0.02777777778,0,528,115,1,1,1,1,1,1,1,1,1,1,1,0,1,128
910000974,91000487,1,fine_step_primary,5701003,scale_2,intermediate_posture,baseline_flat,privileged_system,184,204,1632,flat,0.5,0.5245,36,0.3306,connected,0,0,864,5,181,0.887254902,0.887254902,181,10,186,320,1,1,387,437,411,493,617,387,460,7,3192,193.5583333,0.4941448802,0.4941448802,1,1042,499,1,1,1,1,1,1,1,1,1,1,1,54,0,864
910000975,91000487,1,fine_step_primary,5701003,scale_2,intermediate_posture,seg_detect_backup,privileged_system,184,204,1066,basic,0.5,0.5245,18,0.6316,isolated,0,1,864,5,2,0.009803921569,0.009803921569,2,1,1,32,0,1,0,0,0,0,0,0,0,0,0,0,0,0,0,792,0,1,1,1,1,1,1,1,1,1,1,1,0,1,204
910000976,91000488,1,fine_step_primary,5701004,scale_2,intermediate_posture,baseline_flat,medical_device,189,272,2149,flat,0.5,0.4779,36,0.3306,connected,0,0,864,5,236,0.8676470588,0.8676470588,236,10,242,400,1,1,483,541,510,604,697,483,550,7,3868,236.7583333,0.6119281046,0.6119281046,1,1442,761,1,1,1,1,1,1,1,1,1,1,1,76,0,864
910000977,91000488,1,fine_step_primary,5701004,scale_2,intermediate_posture,seg_detect_backup,medical_device,189,272,1416,basic,0.5,0.4779,18,0.6316,isolated,0,1,864,5,3,0.01102941176,0.01102941176,3,1,2,37,0,0,0,0,0,0,0,0,0,0,0,0,0,0,0,528,0,1,1,1,1,1,1,1,1,1,1,1,0,1,137
910000978,91000489,1,fine_step_primary,5701005,scale_2,intermediate_posture,baseline_flat,vendor_connection,230,231,1823,flat,0.5,0.4632,36,0.3306,connected,0,0,864,5,212,0.9177489177,0.9177489177,212,10,219,239,1,1,328,404,399,437,556,328,364,7,2816,171.0166667,0.4480528322,0.4480528322,1,1740,804,1,1,1,1,1,1,1,1,1,1,1,63,0,864
910000979,91000489,1,fine_step_primary,5701005,scale_2,intermediate_posture,seg_detect_backup,vendor_connection,230,231,1189,basic,0.5,0.4632,18,0.6316,isolated,0,1,864,5,26,0.1125541126,0.1125541126,26,6,25,128,0,1,148,196,196,148,148,148,0,6,984,64.76666667,0.1990740741,0.1990740741,1,3468,804,1,1,1,1,1,1,1,1,1,1,1,0,1,864
910000980,91000490,1,fine_step_primary,5701001,scale_2,intermediate_posture,baseline_flat,workstation,90,238,1909,flat,0.5,0.4328,36,0.3306,connected,0,0,864,5,217,0.9117647059,0.9117647059,217,10,223,303,1,1,386,420,389,499,591,362,432,7,3079,186.9,0.4838643791,0.4838643791,1,1511,759,1,1,1,1,1,1,1,1,1,1,1,69,0,864
910000981,91000490,1,fine_step_primary,5701001,scale_2,intermediate_posture,seg_detect_backup,workstation,90,238,1235,basic,0.5,0.4328,18,0.6316,isolated,0,1,864,5,133,0.5588235294,0.5588235294,133,9,132,235,0,1,256,265,261,294,282,256,0,6,1614,104.325,0.3093341503,0.3093341503,1,2328,658,1,1,1,1,1,1,1,1,1,1,1,0,1,702
910000982,91000491,1,fine_step_primary,5701002,scale_2,intermediate_posture,baseline_flat,internet_facing,256,266,2055,flat,0.5,0.4135,36,0.3306,connected,0,0,864,5,241,0.9060150376,0.9060150376,241,10,247,310,1,1,355,401,387,487,585,349,423,7,2987,180.575,0.4646650327,0.4646650327,1,1531,808,1,1,1,1,1,1,1,1,1,1,1,71,0,864
910000983,91000491,1,fine_step_primary,5701002,scale_2,intermediate_posture,seg_detect_backup,internet_facing,256,266,1352,basic,0.5,0.4135,18,0.6316,isolated,0,1,864,5,3,0.01127819549,0.01127819549,3,2,2,82,0,1,0,0,0,0,0,0,0,0,0,0,0,0,0,408,0,1,1,1,1,1,1,1,1,1,1,1,0,1,124
910000984,91000492,1,fine_step_primary,5701003,scale_2,intermediate_posture,baseline_flat,privileged_system,161,204,1646,flat,0.5,0.4265,36,0.3306,connected,0,0,864,5,176,0.862745098,0.862745098,176,10,179,367,1,1,401,454,425,504,677,401,490,7,3352,202.1,0.5104507081,0.5104507081,1,819,546,1,1,1,1,1,1,1,1,1,1,1,55,0,864
910000985,91000492,1,fine_step_primary,5701003,scale_2,intermediate_posture,seg_detect_backup,privileged_system,161,204,1062,basic,0.5,0.4265,18,0.6316,isolated,0,1,864,5,2,0.009803921569,0.009803921569,2,1,1,11,0,0,0,0,0,0,16,0,0,1,16,0.5333333333,0,0,0,1056,0,1,1,1,1,1,1,1,1,1,1,1,0,1,284
910000986,91000493,1,fine_step_primary,5701004,scale_2,intermediate_posture,baseline_flat,medical_device,212,285,2230,flat,0.5,0.4351,36,0.3306,connected,0,0,864,5,257,0.901754386,0.901754386,257,10,257,400,1,1,441,511,466,546,670,441,507,7,3582,218.375,0.5621595861,0.5621595861,1,1278,-1,0,1,0,1,1,1,1,1,0.8571428571,0.8571428571,0.8571428571,78,0,864
910000987,91000493,1,fine_step_primary,5701004,scale_2,intermediate_posture,seg_detect_backup,medical_device,212,285,1470,basic,0.5,0.4351,18,0.6316,isolated,0,1,864,5,3,0.01052631579,0.01052631579,3,2,2,65,0,0,0,0,0,0,0,0,0,0,0,0,0,0,0,744,0,1,1,1,1,1,1,1,1,1,1,1,0,1,189
910000988,91000494,1,fine_step_primary,5701005,scale_2,intermediate_posture,baseline_flat,vendor_connection,219,220,1760,flat,0.5,0.5091,36,0.3306,connected,0,0,864,5,205,0.9318181818,0.9318181818,205,10,209,321,1,1,373,478,429,506,644,373,448,7,3251,196.4833333,0.5091571351,0.5091571351,1,1409,794,1,1,1,1,1,1,1,1,1,1,1,59,0,864
910000989,91000494,1,fine_step_primary,5701005,scale_2,intermediate_posture,seg_detect_backup,vendor_connection,219,220,1149,basic,0.5,0.5091,18,0.6316,isolated,0,1,864,5,4,0.01818181818,0.01818181818,4,2,3,13,0,0,0,0,0,0,13,0,0,1,13,0.4333333333,0,0,0,624,0,1,1,1,1,1,1,1,1,1,1,1,0,1,203
910000990,91000495,1,fine_step_primary,5701001,scale_2,intermediate_posture,baseline_flat,workstation,45,239,1910,flat,0.5,0.4686,36,0.3306,connected,0,0,864,5,212,0.8870292887,0.8870292887,212,10,217,547,1,1,603,662,633,707,813,592,706,7,4716,289.9,0.7479575163,0.7479575163,1,856,736,1,1,1,1,1,1,1,1,1,1,1,67,0,864
910000991,91000495,1,fine_step_primary,5701001,scale_2,intermediate_posture,seg_detect_backup,workstation,45,239,1242,basic,0.5,0.4686,18,0.6316,isolated,0,1,864,5,100,0.4184100418,0.4184100418,100,9,100,385,0,1,380,380,385,380,385,380,24,7,2314,150.575,0.4413466776,0.4413466776,1,1632,431,1,1,1,1,1,1,1,1,1,1,1,0,1,566
910000992,91000496,1,fine_step_primary,5701002,scale_2,intermediate_posture,baseline_flat,internet_facing,274,279,2137,flat,0.5,0.4337,36,0.3306,connected,0,0,864,5,246,0.8817204301,0.8817204301,246,10,253,298,1,1,371,396,398,448,564,347,430,7,2954,179.625,0.4628267974,0.4628267974,1,1295,812,1,1,1,1,1,1,1,1,1,1,1,70,0,864
910000993,91000496,1,fine_step_primary,5701002,scale_2,intermediate_posture,seg_detect_backup,internet_facing,274,279,1417,basic,0.5,0.4337,18,0.6316,isolated,0,1,864,5,13,0.04659498208,0.04659498208,13,4,12,85,0,1,68,92,68,68,68,68,0,6,432,28.23333333,0.08523965142,0.08523965142,1,2088,401,1,1,1,1,1,1,1,1,1,1,1,0,1,516
910000994,91000497,1,fine_step_primary,5701003,scale_2,intermediate_posture,baseline_flat,privileged_system,181,212,1649,flat,0.5,0.5142,36,0.3306,connected,0,0,864,5,182,0.858490566,0.858490566,182,10,188,348,1,1,445,490,449,545,638,415,490,7,3472,212.1083333,0.5523556645,0.5523556645,1,1275,-1,0,1,1,0,0,1,1,1,0.7142857143,0.7142857143,0.7142857143,58,0,864
910000995,91000497,1,fine_step_primary,5701003,scale_2,intermediate_posture,seg_detect_backup,privileged_system,181,212,1077,basic,0.5,0.5142,18,0.6316,isolated,0,1,864,5,9,0.04245283019,0.04245283019,9,5,8,51,0,0,0,0,0,46,0,0,0,1,46,2.683333333,0.01096132898,0.01096132898,1,528,57,1,1,1,1,1,1,1,1,1,1,1,0,1,164
910000996,91000498,1,fine_step_primary,5701004,scale_2,intermediate_posture,baseline_flat,medical_device,193,291,2321,flat,0.5,0.5189,36,0.3306,connected,0,0,864,5,1,0.003436426117,0.003436426117,1,1,0,10,0,0,24,48,24,85,24,24,24,7,253,15.75833333,0.04884940087,0.04884940087,1,3936,611,1,1,1,1,1,1,1,1,1,1,1,0,1,778
910000997,91000498,1,fine_step_primary,5701004,scale_2,intermediate_posture,seg_detect_backup,medical_device,193,291,1521,basic,0.5,0.5189,18,0.6316,isolated,0,1,864,5,1,0.003436426117,0.003436426117,1,1,0,5,0,0,24,48,24,85,24,24,24,7,253,15.75833333,0.04884940087,0.04884940087,1,3936,611,1,1,1,1,1,1,1,1,1,1,1,0,1,778
910000998,91000499,1,fine_step_primary,5701005,scale_2,intermediate_posture,baseline_flat,vendor_connection,222,223,1737,flat,0.5,0.417,36,0.3306,connected,0,0,864,5,212,0.9506726457,0.9506726457,212,10,220,242,1,1,343,421,367,453,577,343,388,7,2892,174.9583333,0.4517973856,0.4517973856,1,1266,844,1,1,1,1,1,1,1,1,1,1,1,65,0,864
910000999,91000499,1,fine_step_primary,5701005,scale_2,intermediate_posture,seg_detect_backup,vendor_connection,222,223,1140,basic,0.5,0.417,18,0.6316,isolated,0,1,864,5,21,0.09417040359,0.09417040359,21,7,20,117,0,1,112,112,112,115,112,112,0,6,675,44.04166667,0.1303444989,0.1303444989,1,696,128,1,1,1,1,1,1,1,1,1,1,1,0,1,240
