defender,attacker,episode,seed,reward,impacts,steps,impact_fraction,breached
champion,delay1_b_line,0,20261002,-2.7,0,30,0,False
champion,delay1_b_line,1,20261003,-2.7,0,30,0,False
champion,delay1_b_line,2,20261004,-10.7,0,30,0,False
champion,delay1_b_line,3,20261005,-2.7,0,30,0,False
champion,delay1_b_line,4,20261006,-2.7,0,30,0,False
champion,delay1_b_line,5,20261007,-2.7,0,30,0,False
champion,delay1_b_line,6,20261008,-1.6,0,30,0,False
champion,delay1_b_line,7,20261009,-6.7,0,30,0,False
champion,delay1_b_line,8,20261010,-9.7,0,30,0,False
champion,delay1_b_line,9,20261011,-2.1,0,30,0,False
champion,delay1_b_line,10,20261012,-2,0,30,0,False
champion,delay1_b_line,11,20261013,-13.6,0,30,0,False
champion,delay1_b_line,12,20261014,-1.5,0,30,0,False
champion,delay1_b_line,13,20261015,-6.7,0,30,0,False
champion,delay1_b_line,14,20261016,-1.6,0,30,0,False
champion,delay1_b_line,15,20261017,-8.7,0,30,0,False
champion,delay1_b_line,16,20261018,-2.7,0,30,0,False
champion,delay1_b_line,17,20261019,-2.7,0,30,0,False
champion,delay1_b_line,18,20261020,-2.7,0,30,0,False
champion,delay1_b_line,19,20261021,-3.7,0,30,0,False
champion,delay1_b_line,20,20261022,-2.7,0,30,0,False
champion,delay1_b_line,21,20261023,-1.8,0,30,0,False
champion,delay1_b_line,22,20261024,-11.7,0,30,0,False
champion,delay1_b_line,23,20261025,-3.2,0,30,0,False
champion,delay1_b_line,24,20261026,-6.7,0,30,0,False
champion,delay1_b_line,25,20261027,-7.7,0,30,0,False
champion,delay1_b_line,26,20261028,-2.3,0,30,0,False
champion,delay1_b_line,27,20261029,-2.7,0,30,0,False
champion,delay1_b_line,28,20261030,-12.7,0,30,0,False
champion,delay1_b_line,29,20261031,-1.8,0,30,0,False
champion,delay1_b_line,30,20261032,-6.7,0,30,0,False
champion,delay1_b_line,31,20261033,-8.7,0,30,0,False
champion,delay1_b_line,32,20261034,-8.6,0,30,0,False
champion,delay1_b_line,33,20261035,-6.7,0,30,0,False
champion,delay1_b_line,34,20261036,-19.6,0,30,0,False
champion,delay1_b_line,35,20261037,-2.7,0,30,0,False
champion,delay1_b_line,36,20261038,-2.7,0,30,0,False
champion,delay1_b_line,37,20261039,-12,0,30,0,False
champion,delay1_b_line,38,20261040,-6.7,0,30,0,False
champion,delay1_b_line,39,20261041,-12.7,0,30,0,False
champion,delay1_b_line,40,20261042,-13.7,0,30,0,False
champion,delay1_b_line,41,20261043,-8.7,0,30,0,False
champion,delay1_b_line,42,20261044,-10.7,0,30,0,False
champion,delay1_b_line,43,20261045,-12.7,0,30,0,False
champion,delay1_b_line,44,20261046,-8.7,0,30,0,False
champion,delay1_b_line,45,20261047,-2.7,0,30,0,False
champion,delay1_b_line,46,20261048,-2.7,0,30,0,False
champion,delay1_b_line,47,20261049,-14.7,0,30,0,False
champion,delay1_b_line,48,20261050,-7.6,0,30,0,False
champion,delay1_b_line,49,20261051,-2.7,0,30,0,False
champion,delay1_b_line,50,20261052,-6.6,0,30,0,False
champion,delay1_b_line,51,20261053,-2.6,0,30,0,False
champion,delay1_b_line,52,20261054,-2.6,0,30,0,False
champion,delay1_b_line,53,20261055,-2.7,0,30,0,False
champion,delay1_b_line,54,20261056,-0.7,0,30,0,False
champion,delay1_b_line,55,20261057,-2.7,0,30,0,False
champion,delay1_b_line,56,20261058,-2.6,0,30,0,False
champion,delay1_b_line,57,20261059,-2.7,0,30,0,False
champion,delay1_b_line,58,20261060,-10.7,0,30,0,False
champion,delay1_b_line,59,20261061,-2.7,0,30,0,False
champion,delay1_b_line,60,20261062,-2.2,0,30,0,False
champion,delay1_b_line,61,20261063,-11.6,0,30,0,False
champion,delay1_b_line,62,20261064,-2.7,0,30,0,False
champion,delay1_b_line,63,20261065,-8.7,0,30,0,False
champion,delay1_b_line,64,20261066,-1.8,0,30,0,False
champion,delay1_b_line,65,20261067,-14.7,0,30,0,False
champion,delay1_b_line,66,20261068,-2.4,0,30,0,False
champion,delay1_b_line,67,20261069,-10.7,0,30,0,False
champion,delay1_b_line,68,20261070,-3.7,0,30,0,False
champion,delay1_b_line,69,20261071,-10.7,0,30,0,False
champion,delay1_b_line,70,20261072,-2.6,0,30,0,False
champion,delay1_b_line,71,20261073,-2.7,0,30,0,False
champion,delay1_b_line,72,20261074,-9.1,0,30,0,False
champion,delay1_b_line,73,20261075,-12.7,0,30,0,False
champion,delay1_b_line,74,20261076,-12.7,0,30,0,False
champion,delay1_b_line,75,20261077,-8.6,0,30,0,False
champion,delay1_b_line,76,20261078,-2.7,0,30,0,False
champion,delay1_b_line,77,20261079,-2.7,0,30,0,False
champion,delay1_b_line,78,20261080,-2.6,0,30,0,False
champion,delay1_b_line,79,20261081,-2.7,0,30,0,False
champion,delay1_b_line,80,20261082,-8.7,0,30,0,False
champion,delay1_b_line,81,20261083,-5.6,0,30,0,False
champion,delay1_b_line,82,20261084,-2.6,0,30,0,False
champion,delay1_b_line,83,20261085,-8.7,0,30,0,False
champion,delay1_b_line,84,20261086,-5.7,0,30,0,False
champion,delay1_b_line,85,20261087,-12.7,0,30,0,False
champion,delay1_b_line,86,20261088,-2.7,0,30,0,False
champion,delay1_b_line,87,20261089,-8.7,0,30,0,False
champion,delay1_b_line,88,20261090,-2.7,0,30,0,False
champion,delay1_b_line,89,20261091,0,0,30,0,False
champion,delay1_b_line,90,20261092,-5.6,0,30,0,False
champion,delay1_b_line,91,20261093,-6.7,0,30,0,False
champion,delay1_b_line,92,20261094,-4.7,0,30,0,False
champion,delay1_b_line,93,20261095,-2.7,0,30,0,False
champion,delay1_b_line,94,20261096,-2.6,0,30,0,False
champion,delay1_b_line,95,20261097,-2.7,0,30,0,False
champion,delay1_b_line,96,20261098,-2.7,0,30,0,False
champion,delay1_b_line,97,20261099,-1.1,0,30,0,False
champion,delay1_b_line,98,20261100,-12.7,0,30,0,False
champion,delay1_b_line,99,20261101,-2.6,0,30,0,False
champion,delay2_b_line,0,20261002,-93.5,6,30,0.2,True
champion,delay2_b_line,1,20261003,-41.6,2,30,0.06666666667,True
champion,delay2_b_line,2,20261004,-80.6,5,30,0.1666666667,True
champion,delay2_b_line,3,20261005,-4.5,0,30,0,False
champion,delay2_b_line,4,20261006,-93.6,6,30,0.2,True
champion,delay2_b_line,5,20261007,-145.6,10,30,0.3333333333,True
champion,delay2_b_line,6,20261008,-67.5,4,30,0.1333333333,True
champion,delay2_b_line,7,20261009,-93.6,6,30,0.2,True
champion,delay2_b_line,8,20261010,-197.6,14,30,0.4666666667,True
champion,delay2_b_line,9,20261011,-66.6,4,30,0.1333333333,True
champion,delay2_b_line,10,20261012,-171.3,12,30,0.4,True
champion,delay2_b_line,11,20261013,-197.6,14,30,0.4666666667,True
champion,delay2_b_line,12,20261014,-40.3,2,30,0.06666666667,True
champion,delay2_b_line,13,20261015,-197.6,14,30,0.4666666667,True
champion,delay2_b_line,14,20261016,-171.3,12,30,0.4,True
champion,delay2_b_line,15,20261017,-2.6,0,30,0,False
champion,delay2_b_line,16,20261018,-158.3,11,30,0.3666666667,True
champion,delay2_b_line,17,20261019,-145.6,10,30,0.3333333333,True
champion,delay2_b_line,18,20261020,-198.6,14,30,0.4666666667,True
champion,delay2_b_line,19,20261021,-197.6,14,30,0.4666666667,True
champion,delay2_b_line,20,20261022,-145.6,10,30,0.3333333333,True
champion,delay2_b_line,21,20261023,-158.2,11,30,0.3666666667,True
champion,delay2_b_line,22,20261024,-197.6,14,30,0.4666666667,True
champion,delay2_b_line,23,20261025,-132.1,9,30,0.3,True
champion,delay2_b_line,24,20261026,-197.6,14,30,0.4666666667,True
champion,delay2_b_line,25,20261027,-146.6,10,30,0.3333333333,True
champion,delay2_b_line,26,20261028,-105.9,7,30,0.2333333333,True
champion,delay2_b_line,27,20261029,-197.6,14,30,0.4666666667,True
champion,delay2_b_line,28,20261030,-145.6,10,30,0.3333333333,True
champion,delay2_b_line,29,20261031,-79.6,5,30,0.1666666667,True
champion,delay2_b_line,30,20261032,-2.6,0,30,0,False
champion,delay2_b_line,31,20261033,-137.6,9,30,0.3,True
champion,delay2_b_line,32,20261034,-197.6,14,30,0.4666666667,True
champion,delay2_b_line,33,20261035,-145.6,10,30,0.3333333333,True
champion,delay2_b_line,34,20261036,-197.5,14,30,0.4666666667,True
champion,delay2_b_line,35,20261037,-197.6,14,30,0.4666666667,True
champion,delay2_b_line,36,20261038,-93.6,6,30,0.2,True
champion,delay2_b_line,37,20261039,-197.5,14,30,0.4666666667,True
champion,delay2_b_line,38,20261040,-28.6,1,30,0.03333333333,True
champion,delay2_b_line,39,20261041,-2.6,0,30,0,False
champion,delay2_b_line,40,20261042,-146.6,10,30,0.3333333333,True
champion,delay2_b_line,41,20261043,-50.2,2,30,0.06666666667,True
champion,delay2_b_line,42,20261044,-197.6,14,30,0.4666666667,True
champion,delay2_b_line,43,20261045,-145.5,10,30,0.3333333333,True
champion,delay2_b_line,44,20261046,-79.6,5,30,0.1666666667,True
champion,delay2_b_line,45,20261047,-4.6,0,30,0,False
champion,delay2_b_line,46,20261048,-197.6,14,30,0.4666666667,True
champion,delay2_b_line,47,20261049,-197.5,14,30,0.4666666667,True
champion,delay2_b_line,48,20261050,-92.8,6,30,0.2,True
champion,delay2_b_line,49,20261051,-197.6,14,30,0.4666666667,True
champion,delay2_b_line,50,20261052,-197.6,14,30,0.4666666667,True
champion,delay2_b_line,51,20261053,-10.6,0,30,0,False
champion,delay2_b_line,52,20261054,-2.5,0,30,0,False
champion,delay2_b_line,53,20261055,-17.6,0,30,0,False
champion,delay2_b_line,54,20261056,-184.4,13,30,0.4333333333,True
champion,delay2_b_line,55,20261057,-41.6,2,30,0.06666666667,True
champion,delay2_b_line,56,20261058,-2.5,0,30,0,False
champion,delay2_b_line,57,20261059,-2.5,0,30,0,False
champion,delay2_b_line,58,20261060,-137.6,9,30,0.3,True
champion,delay2_b_line,59,20261061,-2.6,0,30,0,False
champion,delay2_b_line,60,20261062,-9,0,30,0,False
champion,delay2_b_line,61,20261063,-145.5,10,30,0.3333333333,True
champion,delay2_b_line,62,20261064,-198.6,14,30,0.4666666667,True
champion,delay2_b_line,63,20261065,-197.5,14,30,0.4666666667,True
champion,delay2_b_line,64,20261066,-0.4,0,30,0,False
champion,delay2_b_line,65,20261067,-197.6,14,30,0.4666666667,True
champion,delay2_b_line,66,20261068,-158.3,11,30,0.3666666667,True
champion,delay2_b_line,67,20261069,-41.6,2,30,0.06666666667,True
champion,delay2_b_line,68,20261070,-10.6,0,30,0,False
champion,delay2_b_line,69,20261071,-145.6,10,30,0.3333333333,True
champion,delay2_b_line,70,20261072,-28.5,1,30,0.03333333333,True
champion,delay2_b_line,71,20261073,-146.6,10,30,0.3333333333,True
champion,delay2_b_line,72,20261074,-40.4,2,30,0.06666666667,True
champion,delay2_b_line,73,20261075,-93.6,6,30,0.2,True
champion,delay2_b_line,74,20261076,-4.6,0,30,0,False
champion,delay2_b_line,75,20261077,-197.6,14,30,0.4666666667,True
champion,delay2_b_line,76,20261078,-197.6,14,30,0.4666666667,True
champion,delay2_b_line,77,20261079,-198.6,14,30,0.4666666667,True
champion,delay2_b_line,78,20261080,-145.6,10,30,0.3333333333,True
champion,delay2_b_line,79,20261081,-12.6,0,30,0,False
champion,delay2_b_line,80,20261082,-197.6,14,30,0.4666666667,True
champion,delay2_b_line,81,20261083,-53.4,3,30,0.1,True
champion,delay2_b_line,82,20261084,-40.4,2,30,0.06666666667,True
champion,delay2_b_line,83,20261085,-197.6,14,30,0.4666666667,True
champion,delay2_b_line,84,20261086,-66.5,4,30,0.1333333333,True
champion,delay2_b_line,85,20261087,-198.5,14,30,0.4666666667,True
champion,delay2_b_line,86,20261088,-145.6,10,30,0.3333333333,True
champion,delay2_b_line,87,20261089,-93.5,6,30,0.2,True
champion,delay2_b_line,88,20261090,-171.4,12,30,0.4,True
champion,delay2_b_line,89,20261091,-197.5,14,30,0.4666666667,True
champion,delay2_b_line,90,20261092,-2.6,0,30,0,False
champion,delay2_b_line,91,20261093,-2.6,0,30,0,False
champion,delay2_b_line,92,20261094,-147.6,10,30,0.3333333333,True
champion,delay2_b_line,93,20261095,-197.6,14,30,0.4666666667,True
champion,delay2_b_line,94,20261096,-93.6,6,30,0.2,True
champion,delay2_b_line,95,20261097,-2.6,0,30,0,False
champion,delay2_b_line,96,20261098,-198.6,14,30,0.4666666667,True
champion,delay2_b_line,97,20261099,-184.5,13,30,0.4333333333,True
champion,delay2_b_line,98,20261100,-2.5,0,30,0,False
champion,delay2_b_line,99,20261101,-197.6,14,30,0.4666666667,True
champion,delay3_b_line,0,20261002,-80.4,5,30,0.1666666667,True
champion,delay3_b_line,1,20261003,-28.5,1,30,0.03333333333,True
champion,delay3_b_line,2,20261004,-67.5,4,30,0.1333333333,True
champion,delay3_b_line,3,20261005,-3.4,0,30,0,False
champion,delay3_b_line,4,20261006,-80.5,5,30,0.1666666667,True
champion,delay3_b_line,5,20261007,-132.5,9,30,0.3,True
champion,delay3_b_line,6,20261008,-54.4,3,30,0.1,True
champion,delay3_b_line,7,20261009,-80.5,5,30,0.1666666667,True
champion,delay3_b_line,8,20261010,-184.5,13,30,0.4333333333,True
champion,delay3_b_line,9,20261011,-53.5,3,30,0.1,True
champion,delay3_b_line,10,20261012,-158.2,11,30,0.3666666667,True
champion,delay3_b_line,11,20261013,-184.5,13,30,0.4333333333,True
champion,delay3_b_line,12,20261014,-27.2,1,30,0.03333333333,True
champion,delay3_b_line,13,20261015,-184.5,13,30,0.4333333333,True
champion,delay3_b_line,14,20261016,-158.2,11,30,0.3666666667,True
champion,delay3_b_line,15,20261017,-2.5,0,30,0,False
champion,delay3_b_line,16,20261018,-145.2,10,30,0.3333333333,True
champion,delay3_b_line,17,20261019,-132.5,9,30,0.3,True
champion,delay3_b_line,18,20261020,-185.5,13,30,0.4333333333,True
champion,delay3_b_line,19,20261021,-184.5,13,30,0.4333333333,True
champion,delay3_b_line,20,20261022,-132.5,9,30,0.3,True
champion,delay3_b_line,21,20261023,-145.1,10,30,0.3333333333,True
champion,delay3_b_line,22,20261024,-184.5,13,30,0.4333333333,True
champion,delay3_b_line,23,20261025,-119,8,30,0.2666666667,True
champion,delay3_b_line,24,20261026,-184.5,13,30,0.4333333333,True
champion,delay3_b_line,25,20261027,-133.5,9,30,0.3,True
champion,delay3_b_line,26,20261028,-92.8,6,30,0.2,True
champion,delay3_b_line,27,20261029,-184.5,13,30,0.4333333333,True
champion,delay3_b_line,28,20261030,-132.5,9,30,0.3,True
champion,delay3_b_line,29,20261031,-66.5,4,30,0.1333333333,True
champion,delay3_b_line,30,20261032,-2.5,0,30,0,False
champion,delay3_b_line,31,20261033,-124.5,8,30,0.2666666667,True
champion,delay3_b_line,32,20261034,-184.5,13,30,0.4333333333,True
champion,delay3_b_line,33,20261035,-132.5,9,30,0.3,True
champion,delay3_b_line,34,20261036,-184.4,13,30,0.4333333333,True
champion,delay3_b_line,35,20261037,-184.5,13,30,0.4333333333,True
champion,delay3_b_line,36,20261038,-80.5,5,30,0.1666666667,True
champion,delay3_b_line,37,20261039,-184.4,13,30,0.4333333333,True
champion,delay3_b_line,38,20261040,-15.5,0,30,0,False
champion,delay3_b_line,39,20261041,-2.5,0,30,0,False
champion,delay3_b_line,40,20261042,-133.5,9,30,0.3,True
champion,delay3_b_line,41,20261043,-37.1,1,30,0.03333333333,True
champion,delay3_b_line,42,20261044,-184.5,13,30,0.4333333333,True
champion,delay3_b_line,43,20261045,-132.4,9,30,0.3,True
champion,delay3_b_line,44,20261046,-66.5,4,30,0.1333333333,True
champion,delay3_b_line,45,20261047,-3.5,0,30,0,False
champion,delay3_b_line,46,20261048,-184.5,13,30,0.4333333333,True
champion,delay3_b_line,47,20261049,-184.4,13,30,0.4333333333,True
champion,delay3_b_line,48,20261050,-79.7,5,30,0.1666666667,True
champion,delay3_b_line,49,20261051,-184.5,13,30,0.4333333333,True
champion,delay3_b_line,50,20261052,-184.5,13,30,0.4333333333,True
champion,delay3_b_line,51,20261053,-8.5,0,30,0,False
champion,delay3_b_line,52,20261054,-2.4,0,30,0,False
champion,delay3_b_line,53,20261055,-15.5,0,30,0,False
champion,delay3_b_line,54,20261056,-171.3,12,30,0.4,True
champion,delay3_b_line,55,20261057,-28.5,1,30,0.03333333333,True
champion,delay3_b_line,56,20261058,-2.4,0,30,0,False
champion,delay3_b_line,57,20261059,-2.4,0,30,0,False
champion,delay3_b_line,58,20261060,-124.5,8,30,0.2666666667,True
champion,delay3_b_line,59,20261061,-2.5,0,30,0,False
champion,delay3_b_line,60,20261062,-6.9,0,30,0,False
champion,delay3_b_line,61,20261063,-132.4,9,30,0.3,True
champion,delay3_b_line,62,20261064,-185.5,13,30,0.4333333333,True
champion,delay3_b_line,63,20261065,-184.4,13,30,0.4333333333,True
champion,delay3_b_line,64,20261066,-0.3,0,30,0,False
champion,delay3_b_line,65,20261067,-184.5,13,30,0.4333333333,True
champion,delay3_b_line,66,20261068,-145.2,10,30,0.3333333333,True
champion,delay3_b_line,67,20261069,-28.5,1,30,0.03333333333,True
champion,delay3_b_line,68,20261070,-8.5,0,30,0,False
champion,delay3_b_line,69,20261071,-132.5,9,30,0.3,True
champion,delay3_b_line,70,20261072,-15.4,0,30,0,False
champion,delay3_b_line,71,20261073,-133.5,9,30,0.3,True
champion,delay3_b_line,72,20261074,-27.3,1,30,0.03333333333,True
champion,delay3_b_line,73,20261075,-80.5,5,30,0.1666666667,True
champion,delay3_b_line,74,20261076,-3.5,0,30,0,False
champion,delay3_b_line,75,20261077,-184.5,13,30,0.4333333333,True
champion,delay3_b_line,76,20261078,-184.5,13,30,0.4333333333,True
champion,delay3_b_line,77,20261079,-185.5,13,30,0.4333333333,True
champion,delay3_b_line,78,20261080,-132.5,9,30,0.3,True
champion,delay3_b_line,79,20261081,-11.5,0,30,0,False
champion,delay3_b_line,80,20261082,-184.5,13,30,0.4333333333,True
champion,delay3_b_line,81,20261083,-40.3,2,30,0.06666666667,True
champion,delay3_b_line,82,20261084,-27.3,1,30,0.03333333333,True
champion,delay3_b_line,83,20261085,-184.5,13,30,0.4333333333,True
champion,delay3_b_line,84,20261086,-53.4,3,30,0.1,True
champion,delay3_b_line,85,20261087,-185.4,13,30,0.4333333333,True
champion,delay3_b_line,86,20261088,-132.5,9,30,0.3,True
champion,delay3_b_line,87,20261089,-80.4,5,30,0.1666666667,True
champion,delay3_b_line,88,20261090,-158.3,11,30,0.3666666667,True
champion,delay3_b_line,89,20261091,-184.4,13,30,0.4333333333,True
champion,delay3_b_line,90,20261092,-2.5,0,30,0,False
champion,delay3_b_line,91,20261093,-2.5,0,30,0,False
champion,delay3_b_line,92,20261094,-134.5,9,30,0.3,True
champion,delay3_b_line,93,20261095,-184.5,13,30,0.4333333333,True
champion,delay3_b_line,94,20261096,-80.5,5,30,0.1666666667,True
champion,delay3_b_line,95,20261097,-2.5,0,30,0,False
champion,delay3_b_line,96,20261098,-185.5,13,30,0.4333333333,True
champion,delay3_b_line,97,20261099,-171.4,12,30,0.4,True
champion,delay3_b_line,98,20261100,-2.4,0,30,0,False
champion,delay3_b_line,99,20261101,-184.5,13,30,0.4333333333,True
champion,delay4_b_line,0,20261002,-67.3,4,30,0.1333333333,True
champion,delay4_b_line,1,20261003,-15.4,0,30,0,False
champion,delay4_b_line,2,20261004,-54.4,3,30,0.1,True
champion,delay4_b_line,3,20261005,-2.3,0,30,0,False
champion,delay4_b_line,4,20261006,-67.4,4,30,0.1333333333,True
champion,delay4_b_line,5,20261007,-119.4,8,30,0.2666666667,True
champion,delay4_b_line,6,20261008,-41.3,2,30,0.06666666667,True
champion,delay4_b_line,7,20261009,-67.4,4,30,0.1333333333,True
champion,delay4_b_line,8,20261010,-171.4,12,30,0.4,True
champion,delay4_b_line,9,20261011,-40.4,2,30,0.06666666667,True
champion,delay4_b_line,10,20261012,-145.1,10,30,0.3333333333,True
champion,delay4_b_line,11,20261013,-171.4,12,30,0.4,True
champion,delay4_b_line,12,20261014,-14.1,0,30,0,False
champion,delay4_b_line,13,20261015,-171.4,12,30,0.4,True
champion,delay4_b_line,14,20261016,-145.1,10,30,0.3333333333,True
champion,delay4_b_line,15,20261017,-2.4,0,30,0,False
champion,delay4_b_line,16,20261018,-132.1,9,30,0.3,True
champion,delay4_b_line,17,20261019,-119.4,8,30,0.2666666667,True
champion,delay4_b_line,18,20261020,-172.4,12,30,0.4,True
champion,delay4_b_line,19,20261021,-171.4,12,30,0.4,True
champion,delay4_b_line,20,20261022,-119.4,8,30,0.2666666667,True
champion,delay4_b_line,21,20261023,-132,9,30,0.3,True
champion,delay4_b_line,22,20261024,-171.4,12,30,0.4,True
champion,delay4_b_line,23,20261025,-105.9,7,30,0.2333333333,True
champion,delay4_b_line,24,20261026,-171.4,12,30,0.4,True
champion,delay4_b_line,25,20261027,-120.4,8,30,0.2666666667,True
champion,delay4_b_line,26,20261028,-79.7,5,30,0.1666666667,True
champion,delay4_b_line,27,20261029,-171.4,12,30,0.4,True
champion,delay4_b_line,28,20261030,-119.4,8,30,0.2666666667,True
champion,delay4_b_line,29,20261031,-53.4,3,30,0.1,True
champion,delay4_b_line,30,20261032,-2.4,0,30,0,False
champion,delay4_b_line,31,20261033,-111.4,7,30,0.2333333333,True
champion,delay4_b_line,32,20261034,-171.4,12,30,0.4,True
champion,delay4_b_line,33,20261035,-119.4,8,30,0.2666666667,True
champion,delay4_b_line,34,20261036,-171.3,12,30,0.4,True
champion,delay4_b_line,35,20261037,-171.4,12,30,0.4,True
champion,delay4_b_line,36,20261038,-67.4,4,30,0.1333333333,True
champion,delay4_b_line,37,20261039,-171.3,12,30,0.4,True
champion,delay4_b_line,38,20261040,-12.4,0,30,0,False
champion,delay4_b_line,39,20261041,-2.4,0,30,0,False
champion,delay4_b_line,40,20261042,-120.4,8,30,0.2666666667,True
champion,delay4_b_line,41,20261043,-24,0,30,0,False
champion,delay4_b_line,42,20261044,-171.4,12,30,0.4,True
champion,delay4_b_line,43,20261045,-119.3,8,30,0.2666666667,True
champion,delay4_b_line,44,20261046,-53.4,3,30,0.1,True
champion,delay4_b_line,45,20261047,-2.4,0,30,0,False
champion,delay4_b_line,46,20261048,-171.4,12,30,0.4,True
champion,delay4_b_line,47,20261049,-171.3,12,30,0.4,True
champion,delay4_b_line,48,20261050,-66.6,4,30,0.1333333333,True
champion,delay4_b_line,49,20261051,-171.4,12,30,0.4,True
champion,delay4_b_line,50,20261052,-171.4,12,30,0.4,True
champion,delay4_b_line,51,20261053,-6.4,0,30,0,False
champion,delay4_b_line,52,20261054,-2.3,0,30,0,False
champion,delay4_b_line,53,20261055,-14.4,0,30,0,False
champion,delay4_b_line,54,20261056,-158.2,11,30,0.3666666667,True
champion,delay4_b_line,55,20261057,-15.4,0,30,0,False
champion,delay4_b_line,56,20261058,-2.3,0,30,0,False
champion,delay4_b_line,57,20261059,-2.3,0,30,0,False
champion,delay4_b_line,58,20261060,-111.4,7,30,0.2333333333,True
champion,delay4_b_line,59,20261061,-2.4,0,30,0,False
champion,delay4_b_line,60,20261062,-4.8,0,30,0,False
champion,delay4_b_line,61,20261063,-119.3,8,30,0.2666666667,True
champion,delay4_b_line,62,20261064,-172.4,12,30,0.4,True
champion,delay4_b_line,63,20261065,-171.3,12,30,0.4,True
champion,delay4_b_line,64,20261066,-0.2,0,30,0,False
champion,delay4_b_line,65,20261067,-171.4,12,30,0.4,True
champion,delay4_b_line,66,20261068,-132.1,9,30,0.3,True
champion,delay4_b_line,67,20261069,-15.4,0,30,0,False
champion,delay4_b_line,68,20261070,-6.4,0,30,0,False
champion,delay4_b_line,69,20261071,-119.4,8,30,0.2666666667,True
champion,delay4_b_line,70,20261072,-12.3,0,30,0,False
champion,delay4_b_line,71,20261073,-120.4,8,30,0.2666666667,True
champion,delay4_b_line,72,20261074,-14.2,0,30,0,False
champion,delay4_b_line,73,20261075,-67.4,4,30,0.1333333333,True
champion,delay4_b_line,74,20261076,-2.4,0,30,0,False
champion,delay4_b_line,75,20261077,-171.4,12,30,0.4,True
champion,delay4_b_line,76,20261078,-171.4,12,30,0.4,True
champion,delay4_b_line,77,20261079,-172.4,12,30,0.4,True
champion,delay4_b_line,78,20261080,-119.4,8,30,0.2666666667,True
champion,delay4_b_line,79,20261081,-10.4,0,30,0,False
champion,delay4_b_line,80,20261082,-171.4,12,30,0.4,True
champion,delay4_b_line,81,20261083,-27.2,1,30,0.03333333333,True
champion,delay4_b_line,82,20261084,-14.2,0,30,0,False
champion,delay4_b_line,83,20261085,-171.4,12,30,0.4,True
champion,delay4_b_line,84,20261086,-40.3,2,30,0.06666666667,True
champion,delay4_b_line,85,20261087,-172.3,12,30,0.4,True
champion,delay4_b_line,86,20261088,-119.4,8,30,0.2666666667,True
champion,delay4_b_line,87,20261089,-67.3,4,30,0.1333333333,True
champion,delay4_b_line,88,20261090,-145.2,10,30,0.3333333333,True
champion,delay4_b_line,89,20261091,-171.3,12,30,0.4,True
champion,delay4_b_line,90,20261092,-2.4,0,30,0,False
champion,delay4_b_line,91,20261093,-2.4,0,30,0,False
champion,delay4_b_line,92,20261094,-121.4,8,30,0.2666666667,True
champion,delay4_b_line,93,20261095,-171.4,12,30,0.4,True
champion,delay4_b_line,94,20261096,-67.4,4,30,0.1333333333,True
champion,delay4_b_line,95,20261097,-2.4,0,30,0,False
champion,delay4_b_line,96,20261098,-172.4,12,30,0.4,True
champion,delay4_b_line,97,20261099,-158.3,11,30,0.3666666667,True
champion,delay4_b_line,98,20261100,-2.3,0,30,0,False
champion,delay4_b_line,99,20261101,-171.4,12,30,0.4,True
champion,delay5_b_line,0,20261002,-54.2,3,30,0.1,True
champion,delay5_b_line,1,20261003,-12.3,0,30,0,False
champion,delay5_b_line,2,20261004,-41.3,2,30,0.06666666667,True
champion,delay5_b_line,3,20261005,-2.2,0,30,0,False
champion,delay5_b_line,4,20261006,-54.3,3,30,0.1,True
champion,delay5_b_line,5,20261007,-106.3,7,30,0.2333333333,True
champion,delay5_b_line,6,20261008,-28.2,1,30,0.03333333333,True
champion,delay5_b_line,7,20261009,-54.3,3,30,0.1,True
champion,delay5_b_line,8,20261010,-158.3,11,30,0.3666666667,True
champion,delay5_b_line,9,20261011,-27.3,1,30,0.03333333333,True
champion,delay5_b_line,10,20261012,-132,9,30,0.3,True
champion,delay5_b_line,11,20261013,-158.3,11,30,0.3666666667,True
champion,delay5_b_line,12,20261014,-11,0,30,0,False
champion,delay5_b_line,13,20261015,-158.3,11,30,0.3666666667,True
champion,delay5_b_line,14,20261016,-132,9,30,0.3,True
champion,delay5_b_line,15,20261017,-2.3,0,30,0,False
champion,delay5_b_line,16,20261018,-119,8,30,0.2666666667,True
champion,delay5_b_line,17,20261019,-106.3,7,30,0.2333333333,True
champion,delay5_b_line,18,20261020,-159.3,11,30,0.3666666667,True
champion,delay5_b_line,19,20261021,-158.3,11,30,0.3666666667,True
champion,delay5_b_line,20,20261022,-106.3,7,30,0.2333333333,True
champion,delay5_b_line,21,20261023,-118.9,8,30,0.2666666667,True
champion,delay5_b_line,22,20261024,-158.3,11,30,0.3666666667,True
champion,delay5_b_line,23,20261025,-92.8,6,30,0.2,True
champion,delay5_b_line,24,20261026,-158.3,11,30,0.3666666667,True
champion,delay5_b_line,25,20261027,-107.3,7,30,0.2333333333,True
champion,delay5_b_line,26,20261028,-66.6,4,30,0.1333333333,True
champion,delay5_b_line,27,20261029,-158.3,11,30,0.3666666667,True
champion,delay5_b_line,28,20261030,-106.3,7,30,0.2333333333,True
champion,delay5_b_line,29,20261031,-40.3,2,30,0.06666666667,True
champion,delay5_b_line,30,20261032,-2.3,0,30,0,False
champion,delay5_b_line,31,20261033,-98.3,6,30,0.2,True
champion,delay5_b_line,32,20261034,-158.3,11,30,0.3666666667,True
champion,delay5_b_line,33,20261035,-106.3,7,30,0.2333333333,True
champion,delay5_b_line,34,20261036,-158.2,11,30,0.3666666667,True
champion,delay5_b_line,35,20261037,-158.3,11,30,0.3666666667,True
champion,delay5_b_line,36,20261038,-54.3,3,30,0.1,True
champion,delay5_b_line,37,20261039,-158.2,11,30,0.3666666667,True
champion,delay5_b_line,38,20261040,-10.3,0,30,0,False
champion,delay5_b_line,39,20261041,-2.3,0,30,0,False
champion,delay5_b_line,40,20261042,-107.3,7,30,0.2333333333,True
champion,delay5_b_line,41,20261043,-20.9,0,30,0,False
champion,delay5_b_line,42,20261044,-158.3,11,30,0.3666666667,True
champion,delay5_b_line,43,20261045,-106.2,7,30,0.2333333333,True
champion,delay5_b_line,44,20261046,-40.3,2,30,0.06666666667,True
champion,delay5_b_line,45,20261047,-2.3,0,30,0,False
champion,delay5_b_line,46,20261048,-158.3,11,30,0.3666666667,True
champion,delay5_b_line,47,20261049,-158.2,11,30,0.3666666667,True
champion,delay5_b_line,48,20261050,-53.5,3,30,0.1,True
champion,delay5_b_line,49,20261051,-158.3,11,30,0.3666666667,True
champion,delay5_b_line,50,20261052,-158.3,11,30,0.3666666667,True
champion,delay5_b_line,51,20261053,-5.3,0,30,0,False
champion,delay5_b_line,52,20261054,-2.2,0,30,0,False
champion,delay5_b_line,53,20261055,-13.3,0,30,0,False
champion,delay5_b_line,54,20261056,-145.1,10,30,0.3333333333,True
champion,delay5_b_line,55,20261057,-12.3,0,30,0,False
champion,delay5_b_line,56,20261058,-2.2,0,30,0,False
champion,delay5_b_line,57,20261059,-2.2,0,30,0,False
champion,delay5_b_line,58,20261060,-98.3,6,30,0.2,True
champion,delay5_b_line,59,20261061,-2.3,0,30,0,False
champion,delay5_b_line,60,20261062,-3.7,0,30,0,False
champion,delay5_b_line,61,20261063,-106.2,7,30,0.2333333333,True
champion,delay5_b_line,62,20261064,-159.3,11,30,0.3666666667,True
champion,delay5_b_line,63,20261065,-158.2,11,30,0.3666666667,True
champion,delay5_b_line,64,20261066,-0.1,0,30,0,False
champion,delay5_b_line,65,20261067,-158.3,11,30,0.3666666667,True
champion,delay5_b_line,66,20261068,-119,8,30,0.2666666667,True
champion,delay5_b_line,67,20261069,-12.3,0,30,0,False
champion,delay5_b_line,68,20261070,-5.3,0,30,0,False
champion,delay5_b_line,69,20261071,-106.3,7,30,0.2333333333,True
champion,delay5_b_line,70,20261072,-10.2,0,30,0,False
champion,delay5_b_line,71,20261073,-107.3,7,30,0.2333333333,True
champion,delay5_b_line,72,20261074,-11.1,0,30,0,False
champion,delay5_b_line,73,20261075,-54.3,3,30,0.1,True
champion,delay5_b_line,74,20261076,-2.3,0,30,0,False
champion,delay5_b_line,75,20261077,-158.3,11,30,0.3666666667,True
champion,delay5_b_line,76,20261078,-158.3,11,30,0.3666666667,True
champion,delay5_b_line,77,20261079,-159.3,11,30,0.3666666667,True
champion,delay5_b_line,78,20261080,-106.3,7,30,0.2333333333,True
champion,delay5_b_line,79,20261081,-9.3,0,30,0,False
champion,delay5_b_line,80,20261082,-158.3,11,30,0.3666666667,True
champion,delay5_b_line,81,20261083,-14.1,0,30,0,False
champion,delay5_b_line,82,20261084,-11.1,0,30,0,False
champion,delay5_b_line,83,20261085,-158.3,11,30,0.3666666667,True
champion,delay5_b_line,84,20261086,-27.2,1,30,0.03333333333,True
champion,delay5_b_line,85,20261087,-159.2,11,30,0.3666666667,True
champion,delay5_b_line,86,20261088,-106.3,7,30,0.2333333333,True
champion,delay5_b_line,87,20261089,-54.2,3,30,0.1,True
champion,delay5_b_line,88,20261090,-132.1,9,30,0.3,True
champion,delay5_b_line,89,20261091,-158.2,11,30,0.3666666667,True
champion,delay5_b_line,90,20261092,-2.3,0,30,0,False
champion,delay5_b_line,91,20261093,-2.3,0,30,0,False
champion,delay5_b_line,92,20261094,-108.3,7,30,0.2333333333,True
champion,delay5_b_line,93,20261095,-158.3,11,30,0.3666666667,True
champion,delay5_b_line,94,20261096,-54.3,3,30,0.1,True
champion,delay5_b_line,95,20261097,-2.3,0,30,0,False
champion,delay5_b_line,96,20261098,-159.3,11,30,0.3666666667,True
champion,delay5_b_line,97,20261099,-145.2,10,30,0.3333333333,True
champion,delay5_b_line,98,20261100,-2.2,0,30,0,False
champion,delay5_b_line,99,20261101,-158.3,11,30,0.3666666667,True
champion,delay6_b_line,0,20261002,-41.1,2,30,0.06666666667,True
champion,delay6_b_line,1,20261003,-10.2,0,30,0,False
champion,delay6_b_line,2,20261004,-28.2,1,30,0.03333333333,True
champion,delay6_b_line,3,20261005,-2.1,0,30,0,False
champion,delay6_b_line,4,20261006,-41.2,2,30,0.06666666667,True
champion,delay6_b_line,5,20261007,-93.2,6,30,0.2,True
champion,delay6_b_line,6,20261008,-15.1,0,30,0,False
champion,delay6_b_line,7,20261009,-41.2,2,30,0.06666666667,True
champion,delay6_b_line,8,20261010,-145.2,10,30,0.3333333333,True
champion,delay6_b_line,9,20261011,-14.2,0,30,0,False
champion,delay6_b_line,10,20261012,-118.9,8,30,0.2666666667,True
champion,delay6_b_line,11,20261013,-145.2,10,30,0.3333333333,True
champion,delay6_b_line,12,20261014,-8.9,0,30,0,False
champion,delay6_b_line,13,20261015,-145.2,10,30,0.3333333333,True
champion,delay6_b_line,14,20261016,-118.9,8,30,0.2666666667,True
champion,delay6_b_line,15,20261017,-2.2,0,30,0,False
champion,delay6_b_line,16,20261018,-105.9,7,30,0.2333333333,True
champion,delay6_b_line,17,20261019,-93.2,6,30,0.2,True
champion,delay6_b_line,18,20261020,-146.2,10,30,0.3333333333,True
champion,delay6_b_line,19,20261021,-145.2,10,30,0.3333333333,True
champion,delay6_b_line,20,20261022,-93.2,6,30,0.2,True
champion,delay6_b_line,21,20261023,-105.8,7,30,0.2333333333,True
champion,delay6_b_line,22,20261024,-145.2,10,30,0.3333333333,True
champion,delay6_b_line,23,20261025,-79.7,5,30,0.1666666667,True
champion,delay6_b_line,24,20261026,-145.2,10,30,0.3333333333,True
champion,delay6_b_line,25,20261027,-94.2,6,30,0.2,True
champion,delay6_b_line,26,20261028,-53.5,3,30,0.1,True
champion,delay6_b_line,27,20261029,-145.2,10,30,0.3333333333,True
champion,delay6_b_line,28,20261030,-93.2,6,30,0.2,True
champion,delay6_b_line,29,20261031,-27.2,1,30,0.03333333333,True
champion,delay6_b_line,30,20261032,-2.2,0,30,0,False
champion,delay6_b_line,31,20261033,-85.2,5,30,0.1666666667,True
champion,delay6_b_line,32,20261034,-145.2,10,30,0.3333333333,True
champion,delay6_b_line,33,20261035,-93.2,6,30,0.2,True
champion,delay6_b_line,34,20261036,-145.1,10,30,0.3333333333,True
champion,delay6_b_line,35,20261037,-145.2,10,30,0.3333333333,True
champion,delay6_b_line,36,20261038,-41.2,2,30,0.06666666667,True
champion,delay6_b_line,37,20261039,-145.1,10,30,0.3333333333,True
champion,delay6_b_line,38,20261040,-8.2,0,30,0,False
champion,delay6_b_line,39,20261041,-2.2,0,30,0,False
champion,delay6_b_line,40,20261042,-94.2,6,30,0.2,True
champion,delay6_b_line,41,20261043,-18.8,0,30,0,False
champion,delay6_b_line,42,20261044,-145.2,10,30,0.3333333333,True
champion,delay6_b_line,43,20261045,-93.1,6,30,0.2,True
champion,delay6_b_line,44,20261046,-27.2,1,30,0.03333333333,True
champion,delay6_b_line,45,20261047,-2.2,0,30,0,False
champion,delay6_b_line,46,20261048,-145.2,10,30,0.3333333333,True
champion,delay6_b_line,47,20261049,-145.1,10,30,0.3333333333,True
champion,delay6_b_line,48,20261050,-40.4,2,30,0.06666666667,True
champion,delay6_b_line,49,20261051,-145.2,10,30,0.3333333333,True
champion,delay6_b_line,50,20261052,-145.2,10,30,0.3333333333,True
champion,delay6_b_line,51,20261053,-4.2,0,30,0,False
champion,delay6_b_line,52,20261054,-2.1,0,30,0,False
champion,delay6_b_line,53,20261055,-12.2,0,30,0,False
champion,delay6_b_line,54,20261056,-132,9,30,0.3,True
champion,delay6_b_line,55,20261057,-10.2,0,30,0,False
champion,delay6_b_line,56,20261058,-2.1,0,30,0,False
champion,delay6_b_line,57,20261059,-2.1,0,30,0,False
champion,delay6_b_line,58,20261060,-85.2,5,30,0.1666666667,True
champion,delay6_b_line,59,20261061,-2.2,0,30,0,False
champion,delay6_b_line,60,20261062,-2.6,0,30,0,False
champion,delay6_b_line,61,20261063,-93.1,6,30,0.2,True
champion,delay6_b_line,62,20261064,-146.2,10,30,0.3333333333,True
champion,delay6_b_line,63,20261065,-145.1,10,30,0.3333333333,True
champion,delay6_b_line,64,20261066,0,0,30,0,False
champion,delay6_b_line,65,20261067,-145.2,10,30,0.3333333333,True
champion,delay6_b_line,66,20261068,-105.9,7,30,0.2333333333,True
champion,delay6_b_line,67,20261069,-10.2,0,30,0,False
champion,delay6_b_line,68,20261070,-4.2,0,30,0,False
champion,delay6_b_line,69,20261071,-93.2,6,30,0.2,True
champion,delay6_b_line,70,20261072,-8.1,0,30,0,False
champion,delay6_b_line,71,20261073,-94.2,6,30,0.2,True
champion,delay6_b_line,72,20261074,-9,0,30,0,False
champion,delay6_b_line,73,20261075,-41.2,2,30,0.06666666667,True
champion,delay6_b_line,74,20261076,-2.2,0,30,0,False
champion,delay6_b_line,75,20261077,-145.2,10,30,0.3333333333,True
champion,delay6_b_line,76,20261078,-145.2,10,30,0.3333333333,True
champion,delay6_b_line,77,20261079,-146.2,10,30,0.3333333333,True
champion,delay6_b_line,78,20261080,-93.2,6,30,0.2,True
champion,delay6_b_line,79,20261081,-8.2,0,30,0,False
champion,delay6_b_line,80,20261082,-145.2,10,30,0.3333333333,True
champion,delay6_b_line,81,20261083,-11,0,30,0,False
champion,delay6_b_line,82,20261084,-9,0,30,0,False
champion,delay6_b_line,83,20261085,-145.2,10,30,0.3333333333,True
champion,delay6_b_line,84,20261086,-14.1,0,30,0,False
champion,delay6_b_line,85,20261087,-146.1,10,30,0.3333333333,True
champion,delay6_b_line,86,20261088,-93.2,6,30,0.2,True
champion,delay6_b_line,87,20261089,-41.1,2,30,0.06666666667,True
champion,delay6_b_line,88,20261090,-119,8,30,0.2666666667,True
champion,delay6_b_line,89,20261091,-145.1,10,30,0.3333333333,True
champion,delay6_b_line,90,20261092,-2.2,0,30,0,False
champion,delay6_b_line,91,20261093,-2.2,0,30,0,False
champion,delay6_b_line,92,20261094,-95.2,6,30,0.2,True
champion,delay6_b_line,93,20261095,-145.2,10,30,0.3333333333,True
champion,delay6_b_line,94,20261096,-41.2,2,30,0.06666666667,True
champion,delay6_b_line,95,20261097,-2.2,0,30,0,False
champion,delay6_b_line,96,20261098,-146.2,10,30,0.3333333333,True
champion,delay6_b_line,97,20261099,-132.1,9,30,0.3,True
champion,delay6_b_line,98,20261100,-2.1,0,30,0,False
champion,delay6_b_line,99,20261101,-145.2,10,30,0.3333333333,True
champion,delay7_b_line,0,20261002,-28,1,30,0.03333333333,True
champion,delay7_b_line,1,20261003,-8.1,0,30,0,False
champion,delay7_b_line,2,20261004,-15.1,0,30,0,False
champion,delay7_b_line,3,20261005,-2,0,30,0,False
champion,delay7_b_line,4,20261006,-28.1,1,30,0.03333333333,True
champion,delay7_b_line,5,20261007,-80.1,5,30,0.1666666667,True
champion,delay7_b_line,6,20261008,-12,0,30,0,False
champion,delay7_b_line,7,20261009,-28.1,1,30,0.03333333333,True
champion,delay7_b_line,8,20261010,-132.1,9,30,0.3,True
champion,delay7_b_line,9,20261011,-11.1,0,30,0,False
champion,delay7_b_line,10,20261012,-105.8,7,30,0.2333333333,True
champion,delay7_b_line,11,20261013,-132.1,9,30,0.3,True
champion,delay7_b_line,12,20261014,-6.8,0,30,0,False
champion,delay7_b_line,13,20261015,-132.1,9,30,0.3,True
champion,delay7_b_line,14,20261016,-105.8,7,30,0.2333333333,True
champion,delay7_b_line,15,20261017,-2.1,0,30,0,False
champion,delay7_b_line,16,20261018,-92.8,6,30,0.2,True
champion,delay7_b_line,17,20261019,-80.1,5,30,0.1666666667,True
champion,delay7_b_line,18,20261020,-133.1,9,30,0.3,True
champion,delay7_b_line,19,20261021,-132.1,9,30,0.3,True
champion,delay7_b_line,20,20261022,-80.1,5,30,0.1666666667,True
champion,delay7_b_line,21,20261023,-92.7,6,30,0.2,True
champion,delay7_b_line,22,20261024,-132.1,9,30,0.3,True
champion,delay7_b_line,23,20261025,-66.6,4,30,0.1333333333,True
champion,delay7_b_line,24,20261026,-132.1,9,30,0.3,True
champion,delay7_b_line,25,20261027,-81.1,5,30,0.1666666667,True
champion,delay7_b_line,26,20261028,-40.4,2,30,0.06666666667,True
champion,delay7_b_line,27,20261029,-132.1,9,30,0.3,True
champion,delay7_b_line,28,20261030,-80.1,5,30,0.1666666667,True
champion,delay7_b_line,29,20261031,-14.1,0,30,0,False
champion,delay7_b_line,30,20261032,-2.1,0,30,0,False
champion,delay7_b_line,31,20261033,-72.1,4,30,0.1333333333,True
champion,delay7_b_line,32,20261034,-132.1,9,30,0.3,True
champion,delay7_b_line,33,20261035,-80.1,5,30,0.1666666667,True
champion,delay7_b_line,34,20261036,-132,9,30,0.3,True
champion,delay7_b_line,35,20261037,-132.1,9,30,0.3,True
champion,delay7_b_line,36,20261038,-28.1,1,30,0.03333333333,True
champion,delay7_b_line,37,20261039,-132,9,30,0.3,True
champion,delay7_b_line,38,20261040,-6.1,0,30,0,False
champion,delay7_b_line,39,20261041,-2.1,0,30,0,False
champion,delay7_b_line,40,20261042,-81.1,5,30,0.1666666667,True
champion,delay7_b_line,41,20261043,-16.7,0,30,0,False
champion,delay7_b_line,42,20261044,-132.1,9,30,0.3,True
champion,delay7_b_line,43,20261045,-80,5,30,0.1666666667,True
champion,delay7_b_line,44,20261046,-14.1,0,30,0,False
champion,delay7_b_line,45,20261047,-2.1,0,30,0,False
champion,delay7_b_line,46,20261048,-132.1,9,30,0.3,True
champion,delay7_b_line,47,20261049,-132,9,30,0.3,True
champion,delay7_b_line,48,20261050,-27.3,1,30,0.03333333333,True
champion,delay7_b_line,49,20261051,-132.1,9,30,0.3,True
champion,delay7_b_line,50,20261052,-132.1,9,30,0.3,True
champion,delay7_b_line,51,20261053,-3.1,0,30,0,False
champion,delay7_b_line,52,20261054,-2,0,30,0,False
champion,delay7_b_line,53,20261055,-11.1,0,30,0,False
champion,delay7_b_line,54,20261056,-118.9,8,30,0.2666666667,True
champion,delay7_b_line,55,20261057,-8.1,0,30,0,False
champion,delay7_b_line,56,20261058,-2,0,30,0,False
champion,delay7_b_line,57,20261059,-2,0,30,0,False
champion,delay7_b_line,58,20261060,-72.1,4,30,0.1333333333,True
champion,delay7_b_line,59,20261061,-2.1,0,30,0,False
champion,delay7_b_line,60,20261062,-1.5,0,30,0,False
champion,delay7_b_line,61,20261063,-80,5,30,0.1666666667,True
champion,delay7_b_line,62,20261064,-133.1,9,30,0.3,True
champion,delay7_b_line,63,20261065,-132,9,30,0.3,True
champion,delay7_b_line,64,20261066,0,0,30,0,False
champion,delay7_b_line,65,20261067,-132.1,9,30,0.3,True
champion,delay7_b_line,66,20261068,-92.8,6,30,0.2,True
champion,delay7_b_line,67,20261069,-8.1,0,30,0,False
champion,delay7_b_line,68,20261070,-3.1,0,30,0,False
champion,delay7_b_line,69,20261071,-80.1,5,30,0.1666666667,True
champion,delay7_b_line,70,20261072,-6,0,30,0,False
champion,delay7_b_line,71,20261073,-81.1,5,30,0.1666666667,True
champion,delay7_b_line,72,20261074,-6.9,0,30,0,False
champion,delay7_b_line,73,20261075,-28.1,1,30,0.03333333333,True
champion,delay7_b_line,74,20261076,-2.1,0,30,0,False
champion,delay7_b_line,75,20261077,-132.1,9,30,0.3,True
champion,delay7_b_line,76,20261078,-132.1,9,30,0.3,True
champion,delay7_b_line,77,20261079,-133.1,9,30,0.3,True
champion,delay7_b_line,78,20261080,-80.1,5,30,0.1666666667,True
champion,delay7_b_line,79,20261081,-7.1,0,30,0,False
champion,delay7_b_line,80,20261082,-132.1,9,30,0.3,True
champion,delay7_b_line,81,20261083,-8.9,0,30,0,False
champion,delay7_b_line,82,20261084,-6.9,0,30,0,False
champion,delay7_b_line,83,20261085,-132.1,9,30,0.3,True
champion,delay7_b_line,84,20261086,-11,0,30,0,False
champion,delay7_b_line,85,20261087,-133,9,30,0.3,True
champion,delay7_b_line,86,20261088,-80.1,5,30,0.1666666667,True
champion,delay7_b_line,87,20261089,-28,1,30,0.03333333333,True
champion,delay7_b_line,88,20261090,-105.9,7,30,0.2333333333,True
champion,delay7_b_line,89,20261091,-132,9,30,0.3,True
champion,delay7_b_line,90,20261092,-2.1,0,30,0,False
champion,delay7_b_line,91,20261093,-2.1,0,30,0,False
champion,delay7_b_line,92,20261094,-82.1,5,30,0.1666666667,True
champion,delay7_b_line,93,20261095,-132.1,9,30,0.3,True
champion,delay7_b_line,94,20261096,-28.1,1,30,0.03333333333,True
champion,delay7_b_line,95,20261097,-2.1,0,30,0,False
champion,delay7_b_line,96,20261098,-133.1,9,30,0.3,True
champion,delay7_b_line,97,20261099,-119,8,30,0.2666666667,True
champion,delay7_b_line,98,20261100,-2,0,30,0,False
champion,delay7_b_line,99,20261101,-132.1,9,30,0.3,True
champion,delay8_b_line,0,20261002,-14.9,0,30,0,False
champion,delay8_b_line,1,20261003,-6,0,30,0,False
champion,delay8_b_line,2,20261004,-12,0,30,0,False
champion,delay8_b_line,3,20261005,-1.9,0,30,0,False
champion,delay8_b_line,4,20261006,-15,0,30,0,False
champion,delay8_b_line,5,20261007,-67,4,30,0.1333333333,True
champion,delay8_b_line,6,20261008,-9.9,0,30,0,False
champion,delay8_b_line,7,20261009,-15,0,30,0,False
champion,delay8_b_line,8,20261010,-119,8,30,0.2666666667,True
champion,delay8_b_line,9,20261011,-9,0,30,0,False
champion,delay8_b_line,10,20261012,-92.7,6,30,0.2,True
champion,delay8_b_line,11,20261013,-119,8,30,0.2666666667,True
champion,delay8_b_line,12,20261014,-4.7,0,30,0,False
champion,delay8_b_line,13,20261015,-119,8,30,0.2666666667,True
champion,delay8_b_line,14,20261016,-92.7,6,30,0.2,True
champion,delay8_b_line,15,20261017,-2,0,30,0,False
champion,delay8_b_line,16,20261018,-79.7,5,30,0.1666666667,True
champion,delay8_b_line,17,20261019,-67,4,30,0.1333333333,True
champion,delay8_b_line,18,20261020,-120,8,30,0.2666666667,True
champion,delay8_b_line,19,20261021,-119,8,30,0.2666666667,True
champion,delay8_b_line,20,20261022,-67,4,30,0.1333333333,True
champion,delay8_b_line,21,20261023,-79.6,5,30,0.1666666667,True
champion,delay8_b_line,22,20261024,-119,8,30,0.2666666667,True
champion,delay8_b_line,23,20261025,-53.5,3,30,0.1,True
champion,delay8_b_line,24,20261026,-119,8,30,0.2666666667,True
champion,delay8_b_line,25,20261027,-68,4,30,0.1333333333,True
champion,delay8_b_line,26,20261028,-27.3,1,30,0.03333333333,True
champion,delay8_b_line,27,20261029,-119,8,30,0.2666666667,True
champion,delay8_b_line,28,20261030,-67,4,30,0.1333333333,True
champion,delay8_b_line,29,20261031,-11,0,30,0,False
champion,delay8_b_line,30,20261032,-2,0,30,0,False
champion,delay8_b_line,31,20261033,-59,3,30,0.1,True
champion,delay8_b_line,32,20261034,-119,8,30,0.2666666667,True
champion,delay8_b_line,33,20261035,-67,4,30,0.1333333333,True
champion,delay8_b_line,34,20261036,-118.9,8,30,0.2666666667,True
champion,delay8_b_line,35,20261037,-119,8,30,0.2666666667,True
champion,delay8_b_line,36,20261038,-15,0,30,0,False
champion,delay8_b_line,37,20261039,-118.9,8,30,0.2666666667,True
champion,delay8_b_line,38,20261040,-5,0,30,0,False
champion,delay8_b_line,39,20261041,-2,0,30,0,False
champion,delay8_b_line,40,20261042,-68,4,30,0.1333333333,True
champion,delay8_b_line,41,20261043,-14.6,0,30,0,False
champion,delay8_b_line,42,20261044,-119,8,30,0.2666666667,True
champion,delay8_b_line,43,20261045,-66.9,4,30,0.1333333333,True
champion,delay8_b_line,44,20261046,-11,0,30,0,False
champion,delay8_b_line,45,20261047,-2,0,30,0,False
champion,delay8_b_line,46,20261048,-119,8,30,0.2666666667,True
champion,delay8_b_line,47,20261049,-118.9,8,30,0.2666666667,True
champion,delay8_b_line,48,20261050,-14.2,0,30,0,False
champion,delay8_b_line,49,20261051,-119,8,30,0.2666666667,True
champion,delay8_b_line,50,20261052,-119,8,30,0.2666666667,True
champion,delay8_b_line,51,20261053,-2,0,30,0,False
champion,delay8_b_line,52,20261054,-1.9,0,30,0,False
champion,delay8_b_line,53,20261055,-10,0,30,0,False
champion,delay8_b_line,54,20261056,-105.8,7,30,0.2333333333,True
champion,delay8_b_line,55,20261057,-6,0,30,0,False
champion,delay8_b_line,56,20261058,-1.9,0,30,0,False
champion,delay8_b_line,57,20261059,-1.9,0,30,0,False
champion,delay8_b_line,58,20261060,-59,3,30,0.1,True
champion,delay8_b_line,59,20261061,-2,0,30,0,False
champion,delay8_b_line,60,20261062,-0.4,0,30,0,False
champion,delay8_b_line,61,20261063,-66.9,4,30,0.1333333333,True
champion,delay8_b_line,62,20261064,-120,8,30,0.2666666667,True
champion,delay8_b_line,63,20261065,-118.9,8,30,0.2666666667,True
champion,delay8_b_line,64,20261066,0,0,30,0,False
champion,delay8_b_line,65,20261067,-119,8,30,0.2666666667,True
champion,delay8_b_line,66,20261068,-79.7,5,30,0.1666666667,True
champion,delay8_b_line,67,20261069,-6,0,30,0,False
champion,delay8_b_line,68,20261070,-2,0,30,0,False
champion,delay8_b_line,69,20261071,-67,4,30,0.1333333333,True
champion,delay8_b_line,70,20261072,-4.9,0,30,0,False
champion,delay8_b_line,71,20261073,-68,4,30,0.1333333333,True
champion,delay8_b_line,72,20261074,-4.8,0,30,0,False
champion,delay8_b_line,73,20261075,-15,0,30,0,False
champion,delay8_b_line,74,20261076,-2,0,30,0,False
champion,delay8_b_line,75,20261077,-119,8,30,0.2666666667,True
champion,delay8_b_line,76,20261078,-119,8,30,0.2666666667,True
champion,delay8_b_line,77,20261079,-120,8,30,0.2666666667,True
champion,delay8_b_line,78,20261080,-67,4,30,0.1333333333,True
champion,delay8_b_line,79,20261081,-6,0,30,0,False
champion,delay8_b_line,80,20261082,-119,8,30,0.2666666667,True
champion,delay8_b_line,81,20261083,-6.8,0,30,0,False
champion,delay8_b_line,82,20261084,-4.8,0,30,0,False
champion,delay8_b_line,83,20261085,-119,8,30,0.2666666667,True
champion,delay8_b_line,84,20261086,-8.9,0,30,0,False
champion,delay8_b_line,85,20261087,-119.9,8,30,0.2666666667,True
champion,delay8_b_line,86,20261088,-67,4,30,0.1333333333,True
champion,delay8_b_line,87,20261089,-14.9,0,30,0,False
champion,delay8_b_line,88,20261090,-92.8,6,30,0.2,True
champion,delay8_b_line,89,20261091,-118.9,8,30,0.2666666667,True
champion,delay8_b_line,90,20261092,-2,0,30,0,False
champion,delay8_b_line,91,20261093,-2,0,30,0,False
champion,delay8_b_line,92,20261094,-69,4,30,0.1333333333,True
champion,delay8_b_line,93,20261095,-119,8,30,0.2666666667,True
champion,delay8_b_line,94,20261096,-15,0,30,0,False
champion,delay8_b_line,95,20261097,-2,0,30,0,False
champion,delay8_b_line,96,20261098,-120,8,30,0.2666666667,True
champion,delay8_b_line,97,20261099,-105.9,7,30,0.2333333333,True
champion,delay8_b_line,98,20261100,-1.9,0,30,0,False
champion,delay8_b_line,99,20261101,-119,8,30,0.2666666667,True
champion,delay9_b_line,0,20261002,-11.8,0,30,0,False
champion,delay9_b_line,1,20261003,-4.9,0,30,0,False
champion,delay9_b_line,2,20261004,-9.9,0,30,0,False
champion,delay9_b_line,3,20261005,-1.8,0,30,0,False
champion,delay9_b_line,4,20261006,-11.9,0,30,0,False
champion,delay9_b_line,5,20261007,-53.9,3,30,0.1,True
champion,delay9_b_line,6,20261008,-7.8,0,30,0,False
champion,delay9_b_line,7,20261009,-11.9,0,30,0,False
champion,delay9_b_line,8,20261010,-105.9,7,30,0.2333333333,True
champion,delay9_b_line,9,20261011,-6.9,0,30,0,False
champion,delay9_b_line,10,20261012,-79.6,5,30,0.1666666667,True
champion,delay9_b_line,11,20261013,-105.9,7,30,0.2333333333,True
champion,delay9_b_line,12,20261014,-3.6,0,30,0,False
champion,delay9_b_line,13,20261015,-105.9,7,30,0.2333333333,True
champion,delay9_b_line,14,20261016,-79.6,5,30,0.1666666667,True
champion,delay9_b_line,15,20261017,-1.9,0,30,0,False
champion,delay9_b_line,16,20261018,-66.6,4,30,0.1333333333,True
champion,delay9_b_line,17,20261019,-53.9,3,30,0.1,True
champion,delay9_b_line,18,20261020,-106.9,7,30,0.2333333333,True
champion,delay9_b_line,19,20261021,-105.9,7,30,0.2333333333,True
champion,delay9_b_line,20,20261022,-53.9,3,30,0.1,True
champion,delay9_b_line,21,20261023,-66.5,4,30,0.1333333333,True
champion,delay9_b_line,22,20261024,-105.9,7,30,0.2333333333,True
champion,delay9_b_line,23,20261025,-40.4,2,30,0.06666666667,True
champion,delay9_b_line,24,20261026,-105.9,7,30,0.2333333333,True
champion,delay9_b_line,25,20261027,-54.9,3,30,0.1,True
champion,delay9_b_line,26,20261028,-14.2,0,30,0,False
champion,delay9_b_line,27,20261029,-105.9,7,30,0.2333333333,True
champion,delay9_b_line,28,20261030,-53.9,3,30,0.1,True
champion,delay9_b_line,29,20261031,-8.9,0,30,0,False
champion,delay9_b_line,30,20261032,-1.9,0,30,0,False
champion,delay9_b_line,31,20261033,-45.9,2,30,0.06666666667,True
champion,delay9_b_line,32,20261034,-105.9,7,30,0.2333333333,True
champion,delay9_b_line,33,20261035,-53.9,3,30,0.1,True
champion,delay9_b_line,34,20261036,-105.8,7,30,0.2333333333,True
champion,delay9_b_line,35,20261037,-105.9,7,30,0.2333333333,True
champion,delay9_b_line,36,20261038,-11.9,0,30,0,False
champion,delay9_b_line,37,20261039,-105.8,7,30,0.2333333333,True
champion,delay9_b_line,38,20261040,-3.9,0,30,0,False
champion,delay9_b_line,39,20261041,-1.9,0,30,0,False
champion,delay9_b_line,40,20261042,-54.9,3,30,0.1,True
champion,delay9_b_line,41,20261043,-13.5,0,30,0,False
champion,delay9_b_line,42,20261044,-105.9,7,30,0.2333333333,True
champion,delay9_b_line,43,20261045,-53.8,3,30,0.1,True
champion,delay9_b_line,44,20261046,-8.9,0,30,0,False
champion,delay9_b_line,45,20261047,-1.9,0,30,0,False
champion,delay9_b_line,46,20261048,-105.9,7,30,0.2333333333,True
champion,delay9_b_line,47,20261049,-105.8,7,30,0.2333333333,True
champion,delay9_b_line,48,20261050,-11.1,0,30,0,False
champion,delay9_b_line,49,20261051,-105.9,7,30,0.2333333333,True
champion,delay9_b_line,50,20261052,-105.9,7,30,0.2333333333,True
champion,delay9_b_line,51,20261053,-1.9,0,30,0,False
champion,delay9_b_line,52,20261054,-1.8,0,30,0,False
champion,delay9_b_line,53,20261055,-8.9,0,30,0,False
champion,delay9_b_line,54,20261056,-92.7,6,30,0.2,True
champion,delay9_b_line,55,20261057,-4.9,0,30,0,False
champion,delay9_b_line,56,20261058,-1.8,0,30,0,False
champion,delay9_b_line,57,20261059,-1.8,0,30,0,False
champion,delay9_b_line,58,20261060,-45.9,2,30,0.06666666667,True
champion,delay9_b_line,59,20261061,-1.9,0,30,0,False
champion,delay9_b_line,60,20261062,-0.3,0,30,0,False
champion,delay9_b_line,61,20261063,-53.8,3,30,0.1,True
champion,delay9_b_line,62,20261064,-106.9,7,30,0.2333333333,True
champion,delay9_b_line,63,20261065,-105.8,7,30,0.2333333333,True
champion,delay9_b_line,64,20261066,0,0,30,0,False
champion,delay9_b_line,65,20261067,-105.9,7,30,0.2333333333,True
champion,delay9_b_line,66,20261068,-66.6,4,30,0.1333333333,True
champion,delay9_b_line,67,20261069,-4.9,0,30,0,False
champion,delay9_b_line,68,20261070,-1.9,0,30,0,False
champion,delay9_b_line,69,20261071,-53.9,3,30,0.1,True
champion,delay9_b_line,70,20261072,-3.8,0,30,0,False
champion,delay9_b_line,71,20261073,-54.9,3,30,0.1,True
champion,delay9_b_line,72,20261074,-3.7,0,30,0,False
champion,delay9_b_line,73,20261075,-11.9,0,30,0,False
champion,delay9_b_line,74,20261076,-1.9,0,30,0,False
champion,delay9_b_line,75,20261077,-105.9,7,30,0.2333333333,True
champion,delay9_b_line,76,20261078,-105.9,7,30,0.2333333333,True
champion,delay9_b_line,77,20261079,-106.9,7,30,0.2333333333,True
champion,delay9_b_line,78,20261080,-53.9,3,30,0.1,True
champion,delay9_b_line,79,20261081,-4.9,0,30,0,False
champion,delay9_b_line,80,20261082,-105.9,7,30,0.2333333333,True
champion,delay9_b_line,81,20261083,-4.7,0,30,0,False
champion,delay9_b_line,82,20261084,-3.7,0,30,0,False
champion,delay9_b_line,83,20261085,-105.9,7,30,0.2333333333,True
champion,delay9_b_line,84,20261086,-6.8,0,30,0,False
champion,delay9_b_line,85,20261087,-106.8,7,30,0.2333333333,True
champion,delay9_b_line,86,20261088,-53.9,3,30,0.1,True
champion,delay9_b_line,87,20261089,-11.8,0,30,0,False
champion,delay9_b_line,88,20261090,-79.7,5,30,0.1666666667,True
champion,delay9_b_line,89,20261091,-105.8,7,30,0.2333333333,True
champion,delay9_b_line,90,20261092,-1.9,0,30,0,False
champion,delay9_b_line,91,20261093,-1.9,0,30,0,False
champion,delay9_b_line,92,20261094,-55.9,3,30,0.1,True
champion,delay9_b_line,93,20261095,-105.9,7,30,0.2333333333,True
champion,delay9_b_line,94,20261096,-11.9,0,30,0,False
champion,delay9_b_line,95,20261097,-1.9,0,30,0,False
champion,delay9_b_line,96,20261098,-106.9,7,30,0.2333333333,True
champion,delay9_b_line,97,20261099,-92.8,6,30,0.2,True
champion,delay9_b_line,98,20261100,-1.8,0,30,0,False
champion,delay9_b_line,99,20261101,-105.9,7,30,0.2333333333,True
champion,delay10_b_line,0,20261002,-9.7,0,30,0,False
champion,delay10_b_line,1,20261003,-3.8,0,30,0,False
champion,delay10_b_line,2,20261004,-7.8,0,30,0,False
champion,delay10_b_line,3,20261005,-1.7,0,30,0,False
champion,delay10_b_line,4,20261006,-9.8,0,30,0,False
champion,delay10_b_line,5,20261007,-40.8,2,30,0.06666666667,True
champion,delay10_b_line,6,20261008,-5.7,0,30,0,False
champion,delay10_b_line,7,20261009,-9.8,0,30,0,False
champion,delay10_b_line,8,20261010,-92.8,6,30,0.2,True
champion,delay10_b_line,9,20261011,-4.8,0,30,0,False
champion,delay10_b_line,10,20261012,-66.5,4,30,0.1333333333,True
champion,delay10_b_line,11,20261013,-92.8,6,30,0.2,True
champion,delay10_b_line,12,20261014,-2.5,0,30,0,False
champion,delay10_b_line,13,20261015,-92.8,6,30,0.2,True
champion,delay10_b_line,14,20261016,-66.5,4,30,0.1333333333,True
champion,delay10_b_line,15,20261017,-1.8,0,30,0,False
champion,delay10_b_line,16,20261018,-53.5,3,30,0.1,True
champion,delay10_b_line,17,20261019,-40.8,2,30,0.06666666667,True
champion,delay10_b_line,18,20261020,-93.8,6,30,0.2,True
champion,delay10_b_line,19,20261021,-92.8,6,30,0.2,True
champion,delay10_b_line,20,20261022,-40.8,2,30,0.06666666667,True
champion,delay10_b_line,21,20261023,-53.4,3,30,0.1,True
champion,delay10_b_line,22,20261024,-92.8,6,30,0.2,True
champion,delay10_b_line,23,20261025,-27.3,1,30,0.03333333333,True
champion,delay10_b_line,24,20261026,-92.8,6,30,0.2,True
champion,delay10_b_line,25,20261027,-41.8,2,30,0.06666666667,True
champion,delay10_b_line,26,20261028,-11.1,0,30,0,False
champion,delay10_b_line,27,20261029,-92.8,6,30,0.2,True
champion,delay10_b_line,28,20261030,-40.8,2,30,0.06666666667,True
champion,delay10_b_line,29,20261031,-6.8,0,30,0,False
champion,delay10_b_line,30,20261032,-1.8,0,30,0,False
champion,delay10_b_line,31,20261033,-32.8,1,30,0.03333333333,True
champion,delay10_b_line,32,20261034,-92.8,6,30,0.2,True
champion,delay10_b_line,33,20261035,-40.8,2,30,0.06666666667,True
champion,delay10_b_line,34,20261036,-92.7,6,30,0.2,True
champion,delay10_b_line,35,20261037,-92.8,6,30,0.2,True
champion,delay10_b_line,36,20261038,-9.8,0,30,0,False
champion,delay10_b_line,37,20261039,-92.7,6,30,0.2,True
champion,delay10_b_line,38,20261040,-2.8,0,30,0,False
champion,delay10_b_line,39,20261041,-1.8,0,30,0,False
champion,delay10_b_line,40,20261042,-41.8,2,30,0.06666666667,True
champion,delay10_b_line,41,20261043,-12.4,0,30,0,False
champion,delay10_b_line,42,20261044,-92.8,6,30,0.2,True
champion,delay10_b_line,43,20261045,-40.7,2,30,0.06666666667,True
champion,delay10_b_line,44,20261046,-6.8,0,30,0,False
champion,delay10_b_line,45,20261047,-1.8,0,30,0,False
champion,delay10_b_line,46,20261048,-92.8,6,30,0.2,True
champion,delay10_b_line,47,20261049,-92.7,6,30,0.2,True
champion,delay10_b_line,48,20261050,-9,0,30,0,False
champion,delay10_b_line,49,20261051,-92.8,6,30,0.2,True
champion,delay10_b_line,50,20261052,-92.8,6,30,0.2,True
champion,delay10_b_line,51,20261053,-1.8,0,30,0,False
champion,delay10_b_line,52,20261054,-1.7,0,30,0,False
champion,delay10_b_line,53,20261055,-7.8,0,30,0,False
champion,delay10_b_line,54,20261056,-79.6,5,30,0.1666666667,True
champion,delay10_b_line,55,20261057,-3.8,0,30,0,False
champion,delay10_b_line,56,20261058,-1.7,0,30,0,False
champion,delay10_b_line,57,20261059,-1.7,0,30,0,False
champion,delay10_b_line,58,20261060,-32.8,1,30,0.03333333333,True
champion,delay10_b_line,59,20261061,-1.8,0,30,0,False
champion,delay10_b_line,60,20261062,-0.2,0,30,0,False
champion,delay10_b_line,61,20261063,-40.7,2,30,0.06666666667,True
champion,delay10_b_line,62,20261064,-93.8,6,30,0.2,True
champion,delay10_b_line,63,20261065,-92.7,6,30,0.2,True
champion,delay10_b_line,64,20261066,0,0,30,0,False
champion,delay10_b_line,65,20261067,-92.8,6,30,0.2,True
champion,delay10_b_line,66,20261068,-53.5,3,30,0.1,True
champion,delay10_b_line,67,20261069,-3.8,0,30,0,False
champion,delay10_b_line,68,20261070,-1.8,0,30,0,False
champion,delay10_b_line,69,20261071,-40.8,2,30,0.06666666667,True
champion,delay10_b_line,70,20261072,-2.7,0,30,0,False
champion,delay10_b_line,71,20261073,-41.8,2,30,0.06666666667,True
champion,delay10_b_line,72,20261074,-2.6,0,30,0,False
champion,delay10_b_line,73,20261075,-9.8,0,30,0,False
champion,delay10_b_line,74,20261076,-1.8,0,30,0,False
champion,delay10_b_line,75,20261077,-92.8,6,30,0.2,True
champion,delay10_b_line,76,20261078,-92.8,6,30,0.2,True
champion,delay10_b_line,77,20261079,-93.8,6,30,0.2,True
champion,delay10_b_line,78,20261080,-40.8,2,30,0.06666666667,True
champion,delay10_b_line,79,20261081,-3.8,0,30,0,False
champion,delay10_b_line,80,20261082,-92.8,6,30,0.2,True
champion,delay10_b_line,81,20261083,-3.6,0,30,0,False
champion,delay10_b_line,82,20261084,-2.6,0,30,0,False
champion,delay10_b_line,83,20261085,-92.8,6,30,0.2,True
champion,delay10_b_line,84,20261086,-4.7,0,30,0,False
champion,delay10_b_line,85,20261087,-93.7,6,30,0.2,True
champion,delay10_b_line,86,20261088,-40.8,2,30,0.06666666667,True
champion,delay10_b_line,87,20261089,-9.7,0,30,0,False
champion,delay10_b_line,88,20261090,-66.6,4,30,0.1333333333,True
champion,delay10_b_line,89,20261091,-92.7,6,30,0.2,True
champion,delay10_b_line,90,20261092,-1.8,0,30,0,False
champion,delay10_b_line,91,20261093,-1.8,0,30,0,False
champion,delay10_b_line,92,20261094,-42.8,2,30,0.06666666667,True
champion,delay10_b_line,93,20261095,-92.8,6,30,0.2,True
champion,delay10_b_line,94,20261096,-9.8,0,30,0,False
champion,delay10_b_line,95,20261097,-1.8,0,30,0,False
champion,delay10_b_line,96,20261098,-93.8,6,30,0.2,True
champion,delay10_b_line,97,20261099,-79.7,5,30,0.1666666667,True
champion,delay10_b_line,98,20261100,-1.7,0,30,0,False
champion,delay10_b_line,99,20261101,-92.8,6,30,0.2,True
champion,delay3_meander,0,20261002,-17.8,0,30,0,False
champion,delay3_meander,1,20261003,-20,0,30,0,False
champion,delay3_meander,2,20261004,-14.9,0,30,0,False
champion,delay3_meander,3,20261005,-6.8,0,30,0,False
champion,delay3_meander,4,20261006,-4.7,0,30,0,False
champion,delay3_meander,5,20261007,-19,0,30,0,False
champion,delay3_meander,6,20261008,-20.6,0,30,0,False
champion,delay3_meander,7,20261009,-14,0,30,0,False
champion,delay3_meander,8,20261010,-9.4,0,30,0,False
champion,delay3_meander,9,20261011,-20.1,0,30,0,False
champion,delay3_meander,10,20261012,-31.9,1,30,0.03333333333,True
champion,delay3_meander,11,20261013,-28.7,0,30,0,False
champion,delay3_meander,12,20261014,-13.3,0,30,0,False
champion,delay3_meander,13,20261015,-7.2,0,30,0,False
champion,delay3_meander,14,20261016,-14.5,0,30,0,False
champion,delay3_meander,15,20261017,-19.6,0,30,0,False
champion,delay3_meander,16,20261018,-24.4,0,30,0,False
champion,delay3_meander,17,20261019,-13.6,0,30,0,False
champion,delay3_meander,18,20261020,-28.1,0,30,0,False
champion,delay3_meander,19,20261021,-10.1,0,30,0,False
champion,delay3_meander,20,20261022,-20.1,0,30,0,False
champion,delay3_meander,21,20261023,-20.1,0,30,0,False
champion,delay3_meander,22,20261024,-13.8,0,30,0,False
champion,delay3_meander,23,20261025,-17.2,0,30,0,False
champion,delay3_meander,24,20261026,-17.5,0,30,0,False
champion,delay3_meander,25,20261027,-10.1,0,30,0,False
champion,delay3_meander,26,20261028,-14.7,0,30,0,False
champion,delay3_meander,27,20261029,-8.2,0,30,0,False
champion,delay3_meander,28,20261030,-17.6,0,30,0,False
champion,delay3_meander,29,20261031,-19,0,30,0,False
champion,delay3_meander,30,20261032,-57.6,3,30,0.1,True
champion,delay3_meander,31,20261033,-3.7,0,30,0,False
champion,delay3_meander,32,20261034,-13,0,30,0,False
champion,delay3_meander,33,20261035,-15.6,0,30,0,False
champion,delay3_meander,34,20261036,-11.5,0,30,0,False
champion,delay3_meander,35,20261037,-17.3,0,30,0,False
champion,delay3_meander,36,20261038,-18.4,0,30,0,False
champion,delay3_meander,37,20261039,-23.7,0,30,0,False
champion,delay3_meander,38,20261040,-16.2,0,30,0,False
champion,delay3_meander,39,20261041,-10.7,0,30,0,False
champion,delay3_meander,40,20261042,-11.8,0,30,0,False
champion,delay3_meander,41,20261043,-15.3,0,30,0,False
champion,delay3_meander,42,20261044,-7.2,0,30,0,False
champion,delay3_meander,43,20261045,-69.7,4,30,0.1333333333,True
champion,delay3_meander,44,20261046,-17.7,0,30,0,False
champion,delay3_meander,45,20261047,-18.2,0,30,0,False
champion,delay3_meander,46,20261048,-9.6,0,30,0,False
champion,delay3_meander,47,20261049,-12,0,30,0,False
champion,delay3_meander,48,20261050,-14.9,0,30,0,False
champion,delay3_meander,49,20261051,-16.3,0,30,0,False
champion,delay3_meander,50,20261052,-10,0,30,0,False
champion,delay3_meander,51,20261053,-26.8,0,30,0,False
champion,delay3_meander,52,20261054,-12.4,0,30,0,False
champion,delay3_meander,53,20261055,-11.5,0,30,0,False
champion,delay3_meander,54,20261056,-13.5,0,30,0,False
champion,delay3_meander,55,20261057,-13.4,0,30,0,False
champion,delay3_meander,56,20261058,-15.7,0,30,0,False
champion,delay3_meander,57,20261059,-73.7,4,30,0.1333333333,True
champion,delay3_meander,58,20261060,-27.8,0,30,0,False
champion,delay3_meander,59,20261061,-21.3,0,30,0,False
champion,delay3_meander,60,20261062,-10,0,30,0,False
champion,delay3_meander,61,20261063,-16.7,0,30,0,False
champion,delay3_meander,62,20261064,-18.5,0,30,0,False
champion,delay3_meander,63,20261065,-11.5,0,30,0,False
champion,delay3_meander,64,20261066,-33.6,0,30,0,False
champion,delay3_meander,65,20261067,-20.6,0,30,0,False
champion,delay3_meander,66,20261068,-13.2,0,30,0,False
champion,delay3_meander,67,20261069,-15.2,0,30,0,False
champion,delay3_meander,68,20261070,-4.6,0,30,0,False
champion,delay3_meander,69,20261071,-30,0,30,0,False
champion,delay3_meander,70,20261072,-45.7,2,30,0.06666666667,True
champion,delay3_meander,71,20261073,-12.9,0,30,0,False
champion,delay3_meander,72,20261074,-20.7,0,30,0,False
champion,delay3_meander,73,20261075,-20,0,30,0,False
champion,delay3_meander,74,20261076,-13.9,0,30,0,False
champion,delay3_meander,75,20261077,-11.8,0,30,0,False
champion,delay3_meander,76,20261078,-18.6,0,30,0,False
champion,delay3_meander,77,20261079,-8.7,0,30,0,False
champion,delay3_meander,78,20261080,-23.3,0,30,0,False
champion,delay3_meander,79,20261081,-19,0,30,0,False
champion,delay3_meander,80,20261082,-18.8,0,30,0,False
champion,delay3_meander,81,20261083,-21.5,0,30,0,False
champion,delay3_meander,82,20261084,-25,0,30,0,False
champion,delay3_meander,83,20261085,-18.8,0,30,0,False
champion,delay3_meander,84,20261086,-20.5,0,30,0,False
champion,delay3_meander,85,20261087,-16.2,0,30,0,False
champion,delay3_meander,86,20261088,-4,0,30,0,False
champion,delay3_meander,87,20261089,-10,0,30,0,False
champion,delay3_meander,88,20261090,-13.8,0,30,0,False
champion,delay3_meander,89,20261091,-24.4,0,30,0,False
champion,delay3_meander,90,20261092,-12.3,0,30,0,False
champion,delay3_meander,91,20261093,-14.7,0,30,0,False
champion,delay3_meander,92,20261094,-21.6,0,30,0,False
champion,delay3_meander,93,20261095,-11.8,0,30,0,False
champion,delay3_meander,94,20261096,-17.5,0,30,0,False
champion,delay3_meander,95,20261097,-25.9,0,30,0,False
champion,delay3_meander,96,20261098,-7.2,0,30,0,False
champion,delay3_meander,97,20261099,-20.3,0,30,0,False
champion,delay3_meander,98,20261100,-5.3,0,30,0,False
champion,delay3_meander,99,20261101,-17.4,0,30,0,False
champion+fallback,delay1_b_line,0,20261002,-2.7,0,30,0,False
champion+fallback,delay1_b_line,1,20261003,-2.7,0,30,0,False
champion+fallback,delay1_b_line,2,20261004,-10.7,0,30,0,False
champion+fallback,delay1_b_line,3,20261005,-2.7,0,30,0,False
champion+fallback,delay1_b_line,4,20261006,-2.7,0,30,0,False
champion+fallback,delay1_b_line,5,20261007,-2.7,0,30,0,False
champion+fallback,delay1_b_line,6,20261008,-1.6,0,30,0,False
champion+fallback,delay1_b_line,7,20261009,-6.7,0,30,0,False
champion+fallback,delay1_b_line,8,20261010,-9.7,0,30,0,False
champion+fallback,delay1_b_line,9,20261011,-2.1,0,30,0,False
champion+fallback,delay1_b_line,10,20261012,-2,0,30,0,False
champion+fallback,delay1_b_line,11,20261013,-13.6,0,30,0,False
champion+fallback,delay1_b_line,12,20261014,-1.5,0,30,0,False
champion+fallback,delay1_b_line,13,20261015,-6.7,0,30,0,False
champion+fallback,delay1_b_line,14,20261016,-1.6,0,30,0,False
champion+fallback,delay1_b_line,15,20261017,-8.7,0,30,0,False
champion+fallback,delay1_b_line,16,20261018,-2.7,0,30,0,False
champion+fallback,delay1_b_line,17,20261019,-2.7,0,30,0,False
champion+fallback,delay1_b_line,18,20261020,-2.7,0,30,0,False
champion+fallback,delay1_b_line,19,20261021,-3.7,0,30,0,False
champion+fallback,delay1_b_line,20,20261022,-2.7,0,30,0,False
champion+fallback,delay1_b_line,21,20261023,-1.8,0,30,0,False
champion+fallback,delay1_b_line,22,20261024,-11.7,0,30,0,False
champion+fallback,delay1_b_line,23,20261025,-3.2,0,30,0,False
champion+fallback,delay1_b_line,24,20261026,-6.7,0,30,0,False
champion+fallback,delay1_b_line,25,20261027,-7.7,0,30,0,False
champion+fallback,delay1_b_line,26,20261028,-2.3,0,30,0,False
champion+fallback,delay1_b_line,27,20261029,-2.7,0,30,0,False
champion+fallback,delay1_b_line,28,20261030,-12.7,0,30,0,False
champion+fallback,delay1_b_line,29,20261031,-1.8,0,30,0,False
champion+fallback,delay1_b_line,30,20261032,-6.7,0,30,0,False
champion+fallback,delay1_b_line,31,20261033,-8.7,0,30,0,False
champion+fallback,delay1_b_line,32,20261034,-8.6,0,30,0,False
champion+fallback,delay1_b_line,33,20261035,-6.7,0,30,0,False
champion+fallback,delay1_b_line,34,20261036,-19.6,0,30,0,False
champion+fallback,delay1_b_line,35,20261037,-2.7,0,30,0,False
champion+fallback,delay1_b_line,36,20261038,-2.7,0,30,0,False
champion+fallback,delay1_b_line,37,20261039,-12,0,30,0,False
champion+fallback,delay1_b_line,38,20261040,-6.7,0,30,0,False
champion+fallback,delay1_b_line,39,20261041,-12.7,0,30,0,False
champion+fallback,delay1_b_line,40,20261042,-13.7,0,30,0,False
champion+fallback,delay1_b_line,41,20261043,-8.7,0,30,0,False
champion+fallback,delay1_b_line,42,20261044,-10.7,0,30,0,False
champion+fallback,delay1_b_line,43,20261045,-12.7,0,30,0,False
champion+fallback,delay1_b_line,44,20261046,-8.7,0,30,0,False
champion+fallback,delay1_b_line,45,20261047,-2.7,0,30,0,False
champion+fallback,delay1_b_line,46,20261048,-2.7,0,30,0,False
champion+fallback,delay1_b_line,47,20261049,-14.7,0,30,0,False
champion+fallback,delay1_b_line,48,20261050,-7.6,0,30,0,False
champion+fallback,delay1_b_line,49,20261051,-2.7,0,30,0,False
champion+fallback,delay1_b_line,50,20261052,-6.6,0,30,0,False
champion+fallback,delay1_b_line,51,20261053,-2.6,0,30,0,False
champion+fallback,delay1_b_line,52,20261054,-2.6,0,30,0,False
champion+fallback,delay1_b_line,53,20261055,-2.7,0,30,0,False
champion+fallback,delay1_b_line,54,20261056,-0.7,0,30,0,False
champion+fallback,delay1_b_line,55,20261057,-2.7,0,30,0,False
champion+fallback,delay1_b_line,56,20261058,-2.6,0,30,0,False
champion+fallback,delay1_b_line,57,20261059,-2.7,0,30,0,False
champion+fallback,delay1_b_line,58,20261060,-10.7,0,30,0,False
champion+fallback,delay1_b_line,59,20261061,-2.7,0,30,0,False
champion+fallback,delay1_b_line,60,20261062,-2.2,0,30,0,False
champion+fallback,delay1_b_line,61,20261063,-11.6,0,30,0,False
champion+fallback,delay1_b_line,62,20261064,-2.7,0,30,0,False
champion+fallback,delay1_b_line,63,20261065,-8.7,0,30,0,False
champion+fallback,delay1_b_line,64,20261066,-1.8,0,30,0,False
champion+fallback,delay1_b_line,65,20261067,-14.7,0,30,0,False
champion+fallback,delay1_b_line,66,20261068,-2.4,0,30,0,False
champion+fallback,delay1_b_line,67,20261069,-10.7,0,30,0,False
champion+fallback,delay1_b_line,68,20261070,-3.7,0,30,0,False
champion+fallback,delay1_b_line,69,20261071,-10.7,0,30,0,False
champion+fallback,delay1_b_line,70,20261072,-2.6,0,30,0,False
champion+fallback,delay1_b_line,71,20261073,-2.7,0,30,0,False
champion+fallback,delay1_b_line,72,20261074,-9.1,0,30,0,False
champion+fallback,delay1_b_line,73,20261075,-12.7,0,30,0,False
champion+fallback,delay1_b_line,74,20261076,-12.7,0,30,0,False
champion+fallback,delay1_b_line,75,20261077,-8.6,0,30,0,False
champion+fallback,delay1_b_line,76,20261078,-2.7,0,30,0,False
champion+fallback,delay1_b_line,77,20261079,-2.7,0,30,0,False
champion+fallback,delay1_b_line,78,20261080,-2.6,0,30,0,False
champion+fallback,delay1_b_line,79,20261081,-2.7,0,30,0,False
champion+fallback,delay1_b_line,80,20261082,-8.7,0,30,0,False
champion+fallback,delay1_b_line,81,20261083,-5.6,0,30,0,False
champion+fallback,delay1_b_line,82,20261084,-2.6,0,30,0,False
champion+fallback,delay1_b_line,83,20261085,-8.7,0,30,0,False
champion+fallback,delay1_b_line,84,20261086,-5.7,0,30,0,False
champion+fallback,delay1_b_line,85,20261087,-12.7,0,30,0,False
champion+fallback,delay1_b_line,86,20261088,-2.7,0,30,0,False
champion+fallback,delay1_b_line,87,20261089,-8.7,0,30,0,False
champion+fallback,delay1_b_line,88,20261090,-2.7,0,30,0,False
champion+fallback,delay1_b_line,89,20261091,0,0,30,0,False
champion+fallback,delay1_b_line,90,20261092,-5.6,0,30,0,False
champion+fallback,delay1_b_line,91,20261093,-6.7,0,30,0,False
champion+fallback,delay1_b_line,92,20261094,-4.7,0,30,0,False
champion+fallback,delay1_b_line,93,20261095,-2.7,0,30,0,False
champion+fallback,delay1_b_line,94,20261096,-2.6,0,30,0,False
champion+fallback,delay1_b_line,95,20261097,-2.7,0,30,0,False
champion+fallback,delay1_b_line,96,20261098,-2.7,0,30,0,False
champion+fallback,delay1_b_line,97,20261099,-1.1,0,30,0,False
champion+fallback,delay1_b_line,98,20261100,-12.7,0,30,0,False
champion+fallback,delay1_b_line,99,20261101,-2.6,0,30,0,False
champion+fallback,delay2_b_line,0,20261002,-2.6,0,30,0,False
champion+fallback,delay2_b_line,1,20261003,-2.6,0,30,0,False
champion+fallback,delay2_b_line,2,20261004,-7.4,0,30,0,False
champion+fallback,delay2_b_line,3,20261005,-2.6,0,30,0,False
champion+fallback,delay2_b_line,4,20261006,-5.6,0,30,0,False
champion+fallback,delay2_b_line,5,20261007,-2.6,0,30,0,False
champion+fallback,delay2_b_line,6,20261008,-9.6,0,30,0,False
champion+fallback,delay2_b_line,7,20261009,-7,0,30,0,False
champion+fallback,delay2_b_line,8,20261010,-2.2,0,30,0,False
champion+fallback,delay2_b_line,9,20261011,-11.6,0,30,0,False
champion+fallback,delay2_b_line,10,20261012,-2.6,0,30,0,False
champion+fallback,delay2_b_line,11,20261013,-11.6,0,30,0,False
champion+fallback,delay2_b_line,12,20261014,-2.6,0,30,0,False
champion+fallback,delay2_b_line,13,20261015,-4.5,0,30,0,False
champion+fallback,delay2_b_line,14,20261016,-2.6,0,30,0,False
champion+fallback,delay2_b_line,15,20261017,-10.6,0,30,0,False
champion+fallback,delay2_b_line,16,20261018,-2.6,0,30,0,False
champion+fallback,delay2_b_line,17,20261019,-2.6,0,30,0,False
champion+fallback,delay2_b_line,18,20261020,-2.4,0,30,0,False
champion+fallback,delay2_b_line,19,20261021,-2.5,0,30,0,False
champion+fallback,delay2_b_line,20,20261022,-3.6,0,30,0,False
champion+fallback,delay2_b_line,21,20261023,-12.6,0,30,0,False
champion+fallback,delay2_b_line,22,20261024,-2.6,0,30,0,False
champion+fallback,delay2_b_line,23,20261025,-5.6,0,30,0,False
champion+fallback,delay2_b_line,24,20261026,-2.6,0,30,0,False
champion+fallback,delay2_b_line,25,20261027,-2.6,0,30,0,False
champion+fallback,delay2_b_line,26,20261028,-2.6,0,30,0,False
champion+fallback,delay2_b_line,27,20261029,-2.6,0,30,0,False
champion+fallback,delay2_b_line,28,20261030,-5.6,0,30,0,False
champion+fallback,delay2_b_line,29,20261031,-2.6,0,30,0,False
champion+fallback,delay2_b_line,30,20261032,-2.6,0,30,0,False
champion+fallback,delay2_b_line,31,20261033,-2.6,0,30,0,False
champion+fallback,delay2_b_line,32,20261034,-2.5,0,30,0,False
champion+fallback,delay2_b_line,33,20261035,-2.6,0,30,0,False
champion+fallback,delay2_b_line,34,20261036,-11.6,0,30,0,False
champion+fallback,delay2_b_line,35,20261037,-12.5,0,30,0,False
champion+fallback,delay2_b_line,36,20261038,-2.6,0,30,0,False
champion+fallback,delay2_b_line,37,20261039,-3.6,0,30,0,False
champion+fallback,delay2_b_line,38,20261040,-2.6,0,30,0,False
champion+fallback,delay2_b_line,39,20261041,-1.3,0,30,0,False
champion+fallback,delay2_b_line,40,20261042,-3.6,0,30,0,False
champion+fallback,delay2_b_line,41,20261043,-13.6,0,30,0,False
champion+fallback,delay2_b_line,42,20261044,-1.9,0,30,0,False
champion+fallback,delay2_b_line,43,20261045,-2.5,0,30,0,False
champion+fallback,delay2_b_line,44,20261046,-2.6,0,30,0,False
champion+fallback,delay2_b_line,45,20261047,-2.6,0,30,0,False
champion+fallback,delay2_b_line,46,20261048,-2.6,0,30,0,False
champion+fallback,delay2_b_line,47,20261049,-2.5,0,30,0,False
champion+fallback,delay2_b_line,48,20261050,-5.6,0,30,0,False
champion+fallback,delay2_b_line,49,20261051,-2.5,0,30,0,False
champion+fallback,delay2_b_line,50,20261052,-3.6,0,30,0,False
champion+fallback,delay2_b_line,51,20261053,-7.6,0,30,0,False
champion+fallback,delay2_b_line,52,20261054,-2.5,0,30,0,False
champion+fallback,delay2_b_line,53,20261055,-2.5,0,30,0,False
champion+fallback,delay2_b_line,54,20261056,-3.6,0,30,0,False
champion+fallback,delay2_b_line,55,20261057,-2.6,0,30,0,False
champion+fallback,delay2_b_line,56,20261058,-2.6,0,30,0,False
champion+fallback,delay2_b_line,57,20261059,0,0,30,0,False
champion+fallback,delay2_b_line,58,20261060,-2.6,0,30,0,False
champion+fallback,delay2_b_line,59,20261061,-3.9,0,30,0,False
champion+fallback,delay2_b_line,60,20261062,-2.5,0,30,0,False
champion+fallback,delay2_b_line,61,20261063,-6.6,0,30,0,False
champion+fallback,delay2_b_line,62,20261064,-1.4,0,30,0,False
champion+fallback,delay2_b_line,63,20261065,-7.6,0,30,0,False
champion+fallback,delay2_b_line,64,20261066,-11.6,0,30,0,False
champion+fallback,delay2_b_line,65,20261067,0,0,30,0,False
champion+fallback,delay2_b_line,66,20261068,-9.5,0,30,0,False
champion+fallback,delay2_b_line,67,20261069,-1.5,0,30,0,False
champion+fallback,delay2_b_line,68,20261070,-2.4,0,30,0,False
champion+fallback,delay2_b_line,69,20261071,-2.6,0,30,0,False
champion+fallback,delay2_b_line,70,20261072,-2.6,0,30,0,False
champion+fallback,delay2_b_line,71,20261073,-1.5,0,30,0,False
champion+fallback,delay2_b_line,72,20261074,-2.6,0,30,0,False
champion+fallback,delay2_b_line,73,20261075,-1.7,0,30,0,False
champion+fallback,delay2_b_line,74,20261076,-2.6,0,30,0,False
champion+fallback,delay2_b_line,75,20261077,-2.6,0,30,0,False
champion+fallback,delay2_b_line,76,20261078,-12.6,0,30,0,False
champion+fallback,delay2_b_line,77,20261079,-2.6,0,30,0,False
champion+fallback,delay2_b_line,78,20261080,-2.5,0,30,0,False
champion+fallback,delay2_b_line,79,20261081,-3.5,0,30,0,False
champion+fallback,delay2_b_line,80,20261082,-9.5,0,30,0,False
champion+fallback,delay2_b_line,81,20261083,-11.2,0,30,0,False
champion+fallback,delay2_b_line,82,20261084,-2.6,0,30,0,False
champion+fallback,delay2_b_line,83,20261085,-11.6,0,30,0,False
champion+fallback,delay2_b_line,84,20261086,-2.6,0,30,0,False
champion+fallback,delay2_b_line,85,20261087,-2.6,0,30,0,False
champion+fallback,delay2_b_line,86,20261088,-2.6,0,30,0,False
champion+fallback,delay2_b_line,87,20261089,-2.5,0,30,0,False
champion+fallback,delay2_b_line,88,20261090,-2.6,0,30,0,False
champion+fallback,delay2_b_line,89,20261091,-10.6,0,30,0,False
champion+fallback,delay2_b_line,90,20261092,-4.5,0,30,0,False
champion+fallback,delay2_b_line,91,20261093,-2.3,0,30,0,False
champion+fallback,delay2_b_line,92,20261094,-3.6,0,30,0,False
champion+fallback,delay2_b_line,93,20261095,-2,0,30,0,False
champion+fallback,delay2_b_line,94,20261096,-1.6,0,30,0,False
champion+fallback,delay2_b_line,95,20261097,-1.8,0,30,0,False
champion+fallback,delay2_b_line,96,20261098,-2.6,0,30,0,False
champion+fallback,delay2_b_line,97,20261099,-12.5,0,30,0,False
champion+fallback,delay2_b_line,98,20261100,-3.6,0,30,0,False
champion+fallback,delay2_b_line,99,20261101,-2.6,0,30,0,False
champion+fallback,delay3_b_line,0,20261002,-2.5,0,30,0,False
champion+fallback,delay3_b_line,1,20261003,-1.4,0,30,0,False
champion+fallback,delay3_b_line,2,20261004,-3.4,0,30,0,False
champion+fallback,delay3_b_line,3,20261005,-2.5,0,30,0,False
champion+fallback,delay3_b_line,4,20261006,-2.5,0,30,0,False
champion+fallback,delay3_b_line,5,20261007,-7.3,0,30,0,False
champion+fallback,delay3_b_line,6,20261008,-2.4,0,30,0,False
champion+fallback,delay3_b_line,7,20261009,-2.4,0,30,0,False
champion+fallback,delay3_b_line,8,20261010,-2.2,0,30,0,False
champion+fallback,delay3_b_line,9,20261011,-1.9,0,30,0,False
champion+fallback,delay3_b_line,10,20261012,-2.5,0,30,0,False
champion+fallback,delay3_b_line,11,20261013,-9.4,0,30,0,False
champion+fallback,delay3_b_line,12,20261014,-7.5,0,30,0,False
champion+fallback,delay3_b_line,13,20261015,-3.5,0,30,0,False
champion+fallback,delay3_b_line,14,20261016,-10.4,0,30,0,False
champion+fallback,delay3_b_line,15,20261017,-2,0,30,0,False
champion+fallback,delay3_b_line,16,20261018,-1.4,0,30,0,False
champion+fallback,delay3_b_line,17,20261019,-2.5,0,30,0,False
champion+fallback,delay3_b_line,18,20261020,-2.3,0,30,0,False
champion+fallback,delay3_b_line,19,20261021,-2.5,0,30,0,False
champion+fallback,delay3_b_line,20,20261022,-2.5,0,30,0,False
champion+fallback,delay3_b_line,21,20261023,-1.7,0,30,0,False
champion+fallback,delay3_b_line,22,20261024,-2.5,0,30,0,False
champion+fallback,delay3_b_line,23,20261025,-7.5,0,30,0,False
champion+fallback,delay3_b_line,24,20261026,-2.5,0,30,0,False
champion+fallback,delay3_b_line,25,20261027,-5.5,0,30,0,False
champion+fallback,delay3_b_line,26,20261028,-5.5,0,30,0,False
champion+fallback,delay3_b_line,27,20261029,-6.5,0,30,0,False
champion+fallback,delay3_b_line,28,20261030,-5.5,0,30,0,False
champion+fallback,delay3_b_line,29,20261031,-1.6,0,30,0,False
champion+fallback,delay3_b_line,30,20261032,-5.5,0,30,0,False
champion+fallback,delay3_b_line,31,20261033,-2.5,0,30,0,False
champion+fallback,delay3_b_line,32,20261034,-6.5,0,30,0,False
champion+fallback,delay3_b_line,33,20261035,-7.5,0,30,0,False
champion+fallback,delay3_b_line,34,20261036,0,0,30,0,False
champion+fallback,delay3_b_line,35,20261037,-3.5,0,30,0,False
champion+fallback,delay3_b_line,36,20261038,-0.8,0,30,0,False
champion+fallback,delay3_b_line,37,20261039,-3.5,0,30,0,False
champion+fallback,delay3_b_line,38,20261040,-1.3,0,30,0,False
champion+fallback,delay3_b_line,39,20261041,-2.5,0,30,0,False
champion+fallback,delay3_b_line,40,20261042,-2.3,0,30,0,False
champion+fallback,delay3_b_line,41,20261043,-6,0,30,0,False
champion+fallback,delay3_b_line,42,20261044,-1.8,0,30,0,False
champion+fallback,delay3_b_line,43,20261045,-2.5,0,30,0,False
champion+fallback,delay3_b_line,44,20261046,-2.5,0,30,0,False
champion+fallback,delay3_b_line,45,20261047,-2.5,0,30,0,False
champion+fallback,delay3_b_line,46,20261048,-11.5,0,30,0,False
champion+fallback,delay3_b_line,47,20261049,-2.5,0,30,0,False
champion+fallback,delay3_b_line,48,20261050,-2.5,0,30,0,False
champion+fallback,delay3_b_line,49,20261051,-2.5,0,30,0,False
champion+fallback,delay3_b_line,50,20261052,-2.5,0,30,0,False
champion+fallback,delay3_b_line,51,20261053,-3.5,0,30,0,False
champion+fallback,delay3_b_line,52,20261054,-2.4,0,30,0,False
champion+fallback,delay3_b_line,53,20261055,-4.6,0,30,0,False
champion+fallback,delay3_b_line,54,20261056,-2.5,0,30,0,False
champion+fallback,delay3_b_line,55,20261057,-2.5,0,30,0,False
champion+fallback,delay3_b_line,56,20261058,-3.5,0,30,0,False
champion+fallback,delay3_b_line,57,20261059,-4.4,0,30,0,False
champion+fallback,delay3_b_line,58,20261060,-9.4,0,30,0,False
champion+fallback,delay3_b_line,59,20261061,-4.4,0,30,0,False
champion+fallback,delay3_b_line,60,20261062,-2,0,30,0,False
champion+fallback,delay3_b_line,61,20261063,-2.5,0,30,0,False
champion+fallback,delay3_b_line,62,20261064,-9.5,0,30,0,False
champion+fallback,delay3_b_line,63,20261065,-2.4,0,30,0,False
champion+fallback,delay3_b_line,64,20261066,-5.5,0,30,0,False
champion+fallback,delay3_b_line,65,20261067,0,0,30,0,False
champion+fallback,delay3_b_line,66,20261068,-3.5,0,30,0,False
champion+fallback,delay3_b_line,67,20261069,-1.4,0,30,0,False
champion+fallback,delay3_b_line,68,20261070,-10.4,0,30,0,False
champion+fallback,delay3_b_line,69,20261071,-2.5,0,30,0,False
champion+fallback,delay3_b_line,70,20261072,-2.5,0,30,0,False
champion+fallback,delay3_b_line,71,20261073,-5.5,0,30,0,False
champion+fallback,delay3_b_line,72,20261074,-5.9,0,30,0,False
champion+fallback,delay3_b_line,73,20261075,-2.4,0,30,0,False
champion+fallback,delay3_b_line,74,20261076,-2.5,0,30,0,False
champion+fallback,delay3_b_line,75,20261077,-2.5,0,30,0,False
champion+fallback,delay3_b_line,76,20261078,-2.3,0,30,0,False
champion+fallback,delay3_b_line,77,20261079,-2.5,0,30,0,False
champion+fallback,delay3_b_line,78,20261080,-10.5,0,30,0,False
champion+fallback,delay3_b_line,79,20261081,-2.5,0,30,0,False
champion+fallback,delay3_b_line,80,20261082,-4.5,0,30,0,False
champion+fallback,delay3_b_line,81,20261083,-2.5,0,30,0,False
champion+fallback,delay3_b_line,82,20261084,-9.4,0,30,0,False
champion+fallback,delay3_b_line,83,20261085,0,0,30,0,False
champion+fallback,delay3_b_line,84,20261086,-1.4,0,30,0,False
champion+fallback,delay3_b_line,85,20261087,-2.2,0,30,0,False
champion+fallback,delay3_b_line,86,20261088,-11.4,0,30,0,False
champion+fallback,delay3_b_line,87,20261089,-0.3,0,30,0,False
champion+fallback,delay3_b_line,88,20261090,-2.5,0,30,0,False
champion+fallback,delay3_b_line,89,20261091,0,0,30,0,False
champion+fallback,delay3_b_line,90,20261092,-3.1,0,30,0,False
champion+fallback,delay3_b_line,91,20261093,-9.5,0,30,0,False
champion+fallback,delay3_b_line,92,20261094,-1.8,0,30,0,False
champion+fallback,delay3_b_line,93,20261095,-2.5,0,30,0,False
champion+fallback,delay3_b_line,94,20261096,-1.5,0,30,0,False
champion+fallback,delay3_b_line,95,20261097,-7.5,0,30,0,False
champion+fallback,delay3_b_line,96,20261098,-2.5,0,30,0,False
champion+fallback,delay3_b_line,97,20261099,-2.4,0,30,0,False
champion+fallback,delay3_b_line,98,20261100,-11.5,0,30,0,False
champion+fallback,delay3_b_line,99,20261101,-2.5,0,30,0,False
champion+fallback,delay4_b_line,0,20261002,-2.4,0,30,0,False
champion+fallback,delay4_b_line,1,20261003,-3.3,0,30,0,False
champion+fallback,delay4_b_line,2,20261004,-8.4,0,30,0,False
champion+fallback,delay4_b_line,3,20261005,-2.4,0,30,0,False
champion+fallback,delay4_b_line,4,20261006,-2.4,0,30,0,False
champion+fallback,delay4_b_line,5,20261007,-2.4,0,30,0,False
champion+fallback,delay4_b_line,6,20261008,-2.4,0,30,0,False
champion+fallback,delay4_b_line,7,20261009,-4.8,0,30,0,False
champion+fallback,delay4_b_line,8,20261010,-2.4,0,30,0,False
champion+fallback,delay4_b_line,9,20261011,-2.4,0,30,0,False
champion+fallback,delay4_b_line,10,20261012,-2.4,0,30,0,False
champion+fallback,delay4_b_line,11,20261013,-2.3,0,30,0,False
champion+fallback,delay4_b_line,12,20261014,-2.4,0,30,0,False
champion+fallback,delay4_b_line,13,20261015,-6.3,0,30,0,False
champion+fallback,delay4_b_line,14,20261016,-1.6,0,30,0,False
champion+fallback,delay4_b_line,15,20261017,-7.4,0,30,0,False
champion+fallback,delay4_b_line,16,20261018,-2.2,0,30,0,False
champion+fallback,delay4_b_line,17,20261019,-2.4,0,30,0,False
champion+fallback,delay4_b_line,18,20261020,-6.4,0,30,0,False
champion+fallback,delay4_b_line,19,20261021,-2.3,0,30,0,False
champion+fallback,delay4_b_line,20,20261022,-2.4,0,30,0,False
champion+fallback,delay4_b_line,21,20261023,-2.4,0,30,0,False
champion+fallback,delay4_b_line,22,20261024,-2.3,0,30,0,False
champion+fallback,delay4_b_line,23,20261025,-8.4,0,30,0,False
champion+fallback,delay4_b_line,24,20261026,-0.2,0,30,0,False
champion+fallback,delay4_b_line,25,20261027,-3.4,0,30,0,False
champion+fallback,delay4_b_line,26,20261028,-4.4,0,30,0,False
champion+fallback,delay4_b_line,27,20261029,-1.5,0,30,0,False
champion+fallback,delay4_b_line,28,20261030,-2.4,0,30,0,False
champion+fallback,delay4_b_line,29,20261031,-2.4,0,30,0,False
champion+fallback,delay4_b_line,30,20261032,-2.4,0,30,0,False
champion+fallback,delay4_b_line,31,20261033,-2.4,0,30,0,False
champion+fallback,delay4_b_line,32,20261034,-8.4,0,30,0,False
champion+fallback,delay4_b_line,33,20261035,-10.4,0,30,0,False
champion+fallback,delay4_b_line,34,20261036,-4.4,0,30,0,False
champion+fallback,delay4_b_line,35,20261037,-2.4,0,30,0,False
champion+fallback,delay4_b_line,36,20261038,-2.4,0,30,0,False
champion+fallback,delay4_b_line,37,20261039,-3.4,0,30,0,False
champion+fallback,delay4_b_line,38,20261040,-2.4,0,30,0,False
champion+fallback,delay4_b_line,39,20261041,-2.4,0,30,0,False
champion+fallback,delay4_b_line,40,20261042,-10.4,0,30,0,False
champion+fallback,delay4_b_line,41,20261043,-6,0,30,0,False
champion+fallback,delay4_b_line,42,20261044,-1.7,0,30,0,False
champion+fallback,delay4_b_line,43,20261045,-11.4,0,30,0,False
champion+fallback,delay4_b_line,44,20261046,-2.4,0,30,0,False
champion+fallback,delay4_b_line,45,20261047,-2.3,0,30,0,False
champion+fallback,delay4_b_line,46,20261048,-8,0,30,0,False
champion+fallback,delay4_b_line,47,20261049,-2.4,0,30,0,False
champion+fallback,delay4_b_line,48,20261050,-2.3,0,30,0,False
champion+fallback,delay4_b_line,49,20261051,-5.2,0,30,0,False
champion+fallback,delay4_b_line,50,20261052,-2.4,0,30,0,False
champion+fallback,delay4_b_line,51,20261053,-5.6,0,30,0,False
champion+fallback,delay4_b_line,52,20261054,-2.4,0,30,0,False
champion+fallback,delay4_b_line,53,20261055,-2.4,0,30,0,False
champion+fallback,delay4_b_line,54,20261056,-12.4,0,30,0,False
champion+fallback,delay4_b_line,55,20261057,-2.4,0,30,0,False
champion+fallback,delay4_b_line,56,20261058,-2.4,0,30,0,False
champion+fallback,delay4_b_line,57,20261059,-4.3,0,30,0,False
champion+fallback,delay4_b_line,58,20261060,-8.4,0,30,0,False
champion+fallback,delay4_b_line,59,20261061,-2.4,0,30,0,False
champion+fallback,delay4_b_line,60,20261062,-2.3,0,30,0,False
champion+fallback,delay4_b_line,61,20261063,-2.4,0,30,0,False
champion+fallback,delay4_b_line,62,20261064,-10.4,0,30,0,False
champion+fallback,delay4_b_line,63,20261065,-1.2,0,30,0,False
champion+fallback,delay4_b_line,64,20261066,-1.6,0,30,0,False
champion+fallback,delay4_b_line,65,20261067,-13.4,0,30,0,False
champion+fallback,delay4_b_line,66,20261068,-6.4,0,30,0,False
champion+fallback,delay4_b_line,67,20261069,-3.4,0,30,0,False
champion+fallback,delay4_b_line,68,20261070,-2.4,0,30,0,False
champion+fallback,delay4_b_line,69,20261071,-6.3,0,30,0,False
champion+fallback,delay4_b_line,70,20261072,-2.4,0,30,0,False
champion+fallback,delay4_b_line,71,20261073,-4.4,0,30,0,False
champion+fallback,delay4_b_line,72,20261074,-2.4,0,30,0,False
champion+fallback,delay4_b_line,73,20261075,-11.4,0,30,0,False
champion+fallback,delay4_b_line,74,20261076,-11.4,0,30,0,False
champion+fallback,delay4_b_line,75,20261077,-2.3,0,30,0,False
champion+fallback,delay4_b_line,76,20261078,-2.4,0,30,0,False
champion+fallback,delay4_b_line,77,20261079,-11.4,0,30,0,False
champion+fallback,delay4_b_line,78,20261080,-9.4,0,30,0,False
champion+fallback,delay4_b_line,79,20261081,-8.4,0,30,0,False
champion+fallback,delay4_b_line,80,20261082,-2.4,0,30,0,False
champion+fallback,delay4_b_line,81,20261083,-10.1,0,30,0,False
champion+fallback,delay4_b_line,82,20261084,-2.3,0,30,0,False
champion+fallback,delay4_b_line,83,20261085,0,0,30,0,False
champion+fallback,delay4_b_line,84,20261086,-1.4,0,30,0,False
champion+fallback,delay4_b_line,85,20261087,-2.1,0,30,0,False
champion+fallback,delay4_b_line,86,20261088,-2.4,0,30,0,False
champion+fallback,delay4_b_line,87,20261089,-2.4,0,30,0,False
champion+fallback,delay4_b_line,88,20261090,-5.4,0,30,0,False
champion+fallback,delay4_b_line,89,20261091,-3.3,0,30,0,False
champion+fallback,delay4_b_line,90,20261092,-1.2,0,30,0,False
champion+fallback,delay4_b_line,91,20261093,-2.2,0,30,0,False
champion+fallback,delay4_b_line,92,20261094,-1.7,0,30,0,False
champion+fallback,delay4_b_line,93,20261095,-1.3,0,30,0,False
champion+fallback,delay4_b_line,94,20261096,-2.3,0,30,0,False
champion+fallback,delay4_b_line,95,20261097,-2.4,0,30,0,False
champion+fallback,delay4_b_line,96,20261098,-2.4,0,30,0,False
champion+fallback,delay4_b_line,97,20261099,-5.4,0,30,0,False
champion+fallback,delay4_b_line,98,20261100,-10.4,0,30,0,False
champion+fallback,delay4_b_line,99,20261101,-6.3,0,30,0,False
champion+fallback,delay5_b_line,0,20261002,-2.3,0,30,0,False
champion+fallback,delay5_b_line,1,20261003,-10.3,0,30,0,False
champion+fallback,delay5_b_line,2,20261004,-8.3,0,30,0,False
champion+fallback,delay5_b_line,3,20261005,-2.3,0,30,0,False
champion+fallback,delay5_b_line,4,20261006,-2.2,0,30,0,False
champion+fallback,delay5_b_line,5,20261007,-10.3,0,30,0,False
champion+fallback,delay5_b_line,6,20261008,-0.2,0,30,0,False
champion+fallback,delay5_b_line,7,20261009,-4.8,0,30,0,False
champion+fallback,delay5_b_line,8,20261010,-2.3,0,30,0,False
champion+fallback,delay5_b_line,9,20261011,-10.3,0,30,0,False
champion+fallback,delay5_b_line,10,20261012,-2.3,0,30,0,False
champion+fallback,delay5_b_line,11,20261013,-11.3,0,30,0,False
champion+fallback,delay5_b_line,12,20261014,-4.3,0,30,0,False
champion+fallback,delay5_b_line,13,20261015,-5.2,0,30,0,False
champion+fallback,delay5_b_line,14,20261016,-1.5,0,30,0,False
champion+fallback,delay5_b_line,15,20261017,-6.3,0,30,0,False
champion+fallback,delay5_b_line,16,20261018,-2.3,0,30,0,False
champion+fallback,delay5_b_line,17,20261019,-2.3,0,30,0,False
champion+fallback,delay5_b_line,18,20261020,-6.3,0,30,0,False
champion+fallback,delay5_b_line,19,20261021,-2.3,0,30,0,False
champion+fallback,delay5_b_line,20,20261022,-1.9,0,30,0,False
champion+fallback,delay5_b_line,21,20261023,-12.2,0,30,0,False
champion+fallback,delay5_b_line,22,20261024,-2.2,0,30,0,False
champion+fallback,delay5_b_line,23,20261025,-8.3,0,30,0,False
champion+fallback,delay5_b_line,24,20261026,-2.1,0,30,0,False
champion+fallback,delay5_b_line,25,20261027,-11.3,0,30,0,False
champion+fallback,delay5_b_line,26,20261028,-5.6,0,30,0,False
champion+fallback,delay5_b_line,27,20261029,-5.3,0,30,0,False
champion+fallback,delay5_b_line,28,20261030,-2.3,0,30,0,False
champion+fallback,delay5_b_line,29,20261031,-2.2,0,30,0,False
champion+fallback,delay5_b_line,30,20261032,-2.3,0,30,0,False
champion+fallback,delay5_b_line,31,20261033,-8.2,0,30,0,False
champion+fallback,delay5_b_line,32,20261034,-8.2,0,30,0,False
champion+fallback,delay5_b_line,33,20261035,-10.3,0,30,0,False
champion+fallback,delay5_b_line,34,20261036,-8.1,0,30,0,False
champion+fallback,delay5_b_line,35,20261037,-2.3,0,30,0,False
champion+fallback,delay5_b_line,36,20261038,-2.3,0,30,0,False
champion+fallback,delay5_b_line,37,20261039,-2.3,0,30,0,False
champion+fallback,delay5_b_line,38,20261040,-1.2,0,30,0,False
champion+fallback,delay5_b_line,39,20261041,-3.3,0,30,0,False
champion+fallback,delay5_b_line,40,20261042,-2.3,0,30,0,False
champion+fallback,delay5_b_line,41,20261043,-5.9,0,30,0,False
champion+fallback,delay5_b_line,42,20261044,-1.7,0,30,0,False
champion+fallback,delay5_b_line,43,20261045,-2.3,0,30,0,False
champion+fallback,delay5_b_line,44,20261046,-6.3,0,30,0,False
champion+fallback,delay5_b_line,45,20261047,-2.3,0,30,0,False
champion+fallback,delay5_b_line,46,20261048,-0.4,0,30,0,False
champion+fallback,delay5_b_line,47,20261049,-1.5,0,30,0,False
champion+fallback,delay5_b_line,48,20261050,-5.3,0,30,0,False
champion+fallback,delay5_b_line,49,20261051,-4.3,0,30,0,False
champion+fallback,delay5_b_line,50,20261052,0,0,30,0,False
champion+fallback,delay5_b_line,51,20261053,-10.3,0,30,0,False
champion+fallback,delay5_b_line,52,20261054,0,0,30,0,False
champion+fallback,delay5_b_line,53,20261055,-2.3,0,30,0,False
champion+fallback,delay5_b_line,54,20261056,-11.3,0,30,0,False
champion+fallback,delay5_b_line,55,20261057,-2.3,0,30,0,False
champion+fallback,delay5_b_line,56,20261058,-2.2,0,30,0,False
champion+fallback,delay5_b_line,57,20261059,-2.3,0,30,0,False
champion+fallback,delay5_b_line,58,20261060,-7.3,0,30,0,False
champion+fallback,delay5_b_line,59,20261061,-3.1,0,30,0,False
champion+fallback,delay5_b_line,60,20261062,-2.3,0,30,0,False
champion+fallback,delay5_b_line,61,20261063,-4.2,0,30,0,False
champion+fallback,delay5_b_line,62,20261064,0,0,30,0,False
champion+fallback,delay5_b_line,63,20261065,-6.3,0,30,0,False
champion+fallback,delay5_b_line,64,20261066,-10.3,0,30,0,False
champion+fallback,delay5_b_line,65,20261067,-6.3,0,30,0,False
champion+fallback,delay5_b_line,66,20261068,-6.2,0,30,0,False
champion+fallback,delay5_b_line,67,20261069,-2.2,0,30,0,False
champion+fallback,delay5_b_line,68,20261070,-1.4,0,30,0,False
champion+fallback,delay5_b_line,69,20261071,-2,0,30,0,False
champion+fallback,delay5_b_line,70,20261072,-2.1,0,30,0,False
champion+fallback,delay5_b_line,71,20261073,-4.3,0,30,0,False
champion+fallback,delay5_b_line,72,20261074,-2.3,0,30,0,False
champion+fallback,delay5_b_line,73,20261075,-2.3,0,30,0,False
champion+fallback,delay5_b_line,74,20261076,-2.2,0,30,0,False
champion+fallback,delay5_b_line,75,20261077,-2.2,0,30,0,False
champion+fallback,delay5_b_line,76,20261078,-2.3,0,30,0,False
champion+fallback,delay5_b_line,77,20261079,-2.3,0,30,0,False
champion+fallback,delay5_b_line,78,20261080,-2.3,0,30,0,False
champion+fallback,delay5_b_line,79,20261081,-4.2,0,30,0,False
champion+fallback,delay5_b_line,80,20261082,-7.3,0,30,0,False
champion+fallback,delay5_b_line,81,20261083,-10.1,0,30,0,False
champion+fallback,delay5_b_line,82,20261084,-1.9,0,30,0,False
champion+fallback,delay5_b_line,83,20261085,-3.3,0,30,0,False
champion+fallback,delay5_b_line,84,20261086,-2.3,0,30,0,False
champion+fallback,delay5_b_line,85,20261087,-2.2,0,30,0,False
champion+fallback,delay5_b_line,86,20261088,-10.2,0,30,0,False
champion+fallback,delay5_b_line,87,20261089,-10.3,0,30,0,False
champion+fallback,delay5_b_line,88,20261090,-2.3,0,30,0,False
champion+fallback,delay5_b_line,89,20261091,-9.3,0,30,0,False
champion+fallback,delay5_b_line,90,20261092,-3,0,30,0,False
champion+fallback,delay5_b_line,91,20261093,-2.3,0,30,0,False
champion+fallback,delay5_b_line,92,20261094,-4.3,0,30,0,False
champion+fallback,delay5_b_line,93,20261095,-2.3,0,30,0,False
champion+fallback,delay5_b_line,94,20261096,-1.2,0,30,0,False
champion+fallback,delay5_b_line,95,20261097,-2.3,0,30,0,False
champion+fallback,delay5_b_line,96,20261098,-2.2,0,30,0,False
champion+fallback,delay5_b_line,97,20261099,-0.8,0,30,0,False
champion+fallback,delay5_b_line,98,20261100,-10.3,0,30,0,False
champion+fallback,delay5_b_line,99,20261101,-4.2,0,30,0,False
champion+fallback,delay6_b_line,0,20261002,-5.2,0,30,0,False
champion+fallback,delay6_b_line,1,20261003,-2.1,0,30,0,False
champion+fallback,delay6_b_line,2,20261004,-2.1,0,30,0,False
champion+fallback,delay6_b_line,3,20261005,-2.1,0,30,0,False
champion+fallback,delay6_b_line,4,20261006,0,0,30,0,False
champion+fallback,delay6_b_line,5,20261007,-2.2,0,30,0,False
champion+fallback,delay6_b_line,6,20261008,-8.1,0,30,0,False
champion+fallback,delay6_b_line,7,20261009,-3.7,0,30,0,False
champion+fallback,delay6_b_line,8,20261010,-2.1,0,30,0,False
champion+fallback,delay6_b_line,9,20261011,-5.2,0,30,0,False
champion+fallback,delay6_b_line,10,20261012,-2.2,0,30,0,False
champion+fallback,delay6_b_line,11,20261013,-2.1,0,30,0,False
champion+fallback,delay6_b_line,12,20261014,-1,0,30,0,False
champion+fallback,delay6_b_line,13,20261015,-2.3,0,30,0,False
champion+fallback,delay6_b_line,14,20261016,-1.5,0,30,0,False
champion+fallback,delay6_b_line,15,20261017,-2.2,0,30,0,False
champion+fallback,delay6_b_line,16,20261018,-7.2,0,30,0,False
champion+fallback,delay6_b_line,17,20261019,-0.3,0,30,0,False
champion+fallback,delay6_b_line,18,20261020,-1.6,0,30,0,False
champion+fallback,delay6_b_line,19,20261021,-4.5,0,30,0,False
champion+fallback,delay6_b_line,20,20261022,-2.2,0,30,0,False
champion+fallback,delay6_b_line,21,20261023,-1.5,0,30,0,False
champion+fallback,delay6_b_line,22,20261024,-2.2,0,30,0,False
champion+fallback,delay6_b_line,23,20261025,-7.2,0,30,0,False
champion+fallback,delay6_b_line,24,20261026,-2.2,0,30,0,False
champion+fallback,delay6_b_line,25,20261027,-5.1,0,30,0,False
champion+fallback,delay6_b_line,26,20261028,-9.2,0,30,0,False
champion+fallback,delay6_b_line,27,20261029,-2.2,0,30,0,False
champion+fallback,delay6_b_line,28,20261030,-1.9,0,30,0,False
champion+fallback,delay6_b_line,29,20261031,-2.1,0,30,0,False
champion+fallback,delay6_b_line,30,20261032,-2.2,0,30,0,False
champion+fallback,delay6_b_line,31,20261033,-2.1,0,30,0,False
champion+fallback,delay6_b_line,32,20261034,-6.2,0,30,0,False
champion+fallback,delay6_b_line,33,20261035,-3.2,0,30,0,False
champion+fallback,delay6_b_line,34,20261036,-2.2,0,30,0,False
champion+fallback,delay6_b_line,35,20261037,-5.1,0,30,0,False
champion+fallback,delay6_b_line,36,20261038,-0.6,0,30,0,False
champion+fallback,delay6_b_line,37,20261039,-3.2,0,30,0,False
champion+fallback,delay6_b_line,38,20261040,-2.2,0,30,0,False
champion+fallback,delay6_b_line,39,20261041,-2.2,0,30,0,False
champion+fallback,delay6_b_line,40,20261042,-2.2,0,30,0,False
champion+fallback,delay6_b_line,41,20261043,-2.2,0,30,0,False
champion+fallback,delay6_b_line,42,20261044,-1.6,0,30,0,False
champion+fallback,delay6_b_line,43,20261045,-2.2,0,30,0,False
champion+fallback,delay6_b_line,44,20261046,-2.8,0,30,0,False
champion+fallback,delay6_b_line,45,20261047,-5.8,0,30,0,False
champion+fallback,delay6_b_line,46,20261048,-0.4,0,30,0,False
champion+fallback,delay6_b_line,47,20261049,-2.2,0,30,0,False
champion+fallback,delay6_b_line,48,20261050,-2.1,0,30,0,False
champion+fallback,delay6_b_line,49,20261051,-5.2,0,30,0,False
champion+fallback,delay6_b_line,50,20261052,-2.2,0,30,0,False
champion+fallback,delay6_b_line,51,20261053,-9.2,0,30,0,False
champion+fallback,delay6_b_line,52,20261054,-2.2,0,30,0,False
champion+fallback,delay6_b_line,53,20261055,-2.2,0,30,0,False
champion+fallback,delay6_b_line,54,20261056,-2.2,0,30,0,False
champion+fallback,delay6_b_line,55,20261057,-6.2,0,30,0,False
champion+fallback,delay6_b_line,56,20261058,-3.1,0,30,0,False
champion+fallback,delay6_b_line,57,20261059,-2.2,0,30,0,False
champion+fallback,delay6_b_line,58,20261060,-5,0,30,0,False
champion+fallback,delay6_b_line,59,20261061,-2.2,0,30,0,False
champion+fallback,delay6_b_line,60,20261062,-1.8,0,30,0,False
champion+fallback,delay6_b_line,61,20261063,-9.2,0,30,0,False
champion+fallback,delay6_b_line,62,20261064,0,0,30,0,False
champion+fallback,delay6_b_line,63,20261065,-5.2,0,30,0,False
champion+fallback,delay6_b_line,64,20261066,-9.2,0,30,0,False
champion+fallback,delay6_b_line,65,20261067,-5.2,0,30,0,False
champion+fallback,delay6_b_line,66,20261068,-0.6,0,30,0,False
champion+fallback,delay6_b_line,67,20261069,-5.2,0,30,0,False
champion+fallback,delay6_b_line,68,20261070,-1.3,0,30,0,False
champion+fallback,delay6_b_line,69,20261071,-2.2,0,30,0,False
champion+fallback,delay6_b_line,70,20261072,-9.1,0,30,0,False
champion+fallback,delay6_b_line,71,20261073,-2.2,0,30,0,False
champion+fallback,delay6_b_line,72,20261074,-2.1,0,30,0,False
champion+fallback,delay6_b_line,73,20261075,-2.2,0,30,0,False
champion+fallback,delay6_b_line,74,20261076,-4.2,0,30,0,False
champion+fallback,delay6_b_line,75,20261077,-2.1,0,30,0,False
champion+fallback,delay6_b_line,76,20261078,0,0,30,0,False
champion+fallback,delay6_b_line,77,20261079,-1.8,0,30,0,False
champion+fallback,delay6_b_line,78,20261080,-6.1,0,30,0,False
champion+fallback,delay6_b_line,79,20261081,-2.2,0,30,0,False
champion+fallback,delay6_b_line,80,20261082,-7.1,0,30,0,False
champion+fallback,delay6_b_line,81,20261083,-9.1,0,30,0,False
champion+fallback,delay6_b_line,82,20261084,-2.2,0,30,0,False
champion+fallback,delay6_b_line,83,20261085,-3.2,0,30,0,False
champion+fallback,delay6_b_line,84,20261086,-2.2,0,30,0,False
champion+fallback,delay6_b_line,85,20261087,-2.2,0,30,0,False
champion+fallback,delay6_b_line,86,20261088,-2.2,0,30,0,False
champion+fallback,delay6_b_line,87,20261089,-7.2,0,30,0,False
champion+fallback,delay6_b_line,88,20261090,-5.1,0,30,0,False
champion+fallback,delay6_b_line,89,20261091,-2.1,0,30,0,False
champion+fallback,delay6_b_line,90,20261092,-3.2,0,30,0,False
champion+fallback,delay6_b_line,91,20261093,-2,0,30,0,False
champion+fallback,delay6_b_line,92,20261094,-4.8,0,30,0,False
champion+fallback,delay6_b_line,93,20261095,-2.2,0,30,0,False
champion+fallback,delay6_b_line,94,20261096,-1.2,0,30,0,False
champion+fallback,delay6_b_line,95,20261097,-2.2,0,30,0,False
champion+fallback,delay6_b_line,96,20261098,-2.1,0,30,0,False
champion+fallback,delay6_b_line,97,20261099,-2.2,0,30,0,False
champion+fallback,delay6_b_line,98,20261100,-9.2,0,30,0,False
champion+fallback,delay6_b_line,99,20261101,-2.2,0,30,0,False
champion+fallback,delay7_b_line,0,20261002,-4.1,0,30,0,False
champion+fallback,delay7_b_line,1,20261003,-2.1,0,30,0,False
champion+fallback,delay7_b_line,2,20261004,-9.1,0,30,0,False
champion+fallback,delay7_b_line,3,20261005,-5.1,0,30,0,False
champion+fallback,delay7_b_line,4,20261006,-2.1,0,30,0,False
champion+fallback,delay7_b_line,5,20261007,-10.1,0,30,0,False
champion+fallback,delay7_b_line,6,20261008,-8,0,30,0,False
champion+fallback,delay7_b_line,7,20261009,-2.1,0,30,0,False
champion+fallback,delay7_b_line,8,20261010,-2,0,30,0,False
champion+fallback,delay7_b_line,9,20261011,-5.1,0,30,0,False
champion+fallback,delay7_b_line,10,20261012,-9,0,30,0,False
champion+fallback,delay7_b_line,11,20261013,-10.1,0,30,0,False
champion+fallback,delay7_b_line,12,20261014,-3.1,0,30,0,False
champion+fallback,delay7_b_line,13,20261015,-3.1,0,30,0,False
champion+fallback,delay7_b_line,14,20261016,-2.1,0,30,0,False
champion+fallback,delay7_b_line,15,20261017,-5.1,0,30,0,False
champion+fallback,delay7_b_line,16,20261018,-3.1,0,30,0,False
champion+fallback,delay7_b_line,17,20261019,-2.1,0,30,0,False
champion+fallback,delay7_b_line,18,20261020,-8.1,0,30,0,False
champion+fallback,delay7_b_line,19,20261021,-2.1,0,30,0,False
champion+fallback,delay7_b_line,20,20261022,-2.1,0,30,0,False
champion+fallback,delay7_b_line,21,20261023,-10,0,30,0,False
champion+fallback,delay7_b_line,22,20261024,-2.1,0,30,0,False
champion+fallback,delay7_b_line,23,20261025,-8.1,0,30,0,False
champion+fallback,delay7_b_line,24,20261026,-2.1,0,30,0,False
champion+fallback,delay7_b_line,25,20261027,-2.1,0,30,0,False
champion+fallback,delay7_b_line,26,20261028,-1.9,0,30,0,False
champion+fallback,delay7_b_line,27,20261029,-1.3,0,30,0,False
champion+fallback,delay7_b_line,28,20261030,-2.1,0,30,0,False
champion+fallback,delay7_b_line,29,20261031,-8.1,0,30,0,False
champion+fallback,delay7_b_line,30,20261032,-3,0,30,0,False
champion+fallback,delay7_b_line,31,20261033,-2.1,0,30,0,False
champion+fallback,delay7_b_line,32,20261034,-5.1,0,30,0,False
champion+fallback,delay7_b_line,33,20261035,-3.1,0,30,0,False
champion+fallback,delay7_b_line,34,20261036,-2.1,0,30,0,False
champion+fallback,delay7_b_line,35,20261037,-8,0,30,0,False
champion+fallback,delay7_b_line,36,20261038,-0.5,0,30,0,False
champion+fallback,delay7_b_line,37,20261039,-2.1,0,30,0,False
champion+fallback,delay7_b_line,38,20261040,-2.1,0,30,0,False
champion+fallback,delay7_b_line,39,20261041,-3.1,0,30,0,False
champion+fallback,delay7_b_line,40,20261042,-9.1,0,30,0,False
champion+fallback,delay7_b_line,41,20261043,-2.1,0,30,0,False
champion+fallback,delay7_b_line,42,20261044,-1.5,0,30,0,False
champion+fallback,delay7_b_line,43,20261045,-2.1,0,30,0,False
champion+fallback,delay7_b_line,44,20261046,-2.7,0,30,0,False
champion+fallback,delay7_b_line,45,20261047,-4.1,0,30,0,False
champion+fallback,delay7_b_line,46,20261048,-2.1,0,30,0,False
champion+fallback,delay7_b_line,47,20261049,-2.1,0,30,0,False
champion+fallback,delay7_b_line,48,20261050,-3.1,0,30,0,False
champion+fallback,delay7_b_line,49,20261051,-5.1,0,30,0,False
champion+fallback,delay7_b_line,50,20261052,-2.1,0,30,0,False
champion+fallback,delay7_b_line,51,20261053,-5.1,0,30,0,False
champion+fallback,delay7_b_line,52,20261054,0,0,30,0,False
champion+fallback,delay7_b_line,53,20261055,-2.1,0,30,0,False
champion+fallback,delay7_b_line,54,20261056,-0.3,0,30,0,False
champion+fallback,delay7_b_line,55,20261057,-0.2,0,30,0,False
champion+fallback,delay7_b_line,56,20261058,-2,0,30,0,False
champion+fallback,delay7_b_line,57,20261059,-2,0,30,0,False
champion+fallback,delay7_b_line,58,20261060,-7,0,30,0,False
champion+fallback,delay7_b_line,59,20261061,-9,0,30,0,False
champion+fallback,delay7_b_line,60,20261062,-2.1,0,30,0,False
champion+fallback,delay7_b_line,61,20261063,-2.1,0,30,0,False
champion+fallback,delay7_b_line,62,20261064,-8.1,0,30,0,False
champion+fallback,delay7_b_line,63,20261065,-5.1,0,30,0,False
champion+fallback,delay7_b_line,64,20261066,-9.1,0,30,0,False
champion+fallback,delay7_b_line,65,20261067,-2.1,0,30,0,False
champion+fallback,delay7_b_line,66,20261068,-2.1,0,30,0,False
champion+fallback,delay7_b_line,67,20261069,-2.1,0,30,0,False
champion+fallback,delay7_b_line,68,20261070,-10,0,30,0,False
champion+fallback,delay7_b_line,69,20261071,0,0,30,0,False
champion+fallback,delay7_b_line,70,20261072,-9,0,30,0,False
champion+fallback,delay7_b_line,71,20261073,-3.1,0,30,0,False
champion+fallback,delay7_b_line,72,20261074,-2.1,0,30,0,False
champion+fallback,delay7_b_line,73,20261075,-2.1,0,30,0,False
champion+fallback,delay7_b_line,74,20261076,-4.1,0,30,0,False
champion+fallback,delay7_b_line,75,20261077,-1.6,0,30,0,False
champion+fallback,delay7_b_line,76,20261078,-2.1,0,30,0,False
champion+fallback,delay7_b_line,77,20261079,-1.7,0,30,0,False
champion+fallback,delay7_b_line,78,20261080,-2.1,0,30,0,False
champion+fallback,delay7_b_line,79,20261081,-2.1,0,30,0,False
champion+fallback,delay7_b_line,80,20261082,-7.1,0,30,0,False
champion+fallback,delay7_b_line,81,20261083,-8.9,0,30,0,False
champion+fallback,delay7_b_line,82,20261084,-1.8,0,30,0,False
champion+fallback,delay7_b_line,83,20261085,0,0,30,0,False
champion+fallback,delay7_b_line,84,20261086,-5,0,30,0,False
champion+fallback,delay7_b_line,85,20261087,-10,0,30,0,False
champion+fallback,delay7_b_line,86,20261088,-2.1,0,30,0,False
champion+fallback,delay7_b_line,87,20261089,-2.1,0,30,0,False
champion+fallback,delay7_b_line,88,20261090,0,0,30,0,False
champion+fallback,delay7_b_line,89,20261091,0,0,30,0,False
champion+fallback,delay7_b_line,90,20261092,-2.1,0,30,0,False
champion+fallback,delay7_b_line,91,20261093,-1.9,0,30,0,False
champion+fallback,delay7_b_line,92,20261094,-3.1,0,30,0,False
champion+fallback,delay7_b_line,93,20261095,-2.1,0,30,0,False
champion+fallback,delay7_b_line,94,20261096,-4.1,0,30,0,False
champion+fallback,delay7_b_line,95,20261097,-1.5,0,30,0,False
champion+fallback,delay7_b_line,96,20261098,-7.7,0,30,0,False
champion+fallback,delay7_b_line,97,20261099,-7,0,30,0,False
champion+fallback,delay7_b_line,98,20261100,-0.3,0,30,0,False
champion+fallback,delay7_b_line,99,20261101,-4.6,0,30,0,False
champion+fallback,delay8_b_line,0,20261002,-1.6,0,30,0,False
champion+fallback,delay8_b_line,1,20261003,-6,0,30,0,False
champion+fallback,delay8_b_line,2,20261004,-2,0,30,0,False
champion+fallback,delay8_b_line,3,20261005,-10.9,0,30,0,False
champion+fallback,delay8_b_line,4,20261006,-2,0,30,0,False
champion+fallback,delay8_b_line,5,20261007,-4,0,30,0,False
champion+fallback,delay8_b_line,6,20261008,-2,0,30,0,False
champion+fallback,delay8_b_line,7,20261009,-2,0,30,0,False
champion+fallback,delay8_b_line,8,20261010,-2,0,30,0,False
champion+fallback,delay8_b_line,9,20261011,-2,0,30,0,False
champion+fallback,delay8_b_line,10,20261012,-1.5,0,30,0,False
champion+fallback,delay8_b_line,11,20261013,-1.5,0,30,0,False
champion+fallback,delay8_b_line,12,20261014,-3,0,30,0,False
champion+fallback,delay8_b_line,13,20261015,-2,0,30,0,False
champion+fallback,delay8_b_line,14,20261016,-2,0,30,0,False
champion+fallback,delay8_b_line,15,20261017,0,0,30,0,False
champion+fallback,delay8_b_line,16,20261018,-1,0,30,0,False
champion+fallback,delay8_b_line,17,20261019,-0.1,0,30,0,False
champion+fallback,delay8_b_line,18,20261020,-2,0,30,0,False
champion+fallback,delay8_b_line,19,20261021,-2,0,30,0,False
champion+fallback,delay8_b_line,20,20261022,-1.9,0,30,0,False
champion+fallback,delay8_b_line,21,20261023,-7.9,0,30,0,False
champion+fallback,delay8_b_line,22,20261024,-2,0,30,0,False
champion+fallback,delay8_b_line,23,20261025,-7,0,30,0,False
champion+fallback,delay8_b_line,24,20261026,0,0,30,0,False
champion+fallback,delay8_b_line,25,20261027,-2,0,30,0,False
champion+fallback,delay8_b_line,26,20261028,-2,0,30,0,False
champion+fallback,delay8_b_line,27,20261029,-1.4,0,30,0,False
champion+fallback,delay8_b_line,28,20261030,0,0,30,0,False
champion+fallback,delay8_b_line,29,20261031,-1.9,0,30,0,False
champion+fallback,delay8_b_line,30,20261032,-2,0,30,0,False
champion+fallback,delay8_b_line,31,20261033,-1.9,0,30,0,False
champion+fallback,delay8_b_line,32,20261034,-4,0,30,0,False
champion+fallback,delay8_b_line,33,20261035,-2,0,30,0,False
champion+fallback,delay8_b_line,34,20261036,-0.8,0,30,0,False
champion+fallback,delay8_b_line,35,20261037,-4,0,30,0,False
champion+fallback,delay8_b_line,36,20261038,-2,0,30,0,False
champion+fallback,delay8_b_line,37,20261039,-2,0,30,0,False
champion+fallback,delay8_b_line,38,20261040,-7,0,30,0,False
champion+fallback,delay8_b_line,39,20261041,-0.8,0,30,0,False
champion+fallback,delay8_b_line,40,20261042,-1.8,0,30,0,False
champion+fallback,delay8_b_line,41,20261043,-8.9,0,30,0,False
champion+fallback,delay8_b_line,42,20261044,-5,0,30,0,False
champion+fallback,delay8_b_line,43,20261045,-1.9,0,30,0,False
champion+fallback,delay8_b_line,44,20261046,-2,0,30,0,False
champion+fallback,delay8_b_line,45,20261047,-4,0,30,0,False
champion+fallback,delay8_b_line,46,20261048,-2,0,30,0,False
champion+fallback,delay8_b_line,47,20261049,-1.9,0,30,0,False
champion+fallback,delay8_b_line,48,20261050,-3,0,30,0,False
champion+fallback,delay8_b_line,49,20261051,-2,0,30,0,False
champion+fallback,delay8_b_line,50,20261052,-4,0,30,0,False
champion+fallback,delay8_b_line,51,20261053,-5.3,0,30,0,False
champion+fallback,delay8_b_line,52,20261054,0,0,30,0,False
champion+fallback,delay8_b_line,53,20261055,-8,0,30,0,False
champion+fallback,delay8_b_line,54,20261056,-2,0,30,0,False
champion+fallback,delay8_b_line,55,20261057,-4,0,30,0,False
champion+fallback,delay8_b_line,56,20261058,-2,0,30,0,False
champion+fallback,delay8_b_line,57,20261059,-2,0,30,0,False
champion+fallback,delay8_b_line,58,20261060,-1.9,0,30,0,False
champion+fallback,delay8_b_line,59,20261061,-2,0,30,0,False
champion+fallback,delay8_b_line,60,20261062,-2,0,30,0,False
champion+fallback,delay8_b_line,61,20261063,-5.8,0,30,0,False
champion+fallback,delay8_b_line,62,20261064,-2,0,30,0,False
champion+fallback,delay8_b_line,63,20261065,0,0,30,0,False
champion+fallback,delay8_b_line,64,20261066,-3,0,30,0,False
champion+fallback,delay8_b_line,65,20261067,-1.9,0,30,0,False
champion+fallback,delay8_b_line,66,20261068,-6,0,30,0,False
champion+fallback,delay8_b_line,67,20261069,-3.9,0,30,0,False
champion+fallback,delay8_b_line,68,20261070,-7,0,30,0,False
champion+fallback,delay8_b_line,69,20261071,-2,0,30,0,False
champion+fallback,delay8_b_line,70,20261072,-13,0,30,0,False
champion+fallback,delay8_b_line,71,20261073,-2,0,30,0,False
champion+fallback,delay8_b_line,72,20261074,-1.5,0,30,0,False
champion+fallback,delay8_b_line,73,20261075,-1.9,0,30,0,False
champion+fallback,delay8_b_line,74,20261076,-4.9,0,30,0,False
champion+fallback,delay8_b_line,75,20261077,-0.3,0,30,0,False
champion+fallback,delay8_b_line,76,20261078,-2,0,30,0,False
champion+fallback,delay8_b_line,77,20261079,0,0,30,0,False
champion+fallback,delay8_b_line,78,20261080,-0.4,0,30,0,False
champion+fallback,delay8_b_line,79,20261081,-1.7,0,30,0,False
champion+fallback,delay8_b_line,80,20261082,-2,0,30,0,False
champion+fallback,delay8_b_line,81,20261083,-4,0,30,0,False
champion+fallback,delay8_b_line,82,20261084,-12,0,30,0,False
champion+fallback,delay8_b_line,83,20261085,-2,0,30,0,False
champion+fallback,delay8_b_line,84,20261086,-2,0,30,0,False
champion+fallback,delay8_b_line,85,20261087,-2,0,30,0,False
champion+fallback,delay8_b_line,86,20261088,-6,0,30,0,False
champion+fallback,delay8_b_line,87,20261089,-2,0,30,0,False
champion+fallback,delay8_b_line,88,20261090,-2,0,30,0,False
champion+fallback,delay8_b_line,89,20261091,-2,0,30,0,False
champion+fallback,delay8_b_line,90,20261092,-4,0,30,0,False
champion+fallback,delay8_b_line,91,20261093,-2,0,30,0,False
champion+fallback,delay8_b_line,92,20261094,-1.9,0,30,0,False
champion+fallback,delay8_b_line,93,20261095,-1.9,0,30,0,False
champion+fallback,delay8_b_line,94,20261096,-1,0,30,0,False
champion+fallback,delay8_b_line,95,20261097,-4,0,30,0,False
champion+fallback,delay8_b_line,96,20261098,-2,0,30,0,False
champion+fallback,delay8_b_line,97,20261099,-2,0,30,0,False
champion+fallback,delay8_b_line,98,20261100,-6,0,30,0,False
champion+fallback,delay8_b_line,99,20261101,-4,0,30,0,False
champion+fallback,delay9_b_line,0,20261002,-1.9,0,30,0,False
champion+fallback,delay9_b_line,1,20261003,-1.9,0,30,0,False
champion+fallback,delay9_b_line,2,20261004,-1.9,0,30,0,False
champion+fallback,delay9_b_line,3,20261005,-1.9,0,30,0,False
champion+fallback,delay9_b_line,4,20261006,-1.9,0,30,0,False
champion+fallback,delay9_b_line,5,20261007,-2.1,0,30,0,False
champion+fallback,delay9_b_line,6,20261008,-7.9,0,30,0,False
champion+fallback,delay9_b_line,7,20261009,-1.9,0,30,0,False
champion+fallback,delay9_b_line,8,20261010,-1.7,0,30,0,False
champion+fallback,delay9_b_line,9,20261011,-1.8,0,30,0,False
champion+fallback,delay9_b_line,10,20261012,-8.9,0,30,0,False
champion+fallback,delay9_b_line,11,20261013,-2.9,0,30,0,False
champion+fallback,delay9_b_line,12,20261014,-2.9,0,30,0,False
champion+fallback,delay9_b_line,13,20261015,-3.8,0,30,0,False
champion+fallback,delay9_b_line,14,20261016,-1.9,0,30,0,False
champion+fallback,delay9_b_line,15,20261017,0,0,30,0,False
champion+fallback,delay9_b_line,16,20261018,-1.9,0,30,0,False
champion+fallback,delay9_b_line,17,20261019,-1.9,0,30,0,False
champion+fallback,delay9_b_line,18,20261020,-7.8,0,30,0,False
champion+fallback,delay9_b_line,19,20261021,-2.8,0,30,0,False
champion+fallback,delay9_b_line,20,20261022,-1.9,0,30,0,False
champion+fallback,delay9_b_line,21,20261023,-1.8,0,30,0,False
champion+fallback,delay9_b_line,22,20261024,-2.8,0,30,0,False
champion+fallback,delay9_b_line,23,20261025,-1.6,0,30,0,False
champion+fallback,delay9_b_line,24,20261026,-5.8,0,30,0,False
champion+fallback,delay9_b_line,25,20261027,-1.4,0,30,0,False
champion+fallback,delay9_b_line,26,20261028,-1.8,0,30,0,False
champion+fallback,delay9_b_line,27,20261029,-1.9,0,30,0,False
champion+fallback,delay9_b_line,28,20261030,0,0,30,0,False
champion+fallback,delay9_b_line,29,20261031,-7.9,0,30,0,False
champion+fallback,delay9_b_line,30,20261032,-1.9,0,30,0,False
champion+fallback,delay9_b_line,31,20261033,-1.9,0,30,0,False
champion+fallback,delay9_b_line,32,20261034,-2.8,0,30,0,False
champion+fallback,delay9_b_line,33,20261035,-1.9,0,30,0,False
champion+fallback,delay9_b_line,34,20261036,-5.8,0,30,0,False
champion+fallback,delay9_b_line,35,20261037,-1.9,0,30,0,False
champion+fallback,delay9_b_line,36,20261038,-1.9,0,30,0,False
champion+fallback,delay9_b_line,37,20261039,-1.9,0,30,0,False
champion+fallback,delay9_b_line,38,20261040,-1.9,0,30,0,False
champion+fallback,delay9_b_line,39,20261041,-1.9,0,30,0,False
champion+fallback,delay9_b_line,40,20261042,-5.9,0,30,0,False
champion+fallback,delay9_b_line,41,20261043,-1.8,0,30,0,False
champion+fallback,delay9_b_line,42,20261044,-4.9,0,30,0,False
champion+fallback,delay9_b_line,43,20261045,-1.9,0,30,0,False
champion+fallback,delay9_b_line,44,20261046,-1.9,0,30,0,False
champion+fallback,delay9_b_line,45,20261047,-1.8,0,30,0,False
champion+fallback,delay9_b_line,46,20261048,-1.9,0,30,0,False
champion+fallback,delay9_b_line,47,20261049,-1.1,0,30,0,False
champion+fallback,delay9_b_line,48,20261050,-1.9,0,30,0,False
champion+fallback,delay9_b_line,49,20261051,-3.9,0,30,0,False
champion+fallback,delay9_b_line,50,20261052,-1.9,0,30,0,False
champion+fallback,delay9_b_line,51,20261053,-7.9,0,30,0,False
champion+fallback,delay9_b_line,52,20261054,0,0,30,0,False
champion+fallback,delay9_b_line,53,20261055,-7.9,0,30,0,False
champion+fallback,delay9_b_line,54,20261056,-1.9,0,30,0,False
champion+fallback,delay9_b_line,55,20261057,-1.9,0,30,0,False
champion+fallback,delay9_b_line,56,20261058,0,0,30,0,False
champion+fallback,delay9_b_line,57,20261059,-1.9,0,30,0,False
champion+fallback,delay9_b_line,58,20261060,-5.9,0,30,0,False
champion+fallback,delay9_b_line,59,20261061,-7.9,0,30,0,False
champion+fallback,delay9_b_line,60,20261062,0,0,30,0,False
champion+fallback,delay9_b_line,61,20261063,-1.9,0,30,0,False
champion+fallback,delay9_b_line,62,20261064,0,0,30,0,False
champion+fallback,delay9_b_line,63,20261065,-1.8,0,30,0,False
champion+fallback,delay9_b_line,64,20261066,-5.8,0,30,0,False
champion+fallback,delay9_b_line,65,20261067,-1.9,0,30,0,False
champion+fallback,delay9_b_line,66,20261068,-3.9,0,30,0,False
champion+fallback,delay9_b_line,67,20261069,-0.9,0,30,0,False
champion+fallback,delay9_b_line,68,20261070,-6.9,0,30,0,False
champion+fallback,delay9_b_line,69,20261071,-1.9,0,30,0,False
champion+fallback,delay9_b_line,70,20261072,-1.8,0,30,0,False
champion+fallback,delay9_b_line,71,20261073,0,0,30,0,False
champion+fallback,delay9_b_line,72,20261074,-1.9,0,30,0,False
champion+fallback,delay9_b_line,73,20261075,-1.8,0,30,0,False
champion+fallback,delay9_b_line,74,20261076,-8.9,0,30,0,False
champion+fallback,delay9_b_line,75,20261077,-1.9,0,30,0,False
champion+fallback,delay9_b_line,76,20261078,-1.9,0,30,0,False
champion+fallback,delay9_b_line,77,20261079,-1.9,0,30,0,False
champion+fallback,delay9_b_line,78,20261080,-4.9,0,30,0,False
champion+fallback,delay9_b_line,79,20261081,-2.8,0,30,0,False
champion+fallback,delay9_b_line,80,20261082,-5.9,0,30,0,False
champion+fallback,delay9_b_line,81,20261083,-8.7,0,30,0,False
champion+fallback,delay9_b_line,82,20261084,-1.9,0,30,0,False
champion+fallback,delay9_b_line,83,20261085,-1.9,0,30,0,False
champion+fallback,delay9_b_line,84,20261086,-7.9,0,30,0,False
champion+fallback,delay9_b_line,85,20261087,-1.9,0,30,0,False
champion+fallback,delay9_b_line,86,20261088,-5.9,0,30,0,False
champion+fallback,delay9_b_line,87,20261089,0,0,30,0,False
champion+fallback,delay9_b_line,88,20261090,-0.2,0,30,0,False
champion+fallback,delay9_b_line,89,20261091,-1.9,0,30,0,False
champion+fallback,delay9_b_line,90,20261092,-1.9,0,30,0,False
champion+fallback,delay9_b_line,91,20261093,-1.9,0,30,0,False
champion+fallback,delay9_b_line,92,20261094,-2.9,0,30,0,False
champion+fallback,delay9_b_line,93,20261095,-1.4,0,30,0,False
champion+fallback,delay9_b_line,94,20261096,-1.9,0,30,0,False
champion+fallback,delay9_b_line,95,20261097,-1.9,0,30,0,False
champion+fallback,delay9_b_line,96,20261098,-1.9,0,30,0,False
champion+fallback,delay9_b_line,97,20261099,-1.9,0,30,0,False
champion+fallback,delay9_b_line,98,20261100,-5.9,0,30,0,False
champion+fallback,delay9_b_line,99,20261101,-3.9,0,30,0,False
champion+fallback,delay10_b_line,0,20261002,-1.8,0,30,0,False
champion+fallback,delay10_b_line,1,20261003,-1.7,0,30,0,False
champion+fallback,delay10_b_line,2,20261004,-4.8,0,30,0,False
champion+fallback,delay10_b_line,3,20261005,-1.8,0,30,0,False
champion+fallback,delay10_b_line,4,20261006,-10.8,0,30,0,False
champion+fallback,delay10_b_line,5,20261007,-3.7,0,30,0,False
champion+fallback,delay10_b_line,6,20261008,0,0,30,0,False
champion+fallback,delay10_b_line,7,20261009,-1.7,0,30,0,False
champion+fallback,delay10_b_line,8,20261010,-1.8,0,30,0,False
champion+fallback,delay10_b_line,9,20261011,-1.8,0,30,0,False
champion+fallback,delay10_b_line,10,20261012,-7.8,0,30,0,False
champion+fallback,delay10_b_line,11,20261013,-1.1,0,30,0,False
champion+fallback,delay10_b_line,12,20261014,-1.8,0,30,0,False
champion+fallback,delay10_b_line,13,20261015,-1.8,0,30,0,False
champion+fallback,delay10_b_line,14,20261016,-1.8,0,30,0,False
champion+fallback,delay10_b_line,15,20261017,-1.8,0,30,0,False
champion+fallback,delay10_b_line,16,20261018,-1.5,0,30,0,False
champion+fallback,delay10_b_line,17,20261019,0,0,30,0,False
champion+fallback,delay10_b_line,18,20261020,-4.8,0,30,0,False
champion+fallback,delay10_b_line,19,20261021,-5.8,0,30,0,False
champion+fallback,delay10_b_line,20,20261022,-1.8,0,30,0,False
champion+fallback,delay10_b_line,21,20261023,-1.8,0,30,0,False
champion+fallback,delay10_b_line,22,20261024,-1.7,0,30,0,False
champion+fallback,delay10_b_line,23,20261025,-2.8,0,30,0,False
champion+fallback,delay10_b_line,24,20261026,-1.7,0,30,0,False
champion+fallback,delay10_b_line,25,20261027,-1.3,0,30,0,False
champion+fallback,delay10_b_line,26,20261028,-2.8,0,30,0,False
champion+fallback,delay10_b_line,27,20261029,-1.8,0,30,0,False
champion+fallback,delay10_b_line,28,20261030,-1.8,0,30,0,False
champion+fallback,delay10_b_line,29,20261031,-1.1,0,30,0,False
champion+fallback,delay10_b_line,30,20261032,-1.8,0,30,0,False
champion+fallback,delay10_b_line,31,20261033,-1.8,0,30,0,False
champion+fallback,delay10_b_line,32,20261034,-1.7,0,30,0,False
champion+fallback,delay10_b_line,33,20261035,-0.7,0,30,0,False
champion+fallback,delay10_b_line,34,20261036,-1.8,0,30,0,False
champion+fallback,delay10_b_line,35,20261037,-6.8,0,30,0,False
champion+fallback,delay10_b_line,36,20261038,-1.7,0,30,0,False
champion+fallback,delay10_b_line,37,20261039,-1.8,0,30,0,False
champion+fallback,delay10_b_line,38,20261040,-1.8,0,30,0,False
champion+fallback,delay10_b_line,39,20261041,-0.7,0,30,0,False
champion+fallback,delay10_b_line,40,20261042,-1.7,0,30,0,False
champion+fallback,delay10_b_line,41,20261043,-1.7,0,30,0,False
champion+fallback,delay10_b_line,42,20261044,-1.3,0,30,0,False
champion+fallback,delay10_b_line,43,20261045,-1.8,0,30,0,False
champion+fallback,delay10_b_line,44,20261046,-1.7,0,30,0,False
champion+fallback,delay10_b_line,45,20261047,-1.7,0,30,0,False
champion+fallback,delay10_b_line,46,20261048,-1.7,0,30,0,False
champion+fallback,delay10_b_line,47,20261049,-1.8,0,30,0,False
champion+fallback,delay10_b_line,48,20261050,-1.8,0,30,0,False
champion+fallback,delay10_b_line,49,20261051,-2.8,0,30,0,False
champion+fallback,delay10_b_line,50,20261052,-1.8,0,30,0,False
champion+fallback,delay10_b_line,51,20261053,-1.5,0,30,0,False
champion+fallback,delay10_b_line,52,20261054,-1.8,0,30,0,False
champion+fallback,delay10_b_line,53,20261055,-1.8,0,30,0,False
champion+fallback,delay10_b_line,54,20261056,-1.8,0,30,0,False
champion+fallback,delay10_b_line,55,20261057,-1.7,0,30,0,False
champion+fallback,delay10_b_line,56,20261058,0,0,30,0,False
champion+fallback,delay10_b_line,57,20261059,-1.8,0,30,0,False
champion+fallback,delay10_b_line,58,20261060,-7.7,0,30,0,False
champion+fallback,delay10_b_line,59,20261061,-1.7,0,30,0,False
champion+fallback,delay10_b_line,60,20261062,-2.8,0,30,0,False
champion+fallback,delay10_b_line,61,20261063,-7.7,0,30,0,False
champion+fallback,delay10_b_line,62,20261064,0,0,30,0,False
champion+fallback,delay10_b_line,63,20261065,-0.7,0,30,0,False
champion+fallback,delay10_b_line,64,20261066,-2.8,0,30,0,False
champion+fallback,delay10_b_line,65,20261067,-2.8,0,30,0,False
champion+fallback,delay10_b_line,66,20261068,-1.8,0,30,0,False
champion+fallback,delay10_b_line,67,20261069,-1.8,0,30,0,False
champion+fallback,delay10_b_line,68,20261070,-1.8,0,30,0,False
champion+fallback,delay10_b_line,69,20261071,-1.8,0,30,0,False
champion+fallback,delay10_b_line,70,20261072,-7.8,0,30,0,False
champion+fallback,delay10_b_line,71,20261073,-1.8,0,30,0,False
champion+fallback,delay10_b_line,72,20261074,-1.8,0,30,0,False
champion+fallback,delay10_b_line,73,20261075,-1.7,0,30,0,False
champion+fallback,delay10_b_line,74,20261076,-1.8,0,30,0,False
champion+fallback,delay10_b_line,75,20261077,-1.8,0,30,0,False
champion+fallback,delay10_b_line,76,20261078,0,0,30,0,False
champion+fallback,delay10_b_line,77,20261079,-1.8,0,30,0,False
champion+fallback,delay10_b_line,78,20261080,-4.8,0,30,0,False
champion+fallback,delay10_b_line,79,20261081,-5.8,0,30,0,False
champion+fallback,delay10_b_line,80,20261082,-4.8,0,30,0,False
champion+fallback,delay10_b_line,81,20261083,-6.8,0,30,0,False
champion+fallback,delay10_b_line,82,20261084,-1.5,0,30,0,False
champion+fallback,delay10_b_line,83,20261085,-1.8,0,30,0,False
champion+fallback,delay10_b_line,84,20261086,-6.8,0,30,0,False
champion+fallback,delay10_b_line,85,20261087,-4.8,0,30,0,False
champion+fallback,delay10_b_line,86,20261088,-1.7,0,30,0,False
champion+fallback,delay10_b_line,87,20261089,-6.8,0,30,0,False
champion+fallback,delay10_b_line,88,20261090,-3.8,0,30,0,False
champion+fallback,delay10_b_line,89,20261091,-1.7,0,30,0,False
champion+fallback,delay10_b_line,90,20261092,-1.6,0,30,0,False
champion+fallback,delay10_b_line,91,20261093,-1.7,0,30,0,False
champion+fallback,delay10_b_line,92,20261094,-2.8,0,30,0,False
champion+fallback,delay10_b_line,93,20261095,-2.8,0,30,0,False
champion+fallback,delay10_b_line,94,20261096,-1.8,0,30,0,False
champion+fallback,delay10_b_line,95,20261097,-4.8,0,30,0,False
champion+fallback,delay10_b_line,96,20261098,-1.8,0,30,0,False
champion+fallback,delay10_b_line,97,20261099,-1.8,0,30,0,False
champion+fallback,delay10_b_line,98,20261100,-1.8,0,30,0,False
champion+fallback,delay10_b_line,99,20261101,-1.8,0,30,0,False
champion+fallback,delay3_meander,0,20261002,-8.4,0,30,0,False
champion+fallback,delay3_meander,1,20261003,-7.9,0,30,0,False
champion+fallback,delay3_meander,2,20261004,-5.4,0,30,0,False
champion+fallback,delay3_meander,3,20261005,-4.6,0,30,0,False
champion+fallback,delay3_meander,4,20261006,-4.5,0,30,0,False
champion+fallback,delay3_meander,5,20261007,-4.5,0,30,0,False
champion+fallback,delay3_meander,6,20261008,-6.7,0,30,0,False
champion+fallback,delay3_meander,7,20261009,-6.8,0,30,0,False
champion+fallback,delay3_meander,8,20261010,-6.8,0,30,0,False
champion+fallback,delay3_meander,9,20261011,-5.6,0,30,0,False
champion+fallback,delay3_meander,10,20261012,-4.6,0,30,0,False
champion+fallback,delay3_meander,11,20261013,-4.2,0,30,0,False
champion+fallback,delay3_meander,12,20261014,-4.5,0,30,0,False
champion+fallback,delay3_meander,13,20261015,-6,0,30,0,False
champion+fallback,delay3_meander,14,20261016,-4.4,0,30,0,False
champion+fallback,delay3_meander,15,20261017,-5.8,0,30,0,False
champion+fallback,delay3_meander,16,20261018,-5.8,0,30,0,False
champion+fallback,delay3_meander,17,20261019,-8,0,30,0,False
champion+fallback,delay3_meander,18,20261020,-3.5,0,30,0,False
champion+fallback,delay3_meander,19,20261021,-5.1,0,30,0,False
champion+fallback,delay3_meander,20,20261022,-6.1,0,30,0,False
champion+fallback,delay3_meander,21,20261023,-4.3,0,30,0,False
champion+fallback,delay3_meander,22,20261024,-5.4,0,30,0,False
champion+fallback,delay3_meander,23,20261025,-4.5,0,30,0,False
champion+fallback,delay3_meander,24,20261026,-5.9,0,30,0,False
champion+fallback,delay3_meander,25,20261027,-4.2,0,30,0,False
champion+fallback,delay3_meander,26,20261028,-6,0,30,0,False
champion+fallback,delay3_meander,27,20261029,-3.8,0,30,0,False
champion+fallback,delay3_meander,28,20261030,-5.9,0,30,0,False
champion+fallback,delay3_meander,29,20261031,-5.1,0,30,0,False
champion+fallback,delay3_meander,30,20261032,-4.5,0,30,0,False
champion+fallback,delay3_meander,31,20261033,-6.6,0,30,0,False
champion+fallback,delay3_meander,32,20261034,-5.6,0,30,0,False
champion+fallback,delay3_meander,33,20261035,-3.6,0,30,0,False
champion+fallback,delay3_meander,34,20261036,-3.9,0,30,0,False
champion+fallback,delay3_meander,35,20261037,-4.5,0,30,0,False
champion+fallback,delay3_meander,36,20261038,-5.9,0,30,0,False
champion+fallback,delay3_meander,37,20261039,-8.1,0,30,0,False
champion+fallback,delay3_meander,38,20261040,-6.6,0,30,0,False
champion+fallback,delay3_meander,39,20261041,-4.2,0,30,0,False
champion+fallback,delay3_meander,40,20261042,-4.8,0,30,0,False
champion+fallback,delay3_meander,41,20261043,-4.1,0,30,0,False
champion+fallback,delay3_meander,42,20261044,-4.7,0,30,0,False
champion+fallback,delay3_meander,43,20261045,-3.4,0,30,0,False
champion+fallback,delay3_meander,44,20261046,-5.1,0,30,0,False
champion+fallback,delay3_meander,45,20261047,-5.7,0,30,0,False
champion+fallback,delay3_meander,46,20261048,-7.6,0,30,0,False
champion+fallback,delay3_meander,47,20261049,-4.5,0,30,0,False
champion+fallback,delay3_meander,48,20261050,-4.1,0,30,0,False
champion+fallback,delay3_meander,49,20261051,-12.8,0,30,0,False
champion+fallback,delay3_meander,50,20261052,-6,0,30,0,False
champion+fallback,delay3_meander,51,20261053,-8,0,30,0,False
champion+fallback,delay3_meander,52,20261054,-4.9,0,30,0,False
champion+fallback,delay3_meander,53,20261055,-6.6,0,30,0,False
champion+fallback,delay3_meander,54,20261056,-5.6,0,30,0,False
champion+fallback,delay3_meander,55,20261057,-4.5,0,30,0,False
champion+fallback,delay3_meander,56,20261058,-4.5,0,30,0,False
champion+fallback,delay3_meander,57,20261059,-7.6,0,30,0,False
champion+fallback,delay3_meander,58,20261060,-5.3,0,30,0,False
champion+fallback,delay3_meander,59,20261061,-7.6,0,30,0,False
champion+fallback,delay3_meander,60,20261062,-6.2,0,30,0,False
champion+fallback,delay3_meander,61,20261063,-5.2,0,30,0,False
champion+fallback,delay3_meander,62,20261064,-4.5,0,30,0,False
champion+fallback,delay3_meander,63,20261065,-6.3,0,30,0,False
champion+fallback,delay3_meander,64,20261066,-5.7,0,30,0,False
champion+fallback,delay3_meander,65,20261067,-7.8,0,30,0,False
champion+fallback,delay3_meander,66,20261068,-4.1,0,30,0,False
champion+fallback,delay3_meander,67,20261069,-5.1,0,30,0,False
champion+fallback,delay3_meander,68,20261070,-4.6,0,30,0,False
champion+fallback,delay3_meander,69,20261071,-5.2,0,30,0,False
champion+fallback,delay3_meander,70,20261072,-4.2,0,30,0,False
champion+fallback,delay3_meander,71,20261073,-6.6,0,30,0,False
champion+fallback,delay3_meander,72,20261074,-4.6,0,30,0,False
champion+fallback,delay3_meander,73,20261075,-6.9,0,30,0,False
champion+fallback,delay3_meander,74,20261076,-5.5,0,30,0,False
champion+fallback,delay3_meander,75,20261077,-6.3,0,30,0,False
champion+fallback,delay3_meander,76,20261078,-5.3,0,30,0,False
champion+fallback,delay3_meander,77,20261079,-6.4,0,30,0,False
champion+fallback,delay3_meander,78,20261080,-5.8,0,30,0,False
champion+fallback,delay3_meander,79,20261081,-5.7,0,30,0,False
champion+fallback,delay3_meander,80,20261082,-6.1,0,30,0,False
champion+fallback,delay3_meander,81,20261083,-6.1,0,30,0,False
champion+fallback,delay3_meander,82,20261084,-8.8,0,30,0,False
champion+fallback,delay3_meander,83,20261085,-5.6,0,30,0,False
champion+fallback,delay3_meander,84,20261086,-4.9,0,30,0,False
champion+fallback,delay3_meander,85,20261087,-4.9,0,30,0,False
champion+fallback,delay3_meander,86,20261088,-3.6,0,30,0,False
champion+fallback,delay3_meander,87,20261089,-5.1,0,30,0,False
champion+fallback,delay3_meander,88,20261090,-9,0,30,0,False
champion+fallback,delay3_meander,89,20261091,-4,0,30,0,False
champion+fallback,delay3_meander,90,20261092,-6.4,0,30,0,False
champion+fallback,delay3_meander,91,20261093,-5.7,0,30,0,False
champion+fallback,delay3_meander,92,20261094,-3.7,0,30,0,False
champion+fallback,delay3_meander,93,20261095,-5.3,0,30,0,False
champion+fallback,delay3_meander,94,20261096,-8.2,0,30,0,False
champion+fallback,delay3_meander,95,20261097,-4.6,0,30,0,False
champion+fallback,delay3_meander,96,20261098,-5.5,0,30,0,False
champion+fallback,delay3_meander,97,20261099,-5.6,0,30,0,False
champion+fallback,delay3_meander,98,20261100,-5.5,0,30,0,False
champion+fallback,delay3_meander,99,20261101,-4.8,0,30,0,False
react-restore,delay1_b_line,0,20261002,-14.4,0,30,0,False
react-restore,delay1_b_line,1,20261003,-13.9,0,30,0,False
react-restore,delay1_b_line,2,20261004,-13.5,0,30,0,False
react-restore,delay1_b_line,3,20261005,-14.1,0,30,0,False
react-restore,delay1_b_line,4,20261006,-11.1,0,30,0,False
react-restore,delay1_b_line,5,20261007,-14.2,0,30,0,False
react-restore,delay1_b_line,6,20261008,-135.4,9,30,0.3,True
react-restore,delay1_b_line,7,20261009,-12.7,0,30,0,False
react-restore,delay1_b_line,8,20261010,-13.3,0,30,0,False
react-restore,delay1_b_line,9,20261011,-15.2,0,30,0,False
react-restore,delay1_b_line,10,20261012,-20.3,0,30,0,False
react-restore,delay1_b_line,11,20261013,-18.2,0,30,0,False
react-restore,delay1_b_line,12,20261014,-12.4,0,30,0,False
react-restore,delay1_b_line,13,20261015,-33.5,0,30,0,False
react-restore,delay1_b_line,14,20261016,-14,0,30,0,False
react-restore,delay1_b_line,15,20261017,-15.3,0,30,0,False
react-restore,delay1_b_line,16,20261018,-13.2,0,30,0,False
react-restore,delay1_b_line,17,20261019,-95.6,5,30,0.1666666667,True
react-restore,delay1_b_line,18,20261020,-20.1,0,30,0,False
react-restore,delay1_b_line,19,20261021,-13.7,0,30,0,False
react-restore,delay1_b_line,20,20261022,-23.3,0,30,0,False
react-restore,delay1_b_line,21,20261023,-13.2,0,30,0,False
react-restore,delay1_b_line,22,20261024,-13.6,0,30,0,False
react-restore,delay1_b_line,23,20261025,-30.3,0,30,0,False
react-restore,delay1_b_line,24,20261026,-99.3,6,30,0.2,True
react-restore,delay1_b_line,25,20261027,-210.6,15,30,0.5,True
react-restore,delay1_b_line,26,20261028,-22.5,0,30,0,False
react-restore,delay1_b_line,27,20261029,-16.5,0,30,0,False
react-restore,delay1_b_line,28,20261030,-210.7,15,30,0.5,True
react-restore,delay1_b_line,29,20261031,-12.1,0,30,0,False
react-restore,delay1_b_line,30,20261032,-35.7,0,30,0,False
react-restore,delay1_b_line,31,20261033,-15.6,0,30,0,False
react-restore,delay1_b_line,32,20261034,-14.1,0,30,0,False
react-restore,delay1_b_line,33,20261035,-15.2,0,30,0,False
react-restore,delay1_b_line,34,20261036,-13.9,0,30,0,False
react-restore,delay1_b_line,35,20261037,-16.6,0,30,0,False
react-restore,delay1_b_line,36,20261038,-14.3,0,30,0,False
react-restore,delay1_b_line,37,20261039,-14.1,0,30,0,False
react-restore,delay1_b_line,38,20261040,-34.8,1,30,0.03333333333,True
react-restore,delay1_b_line,39,20261041,-14.1,0,30,0,False
react-restore,delay1_b_line,40,20261042,-24.5,0,30,0,False
react-restore,delay1_b_line,41,20261043,-12.9,0,30,0,False
react-restore,delay1_b_line,42,20261044,-89.4,5,30,0.1666666667,True
react-restore,delay1_b_line,43,20261045,-16.8,0,30,0,False
react-restore,delay1_b_line,44,20261046,-13,0,30,0,False
react-restore,delay1_b_line,45,20261047,-72.1,4,30,0.1333333333,True
react-restore,delay1_b_line,46,20261048,-14,0,30,0,False
react-restore,delay1_b_line,47,20261049,-10.5,0,30,0,False
react-restore,delay1_b_line,48,20261050,-15.3,0,30,0,False
react-restore,delay1_b_line,49,20261051,-14.2,0,30,0,False
react-restore,delay1_b_line,50,20261052,-114.5,7,30,0.2333333333,True
react-restore,delay1_b_line,51,20261053,-25.6,0,30,0,False
react-restore,delay1_b_line,52,20261054,-29.3,0,30,0,False
react-restore,delay1_b_line,53,20261055,-14.2,0,30,0,False
react-restore,delay1_b_line,54,20261056,-20.6,0,30,0,False
react-restore,delay1_b_line,55,20261057,-25.4,0,30,0,False
react-restore,delay1_b_line,56,20261058,-14.2,0,30,0,False
react-restore,delay1_b_line,57,20261059,-14.1,0,30,0,False
react-restore,delay1_b_line,58,20261060,-20.6,0,30,0,False
react-restore,delay1_b_line,59,20261061,-21.9,0,30,0,False
react-restore,delay1_b_line,60,20261062,-30.4,0,30,0,False
react-restore,delay1_b_line,61,20261063,-16.5,0,30,0,False
react-restore,delay1_b_line,62,20261064,-33.6,0,30,0,False
react-restore,delay1_b_line,63,20261065,-14.2,0,30,0,False
react-restore,delay1_b_line,64,20261066,-14.2,0,30,0,False
react-restore,delay1_b_line,65,20261067,-13.4,0,30,0,False
react-restore,delay1_b_line,66,20261068,-14.9,0,30,0,False
react-restore,delay1_b_line,67,20261069,-13.8,0,30,0,False
react-restore,delay1_b_line,68,20261070,-33.6,0,30,0,False
react-restore,delay1_b_line,69,20261071,-14.2,0,30,0,False
react-restore,delay1_b_line,70,20261072,-10.2,0,30,0,False
react-restore,delay1_b_line,71,20261073,-14.3,0,30,0,False
react-restore,delay1_b_line,72,20261074,-14.1,0,30,0,False
react-restore,delay1_b_line,73,20261075,-38.1,1,30,0.03333333333,True
react-restore,delay1_b_line,74,20261076,-33.5,0,30,0,False
react-restore,delay1_b_line,75,20261077,-13.3,0,30,0,False
react-restore,delay1_b_line,76,20261078,-20.6,0,30,0,False
react-restore,delay1_b_line,77,20261079,-14.3,0,30,0,False
react-restore,delay1_b_line,78,20261080,-14,0,30,0,False
react-restore,delay1_b_line,79,20261081,-12.3,0,30,0,False
react-restore,delay1_b_line,80,20261082,-14.1,0,30,0,False
react-restore,delay1_b_line,81,20261083,-19.1,0,30,0,False
react-restore,delay1_b_line,82,20261084,-14.1,0,30,0,False
react-restore,delay1_b_line,83,20261085,-26.5,0,30,0,False
react-restore,delay1_b_line,84,20261086,-13.8,0,30,0,False
react-restore,delay1_b_line,85,20261087,-81.4,4,30,0.1333333333,True
react-restore,delay1_b_line,86,20261088,-13.3,0,30,0,False
react-restore,delay1_b_line,87,20261089,-13.2,0,30,0,False
react-restore,delay1_b_line,88,20261090,-28.4,0,30,0,False
react-restore,delay1_b_line,89,20261091,-16.6,0,30,0,False
react-restore,delay1_b_line,90,20261092,-13.6,0,30,0,False
react-restore,delay1_b_line,91,20261093,-13.5,0,30,0,False
react-restore,delay1_b_line,92,20261094,-16.3,0,30,0,False
react-restore,delay1_b_line,93,20261095,-13.9,0,30,0,False
react-restore,delay1_b_line,94,20261096,-18.1,0,30,0,False
react-restore,delay1_b_line,95,20261097,-14.2,0,30,0,False
react-restore,delay1_b_line,96,20261098,-14.2,0,30,0,False
react-restore,delay1_b_line,97,20261099,-91.3,5,30,0.1666666667,True
react-restore,delay1_b_line,98,20261100,-26.1,0,30,0,False
react-restore,delay1_b_line,99,20261101,-14.5,0,30,0,False
react-restore,delay2_b_line,0,20261002,-14.3,0,30,0,False
react-restore,delay2_b_line,1,20261003,-13.9,0,30,0,False
react-restore,delay2_b_line,2,20261004,-12.4,0,30,0,False
react-restore,delay2_b_line,3,20261005,-13.1,0,30,0,False
react-restore,delay2_b_line,4,20261006,-11,0,30,0,False
react-restore,delay2_b_line,5,20261007,-14.2,0,30,0,False
react-restore,delay2_b_line,6,20261008,-122.3,8,30,0.2666666667,True
react-restore,delay2_b_line,7,20261009,-12.7,0,30,0,False
react-restore,delay2_b_line,8,20261010,-12.2,0,30,0,False
react-restore,delay2_b_line,9,20261011,-14.1,0,30,0,False
react-restore,delay2_b_line,10,20261012,-19.2,0,30,0,False
react-restore,delay2_b_line,11,20261013,-16.1,0,30,0,False
react-restore,delay2_b_line,12,20261014,-11.3,0,30,0,False
react-restore,delay2_b_line,13,20261015,-31.4,0,30,0,False
react-restore,delay2_b_line,14,20261016,-14,0,30,0,False
react-restore,delay2_b_line,15,20261017,-14.2,0,30,0,False
react-restore,delay2_b_line,16,20261018,-13.1,0,30,0,False
react-restore,delay2_b_line,17,20261019,-82.5,4,30,0.1333333333,True
react-restore,delay2_b_line,18,20261020,-19,0,30,0,False
react-restore,delay2_b_line,19,20261021,-12.6,0,30,0,False
react-restore,delay2_b_line,20,20261022,-21.2,0,30,0,False
react-restore,delay2_b_line,21,20261023,-13.1,0,30,0,False
react-restore,delay2_b_line,22,20261024,-13.6,0,30,0,False
react-restore,delay2_b_line,23,20261025,-28.2,0,30,0,False
react-restore,delay2_b_line,24,20261026,-86.2,5,30,0.1666666667,True
react-restore,delay2_b_line,25,20261027,-197.5,14,30,0.4666666667,True
react-restore,delay2_b_line,26,20261028,-22.4,0,30,0,False
react-restore,delay2_b_line,27,20261029,-14.4,0,30,0,False
react-restore,delay2_b_line,28,20261030,-197.6,14,30,0.4666666667,True
react-restore,delay2_b_line,29,20261031,-12.1,0,30,0,False
react-restore,delay2_b_line,30,20261032,-32.6,0,30,0,False
react-restore,delay2_b_line,31,20261033,-14.5,0,30,0,False
react-restore,delay2_b_line,32,20261034,-14,0,30,0,False
react-restore,delay2_b_line,33,20261035,-15.1,0,30,0,False
react-restore,delay2_b_line,34,20261036,-12.8,0,30,0,False
react-restore,delay2_b_line,35,20261037,-14.5,0,30,0,False
react-restore,delay2_b_line,36,20261038,-14.2,0,30,0,False
react-restore,delay2_b_line,37,20261039,-14,0,30,0,False
react-restore,delay2_b_line,38,20261040,-21.7,0,30,0,False
react-restore,delay2_b_line,39,20261041,-14.1,0,30,0,False
react-restore,delay2_b_line,40,20261042,-24.4,0,30,0,False
react-restore,delay2_b_line,41,20261043,-12.9,0,30,0,False
react-restore,delay2_b_line,42,20261044,-76.3,4,30,0.1333333333,True
react-restore,delay2_b_line,43,20261045,-15.7,0,30,0,False
react-restore,delay2_b_line,44,20261046,-12,0,30,0,False
react-restore,delay2_b_line,45,20261047,-59,3,30,0.1,True
react-restore,delay2_b_line,46,20261048,-12.9,0,30,0,False
react-restore,delay2_b_line,47,20261049,-9.4,0,30,0,False
react-restore,delay2_b_line,48,20261050,-15.2,0,30,0,False
react-restore,delay2_b_line,49,20261051,-14.1,0,30,0,False
react-restore,delay2_b_line,50,20261052,-101.4,6,30,0.2,True
react-restore,delay2_b_line,51,20261053,-25.5,0,30,0,False
react-restore,delay2_b_line,52,20261054,-28.2,0,30,0,False
react-restore,delay2_b_line,53,20261055,-13.2,0,30,0,False
react-restore,delay2_b_line,54,20261056,-20.5,0,30,0,False
react-restore,delay2_b_line,55,20261057,-23.3,0,30,0,False
react-restore,delay2_b_line,56,20261058,-14.1,0,30,0,False
react-restore,delay2_b_line,57,20261059,-14,0,30,0,False
react-restore,delay2_b_line,58,20261060,-18.5,0,30,0,False
react-restore,delay2_b_line,59,20261061,-19.8,0,30,0,False
react-restore,delay2_b_line,60,20261062,-28.3,0,30,0,False
react-restore,delay2_b_line,61,20261063,-14.4,0,30,0,False
react-restore,delay2_b_line,62,20261064,-31.5,0,30,0,False
react-restore,delay2_b_line,63,20261065,-14.1,0,30,0,False
react-restore,delay2_b_line,64,20261066,-14.1,0,30,0,False
react-restore,delay2_b_line,65,20261067,-13.3,0,30,0,False
react-restore,delay2_b_line,66,20261068,-14.9,0,30,0,False
react-restore,delay2_b_line,67,20261069,-12.7,0,30,0,False
react-restore,delay2_b_line,68,20261070,-31.5,0,30,0,False
react-restore,delay2_b_line,69,20261071,-13.1,0,30,0,False
react-restore,delay2_b_line,70,20261072,-9.1,0,30,0,False
react-restore,delay2_b_line,71,20261073,-14.2,0,30,0,False
react-restore,delay2_b_line,72,20261074,-14,0,30,0,False
react-restore,delay2_b_line,73,20261075,-25,0,30,0,False
react-restore,delay2_b_line,74,20261076,-30.4,0,30,0,False
react-restore,delay2_b_line,75,20261077,-13.2,0,30,0,False
react-restore,delay2_b_line,76,20261078,-20.5,0,30,0,False
react-restore,delay2_b_line,77,20261079,-14.2,0,30,0,False
react-restore,delay2_b_line,78,20261080,-13.9,0,30,0,False
react-restore,delay2_b_line,79,20261081,-12.2,0,30,0,False
react-restore,delay2_b_line,80,20261082,-14.1,0,30,0,False
react-restore,delay2_b_line,81,20261083,-17,0,30,0,False
react-restore,delay2_b_line,82,20261084,-13.1,0,30,0,False
react-restore,delay2_b_line,83,20261085,-26.4,0,30,0,False
react-restore,delay2_b_line,84,20261086,-13.7,0,30,0,False
react-restore,delay2_b_line,85,20261087,-68.3,3,30,0.1,True
react-restore,delay2_b_line,86,20261088,-12.2,0,30,0,False
react-restore,delay2_b_line,87,20261089,-13.1,0,30,0,False
react-restore,delay2_b_line,88,20261090,-26.3,0,30,0,False
react-restore,delay2_b_line,89,20261091,-15.5,0,30,0,False
react-restore,delay2_b_line,90,20261092,-12.5,0,30,0,False
react-restore,delay2_b_line,91,20261093,-12.4,0,30,0,False
react-restore,delay2_b_line,92,20261094,-15.2,0,30,0,False
react-restore,delay2_b_line,93,20261095,-13.8,0,30,0,False
react-restore,delay2_b_line,94,20261096,-16,0,30,0,False
react-restore,delay2_b_line,95,20261097,-13.2,0,30,0,False
react-restore,delay2_b_line,96,20261098,-13.2,0,30,0,False
react-restore,delay2_b_line,97,20261099,-78.2,4,30,0.1333333333,True
react-restore,delay2_b_line,98,20261100,-24,0,30,0,False
react-restore,delay2_b_line,99,20261101,-13.4,0,30,0,False
react-restore,delay3_b_line,0,20261002,-13.3,0,30,0,False
react-restore,delay3_b_line,1,20261003,-12.9,0,30,0,False
react-restore,delay3_b_line,2,20261004,-12.3,0,30,0,False
react-restore,delay3_b_line,3,20261005,-13,0,30,0,False
react-restore,delay3_b_line,4,20261006,-10,0,30,0,False
react-restore,delay3_b_line,5,20261007,-13.2,0,30,0,False
react-restore,delay3_b_line,6,20261008,-109.2,7,30,0.2333333333,True
react-restore,delay3_b_line,7,20261009,-11.7,0,30,0,False
react-restore,delay3_b_line,8,20261010,-12.1,0,30,0,False
react-restore,delay3_b_line,9,20261011,-14,0,30,0,False
react-restore,delay3_b_line,10,20261012,-17.1,0,30,0,False
react-restore,delay3_b_line,11,20261013,-15,0,30,0,False
react-restore,delay3_b_line,12,20261014,-11.2,0,30,0,False
react-restore,delay3_b_line,13,20261015,-30.3,0,30,0,False
react-restore,delay3_b_line,14,20261016,-13,0,30,0,False
react-restore,delay3_b_line,15,20261017,-14.1,0,30,0,False
react-restore,delay3_b_line,16,20261018,-13,0,30,0,False
react-restore,delay3_b_line,17,20261019,-69.4,3,30,0.1,True
react-restore,delay3_b_line,18,20261020,-17.9,0,30,0,False
react-restore,delay3_b_line,19,20261021,-12.5,0,30,0,False
react-restore,delay3_b_line,20,20261022,-20.1,0,30,0,False
react-restore,delay3_b_line,21,20261023,-13,0,30,0,False
react-restore,delay3_b_line,22,20261024,-12.6,0,30,0,False
react-restore,delay3_b_line,23,20261025,-27.1,0,30,0,False
react-restore,delay3_b_line,24,20261026,-73.1,4,30,0.1333333333,True
react-restore,delay3_b_line,25,20261027,-184.4,13,30,0.4333333333,True
react-restore,delay3_b_line,26,20261028,-21.3,0,30,0,False
react-restore,delay3_b_line,27,20261029,-13.3,0,30,0,False
react-restore,delay3_b_line,28,20261030,-184.5,13,30,0.4333333333,True
react-restore,delay3_b_line,29,20261031,-11.1,0,30,0,False
react-restore,delay3_b_line,30,20261032,-30.5,0,30,0,False
react-restore,delay3_b_line,31,20261033,-14.4,0,30,0,False
react-restore,delay3_b_line,32,20261034,-13,0,30,0,False
react-restore,delay3_b_line,33,20261035,-15,0,30,0,False
react-restore,delay3_b_line,34,20261036,-12.7,0,30,0,False
react-restore,delay3_b_line,35,20261037,-13.4,0,30,0,False
react-restore,delay3_b_line,36,20261038,-13.2,0,30,0,False
react-restore,delay3_b_line,37,20261039,-13,0,30,0,False
react-restore,delay3_b_line,38,20261040,-18.6,0,30,0,False
react-restore,delay3_b_line,39,20261041,-13.1,0,30,0,False
react-restore,delay3_b_line,40,20261042,-23.3,0,30,0,False
react-restore,delay3_b_line,41,20261043,-11.9,0,30,0,False
react-restore,delay3_b_line,42,20261044,-63.2,3,30,0.1,True
react-restore,delay3_b_line,43,20261045,-13.6,0,30,0,False
react-restore,delay3_b_line,44,20261046,-11.9,0,30,0,False
react-restore,delay3_b_line,45,20261047,-45.9,2,30,0.06666666667,True
react-restore,delay3_b_line,46,20261048,-11.8,0,30,0,False
react-restore,delay3_b_line,47,20261049,-9.3,0,30,0,False
react-restore,delay3_b_line,48,20261050,-15.1,0,30,0,False
react-restore,delay3_b_line,49,20261051,-13.1,0,30,0,False
react-restore,delay3_b_line,50,20261052,-88.3,5,30,0.1666666667,True
react-restore,delay3_b_line,51,20261053,-24.4,0,30,0,False
react-restore,delay3_b_line,52,20261054,-27.1,0,30,0,False
react-restore,delay3_b_line,53,20261055,-13.1,0,30,0,False
react-restore,delay3_b_line,54,20261056,-19.4,0,30,0,False
react-restore,delay3_b_line,55,20261057,-22.2,0,30,0,False
react-restore,delay3_b_line,56,20261058,-13.1,0,30,0,False
react-restore,delay3_b_line,57,20261059,-13,0,30,0,False
react-restore,delay3_b_line,58,20261060,-17.4,0,30,0,False
react-restore,delay3_b_line,59,20261061,-17.7,0,30,0,False
react-restore,delay3_b_line,60,20261062,-26.2,0,30,0,False
react-restore,delay3_b_line,61,20261063,-13.3,0,30,0,False
react-restore,delay3_b_line,62,20261064,-29.4,0,30,0,False
react-restore,delay3_b_line,63,20261065,-13.1,0,30,0,False
react-restore,delay3_b_line,64,20261066,-13.1,0,30,0,False
react-restore,delay3_b_line,65,20261067,-13.2,0,30,0,False
react-restore,delay3_b_line,66,20261068,-13.9,0,30,0,False
react-restore,delay3_b_line,67,20261069,-12.6,0,30,0,False
react-restore,delay3_b_line,68,20261070,-30.4,0,30,0,False
react-restore,delay3_b_line,69,20261071,-13,0,30,0,False
react-restore,delay3_b_line,70,20261072,-9,0,30,0,False
react-restore,delay3_b_line,71,20261073,-13.2,0,30,0,False
react-restore,delay3_b_line,72,20261074,-13,0,30,0,False
react-restore,delay3_b_line,73,20261075,-21.9,0,30,0,False
react-restore,delay3_b_line,74,20261076,-28.3,0,30,0,False
react-restore,delay3_b_line,75,20261077,-13.1,0,30,0,False
react-restore,delay3_b_line,76,20261078,-19.4,0,30,0,False
react-restore,delay3_b_line,77,20261079,-13.2,0,30,0,False
react-restore,delay3_b_line,78,20261080,-12.9,0,30,0,False
react-restore,delay3_b_line,79,20261081,-12.1,0,30,0,False
react-restore,delay3_b_line,80,20261082,-13.1,0,30,0,False
react-restore,delay3_b_line,81,20261083,-15.9,0,30,0,False
react-restore,delay3_b_line,82,20261084,-13,0,30,0,False
react-restore,delay3_b_line,83,20261085,-25.3,0,30,0,False
react-restore,delay3_b_line,84,20261086,-12.7,0,30,0,False
react-restore,delay3_b_line,85,20261087,-55.2,2,30,0.06666666667,True
react-restore,delay3_b_line,86,20261088,-12.1,0,30,0,False
react-restore,delay3_b_line,87,20261089,-13,0,30,0,False
react-restore,delay3_b_line,88,20261090,-25.2,0,30,0,False
react-restore,delay3_b_line,89,20261091,-13.4,0,30,0,False
react-restore,delay3_b_line,90,20261092,-11.4,0,30,0,False
react-restore,delay3_b_line,91,20261093,-12.3,0,30,0,False
react-restore,delay3_b_line,92,20261094,-14.1,0,30,0,False
react-restore,delay3_b_line,93,20261095,-12.8,0,30,0,False
react-restore,delay3_b_line,94,20261096,-13.9,0,30,0,False
react-restore,delay3_b_line,95,20261097,-13.1,0,30,0,False
react-restore,delay3_b_line,96,20261098,-13.1,0,30,0,False
react-restore,delay3_b_line,97,20261099,-65.1,3,30,0.1,True
react-restore,delay3_b_line,98,20261100,-22.9,0,30,0,False
react-restore,delay3_b_line,99,20261101,-13.3,0,30,0,False
react-restore,delay4_b_line,0,20261002,-13.2,0,30,0,False
react-restore,delay4_b_line,1,20261003,-12.8,0,30,0,False
react-restore,delay4_b_line,2,20261004,-12.2,0,30,0,False
react-restore,delay4_b_line,3,20261005,-13,0,30,0,False
react-restore,delay4_b_line,4,20261006,-9.9,0,30,0,False
react-restore,delay4_b_line,5,20261007,-13.1,0,30,0,False
react-restore,delay4_b_line,6,20261008,-96.1,6,30,0.2,True
react-restore,delay4_b_line,7,20261009,-11.6,0,30,0,False
react-restore,delay4_b_line,8,20261010,-11,0,30,0,False
react-restore,delay4_b_line,9,20261011,-12.9,0,30,0,False
react-restore,delay4_b_line,10,20261012,-16,0,30,0,False
react-restore,delay4_b_line,11,20261013,-12.9,0,30,0,False
react-restore,delay4_b_line,12,20261014,-10.1,0,30,0,False
react-restore,delay4_b_line,13,20261015,-28.2,0,30,0,False
react-restore,delay4_b_line,14,20261016,-12.9,0,30,0,False
react-restore,delay4_b_line,15,20261017,-13,0,30,0,False
react-restore,delay4_b_line,16,20261018,-13,0,30,0,False
react-restore,delay4_b_line,17,20261019,-56.3,2,30,0.06666666667,True
react-restore,delay4_b_line,18,20261020,-15.8,0,30,0,False
react-restore,delay4_b_line,19,20261021,-11.4,0,30,0,False
react-restore,delay4_b_line,20,20261022,-18,0,30,0,False
react-restore,delay4_b_line,21,20261023,-12.9,0,30,0,False
react-restore,delay4_b_line,22,20261024,-12.5,0,30,0,False
react-restore,delay4_b_line,23,20261025,-25,0,30,0,False
react-restore,delay4_b_line,24,20261026,-60,3,30,0.1,True
react-restore,delay4_b_line,25,20261027,-171.3,12,30,0.4,True
react-restore,delay4_b_line,26,20261028,-21.2,0,30,0,False
react-restore,delay4_b_line,27,20261029,-12.2,0,30,0,False
react-restore,delay4_b_line,28,20261030,-171.4,12,30,0.4,True
react-restore,delay4_b_line,29,20261031,-11.1,0,30,0,False
react-restore,delay4_b_line,30,20261032,-28.4,0,30,0,False
react-restore,delay4_b_line,31,20261033,-13.3,0,30,0,False
react-restore,delay4_b_line,32,20261034,-12.9,0,30,0,False
react-restore,delay4_b_line,33,20261035,-14.9,0,30,0,False
react-restore,delay4_b_line,34,20261036,-11.6,0,30,0,False
react-restore,delay4_b_line,35,20261037,-12.3,0,30,0,False
react-restore,delay4_b_line,36,20261038,-13.1,0,30,0,False
react-restore,delay4_b_line,37,20261039,-12.9,0,30,0,False
react-restore,delay4_b_line,38,20261040,-16.5,0,30,0,False
react-restore,delay4_b_line,39,20261041,-13,0,30,0,False
react-restore,delay4_b_line,40,20261042,-22.2,0,30,0,False
react-restore,delay4_b_line,41,20261043,-11.8,0,30,0,False
react-restore,delay4_b_line,42,20261044,-50.1,2,30,0.06666666667,True
react-restore,delay4_b_line,43,20261045,-12.5,0,30,0,False
react-restore,delay4_b_line,44,20261046,-10.9,0,30,0,False
react-restore,delay4_b_line,45,20261047,-32.8,1,30,0.03333333333,True
react-restore,delay4_b_line,46,20261048,-10.7,0,30,0,False
react-restore,delay4_b_line,47,20261049,-8.2,0,30,0,False
react-restore,delay4_b_line,48,20261050,-14,0,30,0,False
react-restore,delay4_b_line,49,20261051,-13,0,30,0,False
react-restore,delay4_b_line,50,20261052,-75.2,4,30,0.1333333333,True
react-restore,delay4_b_line,51,20261053,-23.3,0,30,0,False
react-restore,delay4_b_line,52,20261054,-26,0,30,0,False
react-restore,delay4_b_line,53,20261055,-12.1,0,30,0,False
react-restore,delay4_b_line,54,20261056,-19.3,0,30,0,False
react-restore,delay4_b_line,55,20261057,-20.1,0,30,0,False
react-restore,delay4_b_line,56,20261058,-13,0,30,0,False
react-restore,delay4_b_line,57,20261059,-12.9,0,30,0,False
react-restore,delay4_b_line,58,20261060,-15.3,0,30,0,False
react-restore,delay4_b_line,59,20261061,-16.6,0,30,0,False
react-restore,delay4_b_line,60,20261062,-24.1,0,30,0,False
react-restore,delay4_b_line,61,20261063,-12.2,0,30,0,False
react-restore,delay4_b_line,62,20261064,-27.3,0,30,0,False
react-restore,delay4_b_line,63,20261065,-13,0,30,0,False
react-restore,delay4_b_line,64,20261066,-13,0,30,0,False
react-restore,delay4_b_line,65,20261067,-13.2,0,30,0,False
react-restore,delay4_b_line,66,20261068,-13.8,0,30,0,False
react-restore,delay4_b_line,67,20261069,-11.5,0,30,0,False
react-restore,delay4_b_line,68,20261070,-28.3,0,30,0,False
react-restore,delay4_b_line,69,20261071,-11.9,0,30,0,False
react-restore,delay4_b_line,70,20261072,-7.9,0,30,0,False
react-restore,delay4_b_line,71,20261073,-13.1,0,30,0,False
react-restore,delay4_b_line,72,20261074,-12.9,0,30,0,False
react-restore,delay4_b_line,73,20261075,-19.8,0,30,0,False
react-restore,delay4_b_line,74,20261076,-26.2,0,30,0,False
react-restore,delay4_b_line,75,20261077,-13,0,30,0,False
react-restore,delay4_b_line,76,20261078,-19.3,0,30,0,False
react-restore,delay4_b_line,77,20261079,-13.1,0,30,0,False
react-restore,delay4_b_line,78,20261080,-12.8,0,30,0,False
react-restore,delay4_b_line,79,20261081,-12,0,30,0,False
react-restore,delay4_b_line,80,20261082,-13,0,30,0,False
react-restore,delay4_b_line,81,20261083,-13.8,0,30,0,False
react-restore,delay4_b_line,82,20261084,-12,0,30,0,False
react-restore,delay4_b_line,83,20261085,-24.2,0,30,0,False
react-restore,delay4_b_line,84,20261086,-12.7,0,30,0,False
react-restore,delay4_b_line,85,20261087,-42.1,1,30,0.03333333333,True
react-restore,delay4_b_line,86,20261088,-12,0,30,0,False
react-restore,delay4_b_line,87,20261089,-12.9,0,30,0,False
react-restore,delay4_b_line,88,20261090,-23.1,0,30,0,False
react-restore,delay4_b_line,89,20261091,-12.3,0,30,0,False
react-restore,delay4_b_line,90,20261092,-10.3,0,30,0,False
react-restore,delay4_b_line,91,20261093,-12.2,0,30,0,False
react-restore,delay4_b_line,92,20261094,-13,0,30,0,False
react-restore,delay4_b_line,93,20261095,-12.7,0,30,0,False
react-restore,delay4_b_line,94,20261096,-12.8,0,30,0,False
react-restore,delay4_b_line,95,20261097,-12.1,0,30,0,False
react-restore,delay4_b_line,96,20261098,-12.1,0,30,0,False
react-restore,delay4_b_line,97,20261099,-52,2,30,0.06666666667,True
react-restore,delay4_b_line,98,20261100,-20.8,0,30,0,False
react-restore,delay4_b_line,99,20261101,-12.2,0,30,0,False
react-restore,delay5_b_line,0,20261002,-12.2,0,30,0,False
react-restore,delay5_b_line,1,20261003,-11.8,0,30,0,False
react-restore,delay5_b_line,2,20261004,-12.1,0,30,0,False
react-restore,delay5_b_line,3,20261005,-12,0,30,0,False
react-restore,delay5_b_line,4,20261006,-8.9,0,30,0,False
react-restore,delay5_b_line,5,20261007,-12.1,0,30,0,False
react-restore,delay5_b_line,6,20261008,-83,5,30,0.1666666667,True
react-restore,delay5_b_line,7,20261009,-10.6,0,30,0,False
react-restore,delay5_b_line,8,20261010,-10.9,0,30,0,False
react-restore,delay5_b_line,9,20261011,-11.8,0,30,0,False
react-restore,delay5_b_line,10,20261012,-14.9,0,30,0,False
react-restore,delay5_b_line,11,20261013,-11.8,0,30,0,False
react-restore,delay5_b_line,12,20261014,-10,0,30,0,False
react-restore,delay5_b_line,13,20261015,-27.1,0,30,0,False
react-restore,delay5_b_line,14,20261016,-11.9,0,30,0,False
react-restore,delay5_b_line,15,20261017,-11.9,0,30,0,False
react-restore,delay5_b_line,16,20261018,-12,0,30,0,False
react-restore,delay5_b_line,17,20261019,-43.2,1,30,0.03333333333,True
react-restore,delay5_b_line,18,20261020,-14.7,0,30,0,False
react-restore,delay5_b_line,19,20261021,-11.3,0,30,0,False
react-restore,delay5_b_line,20,20261022,-16.9,0,30,0,False
react-restore,delay5_b_line,21,20261023,-11.9,0,30,0,False
react-restore,delay5_b_line,22,20261024,-11.5,0,30,0,False
react-restore,delay5_b_line,23,20261025,-23.9,0,30,0,False
react-restore,delay5_b_line,24,20261026,-46.9,2,30,0.06666666667,True
react-restore,delay5_b_line,25,20261027,-158.2,11,30,0.3666666667,True
react-restore,delay5_b_line,26,20261028,-20.1,0,30,0,False
react-restore,delay5_b_line,27,20261029,-11.1,0,30,0,False
react-restore,delay5_b_line,28,20261030,-158.3,11,30,0.3666666667,True
react-restore,delay5_b_line,29,20261031,-10.1,0,30,0,False
react-restore,delay5_b_line,30,20261032,-26.3,0,30,0,False
react-restore,delay5_b_line,31,20261033,-13.2,0,30,0,False
react-restore,delay5_b_line,32,20261034,-11.9,0,30,0,False
react-restore,delay5_b_line,33,20261035,-13.8,0,30,0,False
react-restore,delay5_b_line,34,20261036,-11.5,0,30,0,False
react-restore,delay5_b_line,35,20261037,-11.2,0,30,0,False
react-restore,delay5_b_line,36,20261038,-12.1,0,30,0,False
react-restore,delay5_b_line,37,20261039,-11.9,0,30,0,False
react-restore,delay5_b_line,38,20261040,-14.4,0,30,0,False
react-restore,delay5_b_line,39,20261041,-12,0,30,0,False
react-restore,delay5_b_line,40,20261042,-21.1,0,30,0,False
react-restore,delay5_b_line,41,20261043,-10.8,0,30,0,False
react-restore,delay5_b_line,42,20261044,-37,1,30,0.03333333333,True
react-restore,delay5_b_line,43,20261045,-11.4,0,30,0,False
react-restore,delay5_b_line,44,20261046,-10.8,0,30,0,False
react-restore,delay5_b_line,45,20261047,-19.7,0,30,0,False
react-restore,delay5_b_line,46,20261048,-9.6,0,30,0,False
react-restore,delay5_b_line,47,20261049,-8.1,0,30,0,False
react-restore,delay5_b_line,48,20261050,-12.9,0,30,0,False
react-restore,delay5_b_line,49,20261051,-12,0,30,0,False
react-restore,delay5_b_line,50,20261052,-62.1,3,30,0.1,True
react-restore,delay5_b_line,51,20261053,-22.2,0,30,0,False
react-restore,delay5_b_line,52,20261054,-24.9,0,30,0,False
react-restore,delay5_b_line,53,20261055,-12,0,30,0,False
react-restore,delay5_b_line,54,20261056,-18.2,0,30,0,False
react-restore,delay5_b_line,55,20261057,-19,0,30,0,False
react-restore,delay5_b_line,56,20261058,-12,0,30,0,False
react-restore,delay5_b_line,57,20261059,-11.9,0,30,0,False
react-restore,delay5_b_line,58,20261060,-14.2,0,30,0,False
react-restore,delay5_b_line,59,20261061,-14.5,0,30,0,False
react-restore,delay5_b_line,60,20261062,-23,0,30,0,False
react-restore,delay5_b_line,61,20261063,-11.1,0,30,0,False
react-restore,delay5_b_line,62,20261064,-26.2,0,30,0,False
react-restore,delay5_b_line,63,20261065,-12,0,30,0,False
react-restore,delay5_b_line,64,20261066,-12,0,30,0,False
react-restore,delay5_b_line,65,20261067,-12.2,0,30,0,False
react-restore,delay5_b_line,66,20261068,-12.8,0,30,0,False
react-restore,delay5_b_line,67,20261069,-11.4,0,30,0,False
react-restore,delay5_b_line,68,20261070,-27.2,0,30,0,False
react-restore,delay5_b_line,69,20261071,-11.8,0,30,0,False
react-restore,delay5_b_line,70,20261072,-7.8,0,30,0,False
react-restore,delay5_b_line,71,20261073,-12.1,0,30,0,False
react-restore,delay5_b_line,72,20261074,-11.9,0,30,0,False
react-restore,delay5_b_line,73,20261075,-17.7,0,30,0,False
react-restore,delay5_b_line,74,20261076,-24.1,0,30,0,False
react-restore,delay5_b_line,75,20261077,-12,0,30,0,False
react-restore,delay5_b_line,76,20261078,-18.2,0,30,0,False
react-restore,delay5_b_line,77,20261079,-12.1,0,30,0,False
react-restore,delay5_b_line,78,20261080,-11.8,0,30,0,False
react-restore,delay5_b_line,79,20261081,-11,0,30,0,False
react-restore,delay5_b_line,80,20261082,-12,0,30,0,False
react-restore,delay5_b_line,81,20261083,-12.7,0,30,0,False
react-restore,delay5_b_line,82,20261084,-11.9,0,30,0,False
react-restore,delay5_b_line,83,20261085,-23.1,0,30,0,False
react-restore,delay5_b_line,84,20261086,-11.7,0,30,0,False
react-restore,delay5_b_line,85,20261087,-29,0,30,0,False
react-restore,delay5_b_line,86,20261088,-11.9,0,30,0,False
react-restore,delay5_b_line,87,20261089,-11.9,0,30,0,False
react-restore,delay5_b_line,88,20261090,-22,0,30,0,False
react-restore,delay5_b_line,89,20261091,-11.2,0,30,0,False
react-restore,delay5_b_line,90,20261092,-10.2,0,30,0,False
react-restore,delay5_b_line,91,20261093,-12.1,0,30,0,False
react-restore,delay5_b_line,92,20261094,-12.9,0,30,0,False
react-restore,delay5_b_line,93,20261095,-11.7,0,30,0,False
react-restore,delay5_b_line,94,20261096,-11.7,0,30,0,False
react-restore,delay5_b_line,95,20261097,-12,0,30,0,False
react-restore,delay5_b_line,96,20261098,-12,0,30,0,False
react-restore,delay5_b_line,97,20261099,-38.9,1,30,0.03333333333,True
react-restore,delay5_b_line,98,20261100,-19.7,0,30,0,False
react-restore,delay5_b_line,99,20261101,-12.1,0,30,0,False
react-restore,delay6_b_line,0,20261002,-12.1,0,30,0,False
react-restore,delay6_b_line,1,20261003,-11.7,0,30,0,False
react-restore,delay6_b_line,2,20261004,-12,0,30,0,False
react-restore,delay6_b_line,3,20261005,-11.9,0,30,0,False
react-restore,delay6_b_line,4,20261006,-8.8,0,30,0,False
react-restore,delay6_b_line,5,20261007,-12,0,30,0,False
react-restore,delay6_b_line,6,20261008,-69.9,4,30,0.1333333333,True
react-restore,delay6_b_line,7,20261009,-10.6,0,30,0,False
react-restore,delay6_b_line,8,20261010,-10.8,0,30,0,False
react-restore,delay6_b_line,9,20261011,-10.7,0,30,0,False
react-restore,delay6_b_line,10,20261012,-13.8,0,30,0,False
react-restore,delay6_b_line,11,20261013,-10.7,0,30,0,False
react-restore,delay6_b_line,12,20261014,-8.9,0,30,0,False
react-restore,delay6_b_line,13,20261015,-25,0,30,0,False
react-restore,delay6_b_line,14,20261016,-11.8,0,30,0,False
react-restore,delay6_b_line,15,20261017,-10.8,0,30,0,False
react-restore,delay6_b_line,16,20261018,-11.9,0,30,0,False
react-restore,delay6_b_line,17,20261019,-30.1,0,30,0,False
react-restore,delay6_b_line,18,20261020,-12.6,0,30,0,False
react-restore,delay6_b_line,19,20261021,-10.2,0,30,0,False
react-restore,delay6_b_line,20,20261022,-14.8,0,30,0,False
react-restore,delay6_b_line,21,20261023,-11.8,0,30,0,False
react-restore,delay6_b_line,22,20261024,-11.5,0,30,0,False
react-restore,delay6_b_line,23,20261025,-21.8,0,30,0,False
react-restore,delay6_b_line,24,20261026,-33.8,1,30,0.03333333333,True
react-restore,delay6_b_line,25,20261027,-145.1,10,30,0.3333333333,True
react-restore,delay6_b_line,26,20261028,-20,0,30,0,False
react-restore,delay6_b_line,27,20261029,-10,0,30,0,False
react-restore,delay6_b_line,28,20261030,-145.2,10,30,0.3333333333,True
react-restore,delay6_b_line,29,20261031,-10,0,30,0,False
react-restore,delay6_b_line,30,20261032,-25.2,0,30,0,False
react-restore,delay6_b_line,31,20261033,-12.1,0,30,0,False
react-restore,delay6_b_line,32,20261034,-11.8,0,30,0,False
react-restore,delay6_b_line,33,20261035,-13.7,0,30,0,False
react-restore,delay6_b_line,34,20261036,-10.4,0,30,0,False
react-restore,delay6_b_line,35,20261037,-10.1,0,30,0,False
react-restore,delay6_b_line,36,20261038,-12,0,30,0,False
react-restore,delay6_b_line,37,20261039,-11.8,0,30,0,False
react-restore,delay6_b_line,38,20261040,-12.3,0,30,0,False
react-restore,delay6_b_line,39,20261041,-11.9,0,30,0,False
react-restore,delay6_b_line,40,20261042,-19,0,30,0,False
react-restore,delay6_b_line,41,20261043,-10.7,0,30,0,False
react-restore,delay6_b_line,42,20261044,-23.9,0,30,0,False
react-restore,delay6_b_line,43,20261045,-10.3,0,30,0,False
react-restore,delay6_b_line,44,20261046,-9.8,0,30,0,False
react-restore,delay6_b_line,45,20261047,-16.6,0,30,0,False
react-restore,delay6_b_line,46,20261048,-8.5,0,30,0,False
react-restore,delay6_b_line,47,20261049,-7,0,30,0,False
react-restore,delay6_b_line,48,20261050,-11.8,0,30,0,False
react-restore,delay6_b_line,49,20261051,-12,0,30,0,False
react-restore,delay6_b_line,50,20261052,-49,2,30,0.06666666667,True
react-restore,delay6_b_line,51,20261053,-20.1,0,30,0,False
react-restore,delay6_b_line,52,20261054,-22.8,0,30,0,False
react-restore,delay6_b_line,53,20261055,-11,0,30,0,False
react-restore,delay6_b_line,54,20261056,-18.1,0,30,0,False
react-restore,delay6_b_line,55,20261057,-16.9,0,30,0,False
react-restore,delay6_b_line,56,20261058,-12,0,30,0,False
react-restore,delay6_b_line,57,20261059,-11.8,0,30,0,False
react-restore,delay6_b_line,58,20261060,-12.1,0,30,0,False
react-restore,delay6_b_line,59,20261061,-13.4,0,30,0,False
react-restore,delay6_b_line,60,20261062,-20.9,0,30,0,False
react-restore,delay6_b_line,61,20261063,-10,0,30,0,False
react-restore,delay6_b_line,62,20261064,-24.1,0,30,0,False
react-restore,delay6_b_line,63,20261065,-11.9,0,30,0,False
react-restore,delay6_b_line,64,20261066,-11.9,0,30,0,False
react-restore,delay6_b_line,65,20261067,-12.1,0,30,0,False
react-restore,delay6_b_line,66,20261068,-12.7,0,30,0,False
react-restore,delay6_b_line,67,20261069,-10.3,0,30,0,False
react-restore,delay6_b_line,68,20261070,-25.1,0,30,0,False
react-restore,delay6_b_line,69,20261071,-10.7,0,30,0,False
react-restore,delay6_b_line,70,20261072,-7.7,0,30,0,False
react-restore,delay6_b_line,71,20261073,-12,0,30,0,False
react-restore,delay6_b_line,72,20261074,-11.8,0,30,0,False
react-restore,delay6_b_line,73,20261075,-15.6,0,30,0,False
react-restore,delay6_b_line,74,20261076,-23,0,30,0,False
react-restore,delay6_b_line,75,20261077,-12,0,30,0,False
react-restore,delay6_b_line,76,20261078,-18.1,0,30,0,False
react-restore,delay6_b_line,77,20261079,-12,0,30,0,False
react-restore,delay6_b_line,78,20261080,-11.8,0,30,0,False
react-restore,delay6_b_line,79,20261081,-10.9,0,30,0,False
react-restore,delay6_b_line,80,20261082,-11.9,0,30,0,False
react-restore,delay6_b_line,81,20261083,-11.6,0,30,0,False
react-restore,delay6_b_line,82,20261084,-11.9,0,30,0,False
react-restore,delay6_b_line,83,20261085,-21,0,30,0,False
react-restore,delay6_b_line,84,20261086,-11.6,0,30,0,False
react-restore,delay6_b_line,85,20261087,-25.9,0,30,0,False
react-restore,delay6_b_line,86,20261088,-11.9,0,30,0,False
react-restore,delay6_b_line,87,20261089,-11.9,0,30,0,False
react-restore,delay6_b_line,88,20261090,-19.9,0,30,0,False
react-restore,delay6_b_line,89,20261091,-10.1,0,30,0,False
react-restore,delay6_b_line,90,20261092,-10.1,0,30,0,False
react-restore,delay6_b_line,91,20261093,-12.1,0,30,0,False
react-restore,delay6_b_line,92,20261094,-11.8,0,30,0,False
react-restore,delay6_b_line,93,20261095,-11.6,0,30,0,False
react-restore,delay6_b_line,94,20261096,-10.6,0,30,0,False
react-restore,delay6_b_line,95,20261097,-12,0,30,0,False
react-restore,delay6_b_line,96,20261098,-12,0,30,0,False
react-restore,delay6_b_line,97,20261099,-25.8,0,30,0,False
react-restore,delay6_b_line,98,20261100,-17.6,0,30,0,False
react-restore,delay6_b_line,99,20261101,-11,0,30,0,False
react-restore,delay7_b_line,0,20261002,-11.1,0,30,0,False
react-restore,delay7_b_line,1,20261003,-10.7,0,30,0,False
react-restore,delay7_b_line,2,20261004,-11,0,30,0,False
react-restore,delay7_b_line,3,20261005,-10.9,0,30,0,False
react-restore,delay7_b_line,4,20261006,-8.7,0,30,0,False
react-restore,delay7_b_line,5,20261007,-11,0,30,0,False
react-restore,delay7_b_line,6,20261008,-56.8,3,30,0.1,True
react-restore,delay7_b_line,7,20261009,-9.6,0,30,0,False
react-restore,delay7_b_line,8,20261010,-10.7,0,30,0,False
react-restore,delay7_b_line,9,20261011,-10.6,0,30,0,False
react-restore,delay7_b_line,10,20261012,-12.7,0,30,0,False
react-restore,delay7_b_line,11,20261013,-9.6,0,30,0,False
react-restore,delay7_b_line,12,20261014,-8.8,0,30,0,False
react-restore,delay7_b_line,13,20261015,-23.9,0,30,0,False
react-restore,delay7_b_line,14,20261016,-10.8,0,30,0,False
react-restore,delay7_b_line,15,20261017,-10.7,0,30,0,False
react-restore,delay7_b_line,16,20261018,-10.9,0,30,0,False
react-restore,delay7_b_line,17,20261019,-27,0,30,0,False
react-restore,delay7_b_line,18,20261020,-11.5,0,30,0,False
react-restore,delay7_b_line,19,20261021,-10.1,0,30,0,False
react-restore,delay7_b_line,20,20261022,-13.7,0,30,0,False
react-restore,delay7_b_line,21,20261023,-10.8,0,30,0,False
react-restore,delay7_b_line,22,20261024,-10.5,0,30,0,False
react-restore,delay7_b_line,23,20261025,-20.7,0,30,0,False
react-restore,delay7_b_line,24,20261026,-20.7,0,30,0,False
react-restore,delay7_b_line,25,20261027,-132,9,30,0.3,True
react-restore,delay7_b_line,26,20261028,-18.9,0,30,0,False
react-restore,delay7_b_line,27,20261029,-9.9,0,30,0,False
react-restore,delay7_b_line,28,20261030,-132.1,9,30,0.3,True
react-restore,delay7_b_line,29,20261031,-9,0,30,0,False
react-restore,delay7_b_line,30,20261032,-23.1,0,30,0,False
react-restore,delay7_b_line,31,20261033,-12,0,30,0,False
react-restore,delay7_b_line,32,20261034,-10.8,0,30,0,False
react-restore,delay7_b_line,33,20261035,-12.6,0,30,0,False
react-restore,delay7_b_line,34,20261036,-10.3,0,30,0,False
react-restore,delay7_b_line,35,20261037,-10,0,30,0,False
react-restore,delay7_b_line,36,20261038,-11,0,30,0,False
react-restore,delay7_b_line,37,20261039,-10.8,0,30,0,False
react-restore,delay7_b_line,38,20261040,-11.2,0,30,0,False
react-restore,delay7_b_line,39,20261041,-10.9,0,30,0,False
react-restore,delay7_b_line,40,20261042,-17.9,0,30,0,False
react-restore,delay7_b_line,41,20261043,-10.7,0,30,0,False
react-restore,delay7_b_line,42,20261044,-20.8,0,30,0,False
react-restore,delay7_b_line,43,20261045,-9.2,0,30,0,False
react-restore,delay7_b_line,44,20261046,-9.7,0,30,0,False
react-restore,delay7_b_line,45,20261047,-14.5,0,30,0,False
react-restore,delay7_b_line,46,20261048,-8.4,0,30,0,False
react-restore,delay7_b_line,47,20261049,-6.9,0,30,0,False
react-restore,delay7_b_line,48,20261050,-11.7,0,30,0,False
react-restore,delay7_b_line,49,20261051,-11,0,30,0,False
react-restore,delay7_b_line,50,20261052,-35.9,1,30,0.03333333333,True
react-restore,delay7_b_line,51,20261053,-19,0,30,0,False
react-restore,delay7_b_line,52,20261054,-21.7,0,30,0,False
react-restore,delay7_b_line,53,20261055,-10.9,0,30,0,False
react-restore,delay7_b_line,54,20261056,-17,0,30,0,False
react-restore,delay7_b_line,55,20261057,-15.8,0,30,0,False
react-restore,delay7_b_line,56,20261058,-11,0,30,0,False
react-restore,delay7_b_line,57,20261059,-10.8,0,30,0,False
react-restore,delay7_b_line,58,20261060,-10,0,30,0,False
react-restore,delay7_b_line,59,20261061,-11.3,0,30,0,False
react-restore,delay7_b_line,60,20261062,-19.8,0,30,0,False
react-restore,delay7_b_line,61,20261063,-9.9,0,30,0,False
react-restore,delay7_b_line,62,20261064,-23,0,30,0,False
react-restore,delay7_b_line,63,20261065,-10.9,0,30,0,False
react-restore,delay7_b_line,64,20261066,-10.9,0,30,0,False
react-restore,delay7_b_line,65,20261067,-11.1,0,30,0,False
react-restore,delay7_b_line,66,20261068,-11.7,0,30,0,False
react-restore,delay7_b_line,67,20261069,-10.2,0,30,0,False
react-restore,delay7_b_line,68,20261070,-24,0,30,0,False
react-restore,delay7_b_line,69,20261071,-10.6,0,30,0,False
react-restore,delay7_b_line,70,20261072,-7.6,0,30,0,False
react-restore,delay7_b_line,71,20261073,-11,0,30,0,False
react-restore,delay7_b_line,72,20261074,-10.8,0,30,0,False
react-restore,delay7_b_line,73,20261075,-14.5,0,30,0,False
react-restore,delay7_b_line,74,20261076,-20.9,0,30,0,False
react-restore,delay7_b_line,75,20261077,-11,0,30,0,False
react-restore,delay7_b_line,76,20261078,-17,0,30,0,False
react-restore,delay7_b_line,77,20261079,-11,0,30,0,False
react-restore,delay7_b_line,78,20261080,-10.8,0,30,0,False
react-restore,delay7_b_line,79,20261081,-9.9,0,30,0,False
react-restore,delay7_b_line,80,20261082,-10.9,0,30,0,False
react-restore,delay7_b_line,81,20261083,-10.5,0,30,0,False
react-restore,delay7_b_line,82,20261084,-10.9,0,30,0,False
react-restore,delay7_b_line,83,20261085,-19.9,0,30,0,False
react-restore,delay7_b_line,84,20261086,-10.6,0,30,0,False
react-restore,delay7_b_line,85,20261087,-23.8,0,30,0,False
react-restore,delay7_b_line,86,20261088,-10.9,0,30,0,False
react-restore,delay7_b_line,87,20261089,-10.9,0,30,0,False
react-restore,delay7_b_line,88,20261090,-18.8,0,30,0,False
react-restore,delay7_b_line,89,20261091,-9,0,30,0,False
react-restore,delay7_b_line,90,20261092,-10,0,30,0,False
react-restore,delay7_b_line,91,20261093,-11.1,0,30,0,False
react-restore,delay7_b_line,92,20261094,-11.7,0,30,0,False
react-restore,delay7_b_line,93,20261095,-10.6,0,30,0,False
react-restore,delay7_b_line,94,20261096,-10.5,0,30,0,False
react-restore,delay7_b_line,95,20261097,-11,0,30,0,False
react-restore,delay7_b_line,96,20261098,-11,0,30,0,False
react-restore,delay7_b_line,97,20261099,-22.7,0,30,0,False
react-restore,delay7_b_line,98,20261100,-15.5,0,30,0,False
react-restore,delay7_b_line,99,20261101,-10.9,0,30,0,False
react-restore,delay8_b_line,0,20261002,-11,0,30,0,False
react-restore,delay8_b_line,1,20261003,-10.6,0,30,0,False
react-restore,delay8_b_line,2,20261004,-10.9,0,30,0,False
react-restore,delay8_b_line,3,20261005,-10.8,0,30,0,False
react-restore,delay8_b_line,4,20261006,-7.6,0,30,0,False
react-restore,delay8_b_line,5,20261007,-10.9,0,30,0,False
react-restore,delay8_b_line,6,20261008,-43.7,2,30,0.06666666667,True
react-restore,delay8_b_line,7,20261009,-9.5,0,30,0,False
react-restore,delay8_b_line,8,20261010,-10.7,0,30,0,False
react-restore,delay8_b_line,9,20261011,-9.5,0,30,0,False
react-restore,delay8_b_line,10,20261012,-12.6,0,30,0,False
react-restore,delay8_b_line,11,20261013,-8.5,0,30,0,False
react-restore,delay8_b_line,12,20261014,-7.7,0,30,0,False
react-restore,delay8_b_line,13,20261015,-21.8,0,30,0,False
react-restore,delay8_b_line,14,20261016,-10.7,0,30,0,False
react-restore,delay8_b_line,15,20261017,-9.6,0,30,0,False
react-restore,delay8_b_line,16,20261018,-10.8,0,30,0,False
react-restore,delay8_b_line,17,20261019,-24.9,0,30,0,False
react-restore,delay8_b_line,18,20261020,-10.4,0,30,0,False
react-restore,delay8_b_line,19,20261021,-10,0,30,0,False
react-restore,delay8_b_line,20,20261022,-12.6,0,30,0,False
react-restore,delay8_b_line,21,20261023,-10.7,0,30,0,False
react-restore,delay8_b_line,22,20261024,-10.4,0,30,0,False
react-restore,delay8_b_line,23,20261025,-18.6,0,30,0,False
react-restore,delay8_b_line,24,20261026,-17.6,0,30,0,False
react-restore,delay8_b_line,25,20261027,-118.9,8,30,0.2666666667,True
react-restore,delay8_b_line,26,20261028,-18.8,0,30,0,False
react-restore,delay8_b_line,27,20261029,-9.8,0,30,0,False
react-restore,delay8_b_line,28,20261030,-119,8,30,0.2666666667,True
react-restore,delay8_b_line,29,20261031,-8.9,0,30,0,False
react-restore,delay8_b_line,30,20261032,-22,0,30,0,False
react-restore,delay8_b_line,31,20261033,-10.9,0,30,0,False
react-restore,delay8_b_line,32,20261034,-10.7,0,30,0,False
react-restore,delay8_b_line,33,20261035,-12.5,0,30,0,False
react-restore,delay8_b_line,34,20261036,-9.2,0,30,0,False
react-restore,delay8_b_line,35,20261037,-9.9,0,30,0,False
react-restore,delay8_b_line,36,20261038,-10.9,0,30,0,False
react-restore,delay8_b_line,37,20261039,-10.7,0,30,0,False
react-restore,delay8_b_line,38,20261040,-10.1,0,30,0,False
react-restore,delay8_b_line,39,20261041,-10.8,0,30,0,False
react-restore,delay8_b_line,40,20261042,-15.8,0,30,0,False
react-restore,delay8_b_line,41,20261043,-9.7,0,30,0,False
react-restore,delay8_b_line,42,20261044,-18.7,0,30,0,False
react-restore,delay8_b_line,43,20261045,-9.1,0,30,0,False
react-restore,delay8_b_line,44,20261046,-8.7,0,30,0,False
react-restore,delay8_b_line,45,20261047,-12.4,0,30,0,False
react-restore,delay8_b_line,46,20261048,-8.3,0,30,0,False
react-restore,delay8_b_line,47,20261049,-5.8,0,30,0,False
react-restore,delay8_b_line,48,20261050,-10.6,0,30,0,False
react-restore,delay8_b_line,49,20261051,-10.9,0,30,0,False
react-restore,delay8_b_line,50,20261052,-22.8,0,30,0,False
react-restore,delay8_b_line,51,20261053,-16.9,0,30,0,False
react-restore,delay8_b_line,52,20261054,-19.6,0,30,0,False
react-restore,delay8_b_line,53,20261055,-9.9,0,30,0,False
react-restore,delay8_b_line,54,20261056,-16.9,0,30,0,False
react-restore,delay8_b_line,55,20261057,-13.7,0,30,0,False
react-restore,delay8_b_line,56,20261058,-10.9,0,30,0,False
react-restore,delay8_b_line,57,20261059,-10.7,0,30,0,False
react-restore,delay8_b_line,58,20261060,-8.9,0,30,0,False
react-restore,delay8_b_line,59,20261061,-10.2,0,30,0,False
react-restore,delay8_b_line,60,20261062,-17.7,0,30,0,False
react-restore,delay8_b_line,61,20261063,-8.8,0,30,0,False
react-restore,delay8_b_line,62,20261064,-20.9,0,30,0,False
react-restore,delay8_b_line,63,20261065,-10.8,0,30,0,False
react-restore,delay8_b_line,64,20261066,-10.8,0,30,0,False
react-restore,delay8_b_line,65,20261067,-11,0,30,0,False
react-restore,delay8_b_line,66,20261068,-11.6,0,30,0,False
react-restore,delay8_b_line,67,20261069,-9.1,0,30,0,False
react-restore,delay8_b_line,68,20261070,-21.9,0,30,0,False
react-restore,delay8_b_line,69,20261071,-9.5,0,30,0,False
react-restore,delay8_b_line,70,20261072,-7.6,0,30,0,False
react-restore,delay8_b_line,71,20261073,-10.9,0,30,0,False
react-restore,delay8_b_line,72,20261074,-10.7,0,30,0,False
react-restore,delay8_b_line,73,20261075,-12.4,0,30,0,False
react-restore,delay8_b_line,74,20261076,-19.8,0,30,0,False
react-restore,delay8_b_line,75,20261077,-10.9,0,30,0,False
react-restore,delay8_b_line,76,20261078,-15.9,0,30,0,False
react-restore,delay8_b_line,77,20261079,-10.9,0,30,0,False
react-restore,delay8_b_line,78,20261080,-10.8,0,30,0,False
react-restore,delay8_b_line,79,20261081,-9.8,0,30,0,False
react-restore,delay8_b_line,80,20261082,-10.8,0,30,0,False
react-restore,delay8_b_line,81,20261083,-9.4,0,30,0,False
react-restore,delay8_b_line,82,20261084,-10.8,0,30,0,False
react-restore,delay8_b_line,83,20261085,-17.8,0,30,0,False
react-restore,delay8_b_line,84,20261086,-10.6,0,30,0,False
react-restore,delay8_b_line,85,20261087,-21.7,0,30,0,False
react-restore,delay8_b_line,86,20261088,-10.8,0,30,0,False
react-restore,delay8_b_line,87,20261089,-10.8,0,30,0,False
react-restore,delay8_b_line,88,20261090,-16.7,0,30,0,False
react-restore,delay8_b_line,89,20261091,-8.9,0,30,0,False
react-restore,delay8_b_line,90,20261092,-9.9,0,30,0,False
react-restore,delay8_b_line,91,20261093,-11,0,30,0,False
react-restore,delay8_b_line,92,20261094,-10.6,0,30,0,False
react-restore,delay8_b_line,93,20261095,-10.5,0,30,0,False
react-restore,delay8_b_line,94,20261096,-9.4,0,30,0,False
react-restore,delay8_b_line,95,20261097,-10.9,0,30,0,False
react-restore,delay8_b_line,96,20261098,-10.9,0,30,0,False
react-restore,delay8_b_line,97,20261099,-20.6,0,30,0,False
react-restore,delay8_b_line,98,20261100,-13.4,0,30,0,False
react-restore,delay8_b_line,99,20261101,-9.8,0,30,0,False
react-restore,delay9_b_line,0,20261002,-10,0,30,0,False
react-restore,delay9_b_line,1,20261003,-9.6,0,30,0,False
react-restore,delay9_b_line,2,20261004,-9.9,0,30,0,False
react-restore,delay9_b_line,3,20261005,-9.8,0,30,0,False
react-restore,delay9_b_line,4,20261006,-7.5,0,30,0,False
react-restore,delay9_b_line,5,20261007,-9.9,0,30,0,False
react-restore,delay9_b_line,6,20261008,-30.6,1,30,0.03333333333,True
react-restore,delay9_b_line,7,20261009,-9.4,0,30,0,False
react-restore,delay9_b_line,8,20261010,-9.7,0,30,0,False
react-restore,delay9_b_line,9,20261011,-9.4,0,30,0,False
react-restore,delay9_b_line,10,20261012,-11.5,0,30,0,False
react-restore,delay9_b_line,11,20261013,-7.4,0,30,0,False
react-restore,delay9_b_line,12,20261014,-7.6,0,30,0,False
react-restore,delay9_b_line,13,20261015,-20.7,0,30,0,False
react-restore,delay9_b_line,14,20261016,-9.7,0,30,0,False
react-restore,delay9_b_line,15,20261017,-9.5,0,30,0,False
react-restore,delay9_b_line,16,20261018,-9.8,0,30,0,False
react-restore,delay9_b_line,17,20261019,-22.8,0,30,0,False
react-restore,delay9_b_line,18,20261020,-9.3,0,30,0,False
react-restore,delay9_b_line,19,20261021,-9.9,0,30,0,False
react-restore,delay9_b_line,20,20261022,-11.5,0,30,0,False
react-restore,delay9_b_line,21,20261023,-9.7,0,30,0,False
react-restore,delay9_b_line,22,20261024,-9.4,0,30,0,False
react-restore,delay9_b_line,23,20261025,-17.5,0,30,0,False
react-restore,delay9_b_line,24,20261026,-15.5,0,30,0,False
react-restore,delay9_b_line,25,20261027,-105.8,7,30,0.2333333333,True
react-restore,delay9_b_line,26,20261028,-17.7,0,30,0,False
react-restore,delay9_b_line,27,20261029,-9.7,0,30,0,False
react-restore,delay9_b_line,28,20261030,-105.9,7,30,0.2333333333,True
react-restore,delay9_b_line,29,20261031,-8.8,0,30,0,False
react-restore,delay9_b_line,30,20261032,-19.9,0,30,0,False
react-restore,delay9_b_line,31,20261033,-10.8,0,30,0,False
react-restore,delay9_b_line,32,20261034,-9.7,0,30,0,False
react-restore,delay9_b_line,33,20261035,-11.4,0,30,0,False
react-restore,delay9_b_line,34,20261036,-9.1,0,30,0,False
react-restore,delay9_b_line,35,20261037,-9.8,0,30,0,False
react-restore,delay9_b_line,36,20261038,-9.9,0,30,0,False
react-restore,delay9_b_line,37,20261039,-9.7,0,30,0,False
react-restore,delay9_b_line,38,20261040,-9,0,30,0,False
react-restore,delay9_b_line,39,20261041,-9.8,0,30,0,False
react-restore,delay9_b_line,40,20261042,-14.7,0,30,0,False
react-restore,delay9_b_line,41,20261043,-9.7,0,30,0,False
react-restore,delay9_b_line,42,20261044,-16.6,0,30,0,False
react-restore,delay9_b_line,43,20261045,-9,0,30,0,False
react-restore,delay9_b_line,44,20261046,-8.7,0,30,0,False
react-restore,delay9_b_line,45,20261047,-10.3,0,30,0,False
react-restore,delay9_b_line,46,20261048,-8.2,0,30,0,False
react-restore,delay9_b_line,47,20261049,-5.7,0,30,0,False
react-restore,delay9_b_line,48,20261050,-10.5,0,30,0,False
react-restore,delay9_b_line,49,20261051,-9.9,0,30,0,False
react-restore,delay9_b_line,50,20261052,-19.7,0,30,0,False
react-restore,delay9_b_line,51,20261053,-15.8,0,30,0,False
react-restore,delay9_b_line,52,20261054,-18.5,0,30,0,False
react-restore,delay9_b_line,53,20261055,-9.8,0,30,0,False
react-restore,delay9_b_line,54,20261056,-15.8,0,30,0,False
react-restore,delay9_b_line,55,20261057,-12.6,0,30,0,False
react-restore,delay9_b_line,56,20261058,-9.9,0,30,0,False
react-restore,delay9_b_line,57,20261059,-9.7,0,30,0,False
react-restore,delay9_b_line,58,20261060,-7.8,0,30,0,False
react-restore,delay9_b_line,59,20261061,-9.1,0,30,0,False
react-restore,delay9_b_line,60,20261062,-16.6,0,30,0,False
react-restore,delay9_b_line,61,20261063,-8.7,0,30,0,False
react-restore,delay9_b_line,62,20261064,-19.8,0,30,0,False
react-restore,delay9_b_line,63,20261065,-9.8,0,30,0,False
react-restore,delay9_b_line,64,20261066,-9.8,0,30,0,False
react-restore,delay9_b_line,65,20261067,-10,0,30,0,False
react-restore,delay9_b_line,66,20261068,-10.6,0,30,0,False
react-restore,delay9_b_line,67,20261069,-9,0,30,0,False
react-restore,delay9_b_line,68,20261070,-20.8,0,30,0,False
react-restore,delay9_b_line,69,20261071,-9.4,0,30,0,False
react-restore,delay9_b_line,70,20261072,-6.6,0,30,0,False
react-restore,delay9_b_line,71,20261073,-9.9,0,30,0,False
react-restore,delay9_b_line,72,20261074,-9.7,0,30,0,False
react-restore,delay9_b_line,73,20261075,-10.3,0,30,0,False
react-restore,delay9_b_line,74,20261076,-17.7,0,30,0,False
react-restore,delay9_b_line,75,20261077,-9.9,0,30,0,False
react-restore,delay9_b_line,76,20261078,-14.8,0,30,0,False
react-restore,delay9_b_line,77,20261079,-9.9,0,30,0,False
react-restore,delay9_b_line,78,20261080,-9.8,0,30,0,False
react-restore,delay9_b_line,79,20261081,-9.8,0,30,0,False
react-restore,delay9_b_line,80,20261082,-9.8,0,30,0,False
react-restore,delay9_b_line,81,20261083,-9.3,0,30,0,False
react-restore,delay9_b_line,82,20261084,-9.8,0,30,0,False
react-restore,delay9_b_line,83,20261085,-16.7,0,30,0,False
react-restore,delay9_b_line,84,20261086,-9.6,0,30,0,False
react-restore,delay9_b_line,85,20261087,-19.6,0,30,0,False
react-restore,delay9_b_line,86,20261088,-9.8,0,30,0,False
react-restore,delay9_b_line,87,20261089,-9.8,0,30,0,False
react-restore,delay9_b_line,88,20261090,-15.6,0,30,0,False
react-restore,delay9_b_line,89,20261091,-8.8,0,30,0,False
react-restore,delay9_b_line,90,20261092,-8.9,0,30,0,False
react-restore,delay9_b_line,91,20261093,-10,0,30,0,False
react-restore,delay9_b_line,92,20261094,-10.5,0,30,0,False
react-restore,delay9_b_line,93,20261095,-9.5,0,30,0,False
react-restore,delay9_b_line,94,20261096,-9.3,0,30,0,False
react-restore,delay9_b_line,95,20261097,-9.9,0,30,0,False
react-restore,delay9_b_line,96,20261098,-9.9,0,30,0,False
react-restore,delay9_b_line,97,20261099,-18.5,0,30,0,False
react-restore,delay9_b_line,98,20261100,-12.3,0,30,0,False
react-restore,delay9_b_line,99,20261101,-9.7,0,30,0,False
react-restore,delay10_b_line,0,20261002,-9.9,0,30,0,False
react-restore,delay10_b_line,1,20261003,-9.5,0,30,0,False
react-restore,delay10_b_line,2,20261004,-9.8,0,30,0,False
react-restore,delay10_b_line,3,20261005,-9.7,0,30,0,False
react-restore,delay10_b_line,4,20261006,-6.4,0,30,0,False
react-restore,delay10_b_line,5,20261007,-9.8,0,30,0,False
react-restore,delay10_b_line,6,20261008,-17.5,0,30,0,False
react-restore,delay10_b_line,7,20261009,-8.3,0,30,0,False
react-restore,delay10_b_line,8,20261010,-9.6,0,30,0,False
react-restore,delay10_b_line,9,20261011,-8.3,0,30,0,False
react-restore,delay10_b_line,10,20261012,-11.4,0,30,0,False
react-restore,delay10_b_line,11,20261013,-6.3,0,30,0,False
react-restore,delay10_b_line,12,20261014,-6.5,0,30,0,False
react-restore,delay10_b_line,13,20261015,-18.6,0,30,0,False
react-restore,delay10_b_line,14,20261016,-9.6,0,30,0,False
react-restore,delay10_b_line,15,20261017,-8.4,0,30,0,False
react-restore,delay10_b_line,16,20261018,-9.7,0,30,0,False
react-restore,delay10_b_line,17,20261019,-20.7,0,30,0,False
react-restore,delay10_b_line,18,20261020,-8.2,0,30,0,False
react-restore,delay10_b_line,19,20261021,-9.8,0,30,0,False
react-restore,delay10_b_line,20,20261022,-10.4,0,30,0,False
react-restore,delay10_b_line,21,20261023,-9.7,0,30,0,False
react-restore,delay10_b_line,22,20261024,-9.4,0,30,0,False
react-restore,delay10_b_line,23,20261025,-15.4,0,30,0,False
react-restore,delay10_b_line,24,20261026,-13.4,0,30,0,False
react-restore,delay10_b_line,25,20261027,-92.7,6,30,0.2,True
react-restore,delay10_b_line,26,20261028,-16.6,0,30,0,False
react-restore,delay10_b_line,27,20261029,-9.7,0,30,0,False
react-restore,delay10_b_line,28,20261030,-92.8,6,30,0.2,True
react-restore,delay10_b_line,29,20261031,-8.7,0,30,0,False
react-restore,delay10_b_line,30,20261032,-18.8,0,30,0,False
react-restore,delay10_b_line,31,20261033,-9.7,0,30,0,False
react-restore,delay10_b_line,32,20261034,-9.7,0,30,0,False
react-restore,delay10_b_line,33,20261035,-10.3,0,30,0,False
react-restore,delay10_b_line,34,20261036,-8,0,30,0,False
react-restore,delay10_b_line,35,20261037,-9.7,0,30,0,False
react-restore,delay10_b_line,36,20261038,-9.8,0,30,0,False
react-restore,delay10_b_line,37,20261039,-9.6,0,30,0,False
react-restore,delay10_b_line,38,20261040,-7.9,0,30,0,False
react-restore,delay10_b_line,39,20261041,-9.7,0,30,0,False
react-restore,delay10_b_line,40,20261042,-12.6,0,30,0,False
react-restore,delay10_b_line,41,20261043,-8.7,0,30,0,False
react-restore,delay10_b_line,42,20261044,-14.5,0,30,0,False
react-restore,delay10_b_line,43,20261045,-8.9,0,30,0,False
react-restore,delay10_b_line,44,20261046,-7.7,0,30,0,False
react-restore,delay10_b_line,45,20261047,-9.2,0,30,0,False
react-restore,delay10_b_line,46,20261048,-8.2,0,30,0,False
react-restore,delay10_b_line,47,20261049,-5.6,0,30,0,False
react-restore,delay10_b_line,48,20261050,-9.4,0,30,0,False
react-restore,delay10_b_line,49,20261051,-9.8,0,30,0,False
react-restore,delay10_b_line,50,20261052,-17.6,0,30,0,False
react-restore,delay10_b_line,51,20261053,-13.7,0,30,0,False
react-restore,delay10_b_line,52,20261054,-16.4,0,30,0,False
react-restore,delay10_b_line,53,20261055,-8.8,0,30,0,False
react-restore,delay10_b_line,54,20261056,-15.7,0,30,0,False
react-restore,delay10_b_line,55,20261057,-10.5,0,30,0,False
react-restore,delay10_b_line,56,20261058,-9.8,0,30,0,False
react-restore,delay10_b_line,57,20261059,-9.6,0,30,0,False
react-restore,delay10_b_line,58,20261060,-6.7,0,30,0,False
react-restore,delay10_b_line,59,20261061,-8,0,30,0,False
react-restore,delay10_b_line,60,20261062,-14.5,0,30,0,False
react-restore,delay10_b_line,61,20261063,-7.6,0,30,0,False
react-restore,delay10_b_line,62,20261064,-17.7,0,30,0,False
react-restore,delay10_b_line,63,20261065,-9.8,0,30,0,False
react-restore,delay10_b_line,64,20261066,-9.7,0,30,0,False
react-restore,delay10_b_line,65,20261067,-9.9,0,30,0,False
react-restore,delay10_b_line,66,20261068,-10.5,0,30,0,False
react-restore,delay10_b_line,67,20261069,-7.9,0,30,0,False
react-restore,delay10_b_line,68,20261070,-18.7,0,30,0,False
react-restore,delay10_b_line,69,20261071,-8.3,0,30,0,False
react-restore,delay10_b_line,70,20261072,-6.5,0,30,0,False
react-restore,delay10_b_line,71,20261073,-9.8,0,30,0,False
react-restore,delay10_b_line,72,20261074,-9.6,0,30,0,False
react-restore,delay10_b_line,73,20261075,-9.2,0,30,0,False
react-restore,delay10_b_line,74,20261076,-16.6,0,30,0,False
react-restore,delay10_b_line,75,20261077,-9.8,0,30,0,False
react-restore,delay10_b_line,76,20261078,-12.7,0,30,0,False
react-restore,delay10_b_line,77,20261079,-9.8,0,30,0,False
react-restore,delay10_b_line,78,20261080,-9.7,0,30,0,False
react-restore,delay10_b_line,79,20261081,-8.8,0,30,0,False
react-restore,delay10_b_line,80,20261082,-9.8,0,30,0,False
react-restore,delay10_b_line,81,20261083,-8.2,0,30,0,False
react-restore,delay10_b_line,82,20261084,-9.7,0,30,0,False
react-restore,delay10_b_line,83,20261085,-14.6,0,30,0,False
react-restore,delay10_b_line,84,20261086,-9.5,0,30,0,False
react-restore,delay10_b_line,85,20261087,-18.5,0,30,0,False
react-restore,delay10_b_line,86,20261088,-9.7,0,30,0,False
react-restore,delay10_b_line,87,20261089,-9.7,0,30,0,False
react-restore,delay10_b_line,88,20261090,-13.5,0,30,0,False
react-restore,delay10_b_line,89,20261091,-8.7,0,30,0,False
react-restore,delay10_b_line,90,20261092,-8.8,0,30,0,False
react-restore,delay10_b_line,91,20261093,-9.9,0,30,0,False
react-restore,delay10_b_line,92,20261094,-9.4,0,30,0,False
react-restore,delay10_b_line,93,20261095,-9.4,0,30,0,False
react-restore,delay10_b_line,94,20261096,-8.2,0,30,0,False
react-restore,delay10_b_line,95,20261097,-9.8,0,30,0,False
react-restore,delay10_b_line,96,20261098,-9.8,0,30,0,False
react-restore,delay10_b_line,97,20261099,-16.4,0,30,0,False
react-restore,delay10_b_line,98,20261100,-10.2,0,30,0,False
react-restore,delay10_b_line,99,20261101,-8.6,0,30,0,False
react-restore,delay3_meander,0,20261002,-9.8,0,30,0,False
react-restore,delay3_meander,1,20261003,-9.8,0,30,0,False
react-restore,delay3_meander,2,20261004,-9.4,0,30,0,False
react-restore,delay3_meander,3,20261005,-10.4,0,30,0,False
react-restore,delay3_meander,4,20261006,-9.9,0,30,0,False
react-restore,delay3_meander,5,20261007,-9.2,0,30,0,False
react-restore,delay3_meander,6,20261008,-9.7,0,30,0,False
react-restore,delay3_meander,7,20261009,-9.9,0,30,0,False
react-restore,delay3_meander,8,20261010,-9,0,30,0,False
react-restore,delay3_meander,9,20261011,-8.6,0,30,0,False
react-restore,delay3_meander,10,20261012,-20.9,0,30,0,False
react-restore,delay3_meander,11,20261013,-8.3,0,30,0,False
react-restore,delay3_meander,12,20261014,-9.8,0,30,0,False
react-restore,delay3_meander,13,20261015,-7.9,0,30,0,False
react-restore,delay3_meander,14,20261016,-10.5,0,30,0,False
react-restore,delay3_meander,15,20261017,-10.1,0,30,0,False
react-restore,delay3_meander,16,20261018,-13,0,30,0,False
react-restore,delay3_meander,17,20261019,-15.8,0,30,0,False
react-restore,delay3_meander,18,20261020,-10,0,30,0,False
react-restore,delay3_meander,19,20261021,-7.6,0,30,0,False
react-restore,delay3_meander,20,20261022,-9.6,0,30,0,False
react-restore,delay3_meander,21,20261023,-10.5,0,30,0,False
react-restore,delay3_meander,22,20261024,-16.1,0,30,0,False
react-restore,delay3_meander,23,20261025,-10.9,0,30,0,False
react-restore,delay3_meander,24,20261026,-15.9,0,30,0,False
react-restore,delay3_meander,25,20261027,-9.7,0,30,0,False
react-restore,delay3_meander,26,20261028,-9.8,0,30,0,False
react-restore,delay3_meander,27,20261029,-9.8,0,30,0,False
react-restore,delay3_meander,28,20261030,-9.9,0,30,0,False
react-restore,delay3_meander,29,20261031,-8.9,0,30,0,False
react-restore,delay3_meander,30,20261032,-17,0,30,0,False
react-restore,delay3_meander,31,20261033,-8.7,0,30,0,False
react-restore,delay3_meander,32,20261034,-9.3,0,30,0,False
react-restore,delay3_meander,33,20261035,-8.8,0,30,0,False
react-restore,delay3_meander,34,20261036,-13,0,30,0,False
react-restore,delay3_meander,35,20261037,-9.3,0,30,0,False
react-restore,delay3_meander,36,20261038,-9.7,0,30,0,False
react-restore,delay3_meander,37,20261039,-9.1,0,30,0,False
react-restore,delay3_meander,38,20261040,-8.4,0,30,0,False
react-restore,delay3_meander,39,20261041,-9.7,0,30,0,False
react-restore,delay3_meander,40,20261042,-9.8,0,30,0,False
react-restore,delay3_meander,41,20261043,-13.9,0,30,0,False
react-restore,delay3_meander,42,20261044,-13.1,0,30,0,False
react-restore,delay3_meander,43,20261045,-10.2,0,30,0,False
react-restore,delay3_meander,44,20261046,-9.7,0,30,0,False
react-restore,delay3_meander,45,20261047,-9.8,0,30,0,False
react-restore,delay3_meander,46,20261048,-18.2,0,30,0,False
react-restore,delay3_meander,47,20261049,-9.8,0,30,0,False
react-restore,delay3_meander,48,20261050,-16.9,0,30,0,False
react-restore,delay3_meander,49,20261051,-20.1,0,30,0,False
react-restore,delay3_meander,50,20261052,-9.8,0,30,0,False
react-restore,delay3_meander,51,20261053,-10.8,0,30,0,False
react-restore,delay3_meander,52,20261054,-10.5,0,30,0,False
react-restore,delay3_meander,53,20261055,-8.1,0,30,0,False
react-restore,delay3_meander,54,20261056,-9.9,0,30,0,False
react-restore,delay3_meander,55,20261057,-18.9,0,30,0,False
react-restore,delay3_meander,56,20261058,-11,0,30,0,False
react-restore,delay3_meander,57,20261059,-11.6,0,30,0,False
react-restore,delay3_meander,58,20261060,-9.8,0,30,0,False
react-restore,delay3_meander,59,20261061,-10.5,0,30,0,False
react-restore,delay3_meander,60,20261062,-9.4,0,30,0,False
react-restore,delay3_meander,61,20261063,-9.5,0,30,0,False
react-restore,delay3_meander,62,20261064,-10.4,0,30,0,False
react-restore,delay3_meander,63,20261065,-18.6,0,30,0,False
react-restore,delay3_meander,64,20261066,-9.8,0,30,0,False
react-restore,delay3_meander,65,20261067,-8.4,0,30,0,False
react-restore,delay3_meander,66,20261068,-21.1,0,30,0,False
react-restore,delay3_meander,67,20261069,-13.9,0,30,0,False
react-restore,delay3_meander,68,20261070,-9.9,0,30,0,False
react-restore,delay3_meander,69,20261071,-9.7,0,30,0,False
react-restore,delay3_meander,70,20261072,-10.1,0,30,0,False
react-restore,delay3_meander,71,20261073,-11.9,0,30,0,False
react-restore,delay3_meander,72,20261074,-9.7,0,30,0,False
react-restore,delay3_meander,73,20261075,-9.1,0,30,0,False
react-restore,delay3_meander,74,20261076,-8.8,0,30,0,False
react-restore,delay3_meander,75,20261077,-12,0,30,0,False
react-restore,delay3_meander,76,20261078,-9.8,0,30,0,False
react-restore,delay3_meander,77,20261079,-10.4,0,30,0,False
react-restore,delay3_meander,78,20261080,-10,0,30,0,False
react-restore,delay3_meander,79,20261081,-9.7,0,30,0,False
react-restore,delay3_meander,80,20261082,-8.4,0,30,0,False
react-restore,delay3_meander,81,20261083,-9.8,0,30,0,False
react-restore,delay3_meander,82,20261084,-9.9,0,30,0,False
react-restore,delay3_meander,83,20261085,-8.5,0,30,0,False
react-restore,delay3_meander,84,20261086,-9.3,0,30,0,False
react-restore,delay3_meander,85,20261087,-9.9,0,30,0,False
react-restore,delay3_meander,86,20261088,-9.3,0,30,0,False
react-restore,delay3_meander,87,20261089,-9.1,0,30,0,False
react-restore,delay3_meander,88,20261090,-10.4,0,30,0,False
react-restore,delay3_meander,89,20261091,-9.9,0,30,0,False
react-restore,delay3_meander,90,20261092,-9.4,0,30,0,False
react-restore,delay3_meander,91,20261093,-8.5,0,30,0,False
react-restore,delay3_meander,92,20261094,-8.7,0,30,0,False
react-restore,delay3_meander,93,20261095,-9.4,0,30,0,False
react-restore,delay3_meander,94,20261096,-12.8,0,30,0,False
react-restore,delay3_meander,95,20261097,-10,0,30,0,False
react-restore,delay3_meander,96,20261098,-8.9,0,30,0,False
react-restore,delay3_meander,97,20261099,-9.9,0,30,0,False
react-restore,delay3_meander,98,20261100,-31.8,0,30,0,False
react-restore,delay3_meander,99,20261101,-9.8,0,30,0,False
