facility,profile,trial,policy,weighted_service_hours_lost,pct_services_restored,reinfections
small_clinic,resource_constrained,0,gated,137.425,1.0,0
small_clinic,resource_constrained,0,naive,94.22500000000001,1.0,9
small_clinic,resource_constrained,0,mvr,103.32499999999999,1.0,11
small_clinic,resource_constrained,0,riar,60.85,1.0,4
small_clinic,resource_constrained,1,gated,145.82500000000002,1.0,0
small_clinic,resource_constrained,1,naive,101.9,1.0,12
small_clinic,resource_constrained,1,mvr,136.3,1.0,24
small_clinic,resource_constrained,1,riar,59.85000000000001,1.0,3
small_clinic,resource_constrained,2,gated,132.75000000000003,1.0,0
small_clinic,resource_constrained,2,naive,141.04999999999998,1.0,11
small_clinic,resource_constrained,2,mvr,122.925,1.0,11
small_clinic,resource_constrained,2,riar,53.725,1.0,2
small_clinic,resource_constrained,3,gated,127.32500000000002,1.0,0
small_clinic,resource_constrained,3,naive,80.67500000000001,1.0,6
small_clinic,resource_constrained,3,mvr,64.775,1.0,6
small_clinic,resource_constrained,3,riar,56.975,1.0,5
small_clinic,resource_constrained,4,gated,133.20000000000002,1.0,0
small_clinic,resource_constrained,4,naive,112.275,1.0,18
small_clinic,resource_constrained,4,mvr,96.475,1.0,18
small_clinic,resource_constrained,4,riar,67.375,1.0,14
small_clinic,resource_constrained,5,gated,95.27500000000002,1.0,0
small_clinic,resource_constrained,5,naive,173.875,0.14285714285714285,25
small_clinic,resource_constrained,5,mvr,112.375,1.0,19
small_clinic,resource_constrained,5,riar,75.525,1.0,10
small_clinic,resource_constrained,6,gated,117.80000000000001,1.0,0
small_clinic,resource_constrained,6,naive,116.35000000000001,1.0,11
small_clinic,resource_constrained,6,mvr,100.725,1.0,11
small_clinic,resource_constrained,6,riar,79.42500000000001,1.0,8
small_clinic,resource_constrained,7,gated,137.1,1.0,0
small_clinic,resource_constrained,7,naive,122.975,1.0,13
small_clinic,resource_constrained,7,mvr,142.45,1.0,21
small_clinic,resource_constrained,7,riar,69.1,1.0,3
small_clinic,resource_constrained,8,gated,106.6,0.8571428571428571,0
small_clinic,resource_constrained,8,naive,101.65,1.0,16
small_clinic,resource_constrained,8,mvr,82.575,1.0,16
small_clinic,resource_constrained,8,riar,85.2,0.8571428571428571,13
small_clinic,resource_constrained,9,gated,128.4,1.0,0
small_clinic,resource_constrained,9,naive,121.7,1.0,8
small_clinic,resource_constrained,9,mvr,83.5,1.0,7
small_clinic,resource_constrained,9,riar,87.17500000000001,1.0,8
small_clinic,resource_constrained,10,gated,134.87500000000003,1.0,0
small_clinic,resource_constrained,10,naive,101.175,1.0,16
small_clinic,resource_constrained,10,mvr,89.575,1.0,16
small_clinic,resource_constrained,10,riar,81.675,1.0,15
small_clinic,resource_constrained,11,gated,129.3,1.0,0
small_clinic,resource_constrained,11,naive,120.62500000000001,1.0,12
small_clinic,resource_constrained,11,mvr,101.57499999999999,1.0,12
small_clinic,resource_constrained,11,riar,74.32499999999999,0.8571428571428571,8
small_clinic,resource_constrained,12,gated,102.8,1.0,0
small_clinic,resource_constrained,12,naive,129.525,1.0,37
small_clinic,resource_constrained,12,mvr,81.10000000000001,1.0,25
small_clinic,resource_constrained,12,riar,59.15,1.0,11
small_clinic,resource_constrained,13,gated,138.925,1.0,0
small_clinic,resource_constrained,13,naive,147.45000000000002,1.0,23
small_clinic,resource_constrained,13,mvr,57.9,1.0,10
small_clinic,resource_constrained,13,riar,31.575,1.0,18
small_clinic,resource_constrained,14,gated,108.67500000000001,1.0,0
small_clinic,resource_constrained,14,naive,149.55,1.0,18
small_clinic,resource_constrained,14,mvr,153.45,1.0,21
small_clinic,resource_constrained,14,riar,81.25000000000001,0.8571428571428571,8
small_clinic,resource_constrained,15,gated,139.625,1.0,0
small_clinic,resource_constrained,15,naive,143.3,1.0,17
small_clinic,resource_constrained,15,mvr,159.27499999999998,1.0,22
small_clinic,resource_constrained,15,riar,62.87500000000001,1.0,4
small_clinic,resource_constrained,16,gated,141.07500000000002,1.0,0
small_clinic,resource_constrained,16,naive,105.39999999999999,1.0,8
small_clinic,resource_constrained,16,mvr,88.62500000000001,1.0,8
small_clinic,resource_constrained,16,riar,64.35,1.0,3
small_clinic,resource_constrained,17,gated,136.175,1.0,0
small_clinic,resource_constrained,17,naive,87.0,1.0,11
small_clinic,resource_constrained,17,mvr,70.64999999999999,1.0,11
small_clinic,resource_constrained,17,riar,63.17499999999999,1.0,7
small_clinic,resource_constrained,18,gated,0.0,1.0,0
small_clinic,resource_constrained,18,naive,0.0,1.0,0
small_clinic,resource_constrained,18,mvr,0.0,1.0,0
small_clinic,resource_constrained,18,riar,0.0,1.0,0
small_clinic,resource_constrained,19,gated,123.375,1.0,0
small_clinic,resource_constrained,19,naive,77.1,1.0,5
small_clinic,resource_constrained,19,mvr,122.825,1.0,11
small_clinic,resource_constrained,19,riar,56.75000000000001,1.0,3
small_clinic,resource_constrained,20,gated,0.0,1.0,0
small_clinic,resource_constrained,20,naive,0.0,1.0,0
small_clinic,resource_constrained,20,mvr,0.0,1.0,0
small_clinic,resource_constrained,20,riar,0.0,1.0,0
small_clinic,resource_constrained,21,gated,121.32500000000002,1.0,0
small_clinic,resource_constrained,21,naive,114.425,1.0,14
small_clinic,resource_constrained,21,mvr,82.35,1.0,13
small_clinic,resource_constrained,21,riar,68.325,1.0,4
small_clinic,resource_constrained,22,gated,142.825,1.0,0
small_clinic,resource_constrained,22,naive,124.57500000000002,1.0,17
small_clinic,resource_constrained,22,mvr,102.95000000000002,1.0,18
small_clinic,resource_constrained,22,riar,52.875,1.0,5
small_clinic,resource_constrained,23,gated,102.525,1.0,0
small_clinic,resource_constrained,23,naive,121.3,1.0,15
small_clinic,resource_constrained,23,mvr,79.75,0.14285714285714285,9
small_clinic,resource_constrained,23,riar,71.0,0.8571428571428571,9
small_clinic,resource_constrained,24,gated,132.375,0.8571428571428571,0
small_clinic,resource_constrained,24,naive,99.72500000000001,1.0,7
small_clinic,resource_constrained,24,mvr,73.425,1.0,5
small_clinic,resource_constrained,24,riar,43.425000000000004,1.0,1
small_clinic,resource_constrained,25,gated,0.0,1.0,0
small_clinic,resource_constrained,25,naive,0.0,1.0,0
small_clinic,resource_constrained,25,mvr,0.0,1.0,0
small_clinic,resource_constrained,25,riar,0.0,1.0,0
small_clinic,resource_constrained,26,gated,117.3,1.0,0
small_clinic,resource_constrained,26,naive,97.67500000000001,1.0,12
small_clinic,resource_constrained,26,mvr,84.275,1.0,12
small_clinic,resource_constrained,26,riar,59.425,1.0,9
small_clinic,resource_constrained,27,gated,114.60000000000001,1.0,0
small_clinic,resource_constrained,27,naive,89.97500000000001,1.0,5
small_clinic,resource_constrained,27,mvr,70.275,1.0,5
small_clinic,resource_constrained,27,riar,70.275,1.0,4
small_clinic,resource_constrained,28,gated,98.5,1.0,0
small_clinic,resource_constrained,28,naive,112.82499999999999,1.0,15
small_clinic,resource_constrained,28,mvr,90.325,1.0,15
small_clinic,resource_constrained,28,riar,56.975,1.0,7
small_clinic,resource_constrained,29,gated,108.87500000000001,1.0,0
small_clinic,resource_constrained,29,naive,106.60000000000001,1.0,9
small_clinic,resource_constrained,29,mvr,93.75,1.0,9
small_clinic,resource_constrained,29,riar,52.975,1.0,4
small_clinic,resource_constrained,30,gated,116.50000000000001,0.8571428571428571,0
small_clinic,resource_constrained,30,naive,125.925,0.8571428571428571,13
small_clinic,resource_constrained,30,mvr,102.075,0.8571428571428571,10
small_clinic,resource_constrained,30,riar,75.17500000000001,1.0,6
small_clinic,resource_constrained,31,gated,104.975,1.0,0
small_clinic,resource_constrained,31,naive,86.95,1.0,6
small_clinic,resource_constrained,31,mvr,78.64999999999999,1.0,7
small_clinic,resource_constrained,31,riar,58.150000000000006,1.0,2
small_clinic,resource_constrained,32,gated,151.275,1.0,0
small_clinic,resource_constrained,32,naive,197.45,0.8571428571428571,33
small_clinic,resource_constrained,32,mvr,120.85000000000001,1.0,22
small_clinic,resource_constrained,32,riar,77.175,1.0,12
small_clinic,resource_constrained,33,gated,120.95,0.14285714285714285,0
small_clinic,resource_constrained,33,naive,117.4,1.0,18
small_clinic,resource_constrained,33,mvr,101.1,1.0,18
small_clinic,resource_constrained,33,riar,104.39999999999999,1.0,17
small_clinic,resource_constrained,34,gated,127.02499999999999,1.0,0
small_clinic,resource_constrained,34,naive,128.22500000000002,0.14285714285714285,13
small_clinic,resource_constrained,34,mvr,128.40000000000003,1.0,17
small_clinic,resource_constrained,34,riar,109.15,1.0,11
small_clinic,resource_constrained,35,gated,166.07500000000002,1.0,0
small_clinic,resource_constrained,35,naive,109.07500000000002,1.0,19
small_clinic,resource_constrained,35,mvr,113.19999999999999,1.0,25
small_clinic,resource_constrained,35,riar,70.55,1.0,13
small_clinic,resource_constrained,36,gated,110.125,0.8571428571428571,0
small_clinic,resource_constrained,36,naive,85.875,1.0,4
small_clinic,resource_constrained,36,mvr,72.80000000000001,1.0,4
small_clinic,resource_constrained,36,riar,70.025,1.0,5
small_clinic,resource_constrained,37,gated,107.52499999999999,1.0,0
small_clinic,resource_constrained,37,naive,94.4,1.0,10
small_clinic,resource_constrained,37,mvr,126.275,1.0,21
small_clinic,resource_constrained,37,riar,60.925000000000004,1.0,6
small_clinic,resource_constrained,38,gated,124.625,1.0,0
small_clinic,resource_constrained,38,naive,119.875,1.0,25
small_clinic,resource_constrained,38,mvr,103.775,1.0,25
small_clinic,resource_constrained,38,riar,57.625,1.0,16
small_clinic,resource_constrained,39,gated,112.62500000000001,1.0,0
small_clinic,resource_constrained,39,naive,103.87500000000001,1.0,11
small_clinic,resource_constrained,39,mvr,48.15,1.0,6
small_clinic,resource_constrained,39,riar,49.85,1.0,2
small_clinic,resource_constrained,40,gated,177.85,0.5714285714285714,0
small_clinic,resource_constrained,40,naive,144.35,1.0,28
small_clinic,resource_constrained,40,mvr,91.325,1.0,19
small_clinic,resource_constrained,40,riar,38.35,1.0,8
small_clinic,resource_constrained,41,gated,179.45,1.0,0
small_clinic,resource_constrained,41,naive,92.85000000000001,1.0,9
small_clinic,resource_constrained,41,mvr,78.225,1.0,8
small_clinic,resource_constrained,41,riar,44.125,1.0,3
small_clinic,resource_constrained,42,gated,60.47500000000001,1.0,0
small_clinic,resource_constrained,42,naive,121.32499999999999,1.0,17
small_clinic,resource_constrained,42,mvr,97.47500000000001,1.0,16
small_clinic,resource_constrained,42,riar,67.375,1.0,5
small_clinic,resource_constrained,43,gated,131.125,1.0,0
small_clinic,resource_constrained,43,naive,152.95000000000002,1.0,25
small_clinic,resource_constrained,43,mvr,150.975,1.0,24
small_clinic,resource_constrained,43,riar,56.35,1.0,10
small_clinic,resource_constrained,44,gated,131.10000000000002,1.0,0
small_clinic,resource_constrained,44,naive,116.07500000000002,1.0,14
small_clinic,resource_constrained,44,mvr,100.67500000000001,1.0,14
small_clinic,resource_constrained,44,riar,51.00000000000001,1.0,6
small_clinic,resource_constrained,45,gated,0.0,1.0,0
small_clinic,resource_constrained,45,naive,0.0,1.0,0
small_clinic,resource_constrained,45,mvr,0.0,1.0,0
small_clinic,resource_constrained,45,riar,0.0,1.0,0
small_clinic,resource_constrained,46,gated,107.04999999999998,1.0,0
small_clinic,resource_constrained,46,naive,132.65,1.0,17
small_clinic,resource_constrained,46,mvr,62.35,1.0,10
small_clinic,resource_constrained,46,riar,58.1,1.0,7
small_clinic,resource_constrained,47,gated,147.25,1.0,0
small_clinic,resource_constrained,47,naive,97.05,1.0,6
small_clinic,resource_constrained,47,mvr,100.975,1.0,12
small_clinic,resource_constrained,47,riar,54.625,1.0,2
small_clinic,resource_constrained,48,gated,122.625,1.0,0
small_clinic,resource_constrained,48,naive,133.8,1.0,15
small_clinic,resource_constrained,48,mvr,111.325,1.0,14
small_clinic,resource_constrained,48,riar,93.375,1.0,10
small_clinic,resource_constrained,49,gated,133.625,1.0,0
small_clinic,resource_constrained,49,naive,109.65,1.0,9
small_clinic,resource_constrained,49,mvr,90.325,1.0,7
small_clinic,resource_constrained,49,riar,72.625,1.0,3
small_clinic,resource_constrained,50,gated,142.025,1.0,0
small_clinic,resource_constrained,50,naive,108.55,1.0,23
small_clinic,resource_constrained,50,mvr,96.925,1.0,23
small_clinic,resource_constrained,50,riar,87.55,1.0,15
small_clinic,resource_constrained,51,gated,132.175,1.0,0
small_clinic,resource_constrained,51,naive,107.17500000000001,1.0,3
small_clinic,resource_constrained,51,mvr,80.42500000000001,1.0,5
small_clinic,resource_constrained,51,riar,65.7,1.0,1
small_clinic,resource_constrained,52,gated,122.775,1.0,0
small_clinic,resource_constrained,52,naive,87.775,1.0,6
small_clinic,resource_constrained,52,mvr,73.975,1.0,6
small_clinic,resource_constrained,52,riar,72.975,1.0,4
small_clinic,resource_constrained,53,gated,116.82499999999999,1.0,0
small_clinic,resource_constrained,53,naive,113.675,1.0,21
small_clinic,resource_constrained,53,mvr,88.67500000000001,1.0,18
small_clinic,resource_constrained,53,riar,53.65,1.0,15
small_clinic,resource_constrained,54,gated,120.95,1.0,0
small_clinic,resource_constrained,54,naive,115.05000000000001,1.0,9
small_clinic,resource_constrained,54,mvr,84.94999999999999,1.0,9
small_clinic,resource_constrained,54,riar,80.97500000000001,1.0,8
small_clinic,resource_constrained,55,gated,118.125,1.0,0
small_clinic,resource_constrained,55,naive,93.525,1.0,15
small_clinic,resource_constrained,55,mvr,113.37500000000001,0.14285714285714285,22
small_clinic,resource_constrained,55,riar,51.025,1.0,7
small_clinic,resource_constrained,56,gated,158.15,1.0,0
small_clinic,resource_constrained,56,naive,111.02500000000002,0.8571428571428571,9
small_clinic,resource_constrained,56,mvr,112.05000000000001,1.0,14
small_clinic,resource_constrained,56,riar,35.724999999999994,1.0,0
small_clinic,resource_constrained,57,gated,109.25,1.0,0
small_clinic,resource_constrained,57,naive,104.54999999999998,1.0,9
small_clinic,resource_constrained,57,mvr,83.5,1.0,9
small_clinic,resource_constrained,57,riar,38.824999999999996,1.0,1
small_clinic,resource_constrained,58,gated,110.575,1.0,0
small_clinic,resource_constrained,58,naive,128.5,1.0,17
small_clinic,resource_constrained,58,mvr,82.475,1.0,10
small_clinic,resource_constrained,58,riar,138.225,1.0,19
small_clinic,resource_constrained,59,gated,124.05000000000001,1.0,0
small_clinic,resource_constrained,59,naive,110.97500000000001,1.0,12
small_clinic,resource_constrained,59,mvr,96.875,1.0,12
small_clinic,resource_constrained,59,riar,47.175,1.0,4
small_clinic,resource_constrained,60,gated,132.75,1.0,0
small_clinic,resource_constrained,60,naive,98.375,1.0,11
small_clinic,resource_constrained,60,mvr,81.375,1.0,11
small_clinic,resource_constrained,60,riar,81.14999999999999,1.0,10
small_clinic,resource_constrained,61,gated,169.6,1.0,0
small_clinic,resource_constrained,61,naive,98.94999999999999,1.0,11
small_clinic,resource_constrained,61,mvr,72.475,1.0,13
small_clinic,resource_constrained,61,riar,75.2,1.0,6
small_clinic,resource_constrained,62,gated,149.3,1.0,0
small_clinic,resource_constrained,62,naive,119.8,0.14285714285714285,13
small_clinic,resource_constrained,62,mvr,110.05,1.0,18
small_clinic,resource_constrained,62,riar,65.275,0.8571428571428571,7
small_clinic,resource_constrained,63,gated,151.4,0.14285714285714285,0
small_clinic,resource_constrained,63,naive,134.025,1.0,18
small_clinic,resource_constrained,63,mvr,116.42500000000003,0.14285714285714285,22
small_clinic,resource_constrained,63,riar,85.65,1.0,8
small_clinic,resource_constrained,64,gated,133.675,1.0,0
small_clinic,resource_constrained,64,naive,189.60000000000002,0.8571428571428571,26
small_clinic,resource_constrained,64,mvr,194.20000000000002,0.8571428571428571,30
small_clinic,resource_constrained,64,riar,88.2,1.0,6
small_clinic,resource_constrained,65,gated,127.15000000000002,1.0,0
small_clinic,resource_constrained,65,naive,110.225,0.8571428571428571,14
small_clinic,resource_constrained,65,mvr,105.525,0.8571428571428571,14
small_clinic,resource_constrained,65,riar,79.725,1.0,8
small_clinic,resource_constrained,66,gated,105.175,1.0,0
small_clinic,resource_constrained,66,naive,81.675,1.0,19
small_clinic,resource_constrained,66,mvr,95.175,1.0,23
small_clinic,resource_constrained,66,riar,71.8,1.0,16
small_clinic,resource_constrained,67,gated,135.95,1.0,0
small_clinic,resource_constrained,67,naive,99.75,1.0,20
small_clinic,resource_constrained,67,mvr,78.80000000000001,1.0,21
small_clinic,resource_constrained,67,riar,58.35,1.0,5
small_clinic,resource_constrained,68,gated,130.75,0.14285714285714285,0
small_clinic,resource_constrained,68,naive,108.55000000000001,0.8571428571428571,12
small_clinic,resource_constrained,68,mvr,99.875,1.0,13
small_clinic,resource_constrained,68,riar,158.07500000000002,0.8571428571428571,27
small_clinic,resource_constrained,69,gated,127.47500000000002,1.0,0
small_clinic,resource_constrained,69,naive,123.37500000000001,1.0,6
small_clinic,resource_constrained,69,mvr,102.275,1.0,6
small_clinic,resource_constrained,69,riar,63.475,1.0,1
small_clinic,resource_constrained,70,gated,100.92500000000001,1.0,0
small_clinic,resource_constrained,70,naive,96.675,1.0,13
small_clinic,resource_constrained,70,mvr,84.75,1.0,13
small_clinic,resource_constrained,70,riar,66.02499999999999,1.0,6
small_clinic,resource_constrained,71,gated,139.325,1.0,0
small_clinic,resource_constrained,71,naive,112.925,1.0,16
small_clinic,resource_constrained,71,mvr,102.225,1.0,19
small_clinic,resource_constrained,71,riar,61.574999999999996,1.0,9
small_clinic,resource_constrained,72,gated,122.04999999999998,1.0,0
small_clinic,resource_constrained,72,naive,104.12500000000001,1.0,8
small_clinic,resource_constrained,72,mvr,114.725,1.0,10
small_clinic,resource_constrained,72,riar,62.22500000000001,1.0,2
small_clinic,resource_constrained,73,gated,0.0,1.0,0
small_clinic,resource_constrained,73,naive,0.0,1.0,0
small_clinic,resource_constrained,73,mvr,0.0,1.0,0
small_clinic,resource_constrained,73,riar,0.0,1.0,0
small_clinic,resource_constrained,74,gated,135.39999999999998,1.0,0
small_clinic,resource_constrained,74,naive,143.55,1.0,13
small_clinic,resource_constrained,74,mvr,111.225,0.8571428571428571,13
small_clinic,resource_constrained,74,riar,52.025000000000006,1.0,2
small_clinic,resource_constrained,75,gated,151.72500000000002,1.0,0
small_clinic,resource_constrained,75,naive,151.125,0.8571428571428571,23
small_clinic,resource_constrained,75,mvr,89.12499999999999,1.0,16
small_clinic,resource_constrained,75,riar,63.875,1.0,8
small_clinic,resource_constrained,76,gated,114.5,1.0,0
small_clinic,resource_constrained,76,naive,193.525,0.8571428571428571,22
small_clinic,resource_constrained,76,mvr,223.87500000000003,0.5714285714285714,40
small_clinic,resource_constrained,76,riar,72.2,1.0,4
small_clinic,resource_constrained,77,gated,153.79999999999998,0.14285714285714285,0
small_clinic,resource_constrained,77,naive,157.475,0.8571428571428571,18
small_clinic,resource_constrained,77,mvr,71.22500000000001,1.0,4
small_clinic,resource_constrained,77,riar,67.425,1.0,2
small_clinic,resource_constrained,78,gated,8.325,1.0,0
small_clinic,resource_constrained,78,naive,109.74999999999999,1.0,22
small_clinic,resource_constrained,78,mvr,102.375,1.0,22
small_clinic,resource_constrained,78,riar,86.325,1.0,18
small_clinic,resource_constrained,79,gated,126.87499999999999,1.0,0
small_clinic,resource_constrained,79,naive,116.85000000000002,1.0,14
small_clinic,resource_constrained,79,mvr,97.19999999999999,1.0,13
small_clinic,resource_constrained,79,riar,72.5,1.0,8
small_clinic,resource_constrained,80,gated,0.0,1.0,0
small_clinic,resource_constrained,80,naive,0.0,1.0,0
small_clinic,resource_constrained,80,mvr,0.0,1.0,0
small_clinic,resource_constrained,80,riar,0.0,1.0,0
small_clinic,resource_constrained,81,gated,152.975,1.0,0
small_clinic,resource_constrained,81,naive,131.35000000000002,1.0,20
small_clinic,resource_constrained,81,mvr,117.94999999999999,1.0,20
small_clinic,resource_constrained,81,riar,38.599999999999994,1.0,9
small_clinic,resource_constrained,82,gated,166.55,1.0,0
small_clinic,resource_constrained,82,naive,133.29999999999998,1.0,16
small_clinic,resource_constrained,82,mvr,86.625,1.0,11
small_clinic,resource_constrained,82,riar,60.275,1.0,7
small_clinic,resource_constrained,83,gated,136.675,1.0,0
small_clinic,resource_constrained,83,naive,95.05000000000001,1.0,9
small_clinic,resource_constrained,83,mvr,81.2,1.0,9
small_clinic,resource_constrained,83,riar,96.925,1.0,8
small_clinic,resource_constrained,84,gated,168.875,1.0,0
small_clinic,resource_constrained,84,naive,232.875,0.7142857142857143,37
small_clinic,resource_constrained,84,mvr,86.125,0.14285714285714285,8
small_clinic,resource_constrained,84,riar,59.300000000000004,1.0,2
small_clinic,resource_constrained,85,gated,74.77499999999999,1.0,0
small_clinic,resource_constrained,85,naive,106.175,1.0,14
small_clinic,resource_constrained,85,mvr,92.475,1.0,15
small_clinic,resource_constrained,85,riar,62.375,1.0,7
small_clinic,resource_constrained,86,gated,113.72500000000001,1.0,0
small_clinic,resource_constrained,86,naive,122.7,0.8571428571428571,12
small_clinic,resource_constrained,86,mvr,92.275,1.0,13
small_clinic,resource_constrained,86,riar,94.625,1.0,9
small_clinic,resource_constrained,87,gated,120.025,1.0,0
small_clinic,resource_constrained,87,naive,124.025,1.0,13
small_clinic,resource_constrained,87,mvr,122.325,1.0,14
small_clinic,resource_constrained,87,riar,76.55000000000001,1.0,9
small_clinic,resource_constrained,88,gated,0.0,1.0,0
small_clinic,resource_constrained,88,naive,0.0,1.0,0
small_clinic,resource_constrained,88,mvr,0.0,1.0,0
small_clinic,resource_constrained,88,riar,0.0,1.0,0
small_clinic,resource_constrained,89,gated,82.875,1.0,0
small_clinic,resource_constrained,89,naive,121.925,1.0,12
small_clinic,resource_constrained,89,mvr,101.7,1.0,12
small_clinic,resource_constrained,89,riar,49.62499999999999,1.0,3
small_clinic,resource_constrained,90,gated,146.625,0.8571428571428571,0
small_clinic,resource_constrained,90,naive,66.175,1.0,9
small_clinic,resource_constrained,90,mvr,47.425000000000004,1.0,8
small_clinic,resource_constrained,90,riar,31.350000000000005,1.0,2
small_clinic,resource_constrained,91,gated,120.7,1.0,0
small_clinic,resource_constrained,91,naive,83.225,1.0,6
small_clinic,resource_constrained,91,mvr,57.65,1.0,5
small_clinic,resource_constrained,91,riar,57.975,1.0,1
small_clinic,resource_constrained,92,gated,103.05000000000001,1.0,0
small_clinic,resource_constrained,92,naive,101.825,1.0,7
small_clinic,resource_constrained,92,mvr,91.0,1.0,7
small_clinic,resource_constrained,92,riar,81.67500000000001,1.0,5
small_clinic,resource_constrained,93,gated,139.15,1.0,0
small_clinic,resource_constrained,93,naive,82.7,1.0,17
small_clinic,resource_constrained,93,mvr,55.3,1.0,18
small_clinic,resource_constrained,93,riar,21.799999999999997,1.0,2
small_clinic,resource_constrained,94,gated,142.8,1.0,0
small_clinic,resource_constrained,94,naive,96.125,1.0,8
small_clinic,resource_constrained,94,mvr,81.22500000000001,1.0,8
small_clinic,resource_constrained,94,riar,99.775,1.0,10
small_clinic,resource_constrained,95,gated,126.05000000000001,1.0,0
small_clinic,resource_constrained,95,naive,122.15,0.8571428571428571,19
small_clinic,resource_constrained,95,mvr,94.85,1.0,16
small_clinic,resource_constrained,95,riar,73.35,1.0,7
small_clinic,resource_constrained,96,gated,117.89999999999999,1.0,0
small_clinic,resource_constrained,96,naive,97.12500000000001,1.0,10
small_clinic,resource_constrained,96,mvr,84.975,1.0,10
small_clinic,resource_constrained,96,riar,63.425000000000004,1.0,4
small_clinic,resource_constrained,97,gated,129.9,1.0,0
small_clinic,resource_constrained,97,naive,108.22500000000001,1.0,9
small_clinic,resource_constrained,97,mvr,94.425,1.0,9
small_clinic,resource_constrained,97,riar,62.4,1.0,4
small_clinic,resource_constrained,98,gated,118.77499999999999,1.0,0
small_clinic,resource_constrained,98,naive,69.75,1.0,7
small_clinic,resource_constrained,98,mvr,60.2,1.0,7
small_clinic,resource_constrained,98,riar,58.05,1.0,8
small_clinic,resource_constrained,99,gated,154.575,0.8571428571428571,0
small_clinic,resource_constrained,99,naive,93.25,1.0,6
small_clinic,resource_constrained,99,mvr,83.35,1.0,6
small_clinic,resource_constrained,99,riar,64.4,1.0,2
small_clinic,resource_constrained,100,gated,108.05,1.0,0
small_clinic,resource_constrained,100,naive,84.05000000000001,1.0,15
small_clinic,resource_constrained,100,mvr,87.7,1.0,17
small_clinic,resource_constrained,100,riar,40.875,1.0,3
small_clinic,resource_constrained,101,gated,124.15,1.0,0
small_clinic,resource_constrained,101,naive,125.60000000000001,0.8571428571428571,15
small_clinic,resource_constrained,101,mvr,113.5,0.8571428571428571,15
small_clinic,resource_constrained,101,riar,91.125,1.0,14
small_clinic,resource_constrained,102,gated,111.92500000000001,1.0,0
small_clinic,resource_constrained,102,naive,93.425,1.0,3
small_clinic,resource_constrained,102,mvr,77.925,1.0,3
small_clinic,resource_constrained,102,riar,97.225,1.0,3
small_clinic,resource_constrained,103,gated,114.875,1.0,0
small_clinic,resource_constrained,103,naive,95.8,0.7142857142857143,11
small_clinic,resource_constrained,103,mvr,130.825,1.0,22
small_clinic,resource_constrained,103,riar,87.64999999999999,0.14285714285714285,6
small_clinic,resource_constrained,104,gated,106.375,0.8571428571428571,0
small_clinic,resource_constrained,104,naive,97.525,1.0,5
small_clinic,resource_constrained,104,mvr,80.52499999999999,1.0,5
small_clinic,resource_constrained,104,riar,73.125,1.0,2
small_clinic,resource_constrained,105,gated,150.3,1.0,0
small_clinic,resource_constrained,105,naive,122.4,1.0,14
small_clinic,resource_constrained,105,mvr,74.25000000000001,1.0,9
small_clinic,resource_constrained,105,riar,47.725,1.0,6
small_clinic,resource_constrained,106,gated,116.10000000000001,1.0,0
small_clinic,resource_constrained,106,naive,102.35,1.0,9
small_clinic,resource_constrained,106,mvr,88.15,1.0,9
small_clinic,resource_constrained,106,riar,83.575,1.0,5
small_clinic,resource_constrained,107,gated,118.54999999999998,1.0,0
small_clinic,resource_constrained,107,naive,90.8,1.0,9
small_clinic,resource_constrained,107,mvr,58.150000000000006,1.0,7
small_clinic,resource_constrained,107,riar,36.95,1.0,4
small_clinic,resource_constrained,108,gated,129.55,1.0,0
small_clinic,resource_constrained,108,naive,124.2,1.0,23
small_clinic,resource_constrained,108,mvr,125.05,1.0,23
small_clinic,resource_constrained,108,riar,71.875,1.0,16
small_clinic,resource_constrained,109,gated,149.925,1.0,0
small_clinic,resource_constrained,109,naive,96.55,1.0,4
small_clinic,resource_constrained,109,mvr,80.325,1.0,4
small_clinic,resource_constrained,109,riar,75.075,0.8571428571428571,5
small_clinic,resource_constrained,110,gated,114.50000000000001,1.0,0
small_clinic,resource_constrained,110,naive,96.22500000000001,1.0,9
small_clinic,resource_constrained,110,mvr,78.075,1.0,9
small_clinic,resource_constrained,110,riar,53.52499999999999,1.0,3
small_clinic,resource_constrained,111,gated,121.9,1.0,0
small_clinic,resource_constrained,111,naive,99.325,1.0,4
small_clinic,resource_constrained,111,mvr,86.25,1.0,4
small_clinic,resource_constrained,111,riar,59.85,1.0,0
small_clinic,resource_constrained,112,gated,153.10000000000002,1.0,0
small_clinic,resource_constrained,112,naive,141.625,1.0,25
small_clinic,resource_constrained,112,mvr,95.85,0.8571428571428571,19
small_clinic,resource_constrained,112,riar,46.574999999999996,1.0,4
small_clinic,resource_constrained,113,gated,109.825,0.8571428571428571,0
small_clinic,resource_constrained,113,naive,126.54999999999998,1.0,13
small_clinic,resource_constrained,113,mvr,69.4,1.0,7
small_clinic,resource_constrained,113,riar,66.55,1.0,8
small_clinic,resource_constrained,114,gated,101.72500000000001,1.0,0
small_clinic,resource_constrained,114,naive,95.37500000000001,1.0,6
small_clinic,resource_constrained,114,mvr,70.67500000000001,1.0,6
small_clinic,resource_constrained,114,riar,64.05,0.8571428571428571,5
small_clinic,resource_constrained,115,gated,104.85,1.0,0
small_clinic,resource_constrained,115,naive,137.275,0.8571428571428571,14
small_clinic,resource_constrained,115,mvr,110.07499999999999,1.0,15
small_clinic,resource_constrained,115,riar,85.92500000000001,1.0,6
small_clinic,resource_constrained,116,gated,126.45,1.0,0
small_clinic,resource_constrained,116,naive,102.15,1.0,9
small_clinic,resource_constrained,116,mvr,95.12500000000001,0.8571428571428571,17
small_clinic,resource_constrained,116,riar,40.625,1.0,3
small_clinic,resource_constrained,117,gated,117.67500000000001,1.0,0
small_clinic,resource_constrained,117,naive,109.90000000000002,1.0,8
small_clinic,resource_constrained,117,mvr,112.55000000000001,1.0,11
small_clinic,resource_constrained,117,riar,56.574999999999996,1.0,0
small_clinic,resource_constrained,118,gated,166.575,1.0,0
small_clinic,resource_constrained,118,naive,129.375,1.0,9
small_clinic,resource_constrained,118,mvr,120.17500000000001,1.0,13
small_clinic,resource_constrained,118,riar,76.7,1.0,4
small_clinic,resource_constrained,119,gated,149.125,1.0,0
small_clinic,resource_constrained,119,naive,124.55,1.0,6
small_clinic,resource_constrained,119,mvr,92.0,1.0,6
small_clinic,resource_constrained,119,riar,63.275,1.0,0
small_clinic,intermediate_capacity,0,gated,125.70000000000002,1.0,0
small_clinic,intermediate_capacity,0,naive,76.14999999999999,1.0,9
small_clinic,intermediate_capacity,0,mvr,106.925,0.8571428571428571,14
small_clinic,intermediate_capacity,0,riar,37.225,1.0,3
small_clinic,intermediate_capacity,1,gated,98.25000000000001,1.0,0
small_clinic,intermediate_capacity,1,naive,89.60000000000001,1.0,12
small_clinic,intermediate_capacity,1,mvr,93.64999999999999,1.0,18
small_clinic,intermediate_capacity,1,riar,37.25,1.0,5
small_clinic,intermediate_capacity,2,gated,124.32499999999999,1.0,0
small_clinic,intermediate_capacity,2,naive,121.14999999999999,1.0,13
small_clinic,intermediate_capacity,2,mvr,110.52500000000002,1.0,13
small_clinic,intermediate_capacity,2,riar,76.47500000000001,1.0,4
small_clinic,intermediate_capacity,3,gated,102.075,1.0,0
small_clinic,intermediate_capacity,3,naive,104.9,1.0,19
small_clinic,intermediate_capacity,3,mvr,66.25,1.0,13
small_clinic,intermediate_capacity,3,riar,53.35000000000001,1.0,3
small_clinic,intermediate_capacity,4,gated,119.325,1.0,0
small_clinic,intermediate_capacity,4,naive,98.82499999999999,1.0,10
small_clinic,intermediate_capacity,4,mvr,75.97500000000001,1.0,10
small_clinic,intermediate_capacity,4,riar,90.97500000000001,1.0,11
small_clinic,intermediate_capacity,5,gated,0.0,1.0,0
small_clinic,intermediate_capacity,5,naive,0.0,1.0,0
small_clinic,intermediate_capacity,5,mvr,0.0,1.0,0
small_clinic,intermediate_capacity,5,riar,0.0,1.0,0
small_clinic,intermediate_capacity,6,gated,94.25,1.0,0
small_clinic,intermediate_capacity,6,naive,71.975,1.0,9
small_clinic,intermediate_capacity,6,mvr,49.050000000000004,1.0,9
small_clinic,intermediate_capacity,6,riar,19.725,1.0,3
small_clinic,intermediate_capacity,7,gated,0.4,1.0,0
small_clinic,intermediate_capacity,7,naive,0.4,1.0,0
small_clinic,intermediate_capacity,7,mvr,0.4,1.0,0
small_clinic,intermediate_capacity,7,riar,0.4,1.0,0
small_clinic,intermediate_capacity,8,gated,0.0,1.0,0
small_clinic,intermediate_capacity,8,naive,0.0,1.0,0
small_clinic,intermediate_capacity,8,mvr,0.0,1.0,0
small_clinic,intermediate_capacity,8,riar,0.0,1.0,0
small_clinic,intermediate_capacity,9,gated,101.325,1.0,0
small_clinic,intermediate_capacity,9,naive,158.8,1.0,24
small_clinic,intermediate_capacity,9,mvr,116.99999999999999,1.0,17
small_clinic,intermediate_capacity,9,riar,87.89999999999999,1.0,10
small_clinic,intermediate_capacity,10,gated,108.975,1.0,0
small_clinic,intermediate_capacity,10,naive,88.3,1.0,26
small_clinic,intermediate_capacity,10,mvr,97.125,1.0,33
small_clinic,intermediate_capacity,10,riar,2.0,1.0,0
small_clinic,intermediate_capacity,11,gated,0.1,1.0,0
small_clinic,intermediate_capacity,11,naive,0.1,1.0,0
small_clinic,intermediate_capacity,11,mvr,0.1,1.0,0
small_clinic,intermediate_capacity,11,riar,0.1,1.0,0
small_clinic,intermediate_capacity,12,gated,145.39999999999998,1.0,0
small_clinic,intermediate_capacity,12,naive,120.72500000000001,1.0,35
small_clinic,intermediate_capacity,12,mvr,73.5,1.0,29
small_clinic,intermediate_capacity,12,riar,39.25,1.0,9
small_clinic,intermediate_capacity,13,gated,0.0,1.0,0
small_clinic,intermediate_capacity,13,naive,0.0,1.0,0
small_clinic,intermediate_capacity,13,mvr,0.0,1.0,0
small_clinic,intermediate_capacity,13,riar,0.0,1.0,0
small_clinic,intermediate_capacity,14,gated,98.72500000000001,1.0,0
small_clinic,intermediate_capacity,14,naive,80.425,1.0,8
small_clinic,intermediate_capacity,14,mvr,72.6,1.0,8
small_clinic,intermediate_capacity,14,riar,72.825,1.0,6
small_clinic,intermediate_capacity,15,gated,0.0,1.0,0
small_clinic,intermediate_capacity,15,naive,0.0,1.0,0
small_clinic,intermediate_capacity,15,mvr,0.0,1.0,0
small_clinic,intermediate_capacity,15,riar,0.0,1.0,0
small_clinic,intermediate_capacity,16,gated,94.25000000000001,1.0,0
small_clinic,intermediate_capacity,16,naive,81.17500000000001,1.0,20
small_clinic,intermediate_capacity,16,mvr,135.425,0.8571428571428571,36
small_clinic,intermediate_capacity,16,riar,28.075,1.0,9
small_clinic,intermediate_capacity,17,gated,126.725,1.0,0
small_clinic,intermediate_capacity,17,naive,75.825,1.0,17
small_clinic,intermediate_capacity,17,mvr,55.05,1.0,16
small_clinic,intermediate_capacity,17,riar,25.6,1.0,9
small_clinic,intermediate_capacity,18,gated,71.30000000000001,1.0,0
small_clinic,intermediate_capacity,18,naive,86.57499999999999,1.0,10
small_clinic,intermediate_capacity,18,mvr,75.175,1.0,10
small_clinic,intermediate_capacity,18,riar,24.575,1.0,3
small_clinic,intermediate_capacity,19,gated,0.0,1.0,0
small_clinic,intermediate_capacity,19,naive,0.0,1.0,0
small_clinic,intermediate_capacity,19,mvr,0.0,1.0,0
small_clinic,intermediate_capacity,19,riar,0.0,1.0,0
small_clinic,intermediate_capacity,20,gated,131.47500000000002,1.0,0
small_clinic,intermediate_capacity,20,naive,110.47500000000001,1.0,16
small_clinic,intermediate_capacity,20,mvr,76.62500000000001,1.0,16
small_clinic,intermediate_capacity,20,riar,47.05,1.0,5
small_clinic,intermediate_capacity,21,gated,70.675,1.0,0
small_clinic,intermediate_capacity,21,naive,94.85000000000001,1.0,31
small_clinic,intermediate_capacity,21,mvr,72.925,1.0,29
small_clinic,intermediate_capacity,21,riar,63.275,1.0,10
small_clinic,intermediate_capacity,22,gated,103.4,1.0,0
small_clinic,intermediate_capacity,22,naive,148.175,1.0,20
small_clinic,intermediate_capacity,22,mvr,83.57499999999999,1.0,12
small_clinic,intermediate_capacity,22,riar,76.775,1.0,6
small_clinic,intermediate_capacity,23,gated,170.35,0.8571428571428571,0
small_clinic,intermediate_capacity,23,naive,90.22500000000002,1.0,45
small_clinic,intermediate_capacity,23,mvr,79.325,1.0,45
small_clinic,intermediate_capacity,23,riar,22.325000000000003,1.0,11
small_clinic,intermediate_capacity,24,gated,14.0,1.0,0
small_clinic,intermediate_capacity,24,naive,4.75,1.0,0
small_clinic,intermediate_capacity,24,mvr,3.75,1.0,0
small_clinic,intermediate_capacity,24,riar,3.75,1.0,0
small_clinic,intermediate_capacity,25,gated,0.0,1.0,0
small_clinic,intermediate_capacity,25,naive,0.0,1.0,0
small_clinic,intermediate_capacity,25,mvr,0.0,1.0,0
small_clinic,intermediate_capacity,25,riar,0.0,1.0,0
small_clinic,intermediate_capacity,26,gated,139.8,0.14285714285714285,0
small_clinic,intermediate_capacity,26,naive,107.87499999999999,1.0,9
small_clinic,intermediate_capacity,26,mvr,107.575,1.0,12
small_clinic,intermediate_capacity,26,riar,34.975,1.0,2
small_clinic,intermediate_capacity,27,gated,131.525,1.0,0
small_clinic,intermediate_capacity,27,naive,97.525,1.0,7
small_clinic,intermediate_capacity,27,mvr,54.075,1.0,3
small_clinic,intermediate_capacity,27,riar,63.1,1.0,4
small_clinic,intermediate_capacity,28,gated,31.35,1.0,0
small_clinic,intermediate_capacity,28,naive,0.0,1.0,0
small_clinic,intermediate_capacity,28,mvr,0.0,1.0,0
small_clinic,intermediate_capacity,28,riar,0.0,1.0,0
small_clinic,intermediate_capacity,29,gated,125.275,1.0,0
small_clinic,intermediate_capacity,29,naive,16.799999999999997,1.0,3
small_clinic,intermediate_capacity,29,mvr,38.45,1.0,14
small_clinic,intermediate_capacity,29,riar,37.15,1.0,5
small_clinic,intermediate_capacity,30,gated,95.52499999999999,1.0,0
small_clinic,intermediate_capacity,30,naive,95.97499999999998,1.0,27
small_clinic,intermediate_capacity,30,mvr,90.07499999999999,1.0,27
small_clinic,intermediate_capacity,30,riar,33.1,1.0,5
small_clinic,intermediate_capacity,31,gated,91.37499999999999,1.0,0
small_clinic,intermediate_capacity,31,naive,99.62500000000001,1.0,9
small_clinic,intermediate_capacity,31,mvr,84.125,1.0,9
small_clinic,intermediate_capacity,31,riar,41.725,1.0,4
small_clinic,intermediate_capacity,32,gated,124.925,0.8571428571428571,0
small_clinic,intermediate_capacity,32,naive,98.85000000000001,1.0,9
small_clinic,intermediate_capacity,32,mvr,65.72500000000001,1.0,9
small_clinic,intermediate_capacity,32,riar,55.1,1.0,5
small_clinic,intermediate_capacity,33,gated,93.975,1.0,0
small_clinic,intermediate_capacity,33,naive,108.94999999999999,1.0,17
small_clinic,intermediate_capacity,33,mvr,83.75,1.0,16
small_clinic,intermediate_capacity,33,riar,46.37500000000001,1.0,8
small_clinic,intermediate_capacity,34,gated,0.0,1.0,0
small_clinic,intermediate_capacity,34,naive,0.0,1.0,0
small_clinic,intermediate_capacity,34,mvr,0.0,1.0,0
small_clinic,intermediate_capacity,34,riar,0.0,1.0,0
small_clinic,intermediate_capacity,35,gated,107.65,1.0,0
small_clinic,intermediate_capacity,35,naive,102.37499999999999,1.0,16
small_clinic,intermediate_capacity,35,mvr,85.575,1.0,15
small_clinic,intermediate_capacity,35,riar,86.475,1.0,8
small_clinic,intermediate_capacity,36,gated,107.4,1.0,0
small_clinic,intermediate_capacity,36,naive,109.85000000000001,1.0,20
small_clinic,intermediate_capacity,36,mvr,76.725,1.0,14
small_clinic,intermediate_capacity,36,riar,28.8,1.0,2
small_clinic,intermediate_capacity,37,gated,101.0,1.0,0
small_clinic,intermediate_capacity,37,naive,81.47500000000001,1.0,10
small_clinic,intermediate_capacity,37,mvr,79.325,0.8571428571428571,11
small_clinic,intermediate_capacity,37,riar,65.625,1.0,4
small_clinic,intermediate_capacity,38,gated,132.7,1.0,0
small_clinic,intermediate_capacity,38,naive,142.97500000000002,1.0,36
small_clinic,intermediate_capacity,38,mvr,83.17500000000001,1.0,28
small_clinic,intermediate_capacity,38,riar,27.85,1.0,10
small_clinic,intermediate_capacity,39,gated,135.875,1.0,0
small_clinic,intermediate_capacity,39,naive,110.475,1.0,14
small_clinic,intermediate_capacity,39,mvr,83.07499999999999,1.0,13
small_clinic,intermediate_capacity,39,riar,93.6,1.0,4
small_clinic,intermediate_capacity,40,gated,0.0,1.0,0
small_clinic,intermediate_capacity,40,naive,82.87500000000001,1.0,17
small_clinic,intermediate_capacity,40,mvr,63.95,1.0,17
small_clinic,intermediate_capacity,40,riar,49.074999999999996,1.0,5
small_clinic,intermediate_capacity,41,gated,66.425,1.0,0
small_clinic,intermediate_capacity,41,naive,105.275,1.0,47
small_clinic,intermediate_capacity,41,mvr,90.39999999999999,1.0,50
small_clinic,intermediate_capacity,41,riar,30.375,1.0,5
small_clinic,intermediate_capacity,42,gated,9.4,1.0,0
small_clinic,intermediate_capacity,42,naive,11.4,1.0,0
small_clinic,intermediate_capacity,42,mvr,11.4,1.0,0
small_clinic,intermediate_capacity,42,riar,11.4,1.0,0
small_clinic,intermediate_capacity,43,gated,96.25,1.0,0
small_clinic,intermediate_capacity,43,naive,102.92500000000001,1.0,15
small_clinic,intermediate_capacity,43,mvr,155.17499999999998,1.0,32
small_clinic,intermediate_capacity,43,riar,49.45,1.0,5
small_clinic,intermediate_capacity,44,gated,28.200000000000003,1.0,0
small_clinic,intermediate_capacity,44,naive,109.82500000000002,1.0,41
small_clinic,intermediate_capacity,44,mvr,67.775,1.0,38
small_clinic,intermediate_capacity,44,riar,48.825,1.0,9
small_clinic,intermediate_capacity,45,gated,121.29999999999998,1.0,0
small_clinic,intermediate_capacity,45,naive,102.125,1.0,14
small_clinic,intermediate_capacity,45,mvr,79.1,1.0,12
small_clinic,intermediate_capacity,45,riar,53.675000000000004,1.0,5
small_clinic,intermediate_capacity,46,gated,8.024999999999999,1.0,0
small_clinic,intermediate_capacity,46,naive,106.87499999999999,1.0,17
small_clinic,intermediate_capacity,46,mvr,97.675,1.0,17
small_clinic,intermediate_capacity,46,riar,52.050000000000004,1.0,5
small_clinic,intermediate_capacity,47,gated,44.825,1.0,0
small_clinic,intermediate_capacity,47,naive,94.225,1.0,19
small_clinic,intermediate_capacity,47,mvr,74.39999999999999,0.8571428571428571,18
small_clinic,intermediate_capacity,47,riar,40.4,1.0,2
small_clinic,intermediate_capacity,48,gated,111.775,1.0,0
small_clinic,intermediate_capacity,48,naive,114.17499999999998,0.8571428571428571,14
small_clinic,intermediate_capacity,48,mvr,98.325,0.8571428571428571,14
small_clinic,intermediate_capacity,48,riar,78.125,1.0,9
small_clinic,intermediate_capacity,49,gated,114.72500000000001,1.0,0
small_clinic,intermediate_capacity,49,naive,111.25000000000001,1.0,20
small_clinic,intermediate_capacity,49,mvr,81.05000000000001,1.0,14
small_clinic,intermediate_capacity,49,riar,53.175,1.0,27
small_clinic,intermediate_capacity,50,gated,0.0,1.0,0
small_clinic,intermediate_capacity,50,naive,2.525,1.0,1
small_clinic,intermediate_capacity,50,mvr,2.525,1.0,1
small_clinic,intermediate_capacity,50,riar,34.75,1.0,14
small_clinic,intermediate_capacity,51,gated,97.575,1.0,0
small_clinic,intermediate_capacity,51,naive,99.35000000000001,1.0,12
small_clinic,intermediate_capacity,51,mvr,118.37499999999999,1.0,15
small_clinic,intermediate_capacity,51,riar,36.625,1.0,2
small_clinic,intermediate_capacity,52,gated,100.275,1.0,0
small_clinic,intermediate_capacity,52,naive,111.80000000000001,1.0,15
small_clinic,intermediate_capacity,52,mvr,72.89999999999999,1.0,10
small_clinic,intermediate_capacity,52,riar,62.199999999999996,1.0,5
small_clinic,intermediate_capacity,53,gated,110.07499999999999,1.0,0
small_clinic,intermediate_capacity,53,naive,156.325,1.0,28
small_clinic,intermediate_capacity,53,mvr,109.1,1.0,23
small_clinic,intermediate_capacity,53,riar,46.925,1.0,7
small_clinic,intermediate_capacity,54,gated,5.225,1.0,0
small_clinic,intermediate_capacity,54,naive,96.7,1.0,16
small_clinic,intermediate_capacity,54,mvr,79.9,1.0,16
small_clinic,intermediate_capacity,54,riar,26.650000000000002,1.0,10
small_clinic,intermediate_capacity,55,gated,2.4000000000000004,1.0,0
small_clinic,intermediate_capacity,55,naive,90.9,1.0,47
small_clinic,intermediate_capacity,55,mvr,74.85000000000001,1.0,47
small_clinic,intermediate_capacity,55,riar,19.8,1.0,6
small_clinic,intermediate_capacity,56,gated,1.05,1.0,0
small_clinic,intermediate_capacity,56,naive,0.6,1.0,0
small_clinic,intermediate_capacity,56,mvr,0.6,1.0,0
small_clinic,intermediate_capacity,56,riar,0.6,1.0,0
small_clinic,intermediate_capacity,57,gated,114.4,0.8571428571428571,0
small_clinic,intermediate_capacity,57,naive,48.449999999999996,1.0,7
small_clinic,intermediate_capacity,57,mvr,72.35000000000001,1.0,9
small_clinic,intermediate_capacity,57,riar,27.2,1.0,2
small_clinic,intermediate_capacity,58,gated,0.0,1.0,0
small_clinic,intermediate_capacity,58,naive,0.0,1.0,0
small_clinic,intermediate_capacity,58,mvr,0.0,1.0,0
small_clinic,intermediate_capacity,58,riar,0.0,1.0,0
small_clinic,intermediate_capacity,59,gated,126.17500000000001,1.0,0
small_clinic,intermediate_capacity,59,naive,82.15,1.0,10
small_clinic,intermediate_capacity,59,mvr,83.89999999999999,1.0,10
small_clinic,intermediate_capacity,59,riar,35.349999999999994,1.0,2
small_clinic,intermediate_capacity,60,gated,98.02499999999999,1.0,0
small_clinic,intermediate_capacity,60,naive,76.95,1.0,12
small_clinic,intermediate_capacity,60,mvr,62.050000000000004,1.0,12
small_clinic,intermediate_capacity,60,riar,43.3,1.0,7
small_clinic,intermediate_capacity,61,gated,128.525,1.0,0
small_clinic,intermediate_capacity,61,naive,88.85000000000001,1.0,12
small_clinic,intermediate_capacity,61,mvr,64.47500000000001,1.0,10
small_clinic,intermediate_capacity,61,riar,67.42500000000001,1.0,5
small_clinic,intermediate_capacity,62,gated,97.0,1.0,0
small_clinic,intermediate_capacity,62,naive,129.35000000000002,1.0,16
small_clinic,intermediate_capacity,62,mvr,129.15,0.8571428571428571,27
small_clinic,intermediate_capacity,62,riar,31.7,1.0,6
small_clinic,intermediate_capacity,63,gated,139.70000000000002,1.0,0
small_clinic,intermediate_capacity,63,naive,106.10000000000001,1.0,16
small_clinic,intermediate_capacity,63,mvr,77.8,1.0,16
small_clinic,intermediate_capacity,63,riar,61.25,1.0,7
small_clinic,intermediate_capacity,64,gated,149.85000000000002,1.0,0
small_clinic,intermediate_capacity,64,naive,105.95,1.0,7
small_clinic,intermediate_capacity,64,mvr,99.9,1.0,9
small_clinic,intermediate_capacity,64,riar,71.95,1.0,1
small_clinic,intermediate_capacity,65,gated,131.425,1.0,0
small_clinic,intermediate_capacity,65,naive,89.25,1.0,18
small_clinic,intermediate_capacity,65,mvr,69.85,1.0,18
small_clinic,intermediate_capacity,65,riar,84.175,1.0,13
small_clinic,intermediate_capacity,66,gated,96.125,0.8571428571428571,0
small_clinic,intermediate_capacity,66,naive,87.69999999999999,1.0,8
small_clinic,intermediate_capacity,66,mvr,66.7,1.0,7
small_clinic,intermediate_capacity,66,riar,57.55,1.0,3
small_clinic,intermediate_capacity,67,gated,109.8,1.0,0
small_clinic,intermediate_capacity,67,naive,121.5,1.0,14
small_clinic,intermediate_capacity,67,mvr,44.65,1.0,5
small_clinic,intermediate_capacity,67,riar,56.55,1.0,6
small_clinic,intermediate_capacity,68,gated,0.0,1.0,0
small_clinic,intermediate_capacity,68,naive,0.0,1.0,0
small_clinic,intermediate_capacity,68,mvr,0.0,1.0,0
small_clinic,intermediate_capacity,68,riar,0.0,1.0,0
small_clinic,intermediate_capacity,69,gated,144.85,1.0,0
small_clinic,intermediate_capacity,69,naive,90.60000000000001,1.0,3
small_clinic,intermediate_capacity,69,mvr,76.35,1.0,3
small_clinic,intermediate_capacity,69,riar,102.77499999999999,1.0,8
small_clinic,intermediate_capacity,70,gated,93.42500000000001,1.0,0
small_clinic,intermediate_capacity,70,naive,73.67500000000001,1.0,11
small_clinic,intermediate_capacity,70,mvr,56.375,1.0,11
small_clinic,intermediate_capacity,70,riar,67.80000000000001,1.0,7
small_clinic,intermediate_capacity,71,gated,109.025,1.0,0
small_clinic,intermediate_capacity,71,naive,110.05,1.0,13
small_clinic,intermediate_capacity,71,mvr,93.99999999999999,1.0,12
small_clinic,intermediate_capacity,71,riar,61.175,1.0,5
small_clinic,intermediate_capacity,72,gated,76.0,1.0,0
small_clinic,intermediate_capacity,72,naive,111.225,1.0,42
small_clinic,intermediate_capacity,72,mvr,107.975,0.8571428571428571,44
small_clinic,intermediate_capacity,72,riar,25.749999999999996,1.0,4
small_clinic,intermediate_capacity,73,gated,119.525,1.0,0
small_clinic,intermediate_capacity,73,naive,104.775,1.0,25
small_clinic,intermediate_capacity,73,mvr,93.2,1.0,25
small_clinic,intermediate_capacity,73,riar,18.400000000000002,1.0,4
small_clinic,intermediate_capacity,74,gated,0.0,1.0,0
small_clinic,intermediate_capacity,74,naive,0.0,1.0,0
small_clinic,intermediate_capacity,74,mvr,0.0,1.0,0
small_clinic,intermediate_capacity,74,riar,0.0,1.0,0
small_clinic,intermediate_capacity,75,gated,129.27500000000003,1.0,0
small_clinic,intermediate_capacity,75,naive,163.87500000000003,1.0,24
small_clinic,intermediate_capacity,75,mvr,85.2,1.0,12
small_clinic,intermediate_capacity,75,riar,49.849999999999994,1.0,2
small_clinic,intermediate_capacity,76,gated,135.97500000000002,1.0,0
small_clinic,intermediate_capacity,76,naive,126.25000000000001,1.0,13
small_clinic,intermediate_capacity,76,mvr,54.525,1.0,6
small_clinic,intermediate_capacity,76,riar,68.375,1.0,5
small_clinic,intermediate_capacity,77,gated,115.75,1.0,0
small_clinic,intermediate_capacity,77,naive,93.125,1.0,13
small_clinic,intermediate_capacity,77,mvr,117.75000000000001,0.8571428571428571,19
small_clinic,intermediate_capacity,77,riar,72.725,1.0,7
small_clinic,intermediate_capacity,78,gated,129.875,1.0,0
small_clinic,intermediate_capacity,78,naive,131.275,1.0,23
small_clinic,intermediate_capacity,78,mvr,130.225,1.0,23
small_clinic,intermediate_capacity,78,riar,59.35,1.0,12
small_clinic,intermediate_capacity,79,gated,146.15,1.0,0
small_clinic,intermediate_capacity,79,naive,84.95,1.0,16
small_clinic,intermediate_capacity,79,mvr,67.37500000000001,1.0,15
small_clinic,intermediate_capacity,79,riar,28.750000000000004,1.0,16
small_clinic,intermediate_capacity,80,gated,0.0,1.0,0
small_clinic,intermediate_capacity,80,naive,0.0,1.0,0
small_clinic,intermediate_capacity,80,mvr,0.0,1.0,0
small_clinic,intermediate_capacity,80,riar,0.0,1.0,0
small_clinic,intermediate_capacity,81,gated,97.525,1.0,0
small_clinic,intermediate_capacity,81,naive,90.37500000000001,1.0,12
small_clinic,intermediate_capacity,81,mvr,76.975,1.0,12
small_clinic,intermediate_capacity,81,riar,48.574999999999996,1.0,13
small_clinic,intermediate_capacity,82,gated,134.4,1.0,0
small_clinic,intermediate_capacity,82,naive,88.32499999999999,1.0,18
small_clinic,intermediate_capacity,82,mvr,73.7,1.0,18
small_clinic,intermediate_capacity,82,riar,43.62499999999999,1.0,8
small_clinic,intermediate_capacity,83,gated,125.575,1.0,0
small_clinic,intermediate_capacity,83,naive,137.325,1.0,25
small_clinic,intermediate_capacity,83,mvr,90.975,0.14285714285714285,17
small_clinic,intermediate_capacity,83,riar,61.725,1.0,8
small_clinic,intermediate_capacity,84,gated,0.0,1.0,0
small_clinic,intermediate_capacity,84,naive,0.0,1.0,0
small_clinic,intermediate_capacity,84,mvr,0.0,1.0,0
small_clinic,intermediate_capacity,84,riar,0.0,1.0,0
small_clinic,intermediate_capacity,85,gated,0.0,1.0,0
small_clinic,intermediate_capacity,85,naive,0.0,1.0,0
small_clinic,intermediate_capacity,85,mvr,0.0,1.0,0
small_clinic,intermediate_capacity,85,riar,0.0,1.0,0
small_clinic,intermediate_capacity,86,gated,150.925,1.0,0
small_clinic,intermediate_capacity,86,naive,108.05000000000001,1.0,17
small_clinic,intermediate_capacity,86,mvr,84.89999999999999,1.0,15
small_clinic,intermediate_capacity,86,riar,74.82499999999999,1.0,9
small_clinic,intermediate_capacity,87,gated,108.4,1.0,0
small_clinic,intermediate_capacity,87,naive,83.10000000000001,1.0,6
small_clinic,intermediate_capacity,87,mvr,46.449999999999996,1.0,2
small_clinic,intermediate_capacity,87,riar,45.849999999999994,1.0,1
small_clinic,intermediate_capacity,88,gated,113.34999999999998,1.0,0
small_clinic,intermediate_capacity,88,naive,99.40000000000002,1.0,15
small_clinic,intermediate_capacity,88,mvr,86.125,1.0,15
small_clinic,intermediate_capacity,88,riar,54.875,1.0,6
small_clinic,intermediate_capacity,89,gated,122.25,1.0,0
small_clinic,intermediate_capacity,89,naive,89.8,1.0,7
small_clinic,intermediate_capacity,89,mvr,69.4,1.0,7
small_clinic,intermediate_capacity,89,riar,56.60000000000001,1.0,3
small_clinic,intermediate_capacity,90,gated,90.00000000000001,1.0,0
small_clinic,intermediate_capacity,90,naive,95.175,1.0,18
small_clinic,intermediate_capacity,90,mvr,64.875,1.0,19
small_clinic,intermediate_capacity,90,riar,20.399999999999995,1.0,4
small_clinic,intermediate_capacity,91,gated,114.97500000000001,0.8571428571428571,0
small_clinic,intermediate_capacity,91,naive,93.375,1.0,12
small_clinic,intermediate_capacity,91,mvr,75.94999999999999,1.0,12
small_clinic,intermediate_capacity,91,riar,65.25,1.0,8
small_clinic,intermediate_capacity,92,gated,90.175,1.0,0
small_clinic,intermediate_capacity,92,naive,32.375,1.0,3
small_clinic,intermediate_capacity,92,mvr,192.625,0.8571428571428571,34
small_clinic,intermediate_capacity,92,riar,63.67500000000001,1.0,3
small_clinic,intermediate_capacity,93,gated,107.12500000000001,1.0,0
small_clinic,intermediate_capacity,93,naive,73.0,1.0,8
small_clinic,intermediate_capacity,93,mvr,47.125,1.0,6
small_clinic,intermediate_capacity,93,riar,37.050000000000004,1.0,4
small_clinic,intermediate_capacity,94,gated,41.8,1.0,0
small_clinic,intermediate_capacity,94,naive,88.57499999999999,1.0,9
small_clinic,intermediate_capacity,94,mvr,87.6,1.0,13
small_clinic,intermediate_capacity,94,riar,13.55,1.0,0
small_clinic,intermediate_capacity,95,gated,112.47500000000001,1.0,0
small_clinic,intermediate_capacity,95,naive,179.77500000000003,0.8571428571428571,41
small_clinic,intermediate_capacity,95,mvr,59.95,1.0,15
small_clinic,intermediate_capacity,95,riar,16.05,1.0,2
small_clinic,intermediate_capacity,96,gated,118.075,0.8571428571428571,0
small_clinic,intermediate_capacity,96,naive,77.625,1.0,5
small_clinic,intermediate_capacity,96,mvr,73.0,1.0,6
small_clinic,intermediate_capacity,96,riar,78.22500000000001,1.0,5
small_clinic,intermediate_capacity,97,gated,103.82499999999999,1.0,0
small_clinic,intermediate_capacity,97,naive,99.42500000000001,1.0,10
small_clinic,intermediate_capacity,97,mvr,65.10000000000001,1.0,12
small_clinic,intermediate_capacity,97,riar,54.6,1.0,3
small_clinic,intermediate_capacity,98,gated,9.4,1.0,0
small_clinic,intermediate_capacity,98,naive,9.4,1.0,0
small_clinic,intermediate_capacity,98,mvr,9.4,1.0,0
small_clinic,intermediate_capacity,98,riar,9.4,1.0,0
small_clinic,intermediate_capacity,99,gated,126.25,1.0,0
small_clinic,intermediate_capacity,99,naive,92.65,1.0,8
small_clinic,intermediate_capacity,99,mvr,81.15,1.0,8
small_clinic,intermediate_capacity,99,riar,64.55000000000001,1.0,4
small_clinic,intermediate_capacity,100,gated,0.0,1.0,0
small_clinic,intermediate_capacity,100,naive,0.0,1.0,0
small_clinic,intermediate_capacity,100,mvr,0.0,1.0,0
small_clinic,intermediate_capacity,100,riar,0.0,1.0,0
small_clinic,intermediate_capacity,101,gated,132.20000000000002,1.0,0
small_clinic,intermediate_capacity,101,naive,139.025,1.0,18
small_clinic,intermediate_capacity,101,mvr,136.95,0.8571428571428571,24
small_clinic,intermediate_capacity,101,riar,93.39999999999999,1.0,7
small_clinic,intermediate_capacity,102,gated,165.20000000000002,1.0,0
small_clinic,intermediate_capacity,102,naive,90.35,1.0,9
small_clinic,intermediate_capacity,102,mvr,63.349999999999994,1.0,9
small_clinic,intermediate_capacity,102,riar,47.5,1.0,3
small_clinic,intermediate_capacity,103,gated,115.24999999999999,1.0,0
small_clinic,intermediate_capacity,103,naive,96.39999999999999,1.0,37
small_clinic,intermediate_capacity,103,mvr,138.12499999999997,0.8571428571428571,51
small_clinic,intermediate_capacity,103,riar,30.324999999999996,1.0,1
small_clinic,intermediate_capacity,104,gated,77.77499999999999,1.0,0
small_clinic,intermediate_capacity,104,naive,72.275,1.0,9
small_clinic,intermediate_capacity,104,mvr,59.375000000000014,1.0,5
small_clinic,intermediate_capacity,104,riar,43.675,1.0,3
small_clinic,intermediate_capacity,105,gated,103.425,1.0,0
small_clinic,intermediate_capacity,105,naive,99.7,1.0,13
small_clinic,intermediate_capacity,105,mvr,175.675,0.8571428571428571,33
small_clinic,intermediate_capacity,105,riar,50.550000000000004,1.0,3
small_clinic,intermediate_capacity,106,gated,60.25,1.0,0
small_clinic,intermediate_capacity,106,naive,103.975,1.0,18
small_clinic,intermediate_capacity,106,mvr,70.05000000000001,1.0,13
small_clinic,intermediate_capacity,106,riar,50.37499999999999,1.0,5
small_clinic,intermediate_capacity,107,gated,131.575,1.0,0
small_clinic,intermediate_capacity,107,naive,125.14999999999999,1.0,17
small_clinic,intermediate_capacity,107,mvr,49.525,1.0,9
small_clinic,intermediate_capacity,107,riar,50.150000000000006,1.0,3
small_clinic,intermediate_capacity,108,gated,0.0,1.0,0
small_clinic,intermediate_capacity,108,naive,0.0,1.0,0
small_clinic,intermediate_capacity,108,mvr,0.0,1.0,0
small_clinic,intermediate_capacity,108,riar,0.0,1.0,0
small_clinic,intermediate_capacity,109,gated,100.74999999999999,1.0,0
small_clinic,intermediate_capacity,109,naive,97.35,1.0,12
small_clinic,intermediate_capacity,109,mvr,84.175,1.0,12
small_clinic,intermediate_capacity,109,riar,56.675,1.0,5
small_clinic,intermediate_capacity,110,gated,0.0,1.0,0
small_clinic,intermediate_capacity,110,naive,0.0,1.0,0
small_clinic,intermediate_capacity,110,mvr,0.0,1.0,0
small_clinic,intermediate_capacity,110,riar,0.0,1.0,0
small_clinic,intermediate_capacity,111,gated,0.0,1.0,0
small_clinic,intermediate_capacity,111,naive,54.099999999999994,1.0,10
small_clinic,intermediate_capacity,111,mvr,44.824999999999996,1.0,12
small_clinic,intermediate_capacity,111,riar,16.55,1.0,1
small_clinic,intermediate_capacity,112,gated,142.15,1.0,0
small_clinic,intermediate_capacity,112,naive,75.775,1.0,12
small_clinic,intermediate_capacity,112,mvr,59.175,1.0,12
small_clinic,intermediate_capacity,112,riar,95.87499999999999,1.0,12
small_clinic,intermediate_capacity,113,gated,0.0,1.0,0
small_clinic,intermediate_capacity,113,naive,0.0,1.0,0
small_clinic,intermediate_capacity,113,mvr,0.0,1.0,0
small_clinic,intermediate_capacity,113,riar,0.0,1.0,0
small_clinic,intermediate_capacity,114,gated,150.04999999999998,1.0,0
small_clinic,intermediate_capacity,114,naive,108.04999999999998,1.0,12
small_clinic,intermediate_capacity,114,mvr,72.475,1.0,10
small_clinic,intermediate_capacity,114,riar,36.449999999999996,1.0,2
small_clinic,intermediate_capacity,115,gated,85.85,1.0,0
small_clinic,intermediate_capacity,115,naive,75.75000000000001,1.0,22
small_clinic,intermediate_capacity,115,mvr,76.62500000000001,1.0,25
small_clinic,intermediate_capacity,115,riar,4.675,1.0,2
small_clinic,intermediate_capacity,116,gated,90.10000000000001,1.0,0
small_clinic,intermediate_capacity,116,naive,96.025,1.0,12
small_clinic,intermediate_capacity,116,mvr,80.825,1.0,12
small_clinic,intermediate_capacity,116,riar,63.82500000000001,1.0,7
small_clinic,intermediate_capacity,117,gated,103.375,1.0,0
small_clinic,intermediate_capacity,117,naive,88.45000000000002,1.0,10
small_clinic,intermediate_capacity,117,mvr,85.00000000000001,1.0,11
small_clinic,intermediate_capacity,117,riar,37.675000000000004,1.0,4
small_clinic,intermediate_capacity,118,gated,24.099999999999998,1.0,0
small_clinic,intermediate_capacity,118,naive,101.72500000000001,1.0,16
small_clinic,intermediate_capacity,118,mvr,67.575,1.0,9
small_clinic,intermediate_capacity,118,riar,70.0,1.0,9
small_clinic,intermediate_capacity,119,gated,0.0,1.0,0
small_clinic,intermediate_capacity,119,naive,128.775,1.0,26
small_clinic,intermediate_capacity,119,mvr,94.15,0.8571428571428571,25
small_clinic,intermediate_capacity,119,riar,20.775,1.0,14
small_clinic,high_capacity,0,gated,76.75,1.0,0
small_clinic,high_capacity,0,naive,92.80000000000001,1.0,21
small_clinic,high_capacity,0,mvr,98.25000000000001,1.0,29
small_clinic,high_capacity,0,riar,38.4,1.0,6
small_clinic,high_capacity,1,gated,0.0,1.0,0
small_clinic,high_capacity,1,naive,0.0,1.0,0
small_clinic,high_capacity,1,mvr,0.0,1.0,0
small_clinic,high_capacity,1,riar,0.0,1.0,0
small_clinic,high_capacity,2,gated,0.0,1.0,0
small_clinic,high_capacity,2,naive,0.0,1.0,0
small_clinic,high_capacity,2,mvr,0.0,1.0,0
small_clinic,high_capacity,2,riar,0.0,1.0,0
small_clinic,high_capacity,3,gated,122.125,1.0,0
small_clinic,high_capacity,3,naive,21.6,1.0,3
small_clinic,high_capacity,3,mvr,21.2,1.0,2
small_clinic,high_capacity,3,riar,19.6,1.0,1
small_clinic,high_capacity,4,gated,19.075,1.0,0
small_clinic,high_capacity,4,naive,37.65,1.0,24
small_clinic,high_capacity,4,mvr,45.8,1.0,32
small_clinic,high_capacity,4,riar,34.125,1.0,12
small_clinic,high_capacity,5,gated,0.0,1.0,0
small_clinic,high_capacity,5,naive,0.0,1.0,0
small_clinic,high_capacity,5,mvr,0.0,1.0,0
small_clinic,high_capacity,5,riar,0.0,1.0,0
small_clinic,high_capacity,6,gated,49.699999999999996,1.0,0
small_clinic,high_capacity,6,naive,125.30000000000001,1.0,26
small_clinic,high_capacity,6,mvr,41.300000000000004,1.0,12
small_clinic,high_capacity,6,riar,18.45,1.0,5
small_clinic,high_capacity,7,gated,0.0,1.0,0
small_clinic,high_capacity,7,naive,0.0,1.0,0
small_clinic,high_capacity,7,mvr,0.0,1.0,0
small_clinic,high_capacity,7,riar,0.0,1.0,0
small_clinic,high_capacity,8,gated,0.0,1.0,0
small_clinic,high_capacity,8,naive,0.0,1.0,0
small_clinic,high_capacity,8,mvr,0.0,1.0,0
small_clinic,high_capacity,8,riar,0.0,1.0,0
small_clinic,high_capacity,9,gated,0.0,1.0,0
small_clinic,high_capacity,9,naive,0.0,1.0,0
small_clinic,high_capacity,9,mvr,0.0,1.0,0
small_clinic,high_capacity,9,riar,0.0,1.0,0
small_clinic,high_capacity,10,gated,75.325,1.0,0
small_clinic,high_capacity,10,naive,56.949999999999996,1.0,12
small_clinic,high_capacity,10,mvr,51.725,1.0,12
small_clinic,high_capacity,10,riar,17.0,1.0,0
small_clinic,high_capacity,11,gated,23.15,1.0,0
small_clinic,high_capacity,11,naive,183.9,0.8571428571428571,33
small_clinic,high_capacity,11,mvr,83.625,1.0,13
small_clinic,high_capacity,11,riar,40.725,1.0,4
small_clinic,high_capacity,12,gated,118.60000000000001,1.0,0
small_clinic,high_capacity,12,naive,9.8,1.0,1
small_clinic,high_capacity,12,mvr,9.8,1.0,1
small_clinic,high_capacity,12,riar,11.350000000000001,1.0,5
small_clinic,high_capacity,13,gated,144.05,1.0,0
small_clinic,high_capacity,13,naive,150.8,1.0,25
small_clinic,high_capacity,13,mvr,107.05000000000001,1.0,13
small_clinic,high_capacity,13,riar,41.10000000000001,1.0,2
small_clinic,high_capacity,14,gated,0.0,1.0,0
small_clinic,high_capacity,14,naive,0.0,1.0,0
small_clinic,high_capacity,14,mvr,0.0,1.0,0
small_clinic,high_capacity,14,riar,0.0,1.0,0
small_clinic,high_capacity,15,gated,0.0,1.0,0
small_clinic,high_capacity,15,naive,0.0,1.0,0
small_clinic,high_capacity,15,mvr,0.0,1.0,0
small_clinic,high_capacity,15,riar,0.0,1.0,0
small_clinic,high_capacity,16,gated,9.4,1.0,0
small_clinic,high_capacity,16,naive,9.4,1.0,0
small_clinic,high_capacity,16,mvr,9.4,1.0,0
small_clinic,high_capacity,16,riar,9.4,1.0,0
small_clinic,high_capacity,17,gated,37.85,1.0,0
small_clinic,high_capacity,17,naive,50.00000000000001,1.0,10
small_clinic,high_capacity,17,mvr,60.075,1.0,10
small_clinic,high_capacity,17,riar,20.375,1.0,2
small_clinic,high_capacity,18,gated,3.6,1.0,0
small_clinic,high_capacity,18,naive,2.325,1.0,0
small_clinic,high_capacity,18,mvr,2.325,1.0,0
small_clinic,high_capacity,18,riar,2.325,1.0,0
small_clinic,high_capacity,19,gated,0.0,1.0,0
small_clinic,high_capacity,19,naive,0.0,1.0,0
small_clinic,high_capacity,19,mvr,0.0,1.0,0
small_clinic,high_capacity,19,riar,0.0,1.0,0
small_clinic,high_capacity,20,gated,0.0,1.0,0
small_clinic,high_capacity,20,naive,91.775,0.8571428571428571,54
small_clinic,high_capacity,20,mvr,85.95,1.0,57
small_clinic,high_capacity,20,riar,28.425,1.0,9
small_clinic,high_capacity,21,gated,119.95000000000002,1.0,0
small_clinic,high_capacity,21,naive,121.325,1.0,37
small_clinic,high_capacity,21,mvr,55.675000000000004,1.0,25
small_clinic,high_capacity,21,riar,41.475,1.0,8
small_clinic,high_capacity,22,gated,9.4,1.0,0
small_clinic,high_capacity,22,naive,9.4,1.0,0
small_clinic,high_capacity,22,mvr,9.4,1.0,0
small_clinic,high_capacity,22,riar,9.4,1.0,0
small_clinic,high_capacity,23,gated,24.950000000000003,1.0,0
small_clinic,high_capacity,23,naive,29.475,1.0,19
small_clinic,high_capacity,23,mvr,29.475,1.0,19
small_clinic,high_capacity,23,riar,50.75,1.0,10
small_clinic,high_capacity,24,gated,71.075,1.0,0
small_clinic,high_capacity,24,naive,58.1,1.0,5
small_clinic,high_capacity,24,mvr,32.9,1.0,2
small_clinic,high_capacity,24,riar,23.1,1.0,1
small_clinic,high_capacity,25,gated,0.0,1.0,0
small_clinic,high_capacity,25,naive,0.0,1.0,0
small_clinic,high_capacity,25,mvr,0.0,1.0,0
small_clinic,high_capacity,25,riar,0.0,1.0,0
small_clinic,high_capacity,26,gated,6.725,1.0,0
small_clinic,high_capacity,26,naive,1.2249999999999999,1.0,0
small_clinic,high_capacity,26,mvr,1.2249999999999999,1.0,0
small_clinic,high_capacity,26,riar,1.2249999999999999,1.0,0
small_clinic,high_capacity,27,gated,10.200000000000001,1.0,0
small_clinic,high_capacity,27,naive,10.200000000000001,1.0,0
small_clinic,high_capacity,27,mvr,10.200000000000001,1.0,0
small_clinic,high_capacity,27,riar,10.200000000000001,1.0,0
small_clinic,high_capacity,28,gated,21.375,1.0,0
small_clinic,high_capacity,28,naive,52.55,1.0,23
small_clinic,high_capacity,28,mvr,47.949999999999996,1.0,23
small_clinic,high_capacity,28,riar,11.95,1.0,0
small_clinic,high_capacity,29,gated,1.2000000000000002,1.0,0
small_clinic,high_capacity,29,naive,76.475,1.0,25
small_clinic,high_capacity,29,mvr,97.45000000000002,1.0,39
small_clinic,high_capacity,29,riar,19.55,1.0,4
small_clinic,high_capacity,30,gated,7.5,1.0,0
small_clinic,high_capacity,30,naive,89.0,1.0,15
small_clinic,high_capacity,30,mvr,79.85000000000001,1.0,16
small_clinic,high_capacity,30,riar,15.700000000000001,1.0,2
small_clinic,high_capacity,31,gated,98.275,1.0,0
small_clinic,high_capacity,31,naive,13.45,1.0,0
small_clinic,high_capacity,31,mvr,13.45,1.0,0
small_clinic,high_capacity,31,riar,13.45,1.0,0
small_clinic,high_capacity,32,gated,2.9,1.0,0
small_clinic,high_capacity,32,naive,2.75,1.0,0
small_clinic,high_capacity,32,mvr,2.75,1.0,0
small_clinic,high_capacity,32,riar,2.75,1.0,0
small_clinic,high_capacity,33,gated,106.47500000000001,1.0,0
small_clinic,high_capacity,33,naive,142.25,1.0,50
small_clinic,high_capacity,33,mvr,113.70000000000002,1.0,48
small_clinic,high_capacity,33,riar,35.97500000000001,1.0,11
small_clinic,high_capacity,34,gated,87.35,1.0,0
small_clinic,high_capacity,34,naive,96.05,1.0,11
small_clinic,high_capacity,34,mvr,76.05,1.0,11
small_clinic,high_capacity,34,riar,45.15,1.0,3
small_clinic,high_capacity,35,gated,0.0,1.0,0
small_clinic,high_capacity,35,naive,0.0,1.0,0
small_clinic,high_capacity,35,mvr,0.0,1.0,0
small_clinic,high_capacity,35,riar,0.0,1.0,0
small_clinic,high_capacity,36,gated,115.42500000000003,1.0,0
small_clinic,high_capacity,36,naive,133.05,1.0,42
small_clinic,high_capacity,36,mvr,96.525,1.0,41
small_clinic,high_capacity,36,riar,35.85,1.0,3
small_clinic,high_capacity,37,gated,52.85,1.0,0
small_clinic,high_capacity,37,naive,34.599999999999994,1.0,7
small_clinic,high_capacity,37,mvr,56.650000000000006,1.0,9
small_clinic,high_capacity,37,riar,25.575000000000003,1.0,0
small_clinic,high_capacity,38,gated,0.0,1.0,0
small_clinic,high_capacity,38,naive,0.0,1.0,0
small_clinic,high_capacity,38,mvr,0.0,1.0,0
small_clinic,high_capacity,38,riar,0.0,1.0,0
small_clinic,high_capacity,39,gated,49.650000000000006,1.0,0
small_clinic,high_capacity,39,naive,45.97500000000001,1.0,8
small_clinic,high_capacity,39,mvr,67.89999999999999,1.0,9
small_clinic,high_capacity,39,riar,20.3,1.0,2
small_clinic,high_capacity,40,gated,0.0,1.0,0
small_clinic,high_capacity,40,naive,0.0,1.0,0
small_clinic,high_capacity,40,mvr,0.0,1.0,0
small_clinic,high_capacity,40,riar,0.0,1.0,0
small_clinic,high_capacity,41,gated,33.37500000000001,1.0,0
small_clinic,high_capacity,41,naive,69.05,1.0,70
small_clinic,high_capacity,41,mvr,69.05,1.0,70
small_clinic,high_capacity,41,riar,3.025,1.0,0
small_clinic,high_capacity,42,gated,5.15,1.0,0
small_clinic,high_capacity,42,naive,8.325,1.0,3
small_clinic,high_capacity,42,mvr,8.325,1.0,3
small_clinic,high_capacity,42,riar,13.975000000000001,1.0,0
small_clinic,high_capacity,43,gated,88.0,1.0,0
small_clinic,high_capacity,43,naive,90.57499999999999,1.0,17
small_clinic,high_capacity,43,mvr,63.800000000000004,1.0,17
small_clinic,high_capacity,43,riar,12.774999999999999,1.0,0
small_clinic,high_capacity,44,gated,36.625,1.0,0
small_clinic,high_capacity,44,naive,24.2,1.0,1
small_clinic,high_capacity,44,mvr,20.875000000000004,1.0,1
small_clinic,high_capacity,44,riar,25.275000000000002,1.0,0
small_clinic,high_capacity,45,gated,0.0,1.0,0
small_clinic,high_capacity,45,naive,0.0,1.0,0
small_clinic,high_capacity,45,mvr,0.0,1.0,0
small_clinic,high_capacity,45,riar,0.0,1.0,0
small_clinic,high_capacity,46,gated,3.0,1.0,0
small_clinic,high_capacity,46,naive,1.2,1.0,0
small_clinic,high_capacity,46,mvr,1.2,1.0,0
small_clinic,high_capacity,46,riar,1.2,1.0,0
small_clinic,high_capacity,47,gated,30.675,1.0,0
small_clinic,high_capacity,47,naive,115.15,0.8571428571428571,83
small_clinic,high_capacity,47,mvr,38.925,1.0,62
small_clinic,high_capacity,47,riar,6.050000000000001,1.0,0
small_clinic,high_capacity,48,gated,177.62500000000003,0.8571428571428571,0
small_clinic,high_capacity,48,naive,108.875,1.0,22
small_clinic,high_capacity,48,mvr,97.175,1.0,24
small_clinic,high_capacity,48,riar,52.625,1.0,8
small_clinic,high_capacity,49,gated,4.7,1.0,0
small_clinic,high_capacity,49,naive,4.7,1.0,0
small_clinic,high_capacity,49,mvr,4.7,1.0,0
small_clinic,high_capacity,49,riar,4.7,1.0,0
small_clinic,high_capacity,50,gated,0.0,1.0,0
small_clinic,high_capacity,50,naive,0.0,1.0,0
small_clinic,high_capacity,50,mvr,0.0,1.0,0
small_clinic,high_capacity,50,riar,0.0,1.0,0
small_clinic,high_capacity,51,gated,65.35,1.0,0
small_clinic,high_capacity,51,naive,67.0,1.0,4
small_clinic,high_capacity,51,mvr,58.824999999999996,1.0,5
small_clinic,high_capacity,51,riar,32.825,1.0,3
small_clinic,high_capacity,52,gated,125.32500000000002,1.0,0
small_clinic,high_capacity,52,naive,5.800000000000001,1.0,1
small_clinic,high_capacity,52,mvr,5.800000000000001,1.0,1
small_clinic,high_capacity,52,riar,5.800000000000001,1.0,1
small_clinic,high_capacity,53,gated,1.2,1.0,0
small_clinic,high_capacity,53,naive,0.44999999999999996,1.0,0
small_clinic,high_capacity,53,mvr,0.44999999999999996,1.0,0
small_clinic,high_capacity,53,riar,0.44999999999999996,1.0,0
small_clinic,high_capacity,54,gated,1.2,1.0,0
small_clinic,high_capacity,54,naive,93.25000000000001,1.0,27
small_clinic,high_capacity,54,mvr,68.475,1.0,30
small_clinic,high_capacity,54,riar,41.55,1.0,2
small_clinic,high_capacity,55,gated,0.0,1.0,0
small_clinic,high_capacity,55,naive,0.0,1.0,0
small_clinic,high_capacity,55,mvr,0.0,1.0,0
small_clinic,high_capacity,55,riar,0.0,1.0,0
small_clinic,high_capacity,56,gated,0.8,1.0,0
small_clinic,high_capacity,56,naive,101.5,1.0,25
small_clinic,high_capacity,56,mvr,96.99999999999999,1.0,25
small_clinic,high_capacity,56,riar,10.6,1.0,0
small_clinic,high_capacity,57,gated,1.6,1.0,0
small_clinic,high_capacity,57,naive,0.0,1.0,1
small_clinic,high_capacity,57,mvr,0.0,1.0,1
small_clinic,high_capacity,57,riar,0.0,1.0,0
small_clinic,high_capacity,58,gated,114.32499999999999,1.0,0
small_clinic,high_capacity,58,naive,87.7,1.0,6
small_clinic,high_capacity,58,mvr,75.3,1.0,6
small_clinic,high_capacity,58,riar,45.699999999999996,1.0,3
small_clinic,high_capacity,59,gated,1.575,1.0,0
small_clinic,high_capacity,59,naive,1.575,1.0,1
small_clinic,high_capacity,59,mvr,1.575,1.0,1
small_clinic,high_capacity,59,riar,0.7,1.0,0
small_clinic,high_capacity,60,gated,1.8,1.0,0
small_clinic,high_capacity,60,naive,1.8,1.0,0
small_clinic,high_capacity,60,mvr,1.8,1.0,0
small_clinic,high_capacity,60,riar,1.8,1.0,0
small_clinic,high_capacity,61,gated,23.8,1.0,0
small_clinic,high_capacity,61,naive,9.4,1.0,0
small_clinic,high_capacity,61,mvr,9.4,1.0,0
small_clinic,high_capacity,61,riar,9.4,1.0,0
small_clinic,high_capacity,62,gated,89.04999999999998,1.0,0
small_clinic,high_capacity,62,naive,72.075,1.0,37
small_clinic,high_capacity,62,mvr,117.07499999999999,0.8571428571428571,72
small_clinic,high_capacity,62,riar,10.799999999999999,1.0,0
small_clinic,high_capacity,63,gated,145.20000000000002,1.0,0
small_clinic,high_capacity,63,naive,135.375,1.0,23
small_clinic,high_capacity,63,mvr,113.52499999999999,1.0,23
small_clinic,high_capacity,63,riar,51.325,1.0,9
small_clinic,high_capacity,64,gated,11.35,1.0,0
small_clinic,high_capacity,64,naive,58.64999999999999,1.0,11
small_clinic,high_capacity,64,mvr,45.3,1.0,9
small_clinic,high_capacity,64,riar,10.0,1.0,0
small_clinic,high_capacity,65,gated,0.0,1.0,0
small_clinic,high_capacity,65,naive,0.0,1.0,0
small_clinic,high_capacity,65,mvr,0.0,1.0,0
small_clinic,high_capacity,65,riar,0.0,1.0,0
small_clinic,high_capacity,66,gated,136.425,1.0,0
small_clinic,high_capacity,66,naive,54.1,1.0,27
small_clinic,high_capacity,66,mvr,30.875,1.0,15
small_clinic,high_capacity,66,riar,14.65,1.0,1
small_clinic,high_capacity,67,gated,0.0,1.0,0
small_clinic,high_capacity,67,naive,0.0,1.0,0
small_clinic,high_capacity,67,mvr,0.0,1.0,0
small_clinic,high_capacity,67,riar,0.0,1.0,0
small_clinic,high_capacity,68,gated,121.35000000000002,1.0,0
small_clinic,high_capacity,68,naive,84.89999999999999,1.0,27
small_clinic,high_capacity,68,mvr,82.55,1.0,27
small_clinic,high_capacity,68,riar,8.600000000000001,1.0,0
small_clinic,high_capacity,69,gated,64.275,1.0,0
small_clinic,high_capacity,69,naive,45.625,1.0,11
small_clinic,high_capacity,69,mvr,51.95000000000001,1.0,12
small_clinic,high_capacity,69,riar,8.399999999999999,1.0,0
small_clinic,high_capacity,70,gated,9.4,1.0,0
small_clinic,high_capacity,70,naive,70.25,1.0,51
small_clinic,high_capacity,70,mvr,64.525,1.0,51
small_clinic,high_capacity,70,riar,8.55,1.0,1
small_clinic,high_capacity,71,gated,10.8,1.0,0
small_clinic,high_capacity,71,naive,10.8,1.0,0
small_clinic,high_capacity,71,mvr,10.8,1.0,0
small_clinic,high_capacity,71,riar,10.8,1.0,0
small_clinic,high_capacity,72,gated,11.175,1.0,0
small_clinic,high_capacity,72,naive,6.075,1.0,0
small_clinic,high_capacity,72,mvr,6.075,1.0,0
small_clinic,high_capacity,72,riar,6.075,1.0,0
small_clinic,high_capacity,73,gated,0.0,1.0,0
small_clinic,high_capacity,73,naive,0.0,1.0,0
small_clinic,high_capacity,73,mvr,0.0,1.0,0
small_clinic,high_capacity,73,riar,0.0,1.0,0
small_clinic,high_capacity,74,gated,114.225,1.0,0
small_clinic,high_capacity,74,naive,9.4,1.0,0
small_clinic,high_capacity,74,mvr,9.4,1.0,0
small_clinic,high_capacity,74,riar,9.4,1.0,0
small_clinic,high_capacity,75,gated,0.0,1.0,0
small_clinic,high_capacity,75,naive,87.32500000000002,1.0,74
small_clinic,high_capacity,75,mvr,83.20000000000002,1.0,77
small_clinic,high_capacity,75,riar,6.1,1.0,0
small_clinic,high_capacity,76,gated,147.42499999999998,1.0,0
small_clinic,high_capacity,76,naive,72.0,1.0,7
small_clinic,high_capacity,76,mvr,61.05,1.0,9
small_clinic,high_capacity,76,riar,24.849999999999998,1.0,0
small_clinic,high_capacity,77,gated,0.0,1.0,0
small_clinic,high_capacity,77,naive,0.0,1.0,0
small_clinic,high_capacity,77,mvr,0.0,1.0,0
small_clinic,high_capacity,77,riar,0.0,1.0,0
small_clinic,high_capacity,78,gated,117.8,1.0,0
small_clinic,high_capacity,78,naive,87.44999999999999,1.0,15
small_clinic,high_capacity,78,mvr,41.95,1.0,6
small_clinic,high_capacity,78,riar,56.449999999999996,1.0,10
small_clinic,high_capacity,79,gated,103.65,1.0,0
small_clinic,high_capacity,79,naive,101.925,1.0,25
small_clinic,high_capacity,79,mvr,85.32499999999999,1.0,27
small_clinic,high_capacity,79,riar,35.2,1.0,9
small_clinic,high_capacity,80,gated,2.9749999999999996,1.0,0
small_clinic,high_capacity,80,naive,1.75,1.0,0
small_clinic,high_capacity,80,mvr,1.75,1.0,0
small_clinic,high_capacity,80,riar,1.75,1.0,0
small_clinic,high_capacity,81,gated,11.674999999999999,1.0,0
small_clinic,high_capacity,81,naive,2.7,1.0,0
small_clinic,high_capacity,81,mvr,2.7,1.0,0
small_clinic,high_capacity,81,riar,2.7,1.0,0
small_clinic,high_capacity,82,gated,157.4,1.0,0
small_clinic,high_capacity,82,naive,66.10000000000001,1.0,10
small_clinic,high_capacity,82,mvr,130.8,1.0,24
small_clinic,high_capacity,82,riar,45.175000000000004,1.0,2
small_clinic,high_capacity,83,gated,31.525000000000002,1.0,0
small_clinic,high_capacity,83,naive,72.30000000000001,1.0,47
small_clinic,high_capacity,83,mvr,116.25000000000001,1.0,63
small_clinic,high_capacity,83,riar,18.099999999999998,1.0,1
small_clinic,high_capacity,84,gated,125.77499999999999,1.0,0
small_clinic,high_capacity,84,naive,83.12500000000001,1.0,7
small_clinic,high_capacity,84,mvr,77.47500000000001,1.0,11
small_clinic,high_capacity,84,riar,32.349999999999994,1.0,4
small_clinic,high_capacity,85,gated,0.0,1.0,0
small_clinic,high_capacity,85,naive,0.0,1.0,0
small_clinic,high_capacity,85,mvr,0.0,1.0,0
small_clinic,high_capacity,85,riar,0.0,1.0,0
small_clinic,high_capacity,86,gated,2.0999999999999996,1.0,0
small_clinic,high_capacity,86,naive,3.325,1.0,1
small_clinic,high_capacity,86,mvr,3.325,1.0,1
small_clinic,high_capacity,86,riar,31.775000000000006,1.0,5
small_clinic,high_capacity,87,gated,3.5250000000000004,1.0,0
small_clinic,high_capacity,87,naive,3.5250000000000004,1.0,0
small_clinic,high_capacity,87,mvr,3.5250000000000004,1.0,0
small_clinic,high_capacity,87,riar,3.5250000000000004,1.0,0
small_clinic,high_capacity,88,gated,40.0,1.0,0
small_clinic,high_capacity,88,naive,13.4,1.0,0
small_clinic,high_capacity,88,mvr,13.4,1.0,0
small_clinic,high_capacity,88,riar,13.4,1.0,0
small_clinic,high_capacity,89,gated,0.0,1.0,0
small_clinic,high_capacity,89,naive,0.0,1.0,0
small_clinic,high_capacity,89,mvr,0.0,1.0,0
small_clinic,high_capacity,89,riar,0.0,1.0,0
small_clinic,high_capacity,90,gated,27.550000000000004,1.0,0
small_clinic,high_capacity,90,naive,82.975,1.0,38
small_clinic,high_capacity,90,mvr,107.50000000000001,1.0,48
small_clinic,high_capacity,90,riar,24.425,1.0,2
small_clinic,high_capacity,91,gated,112.92500000000001,1.0,0
small_clinic,high_capacity,91,naive,103.74999999999999,1.0,13
small_clinic,high_capacity,91,mvr,19.675,1.0,4
small_clinic,high_capacity,91,riar,44.47500000000001,1.0,3
small_clinic,high_capacity,92,gated,41.325,1.0,0
small_clinic,high_capacity,92,naive,19.825000000000003,1.0,0
small_clinic,high_capacity,92,mvr,14.524999999999999,1.0,0
small_clinic,high_capacity,92,riar,14.524999999999999,1.0,0
small_clinic,high_capacity,93,gated,0.0,1.0,0
small_clinic,high_capacity,93,naive,0.0,1.0,0
small_clinic,high_capacity,93,mvr,0.0,1.0,0
small_clinic,high_capacity,93,riar,0.0,1.0,0
small_clinic,high_capacity,94,gated,12.9,1.0,0
small_clinic,high_capacity,94,naive,23.174999999999997,1.0,6
small_clinic,high_capacity,94,mvr,23.174999999999997,1.0,6
small_clinic,high_capacity,94,riar,2.2,1.0,0
small_clinic,high_capacity,95,gated,0.0,1.0,0
small_clinic,high_capacity,95,naive,0.0,1.0,0
small_clinic,high_capacity,95,mvr,0.0,1.0,0
small_clinic,high_capacity,95,riar,0.0,1.0,0
small_clinic,high_capacity,96,gated,70.74999999999999,1.0,0
small_clinic,high_capacity,96,naive,88.85,1.0,18
small_clinic,high_capacity,96,mvr,52.2,1.0,15
small_clinic,high_capacity,96,riar,34.85,1.0,2
small_clinic,high_capacity,97,gated,86.375,1.0,0
small_clinic,high_capacity,97,naive,45.70000000000001,1.0,23
small_clinic,high_capacity,97,mvr,45.70000000000001,1.0,23
small_clinic,high_capacity,97,riar,38.825,1.0,5
small_clinic,high_capacity,98,gated,100.525,1.0,0
small_clinic,high_capacity,98,naive,5.9,1.0,2
small_clinic,high_capacity,98,mvr,5.9,1.0,2
small_clinic,high_capacity,98,riar,0.0,1.0,0
small_clinic,high_capacity,99,gated,69.85,1.0,0
small_clinic,high_capacity,99,naive,122.675,1.0,10
small_clinic,high_capacity,99,mvr,109.27499999999999,1.0,10
small_clinic,high_capacity,99,riar,41.425000000000004,1.0,0
small_clinic,high_capacity,100,gated,0.0,1.0,0
small_clinic,high_capacity,100,naive,0.0,1.0,0
small_clinic,high_capacity,100,mvr,0.0,1.0,0
small_clinic,high_capacity,100,riar,0.0,1.0,0
small_clinic,high_capacity,101,gated,52.55,1.0,0
small_clinic,high_capacity,101,naive,103.775,1.0,26
small_clinic,high_capacity,101,mvr,52.27499999999999,1.0,17
small_clinic,high_capacity,101,riar,49.025000000000006,1.0,12
small_clinic,high_capacity,102,gated,43.65,1.0,0
small_clinic,high_capacity,102,naive,38.525,1.0,14
small_clinic,high_capacity,102,mvr,38.525,1.0,14
small_clinic,high_capacity,102,riar,11.65,1.0,0
small_clinic,high_capacity,103,gated,14.75,1.0,0
small_clinic,high_capacity,103,naive,4.575,1.0,1
small_clinic,high_capacity,103,mvr,4.575,1.0,1
small_clinic,high_capacity,103,riar,18.7,1.0,4
small_clinic,high_capacity,104,gated,18.275,1.0,0
small_clinic,high_capacity,104,naive,125.7,1.0,41
small_clinic,high_capacity,104,mvr,110.30000000000001,1.0,41
small_clinic,high_capacity,104,riar,29.799999999999997,1.0,1
small_clinic,high_capacity,105,gated,0.0,1.0,0
small_clinic,high_capacity,105,naive,0.0,1.0,0
small_clinic,high_capacity,105,mvr,0.0,1.0,0
small_clinic,high_capacity,105,riar,0.0,1.0,0
small_clinic,high_capacity,106,gated,9.4,1.0,0
small_clinic,high_capacity,106,naive,0.0,1.0,1
small_clinic,high_capacity,106,mvr,0.0,1.0,1
small_clinic,high_capacity,106,riar,0.0,1.0,3
small_clinic,high_capacity,107,gated,86.575,1.0,0
small_clinic,high_capacity,107,naive,4.0,1.0,0
small_clinic,high_capacity,107,mvr,4.0,1.0,0
small_clinic,high_capacity,107,riar,4.0,1.0,0
small_clinic,high_capacity,108,gated,102.8,1.0,0
small_clinic,high_capacity,108,naive,126.925,1.0,32
small_clinic,high_capacity,108,mvr,65.77499999999999,1.0,23
small_clinic,high_capacity,108,riar,29.249999999999996,1.0,7
small_clinic,high_capacity,109,gated,52.825,1.0,0
small_clinic,high_capacity,109,naive,100.17500000000001,1.0,22
small_clinic,high_capacity,109,mvr,75.65,1.0,17
small_clinic,high_capacity,109,riar,9.374999999999998,1.0,1
small_clinic,high_capacity,110,gated,0.0,1.0,0
small_clinic,high_capacity,110,naive,0.0,1.0,0
small_clinic,high_capacity,110,mvr,0.0,1.0,0
small_clinic,high_capacity,110,riar,0.0,1.0,0
small_clinic,high_capacity,111,gated,19.525,1.0,0
small_clinic,high_capacity,111,naive,4.575,1.0,1
small_clinic,high_capacity,111,mvr,4.575,1.0,1
small_clinic,high_capacity,111,riar,4.225,1.0,0
small_clinic,high_capacity,112,gated,119.325,1.0,0
small_clinic,high_capacity,112,naive,100.25000000000001,1.0,32
small_clinic,high_capacity,112,mvr,67.875,1.0,26
small_clinic,high_capacity,112,riar,5.65,1.0,0
small_clinic,high_capacity,113,gated,99.375,1.0,0
small_clinic,high_capacity,113,naive,44.52499999999999,1.0,7
small_clinic,high_capacity,113,mvr,30.324999999999996,1.0,7
small_clinic,high_capacity,113,riar,3.225,1.0,1
small_clinic,high_capacity,114,gated,43.300000000000004,1.0,0
small_clinic,high_capacity,114,naive,61.725,1.0,7
small_clinic,high_capacity,114,mvr,43.975,1.0,5
small_clinic,high_capacity,114,riar,13.525,1.0,0
small_clinic,high_capacity,115,gated,1.2,1.0,0
small_clinic,high_capacity,115,naive,0.0,1.0,0
small_clinic,high_capacity,115,mvr,0.0,1.0,0
small_clinic,high_capacity,115,riar,0.0,1.0,0
small_clinic,high_capacity,116,gated,0.0,1.0,0
small_clinic,high_capacity,116,naive,0.0,1.0,0
small_clinic,high_capacity,116,mvr,0.0,1.0,0
small_clinic,high_capacity,116,riar,0.0,1.0,0
small_clinic,high_capacity,117,gated,0.5,1.0,0
small_clinic,high_capacity,117,naive,0.5,1.0,0
small_clinic,high_capacity,117,mvr,0.5,1.0,0
small_clinic,high_capacity,117,riar,0.5,1.0,0
small_clinic,high_capacity,118,gated,111.925,1.0,0
small_clinic,high_capacity,118,naive,132.64999999999998,1.0,17
small_clinic,high_capacity,118,mvr,112.24999999999999,1.0,17
small_clinic,high_capacity,118,riar,51.425,1.0,5
small_clinic,high_capacity,119,gated,67.05,1.0,0
small_clinic,high_capacity,119,naive,77.375,1.0,10
small_clinic,high_capacity,119,mvr,67.9,1.0,10
small_clinic,high_capacity,119,riar,50.975,1.0,3
regional_hospital,resource_constrained,0,gated,137.275,1.0,0
regional_hospital,resource_constrained,0,naive,234.20000000000005,0.0,271
regional_hospital,resource_constrained,0,mvr,144.3,0.8571428571428571,145
regional_hospital,resource_constrained,0,riar,82.67500000000001,1.0,65
regional_hospital,resource_constrained,1,gated,136.10000000000002,1.0,0
regional_hospital,resource_constrained,1,naive,85.275,0.8571428571428571,46
regional_hospital,resource_constrained,1,mvr,229.35,0.0,257
regional_hospital,resource_constrained,1,riar,91.57499999999999,0.7142857142857143,186
regional_hospital,resource_constrained,2,gated,147.95,1.0,0
regional_hospital,resource_constrained,2,naive,243.92499999999998,0.0,271
regional_hospital,resource_constrained,2,mvr,245.79999999999998,0.0,267
regional_hospital,resource_constrained,2,riar,80.52499999999999,1.0,36
regional_hospital,resource_constrained,3,gated,132.725,1.0,0
regional_hospital,resource_constrained,3,naive,224.42499999999998,0.0,192
regional_hospital,resource_constrained,3,mvr,227.075,0.0,202
regional_hospital,resource_constrained,3,riar,81.82499999999999,1.0,26
regional_hospital,resource_constrained,4,gated,124.3,1.0,0
regional_hospital,resource_constrained,4,naive,240.875,0.0,229
regional_hospital,resource_constrained,4,mvr,243.075,0.0,224
regional_hospital,resource_constrained,4,riar,66.575,1.0,24
regional_hospital,resource_constrained,5,gated,148.35,1.0,0
regional_hospital,resource_constrained,5,naive,243.775,0.0,225
regional_hospital,resource_constrained,5,mvr,242.20000000000002,0.0,226
regional_hospital,resource_constrained,5,riar,121.575,1.0,83
regional_hospital,resource_constrained,6,gated,138.425,1.0,0
regional_hospital,resource_constrained,6,naive,249.8,0.0,240
regional_hospital,resource_constrained,6,mvr,249.8,0.0,240
regional_hospital,resource_constrained,6,riar,75.175,1.0,27
regional_hospital,resource_constrained,7,gated,145.65,0.14285714285714285,0
regional_hospital,resource_constrained,7,naive,219.7,0.5714285714285714,227
regional_hospital,resource_constrained,7,mvr,219.7,0.5714285714285714,227
regional_hospital,resource_constrained,7,riar,81.60000000000001,1.0,49
regional_hospital,resource_constrained,8,gated,135.35,1.0,0
regional_hospital,resource_constrained,8,naive,242.75000000000003,0.0,234
regional_hospital,resource_constrained,8,mvr,238.925,0.0,233
regional_hospital,resource_constrained,8,riar,103.60000000000001,1.0,67
regional_hospital,resource_constrained,9,gated,129.575,0.14285714285714285,0
regional_hospital,resource_constrained,9,naive,175.85,0.8571428571428571,109
regional_hospital,resource_constrained,9,mvr,247.05000000000004,0.2857142857142857,191
regional_hospital,resource_constrained,9,riar,86.425,1.0,31
regional_hospital,resource_constrained,10,gated,6.4,1.0,0
regional_hospital,resource_constrained,10,naive,6.4,1.0,0
regional_hospital,resource_constrained,10,mvr,6.4,1.0,0
regional_hospital,resource_constrained,10,riar,6.4,1.0,0
regional_hospital,resource_constrained,11,gated,124.125,1.0,0
regional_hospital,resource_constrained,11,naive,236.35000000000002,0.0,236
regional_hospital,resource_constrained,11,mvr,228.425,0.0,236
regional_hospital,resource_constrained,11,riar,69.2,1.0,16
regional_hospital,resource_constrained,12,gated,140.7,1.0,0
regional_hospital,resource_constrained,12,naive,239.75,0.2857142857142857,247
regional_hospital,resource_constrained,12,mvr,235.45000000000002,0.0,251
regional_hospital,resource_constrained,12,riar,65.32499999999999,1.0,30
regional_hospital,resource_constrained,13,gated,3.2,1.0,0
regional_hospital,resource_constrained,13,naive,3.2,1.0,0
regional_hospital,resource_constrained,13,mvr,3.2,1.0,0
regional_hospital,resource_constrained,13,riar,3.2,1.0,0
regional_hospital,resource_constrained,14,gated,114.97500000000001,1.0,0
regional_hospital,resource_constrained,14,naive,244.625,0.0,191
regional_hospital,resource_constrained,14,mvr,244.625,0.0,191
regional_hospital,resource_constrained,14,riar,67.82499999999999,1.0,15
regional_hospital,resource_constrained,15,gated,0.0,1.0,0
regional_hospital,resource_constrained,15,naive,0.0,1.0,0
regional_hospital,resource_constrained,15,mvr,0.0,1.0,0
regional_hospital,resource_constrained,15,riar,0.0,1.0,0
regional_hospital,resource_constrained,16,gated,123.60000000000001,1.0,0
regional_hospital,resource_constrained,16,naive,223.675,0.2857142857142857,212
regional_hospital,resource_constrained,16,mvr,230.22500000000002,0.14285714285714285,222
regional_hospital,resource_constrained,16,riar,66.725,1.0,29
regional_hospital,resource_constrained,17,gated,153.29999999999998,1.0,0
regional_hospital,resource_constrained,17,naive,241.275,0.0,265
regional_hospital,resource_constrained,17,mvr,241.275,0.0,265
regional_hospital,resource_constrained,17,riar,75.47500000000001,1.0,43
regional_hospital,resource_constrained,18,gated,126.7,0.8571428571428571,0
regional_hospital,resource_constrained,18,naive,207.9,0.14285714285714285,269
regional_hospital,resource_constrained,18,mvr,210.325,0.0,270
regional_hospital,resource_constrained,18,riar,80.87500000000001,1.0,105
regional_hospital,resource_constrained,19,gated,111.3,1.0,0
regional_hospital,resource_constrained,19,naive,225.04999999999998,0.0,191
regional_hospital,resource_constrained,19,mvr,229.125,0.0,194
regional_hospital,resource_constrained,19,riar,69.975,1.0,25
regional_hospital,resource_constrained,20,gated,157.35000000000002,1.0,0
regional_hospital,resource_constrained,20,naive,241.87500000000003,0.0,301
regional_hospital,resource_constrained,20,mvr,241.87500000000003,0.0,301
regional_hospital,resource_constrained,20,riar,84.10000000000002,1.0,58
regional_hospital,resource_constrained,21,gated,141.8,1.0,0
regional_hospital,resource_constrained,21,naive,246.60000000000005,0.0,267
regional_hospital,resource_constrained,21,mvr,246.60000000000005,0.0,262
regional_hospital,resource_constrained,21,riar,100.75000000000001,1.0,46
regional_hospital,resource_constrained,22,gated,114.52500000000002,1.0,0
regional_hospital,resource_constrained,22,naive,236.15,0.14285714285714285,213
regional_hospital,resource_constrained,22,mvr,198.25,0.8571428571428571,162
regional_hospital,resource_constrained,22,riar,79.625,1.0,78
regional_hospital,resource_constrained,23,gated,104.625,1.0,0
regional_hospital,resource_constrained,23,naive,229.525,0.0,320
regional_hospital,resource_constrained,23,mvr,214.15,0.0,319
regional_hospital,resource_constrained,23,riar,88.82500000000002,1.0,80
regional_hospital,resource_constrained,24,gated,126.35,1.0,0
regional_hospital,resource_constrained,24,naive,246.85000000000002,0.0,193
regional_hospital,resource_constrained,24,mvr,240.00000000000003,0.0,184
regional_hospital,resource_constrained,24,riar,70.3,1.0,17
regional_hospital,resource_constrained,25,gated,144.2,1.0,0
regional_hospital,resource_constrained,25,naive,241.3,0.2857142857142857,235
regional_hospital,resource_constrained,25,mvr,208.05,0.8571428571428571,185
regional_hospital,resource_constrained,25,riar,64.725,1.0,27
regional_hospital,resource_constrained,26,gated,147.67499999999998,1.0,0
regional_hospital,resource_constrained,26,naive,251.45,0.0,233
regional_hospital,resource_constrained,26,mvr,251.45,0.0,233
regional_hospital,resource_constrained,26,riar,71.50000000000001,1.0,25
regional_hospital,resource_constrained,27,gated,125.0,1.0,0
regional_hospital,resource_constrained,27,naive,131.47500000000002,1.0,103
regional_hospital,resource_constrained,27,mvr,131.47500000000002,1.0,103
regional_hospital,resource_constrained,27,riar,72.25000000000001,1.0,36
regional_hospital,resource_constrained,28,gated,170.225,0.8571428571428571,0
regional_hospital,resource_constrained,28,naive,86.375,1.0,84
regional_hospital,resource_constrained,28,mvr,86.375,1.0,84
regional_hospital,resource_constrained,28,riar,71.775,1.0,58
regional_hospital,resource_constrained,29,gated,114.17500000000001,1.0,0
regional_hospital,resource_constrained,29,naive,233.425,0.0,227
regional_hospital,resource_constrained,29,mvr,239.45000000000005,0.14285714285714285,215
regional_hospital,resource_constrained,29,riar,65.975,0.14285714285714285,20
regional_hospital,resource_constrained,30,gated,148.85,1.0,0
regional_hospital,resource_constrained,30,naive,144.5,1.0,113
regional_hospital,resource_constrained,30,mvr,144.5,1.0,113
regional_hospital,resource_constrained,30,riar,70.47500000000001,1.0,36
regional_hospital,resource_constrained,31,gated,138.85,1.0,0
regional_hospital,resource_constrained,31,naive,233.67499999999995,0.42857142857142855,203
regional_hospital,resource_constrained,31,mvr,242.82500000000002,0.0,233
regional_hospital,resource_constrained,31,riar,80.65,0.8571428571428571,26
regional_hospital,resource_constrained,32,gated,127.425,1.0,0
regional_hospital,resource_constrained,32,naive,223.275,0.7142857142857143,178
regional_hospital,resource_constrained,32,mvr,245.35000000000002,0.0,235
regional_hospital,resource_constrained,32,riar,91.07500000000002,1.0,43
regional_hospital,resource_constrained,33,gated,132.25,1.0,0
regional_hospital,resource_constrained,33,naive,209.025,0.7142857142857143,193
regional_hospital,resource_constrained,33,mvr,234.52499999999998,0.0,246
regional_hospital,resource_constrained,33,riar,71.675,1.0,36
regional_hospital,resource_constrained,34,gated,161.1,1.0,0
regional_hospital,resource_constrained,34,naive,236.0,0.14285714285714285,229
regional_hospital,resource_constrained,34,mvr,239.17499999999998,0.0,232
regional_hospital,resource_constrained,34,riar,63.275,1.0,28
regional_hospital,resource_constrained,35,gated,174.275,0.8571428571428571,0
regional_hospital,resource_constrained,35,naive,244.37500000000003,0.0,273
regional_hospital,resource_constrained,35,mvr,232.375,0.0,288
regional_hospital,resource_constrained,35,riar,76.27499999999999,1.0,43
regional_hospital,resource_constrained,36,gated,137.70000000000002,0.8571428571428571,0
regional_hospital,resource_constrained,36,naive,237.02499999999998,0.0,223
regional_hospital,resource_constrained,36,mvr,198.45,0.8571428571428571,153
regional_hospital,resource_constrained,36,riar,80.175,1.0,23
regional_hospital,resource_constrained,37,gated,129.275,1.0,0
regional_hospital,resource_constrained,37,naive,246.42499999999998,0.0,263
regional_hospital,resource_constrained,37,mvr,246.42499999999998,0.0,263
regional_hospital,resource_constrained,37,riar,84.825,0.14285714285714285,54
regional_hospital,resource_constrained,38,gated,0.0,1.0,0
regional_hospital,resource_constrained,38,naive,0.0,1.0,0
regional_hospital,resource_constrained,38,mvr,0.0,1.0,0
regional_hospital,resource_constrained,38,riar,0.0,1.0,0
regional_hospital,resource_constrained,39,gated,131.87499999999997,1.0,0
regional_hospital,resource_constrained,39,naive,249.75000000000003,0.0,190
regional_hospital,resource_constrained,39,mvr,248.875,0.2857142857142857,173
regional_hospital,resource_constrained,39,riar,76.72500000000001,1.0,24
regional_hospital,resource_constrained,40,gated,133.075,1.0,0
regional_hospital,resource_constrained,40,naive,229.22499999999997,0.0,316
regional_hospital,resource_constrained,40,mvr,229.22499999999997,0.0,316
regional_hospital,resource_constrained,40,riar,61.625,1.0,84
regional_hospital,resource_constrained,41,gated,153.35,1.0,0
regional_hospital,resource_constrained,41,naive,248.27500000000003,0.0,261
regional_hospital,resource_constrained,41,mvr,248.27500000000003,0.0,261
regional_hospital,resource_constrained,41,riar,106.37500000000001,0.8571428571428571,47
regional_hospital,resource_constrained,42,gated,127.125,1.0,0
regional_hospital,resource_constrained,42,naive,238.225,0.0,259
regional_hospital,resource_constrained,42,mvr,235.9,0.0,257
regional_hospital,resource_constrained,42,riar,79.55,0.8571428571428571,68
regional_hospital,resource_constrained,43,gated,141.15,0.8571428571428571,0
regional_hospital,resource_constrained,43,naive,239.95000000000002,0.2857142857142857,194
regional_hospital,resource_constrained,43,mvr,239.95000000000002,0.2857142857142857,194
regional_hospital,resource_constrained,43,riar,73.75,1.0,45
regional_hospital,resource_constrained,44,gated,162.025,1.0,0
regional_hospital,resource_constrained,44,naive,243.77499999999998,0.14285714285714285,240
regional_hospital,resource_constrained,44,mvr,248.325,0.0,247
regional_hospital,resource_constrained,44,riar,87.175,1.0,35
regional_hospital,resource_constrained,45,gated,151.875,1.0,0
regional_hospital,resource_constrained,45,naive,240.65,0.2857142857142857,243
regional_hospital,resource_constrained,45,mvr,234.275,0.42857142857142855,224
regional_hospital,resource_constrained,45,riar,61.85000000000001,1.0,33
regional_hospital,resource_constrained,46,gated,128.75,1.0,0
regional_hospital,resource_constrained,46,naive,247.175,0.0,237
regional_hospital,resource_constrained,46,mvr,244.45,0.0,243
regional_hospital,resource_constrained,46,riar,77.675,1.0,39
regional_hospital,resource_constrained,47,gated,116.12499999999999,1.0,0
regional_hospital,resource_constrained,47,naive,239.025,0.0,241
regional_hospital,resource_constrained,47,mvr,235.6,0.0,236
regional_hospital,resource_constrained,47,riar,62.525,1.0,13
regional_hospital,resource_constrained,48,gated,152.725,1.0,0
regional_hospital,resource_constrained,48,naive,237.275,0.0,281
regional_hospital,resource_constrained,48,mvr,237.275,0.0,281
regional_hospital,resource_constrained,48,riar,78.35000000000001,1.0,75
regional_hospital,resource_constrained,49,gated,135.4,1.0,0
regional_hospital,resource_constrained,49,naive,243.47499999999997,0.0,281
regional_hospital,resource_constrained,49,mvr,243.47499999999997,0.0,281
regional_hospital,resource_constrained,49,riar,75.45,1.0,46
regional_hospital,resource_constrained,50,gated,121.85,1.0,0
regional_hospital,resource_constrained,50,naive,236.79999999999998,0.0,271
regional_hospital,resource_constrained,50,mvr,236.79999999999998,0.0,271
regional_hospital,resource_constrained,50,riar,68.45,1.0,40
regional_hospital,resource_constrained,51,gated,119.625,1.0,0
regional_hospital,resource_constrained,51,naive,150.97500000000002,1.0,132
regional_hospital,resource_constrained,51,mvr,224.975,0.0,248
regional_hospital,resource_constrained,51,riar,78.025,1.0,27
regional_hospital,resource_constrained,52,gated,114.35000000000001,1.0,0
regional_hospital,resource_constrained,52,naive,242.775,0.0,177
regional_hospital,resource_constrained,52,mvr,122.5,1.0,58
regional_hospital,resource_constrained,52,riar,78.1,1.0,13
regional_hospital,resource_constrained,53,gated,120.15000000000002,1.0,0
regional_hospital,resource_constrained,53,naive,246.65,0.0,250
regional_hospital,resource_constrained,53,mvr,246.65,0.0,253
regional_hospital,resource_constrained,53,riar,73.625,1.0,45
regional_hospital,resource_constrained,54,gated,171.77500000000003,1.0,0
regional_hospital,resource_constrained,54,naive,210.8,0.8571428571428571,145
regional_hospital,resource_constrained,54,mvr,243.825,0.0,205
regional_hospital,resource_constrained,54,riar,70.75,0.8571428571428571,19
regional_hospital,resource_constrained,55,gated,145.925,0.8571428571428571,0
regional_hospital,resource_constrained,55,naive,216.17499999999998,0.2857142857142857,276
regional_hospital,resource_constrained,55,mvr,215.19999999999996,0.0,284
regional_hospital,resource_constrained,55,riar,80.45,1.0,106
regional_hospital,resource_constrained,56,gated,139.07500000000002,0.14285714285714285,0
regional_hospital,resource_constrained,56,naive,231.65,0.5714285714285714,205
regional_hospital,resource_constrained,56,mvr,231.175,0.5714285714285714,205
regional_hospital,resource_constrained,56,riar,71.44999999999999,1.0,25
regional_hospital,resource_constrained,57,gated,138.025,1.0,0
regional_hospital,resource_constrained,57,naive,247.175,0.0,263
regional_hospital,resource_constrained,57,mvr,157.925,0.8571428571428571,138
regional_hospital,resource_constrained,57,riar,66.45,1.0,37
regional_hospital,resource_constrained,58,gated,164.20000000000002,1.0,0
regional_hospital,resource_constrained,58,naive,244.75,0.14285714285714285,226
regional_hospital,resource_constrained,58,mvr,244.725,0.2857142857142857,224
regional_hospital,resource_constrained,58,riar,78.0,1.0,42
regional_hospital,resource_constrained,59,gated,165.025,1.0,0
regional_hospital,resource_constrained,59,naive,239.875,0.0,220
regional_hospital,resource_constrained,59,mvr,240.55,0.0,221
regional_hospital,resource_constrained,59,riar,81.12499999999999,1.0,42
regional_hospital,resource_constrained,60,gated,127.60000000000001,1.0,0
regional_hospital,resource_constrained,60,naive,245.32500000000002,0.0,221
regional_hospital,resource_constrained,60,mvr,245.775,0.0,229
regional_hospital,resource_constrained,60,riar,93.9,1.0,60
regional_hospital,resource_constrained,61,gated,144.25,1.0,0
regional_hospital,resource_constrained,61,naive,249.82500000000002,0.0,252
regional_hospital,resource_constrained,61,mvr,249.82500000000002,0.0,252
regional_hospital,resource_constrained,61,riar,109.42500000000001,0.8571428571428571,143
regional_hospital,resource_constrained,62,gated,128.22500000000002,1.0,0
regional_hospital,resource_constrained,62,naive,217.225,0.7142857142857143,185
regional_hospital,resource_constrained,62,mvr,244.675,0.0,244
regional_hospital,resource_constrained,62,riar,67.10000000000001,1.0,30
regional_hospital,resource_constrained,63,gated,159.125,1.0,0
regional_hospital,resource_constrained,63,naive,229.375,0.14285714285714285,220
regional_hospital,resource_constrained,63,mvr,238.775,0.14285714285714285,222
regional_hospital,resource_constrained,63,riar,88.55,1.0,32
regional_hospital,resource_constrained,64,gated,140.625,1.0,0
regional_hospital,resource_constrained,64,naive,158.975,0.8571428571428571,115
regional_hospital,resource_constrained,64,mvr,153.35000000000002,0.8571428571428571,110
regional_hospital,resource_constrained,64,riar,71.525,1.0,40
regional_hospital,resource_constrained,65,gated,0.0,1.0,0
regional_hospital,resource_constrained,65,naive,0.0,1.0,0
regional_hospital,resource_constrained,65,mvr,0.0,1.0,0
regional_hospital,resource_constrained,65,riar,0.0,1.0,0
regional_hospital,resource_constrained,66,gated,12.2,1.0,0
regional_hospital,resource_constrained,66,naive,12.2,1.0,0
regional_hospital,resource_constrained,66,mvr,12.2,1.0,0
regional_hospital,resource_constrained,66,riar,12.2,1.0,0
regional_hospital,resource_constrained,67,gated,135.2,0.8571428571428571,0
regional_hospital,resource_constrained,67,naive,235.85,0.0,251
regional_hospital,resource_constrained,67,mvr,242.625,0.0,249
regional_hospital,resource_constrained,67,riar,100.625,1.0,91
regional_hospital,resource_constrained,68,gated,140.075,1.0,0
regional_hospital,resource_constrained,68,naive,222.35000000000002,0.5714285714285714,155
regional_hospital,resource_constrained,68,mvr,240.775,0.0,218
regional_hospital,resource_constrained,68,riar,78.4,1.0,20
regional_hospital,resource_constrained,69,gated,145.42499999999998,1.0,0
regional_hospital,resource_constrained,69,naive,239.975,0.0,199
regional_hospital,resource_constrained,69,mvr,238.325,0.0,209
regional_hospital,resource_constrained,69,riar,99.75,1.0,44
regional_hospital,resource_constrained,70,gated,143.825,1.0,0
regional_hospital,resource_constrained,70,naive,234.04999999999998,0.0,287
regional_hospital,resource_constrained,70,mvr,232.075,0.0,284
regional_hospital,resource_constrained,70,riar,77.70000000000002,1.0,96
regional_hospital,resource_constrained,71,gated,172.375,1.0,0
regional_hospital,resource_constrained,71,naive,244.9,0.0,274
regional_hospital,resource_constrained,71,mvr,245.125,0.0,279
regional_hospital,resource_constrained,71,riar,78.55000000000001,1.0,50
regional_hospital,resource_constrained,72,gated,175.6,1.0,0
regional_hospital,resource_constrained,72,naive,195.97500000000002,0.8571428571428571,117
regional_hospital,resource_constrained,72,mvr,190.15000000000003,0.7142857142857143,115
regional_hospital,resource_constrained,72,riar,134.025,0.5714285714285714,135
regional_hospital,resource_constrained,73,gated,0.0,1.0,0
regional_hospital,resource_constrained,73,naive,0.0,1.0,0
regional_hospital,resource_constrained,73,mvr,0.0,1.0,0
regional_hospital,resource_constrained,73,riar,0.0,1.0,0
regional_hospital,resource_constrained,74,gated,124.05000000000001,1.0,0
regional_hospital,resource_constrained,74,naive,248.3,0.0,255
regional_hospital,resource_constrained,74,mvr,248.3,0.0,249
regional_hospital,resource_constrained,74,riar,82.175,0.8571428571428571,35
regional_hospital,resource_constrained,75,gated,112.75,1.0,0
regional_hospital,resource_constrained,75,naive,244.72499999999997,0.0,280
regional_hospital,resource_constrained,75,mvr,244.49999999999997,0.0,279
regional_hospital,resource_constrained,75,riar,80.62500000000001,1.0,66
regional_hospital,resource_constrained,76,gated,153.1,1.0,0
regional_hospital,resource_constrained,76,naive,240.35,0.0,230
regional_hospital,resource_constrained,76,mvr,244.17499999999998,0.0,232
regional_hospital,resource_constrained,76,riar,79.15,1.0,30
regional_hospital,resource_constrained,77,gated,142.625,1.0,0
regional_hospital,resource_constrained,77,naive,225.35000000000002,0.0,276
regional_hospital,resource_constrained,77,mvr,231.05000000000004,0.0,271
regional_hospital,resource_constrained,77,riar,87.42500000000001,1.0,56
regional_hospital,resource_constrained,78,gated,154.3,1.0,0
regional_hospital,resource_constrained,78,naive,243.82500000000002,0.0,245
regional_hospital,resource_constrained,78,mvr,219.14999999999998,0.7142857142857143,181
regional_hospital,resource_constrained,78,riar,75.975,1.0,30
regional_hospital,resource_constrained,79,gated,129.75,1.0,0
regional_hospital,resource_constrained,79,naive,245.725,0.0,263
regional_hospital,resource_constrained,79,mvr,242.275,0.0,251
regional_hospital,resource_constrained,79,riar,76.17500000000001,1.0,32
regional_hospital,resource_constrained,80,gated,171.6,0.8571428571428571,0
regional_hospital,resource_constrained,80,naive,218.45,0.0,257
regional_hospital,resource_constrained,80,mvr,228.475,0.2857142857142857,247
regional_hospital,resource_constrained,80,riar,80.50000000000001,1.0,69
regional_hospital,resource_constrained,81,gated,148.27499999999998,1.0,0
regional_hospital,resource_constrained,81,naive,143.375,1.0,94
regional_hospital,resource_constrained,81,mvr,143.15,1.0,94
regional_hospital,resource_constrained,81,riar,72.85000000000001,1.0,39
regional_hospital,resource_constrained,82,gated,122.25,1.0,0
regional_hospital,resource_constrained,82,naive,251.37500000000003,0.0,253
regional_hospital,resource_constrained,82,mvr,251.37500000000003,0.0,253
regional_hospital,resource_constrained,82,riar,71.625,1.0,31
regional_hospital,resource_constrained,83,gated,133.87500000000003,1.0,0
regional_hospital,resource_constrained,83,naive,241.45,0.0,274
regional_hospital,resource_constrained,83,mvr,236.54999999999998,0.0,275
regional_hospital,resource_constrained,83,riar,68.375,1.0,58
regional_hospital,resource_constrained,84,gated,167.225,1.0,0
regional_hospital,resource_constrained,84,naive,79.575,1.0,37
regional_hospital,resource_constrained,84,mvr,79.575,1.0,37
regional_hospital,resource_constrained,84,riar,91.95,0.8571428571428571,24
regional_hospital,resource_constrained,85,gated,140.875,1.0,0
regional_hospital,resource_constrained,85,naive,239.725,0.0,218
regional_hospital,resource_constrained,85,mvr,239.725,0.0,214
regional_hospital,resource_constrained,85,riar,80.37500000000001,1.0,35
regional_hospital,resource_constrained,86,gated,118.075,1.0,0
regional_hospital,resource_constrained,86,naive,249.07500000000002,0.0,268
regional_hospital,resource_constrained,86,mvr,241.47500000000002,0.0,272
regional_hospital,resource_constrained,86,riar,103.35,1.0,54
regional_hospital,resource_constrained,87,gated,192.575,0.8571428571428571,0
regional_hospital,resource_constrained,87,naive,246.29999999999998,0.0,194
regional_hospital,resource_constrained,87,mvr,245.4,0.0,205
regional_hospital,resource_constrained,87,riar,75.25,1.0,27
regional_hospital,resource_constrained,88,gated,124.875,1.0,0
regional_hospital,resource_constrained,88,naive,177.425,0.8571428571428571,154
regional_hospital,resource_constrained,88,mvr,222.15000000000003,0.42857142857142855,217
regional_hospital,resource_constrained,88,riar,75.35000000000001,1.0,40
regional_hospital,resource_constrained,89,gated,104.25000000000001,1.0,0
regional_hospital,resource_constrained,89,naive,246.875,0.0,174
regional_hospital,resource_constrained,89,mvr,246.875,0.0,174
regional_hospital,resource_constrained,89,riar,75.65,0.14285714285714285,17
regional_hospital,resource_constrained,90,gated,130.42500000000004,0.8571428571428571,0
regional_hospital,resource_constrained,90,naive,237.07500000000002,0.0,256
regional_hospital,resource_constrained,90,mvr,237.10000000000002,0.0,259
regional_hospital,resource_constrained,90,riar,83.025,1.0,66
regional_hospital,resource_constrained,91,gated,134.275,1.0,0
regional_hospital,resource_constrained,91,naive,123.825,1.0,85
regional_hospital,resource_constrained,91,mvr,245.79999999999998,0.0,269
regional_hospital,resource_constrained,91,riar,96.10000000000001,1.0,37
regional_hospital,resource_constrained,92,gated,132.375,1.0,0
regional_hospital,resource_constrained,92,naive,241.65,0.0,204
regional_hospital,resource_constrained,92,mvr,225.85,0.0,197
regional_hospital,resource_constrained,92,riar,86.525,1.0,48
regional_hospital,resource_constrained,93,gated,137.725,1.0,0
regional_hospital,resource_constrained,93,naive,175.8,0.7142857142857143,149
regional_hospital,resource_constrained,93,mvr,175.325,0.7142857142857143,149
regional_hospital,resource_constrained,93,riar,106.4,1.0,72
regional_hospital,resource_constrained,94,gated,122.825,1.0,0
regional_hospital,resource_constrained,94,naive,234.0,0.2857142857142857,177
regional_hospital,resource_constrained,94,mvr,171.775,0.8571428571428571,108
regional_hospital,resource_constrained,94,riar,72.975,1.0,23
regional_hospital,resource_constrained,95,gated,150.45000000000002,1.0,0
regional_hospital,resource_constrained,95,naive,246.45000000000002,0.0,285
regional_hospital,resource_constrained,95,mvr,248.025,0.0,278
regional_hospital,resource_constrained,95,riar,76.72500000000001,1.0,38
regional_hospital,resource_constrained,96,gated,117.75000000000001,1.0,0
regional_hospital,resource_constrained,96,naive,241.32500000000002,0.0,267
regional_hospital,resource_constrained,96,mvr,246.22500000000002,0.0,269
regional_hospital,resource_constrained,96,riar,76.82500000000002,1.0,36
regional_hospital,resource_constrained,97,gated,136.04999999999998,1.0,0
regional_hospital,resource_constrained,97,naive,249.40000000000003,0.0,256
regional_hospital,resource_constrained,97,mvr,248.95000000000002,0.0,267
regional_hospital,resource_constrained,97,riar,148.3,0.7142857142857143,195
regional_hospital,resource_constrained,98,gated,108.825,1.0,0
regional_hospital,resource_constrained,98,naive,227.9,0.2857142857142857,244
regional_hospital,resource_constrained,98,mvr,209.82499999999996,0.7142857142857143,209
regional_hospital,resource_constrained,98,riar,64.075,1.0,39
regional_hospital,resource_constrained,99,gated,120.69999999999999,1.0,0
regional_hospital,resource_constrained,99,naive,239.8,0.42857142857142855,198
regional_hospital,resource_constrained,99,mvr,247.57500000000002,0.0,231
regional_hospital,resource_constrained,99,riar,71.92500000000001,1.0,31
regional_hospital,resource_constrained,100,gated,128.2,1.0,0
regional_hospital,resource_constrained,100,naive,242.07500000000002,0.0,275
regional_hospital,resource_constrained,100,mvr,242.07500000000002,0.0,282
regional_hospital,resource_constrained,100,riar,86.725,1.0,45
regional_hospital,resource_constrained,101,gated,155.675,1.0,0
regional_hospital,resource_constrained,101,naive,212.9,0.8571428571428571,134
regional_hospital,resource_constrained,101,mvr,247.07500000000002,0.0,185
regional_hospital,resource_constrained,101,riar,83.35,1.0,24
regional_hospital,resource_constrained,102,gated,132.125,1.0,0
regional_hospital,resource_constrained,102,naive,226.32500000000005,0.2857142857142857,218
regional_hospital,resource_constrained,102,mvr,216.00000000000006,0.14285714285714285,220
regional_hospital,resource_constrained,102,riar,76.05000000000001,1.0,38
regional_hospital,resource_constrained,103,gated,145.95000000000005,1.0,0
regional_hospital,resource_constrained,103,naive,246.35,0.0,248
regional_hospital,resource_constrained,103,mvr,244.775,0.0,257
regional_hospital,resource_constrained,103,riar,81.25,1.0,40
regional_hospital,resource_constrained,104,gated,142.75,1.0,0
regional_hospital,resource_constrained,104,naive,248.82500000000002,0.0,192
regional_hospital,resource_constrained,104,mvr,240.05000000000004,0.0,203
regional_hospital,resource_constrained,104,riar,87.325,0.14285714285714285,24
regional_hospital,resource_constrained,105,gated,145.525,1.0,0
regional_hospital,resource_constrained,105,naive,219.375,0.0,237
regional_hospital,resource_constrained,105,mvr,228.7,0.2857142857142857,224
regional_hospital,resource_constrained,105,riar,84.275,1.0,31
regional_hospital,resource_constrained,106,gated,139.55,1.0,0
regional_hospital,resource_constrained,106,naive,85.75,1.0,36
regional_hospital,resource_constrained,106,mvr,85.75,1.0,36
regional_hospital,resource_constrained,106,riar,78.225,1.0,27
regional_hospital,resource_constrained,107,gated,150.775,1.0,0
regional_hospital,resource_constrained,107,naive,231.05,0.0,179
regional_hospital,resource_constrained,107,mvr,232.50000000000003,0.0,190
regional_hospital,resource_constrained,107,riar,72.9,1.0,19
regional_hospital,resource_constrained,108,gated,157.7,1.0,0
regional_hospital,resource_constrained,108,naive,240.87499999999997,0.0,285
regional_hospital,resource_constrained,108,mvr,240.87499999999997,0.0,285
regional_hospital,resource_constrained,108,riar,82.3,1.0,56
regional_hospital,resource_constrained,109,gated,152.55,1.0,0
regional_hospital,resource_constrained,109,naive,250.12500000000003,0.0,269
regional_hospital,resource_constrained,109,mvr,165.975,1.0,138
regional_hospital,resource_constrained,109,riar,84.675,1.0,57
regional_hospital,resource_constrained,110,gated,117.375,1.0,0
regional_hospital,resource_constrained,110,naive,136.025,1.0,104
regional_hospital,resource_constrained,110,mvr,236.25000000000003,0.0,227
regional_hospital,resource_constrained,110,riar,101.85,1.0,52
regional_hospital,resource_constrained,111,gated,162.875,1.0,0
regional_hospital,resource_constrained,111,naive,247.275,0.2857142857142857,191
regional_hospital,resource_constrained,111,mvr,246.675,0.14285714285714285,194
regional_hospital,resource_constrained,111,riar,70.1,1.0,12
regional_hospital,resource_constrained,112,gated,156.97500000000002,1.0,0
regional_hospital,resource_constrained,112,naive,248.84999999999997,0.0,237
regional_hospital,resource_constrained,112,mvr,248.84999999999997,0.0,237
regional_hospital,resource_constrained,112,riar,68.775,0.8571428571428571,27
regional_hospital,resource_constrained,113,gated,129.825,1.0,0
regional_hospital,resource_constrained,113,naive,155.025,1.0,128
regional_hospital,resource_constrained,113,mvr,209.95,0.7142857142857143,179
regional_hospital,resource_constrained,113,riar,62.275,1.0,38
regional_hospital,resource_constrained,114,gated,124.92500000000001,1.0,0
regional_hospital,resource_constrained,114,naive,242.375,0.2857142857142857,172
regional_hospital,resource_constrained,114,mvr,242.375,0.2857142857142857,172
regional_hospital,resource_constrained,114,riar,71.60000000000001,1.0,19
regional_hospital,resource_constrained,115,gated,147.42499999999998,0.8571428571428571,0
regional_hospital,resource_constrained,115,naive,233.05,0.0,293
regional_hospital,resource_constrained,115,mvr,232.85,0.0,293
regional_hospital,resource_constrained,115,riar,102.25,1.0,154
regional_hospital,resource_constrained,116,gated,150.1,1.0,0
regional_hospital,resource_constrained,116,naive,236.925,0.0,190
regional_hospital,resource_constrained,116,mvr,231.725,0.0,186
regional_hospital,resource_constrained,116,riar,72.65,1.0,21
regional_hospital,resource_constrained,117,gated,109.72500000000001,1.0,0
regional_hospital,resource_constrained,117,naive,244.57500000000002,0.0,242
regional_hospital,resource_constrained,117,mvr,243.35000000000002,0.0,242
regional_hospital,resource_constrained,117,riar,77.925,0.8571428571428571,33
regional_hospital,resource_constrained,118,gated,111.57500000000002,1.0,0
regional_hospital,resource_constrained,118,naive,129.4,1.0,95
regional_hospital,resource_constrained,118,mvr,129.4,1.0,95
regional_hospital,resource_constrained,118,riar,77.3,1.0,47
regional_hospital,resource_constrained,119,gated,127.625,1.0,0
regional_hospital,resource_constrained,119,naive,225.15000000000003,0.14285714285714285,240
regional_hospital,resource_constrained,119,mvr,144.025,1.0,123
regional_hospital,resource_constrained,119,riar,88.8,0.8571428571428571,40
regional_hospital,intermediate_capacity,0,gated,0.0,1.0,0
regional_hospital,intermediate_capacity,0,naive,0.0,1.0,0
regional_hospital,intermediate_capacity,0,mvr,0.0,1.0,0
regional_hospital,intermediate_capacity,0,riar,0.0,1.0,0
regional_hospital,intermediate_capacity,1,gated,107.75,0.14285714285714285,0
regional_hospital,intermediate_capacity,1,naive,230.52499999999998,0.0,257
regional_hospital,intermediate_capacity,1,mvr,236.2,0.0,252
regional_hospital,intermediate_capacity,1,riar,49.425000000000004,1.0,29
regional_hospital,intermediate_capacity,2,gated,127.675,1.0,0
regional_hospital,intermediate_capacity,2,naive,237.05,0.0,265
regional_hospital,intermediate_capacity,2,mvr,81.875,1.0,56
regional_hospital,intermediate_capacity,2,riar,70.97500000000001,1.0,35
regional_hospital,intermediate_capacity,3,gated,105.52500000000002,1.0,0
regional_hospital,intermediate_capacity,3,naive,96.125,1.0,65
regional_hospital,intermediate_capacity,3,mvr,96.125,1.0,65
regional_hospital,intermediate_capacity,3,riar,49.525,1.0,30
regional_hospital,intermediate_capacity,4,gated,159.47499999999997,0.8571428571428571,0
regional_hospital,intermediate_capacity,4,naive,219.15,0.0,220
regional_hospital,intermediate_capacity,4,mvr,206.35000000000002,0.7142857142857143,178
regional_hospital,intermediate_capacity,4,riar,59.2,1.0,29
regional_hospital,intermediate_capacity,5,gated,128.825,1.0,0
regional_hospital,intermediate_capacity,5,naive,233.07500000000002,0.0,227
regional_hospital,intermediate_capacity,5,mvr,149.875,1.0,126
regional_hospital,intermediate_capacity,5,riar,86.425,1.0,63
regional_hospital,intermediate_capacity,6,gated,145.525,1.0,0
regional_hospital,intermediate_capacity,6,naive,237.25,0.0,253
regional_hospital,intermediate_capacity,6,mvr,237.45000000000002,0.0,255
regional_hospital,intermediate_capacity,6,riar,61.925000000000004,1.0,41
regional_hospital,intermediate_capacity,7,gated,164.35,0.8571428571428571,0
regional_hospital,intermediate_capacity,7,naive,200.44999999999996,0.42857142857142855,259
regional_hospital,intermediate_capacity,7,mvr,205.89999999999998,0.0,291
regional_hospital,intermediate_capacity,7,riar,66.275,1.0,66
regional_hospital,intermediate_capacity,8,gated,0.0,1.0,0
regional_hospital,intermediate_capacity,8,naive,0.0,1.0,0
regional_hospital,intermediate_capacity,8,mvr,0.0,1.0,0
regional_hospital,intermediate_capacity,8,riar,0.0,1.0,0
regional_hospital,intermediate_capacity,9,gated,123.47500000000001,1.0,0
regional_hospital,intermediate_capacity,9,naive,108.075,1.0,58
regional_hospital,intermediate_capacity,9,mvr,115.80000000000001,1.0,64
regional_hospital,intermediate_capacity,9,riar,66.0,1.0,19
regional_hospital,intermediate_capacity,10,gated,170.4,0.8571428571428571,0
regional_hospital,intermediate_capacity,10,naive,198.6,0.8571428571428571,197
regional_hospital,intermediate_capacity,10,mvr,193.85,0.8571428571428571,195
regional_hospital,intermediate_capacity,10,riar,55.39999999999999,1.0,50
regional_hospital,intermediate_capacity,11,gated,97.025,1.0,0
regional_hospital,intermediate_capacity,11,naive,83.60000000000001,1.0,55
regional_hospital,intermediate_capacity,11,mvr,88.60000000000001,1.0,49
regional_hospital,intermediate_capacity,11,riar,46.175,1.0,24
regional_hospital,intermediate_capacity,12,gated,0.0,1.0,0
regional_hospital,intermediate_capacity,12,naive,0.0,1.0,0
regional_hospital,intermediate_capacity,12,mvr,0.0,1.0,0
regional_hospital,intermediate_capacity,12,riar,0.0,1.0,0
regional_hospital,intermediate_capacity,13,gated,141.175,0.8571428571428571,0
regional_hospital,intermediate_capacity,13,naive,235.22500000000002,0.0,273
regional_hospital,intermediate_capacity,13,mvr,229.15,0.0,282
regional_hospital,intermediate_capacity,13,riar,71.575,1.0,56
regional_hospital,intermediate_capacity,14,gated,118.225,1.0,0
regional_hospital,intermediate_capacity,14,naive,202.775,0.8571428571428571,149
regional_hospital,intermediate_capacity,14,mvr,145.55,1.0,97
regional_hospital,intermediate_capacity,14,riar,55.4,0.8571428571428571,26
regional_hospital,intermediate_capacity,15,gated,0.0,1.0,0
regional_hospital,intermediate_capacity,15,naive,0.0,1.0,0
regional_hospital,intermediate_capacity,15,mvr,0.0,1.0,0
regional_hospital,intermediate_capacity,15,riar,0.0,1.0,0
regional_hospital,intermediate_capacity,16,gated,0.0,1.0,0
regional_hospital,intermediate_capacity,16,naive,0.0,1.0,0
regional_hospital,intermediate_capacity,16,mvr,0.0,1.0,0
regional_hospital,intermediate_capacity,16,riar,0.0,1.0,0
regional_hospital,intermediate_capacity,17,gated,130.675,0.8571428571428571,0
regional_hospital,intermediate_capacity,17,naive,98.45,1.0,68
regional_hospital,intermediate_capacity,17,mvr,98.45,1.0,68
regional_hospital,intermediate_capacity,17,riar,51.925,1.0,36
regional_hospital,intermediate_capacity,18,gated,147.975,1.0,0
regional_hospital,intermediate_capacity,18,naive,120.975,1.0,59
regional_hospital,intermediate_capacity,18,mvr,98.25000000000001,1.0,47
regional_hospital,intermediate_capacity,18,riar,62.6,1.0,21
regional_hospital,intermediate_capacity,19,gated,0.0,1.0,0
regional_hospital,intermediate_capacity,19,naive,0.0,1.0,0
regional_hospital,intermediate_capacity,19,mvr,0.0,1.0,0
regional_hospital,intermediate_capacity,19,riar,0.0,1.0,0
regional_hospital,intermediate_capacity,20,gated,116.52499999999999,1.0,0
regional_hospital,intermediate_capacity,20,naive,198.62499999999997,0.0,316
regional_hospital,intermediate_capacity,20,mvr,198.62499999999997,0.0,316
regional_hospital,intermediate_capacity,20,riar,49.725,1.0,53
regional_hospital,intermediate_capacity,21,gated,148.225,1.0,0
regional_hospital,intermediate_capacity,21,naive,168.42499999999998,0.8571428571428571,158
regional_hospital,intermediate_capacity,21,mvr,132.75,0.14285714285714285,106
regional_hospital,intermediate_capacity,21,riar,74.325,1.0,45
regional_hospital,intermediate_capacity,22,gated,126.65,1.0,0
regional_hospital,intermediate_capacity,22,naive,92.175,1.0,54
regional_hospital,intermediate_capacity,22,mvr,235.37500000000003,0.0,199
regional_hospital,intermediate_capacity,22,riar,80.77499999999999,1.0,21
regional_hospital,intermediate_capacity,23,gated,2.5999999999999996,1.0,0
regional_hospital,intermediate_capacity,23,naive,2.5999999999999996,1.0,0
regional_hospital,intermediate_capacity,23,mvr,2.5999999999999996,1.0,0
regional_hospital,intermediate_capacity,23,riar,2.5999999999999996,1.0,0
regional_hospital,intermediate_capacity,24,gated,128.27499999999998,1.0,0
regional_hospital,intermediate_capacity,24,naive,234.45000000000002,0.0,203
regional_hospital,intermediate_capacity,24,mvr,131.20000000000002,1.0,87
regional_hospital,intermediate_capacity,24,riar,75.44999999999999,1.0,32
regional_hospital,intermediate_capacity,25,gated,159.32500000000002,0.8571428571428571,0
regional_hospital,intermediate_capacity,25,naive,3.6000000000000005,1.0,0
regional_hospital,intermediate_capacity,25,mvr,3.6000000000000005,1.0,0
regional_hospital,intermediate_capacity,25,riar,3.6000000000000005,1.0,0
regional_hospital,intermediate_capacity,26,gated,136.72500000000002,1.0,0
regional_hospital,intermediate_capacity,26,naive,225.94999999999996,0.14285714285714285,252
regional_hospital,intermediate_capacity,26,mvr,217.075,0.14285714285714285,253
regional_hospital,intermediate_capacity,26,riar,65.575,0.8571428571428571,42
regional_hospital,intermediate_capacity,27,gated,146.85,1.0,0
regional_hospital,intermediate_capacity,27,naive,100.17500000000001,1.0,139
regional_hospital,intermediate_capacity,27,mvr,100.17500000000001,1.0,139
regional_hospital,intermediate_capacity,27,riar,35.425,1.0,70
regional_hospital,intermediate_capacity,28,gated,118.3,1.0,0
regional_hospital,intermediate_capacity,28,naive,177.27500000000003,0.7142857142857143,197
regional_hospital,intermediate_capacity,28,mvr,195.475,0.42857142857142855,219
regional_hospital,intermediate_capacity,28,riar,63.150000000000006,1.0,48
regional_hospital,intermediate_capacity,29,gated,114.79999999999998,1.0,0
regional_hospital,intermediate_capacity,29,naive,165.14999999999998,0.7142857142857143,127
regional_hospital,intermediate_capacity,29,mvr,142.35,1.0,120
regional_hospital,intermediate_capacity,29,riar,67.825,1.0,18
regional_hospital,intermediate_capacity,30,gated,151.95,1.0,0
regional_hospital,intermediate_capacity,30,naive,186.02499999999998,0.0,232
regional_hospital,intermediate_capacity,30,mvr,190.85,0.8571428571428571,174
regional_hospital,intermediate_capacity,30,riar,55.125,1.0,37
regional_hospital,intermediate_capacity,31,gated,113.67500000000001,1.0,0
regional_hospital,intermediate_capacity,31,naive,80.975,0.14285714285714285,64
regional_hospital,intermediate_capacity,31,mvr,80.975,0.14285714285714285,64
regional_hospital,intermediate_capacity,31,riar,58.85,0.8571428571428571,31
regional_hospital,intermediate_capacity,32,gated,11.35,0.14285714285714285,0
regional_hospital,intermediate_capacity,32,naive,1.1,1.0,0
regional_hospital,intermediate_capacity,32,mvr,1.1,1.0,0
regional_hospital,intermediate_capacity,32,riar,1.1,1.0,0
regional_hospital,intermediate_capacity,33,gated,118.65,1.0,0
regional_hospital,intermediate_capacity,33,naive,207.475,0.2857142857142857,236
regional_hospital,intermediate_capacity,33,mvr,192.025,0.0,256
regional_hospital,intermediate_capacity,33,riar,48.925,1.0,32
regional_hospital,intermediate_capacity,34,gated,137.50000000000003,1.0,0
regional_hospital,intermediate_capacity,34,naive,199.3,0.8571428571428571,162
regional_hospital,intermediate_capacity,34,mvr,234.99999999999997,0.0,213
regional_hospital,intermediate_capacity,34,riar,71.125,1.0,26
regional_hospital,intermediate_capacity,35,gated,4.0,1.0,0
regional_hospital,intermediate_capacity,35,naive,4.0,1.0,0
regional_hospital,intermediate_capacity,35,mvr,4.0,1.0,0
regional_hospital,intermediate_capacity,35,riar,4.0,1.0,0
regional_hospital,intermediate_capacity,36,gated,103.17500000000001,1.0,0
regional_hospital,intermediate_capacity,36,naive,159.5,0.8571428571428571,166
regional_hospital,intermediate_capacity,36,mvr,202.65000000000003,0.0,258
regional_hospital,intermediate_capacity,36,riar,60.1,1.0,38
regional_hospital,intermediate_capacity,37,gated,153.7,1.0,0
regional_hospital,intermediate_capacity,37,naive,228.29999999999998,0.0,247
regional_hospital,intermediate_capacity,37,mvr,229.79999999999998,0.0,252
regional_hospital,intermediate_capacity,37,riar,64.95,1.0,33
regional_hospital,intermediate_capacity,38,gated,103.19999999999999,1.0,0
regional_hospital,intermediate_capacity,38,naive,79.125,1.0,93
regional_hospital,intermediate_capacity,38,mvr,79.125,1.0,93
regional_hospital,intermediate_capacity,38,riar,49.224999999999994,1.0,44
regional_hospital,intermediate_capacity,39,gated,125.39999999999999,1.0,0
regional_hospital,intermediate_capacity,39,naive,194.1,0.8571428571428571,130
regional_hospital,intermediate_capacity,39,mvr,223.19999999999996,0.0,189
regional_hospital,intermediate_capacity,39,riar,56.62500000000001,1.0,28
regional_hospital,intermediate_capacity,40,gated,1.4,1.0,0
regional_hospital,intermediate_capacity,40,naive,1.4,1.0,0
regional_hospital,intermediate_capacity,40,mvr,1.4,1.0,0
regional_hospital,intermediate_capacity,40,riar,1.4,1.0,0
regional_hospital,intermediate_capacity,41,gated,134.85,1.0,0
regional_hospital,intermediate_capacity,41,naive,233.9,0.0,249
regional_hospital,intermediate_capacity,41,mvr,197.85,0.8571428571428571,193
regional_hospital,intermediate_capacity,41,riar,63.099999999999994,1.0,25
regional_hospital,intermediate_capacity,42,gated,116.17500000000001,1.0,0
regional_hospital,intermediate_capacity,42,naive,106.17499999999998,1.0,64
regional_hospital,intermediate_capacity,42,mvr,215.54999999999998,0.0,213
regional_hospital,intermediate_capacity,42,riar,55.475,1.0,19
regional_hospital,intermediate_capacity,43,gated,109.025,1.0,0
regional_hospital,intermediate_capacity,43,naive,182.475,0.8571428571428571,149
regional_hospital,intermediate_capacity,43,mvr,170.55,0.8571428571428571,140
regional_hospital,intermediate_capacity,43,riar,63.97500000000001,1.0,36
regional_hospital,intermediate_capacity,44,gated,122.7,1.0,0
regional_hospital,intermediate_capacity,44,naive,235.425,0.0,240
regional_hospital,intermediate_capacity,44,mvr,217.24999999999997,0.0,245
regional_hospital,intermediate_capacity,44,riar,62.925000000000004,1.0,35
regional_hospital,intermediate_capacity,45,gated,1.6,1.0,0
regional_hospital,intermediate_capacity,45,naive,1.6,1.0,0
regional_hospital,intermediate_capacity,45,mvr,1.6,1.0,0
regional_hospital,intermediate_capacity,45,riar,1.6,1.0,0
regional_hospital,intermediate_capacity,46,gated,130.9,1.0,0
regional_hospital,intermediate_capacity,46,naive,88.07499999999999,1.0,40
regional_hospital,intermediate_capacity,46,mvr,202.52499999999998,0.7142857142857143,168
regional_hospital,intermediate_capacity,46,riar,62.624999999999986,0.8571428571428571,16
regional_hospital,intermediate_capacity,47,gated,119.55000000000001,0.8571428571428571,0
regional_hospital,intermediate_capacity,47,naive,110.15,1.0,78
regional_hospital,intermediate_capacity,47,mvr,89.1,1.0,51
regional_hospital,intermediate_capacity,47,riar,51.400000000000006,1.0,16
regional_hospital,intermediate_capacity,48,gated,116.72500000000002,1.0,0
regional_hospital,intermediate_capacity,48,naive,212.64999999999998,0.2857142857142857,270
regional_hospital,intermediate_capacity,48,mvr,218.375,0.0,275
regional_hospital,intermediate_capacity,48,riar,60.875,1.0,57
regional_hospital,intermediate_capacity,49,gated,121.475,1.0,0
regional_hospital,intermediate_capacity,49,naive,231.975,0.2857142857142857,250
regional_hospital,intermediate_capacity,49,mvr,218.525,0.0,256
regional_hospital,intermediate_capacity,49,riar,61.125,1.0,28
regional_hospital,intermediate_capacity,50,gated,168.5,1.0,0
regional_hospital,intermediate_capacity,50,naive,5.199999999999999,1.0,1
regional_hospital,intermediate_capacity,50,mvr,5.199999999999999,1.0,1
regional_hospital,intermediate_capacity,50,riar,5.199999999999999,1.0,1
regional_hospital,intermediate_capacity,51,gated,120.94999999999999,1.0,0
regional_hospital,intermediate_capacity,51,naive,198.95,0.0,262
regional_hospital,intermediate_capacity,51,mvr,209.24999999999997,0.2857142857142857,242
regional_hospital,intermediate_capacity,51,riar,65.725,1.0,22
regional_hospital,intermediate_capacity,52,gated,118.2,1.0,0
regional_hospital,intermediate_capacity,52,naive,215.47500000000002,0.2857142857142857,186
regional_hospital,intermediate_capacity,52,mvr,134.675,1.0,107
regional_hospital,intermediate_capacity,52,riar,41.825,1.0,20
regional_hospital,intermediate_capacity,53,gated,170.325,0.8571428571428571,0
regional_hospital,intermediate_capacity,53,naive,213.45,0.5714285714285714,211
regional_hospital,intermediate_capacity,53,mvr,215.125,0.14285714285714285,251
regional_hospital,intermediate_capacity,53,riar,59.300000000000004,1.0,31
regional_hospital,intermediate_capacity,54,gated,130.9,1.0,0
regional_hospital,intermediate_capacity,54,naive,159.1,0.8571428571428571,111
regional_hospital,intermediate_capacity,54,mvr,153.775,0.8571428571428571,121
regional_hospital,intermediate_capacity,54,riar,84.10000000000001,0.14285714285714285,21
regional_hospital,intermediate_capacity,55,gated,1.8,1.0,0
regional_hospital,intermediate_capacity,55,naive,0.0,1.0,0
regional_hospital,intermediate_capacity,55,mvr,0.0,1.0,0
regional_hospital,intermediate_capacity,55,riar,0.0,1.0,0
regional_hospital,intermediate_capacity,56,gated,117.37500000000001,1.0,0
regional_hospital,intermediate_capacity,56,naive,108.5,1.0,61
regional_hospital,intermediate_capacity,56,mvr,108.5,1.0,61
regional_hospital,intermediate_capacity,56,riar,68.47500000000001,1.0,28
regional_hospital,intermediate_capacity,57,gated,170.10000000000002,1.0,0
regional_hospital,intermediate_capacity,57,naive,235.05,0.0,270
regional_hospital,intermediate_capacity,57,mvr,206.17499999999998,0.7142857142857143,213
regional_hospital,intermediate_capacity,57,riar,46.2,1.0,42
regional_hospital,intermediate_capacity,58,gated,129.325,1.0,0
regional_hospital,intermediate_capacity,58,naive,216.52499999999998,0.0,234
regional_hospital,intermediate_capacity,58,mvr,219.35,0.0,230
regional_hospital,intermediate_capacity,58,riar,56.37499999999999,1.0,49
regional_hospital,intermediate_capacity,59,gated,137.85,1.0,0
regional_hospital,intermediate_capacity,59,naive,219.125,0.5714285714285714,168
regional_hospital,intermediate_capacity,59,mvr,125.87500000000001,1.0,80
regional_hospital,intermediate_capacity,59,riar,48.15,1.0,15
regional_hospital,intermediate_capacity,60,gated,131.0,1.0,0
regional_hospital,intermediate_capacity,60,naive,187.99999999999997,0.5714285714285714,168
regional_hospital,intermediate_capacity,60,mvr,93.92500000000001,0.8571428571428571,43
regional_hospital,intermediate_capacity,60,riar,92.225,0.8571428571428571,26
regional_hospital,intermediate_capacity,61,gated,141.925,0.8571428571428571,0
regional_hospital,intermediate_capacity,61,naive,194.20000000000002,0.8571428571428571,158
regional_hospital,intermediate_capacity,61,mvr,194.20000000000002,0.8571428571428571,158
regional_hospital,intermediate_capacity,61,riar,65.3,1.0,29
regional_hospital,intermediate_capacity,62,gated,129.45000000000002,1.0,0
regional_hospital,intermediate_capacity,62,naive,241.39999999999998,0.0,233
regional_hospital,intermediate_capacity,62,mvr,223.77499999999998,0.0,227
regional_hospital,intermediate_capacity,62,riar,72.375,1.0,38
regional_hospital,intermediate_capacity,63,gated,130.025,1.0,0
regional_hospital,intermediate_capacity,63,naive,207.425,0.14285714285714285,228
regional_hospital,intermediate_capacity,63,mvr,198.97500000000002,0.0,238
regional_hospital,intermediate_capacity,63,riar,49.425000000000004,1.0,45
regional_hospital,intermediate_capacity,64,gated,126.775,0.8571428571428571,0
regional_hospital,intermediate_capacity,64,naive,230.975,0.42857142857142855,189
regional_hospital,intermediate_capacity,64,mvr,243.50000000000003,0.0,225
regional_hospital,intermediate_capacity,64,riar,69.4,1.0,28
regional_hospital,intermediate_capacity,65,gated,109.02499999999999,1.0,0
regional_hospital,intermediate_capacity,65,naive,87.3,1.0,65
regional_hospital,intermediate_capacity,65,mvr,87.3,1.0,65
regional_hospital,intermediate_capacity,65,riar,50.025,1.0,26
regional_hospital,intermediate_capacity,66,gated,119.575,1.0,0
regional_hospital,intermediate_capacity,66,naive,230.67499999999998,0.0,229
regional_hospital,intermediate_capacity,66,mvr,100.375,1.0,49
regional_hospital,intermediate_capacity,66,riar,76.425,1.0,27
regional_hospital,intermediate_capacity,67,gated,109.525,1.0,0
regional_hospital,intermediate_capacity,67,naive,137.075,0.8571428571428571,107
regional_hospital,intermediate_capacity,67,mvr,245.65,0.2857142857142857,244
regional_hospital,intermediate_capacity,67,riar,77.525,0.8571428571428571,37
regional_hospital,intermediate_capacity,68,gated,160.95000000000002,0.8571428571428571,0
regional_hospital,intermediate_capacity,68,naive,199.62500000000003,0.2857142857142857,202
regional_hospital,intermediate_capacity,68,mvr,193.1,0.14285714285714285,216
regional_hospital,intermediate_capacity,68,riar,50.2,0.8571428571428571,23
regional_hospital,intermediate_capacity,69,gated,122.14999999999999,0.8571428571428571,0
regional_hospital,intermediate_capacity,69,naive,234.675,0.2857142857142857,193
regional_hospital,intermediate_capacity,69,mvr,244.775,0.0,202
regional_hospital,intermediate_capacity,69,riar,62.2,1.0,20
regional_hospital,intermediate_capacity,70,gated,119.575,1.0,0
regional_hospital,intermediate_capacity,70,naive,192.725,0.2857142857142857,344
regional_hospital,intermediate_capacity,70,mvr,185.625,0.0,350
regional_hospital,intermediate_capacity,70,riar,0.0,1.0,0
regional_hospital,intermediate_capacity,71,gated,145.25,0.8571428571428571,0
regional_hospital,intermediate_capacity,71,naive,228.85,0.0,272
regional_hospital,intermediate_capacity,71,mvr,197.82500000000002,0.0,257
regional_hospital,intermediate_capacity,71,riar,71.12500000000001,1.0,40
regional_hospital,intermediate_capacity,72,gated,138.0,1.0,0
regional_hospital,intermediate_capacity,72,naive,84.22500000000001,1.0,38
regional_hospital,intermediate_capacity,72,mvr,86.675,1.0,35
regional_hospital,intermediate_capacity,72,riar,63.49999999999999,1.0,9
regional_hospital,intermediate_capacity,73,gated,106.55,1.0,0
regional_hospital,intermediate_capacity,73,naive,225.65,0.0,240
regional_hospital,intermediate_capacity,73,mvr,168.475,0.8571428571428571,159
regional_hospital,intermediate_capacity,73,riar,59.85,1.0,28
regional_hospital,intermediate_capacity,74,gated,117.3,1.0,0
regional_hospital,intermediate_capacity,74,naive,219.07500000000002,0.5714285714285714,222
regional_hospital,intermediate_capacity,74,mvr,218.57500000000002,0.0,235
regional_hospital,intermediate_capacity,74,riar,67.125,1.0,32
regional_hospital,intermediate_capacity,75,gated,7.3999999999999995,1.0,0
regional_hospital,intermediate_capacity,75,naive,7.3999999999999995,1.0,0
regional_hospital,intermediate_capacity,75,mvr,7.3999999999999995,1.0,0
regional_hospital,intermediate_capacity,75,riar,7.3999999999999995,1.0,0
regional_hospital,intermediate_capacity,76,gated,114.72500000000001,1.0,0
regional_hospital,intermediate_capacity,76,naive,236.65,0.0,217
regional_hospital,intermediate_capacity,76,mvr,244.12500000000003,0.0,233
regional_hospital,intermediate_capacity,76,riar,76.75,0.8571428571428571,27
regional_hospital,intermediate_capacity,77,gated,152.67499999999998,1.0,0
regional_hospital,intermediate_capacity,77,naive,220.25,0.0,272
regional_hospital,intermediate_capacity,77,mvr,156.57500000000002,1.0,146
regional_hospital,intermediate_capacity,77,riar,65.0,1.0,43
regional_hospital,intermediate_capacity,78,gated,127.35000000000002,1.0,0
regional_hospital,intermediate_capacity,78,naive,219.875,0.0,239
regional_hospital,intermediate_capacity,78,mvr,221.45000000000002,0.0,238
regional_hospital,intermediate_capacity,78,riar,65.425,0.8571428571428571,32
regional_hospital,intermediate_capacity,79,gated,135.225,1.0,0
regional_hospital,intermediate_capacity,79,naive,167.2,0.0,247
regional_hospital,intermediate_capacity,79,mvr,207.075,0.5714285714285714,213
regional_hospital,intermediate_capacity,79,riar,67.6,1.0,30
regional_hospital,intermediate_capacity,80,gated,1.2,1.0,0
regional_hospital,intermediate_capacity,80,naive,1.2,1.0,0
regional_hospital,intermediate_capacity,80,mvr,1.2,1.0,0
regional_hospital,intermediate_capacity,80,riar,1.2,1.0,0
regional_hospital,intermediate_capacity,81,gated,109.975,1.0,0
regional_hospital,intermediate_capacity,81,naive,216.22500000000002,0.2857142857142857,209
regional_hospital,intermediate_capacity,81,mvr,217.85000000000002,0.0,216
regional_hospital,intermediate_capacity,81,riar,64.325,1.0,22
regional_hospital,intermediate_capacity,82,gated,147.10000000000002,1.0,0
regional_hospital,intermediate_capacity,82,naive,180.57500000000002,0.0,291
regional_hospital,intermediate_capacity,82,mvr,186.675,0.0,277
regional_hospital,intermediate_capacity,82,riar,56.50000000000001,1.0,55
regional_hospital,intermediate_capacity,83,gated,127.55000000000001,1.0,0
regional_hospital,intermediate_capacity,83,naive,199.35000000000002,0.14285714285714285,282
regional_hospital,intermediate_capacity,83,mvr,208.00000000000003,0.14285714285714285,285
regional_hospital,intermediate_capacity,83,riar,46.050000000000004,1.0,42
regional_hospital,intermediate_capacity,84,gated,108.89999999999999,1.0,0
regional_hospital,intermediate_capacity,84,naive,230.12500000000003,0.0,276
regional_hospital,intermediate_capacity,84,mvr,189.69999999999996,0.8571428571428571,212
regional_hospital,intermediate_capacity,84,riar,72.825,1.0,54
regional_hospital,intermediate_capacity,85,gated,111.17499999999998,1.0,0
regional_hospital,intermediate_capacity,85,naive,94.70000000000002,1.0,111
regional_hospital,intermediate_capacity,85,mvr,94.70000000000002,1.0,111
regional_hospital,intermediate_capacity,85,riar,37.724999999999994,1.0,47
regional_hospital,intermediate_capacity,86,gated,0.0,1.0,0
regional_hospital,intermediate_capacity,86,naive,0.0,1.0,0
regional_hospital,intermediate_capacity,86,mvr,0.0,1.0,0
regional_hospital,intermediate_capacity,86,riar,0.0,1.0,0
regional_hospital,intermediate_capacity,87,gated,141.875,1.0,0
regional_hospital,intermediate_capacity,87,naive,202.725,0.8571428571428571,139
regional_hospital,intermediate_capacity,87,mvr,196.75,0.8571428571428571,142
regional_hospital,intermediate_capacity,87,riar,63.17500000000001,1.0,28
regional_hospital,intermediate_capacity,88,gated,1.6,1.0,0
regional_hospital,intermediate_capacity,88,naive,1.6,1.0,0
regional_hospital,intermediate_capacity,88,mvr,1.6,1.0,0
regional_hospital,intermediate_capacity,88,riar,1.6,1.0,0
regional_hospital,intermediate_capacity,89,gated,108.4,1.0,0
regional_hospital,intermediate_capacity,89,naive,94.22500000000001,1.0,49
regional_hospital,intermediate_capacity,89,mvr,145.45,1.0,84
regional_hospital,intermediate_capacity,89,riar,39.699999999999996,1.0,32
regional_hospital,intermediate_capacity,90,gated,16.599999999999998,1.0,0
regional_hospital,intermediate_capacity,90,naive,3.2,1.0,0
regional_hospital,intermediate_capacity,90,mvr,3.2,1.0,0
regional_hospital,intermediate_capacity,90,riar,3.2,1.0,0
regional_hospital,intermediate_capacity,91,gated,110.49999999999999,1.0,0
regional_hospital,intermediate_capacity,91,naive,234.9,0.14285714285714285,267
regional_hospital,intermediate_capacity,91,mvr,155.775,0.8571428571428571,149
regional_hospital,intermediate_capacity,91,riar,77.97500000000001,1.0,46
regional_hospital,intermediate_capacity,92,gated,107.07499999999999,1.0,0
regional_hospital,intermediate_capacity,92,naive,99.9,1.0,58
regional_hospital,intermediate_capacity,92,mvr,99.9,1.0,58
regional_hospital,intermediate_capacity,92,riar,58.35,1.0,24
regional_hospital,intermediate_capacity,93,gated,130.0,1.0,0
regional_hospital,intermediate_capacity,93,naive,229.925,0.0,243
regional_hospital,intermediate_capacity,93,mvr,217.95,0.7142857142857143,208
regional_hospital,intermediate_capacity,93,riar,71.5,1.0,38
regional_hospital,intermediate_capacity,94,gated,112.22500000000001,1.0,0
regional_hospital,intermediate_capacity,94,naive,104.75000000000001,1.0,68
regional_hospital,intermediate_capacity,94,mvr,199.275,0.8571428571428571,146
regional_hospital,intermediate_capacity,94,riar,83.17500000000001,1.0,32
regional_hospital,intermediate_capacity,95,gated,132.85,1.0,0
regional_hospital,intermediate_capacity,95,naive,216.17499999999998,0.0,300
regional_hospital,intermediate_capacity,95,mvr,226.375,0.2857142857142857,291
regional_hospital,intermediate_capacity,95,riar,59.2,1.0,52
regional_hospital,intermediate_capacity,96,gated,114.05000000000001,1.0,0
regional_hospital,intermediate_capacity,96,naive,91.975,1.0,87
regional_hospital,intermediate_capacity,96,mvr,107.64999999999999,1.0,93
regional_hospital,intermediate_capacity,96,riar,65.025,1.0,27
regional_hospital,intermediate_capacity,97,gated,113.75000000000001,1.0,0
regional_hospital,intermediate_capacity,97,naive,222.22500000000002,0.42857142857142855,227
regional_hospital,intermediate_capacity,97,mvr,156.625,0.8571428571428571,155
regional_hospital,intermediate_capacity,97,riar,53.925,1.0,30
regional_hospital,intermediate_capacity,98,gated,2.4000000000000004,1.0,0
regional_hospital,intermediate_capacity,98,naive,0.0,1.0,0
regional_hospital,intermediate_capacity,98,mvr,0.0,1.0,0
regional_hospital,intermediate_capacity,98,riar,0.0,1.0,0
regional_hospital,intermediate_capacity,99,gated,128.025,1.0,0
regional_hospital,intermediate_capacity,99,naive,218.72500000000002,0.14285714285714285,229
regional_hospital,intermediate_capacity,99,mvr,214.8,0.0,225
regional_hospital,intermediate_capacity,99,riar,52.6,1.0,29
regional_hospital,intermediate_capacity,100,gated,122.75000000000001,0.8571428571428571,0
regional_hospital,intermediate_capacity,100,naive,2.0,1.0,0
regional_hospital,intermediate_capacity,100,mvr,2.0,1.0,0
regional_hospital,intermediate_capacity,100,riar,2.0,1.0,0
regional_hospital,intermediate_capacity,101,gated,125.0,1.0,0
regional_hospital,intermediate_capacity,101,naive,116.44999999999999,1.0,55
regional_hospital,intermediate_capacity,101,mvr,116.44999999999999,1.0,55
regional_hospital,intermediate_capacity,101,riar,67.87500000000001,1.0,21
regional_hospital,intermediate_capacity,102,gated,1.6,1.0,0
regional_hospital,intermediate_capacity,102,naive,1.6,1.0,0
regional_hospital,intermediate_capacity,102,mvr,1.6,1.0,0
regional_hospital,intermediate_capacity,102,riar,1.6,1.0,0
regional_hospital,intermediate_capacity,103,gated,134.15,1.0,0
regional_hospital,intermediate_capacity,103,naive,179.77499999999998,0.8571428571428571,283
regional_hospital,intermediate_capacity,103,mvr,139.77499999999998,0.8571428571428571,237
regional_hospital,intermediate_capacity,103,riar,50.925000000000004,1.0,88
regional_hospital,intermediate_capacity,104,gated,0.0,1.0,0
regional_hospital,intermediate_capacity,104,naive,157.60000000000002,0.8571428571428571,141
regional_hospital,intermediate_capacity,104,mvr,201.725,0.14285714285714285,220
regional_hospital,intermediate_capacity,104,riar,43.300000000000004,1.0,51
regional_hospital,intermediate_capacity,105,gated,135.8,1.0,0
regional_hospital,intermediate_capacity,105,naive,101.875,1.0,100
regional_hospital,intermediate_capacity,105,mvr,101.875,1.0,100
regional_hospital,intermediate_capacity,105,riar,48.825,0.8571428571428571,43
regional_hospital,intermediate_capacity,106,gated,114.6,1.0,0
regional_hospital,intermediate_capacity,106,naive,223.525,0.0,220
regional_hospital,intermediate_capacity,106,mvr,128.575,1.0,98
regional_hospital,intermediate_capacity,106,riar,75.72500000000001,1.0,29
regional_hospital,intermediate_capacity,107,gated,9.4,1.0,0
regional_hospital,intermediate_capacity,107,naive,0.0,1.0,0
regional_hospital,intermediate_capacity,107,mvr,0.0,1.0,0
regional_hospital,intermediate_capacity,107,riar,0.0,1.0,0
regional_hospital,intermediate_capacity,108,gated,9.399999999999999,1.0,0
regional_hospital,intermediate_capacity,108,naive,9.399999999999999,1.0,0
regional_hospital,intermediate_capacity,108,mvr,9.399999999999999,1.0,0
regional_hospital,intermediate_capacity,108,riar,9.399999999999999,1.0,0
regional_hospital,intermediate_capacity,109,gated,121.47500000000002,1.0,0
regional_hospital,intermediate_capacity,109,naive,86.6,1.0,55
regional_hospital,intermediate_capacity,109,mvr,104.7,1.0,66
regional_hospital,intermediate_capacity,109,riar,63.800000000000004,1.0,21
regional_hospital,intermediate_capacity,110,gated,0.0,1.0,0
regional_hospital,intermediate_capacity,110,naive,0.0,1.0,0
regional_hospital,intermediate_capacity,110,mvr,0.0,1.0,0
regional_hospital,intermediate_capacity,110,riar,0.0,1.0,0
regional_hospital,intermediate_capacity,111,gated,129.875,1.0,0
regional_hospital,intermediate_capacity,111,naive,103.65,1.0,82
regional_hospital,intermediate_capacity,111,mvr,162.7,0.8571428571428571,141
regional_hospital,intermediate_capacity,111,riar,57.275000000000006,0.8571428571428571,30
regional_hospital,intermediate_capacity,112,gated,136.125,1.0,0
regional_hospital,intermediate_capacity,112,naive,243.4,0.0,253
regional_hospital,intermediate_capacity,112,mvr,242.45000000000002,0.0,254
regional_hospital,intermediate_capacity,112,riar,71.9,0.14285714285714285,100
regional_hospital,intermediate_capacity,113,gated,139.175,1.0,0
regional_hospital,intermediate_capacity,113,naive,155.1,0.8571428571428571,127
regional_hospital,intermediate_capacity,113,mvr,153.475,1.0,127
regional_hospital,intermediate_capacity,113,riar,49.9,1.0,37
regional_hospital,intermediate_capacity,114,gated,154.52500000000003,1.0,0
regional_hospital,intermediate_capacity,114,naive,81.875,1.0,39
regional_hospital,intermediate_capacity,114,mvr,81.875,1.0,39
regional_hospital,intermediate_capacity,114,riar,57.525,1.0,22
regional_hospital,intermediate_capacity,115,gated,15.400000000000002,1.0,0
regional_hospital,intermediate_capacity,115,naive,164.725,0.8571428571428571,174
regional_hospital,intermediate_capacity,115,mvr,166.55,0.7142857142857143,200
regional_hospital,intermediate_capacity,115,riar,3.6,1.0,0
regional_hospital,intermediate_capacity,116,gated,144.375,1.0,0
regional_hospital,intermediate_capacity,116,naive,146.85,0.8571428571428571,128
regional_hospital,intermediate_capacity,116,mvr,77.775,1.0,79
regional_hospital,intermediate_capacity,116,riar,54.449999999999996,1.0,54
regional_hospital,intermediate_capacity,117,gated,149.72499999999997,1.0,0
regional_hospital,intermediate_capacity,117,naive,133.15,1.0,89
regional_hospital,intermediate_capacity,117,mvr,227.975,0.14285714285714285,227
regional_hospital,intermediate_capacity,117,riar,51.675000000000004,1.0,21
regional_hospital,intermediate_capacity,118,gated,187.0,0.8571428571428571,0
regional_hospital,intermediate_capacity,118,naive,93.1,0.8571428571428571,65
regional_hospital,intermediate_capacity,118,mvr,197.225,0.7142857142857143,180
regional_hospital,intermediate_capacity,118,riar,72.95,0.14285714285714285,35
regional_hospital,intermediate_capacity,119,gated,122.07499999999999,1.0,0
regional_hospital,intermediate_capacity,119,naive,165.8,0.8571428571428571,136
regional_hospital,intermediate_capacity,119,mvr,81.1,1.0,32
regional_hospital,intermediate_capacity,119,riar,63.425000000000004,1.0,15
regional_hospital,high_capacity,0,gated,151.79999999999998,1.0,0
regional_hospital,high_capacity,0,naive,217.72500000000002,0.5714285714285714,219
regional_hospital,high_capacity,0,mvr,209.025,0.42857142857142855,227
regional_hospital,high_capacity,0,riar,26.475,1.0,30
regional_hospital,high_capacity,1,gated,118.19999999999999,1.0,0
regional_hospital,high_capacity,1,naive,85.25,1.0,65
regional_hospital,high_capacity,1,mvr,101.60000000000001,1.0,74
regional_hospital,high_capacity,1,riar,53.25,1.0,31
regional_hospital,high_capacity,2,gated,116.82499999999999,1.0,0
regional_hospital,high_capacity,2,naive,160.0,0.42857142857142855,251
regional_hospital,high_capacity,2,mvr,113.22500000000001,1.0,129
regional_hospital,high_capacity,2,riar,30.3,1.0,39
regional_hospital,high_capacity,3,gated,104.17500000000001,1.0,0
regional_hospital,high_capacity,3,naive,82.65,1.0,82
regional_hospital,high_capacity,3,mvr,61.00000000000001,1.0,68
regional_hospital,high_capacity,3,riar,32.074999999999996,1.0,27
regional_hospital,high_capacity,4,gated,3.8,1.0,0
regional_hospital,high_capacity,4,naive,4.550000000000001,0.8571428571428571,0
regional_hospital,high_capacity,4,mvr,4.550000000000001,0.8571428571428571,0
regional_hospital,high_capacity,4,riar,4.550000000000001,0.8571428571428571,0
regional_hospital,high_capacity,5,gated,0.0,1.0,0
regional_hospital,high_capacity,5,naive,0.0,1.0,0
regional_hospital,high_capacity,5,mvr,0.0,1.0,0
regional_hospital,high_capacity,5,riar,0.0,1.0,0
regional_hospital,high_capacity,6,gated,0.0,1.0,0
regional_hospital,high_capacity,6,naive,12.2,1.0,0
regional_hospital,high_capacity,6,mvr,12.2,1.0,0
regional_hospital,high_capacity,6,riar,12.2,1.0,0
regional_hospital,high_capacity,7,gated,0.0,1.0,0
regional_hospital,high_capacity,7,naive,195.17499999999998,0.0,236
regional_hospital,high_capacity,7,mvr,162.42499999999998,0.8571428571428571,165
regional_hospital,high_capacity,7,riar,42.525,1.0,25
regional_hospital,high_capacity,8,gated,118.45,1.0,0
regional_hospital,high_capacity,8,naive,160.575,0.42857142857142855,207
regional_hospital,high_capacity,8,mvr,151.275,0.42857142857142855,212
regional_hospital,high_capacity,8,riar,36.5,1.0,18
regional_hospital,high_capacity,9,gated,149.65,1.0,0
regional_hospital,high_capacity,9,naive,82.94999999999999,1.0,68
regional_hospital,high_capacity,9,mvr,206.025,0.2857142857142857,193
regional_hospital,high_capacity,9,riar,25.675000000000004,1.0,15
regional_hospital,high_capacity,10,gated,6.4,1.0,0
regional_hospital,high_capacity,10,naive,6.4,1.0,0
regional_hospital,high_capacity,10,mvr,6.4,1.0,0
regional_hospital,high_capacity,10,riar,6.4,1.0,0
regional_hospital,high_capacity,11,gated,127.22500000000001,1.0,0
regional_hospital,high_capacity,11,naive,152.625,0.8571428571428571,195
regional_hospital,high_capacity,11,mvr,55.6,1.0,80
regional_hospital,high_capacity,11,riar,27.025000000000002,1.0,20
regional_hospital,high_capacity,12,gated,124.50000000000001,1.0,0
regional_hospital,high_capacity,12,naive,122.75000000000001,0.8571428571428571,213
regional_hospital,high_capacity,12,mvr,106.925,1.0,181
regional_hospital,high_capacity,12,riar,31.7,1.0,32
regional_hospital,high_capacity,13,gated,104.80000000000001,1.0,0
regional_hospital,high_capacity,13,naive,117.35,1.0,159
regional_hospital,high_capacity,13,mvr,160.64999999999998,0.8571428571428571,209
regional_hospital,high_capacity,13,riar,27.975000000000005,1.0,45
regional_hospital,high_capacity,14,gated,130.05,1.0,0
regional_hospital,high_capacity,14,naive,75.45,0.14285714285714285,71
regional_hospital,high_capacity,14,mvr,75.875,1.0,72
regional_hospital,high_capacity,14,riar,20.9,1.0,15
regional_hospital,high_capacity,15,gated,0.0,1.0,0
regional_hospital,high_capacity,15,naive,0.0,1.0,0
regional_hospital,high_capacity,15,mvr,0.0,1.0,0
regional_hospital,high_capacity,15,riar,0.0,1.0,0
regional_hospital,high_capacity,16,gated,0.0,1.0,0
regional_hospital,high_capacity,16,naive,0.0,1.0,0
regional_hospital,high_capacity,16,mvr,0.0,1.0,0
regional_hospital,high_capacity,16,riar,0.0,1.0,0
regional_hospital,high_capacity,17,gated,115.15,0.5714285714285714,0
regional_hospital,high_capacity,17,naive,199.77500000000003,0.2857142857142857,227
regional_hospital,high_capacity,17,mvr,176.925,0.2857142857142857,233
regional_hospital,high_capacity,17,riar,56.72500000000001,1.0,27
regional_hospital,high_capacity,18,gated,0.0,1.0,0
regional_hospital,high_capacity,18,naive,0.0,1.0,0
regional_hospital,high_capacity,18,mvr,0.0,1.0,0
regional_hospital,high_capacity,18,riar,0.0,1.0,0
regional_hospital,high_capacity,19,gated,107.92500000000001,1.0,0
regional_hospital,high_capacity,19,naive,103.15,1.0,76
regional_hospital,high_capacity,19,mvr,151.675,0.7142857142857143,162
regional_hospital,high_capacity,19,riar,41.6,1.0,20
regional_hospital,high_capacity,20,gated,114.74999999999999,1.0,0
regional_hospital,high_capacity,20,naive,102.10000000000001,1.0,98
regional_hospital,high_capacity,20,mvr,99.05,0.8571428571428571,102
regional_hospital,high_capacity,20,riar,21.325000000000003,1.0,17
regional_hospital,high_capacity,21,gated,2.0,1.0,0
regional_hospital,high_capacity,21,naive,2.0,1.0,0
regional_hospital,high_capacity,21,mvr,2.0,1.0,0
regional_hospital,high_capacity,21,riar,2.0,1.0,0
regional_hospital,high_capacity,22,gated,143.375,1.0,0
regional_hospital,high_capacity,22,naive,77.85,1.0,42
regional_hospital,high_capacity,22,mvr,167.725,0.2857142857142857,178
regional_hospital,high_capacity,22,riar,48.025000000000006,1.0,21
regional_hospital,high_capacity,23,gated,140.825,1.0,0
regional_hospital,high_capacity,23,naive,107.35,0.8571428571428571,206
regional_hospital,high_capacity,23,mvr,142.525,0.0,299
regional_hospital,high_capacity,23,riar,36.525,1.0,82
regional_hospital,high_capacity,24,gated,0.0,1.0,0
regional_hospital,high_capacity,24,naive,161.42499999999998,0.0,228
regional_hospital,high_capacity,24,mvr,150.875,0.5714285714285714,197
regional_hospital,high_capacity,24,riar,43.425,1.0,55
regional_hospital,high_capacity,25,gated,9.4,1.0,0
regional_hospital,high_capacity,25,naive,9.4,1.0,0
regional_hospital,high_capacity,25,mvr,9.4,1.0,0
regional_hospital,high_capacity,25,riar,9.4,1.0,0
regional_hospital,high_capacity,26,gated,124.1,1.0,0
regional_hospital,high_capacity,26,naive,142.35,1.0,133
regional_hospital,high_capacity,26,mvr,83.75000000000001,1.0,75
regional_hospital,high_capacity,26,riar,26.724999999999998,1.0,38
regional_hospital,high_capacity,27,gated,0.0,1.0,0
regional_hospital,high_capacity,27,naive,0.0,1.0,0
regional_hospital,high_capacity,27,mvr,0.0,1.0,0
regional_hospital,high_capacity,27,riar,0.0,1.0,0
regional_hospital,high_capacity,28,gated,3.0,1.0,0
regional_hospital,high_capacity,28,naive,3.0,1.0,0
regional_hospital,high_capacity,28,mvr,3.0,1.0,0
regional_hospital,high_capacity,28,riar,3.0,1.0,0
regional_hospital,high_capacity,29,gated,146.35000000000002,1.0,0
regional_hospital,high_capacity,29,naive,170.925,0.5714285714285714,184
regional_hospital,high_capacity,29,mvr,172.62500000000003,0.14285714285714285,185
regional_hospital,high_capacity,29,riar,31.625,1.0,17
regional_hospital,high_capacity,30,gated,0.0,1.0,0
regional_hospital,high_capacity,30,naive,0.0,1.0,0
regional_hospital,high_capacity,30,mvr,0.0,1.0,0
regional_hospital,high_capacity,30,riar,0.0,1.0,0
regional_hospital,high_capacity,31,gated,8.6,1.0,0
regional_hospital,high_capacity,31,naive,14.600000000000001,1.0,0
regional_hospital,high_capacity,31,mvr,14.600000000000001,1.0,0
regional_hospital,high_capacity,31,riar,14.600000000000001,1.0,0
regional_hospital,high_capacity,32,gated,18.700000000000003,1.0,0
regional_hospital,high_capacity,32,naive,5.4,0.8571428571428571,0
regional_hospital,high_capacity,32,mvr,5.4,0.8571428571428571,0
regional_hospital,high_capacity,32,riar,5.4,0.8571428571428571,0
regional_hospital,high_capacity,33,gated,88.2,1.0,0
regional_hospital,high_capacity,33,naive,72.9,1.0,114
regional_hospital,high_capacity,33,mvr,72.9,1.0,114
regional_hospital,high_capacity,33,riar,25.925,1.0,41
regional_hospital,high_capacity,34,gated,163.0,1.0,0
regional_hospital,high_capacity,34,naive,93.7,1.0,69
regional_hospital,high_capacity,34,mvr,166.775,0.7142857142857143,165
regional_hospital,high_capacity,34,riar,59.275,1.0,31
regional_hospital,high_capacity,35,gated,102.95,1.0,0
regional_hospital,high_capacity,35,naive,95.60000000000001,1.0,225
regional_hospital,high_capacity,35,mvr,101.0,1.0,214
regional_hospital,high_capacity,35,riar,35.475,1.0,38
regional_hospital,high_capacity,36,gated,111.875,1.0,0
regional_hospital,high_capacity,36,naive,159.6,0.8571428571428571,176
regional_hospital,high_capacity,36,mvr,149.0,0.8571428571428571,156
regional_hospital,high_capacity,36,riar,19.375,1.0,22
regional_hospital,high_capacity,37,gated,133.0,1.0,0
regional_hospital,high_capacity,37,naive,79.3,1.0,79
regional_hospital,high_capacity,37,mvr,175.95,0.42857142857142855,225
regional_hospital,high_capacity,37,riar,33.2,1.0,34
regional_hospital,high_capacity,38,gated,143.025,1.0,0
regional_hospital,high_capacity,38,naive,70.75,1.0,77
regional_hospital,high_capacity,38,mvr,148.25,0.8571428571428571,210
regional_hospital,high_capacity,38,riar,39.55,1.0,31
regional_hospital,high_capacity,39,gated,129.925,1.0,0
regional_hospital,high_capacity,39,naive,75.55,1.0,71
regional_hospital,high_capacity,39,mvr,75.75,1.0,78
regional_hospital,high_capacity,39,riar,17.400000000000002,1.0,10
regional_hospital,high_capacity,40,gated,1.4,1.0,0
regional_hospital,high_capacity,40,naive,1.4,1.0,0
regional_hospital,high_capacity,40,mvr,1.4,1.0,0
regional_hospital,high_capacity,40,riar,1.4,1.0,0
regional_hospital,high_capacity,41,gated,120.25,1.0,0
regional_hospital,high_capacity,41,naive,202.67499999999998,0.0,253
regional_hospital,high_capacity,41,mvr,125.57499999999999,1.0,116
regional_hospital,high_capacity,41,riar,47.325,0.8571428571428571,43
regional_hospital,high_capacity,42,gated,160.15,1.0,0
regional_hospital,high_capacity,42,naive,88.025,1.0,90
regional_hospital,high_capacity,42,mvr,161.97500000000002,0.42857142857142855,210
regional_hospital,high_capacity,42,riar,49.62500000000001,1.0,21
regional_hospital,high_capacity,43,gated,18.6,1.0,0
regional_hospital,high_capacity,43,naive,18.6,1.0,0
regional_hospital,high_capacity,43,mvr,18.6,1.0,0
regional_hospital,high_capacity,43,riar,18.6,1.0,0
regional_hospital,high_capacity,44,gated,136.04999999999998,1.0,0
regional_hospital,high_capacity,44,naive,164.125,0.2857142857142857,232
regional_hospital,high_capacity,44,mvr,186.975,0.2857142857142857,232
regional_hospital,high_capacity,44,riar,52.975,1.0,41
regional_hospital,high_capacity,45,gated,9.4,1.0,0
regional_hospital,high_capacity,45,naive,9.4,1.0,0
regional_hospital,high_capacity,45,mvr,9.4,1.0,0
regional_hospital,high_capacity,45,riar,9.4,1.0,0
regional_hospital,high_capacity,46,gated,2.0,1.0,0
regional_hospital,high_capacity,46,naive,3.6,1.0,0
regional_hospital,high_capacity,46,mvr,3.6,1.0,0
regional_hospital,high_capacity,46,riar,3.6,1.0,0
regional_hospital,high_capacity,47,gated,104.07499999999999,1.0,0
regional_hospital,high_capacity,47,naive,73.85,1.0,95
regional_hospital,high_capacity,47,mvr,141.075,0.5714285714285714,252
regional_hospital,high_capacity,47,riar,30.125000000000004,1.0,37
regional_hospital,high_capacity,48,gated,0.0,1.0,0
regional_hospital,high_capacity,48,naive,0.0,1.0,0
regional_hospital,high_capacity,48,mvr,0.0,1.0,0
regional_hospital,high_capacity,48,riar,0.0,1.0,0
regional_hospital,high_capacity,49,gated,134.075,1.0,0
regional_hospital,high_capacity,49,naive,93.77500000000002,1.0,121
regional_hospital,high_capacity,49,mvr,102.075,0.14285714285714285,234
regional_hospital,high_capacity,49,riar,10.325,1.0,26
regional_hospital,high_capacity,50,gated,164.1,0.8571428571428571,0
regional_hospital,high_capacity,50,naive,4.800000000000001,1.0,0
regional_hospital,high_capacity,50,mvr,4.800000000000001,1.0,0
regional_hospital,high_capacity,50,riar,4.800000000000001,1.0,0
regional_hospital,high_capacity,51,gated,179.8,0.8571428571428571,0
regional_hospital,high_capacity,51,naive,20.8,1.0,0
regional_hospital,high_capacity,51,mvr,20.8,1.0,0
regional_hospital,high_capacity,51,riar,20.8,1.0,0
regional_hospital,high_capacity,52,gated,123.25,1.0,0
regional_hospital,high_capacity,52,naive,88.95,1.0,36
regional_hospital,high_capacity,52,mvr,75.52499999999999,1.0,36
regional_hospital,high_capacity,52,riar,54.099999999999994,1.0,17
regional_hospital,high_capacity,53,gated,4.2,1.0,0
regional_hospital,high_capacity,53,naive,93.625,1.0,216
regional_hospital,high_capacity,53,mvr,103.3,1.0,221
regional_hospital,high_capacity,53,riar,2.2,1.0,0
regional_hospital,high_capacity,54,gated,5.4,1.0,0
regional_hospital,high_capacity,54,naive,13.2,1.0,0
regional_hospital,high_capacity,54,mvr,13.2,1.0,0
regional_hospital,high_capacity,54,riar,13.2,1.0,0
regional_hospital,high_capacity,55,gated,3.2,1.0,0
regional_hospital,high_capacity,55,naive,3.2,1.0,0
regional_hospital,high_capacity,55,mvr,3.2,1.0,0
regional_hospital,high_capacity,55,riar,3.2,1.0,0
regional_hospital,high_capacity,56,gated,102.92499999999998,1.0,0
regional_hospital,high_capacity,56,naive,169.275,0.8571428571428571,208
regional_hospital,high_capacity,56,mvr,123.42500000000001,0.8571428571428571,165
regional_hospital,high_capacity,56,riar,32.725,1.0,34
regional_hospital,high_capacity,57,gated,0.0,1.0,0
regional_hospital,high_capacity,57,naive,15.6,1.0,0
regional_hospital,high_capacity,57,mvr,15.6,1.0,0
regional_hospital,high_capacity,57,riar,15.6,1.0,0
regional_hospital,high_capacity,58,gated,126.575,1.0,0
regional_hospital,high_capacity,58,naive,77.325,1.0,71
regional_hospital,high_capacity,58,mvr,77.325,1.0,71
regional_hospital,high_capacity,58,riar,43.225,1.0,42
regional_hospital,high_capacity,59,gated,102.82500000000002,0.8571428571428571,0
regional_hospital,high_capacity,59,naive,93.725,1.0,107
regional_hospital,high_capacity,59,mvr,93.725,1.0,107
regional_hospital,high_capacity,59,riar,44.975,1.0,42
regional_hospital,high_capacity,60,gated,0.0,1.0,0
regional_hospital,high_capacity,60,naive,0.0,1.0,0
regional_hospital,high_capacity,60,mvr,0.0,1.0,0
regional_hospital,high_capacity,60,riar,0.0,1.0,0
regional_hospital,high_capacity,61,gated,172.05,1.0,0
regional_hospital,high_capacity,61,naive,123.55000000000001,1.0,119
regional_hospital,high_capacity,61,mvr,172.175,0.7142857142857143,226
regional_hospital,high_capacity,61,riar,40.77499999999999,1.0,42
regional_hospital,high_capacity,62,gated,117.175,1.0,0
regional_hospital,high_capacity,62,naive,75.275,0.7142857142857143,50
regional_hospital,high_capacity,62,mvr,84.67500000000001,1.0,66
regional_hospital,high_capacity,62,riar,48.525,1.0,21
regional_hospital,high_capacity,63,gated,0.0,1.0,0
regional_hospital,high_capacity,63,naive,104.17500000000001,0.8571428571428571,111
regional_hospital,high_capacity,63,mvr,137.75,0.7142857142857143,201
regional_hospital,high_capacity,63,riar,43.30000000000001,0.14285714285714285,32
regional_hospital,high_capacity,64,gated,147.07500000000002,1.0,0
regional_hospital,high_capacity,64,naive,191.25,0.2857142857142857,199
regional_hospital,high_capacity,64,mvr,122.07499999999999,1.0,91
regional_hospital,high_capacity,64,riar,33.225,1.0,9
regional_hospital,high_capacity,65,gated,154.72500000000002,1.0,0
regional_hospital,high_capacity,65,naive,81.85,1.0,52
regional_hospital,high_capacity,65,mvr,101.65,1.0,65
regional_hospital,high_capacity,65,riar,56.224999999999994,1.0,22
regional_hospital,high_capacity,66,gated,136.22500000000002,1.0,0
regional_hospital,high_capacity,66,naive,79.625,1.0,106
regional_hospital,high_capacity,66,mvr,136.425,0.8571428571428571,219
regional_hospital,high_capacity,66,riar,35.4,1.0,39
regional_hospital,high_capacity,67,gated,125.475,1.0,0
regional_hospital,high_capacity,67,naive,105.92500000000001,1.0,126
regional_hospital,high_capacity,67,mvr,118.675,0.5714285714285714,219
regional_hospital,high_capacity,67,riar,44.825,1.0,20
regional_hospital,high_capacity,68,gated,115.90000000000002,1.0,0
regional_hospital,high_capacity,68,naive,78.14999999999999,1.0,52
regional_hospital,high_capacity,68,mvr,76.925,1.0,50
regional_hospital,high_capacity,68,riar,36.900000000000006,1.0,25
regional_hospital,high_capacity,69,gated,165.475,0.8571428571428571,0
regional_hospital,high_capacity,69,naive,95.22500000000001,1.0,58
regional_hospital,high_capacity,69,mvr,173.27499999999998,0.8571428571428571,153
regional_hospital,high_capacity,69,riar,83.0,1.0,24
regional_hospital,high_capacity,70,gated,0.0,1.0,0
regional_hospital,high_capacity,70,naive,1.4,1.0,0
regional_hospital,high_capacity,70,mvr,1.4,1.0,0
regional_hospital,high_capacity,70,riar,1.4,1.0,0
regional_hospital,high_capacity,71,gated,150.325,1.0,0
regional_hospital,high_capacity,71,naive,77.85000000000001,1.0,60
regional_hospital,high_capacity,71,mvr,119.10000000000001,1.0,134
regional_hospital,high_capacity,71,riar,23.625,1.0,27
regional_hospital,high_capacity,72,gated,130.95000000000002,0.8571428571428571,0
regional_hospital,high_capacity,72,naive,99.52499999999999,1.0,82
regional_hospital,high_capacity,72,mvr,99.52499999999999,1.0,82
regional_hospital,high_capacity,72,riar,60.724999999999994,1.0,23
regional_hospital,high_capacity,73,gated,1.2,1.0,0
regional_hospital,high_capacity,73,naive,1.2,1.0,0
regional_hospital,high_capacity,73,mvr,1.2,1.0,0
regional_hospital,high_capacity,73,riar,1.2,1.0,0
regional_hospital,high_capacity,74,gated,11.6,1.0,0
regional_hospital,high_capacity,74,naive,12.800000000000002,1.0,0
regional_hospital,high_capacity,74,mvr,12.800000000000002,1.0,0
regional_hospital,high_capacity,74,riar,12.800000000000002,1.0,0
regional_hospital,high_capacity,75,gated,0.0,1.0,0
regional_hospital,high_capacity,75,naive,0.0,1.0,0
regional_hospital,high_capacity,75,mvr,0.0,1.0,0
regional_hospital,high_capacity,75,riar,0.0,1.0,0
regional_hospital,high_capacity,76,gated,117.67500000000001,1.0,0
regional_hospital,high_capacity,76,naive,205.79999999999998,0.2857142857142857,241
regional_hospital,high_capacity,76,mvr,72.175,1.0,70
regional_hospital,high_capacity,76,riar,43.85,0.7142857142857143,47
regional_hospital,high_capacity,77,gated,13.4,1.0,0
regional_hospital,high_capacity,77,naive,3.6,1.0,0
regional_hospital,high_capacity,77,mvr,3.6,1.0,0
regional_hospital,high_capacity,77,riar,3.6,1.0,0
regional_hospital,high_capacity,78,gated,105.95,0.8571428571428571,0
regional_hospital,high_capacity,78,naive,169.07500000000002,0.42857142857142855,255
regional_hospital,high_capacity,78,mvr,152.77499999999998,0.7142857142857143,229
regional_hospital,high_capacity,78,riar,44.675000000000004,1.0,53
regional_hospital,high_capacity,79,gated,18.8,1.0,0
regional_hospital,high_capacity,79,naive,155.95,0.7142857142857143,341
regional_hospital,high_capacity,79,mvr,162.125,0.2857142857142857,369
regional_hospital,high_capacity,79,riar,21.125,1.0,55
regional_hospital,high_capacity,80,gated,13.15,0.8571428571428571,0
regional_hospital,high_capacity,80,naive,13.15,0.8571428571428571,0
regional_hospital,high_capacity,80,mvr,13.15,0.8571428571428571,0
regional_hospital,high_capacity,80,riar,13.15,0.8571428571428571,0
regional_hospital,high_capacity,81,gated,0.8,1.0,0
regional_hospital,high_capacity,81,naive,8.4,0.8571428571428571,0
regional_hospital,high_capacity,81,mvr,8.4,0.8571428571428571,0
regional_hospital,high_capacity,81,riar,8.4,0.8571428571428571,0
regional_hospital,high_capacity,82,gated,170.6,0.8571428571428571,0
regional_hospital,high_capacity,82,naive,138.375,1.0,155
regional_hospital,high_capacity,82,mvr,198.75000000000003,0.5714285714285714,244
regional_hospital,high_capacity,82,riar,18.650000000000002,1.0,30
regional_hospital,high_capacity,83,gated,151.275,0.8571428571428571,0
regional_hospital,high_capacity,83,naive,107.37500000000001,0.8571428571428571,247
regional_hospital,high_capacity,83,mvr,107.37500000000001,0.8571428571428571,247
regional_hospital,high_capacity,83,riar,23.125,1.0,44
regional_hospital,high_capacity,84,gated,126.975,1.0,0
regional_hospital,high_capacity,84,naive,93.9,1.0,212
regional_hospital,high_capacity,84,mvr,93.9,1.0,212
regional_hospital,high_capacity,84,riar,30.05,1.0,65
regional_hospital,high_capacity,85,gated,12.0,1.0,0
regional_hospital,high_capacity,85,naive,12.0,1.0,0
regional_hospital,high_capacity,85,mvr,12.0,1.0,0
regional_hospital,high_capacity,85,riar,12.0,1.0,0
regional_hospital,high_capacity,86,gated,162.275,1.0,0
regional_hospital,high_capacity,86,naive,176.6,0.0,231
regional_hospital,high_capacity,86,mvr,207.075,0.2857142857142857,235
regional_hospital,high_capacity,86,riar,46.199999999999996,0.8571428571428571,26
regional_hospital,high_capacity,87,gated,115.725,1.0,0
regional_hospital,high_capacity,87,naive,147.9,0.14285714285714285,158
regional_hospital,high_capacity,87,mvr,103.97500000000001,1.0,67
regional_hospital,high_capacity,87,riar,58.175,1.0,19
regional_hospital,high_capacity,88,gated,3.2,1.0,0
regional_hospital,high_capacity,88,naive,122.3,0.8571428571428571,199
regional_hospital,high_capacity,88,mvr,86.17499999999998,1.0,129
regional_hospital,high_capacity,88,riar,11.125,1.0,18
regional_hospital,high_capacity,89,gated,147.14999999999998,1.0,0
regional_hospital,high_capacity,89,naive,142.375,1.0,76
regional_hospital,high_capacity,89,mvr,195.425,0.8571428571428571,128
regional_hospital,high_capacity,89,riar,71.225,1.0,22
regional_hospital,high_capacity,90,gated,98.475,1.0,0
regional_hospital,high_capacity,90,naive,109.92500000000001,1.0,126
regional_hospital,high_capacity,90,mvr,209.6,0.0,237
regional_hospital,high_capacity,90,riar,34.12500000000001,1.0,32
regional_hospital,high_capacity,91,gated,125.675,1.0,0
regional_hospital,high_capacity,91,naive,193.1,0.2857142857142857,306
regional_hospital,high_capacity,91,mvr,185.825,0.0,304
regional_hospital,high_capacity,91,riar,45.9,1.0,56
regional_hospital,high_capacity,92,gated,126.45000000000002,1.0,0
regional_hospital,high_capacity,92,naive,130.625,1.0,92
regional_hospital,high_capacity,92,mvr,195.22500000000002,0.14285714285714285,169
regional_hospital,high_capacity,92,riar,26.55,1.0,19
regional_hospital,high_capacity,93,gated,150.125,1.0,0
regional_hospital,high_capacity,93,naive,192.10000000000002,0.0,283
regional_hospital,high_capacity,93,mvr,196.2,0.0,281
regional_hospital,high_capacity,93,riar,46.2,1.0,56
regional_hospital,high_capacity,94,gated,117.57499999999999,1.0,0
regional_hospital,high_capacity,94,naive,91.975,1.0,56
regional_hospital,high_capacity,94,mvr,91.975,1.0,56
regional_hospital,high_capacity,94,riar,38.6,1.0,25
regional_hospital,high_capacity,95,gated,0.0,1.0,0
regional_hospital,high_capacity,95,naive,9.4,1.0,0
regional_hospital,high_capacity,95,mvr,9.4,1.0,0
regional_hospital,high_capacity,95,riar,9.4,1.0,0
regional_hospital,high_capacity,96,gated,80.85,1.0,0
regional_hospital,high_capacity,96,naive,80.19999999999999,1.0,90
regional_hospital,high_capacity,96,mvr,101.925,1.0,119
regional_hospital,high_capacity,96,riar,36.825,0.14285714285714285,39
regional_hospital,high_capacity,97,gated,121.1,1.0,0
regional_hospital,high_capacity,97,naive,177.625,0.2857142857142857,248
regional_hospital,high_capacity,97,mvr,146.0,0.5714285714285714,232
regional_hospital,high_capacity,97,riar,40.55,1.0,24
regional_hospital,high_capacity,98,gated,9.4,1.0,0
regional_hospital,high_capacity,98,naive,9.4,1.0,0
regional_hospital,high_capacity,98,mvr,9.4,1.0,0
regional_hospital,high_capacity,98,riar,9.4,1.0,0
regional_hospital,high_capacity,99,gated,92.025,1.0,0
regional_hospital,high_capacity,99,naive,207.62499999999997,0.2857142857142857,223
regional_hospital,high_capacity,99,mvr,176.77499999999998,0.5714285714285714,210
regional_hospital,high_capacity,99,riar,23.75,1.0,18
regional_hospital,high_capacity,100,gated,25.8,1.0,0
regional_hospital,high_capacity,100,naive,25.8,1.0,0
regional_hospital,high_capacity,100,mvr,25.8,1.0,0
regional_hospital,high_capacity,100,riar,25.8,1.0,0
regional_hospital,high_capacity,101,gated,157.05,1.0,0
regional_hospital,high_capacity,101,naive,2.4,1.0,0
regional_hospital,high_capacity,101,mvr,2.4,1.0,0
regional_hospital,high_capacity,101,riar,2.4,1.0,0
regional_hospital,high_capacity,102,gated,126.225,1.0,0
regional_hospital,high_capacity,102,naive,88.45,1.0,170
regional_hospital,high_capacity,102,mvr,126.20000000000002,0.7142857142857143,242
regional_hospital,high_capacity,102,riar,9.4,1.0,1
regional_hospital,high_capacity,103,gated,183.15,0.8571428571428571,0
regional_hospital,high_capacity,103,naive,154.70000000000002,1.0,174
regional_hospital,high_capacity,103,mvr,188.25,0.7142857142857143,231
regional_hospital,high_capacity,103,riar,25.325000000000003,1.0,28
regional_hospital,high_capacity,104,gated,135.425,1.0,0
regional_hospital,high_capacity,104,naive,101.52499999999998,0.8571428571428571,86
regional_hospital,high_capacity,104,mvr,157.5,0.42857142857142855,185
regional_hospital,high_capacity,104,riar,49.974999999999994,1.0,23
regional_hospital,high_capacity,105,gated,118.2,1.0,0
regional_hospital,high_capacity,105,naive,77.67500000000001,1.0,81
regional_hospital,high_capacity,105,mvr,77.67500000000001,1.0,81
regional_hospital,high_capacity,105,riar,35.725,1.0,43
regional_hospital,high_capacity,106,gated,134.75,1.0,0
regional_hospital,high_capacity,106,naive,149.05,0.5714285714285714,179
regional_hospital,high_capacity,106,mvr,153.49999999999997,0.42857142857142855,197
regional_hospital,high_capacity,106,riar,32.800000000000004,1.0,22
regional_hospital,high_capacity,107,gated,123.22500000000001,1.0,0
regional_hospital,high_capacity,107,naive,161.4,0.8571428571428571,143
regional_hospital,high_capacity,107,mvr,202.575,0.2857142857142857,193
regional_hospital,high_capacity,107,riar,38.224999999999994,1.0,22
regional_hospital,high_capacity,108,gated,23.5,0.8571428571428571,0
regional_hospital,high_capacity,108,naive,23.5,0.8571428571428571,0
regional_hospital,high_capacity,108,mvr,23.5,0.8571428571428571,0
regional_hospital,high_capacity,108,riar,23.5,0.8571428571428571,0
regional_hospital,high_capacity,109,gated,115.475,1.0,0
regional_hospital,high_capacity,109,naive,213.49999999999997,0.0,257
regional_hospital,high_capacity,109,mvr,132.325,1.0,126
regional_hospital,high_capacity,109,riar,57.175,1.0,27
regional_hospital,high_capacity,110,gated,48.599999999999994,1.0,0
regional_hospital,high_capacity,110,naive,85.5,1.0,116
regional_hospital,high_capacity,110,mvr,96.69999999999999,0.8571428571428571,127
regional_hospital,high_capacity,110,riar,23.85,1.0,49
regional_hospital,high_capacity,111,gated,1.2,1.0,0
regional_hospital,high_capacity,111,naive,5.8,1.0,0
regional_hospital,high_capacity,111,mvr,5.8,1.0,0
regional_hospital,high_capacity,111,riar,5.8,1.0,0
regional_hospital,high_capacity,112,gated,109.475,0.8571428571428571,0
regional_hospital,high_capacity,112,naive,236.70000000000002,0.0,250
regional_hospital,high_capacity,112,mvr,229.175,0.0,247
regional_hospital,high_capacity,112,riar,45.324999999999996,1.0,37
regional_hospital,high_capacity,113,gated,0.0,1.0,0
regional_hospital,high_capacity,113,naive,0.0,1.0,0
regional_hospital,high_capacity,113,mvr,0.0,1.0,0
regional_hospital,high_capacity,113,riar,0.0,1.0,0
regional_hospital,high_capacity,114,gated,10.8,1.0,0
regional_hospital,high_capacity,114,naive,0.8,1.0,0
regional_hospital,high_capacity,114,mvr,0.8,1.0,0
regional_hospital,high_capacity,114,riar,0.8,1.0,0
regional_hospital,high_capacity,115,gated,144.65,0.8571428571428571,0
regional_hospital,high_capacity,115,naive,140.525,0.5714285714285714,255
regional_hospital,high_capacity,115,mvr,131.9,0.2857142857142857,273
regional_hospital,high_capacity,115,riar,12.475,1.0,37
regional_hospital,high_capacity,116,gated,144.025,1.0,0
regional_hospital,high_capacity,116,naive,126.825,0.2857142857142857,162
regional_hospital,high_capacity,116,mvr,75.575,1.0,76
regional_hospital,high_capacity,116,riar,45.10000000000001,0.14285714285714285,29
regional_hospital,high_capacity,117,gated,150.25,1.0,0
regional_hospital,high_capacity,117,naive,153.375,0.5714285714285714,229
regional_hospital,high_capacity,117,mvr,175.07500000000002,0.5714285714285714,234
regional_hospital,high_capacity,117,riar,12.024999999999999,1.0,21
regional_hospital,high_capacity,118,gated,123.15,0.8571428571428571,0
regional_hospital,high_capacity,118,naive,104.0,1.0,106
regional_hospital,high_capacity,118,mvr,122.54999999999998,1.0,133
regional_hospital,high_capacity,118,riar,22.5,1.0,24
regional_hospital,high_capacity,119,gated,100.52499999999999,0.8571428571428571,0
regional_hospital,high_capacity,119,naive,129.725,0.8571428571428571,144
regional_hospital,high_capacity,119,mvr,105.10000000000001,1.0,57
regional_hospital,high_capacity,119,riar,38.150000000000006,1.0,19
large_hospital,resource_constrained,0,gated,166.85,1.0,0
large_hospital,resource_constrained,0,naive,235.725,0.0,939
large_hospital,resource_constrained,0,mvr,235.725,0.0,939
large_hospital,resource_constrained,0,riar,76.85000000000001,1.0,278
large_hospital,resource_constrained,1,gated,121.525,1.0,0
large_hospital,resource_constrained,1,naive,241.60000000000002,0.0,921
large_hospital,resource_constrained,1,mvr,241.60000000000002,0.0,921
large_hospital,resource_constrained,1,riar,84.45,1.0,176
large_hospital,resource_constrained,2,gated,144.275,1.0,0
large_hospital,resource_constrained,2,naive,242.425,0.0,947
large_hospital,resource_constrained,2,mvr,242.425,0.0,947
large_hospital,resource_constrained,2,riar,66.2,1.0,162
large_hospital,resource_constrained,3,gated,156.45000000000002,0.8571428571428571,0
large_hospital,resource_constrained,3,naive,242.62500000000003,0.0,749
large_hospital,resource_constrained,3,mvr,242.62500000000003,0.0,749
large_hospital,resource_constrained,3,riar,71.64999999999999,1.0,126
large_hospital,resource_constrained,4,gated,146.17499999999998,0.14285714285714285,0
large_hospital,resource_constrained,4,naive,246.9,0.0,793
large_hospital,resource_constrained,4,mvr,246.9,0.0,793
large_hospital,resource_constrained,4,riar,123.52499999999999,0.7142857142857143,405
large_hospital,resource_constrained,5,gated,9.4,1.0,0
large_hospital,resource_constrained,5,naive,9.4,1.0,0
large_hospital,resource_constrained,5,mvr,9.4,1.0,0
large_hospital,resource_constrained,5,riar,9.4,1.0,0
large_hospital,resource_constrained,6,gated,4.0,1.0,0
large_hospital,resource_constrained,6,naive,4.0,1.0,0
large_hospital,resource_constrained,6,mvr,4.0,1.0,0
large_hospital,resource_constrained,6,riar,4.0,1.0,0
large_hospital,resource_constrained,7,gated,137.2,1.0,0
large_hospital,resource_constrained,7,naive,247.0,0.0,882
large_hospital,resource_constrained,7,mvr,247.0,0.0,882
large_hospital,resource_constrained,7,riar,67.97500000000001,1.0,96
large_hospital,resource_constrained,8,gated,142.57500000000002,1.0,0
large_hospital,resource_constrained,8,naive,244.10000000000002,0.0,790
large_hospital,resource_constrained,8,mvr,244.10000000000002,0.0,790
large_hospital,resource_constrained,8,riar,81.575,1.0,186
large_hospital,resource_constrained,9,gated,147.45000000000002,1.0,0
large_hospital,resource_constrained,9,naive,245.75,0.0,778
large_hospital,resource_constrained,9,mvr,245.75,0.0,778
large_hospital,resource_constrained,9,riar,101.92500000000001,0.14285714285714285,460
large_hospital,resource_constrained,10,gated,140.625,1.0,0
large_hospital,resource_constrained,10,naive,229.97500000000002,0.0,908
large_hospital,resource_constrained,10,mvr,229.50000000000003,0.0,911
large_hospital,resource_constrained,10,riar,82.55,1.0,255
large_hospital,resource_constrained,11,gated,128.525,1.0,0
large_hospital,resource_constrained,11,naive,245.275,0.0,831
large_hospital,resource_constrained,11,mvr,245.275,0.0,831
large_hospital,resource_constrained,11,riar,82.44999999999999,1.0,127
large_hospital,resource_constrained,12,gated,180.1,0.8571428571428571,0
large_hospital,resource_constrained,12,naive,244.57500000000002,0.0,911
large_hospital,resource_constrained,12,mvr,244.57500000000002,0.0,911
large_hospital,resource_constrained,12,riar,62.64999999999999,1.0,137
large_hospital,resource_constrained,13,gated,160.07500000000002,0.8571428571428571,0
large_hospital,resource_constrained,13,naive,248.35000000000002,0.0,910
large_hospital,resource_constrained,13,mvr,248.35000000000002,0.0,910
large_hospital,resource_constrained,13,riar,75.6,1.0,132
large_hospital,resource_constrained,14,gated,170.025,1.0,0
large_hospital,resource_constrained,14,naive,247.47500000000002,0.0,712
large_hospital,resource_constrained,14,mvr,247.47500000000002,0.0,712
large_hospital,resource_constrained,14,riar,86.4,0.14285714285714285,153
large_hospital,resource_constrained,15,gated,152.825,1.0,0
large_hospital,resource_constrained,15,naive,241.47499999999997,0.0,868
large_hospital,resource_constrained,15,mvr,241.47499999999997,0.0,868
large_hospital,resource_constrained,15,riar,72.45,1.0,190
large_hospital,resource_constrained,16,gated,164.575,1.0,0
large_hospital,resource_constrained,16,naive,242.175,0.0,806
large_hospital,resource_constrained,16,mvr,242.75000000000003,0.0,817
large_hospital,resource_constrained,16,riar,64.275,1.0,88
large_hospital,resource_constrained,17,gated,186.125,0.8571428571428571,0
large_hospital,resource_constrained,17,naive,246.97499999999997,0.0,873
large_hospital,resource_constrained,17,mvr,246.97499999999997,0.0,873
large_hospital,resource_constrained,17,riar,69.05,1.0,89
large_hospital,resource_constrained,18,gated,123.55,1.0,0
large_hospital,resource_constrained,18,naive,235.70000000000002,0.0,791
large_hospital,resource_constrained,18,mvr,235.70000000000002,0.0,797
large_hospital,resource_constrained,18,riar,80.72500000000001,1.0,188
large_hospital,resource_constrained,19,gated,157.05,1.0,0
large_hospital,resource_constrained,19,naive,245.425,0.0,740
large_hospital,resource_constrained,19,mvr,245.425,0.0,740
large_hospital,resource_constrained,19,riar,84.27499999999999,1.0,103
large_hospital,resource_constrained,20,gated,14.000000000000002,1.0,0
large_hospital,resource_constrained,20,naive,1.2,1.0,0
large_hospital,resource_constrained,20,mvr,1.2,1.0,0
large_hospital,resource_constrained,20,riar,1.2,1.0,0
large_hospital,resource_constrained,21,gated,132.3,1.0,0
large_hospital,resource_constrained,21,naive,245.2,0.0,914
large_hospital,resource_constrained,21,mvr,245.2,0.0,914
large_hospital,resource_constrained,21,riar,66.9,1.0,99
large_hospital,resource_constrained,22,gated,135.65,1.0,0
large_hospital,resource_constrained,22,naive,242.05,0.0,739
large_hospital,resource_constrained,22,mvr,242.05,0.0,739
large_hospital,resource_constrained,22,riar,150.675,0.14285714285714285,468
large_hospital,resource_constrained,23,gated,140.95000000000002,1.0,0
large_hospital,resource_constrained,23,naive,243.97500000000002,0.0,942
large_hospital,resource_constrained,23,mvr,243.97500000000002,0.0,942
large_hospital,resource_constrained,23,riar,74.7,1.0,210
large_hospital,resource_constrained,24,gated,141.375,1.0,0
large_hospital,resource_constrained,24,naive,244.5,0.0,771
large_hospital,resource_constrained,24,mvr,244.5,0.0,771
large_hospital,resource_constrained,24,riar,87.87500000000001,1.0,142
large_hospital,resource_constrained,25,gated,153.45,0.8571428571428571,0
large_hospital,resource_constrained,25,naive,218.425,0.0,1171
large_hospital,resource_constrained,25,mvr,218.425,0.0,1171
large_hospital,resource_constrained,25,riar,86.80000000000001,0.8571428571428571,796
large_hospital,resource_constrained,26,gated,127.97500000000001,1.0,0
large_hospital,resource_constrained,26,naive,243.4,0.0,821
large_hospital,resource_constrained,26,mvr,243.4,0.0,821
large_hospital,resource_constrained,26,riar,95.75,0.0,526
large_hospital,resource_constrained,27,gated,170.55,1.0,0
large_hospital,resource_constrained,27,naive,250.07500000000002,0.0,850
large_hospital,resource_constrained,27,mvr,250.07500000000002,0.0,850
large_hospital,resource_constrained,27,riar,79.775,1.0,83
large_hospital,resource_constrained,28,gated,157.025,1.0,0
large_hospital,resource_constrained,28,naive,242.025,0.0,848
large_hospital,resource_constrained,28,mvr,242.025,0.0,848
large_hospital,resource_constrained,28,riar,79.25,1.0,208
large_hospital,resource_constrained,29,gated,144.65,1.0,0
large_hospital,resource_constrained,29,naive,247.77500000000003,0.0,766
large_hospital,resource_constrained,29,mvr,247.77500000000003,0.0,766
large_hospital,resource_constrained,29,riar,98.07499999999999,0.5714285714285714,523
large_hospital,resource_constrained,30,gated,146.82500000000002,1.0,0
large_hospital,resource_constrained,30,naive,243.85000000000002,0.0,903
large_hospital,resource_constrained,30,mvr,243.85000000000002,0.0,903
large_hospital,resource_constrained,30,riar,76.9,1.0,210
large_hospital,resource_constrained,31,gated,117.57500000000002,1.0,0
large_hospital,resource_constrained,31,naive,245.22500000000002,0.0,804
large_hospital,resource_constrained,31,mvr,245.22500000000002,0.0,804
large_hospital,resource_constrained,31,riar,75.2,1.0,106
large_hospital,resource_constrained,32,gated,3.8,1.0,0
large_hospital,resource_constrained,32,naive,12.799999999999999,1.0,0
large_hospital,resource_constrained,32,mvr,12.799999999999999,1.0,0
large_hospital,resource_constrained,32,riar,12.799999999999999,1.0,0
large_hospital,resource_constrained,33,gated,165.52500000000003,1.0,0
large_hospital,resource_constrained,33,naive,245.275,0.0,871
large_hospital,resource_constrained,33,mvr,245.275,0.0,871
large_hospital,resource_constrained,33,riar,92.95,0.5714285714285714,592
large_hospital,resource_constrained,34,gated,167.65,0.8571428571428571,0
large_hospital,resource_constrained,34,naive,249.32500000000002,0.0,812
large_hospital,resource_constrained,34,mvr,249.32500000000002,0.0,812
large_hospital,resource_constrained,34,riar,80.8,1.0,94
large_hospital,resource_constrained,35,gated,142.6,1.0,0
large_hospital,resource_constrained,35,naive,234.675,0.0,1050
large_hospital,resource_constrained,35,mvr,234.675,0.0,1050
large_hospital,resource_constrained,35,riar,106.92500000000001,0.8571428571428571,592
large_hospital,resource_constrained,36,gated,131.35,0.8571428571428571,0
large_hospital,resource_constrained,36,naive,247.47500000000002,0.0,810
large_hospital,resource_constrained,36,mvr,247.47500000000002,0.0,810
large_hospital,resource_constrained,36,riar,70.875,1.0,92
large_hospital,resource_constrained,37,gated,143.45000000000002,1.0,0
large_hospital,resource_constrained,37,naive,243.05,0.0,920
large_hospital,resource_constrained,37,mvr,243.05,0.0,920
large_hospital,resource_constrained,37,riar,141.62499999999997,0.7142857142857143,675
large_hospital,resource_constrained,38,gated,162.05,0.8571428571428571,0
large_hospital,resource_constrained,38,naive,237.025,0.0,964
large_hospital,resource_constrained,38,mvr,237.025,0.0,964
large_hospital,resource_constrained,38,riar,72.875,1.0,208
large_hospital,resource_constrained,39,gated,127.32499999999999,1.0,0
large_hospital,resource_constrained,39,naive,239.525,0.0,728
large_hospital,resource_constrained,39,mvr,239.525,0.0,728
large_hospital,resource_constrained,39,riar,73.85000000000001,1.0,138
large_hospital,resource_constrained,40,gated,154.975,1.0,0
large_hospital,resource_constrained,40,naive,242.15,0.0,911
large_hospital,resource_constrained,40,mvr,242.15,0.0,911
large_hospital,resource_constrained,40,riar,75.0,1.0,126
large_hospital,resource_constrained,41,gated,183.25,0.8571428571428571,0
large_hospital,resource_constrained,41,naive,243.50000000000003,0.0,924
large_hospital,resource_constrained,41,mvr,243.50000000000003,0.0,924
large_hospital,resource_constrained,41,riar,108.05000000000001,1.0,195
large_hospital,resource_constrained,42,gated,185.70000000000002,0.8571428571428571,0
large_hospital,resource_constrained,42,naive,249.70000000000002,0.0,779
large_hospital,resource_constrained,42,mvr,249.70000000000002,0.0,779
large_hospital,resource_constrained,42,riar,72.575,1.0,99
large_hospital,resource_constrained,43,gated,163.175,1.0,0
large_hospital,resource_constrained,43,naive,246.4,0.0,753
large_hospital,resource_constrained,43,mvr,246.4,0.0,753
large_hospital,resource_constrained,43,riar,71.97500000000001,1.0,121
large_hospital,resource_constrained,44,gated,158.50000000000003,1.0,0
large_hospital,resource_constrained,44,naive,251.4,0.0,836
large_hospital,resource_constrained,44,mvr,251.4,0.0,836
large_hospital,resource_constrained,44,riar,68.0,1.0,93
large_hospital,resource_constrained,45,gated,7.3999999999999995,1.0,0
large_hospital,resource_constrained,45,naive,7.3999999999999995,1.0,0
large_hospital,resource_constrained,45,mvr,7.3999999999999995,1.0,0
large_hospital,resource_constrained,45,riar,7.3999999999999995,1.0,0
large_hospital,resource_constrained,46,gated,139.95,1.0,0
large_hospital,resource_constrained,46,naive,242.70000000000005,0.0,879
large_hospital,resource_constrained,46,mvr,242.70000000000005,0.0,879
large_hospital,resource_constrained,46,riar,90.95000000000002,1.0,227
large_hospital,resource_constrained,47,gated,139.425,1.0,0
large_hospital,resource_constrained,47,naive,246.5,0.0,879
large_hospital,resource_constrained,47,mvr,246.5,0.0,879
large_hospital,resource_constrained,47,riar,78.95,1.0,160
large_hospital,resource_constrained,48,gated,127.77499999999998,1.0,0
large_hospital,resource_constrained,48,naive,240.2,0.0,927
large_hospital,resource_constrained,48,mvr,240.2,0.0,927
large_hospital,resource_constrained,48,riar,67.5,1.0,173
large_hospital,resource_constrained,49,gated,145.025,0.8571428571428571,0
large_hospital,resource_constrained,49,naive,248.05,0.0,864
large_hospital,resource_constrained,49,mvr,248.05,0.0,864
large_hospital,resource_constrained,49,riar,72.17500000000001,1.0,89
large_hospital,resource_constrained,50,gated,168.375,0.8571428571428571,0
large_hospital,resource_constrained,50,naive,232.025,0.0,1014
large_hospital,resource_constrained,50,mvr,231.525,0.0,1033
large_hospital,resource_constrained,50,riar,69.475,1.0,236
large_hospital,resource_constrained,51,gated,152.525,1.0,0
large_hospital,resource_constrained,51,naive,244.5,0.0,926
large_hospital,resource_constrained,51,mvr,244.5,0.0,926
large_hospital,resource_constrained,51,riar,63.7,1.0,99
large_hospital,resource_constrained,52,gated,144.52500000000003,1.0,0
large_hospital,resource_constrained,52,naive,244.075,0.0,739
large_hospital,resource_constrained,52,mvr,244.075,0.0,739
large_hospital,resource_constrained,52,riar,70.95,1.0,109
large_hospital,resource_constrained,53,gated,142.025,1.0,0
large_hospital,resource_constrained,53,naive,251.15,0.0,910
large_hospital,resource_constrained,53,mvr,251.15,0.0,910
large_hospital,resource_constrained,53,riar,84.25,1.0,187
large_hospital,resource_constrained,54,gated,179.02499999999998,0.8571428571428571,0
large_hospital,resource_constrained,54,naive,243.12500000000003,0.0,757
large_hospital,resource_constrained,54,mvr,243.12500000000003,0.0,757
large_hospital,resource_constrained,54,riar,67.05,1.0,83
large_hospital,resource_constrained,55,gated,165.77499999999998,0.8571428571428571,0
large_hospital,resource_constrained,55,naive,244.375,0.0,882
large_hospital,resource_constrained,55,mvr,244.375,0.0,882
large_hospital,resource_constrained,55,riar,102.375,0.7142857142857143,505
large_hospital,resource_constrained,56,gated,134.55,1.0,0
large_hospital,resource_constrained,56,naive,247.62500000000003,0.0,886
large_hospital,resource_constrained,56,mvr,247.62500000000003,0.0,886
large_hospital,resource_constrained,56,riar,78.27499999999999,1.0,172
large_hospital,resource_constrained,57,gated,173.27499999999998,0.7142857142857143,0
large_hospital,resource_constrained,57,naive,246.00000000000003,0.0,843
large_hospital,resource_constrained,57,mvr,244.42500000000004,0.0,847
large_hospital,resource_constrained,57,riar,110.65,0.7142857142857143,535
large_hospital,resource_constrained,58,gated,127.15,1.0,0
large_hospital,resource_constrained,58,naive,241.25,0.0,756
large_hospital,resource_constrained,58,mvr,243.55,0.0,766
large_hospital,resource_constrained,58,riar,62.69999999999999,1.0,65
large_hospital,resource_constrained,59,gated,156.925,1.0,0
large_hospital,resource_constrained,59,naive,245.29999999999998,0.0,755
large_hospital,resource_constrained,59,mvr,245.29999999999998,0.0,755
large_hospital,resource_constrained,59,riar,90.47500000000001,0.8571428571428571,419
large_hospital,resource_constrained,60,gated,134.875,1.0,0
large_hospital,resource_constrained,60,naive,239.04999999999998,0.0,837
large_hospital,resource_constrained,60,mvr,239.04999999999998,0.0,837
large_hospital,resource_constrained,60,riar,83.05,1.0,284
large_hospital,resource_constrained,61,gated,133.35,1.0,0
large_hospital,resource_constrained,61,naive,243.67500000000004,0.0,860
large_hospital,resource_constrained,61,mvr,243.67500000000004,0.0,860
large_hospital,resource_constrained,61,riar,75.05,0.8571428571428571,131
large_hospital,resource_constrained,62,gated,136.0,1.0,0
large_hospital,resource_constrained,62,naive,244.175,0.0,892
large_hospital,resource_constrained,62,mvr,244.175,0.0,892
large_hospital,resource_constrained,62,riar,113.775,1.0,403
large_hospital,resource_constrained,63,gated,149.70000000000002,1.0,0
large_hospital,resource_constrained,63,naive,244.2,0.0,844
large_hospital,resource_constrained,63,mvr,244.2,0.0,844
large_hospital,resource_constrained,63,riar,79.725,1.0,147
large_hospital,resource_constrained,64,gated,197.75000000000003,0.8571428571428571,0
large_hospital,resource_constrained,64,naive,246.25,0.0,843
large_hospital,resource_constrained,64,mvr,246.25,0.0,843
large_hospital,resource_constrained,64,riar,88.525,0.8571428571428571,164
large_hospital,resource_constrained,65,gated,137.1,1.0,0
large_hospital,resource_constrained,65,naive,239.82500000000002,0.0,824
large_hospital,resource_constrained,65,mvr,239.82500000000002,0.0,824
large_hospital,resource_constrained,65,riar,77.875,1.0,173
large_hospital,resource_constrained,66,gated,188.925,0.8571428571428571,0
large_hospital,resource_constrained,66,naive,245.5,0.0,877
large_hospital,resource_constrained,66,mvr,245.5,0.0,877
large_hospital,resource_constrained,66,riar,100.15,0.8571428571428571,482
large_hospital,resource_constrained,67,gated,144.85,1.0,0
large_hospital,resource_constrained,67,naive,245.35,0.0,919
large_hospital,resource_constrained,67,mvr,245.35,0.0,919
large_hospital,resource_constrained,67,riar,76.00000000000001,0.8571428571428571,152
large_hospital,resource_constrained,68,gated,137.54999999999998,1.0,0
large_hospital,resource_constrained,68,naive,242.77500000000003,0.0,846
large_hospital,resource_constrained,68,mvr,242.77500000000003,0.0,846
large_hospital,resource_constrained,68,riar,111.7,0.2857142857142857,602
large_hospital,resource_constrained,69,gated,134.77499999999998,1.0,0
large_hospital,resource_constrained,69,naive,243.07500000000002,0.0,823
large_hospital,resource_constrained,69,mvr,243.07500000000002,0.0,823
large_hospital,resource_constrained,69,riar,75.4,1.0,159
large_hospital,resource_constrained,70,gated,3.8,1.0,0
large_hospital,resource_constrained,70,naive,3.8,1.0,0
large_hospital,resource_constrained,70,mvr,3.8,1.0,0
large_hospital,resource_constrained,70,riar,3.8,1.0,0
large_hospital,resource_constrained,71,gated,150.70000000000002,1.0,0
large_hospital,resource_constrained,71,naive,247.62500000000003,0.0,965
large_hospital,resource_constrained,71,mvr,247.62500000000003,0.0,965
large_hospital,resource_constrained,71,riar,114.05,0.8571428571428571,538
large_hospital,resource_constrained,72,gated,166.35,1.0,0
large_hospital,resource_constrained,72,naive,248.175,0.0,762
large_hospital,resource_constrained,72,mvr,248.175,0.0,762
large_hospital,resource_constrained,72,riar,116.525,0.7142857142857143,484
large_hospital,resource_constrained,73,gated,12.425,1.0,0
large_hospital,resource_constrained,73,naive,12.425,1.0,0
large_hospital,resource_constrained,73,mvr,12.425,1.0,0
large_hospital,resource_constrained,73,riar,12.425,1.0,0
large_hospital,resource_constrained,74,gated,182.12500000000003,0.8571428571428571,0
large_hospital,resource_constrained,74,naive,248.95000000000005,0.0,908
large_hospital,resource_constrained,74,mvr,248.95000000000005,0.0,908
large_hospital,resource_constrained,74,riar,97.5,0.8571428571428571,337
large_hospital,resource_constrained,75,gated,147.825,1.0,0
large_hospital,resource_constrained,75,naive,241.15000000000003,0.0,916
large_hospital,resource_constrained,75,mvr,241.15000000000003,0.0,916
large_hospital,resource_constrained,75,riar,103.275,1.0,281
large_hospital,resource_constrained,76,gated,127.725,1.0,0
large_hospital,resource_constrained,76,naive,245.65,0.0,812
large_hospital,resource_constrained,76,mvr,245.65,0.0,812
large_hospital,resource_constrained,76,riar,100.55,1.0,273
large_hospital,resource_constrained,77,gated,149.12500000000003,1.0,0
large_hospital,resource_constrained,77,naive,247.42499999999995,0.0,880
large_hospital,resource_constrained,77,mvr,247.42499999999995,0.0,880
large_hospital,resource_constrained,77,riar,132.57500000000002,0.8571428571428571,580
large_hospital,resource_constrained,78,gated,0.8,1.0,0
large_hospital,resource_constrained,78,naive,228.92500000000004,0.0,1035
large_hospital,resource_constrained,78,mvr,228.92500000000004,0.0,1035
large_hospital,resource_constrained,78,riar,85.95,1.0,280
large_hospital,resource_constrained,79,gated,179.59999999999997,0.8571428571428571,0
large_hospital,resource_constrained,79,naive,247.07499999999996,0.0,897
large_hospital,resource_constrained,79,mvr,247.07499999999996,0.0,897
large_hospital,resource_constrained,79,riar,80.5,1.0,157
large_hospital,resource_constrained,80,gated,3.8,1.0,0
large_hospital,resource_constrained,80,naive,3.8,1.0,0
large_hospital,resource_constrained,80,mvr,3.8,1.0,0
large_hospital,resource_constrained,80,riar,3.8,1.0,0
large_hospital,resource_constrained,81,gated,132.39999999999998,1.0,0
large_hospital,resource_constrained,81,naive,244.35,0.0,814
large_hospital,resource_constrained,81,mvr,244.35,0.0,814
large_hospital,resource_constrained,81,riar,81.175,1.0,129
large_hospital,resource_constrained,82,gated,181.3,0.8571428571428571,0
large_hospital,resource_constrained,82,naive,245.525,0.0,900
large_hospital,resource_constrained,82,mvr,245.525,0.0,900
large_hospital,resource_constrained,82,riar,81.47500000000001,1.0,140
large_hospital,resource_constrained,83,gated,155.875,1.0,0
large_hospital,resource_constrained,83,naive,239.45,0.0,910
large_hospital,resource_constrained,83,mvr,239.45,0.0,910
large_hospital,resource_constrained,83,riar,74.125,1.0,184
large_hospital,resource_constrained,84,gated,159.725,1.0,0
large_hospital,resource_constrained,84,naive,244.975,0.0,920
large_hospital,resource_constrained,84,mvr,244.975,0.0,920
large_hospital,resource_constrained,84,riar,72.3,1.0,145
large_hospital,resource_constrained,85,gated,125.27499999999999,1.0,0
large_hospital,resource_constrained,85,naive,239.70000000000002,0.0,827
large_hospital,resource_constrained,85,mvr,239.925,0.0,843
large_hospital,resource_constrained,85,riar,86.975,1.0,183
large_hospital,resource_constrained,86,gated,148.0,1.0,0
large_hospital,resource_constrained,86,naive,251.45,0.0,929
large_hospital,resource_constrained,86,mvr,251.45,0.0,929
large_hospital,resource_constrained,86,riar,119.225,0.5714285714285714,575
large_hospital,resource_constrained,87,gated,2.0,1.0,0
large_hospital,resource_constrained,87,naive,2.0,1.0,0
large_hospital,resource_constrained,87,mvr,2.0,1.0,0
large_hospital,resource_constrained,87,riar,2.0,1.0,0
large_hospital,resource_constrained,88,gated,164.9,1.0,0
large_hospital,resource_constrained,88,naive,245.72500000000002,0.0,835
large_hospital,resource_constrained,88,mvr,245.72500000000002,0.0,835
large_hospital,resource_constrained,88,riar,73.875,0.8571428571428571,104
large_hospital,resource_constrained,89,gated,157.625,1.0,0
large_hospital,resource_constrained,89,naive,244.05000000000004,0.0,717
large_hospital,resource_constrained,89,mvr,244.05000000000004,0.0,717
large_hospital,resource_constrained,89,riar,81.52499999999999,1.0,293
large_hospital,resource_constrained,90,gated,151.27499999999998,1.0,0
large_hospital,resource_constrained,90,naive,227.9,0.0,944
large_hospital,resource_constrained,90,mvr,227.9,0.0,944
large_hospital,resource_constrained,90,riar,101.875,1.0,455
large_hospital,resource_constrained,91,gated,133.6,1.0,0
large_hospital,resource_constrained,91,naive,245.775,0.0,934
large_hospital,resource_constrained,91,mvr,245.775,0.0,934
large_hospital,resource_constrained,91,riar,113.075,0.14285714285714285,646
large_hospital,resource_constrained,92,gated,213.0,0.8571428571428571,0
large_hospital,resource_constrained,92,naive,248.22500000000002,0.0,698
large_hospital,resource_constrained,92,mvr,248.22500000000002,0.0,698
large_hospital,resource_constrained,92,riar,69.15,1.0,84
large_hospital,resource_constrained,93,gated,145.95000000000002,1.0,0
large_hospital,resource_constrained,93,naive,231.55,0.0,1052
large_hospital,resource_constrained,93,mvr,231.55,0.0,1052
large_hospital,resource_constrained,93,riar,70.125,0.8571428571428571,282
large_hospital,resource_constrained,94,gated,137.35,1.0,0
large_hospital,resource_constrained,94,naive,247.42499999999998,0.0,713
large_hospital,resource_constrained,94,mvr,246.725,0.0,710
large_hospital,resource_constrained,94,riar,73.7,0.8571428571428571,82
large_hospital,resource_constrained,95,gated,144.35,1.0,0
large_hospital,resource_constrained,95,naive,235.70000000000002,0.0,969
large_hospital,resource_constrained,95,mvr,235.92500000000004,0.0,975
large_hospital,resource_constrained,95,riar,75.75,1.0,217
large_hospital,resource_constrained,96,gated,183.50000000000003,0.8571428571428571,0
large_hospital,resource_constrained,96,naive,244.25,0.0,925
large_hospital,resource_constrained,96,mvr,244.25,0.0,925
large_hospital,resource_constrained,96,riar,93.025,1.0,427
large_hospital,resource_constrained,97,gated,131.35,1.0,0
large_hospital,resource_constrained,97,naive,246.3,0.0,883
large_hospital,resource_constrained,97,mvr,246.3,0.0,883
large_hospital,resource_constrained,97,riar,70.05,1.0,110
large_hospital,resource_constrained,98,gated,149.37500000000003,1.0,0
large_hospital,resource_constrained,98,naive,240.85000000000002,0.0,936
large_hospital,resource_constrained,98,mvr,240.85000000000002,0.0,936
large_hospital,resource_constrained,98,riar,72.525,1.0,192
large_hospital,resource_constrained,99,gated,121.0,1.0,0
large_hospital,resource_constrained,99,naive,242.575,0.0,833
large_hospital,resource_constrained,99,mvr,242.575,0.0,833
large_hospital,resource_constrained,99,riar,69.825,1.0,129
large_hospital,resource_constrained,100,gated,149.57500000000002,1.0,0
large_hospital,resource_constrained,100,naive,241.4,0.0,947
large_hospital,resource_constrained,100,mvr,241.4,0.0,947
large_hospital,resource_constrained,100,riar,83.2,1.0,408
large_hospital,resource_constrained,101,gated,148.8,1.0,0
large_hospital,resource_constrained,101,naive,246.5,0.0,763
large_hospital,resource_constrained,101,mvr,246.5,0.0,763
large_hospital,resource_constrained,101,riar,114.3,0.8571428571428571,379
large_hospital,resource_constrained,102,gated,123.775,0.8571428571428571,0
large_hospital,resource_constrained,102,naive,246.79999999999998,0.0,779
large_hospital,resource_constrained,102,mvr,246.79999999999998,0.0,785
large_hospital,resource_constrained,102,riar,69.5,1.0,95
large_hospital,resource_constrained,103,gated,149.4,1.0,0
large_hospital,resource_constrained,103,naive,233.15,0.0,1026
large_hospital,resource_constrained,103,mvr,233.15,0.0,1026
large_hospital,resource_constrained,103,riar,83.95,1.0,318
large_hospital,resource_constrained,104,gated,176.975,0.8571428571428571,0
large_hospital,resource_constrained,104,naive,249.675,0.0,758
large_hospital,resource_constrained,104,mvr,249.675,0.0,758
large_hospital,resource_constrained,104,riar,80.72500000000001,1.0,116
large_hospital,resource_constrained,105,gated,153.70000000000002,1.0,0
large_hospital,resource_constrained,105,naive,235.10000000000005,0.0,1063
large_hospital,resource_constrained,105,mvr,235.10000000000005,0.0,1063
large_hospital,resource_constrained,105,riar,106.55,0.7142857142857143,714
large_hospital,resource_constrained,106,gated,158.3,1.0,0
large_hospital,resource_constrained,106,naive,248.14999999999998,0.0,807
large_hospital,resource_constrained,106,mvr,248.14999999999998,0.0,807
large_hospital,resource_constrained,106,riar,87.42500000000001,0.8571428571428571,356
large_hospital,resource_constrained,107,gated,138.87500000000003,1.0,0
large_hospital,resource_constrained,107,naive,249.82500000000002,0.0,766
large_hospital,resource_constrained,107,mvr,249.82500000000002,0.0,763
large_hospital,resource_constrained,107,riar,115.5,0.7142857142857143,504
large_hospital,resource_constrained,108,gated,152.225,1.0,0
large_hospital,resource_constrained,108,naive,240.20000000000002,0.0,964
large_hospital,resource_constrained,108,mvr,240.20000000000002,0.0,949
large_hospital,resource_constrained,108,riar,75.02499999999999,1.0,226
large_hospital,resource_constrained,109,gated,158.375,1.0,0
large_hospital,resource_constrained,109,naive,247.62500000000003,0.0,876
large_hospital,resource_constrained,109,mvr,247.62500000000003,0.0,876
large_hospital,resource_constrained,109,riar,83.575,1.0,149
large_hospital,resource_constrained,110,gated,147.6,1.0,0
large_hospital,resource_constrained,110,naive,244.525,0.0,790
large_hospital,resource_constrained,110,mvr,244.525,0.0,790
large_hospital,resource_constrained,110,riar,78.32499999999999,1.0,158
large_hospital,resource_constrained,111,gated,156.375,1.0,0
large_hospital,resource_constrained,111,naive,245.24999999999997,0.0,750
large_hospital,resource_constrained,111,mvr,245.24999999999997,0.0,750
large_hospital,resource_constrained,111,riar,88.52499999999999,1.0,120
large_hospital,resource_constrained,112,gated,141.625,1.0,0
large_hospital,resource_constrained,112,naive,246.7,0.0,846
large_hospital,resource_constrained,112,mvr,246.7,0.0,846
large_hospital,resource_constrained,112,riar,90.05,1.0,451
large_hospital,resource_constrained,113,gated,13.4,1.0,0
large_hospital,resource_constrained,113,naive,13.4,1.0,0
large_hospital,resource_constrained,113,mvr,13.4,1.0,0
large_hospital,resource_constrained,113,riar,13.4,1.0,0
large_hospital,resource_constrained,114,gated,153.29999999999998,0.8571428571428571,0
large_hospital,resource_constrained,114,naive,250.12500000000003,0.0,721
large_hospital,resource_constrained,114,mvr,250.12500000000003,0.0,721
large_hospital,resource_constrained,114,riar,98.475,0.14285714285714285,452
large_hospital,resource_constrained,115,gated,11.2,1.0,0
large_hospital,resource_constrained,115,naive,3.4000000000000004,1.0,0
large_hospital,resource_constrained,115,mvr,3.4000000000000004,1.0,0
large_hospital,resource_constrained,115,riar,3.4000000000000004,1.0,0
large_hospital,resource_constrained,116,gated,158.3,1.0,0
large_hospital,resource_constrained,116,naive,246.05,0.0,683
large_hospital,resource_constrained,116,mvr,246.05,0.0,683
large_hospital,resource_constrained,116,riar,92.275,1.0,201
large_hospital,resource_constrained,117,gated,162.85,1.0,0
large_hospital,resource_constrained,117,naive,247.3,0.0,865
large_hospital,resource_constrained,117,mvr,247.3,0.0,865
large_hospital,resource_constrained,117,riar,83.2,1.0,147
large_hospital,resource_constrained,118,gated,4.2,1.0,0
large_hospital,resource_constrained,118,naive,0.0,1.0,0
large_hospital,resource_constrained,118,mvr,0.0,1.0,0
large_hospital,resource_constrained,118,riar,0.0,1.0,0
large_hospital,resource_constrained,119,gated,135.0,1.0,0
large_hospital,resource_constrained,119,naive,245.79999999999998,0.0,808
large_hospital,resource_constrained,119,mvr,245.79999999999998,0.0,808
large_hospital,resource_constrained,119,riar,77.27499999999999,1.0,110
large_hospital,intermediate_capacity,0,gated,2.0,1.0,0
large_hospital,intermediate_capacity,0,naive,2.0,1.0,0
large_hospital,intermediate_capacity,0,mvr,2.0,1.0,0
large_hospital,intermediate_capacity,0,riar,2.0,1.0,0
large_hospital,intermediate_capacity,1,gated,158.7,1.0,0
large_hospital,intermediate_capacity,1,naive,232.40000000000006,0.0,974
large_hospital,intermediate_capacity,1,mvr,231.95000000000005,0.0,956
large_hospital,intermediate_capacity,1,riar,115.975,1.0,294
large_hospital,intermediate_capacity,2,gated,143.55,1.0,0
large_hospital,intermediate_capacity,2,naive,213.425,0.0,978
large_hospital,intermediate_capacity,2,mvr,217.3,0.2857142857142857,982
large_hospital,intermediate_capacity,2,riar,59.824999999999996,1.0,200
large_hospital,intermediate_capacity,3,gated,167.15,0.8571428571428571,0
large_hospital,intermediate_capacity,3,naive,219.6,0.0,851
large_hospital,intermediate_capacity,3,mvr,220.79999999999998,0.0,859
large_hospital,intermediate_capacity,3,riar,70.3,1.0,258
large_hospital,intermediate_capacity,4,gated,147.97500000000002,1.0,0
large_hospital,intermediate_capacity,4,naive,242.97500000000002,0.0,774
large_hospital,intermediate_capacity,4,mvr,242.97500000000002,0.0,774
large_hospital,intermediate_capacity,4,riar,78.625,1.0,108
large_hospital,intermediate_capacity,5,gated,10.999999999999998,1.0,0
large_hospital,intermediate_capacity,5,naive,10.999999999999998,1.0,0
large_hospital,intermediate_capacity,5,mvr,10.999999999999998,1.0,0
large_hospital,intermediate_capacity,5,riar,10.999999999999998,1.0,0
large_hospital,intermediate_capacity,6,gated,143.70000000000002,1.0,0
large_hospital,intermediate_capacity,6,naive,217.17499999999998,0.0,822
large_hospital,intermediate_capacity,6,mvr,208.675,0.0,817
large_hospital,intermediate_capacity,6,riar,62.24999999999999,0.8571428571428571,201
large_hospital,intermediate_capacity,7,gated,151.225,1.0,0
large_hospital,intermediate_capacity,7,naive,235.04999999999998,0.0,966
large_hospital,intermediate_capacity,7,mvr,235.52499999999998,0.0,965
large_hospital,intermediate_capacity,7,riar,62.75,1.0,163
large_hospital,intermediate_capacity,8,gated,167.54999999999998,0.8571428571428571,0
large_hospital,intermediate_capacity,8,naive,236.35000000000002,0.0,806
large_hospital,intermediate_capacity,8,mvr,232.05000000000004,0.0,787
large_hospital,intermediate_capacity,8,riar,78.35,1.0,119
large_hospital,intermediate_capacity,9,gated,119.725,1.0,0
large_hospital,intermediate_capacity,9,naive,227.40000000000003,0.0,737
large_hospital,intermediate_capacity,9,mvr,227.40000000000003,0.0,737
large_hospital,intermediate_capacity,9,riar,65.02499999999999,1.0,125
large_hospital,intermediate_capacity,10,gated,11.4,1.0,0
large_hospital,intermediate_capacity,10,naive,12.25,1.0,1
large_hospital,intermediate_capacity,10,mvr,12.25,1.0,1
large_hospital,intermediate_capacity,10,riar,52.925000000000004,0.8571428571428571,285
large_hospital,intermediate_capacity,11,gated,202.20000000000002,0.8571428571428571,0
large_hospital,intermediate_capacity,11,naive,226.32500000000002,0.0,828
large_hospital,intermediate_capacity,11,mvr,228.45000000000005,0.0,840
large_hospital,intermediate_capacity,11,riar,72.325,1.0,181
large_hospital,intermediate_capacity,12,gated,123.775,1.0,0
large_hospital,intermediate_capacity,12,naive,183.575,0.2857142857142857,1148
large_hospital,intermediate_capacity,12,mvr,190.325,0.0,1154
large_hospital,intermediate_capacity,12,riar,57.075,1.0,395
large_hospital,intermediate_capacity,13,gated,0.8,1.0,0
large_hospital,intermediate_capacity,13,naive,0.8,1.0,0
large_hospital,intermediate_capacity,13,mvr,0.8,1.0,0
large_hospital,intermediate_capacity,13,riar,0.8,1.0,0
large_hospital,intermediate_capacity,14,gated,168.175,0.8571428571428571,0
large_hospital,intermediate_capacity,14,naive,237.25,0.0,688
large_hospital,intermediate_capacity,14,mvr,230.07500000000002,0.0,697
large_hospital,intermediate_capacity,14,riar,70.2,1.0,69
large_hospital,intermediate_capacity,15,gated,12.4,0.8571428571428571,0
large_hospital,intermediate_capacity,15,naive,231.15,0.0,900
large_hospital,intermediate_capacity,15,mvr,221.79999999999998,0.0,875
large_hospital,intermediate_capacity,15,riar,69.825,1.0,187
large_hospital,intermediate_capacity,16,gated,193.4,0.8571428571428571,0
large_hospital,intermediate_capacity,16,naive,3.5999999999999996,1.0,0
large_hospital,intermediate_capacity,16,mvr,3.5999999999999996,1.0,0
large_hospital,intermediate_capacity,16,riar,3.5999999999999996,1.0,0
large_hospital,intermediate_capacity,17,gated,132.025,1.0,0
large_hospital,intermediate_capacity,17,naive,214.725,0.0,989
large_hospital,intermediate_capacity,17,mvr,213.35,0.2857142857142857,967
large_hospital,intermediate_capacity,17,riar,49.150000000000006,1.0,184
large_hospital,intermediate_capacity,18,gated,132.60000000000002,1.0,0
large_hospital,intermediate_capacity,18,naive,197.00000000000003,0.0,871
large_hospital,intermediate_capacity,18,mvr,211.12500000000006,0.0,881
large_hospital,intermediate_capacity,18,riar,60.75,1.0,230
large_hospital,intermediate_capacity,19,gated,137.60000000000002,1.0,0
large_hospital,intermediate_capacity,19,naive,216.9,0.0,700
large_hospital,intermediate_capacity,19,mvr,194.2,0.2857142857142857,705
large_hospital,intermediate_capacity,19,riar,56.8,1.0,114
large_hospital,intermediate_capacity,20,gated,172.625,0.8571428571428571,0
large_hospital,intermediate_capacity,20,naive,215.875,0.0,982
large_hospital,intermediate_capacity,20,mvr,215.875,0.0,982
large_hospital,intermediate_capacity,20,riar,72.275,1.0,270
large_hospital,intermediate_capacity,21,gated,131.1,1.0,0
large_hospital,intermediate_capacity,21,naive,203.42499999999998,0.0,1035
large_hospital,intermediate_capacity,21,mvr,213.49999999999997,0.0,1019
large_hospital,intermediate_capacity,21,riar,65.67500000000001,0.14285714285714285,255
large_hospital,intermediate_capacity,22,gated,0.8,1.0,0
large_hospital,intermediate_capacity,22,naive,0.8,1.0,0
large_hospital,intermediate_capacity,22,mvr,0.8,1.0,0
large_hospital,intermediate_capacity,22,riar,0.8,1.0,0
large_hospital,intermediate_capacity,23,gated,2.6,1.0,0
large_hospital,intermediate_capacity,23,naive,2.6,1.0,0
large_hospital,intermediate_capacity,23,mvr,2.6,1.0,0
large_hospital,intermediate_capacity,23,riar,2.6,1.0,0
large_hospital,intermediate_capacity,24,gated,123.0,1.0,0
large_hospital,intermediate_capacity,24,naive,233.3,0.2857142857142857,734
large_hospital,intermediate_capacity,24,mvr,233.3,0.2857142857142857,734
large_hospital,intermediate_capacity,24,riar,54.425,1.0,102
large_hospital,intermediate_capacity,25,gated,13.450000000000001,1.0,0
large_hospital,intermediate_capacity,25,naive,20.900000000000002,1.0,0
large_hospital,intermediate_capacity,25,mvr,20.900000000000002,1.0,0
large_hospital,intermediate_capacity,25,riar,20.900000000000002,1.0,0
large_hospital,intermediate_capacity,26,gated,130.1,1.0,0
large_hospital,intermediate_capacity,26,naive,215.02499999999998,0.14285714285714285,740
large_hospital,intermediate_capacity,26,mvr,214.225,0.14285714285714285,744
large_hospital,intermediate_capacity,26,riar,65.22500000000001,1.0,106
large_hospital,intermediate_capacity,27,gated,163.5,0.8571428571428571,0
large_hospital,intermediate_capacity,27,naive,237.45000000000002,0.0,846
large_hospital,intermediate_capacity,27,mvr,237.45000000000002,0.0,846
large_hospital,intermediate_capacity,27,riar,71.8,1.0,87
large_hospital,intermediate_capacity,28,gated,172.6,0.8571428571428571,0
large_hospital,intermediate_capacity,28,naive,230.72499999999997,0.0,786
large_hospital,intermediate_capacity,28,mvr,225.89999999999998,0.14285714285714285,769
large_hospital,intermediate_capacity,28,riar,66.725,1.0,114
large_hospital,intermediate_capacity,29,gated,125.37499999999999,1.0,0
large_hospital,intermediate_capacity,29,naive,233.8,0.0,762
large_hospital,intermediate_capacity,29,mvr,233.90000000000003,0.14285714285714285,753
large_hospital,intermediate_capacity,29,riar,73.47500000000001,1.0,157
large_hospital,intermediate_capacity,30,gated,147.97500000000002,1.0,0
large_hospital,intermediate_capacity,30,naive,235.325,0.0,861
large_hospital,intermediate_capacity,30,mvr,236.3,0.0,867
large_hospital,intermediate_capacity,30,riar,77.925,1.0,179
large_hospital,intermediate_capacity,31,gated,121.525,1.0,0
large_hospital,intermediate_capacity,31,naive,198.8,0.2857142857142857,822
large_hospital,intermediate_capacity,31,mvr,201.1,0.2857142857142857,843
large_hospital,intermediate_capacity,31,riar,61.075,1.0,146
large_hospital,intermediate_capacity,32,gated,158.95000000000002,1.0,0
large_hospital,intermediate_capacity,32,naive,219.87500000000003,0.2857142857142857,752
large_hospital,intermediate_capacity,32,mvr,225.07500000000002,0.0,760
large_hospital,intermediate_capacity,32,riar,63.550000000000004,1.0,87
large_hospital,intermediate_capacity,33,gated,144.02499999999998,1.0,0
large_hospital,intermediate_capacity,33,naive,222.45000000000002,0.0,975
large_hospital,intermediate_capacity,33,mvr,212.57500000000002,0.14285714285714285,966
large_hospital,intermediate_capacity,33,riar,65.15,0.8571428571428571,204
large_hospital,intermediate_capacity,34,gated,141.475,1.0,0
large_hospital,intermediate_capacity,34,naive,224.75,0.0,826
large_hospital,intermediate_capacity,34,mvr,224.75,0.0,826
large_hospital,intermediate_capacity,34,riar,58.099999999999994,1.0,153
large_hospital,intermediate_capacity,35,gated,146.64999999999998,1.0,0
large_hospital,intermediate_capacity,35,naive,230.925,0.0,932
large_hospital,intermediate_capacity,35,mvr,230.925,0.0,932
large_hospital,intermediate_capacity,35,riar,72.20000000000002,1.0,219
large_hospital,intermediate_capacity,36,gated,142.0,1.0,0
large_hospital,intermediate_capacity,36,naive,243.6,0.0,799
large_hospital,intermediate_capacity,36,mvr,243.6,0.0,799
large_hospital,intermediate_capacity,36,riar,89.17500000000001,0.8571428571428571,191
large_hospital,intermediate_capacity,37,gated,157.775,1.0,0
large_hospital,intermediate_capacity,37,naive,226.2,0.0,898
large_hospital,intermediate_capacity,37,mvr,231.87499999999997,0.0,894
large_hospital,intermediate_capacity,37,riar,61.199999999999996,1.0,165
large_hospital,intermediate_capacity,38,gated,150.175,0.8571428571428571,0
large_hospital,intermediate_capacity,38,naive,212.84999999999997,0.0,1160
large_hospital,intermediate_capacity,38,mvr,206.5,0.0,1137
large_hospital,intermediate_capacity,38,riar,50.425,1.0,263
large_hospital,intermediate_capacity,39,gated,132.675,1.0,0
large_hospital,intermediate_capacity,39,naive,220.70000000000002,0.0,654
large_hospital,intermediate_capacity,39,mvr,220.70000000000002,0.0,654
large_hospital,intermediate_capacity,39,riar,57.475,0.8571428571428571,75
large_hospital,intermediate_capacity,40,gated,152.02499999999998,1.0,0
large_hospital,intermediate_capacity,40,naive,5.2,1.0,0
large_hospital,intermediate_capacity,40,mvr,5.2,1.0,0
large_hospital,intermediate_capacity,40,riar,5.2,1.0,0
large_hospital,intermediate_capacity,41,gated,154.4,1.0,0
large_hospital,intermediate_capacity,41,naive,217.05000000000004,0.0,841
large_hospital,intermediate_capacity,41,mvr,213.25000000000003,0.0,838
large_hospital,intermediate_capacity,41,riar,62.15,0.8571428571428571,130
large_hospital,intermediate_capacity,42,gated,134.45000000000002,1.0,0
large_hospital,intermediate_capacity,42,naive,236.725,0.0,781
large_hospital,intermediate_capacity,42,mvr,239.525,0.0,772
large_hospital,intermediate_capacity,42,riar,62.974999999999994,1.0,86
large_hospital,intermediate_capacity,43,gated,123.50000000000001,1.0,0
large_hospital,intermediate_capacity,43,naive,226.67499999999998,0.2857142857142857,748
large_hospital,intermediate_capacity,43,mvr,222.42499999999998,0.42857142857142855,724
large_hospital,intermediate_capacity,43,riar,61.0,1.0,135
large_hospital,intermediate_capacity,44,gated,195.275,0.8571428571428571,0
large_hospital,intermediate_capacity,44,naive,239.20000000000002,0.0,794
large_hospital,intermediate_capacity,44,mvr,238.57500000000002,0.0,798
large_hospital,intermediate_capacity,44,riar,57.474999999999994,1.0,88
large_hospital,intermediate_capacity,45,gated,129.4,0.8571428571428571,0
large_hospital,intermediate_capacity,45,naive,217.875,0.0,977
large_hospital,intermediate_capacity,45,mvr,217.875,0.0,977
large_hospital,intermediate_capacity,45,riar,64.475,1.0,217
large_hospital,intermediate_capacity,46,gated,136.07500000000002,1.0,0
large_hospital,intermediate_capacity,46,naive,235.90000000000003,0.0,820
large_hospital,intermediate_capacity,46,mvr,235.90000000000003,0.0,820
large_hospital,intermediate_capacity,46,riar,74.67500000000001,1.0,153
large_hospital,intermediate_capacity,47,gated,151.525,1.0,0
large_hospital,intermediate_capacity,47,naive,228.82500000000002,0.0,860
large_hospital,intermediate_capacity,47,mvr,228.82500000000002,0.0,860
large_hospital,intermediate_capacity,47,riar,54.37500000000001,1.0,116
large_hospital,intermediate_capacity,48,gated,163.72500000000002,1.0,0
large_hospital,intermediate_capacity,48,naive,233.525,0.0,812
large_hospital,intermediate_capacity,48,mvr,233.525,0.0,812
large_hospital,intermediate_capacity,48,riar,75.275,1.0,160
large_hospital,intermediate_capacity,49,gated,143.32500000000002,1.0,0
large_hospital,intermediate_capacity,49,naive,232.0,0.14285714285714285,863
large_hospital,intermediate_capacity,49,mvr,232.0,0.14285714285714285,863
large_hospital,intermediate_capacity,49,riar,76.125,1.0,274
large_hospital,intermediate_capacity,50,gated,158.7,1.0,0
large_hospital,intermediate_capacity,50,naive,217.175,0.14285714285714285,893
large_hospital,intermediate_capacity,50,mvr,203.95000000000002,0.42857142857142855,827
large_hospital,intermediate_capacity,50,riar,65.69999999999999,1.0,155
large_hospital,intermediate_capacity,51,gated,127.37500000000003,1.0,0
large_hospital,intermediate_capacity,51,naive,231.72500000000002,0.2857142857142857,893
large_hospital,intermediate_capacity,51,mvr,229.55000000000004,0.0,891
large_hospital,intermediate_capacity,51,riar,69.05,0.14285714285714285,141
large_hospital,intermediate_capacity,52,gated,123.3,1.0,0
large_hospital,intermediate_capacity,52,naive,225.925,0.0,713
large_hospital,intermediate_capacity,52,mvr,225.925,0.0,713
large_hospital,intermediate_capacity,52,riar,68.575,1.0,119
large_hospital,intermediate_capacity,53,gated,170.125,0.8571428571428571,0
large_hospital,intermediate_capacity,53,naive,218.72500000000002,0.0,908
large_hospital,intermediate_capacity,53,mvr,218.72500000000002,0.0,912
large_hospital,intermediate_capacity,53,riar,69.525,1.0,218
large_hospital,intermediate_capacity,54,gated,157.425,1.0,0
large_hospital,intermediate_capacity,54,naive,202.47500000000002,0.0,785
large_hospital,intermediate_capacity,54,mvr,195.85,0.14285714285714285,792
large_hospital,intermediate_capacity,54,riar,67.8,1.0,161
large_hospital,intermediate_capacity,55,gated,141.725,1.0,0
large_hospital,intermediate_capacity,55,naive,226.775,0.0,966
large_hospital,intermediate_capacity,55,mvr,226.775,0.0,966
large_hospital,intermediate_capacity,55,riar,111.95000000000002,1.0,260
large_hospital,intermediate_capacity,56,gated,1.6,1.0,0
large_hospital,intermediate_capacity,56,naive,3.5999999999999996,0.8571428571428571,0
large_hospital,intermediate_capacity,56,mvr,3.5999999999999996,0.8571428571428571,0
large_hospital,intermediate_capacity,56,riar,3.5999999999999996,0.8571428571428571,0
large_hospital,intermediate_capacity,57,gated,154.65,1.0,0
large_hospital,intermediate_capacity,57,naive,227.675,0.0,924
large_hospital,intermediate_capacity,57,mvr,235.15,0.0,922
large_hospital,intermediate_capacity,57,riar,62.7,1.0,148
large_hospital,intermediate_capacity,58,gated,117.25,1.0,0
large_hospital,intermediate_capacity,58,naive,175.075,0.2857142857142857,925
large_hospital,intermediate_capacity,58,mvr,175.275,0.0,945
large_hospital,intermediate_capacity,58,riar,55.9,1.0,223
large_hospital,intermediate_capacity,59,gated,124.07499999999999,1.0,0
large_hospital,intermediate_capacity,59,naive,216.79999999999998,0.2857142857142857,669
large_hospital,intermediate_capacity,59,mvr,217.45,0.2857142857142857,655
large_hospital,intermediate_capacity,59,riar,60.125,1.0,117
large_hospital,intermediate_capacity,60,gated,161.475,1.0,0
large_hospital,intermediate_capacity,60,naive,228.275,0.14285714285714285,856
large_hospital,intermediate_capacity,60,mvr,228.275,0.14285714285714285,856
large_hospital,intermediate_capacity,60,riar,64.4,1.0,189
large_hospital,intermediate_capacity,61,gated,130.325,1.0,0
large_hospital,intermediate_capacity,61,naive,238.50000000000003,0.2857142857142857,785
large_hospital,intermediate_capacity,61,mvr,238.50000000000003,0.2857142857142857,785
large_hospital,intermediate_capacity,61,riar,75.45,1.0,120
large_hospital,intermediate_capacity,62,gated,144.0,1.0,0
large_hospital,intermediate_capacity,62,naive,214.2,0.0,872
large_hospital,intermediate_capacity,62,mvr,206.25,0.14285714285714285,877
large_hospital,intermediate_capacity,62,riar,56.6,1.0,162
large_hospital,intermediate_capacity,63,gated,174.725,0.8571428571428571,0
large_hospital,intermediate_capacity,63,naive,21.200000000000003,1.0,1
large_hospital,intermediate_capacity,63,mvr,21.200000000000003,1.0,1
large_hospital,intermediate_capacity,63,riar,84.47500000000001,0.8571428571428571,565
large_hospital,intermediate_capacity,64,gated,149.925,1.0,0
large_hospital,intermediate_capacity,64,naive,235.775,0.0,785
large_hospital,intermediate_capacity,64,mvr,235.775,0.0,785
large_hospital,intermediate_capacity,64,riar,62.65,1.0,119
large_hospital,intermediate_capacity,65,gated,149.125,1.0,0
large_hospital,intermediate_capacity,65,naive,224.875,0.14285714285714285,785
large_hospital,intermediate_capacity,65,mvr,228.4,0.0,781
large_hospital,intermediate_capacity,65,riar,71.75,1.0,165
large_hospital,intermediate_capacity,66,gated,150.2,0.8571428571428571,0
large_hospital,intermediate_capacity,66,naive,218.65,0.0,838
large_hospital,intermediate_capacity,66,mvr,218.65,0.0,838
large_hospital,intermediate_capacity,66,riar,56.5,1.0,75
large_hospital,intermediate_capacity,67,gated,5.8,1.0,0
large_hospital,intermediate_capacity,67,naive,5.8,1.0,0
large_hospital,intermediate_capacity,67,mvr,5.8,1.0,0
large_hospital,intermediate_capacity,67,riar,5.8,1.0,0
large_hospital,intermediate_capacity,68,gated,127.47500000000001,1.0,0
large_hospital,intermediate_capacity,68,naive,231.10000000000002,0.0,872
large_hospital,intermediate_capacity,68,mvr,224.75000000000003,0.0,886
large_hospital,intermediate_capacity,68,riar,66.75,1.0,158
large_hospital,intermediate_capacity,69,gated,124.925,1.0,0
large_hospital,intermediate_capacity,69,naive,234.775,0.0,833
large_hospital,intermediate_capacity,69,mvr,230.175,0.0,825
large_hospital,intermediate_capacity,69,riar,66.35,1.0,175
large_hospital,intermediate_capacity,70,gated,3.6,1.0,0
large_hospital,intermediate_capacity,70,naive,1.4,1.0,0
large_hospital,intermediate_capacity,70,mvr,1.4,1.0,0
large_hospital,intermediate_capacity,70,riar,1.4,1.0,0
large_hospital,intermediate_capacity,71,gated,141.3,1.0,0
large_hospital,intermediate_capacity,71,naive,224.275,0.0,921
large_hospital,intermediate_capacity,71,mvr,227.1,0.0,922
large_hospital,intermediate_capacity,71,riar,66.725,1.0,173
large_hospital,intermediate_capacity,72,gated,161.14999999999998,1.0,0
large_hospital,intermediate_capacity,72,naive,238.89999999999998,0.0,770
large_hospital,intermediate_capacity,72,mvr,233.17499999999998,0.0,759
large_hospital,intermediate_capacity,72,riar,66.875,1.0,132
large_hospital,intermediate_capacity,73,gated,181.075,0.8571428571428571,0
large_hospital,intermediate_capacity,73,naive,223.9,0.0,853
large_hospital,intermediate_capacity,73,mvr,222.725,0.0,873
large_hospital,intermediate_capacity,73,riar,60.025000000000006,1.0,129
large_hospital,intermediate_capacity,74,gated,126.6,1.0,0
large_hospital,intermediate_capacity,74,naive,217.025,0.2857142857142857,1043
large_hospital,intermediate_capacity,74,mvr,218.425,0.0,1067
large_hospital,intermediate_capacity,74,riar,79.02499999999999,0.8571428571428571,299
large_hospital,intermediate_capacity,75,gated,126.05000000000001,1.0,0
large_hospital,intermediate_capacity,75,naive,213.65000000000003,0.0,1035
large_hospital,intermediate_capacity,75,mvr,222.97500000000002,0.0,1038
large_hospital,intermediate_capacity,75,riar,63.125,1.0,310
large_hospital,intermediate_capacity,76,gated,150.15,1.0,0
large_hospital,intermediate_capacity,76,naive,188.3,0.0,831
large_hospital,intermediate_capacity,76,mvr,187.10000000000002,0.2857142857142857,813
large_hospital,intermediate_capacity,76,riar,68.05000000000001,1.0,143
large_hospital,intermediate_capacity,77,gated,150.775,1.0,0
large_hospital,intermediate_capacity,77,naive,224.50000000000003,0.0,935
large_hospital,intermediate_capacity,77,mvr,219.17500000000004,0.14285714285714285,931
large_hospital,intermediate_capacity,77,riar,72.39999999999999,1.0,164
large_hospital,intermediate_capacity,78,gated,157.54999999999998,1.0,0
large_hospital,intermediate_capacity,78,naive,225.775,0.0,968
large_hospital,intermediate_capacity,78,mvr,225.775,0.0,968
large_hospital,intermediate_capacity,78,riar,58.72500000000001,1.0,253
large_hospital,intermediate_capacity,79,gated,173.725,1.0,0
large_hospital,intermediate_capacity,79,naive,235.50000000000003,0.0,937
large_hospital,intermediate_capacity,79,mvr,235.50000000000003,0.0,937
large_hospital,intermediate_capacity,79,riar,73.975,1.0,171
large_hospital,intermediate_capacity,80,gated,161.0,1.0,0
large_hospital,intermediate_capacity,80,naive,231.07500000000002,0.0,854
large_hospital,intermediate_capacity,80,mvr,231.07500000000002,0.0,849
large_hospital,intermediate_capacity,80,riar,59.599999999999994,1.0,159
large_hospital,intermediate_capacity,81,gated,155.37499999999997,1.0,0
large_hospital,intermediate_capacity,81,naive,237.0,0.0,710
large_hospital,intermediate_capacity,81,mvr,237.0,0.0,710
large_hospital,intermediate_capacity,81,riar,56.70000000000001,1.0,75
large_hospital,intermediate_capacity,82,gated,167.75,0.8571428571428571,0
large_hospital,intermediate_capacity,82,naive,218.725,0.0,901
large_hospital,intermediate_capacity,82,mvr,224.75,0.0,921
large_hospital,intermediate_capacity,82,riar,71.275,1.0,165
large_hospital,intermediate_capacity,83,gated,208.95,0.5714285714285714,0
large_hospital,intermediate_capacity,83,naive,230.87500000000003,0.14285714285714285,877
large_hospital,intermediate_capacity,83,mvr,232.32500000000002,0.14285714285714285,875
large_hospital,intermediate_capacity,83,riar,69.05,0.8571428571428571,153
large_hospital,intermediate_capacity,84,gated,168.325,1.0,0
large_hospital,intermediate_capacity,84,naive,215.025,0.0,933
large_hospital,intermediate_capacity,84,mvr,221.275,0.0,949
large_hospital,intermediate_capacity,84,riar,60.675,1.0,196
large_hospital,intermediate_capacity,85,gated,8.8,1.0,0
large_hospital,intermediate_capacity,85,naive,8.8,1.0,0
large_hospital,intermediate_capacity,85,mvr,8.8,1.0,0
large_hospital,intermediate_capacity,85,riar,8.8,1.0,0
large_hospital,intermediate_capacity,86,gated,135.9,1.0,0
large_hospital,intermediate_capacity,86,naive,210.875,0.0,880
large_hospital,intermediate_capacity,86,mvr,215.75,0.14285714285714285,861
large_hospital,intermediate_capacity,86,riar,65.175,1.0,92
large_hospital,intermediate_capacity,87,gated,132.42499999999998,1.0,0
large_hospital,intermediate_capacity,87,naive,226.025,0.0,688
large_hospital,intermediate_capacity,87,mvr,240.175,0.0,694
large_hospital,intermediate_capacity,87,riar,74.92500000000001,1.0,85
large_hospital,intermediate_capacity,88,gated,10.000000000000002,1.0,0
large_hospital,intermediate_capacity,88,naive,5.8,1.0,0
large_hospital,intermediate_capacity,88,mvr,5.8,1.0,0
large_hospital,intermediate_capacity,88,riar,5.8,1.0,0
large_hospital,intermediate_capacity,89,gated,142.20000000000002,1.0,0
large_hospital,intermediate_capacity,89,naive,233.05,0.0,685
large_hospital,intermediate_capacity,89,mvr,236.64999999999998,0.14285714285714285,660
large_hospital,intermediate_capacity,89,riar,79.025,1.0,83
large_hospital,intermediate_capacity,90,gated,166.65000000000003,1.0,0
large_hospital,intermediate_capacity,90,naive,225.95000000000002,0.0,749
large_hospital,intermediate_capacity,90,mvr,228.125,0.0,735
large_hospital,intermediate_capacity,90,riar,64.22500000000001,1.0,92
large_hospital,intermediate_capacity,91,gated,190.425,0.8571428571428571,0
large_hospital,intermediate_capacity,91,naive,226.45000000000002,0.0,984
large_hospital,intermediate_capacity,91,mvr,225.20000000000002,0.0,982
large_hospital,intermediate_capacity,91,riar,71.975,1.0,226
large_hospital,intermediate_capacity,92,gated,2.0,1.0,0
large_hospital,intermediate_capacity,92,naive,2.0,1.0,0
large_hospital,intermediate_capacity,92,mvr,2.0,1.0,0
large_hospital,intermediate_capacity,92,riar,2.0,1.0,0
large_hospital,intermediate_capacity,93,gated,193.775,0.7142857142857143,0
large_hospital,intermediate_capacity,93,naive,202.125,0.0,1291
large_hospital,intermediate_capacity,93,mvr,202.125,0.0,1291
large_hospital,intermediate_capacity,93,riar,74.45,1.0,708
large_hospital,intermediate_capacity,94,gated,126.0,1.0,0
large_hospital,intermediate_capacity,94,naive,212.02500000000003,0.0,705
large_hospital,intermediate_capacity,94,mvr,210.85000000000002,0.0,712
large_hospital,intermediate_capacity,94,riar,64.25,1.0,56
large_hospital,intermediate_capacity,95,gated,151.65,0.8571428571428571,0
large_hospital,intermediate_capacity,95,naive,181.95,0.14285714285714285,1243
large_hospital,intermediate_capacity,95,mvr,182.17499999999998,0.0,1244
large_hospital,intermediate_capacity,95,riar,56.25,0.8571428571428571,416
large_hospital,intermediate_capacity,96,gated,151.525,1.0,0
large_hospital,intermediate_capacity,96,naive,224.75,0.0,915
large_hospital,intermediate_capacity,96,mvr,222.775,0.0,877
large_hospital,intermediate_capacity,96,riar,55.425,1.0,107
large_hospital,intermediate_capacity,97,gated,175.775,1.0,0
large_hospital,intermediate_capacity,97,naive,227.07500000000002,0.0,937
large_hospital,intermediate_capacity,97,mvr,227.07500000000002,0.0,937
large_hospital,intermediate_capacity,97,riar,64.60000000000001,1.0,152
large_hospital,intermediate_capacity,98,gated,155.15,0.14285714285714285,0
large_hospital,intermediate_capacity,98,naive,227.45,0.0,921
large_hospital,intermediate_capacity,98,mvr,230.725,0.0,910
large_hospital,intermediate_capacity,98,riar,66.025,1.0,345
large_hospital,intermediate_capacity,99,gated,140.275,1.0,0
large_hospital,intermediate_capacity,99,naive,223.3,0.0,932
large_hospital,intermediate_capacity,99,mvr,223.3,0.0,932
large_hospital,intermediate_capacity,99,riar,87.9,1.0,189
large_hospital,intermediate_capacity,100,gated,150.975,0.8571428571428571,0
large_hospital,intermediate_capacity,100,naive,3.0,1.0,0
large_hospital,intermediate_capacity,100,mvr,3.0,1.0,0
large_hospital,intermediate_capacity,100,riar,3.0,1.0,0
large_hospital,intermediate_capacity,101,gated,141.275,1.0,0
large_hospital,intermediate_capacity,101,naive,219.2,0.0,744
large_hospital,intermediate_capacity,101,mvr,219.2,0.0,744
large_hospital,intermediate_capacity,101,riar,62.3,1.0,100
large_hospital,intermediate_capacity,102,gated,154.975,1.0,0
large_hospital,intermediate_capacity,102,naive,230.47499999999997,0.0,779
large_hospital,intermediate_capacity,102,mvr,232.49999999999997,0.0,789
large_hospital,intermediate_capacity,102,riar,71.02499999999999,1.0,138
large_hospital,intermediate_capacity,103,gated,12.600000000000003,1.0,0
large_hospital,intermediate_capacity,103,naive,12.600000000000003,1.0,0
large_hospital,intermediate_capacity,103,mvr,12.600000000000003,1.0,0
large_hospital,intermediate_capacity,103,riar,12.600000000000003,1.0,0
large_hospital,intermediate_capacity,104,gated,131.35,1.0,0
large_hospital,intermediate_capacity,104,naive,232.225,0.0,773
large_hospital,intermediate_capacity,104,mvr,237.7,0.0,773
large_hospital,intermediate_capacity,104,riar,64.475,1.0,126
large_hospital,intermediate_capacity,105,gated,125.9,1.0,0
large_hospital,intermediate_capacity,105,naive,223.2,0.0,860
large_hospital,intermediate_capacity,105,mvr,205.82500000000002,0.0,846
large_hospital,intermediate_capacity,105,riar,69.775,1.0,192
large_hospital,intermediate_capacity,106,gated,136.85000000000002,0.14285714285714285,0
large_hospital,intermediate_capacity,106,naive,236.32500000000002,0.0,820
large_hospital,intermediate_capacity,106,mvr,236.32500000000002,0.0,820
large_hospital,intermediate_capacity,106,riar,66.42500000000001,0.8571428571428571,169
large_hospital,intermediate_capacity,107,gated,148.125,1.0,0
large_hospital,intermediate_capacity,107,naive,237.875,0.14285714285714285,766
large_hospital,intermediate_capacity,107,mvr,237.875,0.14285714285714285,766
large_hospital,intermediate_capacity,107,riar,82.12500000000001,1.0,170
large_hospital,intermediate_capacity,108,gated,9.8,1.0,0
large_hospital,intermediate_capacity,108,naive,9.8,1.0,0
large_hospital,intermediate_capacity,108,mvr,9.8,1.0,0
large_hospital,intermediate_capacity,108,riar,9.8,1.0,0
large_hospital,intermediate_capacity,109,gated,145.32500000000002,1.0,0
large_hospital,intermediate_capacity,109,naive,214.4,0.0,852
large_hospital,intermediate_capacity,109,mvr,215.55,0.2857142857142857,830
large_hospital,intermediate_capacity,109,riar,76.47500000000001,1.0,102
large_hospital,intermediate_capacity,110,gated,0.8,1.0,0
large_hospital,intermediate_capacity,110,naive,0.8,1.0,0
large_hospital,intermediate_capacity,110,mvr,0.8,1.0,0
large_hospital,intermediate_capacity,110,riar,0.8,1.0,0
large_hospital,intermediate_capacity,111,gated,2.0,1.0,0
large_hospital,intermediate_capacity,111,naive,2.0,1.0,0
large_hospital,intermediate_capacity,111,mvr,2.0,1.0,0
large_hospital,intermediate_capacity,111,riar,2.0,1.0,0
large_hospital,intermediate_capacity,112,gated,185.825,0.8571428571428571,0
large_hospital,intermediate_capacity,112,naive,233.725,0.0,815
large_hospital,intermediate_capacity,112,mvr,234.29999999999998,0.14285714285714285,822
large_hospital,intermediate_capacity,112,riar,65.525,1.0,122
large_hospital,intermediate_capacity,113,gated,157.39999999999998,1.0,0
large_hospital,intermediate_capacity,113,naive,208.52499999999998,0.0,767
large_hospital,intermediate_capacity,113,mvr,215.47500000000002,0.14285714285714285,748
large_hospital,intermediate_capacity,113,riar,55.974999999999994,1.0,124
large_hospital,intermediate_capacity,114,gated,149.25,1.0,0
large_hospital,intermediate_capacity,114,naive,239.3,0.0,724
large_hospital,intermediate_capacity,114,mvr,238.35,0.0,732
large_hospital,intermediate_capacity,114,riar,63.925,1.0,97
large_hospital,intermediate_capacity,115,gated,162.1,1.0,0
large_hospital,intermediate_capacity,115,naive,230.2,0.0,928
large_hospital,intermediate_capacity,115,mvr,226.725,0.14285714285714285,912
large_hospital,intermediate_capacity,115,riar,68.975,1.0,173
large_hospital,intermediate_capacity,116,gated,172.07500000000002,0.8571428571428571,0
large_hospital,intermediate_capacity,116,naive,212.875,0.0,803
large_hospital,intermediate_capacity,116,mvr,221.20000000000002,0.0,807
large_hospital,intermediate_capacity,116,riar,65.67500000000001,1.0,211
large_hospital,intermediate_capacity,117,gated,135.97500000000002,1.0,0
large_hospital,intermediate_capacity,117,naive,237.875,0.0,834
large_hospital,intermediate_capacity,117,mvr,233.35,0.0,830
large_hospital,intermediate_capacity,117,riar,59.95,1.0,88
large_hospital,intermediate_capacity,118,gated,122.35000000000001,1.0,0
large_hospital,intermediate_capacity,118,naive,223.97500000000002,0.0,912
large_hospital,intermediate_capacity,118,mvr,226.97500000000002,0.14285714285714285,904
large_hospital,intermediate_capacity,118,riar,59.475,0.8571428571428571,176
large_hospital,intermediate_capacity,119,gated,166.4,1.0,0
large_hospital,intermediate_capacity,119,naive,225.32500000000002,0.0,807
large_hospital,intermediate_capacity,119,mvr,225.32500000000002,0.0,807
large_hospital,intermediate_capacity,119,riar,64.27499999999999,1.0,120
large_hospital,high_capacity,0,gated,2.0,1.0,0
large_hospital,high_capacity,0,naive,2.0,1.0,0
large_hospital,high_capacity,0,mvr,2.0,1.0,0
large_hospital,high_capacity,0,riar,2.0,1.0,0
large_hospital,high_capacity,1,gated,13.200000000000001,1.0,0
large_hospital,high_capacity,1,naive,7.2,1.0,0
large_hospital,high_capacity,1,mvr,7.2,1.0,0
large_hospital,high_capacity,1,riar,7.2,1.0,0
large_hospital,high_capacity,2,gated,4.8,1.0,0
large_hospital,high_capacity,2,naive,156.70000000000005,0.42857142857142855,1055
large_hospital,high_capacity,2,mvr,164.0,0.42857142857142855,1044
large_hospital,high_capacity,2,riar,28.075000000000003,1.0,242
large_hospital,high_capacity,3,gated,111.10000000000001,1.0,0
large_hospital,high_capacity,3,naive,17.400000000000002,1.0,0
large_hospital,high_capacity,3,mvr,17.400000000000002,1.0,0
large_hospital,high_capacity,3,riar,17.400000000000002,1.0,0
large_hospital,high_capacity,4,gated,4.125,0.8571428571428571,0
large_hospital,high_capacity,4,naive,4.125,0.8571428571428571,0
large_hospital,high_capacity,4,mvr,4.125,0.8571428571428571,0
large_hospital,high_capacity,4,riar,4.125,0.8571428571428571,0
large_hospital,high_capacity,5,gated,4.0,1.0,0
large_hospital,high_capacity,5,naive,2.8,1.0,0
large_hospital,high_capacity,5,mvr,2.8,1.0,0
large_hospital,high_capacity,5,riar,2.8,1.0,0
large_hospital,high_capacity,6,gated,128.2,1.0,0
large_hospital,high_capacity,6,naive,156.125,0.42857142857142855,804
large_hospital,high_capacity,6,mvr,165.875,0.0,779
large_hospital,high_capacity,6,riar,49.225,1.0,130
large_hospital,high_capacity,7,gated,156.425,1.0,0
large_hospital,high_capacity,7,naive,146.39999999999998,0.42857142857142855,887
large_hospital,high_capacity,7,mvr,146.39999999999998,0.42857142857142855,887
large_hospital,high_capacity,7,riar,36.525000000000006,1.0,152
large_hospital,high_capacity,8,gated,142.15,0.8571428571428571,0
large_hospital,high_capacity,8,naive,147.325,0.42857142857142855,655
large_hospital,high_capacity,8,mvr,147.425,0.2857142857142857,662
large_hospital,high_capacity,8,riar,57.5,1.0,133
large_hospital,high_capacity,9,gated,181.87500000000003,0.8571428571428571,0
large_hospital,high_capacity,9,naive,202.52499999999998,0.0,650
large_hospital,high_capacity,9,mvr,211.225,0.0,646
large_hospital,high_capacity,9,riar,73.075,1.0,68
large_hospital,high_capacity,10,gated,3.8,1.0,0
large_hospital,high_capacity,10,naive,3.6000000000000005,1.0,0
large_hospital,high_capacity,10,mvr,3.6000000000000005,1.0,0
large_hospital,high_capacity,10,riar,3.6000000000000005,1.0,0
large_hospital,high_capacity,11,gated,145.62499999999997,1.0,0
large_hospital,high_capacity,11,naive,188.025,0.0,957
large_hospital,high_capacity,11,mvr,187.12500000000003,0.2857142857142857,959
large_hospital,high_capacity,11,riar,61.5,0.8571428571428571,268
large_hospital,high_capacity,12,gated,151.525,0.8571428571428571,0
large_hospital,high_capacity,12,naive,144.175,0.42857142857142855,1019
large_hospital,high_capacity,12,mvr,158.57500000000002,0.0,987
large_hospital,high_capacity,12,riar,40.075,0.8571428571428571,224
large_hospital,high_capacity,13,gated,0.8,1.0,0
large_hospital,high_capacity,13,naive,0.8,1.0,0
large_hospital,high_capacity,13,mvr,0.8,1.0,0
large_hospital,high_capacity,13,riar,0.8,1.0,0
large_hospital,high_capacity,14,gated,173.32500000000002,1.0,0
large_hospital,high_capacity,14,naive,219.475,0.0,608
large_hospital,high_capacity,14,mvr,190.12500000000003,0.0,629
large_hospital,high_capacity,14,riar,43.125,1.0,58
large_hospital,high_capacity,15,gated,166.37499999999997,0.8571428571428571,0
large_hospital,high_capacity,15,naive,148.35,0.0,1025
large_hospital,high_capacity,15,mvr,144.825,0.0,1047
large_hospital,high_capacity,15,riar,27.975,1.0,220
large_hospital,high_capacity,16,gated,151.9,1.0,0
large_hospital,high_capacity,16,naive,142.5,0.5714285714285714,773
large_hospital,high_capacity,16,mvr,142.5,0.5714285714285714,773
large_hospital,high_capacity,16,riar,43.3,1.0,101
large_hospital,high_capacity,17,gated,126.70000000000002,1.0,0
large_hospital,high_capacity,17,naive,162.65,0.2857142857142857,971
large_hospital,high_capacity,17,mvr,160.72500000000002,0.14285714285714285,994
large_hospital,high_capacity,17,riar,33.55,1.0,231
large_hospital,high_capacity,18,gated,3.4,1.0,0
large_hospital,high_capacity,18,naive,0.0,1.0,1
large_hospital,high_capacity,18,mvr,0.0,1.0,1
large_hospital,high_capacity,18,riar,3.8,1.0,0
large_hospital,high_capacity,19,gated,125.80000000000001,1.0,0
large_hospital,high_capacity,19,naive,83.375,1.0,236
large_hospital,high_capacity,19,mvr,167.875,0.0,704
large_hospital,high_capacity,19,riar,28.375,1.0,116
large_hospital,high_capacity,20,gated,2.4000000000000004,1.0,0
large_hospital,high_capacity,20,naive,2.4000000000000004,1.0,0
large_hospital,high_capacity,20,mvr,2.4000000000000004,1.0,0
large_hospital,high_capacity,20,riar,2.4000000000000004,1.0,0
large_hospital,high_capacity,21,gated,5.2,1.0,0
large_hospital,high_capacity,21,naive,5.2,1.0,0
large_hospital,high_capacity,21,mvr,5.2,1.0,0
large_hospital,high_capacity,21,riar,5.2,1.0,0
large_hospital,high_capacity,22,gated,2.0,1.0,0
large_hospital,high_capacity,22,naive,6.4,1.0,0
large_hospital,high_capacity,22,mvr,6.4,1.0,0
large_hospital,high_capacity,22,riar,6.4,1.0,0
large_hospital,high_capacity,23,gated,2.6,1.0,0
large_hospital,high_capacity,23,naive,2.6,1.0,0
large_hospital,high_capacity,23,mvr,2.6,1.0,0
large_hospital,high_capacity,23,riar,2.6,1.0,0
large_hospital,high_capacity,24,gated,118.225,1.0,0
large_hospital,high_capacity,24,naive,156.0,0.5714285714285714,712
large_hospital,high_capacity,24,mvr,161.20000000000002,0.42857142857142855,734
large_hospital,high_capacity,24,riar,21.575,1.0,108
large_hospital,high_capacity,25,gated,6.0,1.0,0
large_hospital,high_capacity,25,naive,6.0,1.0,0
large_hospital,high_capacity,25,mvr,6.0,1.0,0
large_hospital,high_capacity,25,riar,6.0,1.0,0
large_hospital,high_capacity,26,gated,0.8,1.0,0
large_hospital,high_capacity,26,naive,0.0,1.0,0
large_hospital,high_capacity,26,mvr,0.0,1.0,0
large_hospital,high_capacity,26,riar,0.0,1.0,0
large_hospital,high_capacity,27,gated,145.175,1.0,0
large_hospital,high_capacity,27,naive,200.925,0.0,743
large_hospital,high_capacity,27,mvr,211.825,0.0,737
large_hospital,high_capacity,27,riar,52.95,1.0,127
large_hospital,high_capacity,28,gated,3.8,1.0,0
large_hospital,high_capacity,28,naive,3.8,1.0,0
large_hospital,high_capacity,28,mvr,3.8,1.0,0
large_hospital,high_capacity,28,riar,3.8,1.0,0
large_hospital,high_capacity,29,gated,134.425,1.0,0
large_hospital,high_capacity,29,naive,184.87500000000003,0.0,749
large_hospital,high_capacity,29,mvr,179.2,0.42857142857142855,745
large_hospital,high_capacity,29,riar,55.47500000000001,1.0,75
large_hospital,high_capacity,30,gated,16.8,1.0,0
large_hospital,high_capacity,30,naive,16.8,1.0,0
large_hospital,high_capacity,30,mvr,16.8,1.0,0
large_hospital,high_capacity,30,riar,16.8,1.0,0
large_hospital,high_capacity,31,gated,124.17500000000001,1.0,0
large_hospital,high_capacity,31,naive,177.125,0.0,763
large_hospital,high_capacity,31,mvr,175.525,0.2857142857142857,765
large_hospital,high_capacity,31,riar,36.05,1.0,83
large_hospital,high_capacity,32,gated,140.65,1.0,0
large_hospital,high_capacity,32,naive,180.825,0.2857142857142857,729
large_hospital,high_capacity,32,mvr,191.05,0.0,752
large_hospital,high_capacity,32,riar,54.20000000000001,1.0,83
large_hospital,high_capacity,33,gated,121.90000000000002,1.0,0
large_hospital,high_capacity,33,naive,135.97500000000002,0.2857142857142857,1499
large_hospital,high_capacity,33,mvr,137.875,0.0,1474
large_hospital,high_capacity,33,riar,33.175000000000004,1.0,261
large_hospital,high_capacity,34,gated,135.7,1.0,0
large_hospital,high_capacity,34,naive,206.35,0.42857142857142855,726
large_hospital,high_capacity,34,mvr,190.15000000000003,0.42857142857142855,729
large_hospital,high_capacity,34,riar,50.8,1.0,95
large_hospital,high_capacity,35,gated,137.15,0.8571428571428571,0
large_hospital,high_capacity,35,naive,157.975,0.0,1030
large_hospital,high_capacity,35,mvr,175.35000000000002,0.0,1046
large_hospital,high_capacity,35,riar,14.600000000000001,1.0,1
large_hospital,high_capacity,36,gated,180.0,0.8571428571428571,0
large_hospital,high_capacity,36,naive,170.35,0.42857142857142855,966
large_hospital,high_capacity,36,mvr,170.35,0.42857142857142855,966
large_hospital,high_capacity,36,riar,43.3,0.8571428571428571,223
large_hospital,high_capacity,37,gated,157.05000000000004,1.0,0
large_hospital,high_capacity,37,naive,170.82499999999996,0.0,790
large_hospital,high_capacity,37,mvr,170.82499999999996,0.0,790
large_hospital,high_capacity,37,riar,59.0,0.8571428571428571,99
large_hospital,high_capacity,38,gated,1.6,1.0,0
large_hospital,high_capacity,38,naive,1.6,1.0,0
large_hospital,high_capacity,38,mvr,1.6,1.0,0
large_hospital,high_capacity,38,riar,1.6,1.0,0
large_hospital,high_capacity,39,gated,109.55000000000001,1.0,0
large_hospital,high_capacity,39,naive,134.32500000000002,0.42857142857142855,597
large_hospital,high_capacity,39,mvr,145.72500000000002,0.42857142857142855,616
large_hospital,high_capacity,39,riar,34.25,1.0,71
large_hospital,high_capacity,40,gated,8.799999999999999,1.0,0
large_hospital,high_capacity,40,naive,8.799999999999999,1.0,0
large_hospital,high_capacity,40,mvr,8.799999999999999,1.0,0
large_hospital,high_capacity,40,riar,8.799999999999999,1.0,0
large_hospital,high_capacity,41,gated,130.4,1.0,0
large_hospital,high_capacity,41,naive,161.775,0.0,831
large_hospital,high_capacity,41,mvr,152.95000000000002,0.5714285714285714,805
large_hospital,high_capacity,41,riar,47.574999999999996,1.0,95
large_hospital,high_capacity,42,gated,132.025,1.0,0
large_hospital,high_capacity,42,naive,154.75,0.5714285714285714,686
large_hospital,high_capacity,42,mvr,164.575,0.14285714285714285,666
large_hospital,high_capacity,42,riar,38.725,1.0,65
large_hospital,high_capacity,43,gated,3.0,1.0,0
large_hospital,high_capacity,43,naive,3.0,1.0,0
large_hospital,high_capacity,43,mvr,3.0,1.0,0
large_hospital,high_capacity,43,riar,3.0,1.0,0
large_hospital,high_capacity,44,gated,136.5,1.0,0
large_hospital,high_capacity,44,naive,200.82500000000002,0.42857142857142855,766
large_hospital,high_capacity,44,mvr,197.2,0.0,778
large_hospital,high_capacity,44,riar,63.85,0.14285714285714285,109
large_hospital,high_capacity,45,gated,10.8,1.0,0
large_hospital,high_capacity,45,naive,10.8,1.0,0
large_hospital,high_capacity,45,mvr,10.8,1.0,0
large_hospital,high_capacity,45,riar,10.8,1.0,0
large_hospital,high_capacity,46,gated,163.0,1.0,0
large_hospital,high_capacity,46,naive,162.07500000000002,0.5714285714285714,767
large_hospital,high_capacity,46,mvr,176.32500000000002,0.42857142857142855,816
large_hospital,high_capacity,46,riar,47.974999999999994,1.0,164
large_hospital,high_capacity,47,gated,10.8,1.0,0
large_hospital,high_capacity,47,naive,7.199999999999999,1.0,0
large_hospital,high_capacity,47,mvr,7.199999999999999,1.0,0
large_hospital,high_capacity,47,riar,7.199999999999999,1.0,0
large_hospital,high_capacity,48,gated,148.375,1.0,0
large_hospital,high_capacity,48,naive,0.0,1.0,0
large_hospital,high_capacity,48,mvr,0.0,1.0,0
large_hospital,high_capacity,48,riar,0.0,1.0,0
large_hospital,high_capacity,49,gated,117.525,1.0,0
large_hospital,high_capacity,49,naive,78.075,1.0,233
large_hospital,high_capacity,49,mvr,78.075,1.0,233
large_hospital,high_capacity,49,riar,41.125,1.0,152
large_hospital,high_capacity,50,gated,125.67500000000001,1.0,0
large_hospital,high_capacity,50,naive,157.75,0.42857142857142855,1061
large_hospital,high_capacity,50,mvr,157.75,0.42857142857142855,1061
large_hospital,high_capacity,50,riar,28.874999999999996,1.0,262
large_hospital,high_capacity,51,gated,128.85,1.0,0
large_hospital,high_capacity,51,naive,152.45000000000002,0.2857142857142857,805
large_hospital,high_capacity,51,mvr,154.525,0.2857142857142857,818
large_hospital,high_capacity,51,riar,45.75,1.0,81
large_hospital,high_capacity,52,gated,124.725,1.0,0
large_hospital,high_capacity,52,naive,187.075,0.5714285714285714,690
large_hospital,high_capacity,52,mvr,179.79999999999998,0.14285714285714285,714
large_hospital,high_capacity,52,riar,32.875,1.0,108
large_hospital,high_capacity,53,gated,124.525,1.0,0
large_hospital,high_capacity,53,naive,202.025,0.0,756
large_hospital,high_capacity,53,mvr,183.025,0.42857142857142855,715
large_hospital,high_capacity,53,riar,50.175,1.0,88
large_hospital,high_capacity,54,gated,173.1,0.8571428571428571,0
large_hospital,high_capacity,54,naive,136.6,0.7142857142857143,634
large_hospital,high_capacity,54,mvr,136.6,0.7142857142857143,634
large_hospital,high_capacity,54,riar,24.474999999999998,1.0,93
large_hospital,high_capacity,55,gated,9.4,1.0,0
large_hospital,high_capacity,55,naive,2.0,1.0,0
large_hospital,high_capacity,55,mvr,2.0,1.0,0
large_hospital,high_capacity,55,riar,2.0,1.0,0
large_hospital,high_capacity,56,gated,147.05,1.0,0
large_hospital,high_capacity,56,naive,191.475,0.42857142857142855,746
large_hospital,high_capacity,56,mvr,191.475,0.42857142857142855,746
large_hospital,high_capacity,56,riar,51.95,1.0,85
large_hospital,high_capacity,57,gated,211.60000000000002,0.7142857142857143,0
large_hospital,high_capacity,57,naive,158.65,0.0,1003
large_hospital,high_capacity,57,mvr,158.65,0.0,1003
large_hospital,high_capacity,57,riar,34.875,1.0,209
large_hospital,high_capacity,58,gated,161.55,0.8571428571428571,0
large_hospital,high_capacity,58,naive,140.4,0.42857142857142855,812
large_hospital,high_capacity,58,mvr,140.4,0.42857142857142855,812
large_hospital,high_capacity,58,riar,19.475,1.0,196
large_hospital,high_capacity,59,gated,145.79999999999998,0.8571428571428571,0
large_hospital,high_capacity,59,naive,165.5,0.42857142857142855,609
large_hospital,high_capacity,59,mvr,171.62500000000003,0.2857142857142857,633
large_hospital,high_capacity,59,riar,59.825,1.0,84
large_hospital,high_capacity,60,gated,1.2,1.0,0
large_hospital,high_capacity,60,naive,1.2,1.0,0
large_hospital,high_capacity,60,mvr,1.2,1.0,0
large_hospital,high_capacity,60,riar,1.2,1.0,0
large_hospital,high_capacity,61,gated,141.2,1.0,0
large_hospital,high_capacity,61,naive,208.47500000000002,0.42857142857142855,743
large_hospital,high_capacity,61,mvr,217.07500000000002,0.2857142857142857,774
large_hospital,high_capacity,61,riar,43.875,1.0,109
large_hospital,high_capacity,62,gated,140.42499999999998,1.0,0
large_hospital,high_capacity,62,naive,167.64999999999998,0.14285714285714285,751
large_hospital,high_capacity,62,mvr,167.64999999999998,0.14285714285714285,751
large_hospital,high_capacity,62,riar,61.199999999999996,1.0,97
large_hospital,high_capacity,63,gated,3.0,1.0,0
large_hospital,high_capacity,63,naive,3.0,1.0,0
large_hospital,high_capacity,63,mvr,3.0,1.0,0
large_hospital,high_capacity,63,riar,3.0,1.0,0
large_hospital,high_capacity,64,gated,141.425,0.8571428571428571,0
large_hospital,high_capacity,64,naive,202.54999999999998,0.0,789
large_hospital,high_capacity,64,mvr,195.35,0.0,801
large_hospital,high_capacity,64,riar,59.525000000000006,1.0,148
large_hospital,high_capacity,65,gated,6.4,0.8571428571428571,0
large_hospital,high_capacity,65,naive,4.6000000000000005,1.0,0
large_hospital,high_capacity,65,mvr,4.6000000000000005,1.0,0
large_hospital,high_capacity,65,riar,4.6000000000000005,1.0,0
large_hospital,high_capacity,66,gated,1.4,1.0,0
large_hospital,high_capacity,66,naive,150.10000000000002,0.2857142857142857,976
large_hospital,high_capacity,66,mvr,153.425,0.0,973
large_hospital,high_capacity,66,riar,29.325,1.0,257
large_hospital,high_capacity,67,gated,143.625,1.0,0
large_hospital,high_capacity,67,naive,167.225,0.2857142857142857,845
large_hospital,high_capacity,67,mvr,187.625,0.2857142857142857,865
large_hospital,high_capacity,67,riar,39.875,1.0,140
large_hospital,high_capacity,68,gated,143.5,0.8571428571428571,0
large_hospital,high_capacity,68,naive,150.625,0.5714285714285714,987
large_hospital,high_capacity,68,mvr,152.075,0.0,982
large_hospital,high_capacity,68,riar,19.075000000000003,1.0,249
large_hospital,high_capacity,69,gated,203.82499999999996,0.8571428571428571,0
large_hospital,high_capacity,69,naive,181.75000000000003,0.0,828
large_hospital,high_capacity,69,mvr,181.05,0.42857142857142855,828
large_hospital,high_capacity,69,riar,33.5,1.0,146
large_hospital,high_capacity,70,gated,4.4,1.0,0
large_hospital,high_capacity,70,naive,4.0,1.0,0
large_hospital,high_capacity,70,mvr,4.0,1.0,0
large_hospital,high_capacity,70,riar,4.0,1.0,0
large_hospital,high_capacity,71,gated,185.22499999999997,0.8571428571428571,0
large_hospital,high_capacity,71,naive,179.02499999999998,0.0,863
large_hospital,high_capacity,71,mvr,173.1,0.0,870
large_hospital,high_capacity,71,riar,37.5,1.0,161
large_hospital,high_capacity,72,gated,118.475,1.0,0
large_hospital,high_capacity,72,naive,153.75,0.2857142857142857,680
large_hospital,high_capacity,72,mvr,151.4,0.0,669
large_hospital,high_capacity,72,riar,37.875,1.0,115
large_hospital,high_capacity,73,gated,221.29999999999998,0.42857142857142855,0
large_hospital,high_capacity,73,naive,140.725,0.7142857142857143,1163
large_hospital,high_capacity,73,mvr,137.79999999999998,0.42857142857142855,1184
large_hospital,high_capacity,73,riar,20.025,0.8571428571428571,225
large_hospital,high_capacity,74,gated,2.8,1.0,0
large_hospital,high_capacity,74,naive,2.8,1.0,0
large_hospital,high_capacity,74,mvr,2.8,1.0,0
large_hospital,high_capacity,74,riar,2.8,1.0,0
large_hospital,high_capacity,75,gated,10.6,1.0,0
large_hospital,high_capacity,75,naive,10.6,1.0,0
large_hospital,high_capacity,75,mvr,10.6,1.0,0
large_hospital,high_capacity,75,riar,10.6,1.0,0
large_hospital,high_capacity,76,gated,8.25,0.14285714285714285,0
large_hospital,high_capacity,76,naive,8.25,0.14285714285714285,0
large_hospital,high_capacity,76,mvr,8.25,0.14285714285714285,0
large_hospital,high_capacity,76,riar,8.25,0.14285714285714285,0
large_hospital,high_capacity,77,gated,13.000000000000002,1.0,0
large_hospital,high_capacity,77,naive,1.6,1.0,0
large_hospital,high_capacity,77,mvr,1.6,1.0,0
large_hospital,high_capacity,77,riar,1.6,1.0,0
large_hospital,high_capacity,78,gated,160.475,1.0,0
large_hospital,high_capacity,78,naive,183.025,0.42857142857142855,788
large_hospital,high_capacity,78,mvr,200.49999999999997,0.0,806
large_hospital,high_capacity,78,riar,57.975,1.0,138
large_hospital,high_capacity,79,gated,139.65,0.8571428571428571,0
large_hospital,high_capacity,79,naive,187.85,0.0,919
large_hospital,high_capacity,79,mvr,180.42499999999998,0.0,937
large_hospital,high_capacity,79,riar,28.724999999999998,1.0,130
large_hospital,high_capacity,80,gated,3.8,1.0,0
large_hospital,high_capacity,80,naive,3.8,1.0,0
large_hospital,high_capacity,80,mvr,3.8,1.0,0
large_hospital,high_capacity,80,riar,3.8,1.0,0
large_hospital,high_capacity,81,gated,6.2,1.0,0
large_hospital,high_capacity,81,naive,6.2,1.0,0
large_hospital,high_capacity,81,mvr,6.2,1.0,0
large_hospital,high_capacity,81,riar,6.2,1.0,0
large_hospital,high_capacity,82,gated,136.375,1.0,0
large_hospital,high_capacity,82,naive,166.39999999999998,0.2857142857142857,951
large_hospital,high_capacity,82,mvr,179.975,0.2857142857142857,968
large_hospital,high_capacity,82,riar,35.025,1.0,137
large_hospital,high_capacity,83,gated,6.3999999999999995,1.0,0
large_hospital,high_capacity,83,naive,6.3999999999999995,1.0,0
large_hospital,high_capacity,83,mvr,6.3999999999999995,1.0,0
large_hospital,high_capacity,83,riar,6.3999999999999995,1.0,0
large_hospital,high_capacity,84,gated,3.0,1.0,0
large_hospital,high_capacity,84,naive,153.25,0.0,1307
large_hospital,high_capacity,84,mvr,153.25,0.0,1307
large_hospital,high_capacity,84,riar,5.4,1.0,0
large_hospital,high_capacity,85,gated,10.200000000000001,1.0,0
large_hospital,high_capacity,85,naive,8.0,1.0,0
large_hospital,high_capacity,85,mvr,8.0,1.0,0
large_hospital,high_capacity,85,riar,8.0,1.0,0
large_hospital,high_capacity,86,gated,3.4000000000000004,1.0,0
large_hospital,high_capacity,86,naive,3.4000000000000004,1.0,0
large_hospital,high_capacity,86,mvr,3.4000000000000004,1.0,0
large_hospital,high_capacity,86,riar,3.4000000000000004,1.0,0
large_hospital,high_capacity,87,gated,15.600000000000001,1.0,0
large_hospital,high_capacity,87,naive,158.95,0.0,776
large_hospital,high_capacity,87,mvr,149.6,0.42857142857142855,755
large_hospital,high_capacity,87,riar,11.6,0.8571428571428571,0
large_hospital,high_capacity,88,gated,3.2,1.0,0
large_hospital,high_capacity,88,naive,14.200000000000001,1.0,0
large_hospital,high_capacity,88,mvr,14.200000000000001,1.0,0
large_hospital,high_capacity,88,riar,14.200000000000001,1.0,0
large_hospital,high_capacity,89,gated,0.8,1.0,0
large_hospital,high_capacity,89,naive,0.8,1.0,0
large_hospital,high_capacity,89,mvr,0.8,1.0,0
large_hospital,high_capacity,89,riar,0.8,1.0,0
large_hospital,high_capacity,90,gated,156.5,1.0,0
large_hospital,high_capacity,90,naive,169.2,0.14285714285714285,847
large_hospital,high_capacity,90,mvr,175.775,0.42857142857142855,846
large_hospital,high_capacity,90,riar,36.45,1.0,139
large_hospital,high_capacity,91,gated,135.675,0.8571428571428571,0
large_hospital,high_capacity,91,naive,181.65,0.2857142857142857,892
large_hospital,high_capacity,91,mvr,177.67499999999998,0.0,908
large_hospital,high_capacity,91,riar,35.2,1.0,175
large_hospital,high_capacity,92,gated,159.05,1.0,0
large_hospital,high_capacity,92,naive,191.02499999999998,0.0,714
large_hospital,high_capacity,92,mvr,180.5,0.14285714285714285,743
large_hospital,high_capacity,92,riar,23.8,1.0,110
large_hospital,high_capacity,93,gated,1.2000000000000002,0.8571428571428571,0
large_hospital,high_capacity,93,naive,1.2000000000000002,0.8571428571428571,0
large_hospital,high_capacity,93,mvr,1.2000000000000002,0.8571428571428571,0
large_hospital,high_capacity,93,riar,1.2000000000000002,0.8571428571428571,0
large_hospital,high_capacity,94,gated,170.475,0.8571428571428571,0
large_hospital,high_capacity,94,naive,158.85000000000002,0.42857142857142855,650
large_hospital,high_capacity,94,mvr,172.5,0.2857142857142857,669
large_hospital,high_capacity,94,riar,26.775000000000006,1.0,101
large_hospital,high_capacity,95,gated,2.0,1.0,0
large_hospital,high_capacity,95,naive,2.0,1.0,0
large_hospital,high_capacity,95,mvr,2.0,1.0,0
large_hospital,high_capacity,95,riar,2.0,1.0,0
large_hospital,high_capacity,96,gated,129.65,1.0,0
large_hospital,high_capacity,96,naive,170.225,0.42857142857142855,832
large_hospital,high_capacity,96,mvr,159.75000000000003,0.42857142857142855,850
large_hospital,high_capacity,96,riar,41.375,1.0,120
large_hospital,high_capacity,97,gated,3.0,1.0,0
large_hospital,high_capacity,97,naive,3.0,1.0,0
large_hospital,high_capacity,97,mvr,3.0,1.0,0
large_hospital,high_capacity,97,riar,3.0,1.0,0
large_hospital,high_capacity,98,gated,143.85,0.7142857142857143,0
large_hospital,high_capacity,98,naive,175.14999999999998,0.2857142857142857,857
large_hospital,high_capacity,98,mvr,168.325,0.2857142857142857,853
large_hospital,high_capacity,98,riar,52.175000000000004,1.0,139
large_hospital,high_capacity,99,gated,2.0,1.0,0
large_hospital,high_capacity,99,naive,2.0,1.0,0
large_hospital,high_capacity,99,mvr,2.0,1.0,0
large_hospital,high_capacity,99,riar,2.0,1.0,0
large_hospital,high_capacity,100,gated,5.8,1.0,0
large_hospital,high_capacity,100,naive,5.3,0.8571428571428571,2
large_hospital,high_capacity,100,mvr,5.3,0.8571428571428571,2
large_hospital,high_capacity,100,riar,19.700000000000003,1.0,0
large_hospital,high_capacity,101,gated,137.625,1.0,0
large_hospital,high_capacity,101,naive,163.95,0.2857142857142857,701
large_hospital,high_capacity,101,mvr,177.25,0.2857142857142857,726
large_hospital,high_capacity,101,riar,46.875,1.0,110
large_hospital,high_capacity,102,gated,139.55,1.0,0
large_hospital,high_capacity,102,naive,161.475,0.2857142857142857,703
large_hospital,high_capacity,102,mvr,153.25,0.42857142857142855,667
large_hospital,high_capacity,102,riar,44.975,1.0,71
large_hospital,high_capacity,103,gated,5.999999999999999,1.0,0
large_hospital,high_capacity,103,naive,5.999999999999999,1.0,0
large_hospital,high_capacity,103,mvr,5.999999999999999,1.0,0
large_hospital,high_capacity,103,riar,5.999999999999999,1.0,0
large_hospital,high_capacity,104,gated,122.2,1.0,0
large_hospital,high_capacity,104,naive,149.725,0.42857142857142855,787
large_hospital,high_capacity,104,mvr,147.15,0.5714285714285714,771
large_hospital,high_capacity,104,riar,39.074999999999996,1.0,180
large_hospital,high_capacity,105,gated,9.65,1.0,0
large_hospital,high_capacity,105,naive,9.65,1.0,0
large_hospital,high_capacity,105,mvr,9.65,1.0,0
large_hospital,high_capacity,105,riar,9.65,1.0,0
large_hospital,high_capacity,106,gated,109.22500000000001,1.0,0
large_hospital,high_capacity,106,naive,176.25,0.0,744
large_hospital,high_capacity,106,mvr,190.25000000000003,0.0,774
large_hospital,high_capacity,106,riar,45.900000000000006,1.0,108
large_hospital,high_capacity,107,gated,140.3,1.0,0
large_hospital,high_capacity,107,naive,189.075,0.0,783
large_hospital,high_capacity,107,mvr,190.72500000000002,0.0,791
large_hospital,high_capacity,107,riar,40.125,1.0,127
large_hospital,high_capacity,108,gated,174.3,0.8571428571428571,0
large_hospital,high_capacity,108,naive,164.32500000000002,0.14285714285714285,892
large_hospital,high_capacity,108,mvr,170.65,0.5714285714285714,841
large_hospital,high_capacity,108,riar,45.725,1.0,150
large_hospital,high_capacity,109,gated,122.45,1.0,0
large_hospital,high_capacity,109,naive,167.225,0.0,795
large_hospital,high_capacity,109,mvr,156.075,0.14285714285714285,804
large_hospital,high_capacity,109,riar,43.75,1.0,86
large_hospital,high_capacity,110,gated,149.0,0.8571428571428571,0
large_hospital,high_capacity,110,naive,160.475,0.5714285714285714,710
large_hospital,high_capacity,110,mvr,161.75,0.0,740
large_hospital,high_capacity,110,riar,26.425000000000004,1.0,138
large_hospital,high_capacity,111,gated,173.85,0.8571428571428571,0
large_hospital,high_capacity,111,naive,159.65,0.2857142857142857,923
large_hospital,high_capacity,111,mvr,159.65,0.2857142857142857,923
large_hospital,high_capacity,111,riar,25.175,1.0,177
large_hospital,high_capacity,112,gated,218.1,0.0,0
large_hospital,high_capacity,112,naive,176.175,0.0,962
large_hospital,high_capacity,112,mvr,165.20000000000002,0.5714285714285714,933
large_hospital,high_capacity,112,riar,27.450000000000003,1.0,205
large_hospital,high_capacity,113,gated,1.2,1.0,0
large_hospital,high_capacity,113,naive,16.750000000000004,0.8571428571428571,0
large_hospital,high_capacity,113,mvr,16.750000000000004,0.8571428571428571,0
large_hospital,high_capacity,113,riar,16.750000000000004,0.8571428571428571,0
large_hospital,high_capacity,114,gated,146.1,0.8571428571428571,0
large_hospital,high_capacity,114,naive,169.60000000000002,0.5714285714285714,626
large_hospital,high_capacity,114,mvr,182.57500000000002,0.0,665
large_hospital,high_capacity,114,riar,25.575000000000003,1.0,79
large_hospital,high_capacity,115,gated,148.25,1.0,0
large_hospital,high_capacity,115,naive,127.57499999999999,0.7142857142857143,741
large_hospital,high_capacity,115,mvr,166.325,0.0,798
large_hospital,high_capacity,115,riar,29.475,1.0,98
large_hospital,high_capacity,116,gated,169.95,1.0,0
large_hospital,high_capacity,116,naive,171.65,0.42857142857142855,601
large_hospital,high_capacity,116,mvr,181.075,0.0,632
large_hospital,high_capacity,116,riar,60.900000000000006,0.14285714285714285,54
large_hospital,high_capacity,117,gated,165.675,0.8571428571428571,0
large_hospital,high_capacity,117,naive,179.125,0.42857142857142855,905
large_hospital,high_capacity,117,mvr,179.125,0.42857142857142855,905
large_hospital,high_capacity,117,riar,54.2,1.0,172
large_hospital,high_capacity,118,gated,140.17499999999998,1.0,0
large_hospital,high_capacity,118,naive,211.12499999999997,0.42857142857142855,713
large_hospital,high_capacity,118,mvr,210.5,0.0,713
large_hospital,high_capacity,118,riar,52.12499999999999,1.0,73
large_hospital,high_capacity,119,gated,146.10000000000002,1.0,0
large_hospital,high_capacity,119,naive,160.89999999999998,0.2857142857142857,706
large_hospital,high_capacity,119,mvr,165.625,0.42857142857142855,715
large_hospital,high_capacity,119,riar,45.975,1.0,46
