profile,method,portfolio,baseline,mean_benefit,margin,lower_benefit,family_size,alpha
resource_constrained,hoeffding,seg-basic|patch+0|det0|iso0|bak-connected|idm0,seg-flat|patch+0|det0|iso0|bak-connected|idm0,8.10289583,106.3153705,-98.21247464,276048,0.05
resource_constrained,hoeffding,seg-basic|patch+0|det0|iso0|bak-connected|idm1,seg-flat|patch+0|det0|iso0|bak-connected|idm0,11.88916667,106.3153705,-94.42620381,276048,0.05
resource_constrained,hoeffding,seg-basic|patch+0|det0|iso0|bak-isolated|idm0,seg-flat|patch+0|det0|iso0|bak-connected|idm0,55.837,106.3153705,-50.47837048,276048,0.05
resource_constrained,hoeffding,seg-basic|patch+0|det0|iso0|bak-isolated|idm1,seg-flat|patch+0|det0|iso0|bak-connected|idm0,59.1069375,106.3153705,-47.20843298,276048,0.05
resource_constrained,hoeffding,seg-basic|patch+0|det0|iso0|bak-periodic|idm0,seg-flat|patch+0|det0|iso0|bak-connected|idm0,8.853854164,106.3153705,-97.46151631,276048,0.05
resource_constrained,hoeffding,seg-basic|patch+0|det0|iso0|bak-periodic|idm1,seg-flat|patch+0|det0|iso0|bak-connected|idm0,12.68452083,106.3153705,-93.63084964,276048,0.05
resource_constrained,hoeffding,seg-basic|patch+0|det0|iso1|bak-connected|idm0,seg-flat|patch+0|det0|iso0|bak-connected|idm0,12.13922916,106.3153705,-94.17614131,276048,0.05
resource_constrained,hoeffding,seg-basic|patch+0|det0|iso1|bak-connected|idm1,seg-flat|patch+0|det0|iso0|bak-connected|idm0,16.93960416,106.3153705,-89.37576631,276048,0.05
resource_constrained,hoeffding,seg-basic|patch+0|det0|iso1|bak-isolated|idm0,seg-flat|patch+0|det0|iso0|bak-connected|idm0,59.09735416,106.3153705,-47.21801631,276048,0.05
resource_constrained,hoeffding,seg-basic|patch+0|det0|iso1|bak-isolated|idm1,seg-flat|patch+0|det0|iso0|bak-connected|idm0,63.15260416,106.3153705,-43.16276631,276048,0.05
resource_constrained,hoeffding,seg-basic|patch+0|det0|iso1|bak-periodic|idm0,seg-flat|patch+0|det0|iso0|bak-connected|idm0,12.88175,106.3153705,-93.43362048,276048,0.05
resource_constrained,hoeffding,seg-basic|patch+0|det0|iso1|bak-periodic|idm1,seg-flat|patch+0|det0|iso0|bak-connected|idm0,17.70770833,106.3153705,-88.60766214,276048,0.05
resource_constrained,hoeffding,seg-basic|patch+0|det1|iso0|bak-connected|idm0,seg-flat|patch+0|det0|iso0|bak-connected|idm0,121.5496667,106.3153705,15.23429619,276048,0.05
resource_constrained,hoeffding,seg-basic|patch+0|det1|iso0|bak-connected|idm1,seg-flat|patch+0|det0|iso0|bak-connected|idm0,125.8946875,106.3153705,19.57931703,276048,0.05
resource_constrained,hoeffding,seg-basic|patch+0|det1|iso0|bak-isolated|idm0,seg-flat|patch+0|det0|iso0|bak-connected|idm0,167.5667292,106.3153705,61.25135869,276048,0.05
resource_constrained,hoeffding,seg-basic|patch+0|det1|iso0|bak-isolated|idm1,seg-flat|patch+0|det0|iso0|bak-connected|idm0,171.0726042,106.3153705,64.75723369,276048,0.05
resource_constrained,hoeffding,seg-basic|patch+0|det1|iso0|bak-periodic|idm0,seg-flat|patch+0|det0|iso0|bak-connected|idm0,123.2035833,106.3153705,16.88821285,276048,0.05
resource_constrained,hoeffding,seg-basic|patch+0|det1|iso0|bak-periodic|idm1,seg-flat|patch+0|det0|iso0|bak-connected|idm0,127.5801667,106.3153705,21.26479619,276048,0.05
resource_constrained,hoeffding,seg-basic|patch+0|det1|iso1|bak-connected|idm0,seg-flat|patch+0|det0|iso0|bak-connected|idm0,125.8913958,106.3153705,19.57602536,276048,0.05
resource_constrained,hoeffding,seg-basic|patch+0|det1|iso1|bak-connected|idm1,seg-flat|patch+0|det0|iso0|bak-connected|idm0,132.4905625,106.3153705,26.17519202,276048,0.05
resource_constrained,hoeffding,seg-basic|patch+0|det1|iso1|bak-isolated|idm0,seg-flat|patch+0|det0|iso0|bak-connected|idm0,170.5395625,106.3153705,64.22419202,276048,0.05
resource_constrained,hoeffding,seg-basic|patch+0|det1|iso1|bak-isolated|idm1,seg-flat|patch+0|det0|iso0|bak-connected|idm0,176.0677083,106.3153705,69.75233786,276048,0.05
resource_constrained,hoeffding,seg-basic|patch+0|det1|iso1|bak-periodic|idm0,seg-flat|patch+0|det0|iso0|bak-connected|idm0,127.5895208,106.3153705,21.27415035,276048,0.05
resource_constrained,hoeffding,seg-basic|patch+0|det1|iso1|bak-periodic|idm1,seg-flat|patch+0|det0|iso0|bak-connected|idm0,134.1662083,106.3153705,27.85083786,276048,0.05
resource_constrained,hoeffding,seg-basic|patch+1|det0|iso0|bak-connected|idm0,seg-flat|patch+0|det0|iso0|bak-connected|idm0,11.16616666,106.3153705,-95.14920381,276048,0.05
resource_constrained,hoeffding,seg-basic|patch+1|det0|iso0|bak-connected|idm1,seg-flat|patch+0|det0|iso0|bak-connected|idm0,14.4166875,106.3153705,-91.89868298,276048,0.05
resource_constrained,hoeffding,seg-basic|patch+1|det0|iso0|bak-isolated|idm0,seg-flat|patch+0|det0|iso0|bak-connected|idm0,57.04122916,106.3153705,-49.27414131,276048,0.05
resource_constrained,hoeffding,seg-basic|patch+1|det0|iso0|bak-isolated|idm1,seg-flat|patch+0|det0|iso0|bak-connected|idm0,59.83375,106.3153705,-46.48162048,276048,0.05
resource_constrained,hoeffding,seg-basic|patch+1|det0|iso0|bak-periodic|idm0,seg-flat|patch+0|det0|iso0|bak-connected|idm0,12.67514583,106.3153705,-93.64022465,276048,0.05
resource_constrained,hoeffding,seg-basic|patch+1|det0|iso0|bak-periodic|idm1,seg-flat|patch+0|det0|iso0|bak-connected|idm0,16.0070625,106.3153705,-90.30830798,276048,0.05
resource_constrained,hoeffding,seg-basic|patch+1|det0|iso1|bak-connected|idm0,seg-flat|patch+0|det0|iso0|bak-connected|idm0,15.59977083,106.3153705,-90.71559965,276048,0.05
resource_constrained,hoeffding,seg-basic|patch+1|det0|iso1|bak-connected|idm1,seg-flat|patch+0|det0|iso0|bak-connected|idm0,19.99125,106.3153705,-86.32412048,276048,0.05
resource_constrained,hoeffding,seg-basic|patch+1|det0|iso1|bak-isolated|idm0,seg-flat|patch+0|det0|iso0|bak-connected|idm0,60.747375,106.3153705,-45.56799548,276048,0.05
resource_constrained,hoeffding,seg-basic|patch+1|det0|iso1|bak-isolated|idm1,seg-flat|patch+0|det0|iso0|bak-connected|idm0,64.7043125,106.3153705,-41.61105798,276048,0.05
resource_constrained,hoeffding,seg-basic|patch+1|det0|iso1|bak-periodic|idm0,seg-flat|patch+0|det0|iso0|bak-connected|idm0,17.12964583,106.3153705,-89.18572465,276048,0.05
resource_constrained,hoeffding,seg-basic|patch+1|det0|iso1|bak-periodic|idm1,seg-flat|patch+0|det0|iso0|bak-connected|idm0,21.4664375,106.3153705,-84.84893298,276048,0.05
resource_constrained,hoeffding,seg-basic|patch+1|det1|iso0|bak-connected|idm0,seg-flat|patch+0|det0|iso0|bak-connected|idm0,122.9395833,106.3153705,16.62421286,276048,0.05
resource_constrained,hoeffding,seg-basic|patch+1|det1|iso0|bak-connected|idm1,seg-flat|patch+0|det0|iso0|bak-connected|idm0,128.0576875,106.3153705,21.74231702,276048,0.05
resource_constrained,hoeffding,seg-basic|patch+1|det1|iso0|bak-isolated|idm0,seg-flat|patch+0|det0|iso0|bak-connected|idm0,166.1487917,106.3153705,59.83342119,276048,0.05
resource_constrained,hoeffding,seg-basic|patch+1|det1|iso0|bak-isolated|idm1,seg-flat|patch+0|det0|iso0|bak-connected|idm0,170.0185625,106.3153705,63.70319202,276048,0.05
resource_constrained,hoeffding,seg-basic|patch+1|det1|iso0|bak-periodic|idm0,seg-flat|patch+0|det0|iso0|bak-connected|idm0,126.2190625,106.3153705,19.90369202,276048,0.05
resource_constrained,hoeffding,seg-basic|patch+1|det1|iso0|bak-periodic|idm1,seg-flat|patch+0|det0|iso0|bak-connected|idm0,131.1440208,106.3153705,24.82865036,276048,0.05
resource_constrained,hoeffding,seg-basic|patch+1|det1|iso1|bak-connected|idm0,seg-flat|patch+0|det0|iso0|bak-connected|idm0,128.9914792,106.3153705,22.67610869,276048,0.05
resource_constrained,hoeffding,seg-basic|patch+1|det1|iso1|bak-connected|idm1,seg-flat|patch+0|det0|iso0|bak-connected|idm0,135.4365625,106.3153705,29.12119202,276048,0.05
resource_constrained,hoeffding,seg-basic|patch+1|det1|iso1|bak-isolated|idm0,seg-flat|patch+0|det0|iso0|bak-connected|idm0,170.9188542,106.3153705,64.60348369,276048,0.05
resource_constrained,hoeffding,seg-basic|patch+1|det1|iso1|bak-isolated|idm1,seg-flat|patch+0|det0|iso0|bak-connected|idm0,175.7516458,106.3153705,69.43627536,276048,0.05
resource_constrained,hoeffding,seg-basic|patch+1|det1|iso1|bak-periodic|idm0,seg-flat|patch+0|det0|iso0|bak-connected|idm0,132.3446667,106.3153705,26.02929619,276048,0.05
resource_constrained,hoeffding,seg-basic|patch+1|det1|iso1|bak-periodic|idm1,seg-flat|patch+0|det0|iso0|bak-connected|idm0,138.4001667,106.3153705,32.08479619,276048,0.05
resource_constrained,hoeffding,seg-basic|patch+2|det0|iso0|bak-connected|idm0,seg-flat|patch+0|det0|iso0|bak-connected|idm0,23.18689583,106.3153705,-83.12847464,276048,0.05
resource_constrained,hoeffding,seg-basic|patch+2|det0|iso0|bak-connected|idm1,seg-flat|patch+0|det0|iso0|bak-connected|idm0,28.2519375,106.3153705,-78.06343298,276048,0.05
resource_constrained,hoeffding,seg-basic|patch+2|det0|iso0|bak-isolated|idm0,seg-flat|patch+0|det0|iso0|bak-connected|idm0,64.92214583,106.3153705,-41.39322464,276048,0.05
resource_constrained,hoeffding,seg-basic|patch+2|det0|iso0|bak-isolated|idm1,seg-flat|patch+0|det0|iso0|bak-connected|idm0,69.31177083,106.3153705,-37.00359964,276048,0.05
resource_constrained,hoeffding,seg-basic|patch+2|det0|iso0|bak-periodic|idm0,seg-flat|patch+0|det0|iso0|bak-connected|idm0,25.54939583,106.3153705,-80.76597464,276048,0.05
resource_constrained,hoeffding,seg-basic|patch+2|det0|iso0|bak-periodic|idm1,seg-flat|patch+0|det0|iso0|bak-connected|idm0,30.67152083,106.3153705,-75.64384965,276048,0.05
resource_constrained,hoeffding,seg-basic|patch+2|det0|iso1|bak-connected|idm0,seg-flat|patch+0|det0|iso0|bak-connected|idm0,26.595125,106.3153705,-79.72024548,276048,0.05
resource_constrained,hoeffding,seg-basic|patch+2|det0|iso1|bak-connected|idm1,seg-flat|patch+0|det0|iso0|bak-connected|idm0,32.40770833,106.3153705,-73.90766215,276048,0.05
resource_constrained,hoeffding,seg-basic|patch+2|det0|iso1|bak-isolated|idm0,seg-flat|patch+0|det0|iso0|bak-connected|idm0,67.46964583,106.3153705,-38.84572465,276048,0.05
resource_constrained,hoeffding,seg-basic|patch+2|det0|iso1|bak-isolated|idm1,seg-flat|patch+0|det0|iso0|bak-connected|idm0,72.69572916,106.3153705,-33.61964131,276048,0.05
resource_constrained,hoeffding,seg-basic|patch+2|det0|iso1|bak-periodic|idm0,seg-flat|patch+0|det0|iso0|bak-connected|idm0,29.12810416,106.3153705,-77.18726631,276048,0.05
resource_constrained,hoeffding,seg-basic|patch+2|det0|iso1|bak-periodic|idm1,seg-flat|patch+0|det0|iso0|bak-connected|idm0,34.82983333,106.3153705,-71.48553715,276048,0.05
resource_constrained,hoeffding,seg-basic|patch+2|det1|iso0|bak-connected|idm0,seg-flat|patch+0|det0|iso0|bak-connected|idm0,133.5481667,106.3153705,27.23279619,276048,0.05
resource_constrained,hoeffding,seg-basic|patch+2|det1|iso0|bak-connected|idm1,seg-flat|patch+0|det0|iso0|bak-connected|idm0,140.5184375,106.3153705,34.20306702,276048,0.05
resource_constrained,hoeffding,seg-basic|patch+2|det1|iso0|bak-isolated|idm0,seg-flat|patch+0|det0|iso0|bak-connected|idm0,171.1300833,106.3153705,64.81471286,276048,0.05
resource_constrained,hoeffding,seg-basic|patch+2|det1|iso0|bak-isolated|idm1,seg-flat|patch+0|det0|iso0|bak-connected|idm0,176.6087708,106.3153705,70.29340036,276048,0.05
resource_constrained,hoeffding,seg-basic|patch+2|det1|iso0|bak-periodic|idm0,seg-flat|patch+0|det0|iso0|bak-connected|idm0,137.569125,106.3153705,31.25375452,276048,0.05
resource_constrained,hoeffding,seg-basic|patch+2|det1|iso0|bak-periodic|idm1,seg-flat|patch+0|det0|iso0|bak-connected|idm0,144.2270625,106.3153705,37.91169202,276048,0.05
resource_constrained,hoeffding,seg-basic|patch+2|det1|iso1|bak-connected|idm0,seg-flat|patch+0|det0|iso0|bak-connected|idm0,139.773,106.3153705,33.45762952,276048,0.05
resource_constrained,hoeffding,seg-basic|patch+2|det1|iso1|bak-connected|idm1,seg-flat|patch+0|det0|iso0|bak-connected|idm0,148.1020833,106.3153705,41.78671286,276048,0.05
resource_constrained,hoeffding,seg-basic|patch+2|det1|iso1|bak-isolated|idm0,seg-flat|patch+0|det0|iso0|bak-connected|idm0,175.8816458,106.3153705,69.56627536,276048,0.05
resource_constrained,hoeffding,seg-basic|patch+2|det1|iso1|bak-isolated|idm1,seg-flat|patch+0|det0|iso0|bak-connected|idm0,182.0963958,106.3153705,75.78102536,276048,0.05
resource_constrained,hoeffding,seg-basic|patch+2|det1|iso1|bak-periodic|idm0,seg-flat|patch+0|det0|iso0|bak-connected|idm0,144.237625,106.3153705,37.92225452,276048,0.05
resource_constrained,hoeffding,seg-basic|patch+2|det1|iso1|bak-periodic|idm1,seg-flat|patch+0|det0|iso0|bak-connected|idm0,151.5682917,106.3153705,45.25292119,276048,0.05
resource_constrained,hoeffding,seg-basic|patch+3|det0|iso0|bak-connected|idm0,seg-flat|patch+0|det0|iso0|bak-connected|idm0,29.05697916,106.3153705,-77.25839131,276048,0.05
resource_constrained,hoeffding,seg-basic|patch+3|det0|iso0|bak-connected|idm1,seg-flat|patch+0|det0|iso0|bak-connected|idm0,33.83466666,106.3153705,-72.48070381,276048,0.05
resource_constrained,hoeffding,seg-basic|patch+3|det0|iso0|bak-isolated|idm0,seg-flat|patch+0|det0|iso0|bak-connected|idm0,68.9129375,106.3153705,-37.40243298,276048,0.05
resource_constrained,hoeffding,seg-basic|patch+3|det0|iso0|bak-isolated|idm1,seg-flat|patch+0|det0|iso0|bak-connected|idm0,72.64089583,106.3153705,-33.67447464,276048,0.05
resource_constrained,hoeffding,seg-basic|patch+3|det0|iso0|bak-periodic|idm0,seg-flat|patch+0|det0|iso0|bak-connected|idm0,32.795875,106.3153705,-73.51949548,276048,0.05
resource_constrained,hoeffding,seg-basic|patch+3|det0|iso0|bak-periodic|idm1,seg-flat|patch+0|det0|iso0|bak-connected|idm0,37.83641666,106.3153705,-68.47895381,276048,0.05
resource_constrained,hoeffding,seg-basic|patch+3|det0|iso1|bak-connected|idm0,seg-flat|patch+0|det0|iso0|bak-connected|idm0,33.28872916,106.3153705,-73.02664131,276048,0.05
resource_constrained,hoeffding,seg-basic|patch+3|det0|iso1|bak-connected|idm1,seg-flat|patch+0|det0|iso0|bak-connected|idm0,38.14660416,106.3153705,-68.16876631,276048,0.05
resource_constrained,hoeffding,seg-basic|patch+3|det0|iso1|bak-isolated|idm0,seg-flat|patch+0|det0|iso0|bak-connected|idm0,72.2969375,106.3153705,-34.01843298,276048,0.05
resource_constrained,hoeffding,seg-basic|patch+3|det0|iso1|bak-isolated|idm1,seg-flat|patch+0|det0|iso0|bak-connected|idm0,76.36264583,106.3153705,-29.95272464,276048,0.05
resource_constrained,hoeffding,seg-basic|patch+3|det0|iso1|bak-periodic|idm0,seg-flat|patch+0|det0|iso0|bak-connected|idm0,37.27958333,106.3153705,-69.03578715,276048,0.05
resource_constrained,hoeffding,seg-basic|patch+3|det0|iso1|bak-periodic|idm1,seg-flat|patch+0|det0|iso0|bak-connected|idm0,42.30552083,106.3153705,-64.00984965,276048,0.05
resource_constrained,hoeffding,seg-basic|patch+3|det1|iso0|bak-connected|idm0,seg-flat|patch+0|det0|iso0|bak-connected|idm0,141.9735417,106.3153705,35.65817119,276048,0.05
resource_constrained,hoeffding,seg-basic|patch+3|det1|iso0|bak-connected|idm1,seg-flat|patch+0|det0|iso0|bak-connected|idm0,149.9612708,106.3153705,43.64590036,276048,0.05
resource_constrained,hoeffding,seg-basic|patch+3|det1|iso0|bak-isolated|idm0,seg-flat|patch+0|det0|iso0|bak-connected|idm0,175.89,106.3153705,69.57462952,276048,0.05
resource_constrained,hoeffding,seg-basic|patch+3|det1|iso0|bak-isolated|idm1,seg-flat|patch+0|det0|iso0|bak-connected|idm0,181.8367917,106.3153705,75.52142119,276048,0.05
resource_constrained,hoeffding,seg-basic|patch+3|det1|iso0|bak-periodic|idm0,seg-flat|patch+0|det0|iso0|bak-connected|idm0,146.4912708,106.3153705,40.17590036,276048,0.05
resource_constrained,hoeffding,seg-basic|patch+3|det1|iso0|bak-periodic|idm1,seg-flat|patch+0|det0|iso0|bak-connected|idm0,153.5935208,106.3153705,47.27815036,276048,0.05
resource_constrained,hoeffding,seg-basic|patch+3|det1|iso1|bak-connected|idm0,seg-flat|patch+0|det0|iso0|bak-connected|idm0,150.946875,106.3153705,44.63150452,276048,0.05
resource_constrained,hoeffding,seg-basic|patch+3|det1|iso1|bak-connected|idm1,seg-flat|patch+0|det0|iso0|bak-connected|idm0,158.0143333,106.3153705,51.69896286,276048,0.05
resource_constrained,hoeffding,seg-basic|patch+3|det1|iso1|bak-isolated|idm0,seg-flat|patch+0|det0|iso0|bak-connected|idm0,183.27075,106.3153705,76.95537952,276048,0.05
resource_constrained,hoeffding,seg-basic|patch+3|det1|iso1|bak-isolated|idm1,seg-flat|patch+0|det0|iso0|bak-connected|idm0,188.2469583,106.3153705,81.93158786,276048,0.05
resource_constrained,hoeffding,seg-basic|patch+3|det1|iso1|bak-periodic|idm0,seg-flat|patch+0|det0|iso0|bak-connected|idm0,155.3698125,106.3153705,49.05444202,276048,0.05
resource_constrained,hoeffding,seg-basic|patch+3|det1|iso1|bak-periodic|idm1,seg-flat|patch+0|det0|iso0|bak-connected|idm0,161.6749583,106.3153705,55.35958785,276048,0.05
resource_constrained,hoeffding,seg-flat|patch+0|det0|iso0|bak-connected|idm1,seg-flat|patch+0|det0|iso0|bak-connected|idm0,0.5239374972,106.3153705,-105.791433,276048,0.05
resource_constrained,hoeffding,seg-flat|patch+0|det0|iso0|bak-isolated|idm0,seg-flat|patch+0|det0|iso0|bak-connected|idm0,51.67472917,106.3153705,-54.64064131,276048,0.05
resource_constrained,hoeffding,seg-flat|patch+0|det0|iso0|bak-isolated|idm1,seg-flat|patch+0|det0|iso0|bak-connected|idm0,51.81914583,106.3153705,-54.49622464,276048,0.05
resource_constrained,hoeffding,seg-flat|patch+0|det0|iso0|bak-periodic|idm0,seg-flat|patch+0|det0|iso0|bak-connected|idm0,0.3531250008,106.3153705,-105.9622455,276048,0.05
resource_constrained,hoeffding,seg-flat|patch+0|det0|iso0|bak-periodic|idm1,seg-flat|patch+0|det0|iso0|bak-connected|idm0,0.8494791652,106.3153705,-105.4658913,276048,0.05
resource_constrained,hoeffding,seg-flat|patch+0|det0|iso1|bak-connected|idm0,seg-flat|patch+0|det0|iso0|bak-connected|idm0,3.515395833,106.3153705,-102.7999746,276048,0.05
resource_constrained,hoeffding,seg-flat|patch+0|det0|iso1|bak-connected|idm1,seg-flat|patch+0|det0|iso0|bak-connected|idm0,4.037104164,106.3153705,-102.2782663,276048,0.05
resource_constrained,hoeffding,seg-flat|patch+0|det0|iso1|bak-isolated|idm0,seg-flat|patch+0|det0|iso0|bak-connected|idm0,54.79522917,106.3153705,-51.52014131,276048,0.05
resource_constrained,hoeffding,seg-flat|patch+0|det0|iso1|bak-isolated|idm1,seg-flat|patch+0|det0|iso0|bak-connected|idm0,55.5149375,106.3153705,-50.80043298,276048,0.05
resource_constrained,hoeffding,seg-flat|patch+0|det0|iso1|bak-periodic|idm0,seg-flat|patch+0|det0|iso0|bak-connected|idm0,3.927083332,106.3153705,-102.3882871,276048,0.05
resource_constrained,hoeffding,seg-flat|patch+0|det0|iso1|bak-periodic|idm1,seg-flat|patch+0|det0|iso0|bak-connected|idm0,5.223520831,106.3153705,-101.0918496,276048,0.05
resource_constrained,hoeffding,seg-flat|patch+0|det1|iso0|bak-connected|idm0,seg-flat|patch+0|det0|iso0|bak-connected|idm0,114.4716875,106.3153705,8.156317022,276048,0.05
resource_constrained,hoeffding,seg-flat|patch+0|det1|iso0|bak-connected|idm1,seg-flat|patch+0|det0|iso0|bak-connected|idm0,114.5006667,106.3153705,8.18529619,276048,0.05
resource_constrained,hoeffding,seg-flat|patch+0|det1|iso0|bak-isolated|idm0,seg-flat|patch+0|det0|iso0|bak-connected|idm0,165.1404792,106.3153705,58.82510869,276048,0.05
resource_constrained,hoeffding,seg-flat|patch+0|det1|iso0|bak-isolated|idm1,seg-flat|patch+0|det0|iso0|bak-connected|idm0,165.2757917,106.3153705,58.96042119,276048,0.05
resource_constrained,hoeffding,seg-flat|patch+0|det1|iso0|bak-periodic|idm0,seg-flat|patch+0|det0|iso0|bak-connected|idm0,114.5343125,106.3153705,8.218942021,276048,0.05
resource_constrained,hoeffding,seg-flat|patch+0|det1|iso0|bak-periodic|idm1,seg-flat|patch+0|det0|iso0|bak-connected|idm0,115.1647708,106.3153705,8.849400357,276048,0.05
resource_constrained,hoeffding,seg-flat|patch+0|det1|iso1|bak-connected|idm0,seg-flat|patch+0|det0|iso0|bak-connected|idm0,117.4507292,106.3153705,11.13535869,276048,0.05
resource_constrained,hoeffding,seg-flat|patch+0|det1|iso1|bak-connected|idm1,seg-flat|patch+0|det0|iso0|bak-connected|idm0,117.4378958,106.3153705,11.12252536,276048,0.05
resource_constrained,hoeffding,seg-flat|patch+0|det1|iso1|bak-isolated|idm0,seg-flat|patch+0|det0|iso0|bak-connected|idm0,167.7840417,106.3153705,61.46867119,276048,0.05
resource_constrained,hoeffding,seg-flat|patch+0|det1|iso1|bak-isolated|idm1,seg-flat|patch+0|det0|iso0|bak-connected|idm0,168.169375,106.3153705,61.85400452,276048,0.05
resource_constrained,hoeffding,seg-flat|patch+0|det1|iso1|bak-periodic|idm0,seg-flat|patch+0|det0|iso0|bak-connected|idm0,118.1592292,106.3153705,11.84385869,276048,0.05
resource_constrained,hoeffding,seg-flat|patch+0|det1|iso1|bak-periodic|idm1,seg-flat|patch+0|det0|iso0|bak-connected|idm0,119.2313958,106.3153705,12.91602536,276048,0.05
resource_constrained,hoeffding,seg-flat|patch+1|det0|iso0|bak-connected|idm0,seg-flat|patch+0|det0|iso0|bak-connected|idm0,1.084499998,106.3153705,-105.2308705,276048,0.05
resource_constrained,hoeffding,seg-flat|patch+1|det0|iso0|bak-connected|idm1,seg-flat|patch+0|det0|iso0|bak-connected|idm0,2.080583329,106.3153705,-104.2347871,276048,0.05
resource_constrained,hoeffding,seg-flat|patch+1|det0|iso0|bak-isolated|idm0,seg-flat|patch+0|det0|iso0|bak-connected|idm0,53.01652083,106.3153705,-53.29884964,276048,0.05
resource_constrained,hoeffding,seg-flat|patch+1|det0|iso0|bak-isolated|idm1,seg-flat|patch+0|det0|iso0|bak-connected|idm0,53.86941666,106.3153705,-52.44595381,276048,0.05
resource_constrained,hoeffding,seg-flat|patch+1|det0|iso0|bak-periodic|idm0,seg-flat|patch+0|det0|iso0|bak-connected|idm0,2.104270832,106.3153705,-104.2110996,276048,0.05
resource_constrained,hoeffding,seg-flat|patch+1|det0|iso0|bak-periodic|idm1,seg-flat|patch+0|det0|iso0|bak-connected|idm0,2.992895831,106.3153705,-103.3224746,276048,0.05
resource_constrained,hoeffding,seg-flat|patch+1|det0|iso1|bak-connected|idm0,seg-flat|patch+0|det0|iso0|bak-connected|idm0,5.503645832,106.3153705,-100.8117246,276048,0.05
resource_constrained,hoeffding,seg-flat|patch+1|det0|iso1|bak-connected|idm1,seg-flat|patch+0|det0|iso0|bak-connected|idm0,6.500624997,106.3153705,-99.81474548,276048,0.05
resource_constrained,hoeffding,seg-flat|patch+1|det0|iso1|bak-isolated|idm0,seg-flat|patch+0|det0|iso0|bak-connected|idm0,56.74739583,106.3153705,-49.56797464,276048,0.05
resource_constrained,hoeffding,seg-flat|patch+1|det0|iso1|bak-isolated|idm1,seg-flat|patch+0|det0|iso0|bak-connected|idm0,58.20064583,106.3153705,-48.11472464,276048,0.05
resource_constrained,hoeffding,seg-flat|patch+1|det0|iso1|bak-periodic|idm0,seg-flat|patch+0|det0|iso0|bak-connected|idm0,6.562624998,106.3153705,-99.75274548,276048,0.05
resource_constrained,hoeffding,seg-flat|patch+1|det0|iso1|bak-periodic|idm1,seg-flat|patch+0|det0|iso0|bak-connected|idm0,8.180187498,106.3153705,-98.13518298,276048,0.05
resource_constrained,hoeffding,seg-flat|patch+1|det1|iso0|bak-connected|idm0,seg-flat|patch+0|det0|iso0|bak-connected|idm0,116.570375,106.3153705,10.25500452,276048,0.05
resource_constrained,hoeffding,seg-flat|patch+1|det1|iso0|bak-connected|idm1,seg-flat|patch+0|det0|iso0|bak-connected|idm0,116.6032083,106.3153705,10.28783786,276048,0.05
resource_constrained,hoeffding,seg-flat|patch+1|det1|iso0|bak-isolated|idm0,seg-flat|patch+0|det0|iso0|bak-connected|idm0,166.5299583,106.3153705,60.21458786,276048,0.05
resource_constrained,hoeffding,seg-flat|patch+1|det1|iso0|bak-isolated|idm1,seg-flat|patch+0|det0|iso0|bak-connected|idm0,167.2713125,106.3153705,60.95594202,276048,0.05
resource_constrained,hoeffding,seg-flat|patch+1|det1|iso0|bak-periodic|idm0,seg-flat|patch+0|det0|iso0|bak-connected|idm0,116.9111875,106.3153705,10.59581702,276048,0.05
resource_constrained,hoeffding,seg-flat|patch+1|det1|iso0|bak-periodic|idm1,seg-flat|patch+0|det0|iso0|bak-connected|idm0,117.8852083,106.3153705,11.56983786,276048,0.05
resource_constrained,hoeffding,seg-flat|patch+1|det1|iso1|bak-connected|idm0,seg-flat|patch+0|det0|iso0|bak-connected|idm0,118.919875,106.3153705,12.60450452,276048,0.05
resource_constrained,hoeffding,seg-flat|patch+1|det1|iso1|bak-connected|idm1,seg-flat|patch+0|det0|iso0|bak-connected|idm0,119.0127917,106.3153705,12.69742119,276048,0.05
resource_constrained,hoeffding,seg-flat|patch+1|det1|iso1|bak-isolated|idm0,seg-flat|patch+0|det0|iso0|bak-connected|idm0,168.7597083,106.3153705,62.44433786,276048,0.05
resource_constrained,hoeffding,seg-flat|patch+1|det1|iso1|bak-isolated|idm1,seg-flat|patch+0|det0|iso0|bak-connected|idm0,169.9081042,106.3153705,63.59273369,276048,0.05
resource_constrained,hoeffding,seg-flat|patch+1|det1|iso1|bak-periodic|idm0,seg-flat|patch+0|det0|iso0|bak-connected|idm0,119.8385417,106.3153705,13.52317119,276048,0.05
resource_constrained,hoeffding,seg-flat|patch+1|det1|iso1|bak-periodic|idm1,seg-flat|patch+0|det0|iso0|bak-connected|idm0,121.4038333,106.3153705,15.08846286,276048,0.05
resource_constrained,hoeffding,seg-flat|patch+2|det0|iso0|bak-connected|idm0,seg-flat|patch+0|det0|iso0|bak-connected|idm0,7.322062498,106.3153705,-98.99330798,276048,0.05
resource_constrained,hoeffding,seg-flat|patch+2|det0|iso0|bak-connected|idm1,seg-flat|patch+0|det0|iso0|bak-connected|idm0,8.309833332,106.3153705,-98.00553714,276048,0.05
resource_constrained,hoeffding,seg-flat|patch+2|det0|iso0|bak-isolated|idm0,seg-flat|patch+0|det0|iso0|bak-connected|idm0,57.77925,106.3153705,-48.53612048,276048,0.05
resource_constrained,hoeffding,seg-flat|patch+2|det0|iso0|bak-isolated|idm1,seg-flat|patch+0|det0|iso0|bak-connected|idm0,58.98270833,106.3153705,-47.33266214,276048,0.05
resource_constrained,hoeffding,seg-flat|patch+2|det0|iso0|bak-periodic|idm0,seg-flat|patch+0|det0|iso0|bak-connected|idm0,8.448416666,106.3153705,-97.86695381,276048,0.05
resource_constrained,hoeffding,seg-flat|patch+2|det0|iso0|bak-periodic|idm1,seg-flat|patch+0|det0|iso0|bak-connected|idm0,10.35502083,106.3153705,-95.96034964,276048,0.05
resource_constrained,hoeffding,seg-flat|patch+2|det0|iso1|bak-connected|idm0,seg-flat|patch+0|det0|iso0|bak-connected|idm0,12.59127083,106.3153705,-93.72409964,276048,0.05
resource_constrained,hoeffding,seg-flat|patch+2|det0|iso1|bak-connected|idm1,seg-flat|patch+0|det0|iso0|bak-connected|idm0,13.52222916,106.3153705,-92.79314131,276048,0.05
resource_constrained,hoeffding,seg-flat|patch+2|det0|iso1|bak-isolated|idm0,seg-flat|patch+0|det0|iso0|bak-connected|idm0,62.70070833,106.3153705,-43.61466214,276048,0.05
resource_constrained,hoeffding,seg-flat|patch+2|det0|iso1|bak-isolated|idm1,seg-flat|patch+0|det0|iso0|bak-connected|idm0,64.53864583,106.3153705,-41.77672464,276048,0.05
resource_constrained,hoeffding,seg-flat|patch+2|det0|iso1|bak-periodic|idm0,seg-flat|patch+0|det0|iso0|bak-connected|idm0,13.63347916,106.3153705,-92.68189131,276048,0.05
resource_constrained,hoeffding,seg-flat|patch+2|det0|iso1|bak-periodic|idm1,seg-flat|patch+0|det0|iso0|bak-connected|idm0,16.3705625,106.3153705,-89.94480798,276048,0.05
resource_constrained,hoeffding,seg-flat|patch+2|det1|iso0|bak-connected|idm0,seg-flat|patch+0|det0|iso0|bak-connected|idm0,121.349625,106.3153705,15.03425452,276048,0.05
resource_constrained,hoeffding,seg-flat|patch+2|det1|iso0|bak-connected|idm1,seg-flat|patch+0|det0|iso0|bak-connected|idm0,121.4866667,106.3153705,15.17129619,276048,0.05
resource_constrained,hoeffding,seg-flat|patch+2|det1|iso0|bak-isolated|idm0,seg-flat|patch+0|det0|iso0|bak-connected|idm0,169.8229583,106.3153705,63.50758786,276048,0.05
resource_constrained,hoeffding,seg-flat|patch+2|det1|iso0|bak-isolated|idm1,seg-flat|patch+0|det0|iso0|bak-connected|idm0,169.2346458,106.3153705,62.91927536,276048,0.05
resource_constrained,hoeffding,seg-flat|patch+2|det1|iso0|bak-periodic|idm0,seg-flat|patch+0|det0|iso0|bak-connected|idm0,121.4942292,106.3153705,15.17885869,276048,0.05
resource_constrained,hoeffding,seg-flat|patch+2|det1|iso0|bak-periodic|idm1,seg-flat|patch+0|det0|iso0|bak-connected|idm0,122.0375208,106.3153705,15.72215035,276048,0.05
resource_constrained,hoeffding,seg-flat|patch+2|det1|iso1|bak-connected|idm0,seg-flat|patch+0|det0|iso0|bak-connected|idm0,124.2051667,106.3153705,17.88979619,276048,0.05
resource_constrained,hoeffding,seg-flat|patch+2|det1|iso1|bak-connected|idm1,seg-flat|patch+0|det0|iso0|bak-connected|idm0,124.1265625,106.3153705,17.81119202,276048,0.05
resource_constrained,hoeffding,seg-flat|patch+2|det1|iso1|bak-isolated|idm0,seg-flat|patch+0|det0|iso0|bak-connected|idm0,172.5818125,106.3153705,66.26644202,276048,0.05
resource_constrained,hoeffding,seg-flat|patch+2|det1|iso1|bak-isolated|idm1,seg-flat|patch+0|det0|iso0|bak-connected|idm0,172.6076667,106.3153705,66.29229619,276048,0.05
resource_constrained,hoeffding,seg-flat|patch+2|det1|iso1|bak-periodic|idm0,seg-flat|patch+0|det0|iso0|bak-connected|idm0,125.3151875,106.3153705,18.99981702,276048,0.05
resource_constrained,hoeffding,seg-flat|patch+2|det1|iso1|bak-periodic|idm1,seg-flat|patch+0|det0|iso0|bak-connected|idm0,126.3304375,106.3153705,20.01506702,276048,0.05
resource_constrained,hoeffding,seg-flat|patch+3|det0|iso0|bak-connected|idm0,seg-flat|patch+0|det0|iso0|bak-connected|idm0,9.704187498,106.3153705,-96.61118298,276048,0.05
resource_constrained,hoeffding,seg-flat|patch+3|det0|iso0|bak-connected|idm1,seg-flat|patch+0|det0|iso0|bak-connected|idm0,11.5675625,106.3153705,-94.74780798,276048,0.05
resource_constrained,hoeffding,seg-flat|patch+3|det0|iso0|bak-isolated|idm0,seg-flat|patch+0|det0|iso0|bak-connected|idm0,58.858,106.3153705,-47.45737047,276048,0.05
resource_constrained,hoeffding,seg-flat|patch+3|det0|iso0|bak-isolated|idm1,seg-flat|patch+0|det0|iso0|bak-connected|idm0,60.95333333,106.3153705,-45.36203714,276048,0.05
resource_constrained,hoeffding,seg-flat|patch+3|det0|iso0|bak-periodic|idm0,seg-flat|patch+0|det0|iso0|bak-connected|idm0,11.1078125,106.3153705,-95.20755798,276048,0.05
resource_constrained,hoeffding,seg-flat|patch+3|det0|iso0|bak-periodic|idm1,seg-flat|patch+0|det0|iso0|bak-connected|idm0,13.53370833,106.3153705,-92.78166214,276048,0.05
resource_constrained,hoeffding,seg-flat|patch+3|det0|iso1|bak-connected|idm0,seg-flat|patch+0|det0|iso0|bak-connected|idm0,15.62904166,106.3153705,-90.68632881,276048,0.05
resource_constrained,hoeffding,seg-flat|patch+3|det0|iso1|bak-connected|idm1,seg-flat|patch+0|det0|iso0|bak-connected|idm0,17.53322916,106.3153705,-88.78214131,276048,0.05
resource_constrained,hoeffding,seg-flat|patch+3|det0|iso1|bak-isolated|idm0,seg-flat|patch+0|det0|iso0|bak-connected|idm0,64.36047917,106.3153705,-41.95489131,276048,0.05
resource_constrained,hoeffding,seg-flat|patch+3|det0|iso1|bak-isolated|idm1,seg-flat|patch+0|det0|iso0|bak-connected|idm0,66.89972917,106.3153705,-39.41564131,276048,0.05
resource_constrained,hoeffding,seg-flat|patch+3|det0|iso1|bak-periodic|idm0,seg-flat|patch+0|det0|iso0|bak-connected|idm0,16.96085417,106.3153705,-89.35451631,276048,0.05
resource_constrained,hoeffding,seg-flat|patch+3|det0|iso1|bak-periodic|idm1,seg-flat|patch+0|det0|iso0|bak-connected|idm0,19.90558333,106.3153705,-86.40978714,276048,0.05
resource_constrained,hoeffding,seg-flat|patch+3|det1|iso0|bak-connected|idm0,seg-flat|patch+0|det0|iso0|bak-connected|idm0,125.1438542,106.3153705,18.82848369,276048,0.05
resource_constrained,hoeffding,seg-flat|patch+3|det1|iso0|bak-connected|idm1,seg-flat|patch+0|det0|iso0|bak-connected|idm0,124.8383333,106.3153705,18.52296286,276048,0.05
resource_constrained,hoeffding,seg-flat|patch+3|det1|iso0|bak-isolated|idm0,seg-flat|patch+0|det0|iso0|bak-connected|idm0,172.1005208,106.3153705,65.78515036,276048,0.05
resource_constrained,hoeffding,seg-flat|patch+3|det1|iso0|bak-isolated|idm1,seg-flat|patch+0|det0|iso0|bak-connected|idm0,172.0964792,106.3153705,65.78110869,276048,0.05
resource_constrained,hoeffding,seg-flat|patch+3|det1|iso0|bak-periodic|idm0,seg-flat|patch+0|det0|iso0|bak-connected|idm0,125.9105208,106.3153705,19.59515036,276048,0.05
resource_constrained,hoeffding,seg-flat|patch+3|det1|iso0|bak-periodic|idm1,seg-flat|patch+0|det0|iso0|bak-connected|idm0,126.4471667,106.3153705,20.13179619,276048,0.05
resource_constrained,hoeffding,seg-flat|patch+3|det1|iso1|bak-connected|idm0,seg-flat|patch+0|det0|iso0|bak-connected|idm0,128.7939792,106.3153705,22.47860869,276048,0.05
resource_constrained,hoeffding,seg-flat|patch+3|det1|iso1|bak-connected|idm1,seg-flat|patch+0|det0|iso0|bak-connected|idm0,128.3039583,106.3153705,21.98858786,276048,0.05
resource_constrained,hoeffding,seg-flat|patch+3|det1|iso1|bak-isolated|idm0,seg-flat|patch+0|det0|iso0|bak-connected|idm0,175.529,106.3153705,69.21362953,276048,0.05
resource_constrained,hoeffding,seg-flat|patch+3|det1|iso1|bak-isolated|idm1,seg-flat|patch+0|det0|iso0|bak-connected|idm0,175.7981458,106.3153705,69.48277536,276048,0.05
resource_constrained,hoeffding,seg-flat|patch+3|det1|iso1|bak-periodic|idm0,seg-flat|patch+0|det0|iso0|bak-connected|idm0,130.5072083,106.3153705,24.19183786,276048,0.05
resource_constrained,hoeffding,seg-flat|patch+3|det1|iso1|bak-periodic|idm1,seg-flat|patch+0|det0|iso0|bak-connected|idm0,131.7680417,106.3153705,25.45267119,276048,0.05
resource_constrained,hoeffding,seg-least_privilege|patch+0|det0|iso0|bak-connected|idm0,seg-flat|patch+0|det0|iso0|bak-connected|idm0,31.17075,106.3153705,-75.14462048,276048,0.05
resource_constrained,hoeffding,seg-least_privilege|patch+0|det0|iso0|bak-connected|idm1,seg-flat|patch+0|det0|iso0|bak-connected|idm0,34.72845833,106.3153705,-71.58691215,276048,0.05
resource_constrained,hoeffding,seg-least_privilege|patch+0|det0|iso0|bak-isolated|idm0,seg-flat|patch+0|det0|iso0|bak-connected|idm0,74.82979167,106.3153705,-31.48557881,276048,0.05
resource_constrained,hoeffding,seg-least_privilege|patch+0|det0|iso0|bak-isolated|idm1,seg-flat|patch+0|det0|iso0|bak-connected|idm0,77.73577083,106.3153705,-28.57959964,276048,0.05
resource_constrained,hoeffding,seg-least_privilege|patch+0|det0|iso0|bak-periodic|idm0,seg-flat|patch+0|det0|iso0|bak-connected|idm0,34.17845833,106.3153705,-72.13691214,276048,0.05
resource_constrained,hoeffding,seg-least_privilege|patch+0|det0|iso0|bak-periodic|idm1,seg-flat|patch+0|det0|iso0|bak-connected|idm0,37.79775,106.3153705,-68.51762048,276048,0.05
resource_constrained,hoeffding,seg-least_privilege|patch+0|det0|iso1|bak-connected|idm0,seg-flat|patch+0|det0|iso0|bak-connected|idm0,35.60683333,106.3153705,-70.70853714,276048,0.05
resource_constrained,hoeffding,seg-least_privilege|patch+0|det0|iso1|bak-connected|idm1,seg-flat|patch+0|det0|iso0|bak-connected|idm0,41.173625,106.3153705,-65.14174548,276048,0.05
resource_constrained,hoeffding,seg-least_privilege|patch+0|det0|iso1|bak-isolated|idm0,seg-flat|patch+0|det0|iso0|bak-connected|idm0,78.88445833,106.3153705,-27.43091214,276048,0.05
resource_constrained,hoeffding,seg-least_privilege|patch+0|det0|iso1|bak-isolated|idm1,seg-flat|patch+0|det0|iso0|bak-connected|idm0,83.44439583,106.3153705,-22.87097465,276048,0.05
resource_constrained,hoeffding,seg-least_privilege|patch+0|det0|iso1|bak-periodic|idm0,seg-flat|patch+0|det0|iso0|bak-connected|idm0,38.90108333,106.3153705,-67.41428714,276048,0.05
resource_constrained,hoeffding,seg-least_privilege|patch+0|det0|iso1|bak-periodic|idm1,seg-flat|patch+0|det0|iso0|bak-connected|idm0,44.27120833,106.3153705,-62.04416214,276048,0.05
resource_constrained,hoeffding,seg-least_privilege|patch+0|det1|iso0|bak-connected|idm0,seg-flat|patch+0|det0|iso0|bak-connected|idm0,152.1003958,106.3153705,45.78502536,276048,0.05
resource_constrained,hoeffding,seg-least_privilege|patch+0|det1|iso0|bak-connected|idm1,seg-flat|patch+0|det0|iso0|bak-connected|idm0,163.5619792,106.3153705,57.24660869,276048,0.05
resource_constrained,hoeffding,seg-least_privilege|patch+0|det1|iso0|bak-isolated|idm0,seg-flat|patch+0|det0|iso0|bak-connected|idm0,188.8243125,106.3153705,82.50894202,276048,0.05
resource_constrained,hoeffding,seg-least_privilege|patch+0|det1|iso0|bak-isolated|idm1,seg-flat|patch+0|det0|iso0|bak-connected|idm0,198.2932708,106.3153705,91.97790036,276048,0.05
resource_constrained,hoeffding,seg-least_privilege|patch+0|det1|iso0|bak-periodic|idm0,seg-flat|patch+0|det0|iso0|bak-connected|idm0,158.4233333,106.3153705,52.10796286,276048,0.05
resource_constrained,hoeffding,seg-least_privilege|patch+0|det1|iso0|bak-periodic|idm1,seg-flat|patch+0|det0|iso0|bak-connected|idm0,169.6932292,106.3153705,63.37785869,276048,0.05
resource_constrained,hoeffding,seg-least_privilege|patch+0|det1|iso1|bak-connected|idm0,seg-flat|patch+0|det0|iso0|bak-connected|idm0,159.5804792,106.3153705,53.26510869,276048,0.05
resource_constrained,hoeffding,seg-least_privilege|patch+0|det1|iso1|bak-connected|idm1,seg-flat|patch+0|det0|iso0|bak-connected|idm0,173.863625,106.3153705,67.54825452,276048,0.05
resource_constrained,hoeffding,seg-least_privilege|patch+0|det1|iso1|bak-isolated|idm0,seg-flat|patch+0|det0|iso0|bak-connected|idm0,194.5113958,106.3153705,88.19602536,276048,0.05
resource_constrained,hoeffding,seg-least_privilege|patch+0|det1|iso1|bak-isolated|idm1,seg-flat|patch+0|det0|iso0|bak-connected|idm0,206.5737708,106.3153705,100.2584004,276048,0.05
resource_constrained,hoeffding,seg-least_privilege|patch+0|det1|iso1|bak-periodic|idm0,seg-flat|patch+0|det0|iso0|bak-connected|idm0,166.1809375,106.3153705,59.86556702,276048,0.05
resource_constrained,hoeffding,seg-least_privilege|patch+0|det1|iso1|bak-periodic|idm1,seg-flat|patch+0|det0|iso0|bak-connected|idm0,180.4508125,106.3153705,74.13544202,276048,0.05
resource_constrained,hoeffding,seg-least_privilege|patch+1|det0|iso0|bak-connected|idm0,seg-flat|patch+0|det0|iso0|bak-connected|idm0,42.3729375,106.3153705,-63.94243298,276048,0.05
resource_constrained,hoeffding,seg-least_privilege|patch+1|det0|iso0|bak-connected|idm1,seg-flat|patch+0|det0|iso0|bak-connected|idm0,49.744,106.3153705,-56.57137048,276048,0.05
resource_constrained,hoeffding,seg-least_privilege|patch+1|det0|iso0|bak-isolated|idm0,seg-flat|patch+0|det0|iso0|bak-connected|idm0,81.96720833,106.3153705,-24.34816215,276048,0.05
resource_constrained,hoeffding,seg-least_privilege|patch+1|det0|iso0|bak-isolated|idm1,seg-flat|patch+0|det0|iso0|bak-connected|idm0,88.16566666,106.3153705,-18.14970381,276048,0.05
resource_constrained,hoeffding,seg-least_privilege|patch+1|det0|iso0|bak-periodic|idm0,seg-flat|patch+0|det0|iso0|bak-connected|idm0,46.61581249,106.3153705,-59.69955798,276048,0.05
resource_constrained,hoeffding,seg-least_privilege|patch+1|det0|iso0|bak-periodic|idm1,seg-flat|patch+0|det0|iso0|bak-connected|idm0,54.49591666,106.3153705,-51.81945381,276048,0.05
resource_constrained,hoeffding,seg-least_privilege|patch+1|det0|iso1|bak-connected|idm0,seg-flat|patch+0|det0|iso0|bak-connected|idm0,46.85964583,106.3153705,-59.45572464,276048,0.05
resource_constrained,hoeffding,seg-least_privilege|patch+1|det0|iso1|bak-connected|idm1,seg-flat|patch+0|det0|iso0|bak-connected|idm0,54.7913125,106.3153705,-51.52405798,276048,0.05
resource_constrained,hoeffding,seg-least_privilege|patch+1|det0|iso1|bak-isolated|idm0,seg-flat|patch+0|det0|iso0|bak-connected|idm0,85.71383333,106.3153705,-20.60153715,276048,0.05
resource_constrained,hoeffding,seg-least_privilege|patch+1|det0|iso1|bak-isolated|idm1,seg-flat|patch+0|det0|iso0|bak-connected|idm0,92.3190625,106.3153705,-13.99630798,276048,0.05
resource_constrained,hoeffding,seg-least_privilege|patch+1|det0|iso1|bak-periodic|idm0,seg-flat|patch+0|det0|iso0|bak-connected|idm0,51.61027083,106.3153705,-54.70509965,276048,0.05
resource_constrained,hoeffding,seg-least_privilege|patch+1|det0|iso1|bak-periodic|idm1,seg-flat|patch+0|det0|iso0|bak-connected|idm0,59.995375,106.3153705,-46.31999548,276048,0.05
resource_constrained,hoeffding,seg-least_privilege|patch+1|det1|iso0|bak-connected|idm0,seg-flat|patch+0|det0|iso0|bak-connected|idm0,166.1189792,106.3153705,59.80360869,276048,0.05
resource_constrained,hoeffding,seg-least_privilege|patch+1|det1|iso0|bak-connected|idm1,seg-flat|patch+0|det0|iso0|bak-connected|idm0,181.3468542,106.3153705,75.03148369,276048,0.05
resource_constrained,hoeffding,seg-least_privilege|patch+1|det1|iso0|bak-isolated|idm0,seg-flat|patch+0|det0|iso0|bak-connected|idm0,196.8521667,106.3153705,90.53679619,276048,0.05
resource_constrained,hoeffding,seg-least_privilege|patch+1|det1|iso0|bak-isolated|idm1,seg-flat|patch+0|det0|iso0|bak-connected|idm0,209.467125,106.3153705,103.1517545,276048,0.05
resource_constrained,hoeffding,seg-least_privilege|patch+1|det1|iso0|bak-periodic|idm0,seg-flat|patch+0|det0|iso0|bak-connected|idm0,172.9480208,106.3153705,66.63265036,276048,0.05
resource_constrained,hoeffding,seg-least_privilege|patch+1|det1|iso0|bak-periodic|idm1,seg-flat|patch+0|det0|iso0|bak-connected|idm0,188.116,106.3153705,81.80062952,276048,0.05
resource_constrained,hoeffding,seg-least_privilege|patch+1|det1|iso1|bak-connected|idm0,seg-flat|patch+0|det0|iso0|bak-connected|idm0,176.6897292,106.3153705,70.37435869,276048,0.05
resource_constrained,hoeffding,seg-least_privilege|patch+1|det1|iso1|bak-connected|idm1,seg-flat|patch+0|det0|iso0|bak-connected|idm0,193.5171875,106.3153705,87.20181702,276048,0.05
resource_constrained,hoeffding,seg-least_privilege|patch+1|det1|iso1|bak-isolated|idm0,seg-flat|patch+0|det0|iso0|bak-connected|idm0,204.5942917,106.3153705,98.27892119,276048,0.05
resource_constrained,hoeffding,seg-least_privilege|patch+1|det1|iso1|bak-isolated|idm1,seg-flat|patch+0|det0|iso0|bak-connected|idm0,218.878625,106.3153705,112.5632545,276048,0.05
resource_constrained,hoeffding,seg-least_privilege|patch+1|det1|iso1|bak-periodic|idm0,seg-flat|patch+0|det0|iso0|bak-connected|idm0,183.1652083,106.3153705,76.84983786,276048,0.05
resource_constrained,hoeffding,seg-least_privilege|patch+1|det1|iso1|bak-periodic|idm1,seg-flat|patch+0|det0|iso0|bak-connected|idm0,199.1926667,106.3153705,92.87729619,276048,0.05
resource_constrained,hoeffding,seg-least_privilege|patch+2|det0|iso0|bak-connected|idm0,seg-flat|patch+0|det0|iso0|bak-connected|idm0,67.82308334,106.3153705,-38.49228714,276048,0.05
resource_constrained,hoeffding,seg-least_privilege|patch+2|det0|iso0|bak-connected|idm1,seg-flat|patch+0|det0|iso0|bak-connected|idm0,74.79239583,106.3153705,-31.52297464,276048,0.05
resource_constrained,hoeffding,seg-least_privilege|patch+2|det0|iso0|bak-isolated|idm0,seg-flat|patch+0|det0|iso0|bak-connected|idm0,101.0367708,106.3153705,-5.27859964,276048,0.05
resource_constrained,hoeffding,seg-least_privilege|patch+2|det0|iso0|bak-isolated|idm1,seg-flat|patch+0|det0|iso0|bak-connected|idm0,107.0451458,106.3153705,0.7297753565,276048,0.05
resource_constrained,hoeffding,seg-least_privilege|patch+2|det0|iso0|bak-periodic|idm0,seg-flat|patch+0|det0|iso0|bak-connected|idm0,72.54410417,106.3153705,-33.77126631,276048,0.05
resource_constrained,hoeffding,seg-least_privilege|patch+2|det0|iso0|bak-periodic|idm1,seg-flat|patch+0|det0|iso0|bak-connected|idm0,79.97558333,106.3153705,-26.33978714,276048,0.05
resource_constrained,hoeffding,seg-least_privilege|patch+2|det0|iso1|bak-connected|idm0,seg-flat|patch+0|det0|iso0|bak-connected|idm0,71.23245833,106.3153705,-35.08291214,276048,0.05
resource_constrained,hoeffding,seg-least_privilege|patch+2|det0|iso1|bak-connected|idm1,seg-flat|patch+0|det0|iso0|bak-connected|idm0,78.6546875,106.3153705,-27.66068298,276048,0.05
resource_constrained,hoeffding,seg-least_privilege|patch+2|det0|iso1|bak-isolated|idm0,seg-flat|patch+0|det0|iso0|bak-connected|idm0,104.0535833,106.3153705,-2.261787141,276048,0.05
resource_constrained,hoeffding,seg-least_privilege|patch+2|det0|iso1|bak-isolated|idm1,seg-flat|patch+0|det0|iso0|bak-connected|idm0,110.1175,106.3153705,3.802129522,276048,0.05
resource_constrained,hoeffding,seg-least_privilege|patch+2|det0|iso1|bak-periodic|idm0,seg-flat|patch+0|det0|iso0|bak-connected|idm0,76.63954167,106.3153705,-29.67582881,276048,0.05
resource_constrained,hoeffding,seg-least_privilege|patch+2|det0|iso1|bak-periodic|idm1,seg-flat|patch+0|det0|iso0|bak-connected|idm0,84.258625,106.3153705,-22.05674548,276048,0.05
resource_constrained,hoeffding,seg-least_privilege|patch+2|det1|iso0|bak-connected|idm0,seg-flat|patch+0|det0|iso0|bak-connected|idm0,187.6513333,106.3153705,81.33596286,276048,0.05
resource_constrained,hoeffding,seg-least_privilege|patch+2|det1|iso0|bak-connected|idm1,seg-flat|patch+0|det0|iso0|bak-connected|idm0,204.9384375,106.3153705,98.62306702,276048,0.05
resource_constrained,hoeffding,seg-least_privilege|patch+2|det1|iso0|bak-isolated|idm0,seg-flat|patch+0|det0|iso0|bak-connected|idm0,210.4075625,106.3153705,104.092192,276048,0.05
resource_constrained,hoeffding,seg-least_privilege|patch+2|det1|iso0|bak-isolated|idm1,seg-flat|patch+0|det0|iso0|bak-connected|idm0,225.4011042,106.3153705,119.0857337,276048,0.05
resource_constrained,hoeffding,seg-least_privilege|patch+2|det1|iso0|bak-periodic|idm0,seg-flat|patch+0|det0|iso0|bak-connected|idm0,192.9658125,106.3153705,86.65044202,276048,0.05
resource_constrained,hoeffding,seg-least_privilege|patch+2|det1|iso0|bak-periodic|idm1,seg-flat|patch+0|det0|iso0|bak-connected|idm0,210.2940417,106.3153705,103.9786712,276048,0.05
resource_constrained,hoeffding,seg-least_privilege|patch+2|det1|iso1|bak-connected|idm0,seg-flat|patch+0|det0|iso0|bak-connected|idm0,195.5864167,106.3153705,89.27104619,276048,0.05
resource_constrained,hoeffding,seg-least_privilege|patch+2|det1|iso1|bak-connected|idm1,seg-flat|patch+0|det0|iso0|bak-connected|idm0,216.0350625,106.3153705,109.719692,276048,0.05
resource_constrained,hoeffding,seg-least_privilege|patch+2|det1|iso1|bak-isolated|idm0,seg-flat|patch+0|det0|iso0|bak-connected|idm0,216.8216042,106.3153705,110.5062337,276048,0.05
resource_constrained,hoeffding,seg-least_privilege|patch+2|det1|iso1|bak-isolated|idm1,seg-flat|patch+0|det0|iso0|bak-connected|idm0,234.2531667,106.3153705,127.9377962,276048,0.05
resource_constrained,hoeffding,seg-least_privilege|patch+2|det1|iso1|bak-periodic|idm0,seg-flat|patch+0|det0|iso0|bak-connected|idm0,201.1311458,106.3153705,94.81577536,276048,0.05
resource_constrained,hoeffding,seg-least_privilege|patch+2|det1|iso1|bak-periodic|idm1,seg-flat|patch+0|det0|iso0|bak-connected|idm0,221.1749167,106.3153705,114.8595462,276048,0.05
resource_constrained,hoeffding,seg-least_privilege|patch+3|det0|iso0|bak-connected|idm0,seg-flat|patch+0|det0|iso0|bak-connected|idm0,77.11704167,106.3153705,-29.19832881,276048,0.05
resource_constrained,hoeffding,seg-least_privilege|patch+3|det0|iso0|bak-connected|idm1,seg-flat|patch+0|det0|iso0|bak-connected|idm0,89.105125,106.3153705,-17.21024548,276048,0.05
resource_constrained,hoeffding,seg-least_privilege|patch+3|det0|iso0|bak-isolated|idm0,seg-flat|patch+0|det0|iso0|bak-connected|idm0,107.0471667,106.3153705,0.7317961909,276048,0.05
resource_constrained,hoeffding,seg-least_privilege|patch+3|det0|iso0|bak-isolated|idm1,seg-flat|patch+0|det0|iso0|bak-connected|idm0,117.6731667,106.3153705,11.35779619,276048,0.05
resource_constrained,hoeffding,seg-least_privilege|patch+3|det0|iso0|bak-periodic|idm0,seg-flat|patch+0|det0|iso0|bak-connected|idm0,83.36933333,106.3153705,-22.94603714,276048,0.05
resource_constrained,hoeffding,seg-least_privilege|patch+3|det0|iso0|bak-periodic|idm1,seg-flat|patch+0|det0|iso0|bak-connected|idm0,95.097875,106.3153705,-11.21749548,276048,0.05
resource_constrained,hoeffding,seg-least_privilege|patch+3|det0|iso1|bak-connected|idm0,seg-flat|patch+0|det0|iso0|bak-connected|idm0,79.8948125,106.3153705,-26.42055798,276048,0.05
resource_constrained,hoeffding,seg-least_privilege|patch+3|det0|iso1|bak-connected|idm1,seg-flat|patch+0|det0|iso0|bak-connected|idm0,93.0898125,106.3153705,-13.22555798,276048,0.05
resource_constrained,hoeffding,seg-least_privilege|patch+3|det0|iso1|bak-isolated|idm0,seg-flat|patch+0|det0|iso0|bak-connected|idm0,108.968375,106.3153705,2.653004524,276048,0.05
resource_constrained,hoeffding,seg-least_privilege|patch+3|det0|iso1|bak-isolated|idm1,seg-flat|patch+0|det0|iso0|bak-connected|idm0,120.7329167,106.3153705,14.41754619,276048,0.05
resource_constrained,hoeffding,seg-least_privilege|patch+3|det0|iso1|bak-periodic|idm0,seg-flat|patch+0|det0|iso0|bak-connected|idm0,86.46354167,106.3153705,-19.85182881,276048,0.05
resource_constrained,hoeffding,seg-least_privilege|patch+3|det0|iso1|bak-periodic|idm1,seg-flat|patch+0|det0|iso0|bak-connected|idm0,99.99366666,106.3153705,-6.32170381,276048,0.05
resource_constrained,hoeffding,seg-least_privilege|patch+3|det1|iso0|bak-connected|idm0,seg-flat|patch+0|det0|iso0|bak-connected|idm0,200.9147917,106.3153705,94.59942119,276048,0.05
resource_constrained,hoeffding,seg-least_privilege|patch+3|det1|iso0|bak-connected|idm1,seg-flat|patch+0|det0|iso0|bak-connected|idm0,218.7895208,106.3153705,112.4741504,276048,0.05
resource_constrained,hoeffding,seg-least_privilege|patch+3|det1|iso0|bak-isolated|idm0,seg-flat|patch+0|det0|iso0|bak-connected|idm0,220.4064167,106.3153705,114.0910462,276048,0.05
resource_constrained,hoeffding,seg-least_privilege|patch+3|det1|iso0|bak-isolated|idm1,seg-flat|patch+0|det0|iso0|bak-connected|idm0,235.4812083,106.3153705,129.1658379,276048,0.05
resource_constrained,hoeffding,seg-least_privilege|patch+3|det1|iso0|bak-periodic|idm0,seg-flat|patch+0|det0|iso0|bak-connected|idm0,207.0292917,106.3153705,100.7139212,276048,0.05
resource_constrained,hoeffding,seg-least_privilege|patch+3|det1|iso0|bak-periodic|idm1,seg-flat|patch+0|det0|iso0|bak-connected|idm0,224.1776875,106.3153705,117.862317,276048,0.05
resource_constrained,hoeffding,seg-least_privilege|patch+3|det1|iso1|bak-connected|idm0,seg-flat|patch+0|det0|iso0|bak-connected|idm0,209.3968958,106.3153705,103.0815254,276048,0.05
resource_constrained,hoeffding,seg-least_privilege|patch+3|det1|iso1|bak-connected|idm1,seg-flat|patch+0|det0|iso0|bak-connected|idm0,229.9085,106.3153705,123.5931295,276048,0.05
resource_constrained,hoeffding,seg-least_privilege|patch+3|det1|iso1|bak-isolated|idm0,seg-flat|patch+0|det0|iso0|bak-connected|idm0,227.1685208,106.3153705,120.8531504,276048,0.05
resource_constrained,hoeffding,seg-least_privilege|patch+3|det1|iso1|bak-isolated|idm1,seg-flat|patch+0|det0|iso0|bak-connected|idm0,244.2685833,106.3153705,137.9532129,276048,0.05
resource_constrained,hoeffding,seg-least_privilege|patch+3|det1|iso1|bak-periodic|idm0,seg-flat|patch+0|det0|iso0|bak-connected|idm0,214.8255417,106.3153705,108.5101712,276048,0.05
resource_constrained,hoeffding,seg-least_privilege|patch+3|det1|iso1|bak-periodic|idm1,seg-flat|patch+0|det0|iso0|bak-connected|idm0,234.5018542,106.3153705,128.1864837,276048,0.05
resource_constrained,empirical_bernstein,seg-basic|patch+0|det0|iso0|bak-connected|idm0,seg-flat|patch+0|det0|iso0|bak-connected|idm0,8.10289583,88.64303645,-80.54014062,276048,0.05
resource_constrained,empirical_bernstein,seg-basic|patch+0|det0|iso0|bak-connected|idm1,seg-flat|patch+0|det0|iso0|bak-connected|idm0,11.88916667,89.62654913,-77.73738246,276048,0.05
resource_constrained,empirical_bernstein,seg-basic|patch+0|det0|iso0|bak-isolated|idm0,seg-flat|patch+0|det0|iso0|bak-connected|idm0,55.837,88.52336583,-32.68636583,276048,0.05
resource_constrained,empirical_bernstein,seg-basic|patch+0|det0|iso0|bak-isolated|idm1,seg-flat|patch+0|det0|iso0|bak-connected|idm0,59.1069375,89.31448861,-30.20755111,276048,0.05
resource_constrained,empirical_bernstein,seg-basic|patch+0|det0|iso0|bak-periodic|idm0,seg-flat|patch+0|det0|iso0|bak-connected|idm0,8.853854164,88.67460659,-79.82075243,276048,0.05
resource_constrained,empirical_bernstein,seg-basic|patch+0|det0|iso0|bak-periodic|idm1,seg-flat|patch+0|det0|iso0|bak-connected|idm0,12.68452083,89.65904955,-76.97452872,276048,0.05
resource_constrained,empirical_bernstein,seg-basic|patch+0|det0|iso1|bak-connected|idm0,seg-flat|patch+0|det0|iso0|bak-connected|idm0,12.13922916,91.94467009,-79.80544092,276048,0.05
resource_constrained,empirical_bernstein,seg-basic|patch+0|det0|iso1|bak-connected|idm1,seg-flat|patch+0|det0|iso0|bak-connected|idm0,16.93960416,93.14800047,-76.20839631,276048,0.05
resource_constrained,empirical_bernstein,seg-basic|patch+0|det0|iso1|bak-isolated|idm0,seg-flat|patch+0|det0|iso0|bak-connected|idm0,59.09735416,91.15753701,-32.06018285,276048,0.05
resource_constrained,empirical_bernstein,seg-basic|patch+0|det0|iso1|bak-isolated|idm1,seg-flat|patch+0|det0|iso0|bak-connected|idm0,63.15260416,92.08184908,-28.92924492,276048,0.05
resource_constrained,empirical_bernstein,seg-basic|patch+0|det0|iso1|bak-periodic|idm0,seg-flat|patch+0|det0|iso0|bak-connected|idm0,12.88175,91.95986232,-79.07811233,276048,0.05
resource_constrained,empirical_bernstein,seg-basic|patch+0|det0|iso1|bak-periodic|idm1,seg-flat|patch+0|det0|iso0|bak-connected|idm0,17.70770833,93.16365074,-75.45594241,276048,0.05
resource_constrained,empirical_bernstein,seg-basic|patch+0|det1|iso0|bak-connected|idm0,seg-flat|patch+0|det0|iso0|bak-connected|idm0,121.5496667,94.6215125,26.92815416,276048,0.05
resource_constrained,empirical_bernstein,seg-basic|patch+0|det1|iso0|bak-connected|idm1,seg-flat|patch+0|det0|iso0|bak-connected|idm0,125.8946875,95.32809617,30.56659133,276048,0.05
resource_constrained,empirical_bernstein,seg-basic|patch+0|det1|iso0|bak-isolated|idm0,seg-flat|patch+0|det0|iso0|bak-connected|idm0,167.5667292,93.19134675,74.37538242,276048,0.05
resource_constrained,empirical_bernstein,seg-basic|patch+0|det1|iso0|bak-isolated|idm1,seg-flat|patch+0|det0|iso0|bak-connected|idm0,171.0726042,93.52209273,77.55051144,276048,0.05
resource_constrained,empirical_bernstein,seg-basic|patch+0|det1|iso0|bak-periodic|idm0,seg-flat|patch+0|det0|iso0|bak-connected|idm0,123.2035833,94.55176575,28.65181758,276048,0.05
resource_constrained,empirical_bernstein,seg-basic|patch+0|det1|iso0|bak-periodic|idm1,seg-flat|patch+0|det0|iso0|bak-connected|idm0,127.5801667,95.25457164,32.32559503,276048,0.05
resource_constrained,empirical_bernstein,seg-basic|patch+0|det1|iso1|bak-connected|idm0,seg-flat|patch+0|det0|iso0|bak-connected|idm0,125.8913958,95.91590072,29.97549511,276048,0.05
resource_constrained,empirical_bernstein,seg-basic|patch+0|det1|iso1|bak-connected|idm1,seg-flat|patch+0|det0|iso0|bak-connected|idm0,132.4905625,96.59781685,35.89274565,276048,0.05
resource_constrained,empirical_bernstein,seg-basic|patch+0|det1|iso1|bak-isolated|idm0,seg-flat|patch+0|det0|iso0|bak-connected|idm0,170.5395625,93.93433919,76.60522331,276048,0.05
resource_constrained,empirical_bernstein,seg-basic|patch+0|det1|iso1|bak-isolated|idm1,seg-flat|patch+0|det0|iso0|bak-connected|idm0,176.0677083,94.18696845,81.88073988,276048,0.05
resource_constrained,empirical_bernstein,seg-basic|patch+0|det1|iso1|bak-periodic|idm0,seg-flat|patch+0|det0|iso0|bak-connected|idm0,127.5895208,95.8216102,31.76791063,276048,0.05
resource_constrained,empirical_bernstein,seg-basic|patch+0|det1|iso1|bak-periodic|idm1,seg-flat|patch+0|det0|iso0|bak-connected|idm0,134.1662083,96.4989488,37.66725953,276048,0.05
resource_constrained,empirical_bernstein,seg-basic|patch+1|det0|iso0|bak-connected|idm0,seg-flat|patch+0|det0|iso0|bak-connected|idm0,11.16616666,93.61684434,-82.45067768,276048,0.05
resource_constrained,empirical_bernstein,seg-basic|patch+1|det0|iso0|bak-connected|idm1,seg-flat|patch+0|det0|iso0|bak-connected|idm0,14.4166875,94.1202168,-79.70352931,276048,0.05
resource_constrained,empirical_bernstein,seg-basic|patch+1|det0|iso0|bak-isolated|idm0,seg-flat|patch+0|det0|iso0|bak-connected|idm0,57.04122916,92.7140634,-35.67283424,276048,0.05
resource_constrained,empirical_bernstein,seg-basic|patch+1|det0|iso0|bak-isolated|idm1,seg-flat|patch+0|det0|iso0|bak-connected|idm0,59.83375,93.05421005,-33.22046005,276048,0.05
resource_constrained,empirical_bernstein,seg-basic|patch+1|det0|iso0|bak-periodic|idm0,seg-flat|patch+0|det0|iso0|bak-connected|idm0,12.67514583,93.57203957,-80.89689374,276048,0.05
resource_constrained,empirical_bernstein,seg-basic|patch+1|det0|iso0|bak-periodic|idm1,seg-flat|patch+0|det0|iso0|bak-connected|idm0,16.0070625,94.08348381,-78.07642131,276048,0.05
resource_constrained,empirical_bernstein,seg-basic|patch+1|det0|iso1|bak-connected|idm0,seg-flat|patch+0|det0|iso0|bak-connected|idm0,15.59977083,95.45052696,-79.85075613,276048,0.05
resource_constrained,empirical_bernstein,seg-basic|patch+1|det0|iso1|bak-connected|idm1,seg-flat|patch+0|det0|iso0|bak-connected|idm0,19.99125,96.25396148,-76.26271148,276048,0.05
resource_constrained,empirical_bernstein,seg-basic|patch+1|det0|iso1|bak-isolated|idm0,seg-flat|patch+0|det0|iso0|bak-connected|idm0,60.747375,94.11274308,-33.36536808,276048,0.05
resource_constrained,empirical_bernstein,seg-basic|patch+1|det0|iso1|bak-isolated|idm1,seg-flat|patch+0|det0|iso0|bak-connected|idm0,64.7043125,94.68566355,-29.98135105,276048,0.05
resource_constrained,empirical_bernstein,seg-basic|patch+1|det0|iso1|bak-periodic|idm0,seg-flat|patch+0|det0|iso0|bak-connected|idm0,17.12964583,95.38601202,-78.25636619,276048,0.05
resource_constrained,empirical_bernstein,seg-basic|patch+1|det0|iso1|bak-periodic|idm1,seg-flat|patch+0|det0|iso0|bak-connected|idm0,21.4664375,96.18470347,-74.71826598,276048,0.05
resource_constrained,empirical_bernstein,seg-basic|patch+1|det1|iso0|bak-connected|idm0,seg-flat|patch+0|det0|iso0|bak-connected|idm0,122.9395833,96.76565439,26.17392895,276048,0.05
resource_constrained,empirical_bernstein,seg-basic|patch+1|det1|iso0|bak-connected|idm1,seg-flat|patch+0|det0|iso0|bak-connected|idm0,128.0576875,97.85866101,30.19902649,276048,0.05
resource_constrained,empirical_bernstein,seg-basic|patch+1|det1|iso0|bak-isolated|idm0,seg-flat|patch+0|det0|iso0|bak-connected|idm0,166.1487917,94.74080463,71.40798704,276048,0.05
resource_constrained,empirical_bernstein,seg-basic|patch+1|det1|iso0|bak-isolated|idm1,seg-flat|patch+0|det0|iso0|bak-connected|idm0,170.0185625,95.38690389,74.63165861,276048,0.05
resource_constrained,empirical_bernstein,seg-basic|patch+1|det1|iso0|bak-periodic|idm0,seg-flat|patch+0|det0|iso0|bak-connected|idm0,126.2190625,96.71412328,29.50493922,276048,0.05
resource_constrained,empirical_bernstein,seg-basic|patch+1|det1|iso0|bak-periodic|idm1,seg-flat|patch+0|det0|iso0|bak-connected|idm0,131.1440208,97.80801459,33.33600624,276048,0.05
resource_constrained,empirical_bernstein,seg-basic|patch+1|det1|iso1|bak-connected|idm0,seg-flat|patch+0|det0|iso0|bak-connected|idm0,128.9914792,98.03969791,30.95178126,276048,0.05
resource_constrained,empirical_bernstein,seg-basic|patch+1|det1|iso1|bak-connected|idm1,seg-flat|patch+0|det0|iso0|bak-connected|idm0,135.4365625,99.08134833,36.35521417,276048,0.05
resource_constrained,empirical_bernstein,seg-basic|patch+1|det1|iso1|bak-isolated|idm0,seg-flat|patch+0|det0|iso0|bak-connected|idm0,170.9188542,95.32617033,75.59268383,276048,0.05
resource_constrained,empirical_bernstein,seg-basic|patch+1|det1|iso1|bak-isolated|idm1,seg-flat|patch+0|det0|iso0|bak-connected|idm0,175.7516458,96.03657148,79.71507435,276048,0.05
resource_constrained,empirical_bernstein,seg-basic|patch+1|det1|iso1|bak-periodic|idm0,seg-flat|patch+0|det0|iso0|bak-connected|idm0,132.3446667,97.95578889,34.38887777,276048,0.05
resource_constrained,empirical_bernstein,seg-basic|patch+1|det1|iso1|bak-periodic|idm1,seg-flat|patch+0|det0|iso0|bak-connected|idm0,138.4001667,98.99870312,39.40146355,276048,0.05
resource_constrained,empirical_bernstein,seg-basic|patch+2|det0|iso0|bak-connected|idm0,seg-flat|patch+0|det0|iso0|bak-connected|idm0,23.18689583,100.3978549,-77.21095905,276048,0.05
resource_constrained,empirical_bernstein,seg-basic|patch+2|det0|iso0|bak-connected|idm1,seg-flat|patch+0|det0|iso0|bak-connected|idm0,28.2519375,101.0512958,-72.79935829,276048,0.05
resource_constrained,empirical_bernstein,seg-basic|patch+2|det0|iso0|bak-isolated|idm0,seg-flat|patch+0|det0|iso0|bak-connected|idm0,64.92214583,98.10139247,-33.17924664,276048,0.05
resource_constrained,empirical_bernstein,seg-basic|patch+2|det0|iso0|bak-isolated|idm1,seg-flat|patch+0|det0|iso0|bak-connected|idm0,69.31177083,98.6734001,-29.36162927,276048,0.05
resource_constrained,empirical_bernstein,seg-basic|patch+2|det0|iso0|bak-periodic|idm0,seg-flat|patch+0|det0|iso0|bak-connected|idm0,25.54939583,100.243313,-74.69391714,276048,0.05
resource_constrained,empirical_bernstein,seg-basic|patch+2|det0|iso0|bak-periodic|idm1,seg-flat|patch+0|det0|iso0|bak-connected|idm0,30.67152083,100.9275852,-70.25606433,276048,0.05
resource_constrained,empirical_bernstein,seg-basic|patch+2|det0|iso1|bak-connected|idm0,seg-flat|patch+0|det0|iso0|bak-connected|idm0,26.595125,101.6523419,-75.05721687,276048,0.05
resource_constrained,empirical_bernstein,seg-basic|patch+2|det0|iso1|bak-connected|idm1,seg-flat|patch+0|det0|iso0|bak-connected|idm0,32.40770833,102.5377257,-70.13001739,276048,0.05
resource_constrained,empirical_bernstein,seg-basic|patch+2|det0|iso1|bak-isolated|idm0,seg-flat|patch+0|det0|iso0|bak-connected|idm0,67.46964583,99.11365037,-31.64400454,276048,0.05
resource_constrained,empirical_bernstein,seg-basic|patch+2|det0|iso1|bak-isolated|idm1,seg-flat|patch+0|det0|iso0|bak-connected|idm0,72.69572916,99.87847715,-27.18274799,276048,0.05
resource_constrained,empirical_bernstein,seg-basic|patch+2|det0|iso1|bak-periodic|idm0,seg-flat|patch+0|det0|iso0|bak-connected|idm0,29.12810416,101.4717496,-72.34364543,276048,0.05
resource_constrained,empirical_bernstein,seg-basic|patch+2|det0|iso1|bak-periodic|idm1,seg-flat|patch+0|det0|iso0|bak-connected|idm0,34.82983333,102.3933142,-67.56348083,276048,0.05
resource_constrained,empirical_bernstein,seg-basic|patch+2|det1|iso0|bak-connected|idm0,seg-flat|patch+0|det0|iso0|bak-connected|idm0,133.5481667,100.2822494,33.26591728,276048,0.05
resource_constrained,empirical_bernstein,seg-basic|patch+2|det1|iso0|bak-connected|idm1,seg-flat|patch+0|det0|iso0|bak-connected|idm0,140.5184375,101.1649876,39.35344986,276048,0.05
resource_constrained,empirical_bernstein,seg-basic|patch+2|det1|iso0|bak-isolated|idm0,seg-flat|patch+0|det0|iso0|bak-connected|idm0,171.1300833,97.14635543,73.9837279,276048,0.05
resource_constrained,empirical_bernstein,seg-basic|patch+2|det1|iso0|bak-isolated|idm1,seg-flat|patch+0|det0|iso0|bak-connected|idm0,176.6087708,97.60823171,79.00053912,276048,0.05
resource_constrained,empirical_bernstein,seg-basic|patch+2|det1|iso0|bak-periodic|idm0,seg-flat|patch+0|det0|iso0|bak-connected|idm0,137.569125,99.983886,37.585239,276048,0.05
resource_constrained,empirical_bernstein,seg-basic|patch+2|det1|iso0|bak-periodic|idm1,seg-flat|patch+0|det0|iso0|bak-connected|idm0,144.2270625,100.7252028,43.50185972,276048,0.05
resource_constrained,empirical_bernstein,seg-basic|patch+2|det1|iso1|bak-connected|idm0,seg-flat|patch+0|det0|iso0|bak-connected|idm0,139.773,101.1188547,38.65414535,276048,0.05
resource_constrained,empirical_bernstein,seg-basic|patch+2|det1|iso1|bak-connected|idm1,seg-flat|patch+0|det0|iso0|bak-connected|idm0,148.1020833,102.0180208,46.08406256,276048,0.05
resource_constrained,empirical_bernstein,seg-basic|patch+2|det1|iso1|bak-isolated|idm0,seg-flat|patch+0|det0|iso0|bak-connected|idm0,175.8816458,97.57574859,78.30589724,276048,0.05
resource_constrained,empirical_bernstein,seg-basic|patch+2|det1|iso1|bak-isolated|idm1,seg-flat|patch+0|det0|iso0|bak-connected|idm0,182.0963958,98.26560589,83.83078994,276048,0.05
resource_constrained,empirical_bernstein,seg-basic|patch+2|det1|iso1|bak-periodic|idm0,seg-flat|patch+0|det0|iso0|bak-connected|idm0,144.237625,100.7589596,43.47866545,276048,0.05
resource_constrained,empirical_bernstein,seg-basic|patch+2|det1|iso1|bak-periodic|idm1,seg-flat|patch+0|det0|iso0|bak-connected|idm0,151.5682917,101.5810763,49.98721534,276048,0.05
resource_constrained,empirical_bernstein,seg-basic|patch+3|det0|iso0|bak-connected|idm0,seg-flat|patch+0|det0|iso0|bak-connected|idm0,29.05697916,101.9116264,-72.85464726,276048,0.05
resource_constrained,empirical_bernstein,seg-basic|patch+3|det0|iso0|bak-connected|idm1,seg-flat|patch+0|det0|iso0|bak-connected|idm0,33.83466666,102.5124808,-68.67781414,276048,0.05
resource_constrained,empirical_bernstein,seg-basic|patch+3|det0|iso0|bak-isolated|idm0,seg-flat|patch+0|det0|iso0|bak-connected|idm0,68.9129375,99.25866236,-30.34572486,276048,0.05
resource_constrained,empirical_bernstein,seg-basic|patch+3|det0|iso0|bak-isolated|idm1,seg-flat|patch+0|det0|iso0|bak-connected|idm0,72.64089583,99.74124285,-27.10034702,276048,0.05
resource_constrained,empirical_bernstein,seg-basic|patch+3|det0|iso0|bak-periodic|idm0,seg-flat|patch+0|det0|iso0|bak-connected|idm0,32.795875,101.7823958,-68.98652077,276048,0.05
resource_constrained,empirical_bernstein,seg-basic|patch+3|det0|iso0|bak-periodic|idm1,seg-flat|patch+0|det0|iso0|bak-connected|idm0,37.83641666,102.3425792,-64.50616256,276048,0.05
resource_constrained,empirical_bernstein,seg-basic|patch+3|det0|iso1|bak-connected|idm0,seg-flat|patch+0|det0|iso0|bak-connected|idm0,33.28872916,103.0075888,-69.71885967,276048,0.05
resource_constrained,empirical_bernstein,seg-basic|patch+3|det0|iso1|bak-connected|idm1,seg-flat|patch+0|det0|iso0|bak-connected|idm0,38.14660416,103.8516971,-65.70509297,276048,0.05
resource_constrained,empirical_bernstein,seg-basic|patch+3|det0|iso1|bak-isolated|idm0,seg-flat|patch+0|det0|iso0|bak-connected|idm0,72.2969375,100.1515284,-27.85459092,276048,0.05
resource_constrained,empirical_bernstein,seg-basic|patch+3|det0|iso1|bak-isolated|idm1,seg-flat|patch+0|det0|iso0|bak-connected|idm0,76.36264583,100.832768,-24.47012217,276048,0.05
resource_constrained,empirical_bernstein,seg-basic|patch+3|det0|iso1|bak-periodic|idm0,seg-flat|patch+0|det0|iso0|bak-connected|idm0,37.27958333,102.8822464,-65.60266307,276048,0.05
resource_constrained,empirical_bernstein,seg-basic|patch+3|det0|iso1|bak-periodic|idm1,seg-flat|patch+0|det0|iso0|bak-connected|idm0,42.30552083,103.7014463,-61.39592545,276048,0.05
resource_constrained,empirical_bernstein,seg-basic|patch+3|det1|iso0|bak-connected|idm0,seg-flat|patch+0|det0|iso0|bak-connected|idm0,141.9735417,102.3001862,39.67335543,276048,0.05
resource_constrained,empirical_bernstein,seg-basic|patch+3|det1|iso0|bak-connected|idm1,seg-flat|patch+0|det0|iso0|bak-connected|idm0,149.9612708,103.4178899,46.54338092,276048,0.05
resource_constrained,empirical_bernstein,seg-basic|patch+3|det1|iso0|bak-isolated|idm0,seg-flat|patch+0|det0|iso0|bak-connected|idm0,175.89,98.67050134,77.21949866,276048,0.05
resource_constrained,empirical_bernstein,seg-basic|patch+3|det1|iso0|bak-isolated|idm1,seg-flat|patch+0|det0|iso0|bak-connected|idm0,181.8367917,99.53995199,82.29683968,276048,0.05
resource_constrained,empirical_bernstein,seg-basic|patch+3|det1|iso0|bak-periodic|idm0,seg-flat|patch+0|det0|iso0|bak-connected|idm0,146.4912708,101.8127378,44.67853308,276048,0.05
resource_constrained,empirical_bernstein,seg-basic|patch+3|det1|iso0|bak-periodic|idm1,seg-flat|patch+0|det0|iso0|bak-connected|idm0,153.5935208,102.8916299,50.70189094,276048,0.05
resource_constrained,empirical_bernstein,seg-basic|patch+3|det1|iso1|bak-connected|idm0,seg-flat|patch+0|det0|iso0|bak-connected|idm0,150.946875,103.2445372,47.70233782,276048,0.05
resource_constrained,empirical_bernstein,seg-basic|patch+3|det1|iso1|bak-connected|idm1,seg-flat|patch+0|det0|iso0|bak-connected|idm0,158.0143333,104.8787514,53.13558191,276048,0.05
resource_constrained,empirical_bernstein,seg-basic|patch+3|det1|iso1|bak-isolated|idm0,seg-flat|patch+0|det0|iso0|bak-connected|idm0,183.27075,99.2099446,84.0608054,276048,0.05
resource_constrained,empirical_bernstein,seg-basic|patch+3|det1|iso1|bak-isolated|idm1,seg-flat|patch+0|det0|iso0|bak-connected|idm0,188.2469583,100.8361564,87.41080191,276048,0.05
resource_constrained,empirical_bernstein,seg-basic|patch+3|det1|iso1|bak-periodic|idm0,seg-flat|patch+0|det0|iso0|bak-connected|idm0,155.3698125,102.7248914,52.64492113,276048,0.05
resource_constrained,empirical_bernstein,seg-basic|patch+3|det1|iso1|bak-periodic|idm1,seg-flat|patch+0|det0|iso0|bak-connected|idm0,161.6749583,104.4410904,57.23386794,276048,0.05
resource_constrained,empirical_bernstein,seg-flat|patch+0|det0|iso0|bak-connected|idm1,seg-flat|patch+0|det0|iso0|bak-connected|idm0,0.5239374972,76.70366744,-76.17972994,276048,0.05
resource_constrained,empirical_bernstein,seg-flat|patch+0|det0|iso0|bak-isolated|idm0,seg-flat|patch+0|det0|iso0|bak-connected|idm0,51.67472917,79.93132817,-28.256599,276048,0.05
resource_constrained,empirical_bernstein,seg-flat|patch+0|det0|iso0|bak-isolated|idm1,seg-flat|patch+0|det0|iso0|bak-connected|idm0,51.81914583,80.98687837,-29.16773254,276048,0.05
resource_constrained,empirical_bernstein,seg-flat|patch+0|det0|iso0|bak-periodic|idm0,seg-flat|patch+0|det0|iso0|bak-connected|idm0,0.3531250008,72.75337501,-72.40025001,276048,0.05
resource_constrained,empirical_bernstein,seg-flat|patch+0|det0|iso0|bak-periodic|idm1,seg-flat|patch+0|det0|iso0|bak-connected|idm0,0.8494791652,76.73586785,-75.88638869,276048,0.05
resource_constrained,empirical_bernstein,seg-flat|patch+0|det0|iso1|bak-connected|idm0,seg-flat|patch+0|det0|iso0|bak-connected|idm0,3.515395833,81.44311739,-77.92772156,276048,0.05
resource_constrained,empirical_bernstein,seg-flat|patch+0|det0|iso1|bak-connected|idm1,seg-flat|patch+0|det0|iso0|bak-connected|idm0,4.037104164,82.40957926,-78.37247509,276048,0.05
resource_constrained,empirical_bernstein,seg-flat|patch+0|det0|iso1|bak-isolated|idm0,seg-flat|patch+0|det0|iso0|bak-connected|idm0,54.79522917,83.11368339,-28.31845422,276048,0.05
resource_constrained,empirical_bernstein,seg-flat|patch+0|det0|iso1|bak-isolated|idm1,seg-flat|patch+0|det0|iso0|bak-connected|idm0,55.5149375,84.51258495,-28.99764745,276048,0.05
resource_constrained,empirical_bernstein,seg-flat|patch+0|det0|iso1|bak-periodic|idm0,seg-flat|patch+0|det0|iso0|bak-connected|idm0,3.927083332,81.43335821,-77.50627488,276048,0.05
resource_constrained,empirical_bernstein,seg-flat|patch+0|det0|iso1|bak-periodic|idm1,seg-flat|patch+0|det0|iso0|bak-connected|idm0,5.223520831,83.42831062,-78.20478979,276048,0.05
resource_constrained,empirical_bernstein,seg-flat|patch+0|det1|iso0|bak-connected|idm0,seg-flat|patch+0|det0|iso0|bak-connected|idm0,114.4716875,90.17534448,24.29634301,276048,0.05
resource_constrained,empirical_bernstein,seg-flat|patch+0|det1|iso0|bak-connected|idm1,seg-flat|patch+0|det0|iso0|bak-connected|idm0,114.5006667,90.35704892,24.14361774,276048,0.05
resource_constrained,empirical_bernstein,seg-flat|patch+0|det1|iso0|bak-isolated|idm0,seg-flat|patch+0|det0|iso0|bak-connected|idm0,165.1404792,90.78865247,74.3518267,276048,0.05
resource_constrained,empirical_bernstein,seg-flat|patch+0|det1|iso0|bak-isolated|idm1,seg-flat|patch+0|det0|iso0|bak-connected|idm0,165.2757917,91.11956783,74.15622383,276048,0.05
resource_constrained,empirical_bernstein,seg-flat|patch+0|det1|iso0|bak-periodic|idm0,seg-flat|patch+0|det0|iso0|bak-connected|idm0,114.5343125,90.18677442,24.34753807,276048,0.05
resource_constrained,empirical_bernstein,seg-flat|patch+0|det1|iso0|bak-periodic|idm1,seg-flat|patch+0|det0|iso0|bak-connected|idm0,115.1647708,90.38061569,24.78415514,276048,0.05
resource_constrained,empirical_bernstein,seg-flat|patch+0|det1|iso1|bak-connected|idm0,seg-flat|patch+0|det0|iso0|bak-connected|idm0,117.4507292,91.32618089,26.12454827,276048,0.05
resource_constrained,empirical_bernstein,seg-flat|patch+0|det1|iso1|bak-connected|idm1,seg-flat|patch+0|det0|iso0|bak-connected|idm0,117.4378958,91.47219461,25.96570122,276048,0.05
resource_constrained,empirical_bernstein,seg-flat|patch+0|det1|iso1|bak-isolated|idm0,seg-flat|patch+0|det0|iso0|bak-connected|idm0,167.7840417,91.62923907,76.15480259,276048,0.05
resource_constrained,empirical_bernstein,seg-flat|patch+0|det1|iso1|bak-isolated|idm1,seg-flat|patch+0|det0|iso0|bak-connected|idm0,168.169375,92.05375844,76.11561656,276048,0.05
resource_constrained,empirical_bernstein,seg-flat|patch+0|det1|iso1|bak-periodic|idm0,seg-flat|patch+0|det0|iso0|bak-connected|idm0,118.1592292,91.6391433,26.52008587,276048,0.05
resource_constrained,empirical_bernstein,seg-flat|patch+0|det1|iso1|bak-periodic|idm1,seg-flat|patch+0|det0|iso0|bak-connected|idm0,119.2313958,91.99764956,27.23374628,276048,0.05
resource_constrained,empirical_bernstein,seg-flat|patch+1|det0|iso0|bak-connected|idm0,seg-flat|patch+0|det0|iso0|bak-connected|idm0,1.084499998,80.83668394,-79.75218394,276048,0.05
resource_constrained,empirical_bernstein,seg-flat|patch+1|det0|iso0|bak-connected|idm1,seg-flat|patch+0|det0|iso0|bak-connected|idm0,2.080583329,81.75770473,-79.6771214,276048,0.05
resource_constrained,empirical_bernstein,seg-flat|patch+1|det0|iso0|bak-isolated|idm0,seg-flat|patch+0|det0|iso0|bak-connected|idm0,53.01652083,83.88671255,-30.87019172,276048,0.05
resource_constrained,empirical_bernstein,seg-flat|patch+1|det0|iso0|bak-isolated|idm1,seg-flat|patch+0|det0|iso0|bak-connected|idm0,53.86941666,84.84184419,-30.97242752,276048,0.05
resource_constrained,empirical_bernstein,seg-flat|patch+1|det0|iso0|bak-periodic|idm0,seg-flat|patch+0|det0|iso0|bak-connected|idm0,2.104270832,82.10759912,-80.00332828,276048,0.05
resource_constrained,empirical_bernstein,seg-flat|patch+1|det0|iso0|bak-periodic|idm1,seg-flat|patch+0|det0|iso0|bak-connected|idm0,2.992895831,83.03241972,-80.03952389,276048,0.05
resource_constrained,empirical_bernstein,seg-flat|patch+1|det0|iso1|bak-connected|idm0,seg-flat|patch+0|det0|iso0|bak-connected|idm0,5.503645832,85.6212917,-80.11764586,276048,0.05
resource_constrained,empirical_bernstein,seg-flat|patch+1|det0|iso1|bak-connected|idm1,seg-flat|patch+0|det0|iso0|bak-connected|idm0,6.500624997,86.20669446,-79.70606946,276048,0.05
resource_constrained,empirical_bernstein,seg-flat|patch+1|det0|iso1|bak-isolated|idm0,seg-flat|patch+0|det0|iso0|bak-connected|idm0,56.74739583,86.72113944,-29.9737436,276048,0.05
resource_constrained,empirical_bernstein,seg-flat|patch+1|det0|iso1|bak-isolated|idm1,seg-flat|patch+0|det0|iso0|bak-connected|idm0,58.20064583,87.97171046,-29.77106463,276048,0.05
resource_constrained,empirical_bernstein,seg-flat|patch+1|det0|iso1|bak-periodic|idm0,seg-flat|patch+0|det0|iso0|bak-connected|idm0,6.562624998,86.43863463,-79.87600963,276048,0.05
resource_constrained,empirical_bernstein,seg-flat|patch+1|det0|iso1|bak-periodic|idm1,seg-flat|patch+0|det0|iso0|bak-connected|idm0,8.180187498,87.78233692,-79.60214942,276048,0.05
resource_constrained,empirical_bernstein,seg-flat|patch+1|det1|iso0|bak-connected|idm0,seg-flat|patch+0|det0|iso0|bak-connected|idm0,116.570375,91.19562996,25.37474504,276048,0.05
resource_constrained,empirical_bernstein,seg-flat|patch+1|det1|iso0|bak-connected|idm1,seg-flat|patch+0|det0|iso0|bak-connected|idm0,116.6032083,91.40721549,25.19599284,276048,0.05
resource_constrained,empirical_bernstein,seg-flat|patch+1|det1|iso0|bak-isolated|idm0,seg-flat|patch+0|det0|iso0|bak-connected|idm0,166.5299583,91.36899168,75.16096666,276048,0.05
resource_constrained,empirical_bernstein,seg-flat|patch+1|det1|iso0|bak-isolated|idm1,seg-flat|patch+0|det0|iso0|bak-connected|idm0,167.2713125,91.59013116,75.68118134,276048,0.05
resource_constrained,empirical_bernstein,seg-flat|patch+1|det1|iso0|bak-periodic|idm0,seg-flat|patch+0|det0|iso0|bak-connected|idm0,116.9111875,91.1691605,25.742027,276048,0.05
resource_constrained,empirical_bernstein,seg-flat|patch+1|det1|iso0|bak-periodic|idm1,seg-flat|patch+0|det0|iso0|bak-connected|idm0,117.8852083,91.39991231,26.48529602,276048,0.05
resource_constrained,empirical_bernstein,seg-flat|patch+1|det1|iso1|bak-connected|idm0,seg-flat|patch+0|det0|iso0|bak-connected|idm0,118.919875,92.42578309,26.49409191,276048,0.05
resource_constrained,empirical_bernstein,seg-flat|patch+1|det1|iso1|bak-connected|idm1,seg-flat|patch+0|det0|iso0|bak-connected|idm0,119.0127917,92.44800545,26.56478621,276048,0.05
resource_constrained,empirical_bernstein,seg-flat|patch+1|det1|iso1|bak-isolated|idm0,seg-flat|patch+0|det0|iso0|bak-connected|idm0,168.7597083,92.2788765,76.48083183,276048,0.05
resource_constrained,empirical_bernstein,seg-flat|patch+1|det1|iso1|bak-isolated|idm1,seg-flat|patch+0|det0|iso0|bak-connected|idm0,169.9081042,92.4914007,77.41670346,276048,0.05
resource_constrained,empirical_bernstein,seg-flat|patch+1|det1|iso1|bak-periodic|idm0,seg-flat|patch+0|det0|iso0|bak-connected|idm0,119.8385417,92.69660105,27.14194061,276048,0.05
resource_constrained,empirical_bernstein,seg-flat|patch+1|det1|iso1|bak-periodic|idm1,seg-flat|patch+0|det0|iso0|bak-connected|idm0,121.4038333,92.93615617,28.46767716,276048,0.05
resource_constrained,empirical_bernstein,seg-flat|patch+2|det0|iso0|bak-connected|idm0,seg-flat|patch+0|det0|iso0|bak-connected|idm0,7.322062498,88.17513693,-80.85307443,276048,0.05
resource_constrained,empirical_bernstein,seg-flat|patch+2|det0|iso0|bak-connected|idm1,seg-flat|patch+0|det0|iso0|bak-connected|idm0,8.309833332,88.75303999,-80.44320665,276048,0.05
resource_constrained,empirical_bernstein,seg-flat|patch+2|det0|iso0|bak-isolated|idm0,seg-flat|patch+0|det0|iso0|bak-connected|idm0,57.77925,88.61340175,-30.83415175,276048,0.05
resource_constrained,empirical_bernstein,seg-flat|patch+2|det0|iso0|bak-isolated|idm1,seg-flat|patch+0|det0|iso0|bak-connected|idm0,58.98270833,89.27229719,-30.28958885,276048,0.05
resource_constrained,empirical_bernstein,seg-flat|patch+2|det0|iso0|bak-periodic|idm0,seg-flat|patch+0|det0|iso0|bak-connected|idm0,8.448416666,88.86562423,-80.41720757,276048,0.05
resource_constrained,empirical_bernstein,seg-flat|patch+2|det0|iso0|bak-periodic|idm1,seg-flat|patch+0|det0|iso0|bak-connected|idm0,10.35502083,89.67369981,-79.31867897,276048,0.05
resource_constrained,empirical_bernstein,seg-flat|patch+2|det0|iso1|bak-connected|idm0,seg-flat|patch+0|det0|iso0|bak-connected|idm0,12.59127083,91.54247622,-78.95120539,276048,0.05
resource_constrained,empirical_bernstein,seg-flat|patch+2|det0|iso1|bak-connected|idm1,seg-flat|patch+0|det0|iso0|bak-connected|idm0,13.52222916,92.02120173,-78.49897257,276048,0.05
resource_constrained,empirical_bernstein,seg-flat|patch+2|det0|iso1|bak-isolated|idm0,seg-flat|patch+0|det0|iso0|bak-connected|idm0,62.70070833,91.44991865,-28.74921031,276048,0.05
resource_constrained,empirical_bernstein,seg-flat|patch+2|det0|iso1|bak-isolated|idm1,seg-flat|patch+0|det0|iso0|bak-connected|idm0,64.53864583,92.3734201,-27.83477427,276048,0.05
resource_constrained,empirical_bernstein,seg-flat|patch+2|det0|iso1|bak-periodic|idm0,seg-flat|patch+0|det0|iso0|bak-connected|idm0,13.63347916,92.07410725,-78.44062808,276048,0.05
resource_constrained,empirical_bernstein,seg-flat|patch+2|det0|iso1|bak-periodic|idm1,seg-flat|patch+0|det0|iso0|bak-connected|idm0,16.3705625,93.2407396,-76.8701771,276048,0.05
resource_constrained,empirical_bernstein,seg-flat|patch+2|det1|iso0|bak-connected|idm0,seg-flat|patch+0|det0|iso0|bak-connected|idm0,121.349625,93.22417005,28.12545494,276048,0.05
resource_constrained,empirical_bernstein,seg-flat|patch+2|det1|iso0|bak-connected|idm1,seg-flat|patch+0|det0|iso0|bak-connected|idm0,121.4866667,93.322877,28.16378967,276048,0.05
resource_constrained,empirical_bernstein,seg-flat|patch+2|det1|iso0|bak-isolated|idm0,seg-flat|patch+0|det0|iso0|bak-connected|idm0,169.8229583,92.33647329,77.48648504,276048,0.05
resource_constrained,empirical_bernstein,seg-flat|patch+2|det1|iso0|bak-isolated|idm1,seg-flat|patch+0|det0|iso0|bak-connected|idm0,169.2346458,92.64051874,76.59412709,276048,0.05
resource_constrained,empirical_bernstein,seg-flat|patch+2|det1|iso0|bak-periodic|idm0,seg-flat|patch+0|det0|iso0|bak-connected|idm0,121.4942292,93.30863944,28.18558972,276048,0.05
resource_constrained,empirical_bernstein,seg-flat|patch+2|det1|iso0|bak-periodic|idm1,seg-flat|patch+0|det0|iso0|bak-connected|idm0,122.0375208,93.45419308,28.58332775,276048,0.05
resource_constrained,empirical_bernstein,seg-flat|patch+2|det1|iso1|bak-connected|idm0,seg-flat|patch+0|det0|iso0|bak-connected|idm0,124.2051667,94.52100213,29.68416454,276048,0.05
resource_constrained,empirical_bernstein,seg-flat|patch+2|det1|iso1|bak-connected|idm1,seg-flat|patch+0|det0|iso0|bak-connected|idm0,124.1265625,94.50017268,29.62638982,276048,0.05
resource_constrained,empirical_bernstein,seg-flat|patch+2|det1|iso1|bak-isolated|idm0,seg-flat|patch+0|det0|iso0|bak-connected|idm0,172.5818125,93.46055413,79.12125837,276048,0.05
resource_constrained,empirical_bernstein,seg-flat|patch+2|det1|iso1|bak-isolated|idm1,seg-flat|patch+0|det0|iso0|bak-connected|idm0,172.6076667,93.68112925,78.92653741,276048,0.05
resource_constrained,empirical_bernstein,seg-flat|patch+2|det1|iso1|bak-periodic|idm0,seg-flat|patch+0|det0|iso0|bak-connected|idm0,125.3151875,94.81463721,30.50055028,276048,0.05
resource_constrained,empirical_bernstein,seg-flat|patch+2|det1|iso1|bak-periodic|idm1,seg-flat|patch+0|det0|iso0|bak-connected|idm0,126.3304375,94.92368026,31.40675724,276048,0.05
resource_constrained,empirical_bernstein,seg-flat|patch+3|det0|iso0|bak-connected|idm0,seg-flat|patch+0|det0|iso0|bak-connected|idm0,9.704187498,90.93229891,-81.22811141,276048,0.05
resource_constrained,empirical_bernstein,seg-flat|patch+3|det0|iso0|bak-connected|idm1,seg-flat|patch+0|det0|iso0|bak-connected|idm0,11.5675625,91.34230417,-79.77474167,276048,0.05
resource_constrained,empirical_bernstein,seg-flat|patch+3|det0|iso0|bak-isolated|idm0,seg-flat|patch+0|det0|iso0|bak-connected|idm0,58.858,90.63126375,-31.77326375,276048,0.05
resource_constrained,empirical_bernstein,seg-flat|patch+3|det0|iso0|bak-isolated|idm1,seg-flat|patch+0|det0|iso0|bak-connected|idm0,60.95333333,91.07476424,-30.12143091,276048,0.05
resource_constrained,empirical_bernstein,seg-flat|patch+3|det0|iso0|bak-periodic|idm0,seg-flat|patch+0|det0|iso0|bak-connected|idm0,11.1078125,91.43948665,-80.33167415,276048,0.05
resource_constrained,empirical_bernstein,seg-flat|patch+3|det0|iso0|bak-periodic|idm1,seg-flat|patch+0|det0|iso0|bak-connected|idm0,13.53370833,92.06532753,-78.53161919,276048,0.05
resource_constrained,empirical_bernstein,seg-flat|patch+3|det0|iso1|bak-connected|idm0,seg-flat|patch+0|det0|iso0|bak-connected|idm0,15.62904166,94.32352023,-78.69447856,276048,0.05
resource_constrained,empirical_bernstein,seg-flat|patch+3|det0|iso1|bak-connected|idm1,seg-flat|patch+0|det0|iso0|bak-connected|idm0,17.53322916,94.59247329,-77.05924412,276048,0.05
resource_constrained,empirical_bernstein,seg-flat|patch+3|det0|iso1|bak-isolated|idm0,seg-flat|patch+0|det0|iso0|bak-connected|idm0,64.36047917,93.55111786,-29.19063869,276048,0.05
resource_constrained,empirical_bernstein,seg-flat|patch+3|det0|iso1|bak-isolated|idm1,seg-flat|patch+0|det0|iso0|bak-connected|idm0,66.89972917,94.20006633,-27.30033716,276048,0.05
resource_constrained,empirical_bernstein,seg-flat|patch+3|det0|iso1|bak-periodic|idm0,seg-flat|patch+0|det0|iso0|bak-connected|idm0,16.96085417,94.72848505,-77.76763089,276048,0.05
resource_constrained,empirical_bernstein,seg-flat|patch+3|det0|iso1|bak-periodic|idm1,seg-flat|patch+0|det0|iso0|bak-connected|idm0,19.90558333,95.62748414,-75.72190081,276048,0.05
resource_constrained,empirical_bernstein,seg-flat|patch+3|det1|iso0|bak-connected|idm0,seg-flat|patch+0|det0|iso0|bak-connected|idm0,125.1438542,95.07584287,30.06801129,276048,0.05
resource_constrained,empirical_bernstein,seg-flat|patch+3|det1|iso0|bak-connected|idm1,seg-flat|patch+0|det0|iso0|bak-connected|idm0,124.8383333,95.02818782,29.81014551,276048,0.05
resource_constrained,empirical_bernstein,seg-flat|patch+3|det1|iso0|bak-isolated|idm0,seg-flat|patch+0|det0|iso0|bak-connected|idm0,172.1005208,93.85372905,78.24679178,276048,0.05
resource_constrained,empirical_bernstein,seg-flat|patch+3|det1|iso0|bak-isolated|idm1,seg-flat|patch+0|det0|iso0|bak-connected|idm0,172.0964792,93.77920746,78.3172717,276048,0.05
resource_constrained,empirical_bernstein,seg-flat|patch+3|det1|iso0|bak-periodic|idm0,seg-flat|patch+0|det0|iso0|bak-connected|idm0,125.9105208,95.32196079,30.58856004,276048,0.05
resource_constrained,empirical_bernstein,seg-flat|patch+3|det1|iso0|bak-periodic|idm1,seg-flat|patch+0|det0|iso0|bak-connected|idm0,126.4471667,95.21733584,31.22983082,276048,0.05
resource_constrained,empirical_bernstein,seg-flat|patch+3|det1|iso1|bak-connected|idm0,seg-flat|patch+0|det0|iso0|bak-connected|idm0,128.7939792,96.31810753,32.47587164,276048,0.05
resource_constrained,empirical_bernstein,seg-flat|patch+3|det1|iso1|bak-connected|idm1,seg-flat|patch+0|det0|iso0|bak-connected|idm0,128.3039583,96.28949295,32.01446539,276048,0.05
resource_constrained,empirical_bernstein,seg-flat|patch+3|det1|iso1|bak-isolated|idm0,seg-flat|patch+0|det0|iso0|bak-connected|idm0,175.529,94.89086893,80.63813107,276048,0.05
resource_constrained,empirical_bernstein,seg-flat|patch+3|det1|iso1|bak-isolated|idm1,seg-flat|patch+0|det0|iso0|bak-connected|idm0,175.7981458,94.89256758,80.90557826,276048,0.05
resource_constrained,empirical_bernstein,seg-flat|patch+3|det1|iso1|bak-periodic|idm0,seg-flat|patch+0|det0|iso0|bak-connected|idm0,130.5072083,96.71290884,33.79429949,276048,0.05
resource_constrained,empirical_bernstein,seg-flat|patch+3|det1|iso1|bak-periodic|idm1,seg-flat|patch+0|det0|iso0|bak-connected|idm0,131.7680417,96.80615273,34.96188894,276048,0.05
resource_constrained,empirical_bernstein,seg-least_privilege|patch+0|det0|iso0|bak-connected|idm0,seg-flat|patch+0|det0|iso0|bak-connected|idm0,31.17075,95.92555265,-64.75480265,276048,0.05
resource_constrained,empirical_bernstein,seg-least_privilege|patch+0|det0|iso0|bak-connected|idm1,seg-flat|patch+0|det0|iso0|bak-connected|idm0,34.72845833,95.88817909,-61.15972076,276048,0.05
resource_constrained,empirical_bernstein,seg-least_privilege|patch+0|det0|iso0|bak-isolated|idm0,seg-flat|patch+0|det0|iso0|bak-connected|idm0,74.82979167,94.50467685,-19.67488518,276048,0.05
resource_constrained,empirical_bernstein,seg-least_privilege|patch+0|det0|iso0|bak-isolated|idm1,seg-flat|patch+0|det0|iso0|bak-connected|idm0,77.73577083,94.54280075,-16.80702992,276048,0.05
resource_constrained,empirical_bernstein,seg-least_privilege|patch+0|det0|iso0|bak-periodic|idm0,seg-flat|patch+0|det0|iso0|bak-connected|idm0,34.17845833,95.96071565,-61.78225732,276048,0.05
resource_constrained,empirical_bernstein,seg-least_privilege|patch+0|det0|iso0|bak-periodic|idm1,seg-flat|patch+0|det0|iso0|bak-connected|idm0,37.79775,95.87534377,-58.07759377,276048,0.05
resource_constrained,empirical_bernstein,seg-least_privilege|patch+0|det0|iso1|bak-connected|idm0,seg-flat|patch+0|det0|iso0|bak-connected|idm0,35.60683333,97.37308356,-61.76625023,276048,0.05
resource_constrained,empirical_bernstein,seg-least_privilege|patch+0|det0|iso1|bak-connected|idm1,seg-flat|patch+0|det0|iso0|bak-connected|idm0,41.173625,97.86123913,-56.68761413,276048,0.05
resource_constrained,empirical_bernstein,seg-least_privilege|patch+0|det0|iso1|bak-isolated|idm0,seg-flat|patch+0|det0|iso0|bak-connected|idm0,78.88445833,95.63038178,-16.74592345,276048,0.05
resource_constrained,empirical_bernstein,seg-least_privilege|patch+0|det0|iso1|bak-isolated|idm1,seg-flat|patch+0|det0|iso0|bak-connected|idm0,83.44439583,96.04485631,-12.60046048,276048,0.05
resource_constrained,empirical_bernstein,seg-least_privilege|patch+0|det0|iso1|bak-periodic|idm0,seg-flat|patch+0|det0|iso0|bak-connected|idm0,38.90108333,97.38145574,-58.48037241,276048,0.05
resource_constrained,empirical_bernstein,seg-least_privilege|patch+0|det0|iso1|bak-periodic|idm1,seg-flat|patch+0|det0|iso0|bak-connected|idm0,44.27120833,97.84036053,-53.5691522,276048,0.05
resource_constrained,empirical_bernstein,seg-least_privilege|patch+0|det1|iso0|bak-connected|idm0,seg-flat|patch+0|det0|iso0|bak-connected|idm0,152.1003958,99.49452255,52.60587328,276048,0.05
resource_constrained,empirical_bernstein,seg-least_privilege|patch+0|det1|iso0|bak-connected|idm1,seg-flat|patch+0|det0|iso0|bak-connected|idm0,163.5619792,99.84085976,63.72111941,276048,0.05
resource_constrained,empirical_bernstein,seg-least_privilege|patch+0|det1|iso0|bak-isolated|idm0,seg-flat|patch+0|det0|iso0|bak-connected|idm0,188.8243125,96.3723749,92.45193759,276048,0.05
resource_constrained,empirical_bernstein,seg-least_privilege|patch+0|det1|iso0|bak-isolated|idm1,seg-flat|patch+0|det0|iso0|bak-connected|idm0,198.2932708,96.24974477,102.0435261,276048,0.05
resource_constrained,empirical_bernstein,seg-least_privilege|patch+0|det1|iso0|bak-periodic|idm0,seg-flat|patch+0|det0|iso0|bak-connected|idm0,158.4233333,99.06861401,59.35471932,276048,0.05
resource_constrained,empirical_bernstein,seg-least_privilege|patch+0|det1|iso0|bak-periodic|idm1,seg-flat|patch+0|det0|iso0|bak-connected|idm0,169.6932292,99.14112679,70.55210238,276048,0.05
resource_constrained,empirical_bernstein,seg-least_privilege|patch+0|det1|iso1|bak-connected|idm0,seg-flat|patch+0|det0|iso0|bak-connected|idm0,159.5804792,100.9529715,58.62750768,276048,0.05
resource_constrained,empirical_bernstein,seg-least_privilege|patch+0|det1|iso1|bak-connected|idm1,seg-flat|patch+0|det0|iso0|bak-connected|idm0,173.863625,101.2178954,72.64572955,276048,0.05
resource_constrained,empirical_bernstein,seg-least_privilege|patch+0|det1|iso1|bak-isolated|idm0,seg-flat|patch+0|det0|iso0|bak-connected|idm0,194.5113958,97.41839329,97.09300254,276048,0.05
resource_constrained,empirical_bernstein,seg-least_privilege|patch+0|det1|iso1|bak-isolated|idm1,seg-flat|patch+0|det0|iso0|bak-connected|idm0,206.5737708,97.29736234,109.2764085,276048,0.05
resource_constrained,empirical_bernstein,seg-least_privilege|patch+0|det1|iso1|bak-periodic|idm0,seg-flat|patch+0|det0|iso0|bak-connected|idm0,166.1809375,100.3044887,65.87644877,276048,0.05
resource_constrained,empirical_bernstein,seg-least_privilege|patch+0|det1|iso1|bak-periodic|idm1,seg-flat|patch+0|det0|iso0|bak-connected|idm0,180.4508125,100.4118525,80.03896001,276048,0.05
resource_constrained,empirical_bernstein,seg-least_privilege|patch+1|det0|iso0|bak-connected|idm0,seg-flat|patch+0|det0|iso0|bak-connected|idm0,42.3729375,100.6784832,-58.30554573,276048,0.05
resource_constrained,empirical_bernstein,seg-least_privilege|patch+1|det0|iso0|bak-connected|idm1,seg-flat|patch+0|det0|iso0|bak-connected|idm0,49.744,101.0251897,-51.28118972,276048,0.05
resource_constrained,empirical_bernstein,seg-least_privilege|patch+1|det0|iso0|bak-isolated|idm0,seg-flat|patch+0|det0|iso0|bak-connected|idm0,81.96720833,98.39626992,-16.42906159,276048,0.05
resource_constrained,empirical_bernstein,seg-least_privilege|patch+1|det0|iso0|bak-isolated|idm1,seg-flat|patch+0|det0|iso0|bak-connected|idm0,88.16566666,98.74133611,-10.57566944,276048,0.05
resource_constrained,empirical_bernstein,seg-least_privilege|patch+1|det0|iso0|bak-periodic|idm0,seg-flat|patch+0|det0|iso0|bak-connected|idm0,46.61581249,100.5723217,-53.95650916,276048,0.05
resource_constrained,empirical_bernstein,seg-least_privilege|patch+1|det0|iso0|bak-periodic|idm1,seg-flat|patch+0|det0|iso0|bak-connected|idm0,54.49591666,100.989192,-46.49327533,276048,0.05
resource_constrained,empirical_bernstein,seg-least_privilege|patch+1|det0|iso1|bak-connected|idm0,seg-flat|patch+0|det0|iso0|bak-connected|idm0,46.85964583,101.7041114,-54.84446561,276048,0.05
resource_constrained,empirical_bernstein,seg-least_privilege|patch+1|det0|iso1|bak-connected|idm1,seg-flat|patch+0|det0|iso0|bak-connected|idm0,54.7913125,102.3641806,-47.57286811,276048,0.05
resource_constrained,empirical_bernstein,seg-least_privilege|patch+1|det0|iso1|bak-isolated|idm0,seg-flat|patch+0|det0|iso0|bak-connected|idm0,85.71383333,99.24219123,-13.5283579,276048,0.05
resource_constrained,empirical_bernstein,seg-least_privilege|patch+1|det0|iso1|bak-isolated|idm1,seg-flat|patch+0|det0|iso0|bak-connected|idm0,92.3190625,99.77547092,-7.456408425,276048,0.05
resource_constrained,empirical_bernstein,seg-least_privilege|patch+1|det0|iso1|bak-periodic|idm0,seg-flat|patch+0|det0|iso0|bak-connected|idm0,51.61027083,101.6233622,-50.01309138,276048,0.05
resource_constrained,empirical_bernstein,seg-least_privilege|patch+1|det0|iso1|bak-periodic|idm1,seg-flat|patch+0|det0|iso0|bak-connected|idm0,59.995375,102.2704669,-42.27509192,276048,0.05
resource_constrained,empirical_bernstein,seg-least_privilege|patch+1|det1|iso0|bak-connected|idm0,seg-flat|patch+0|det0|iso0|bak-connected|idm0,166.1189792,102.1495637,63.96941547,276048,0.05
resource_constrained,empirical_bernstein,seg-least_privilege|patch+1|det1|iso0|bak-connected|idm1,seg-flat|patch+0|det0|iso0|bak-connected|idm0,181.3468542,102.3552751,78.99157904,276048,0.05
resource_constrained,empirical_bernstein,seg-least_privilege|patch+1|det1|iso0|bak-isolated|idm0,seg-flat|patch+0|det0|iso0|bak-connected|idm0,196.8521667,98.31890565,98.53326102,276048,0.05
resource_constrained,empirical_bernstein,seg-least_privilege|patch+1|det1|iso0|bak-isolated|idm1,seg-flat|patch+0|det0|iso0|bak-connected|idm0,209.467125,98.45128033,111.0158447,276048,0.05
resource_constrained,empirical_bernstein,seg-least_privilege|patch+1|det1|iso0|bak-periodic|idm0,seg-flat|patch+0|det0|iso0|bak-connected|idm0,172.9480208,101.4611273,71.48689357,276048,0.05
resource_constrained,empirical_bernstein,seg-least_privilege|patch+1|det1|iso0|bak-periodic|idm1,seg-flat|patch+0|det0|iso0|bak-connected|idm0,188.116,101.6083763,86.50762374,276048,0.05
resource_constrained,empirical_bernstein,seg-least_privilege|patch+1|det1|iso1|bak-connected|idm0,seg-flat|patch+0|det0|iso0|bak-connected|idm0,176.6897292,103.0252453,73.66448388,276048,0.05
resource_constrained,empirical_bernstein,seg-least_privilege|patch+1|det1|iso1|bak-connected|idm1,seg-flat|patch+0|det0|iso0|bak-connected|idm0,193.5171875,103.135099,90.38208853,276048,0.05
resource_constrained,empirical_bernstein,seg-least_privilege|patch+1|det1|iso1|bak-isolated|idm0,seg-flat|patch+0|det0|iso0|bak-connected|idm0,204.5942917,99.09847698,105.4958147,276048,0.05
resource_constrained,empirical_bernstein,seg-least_privilege|patch+1|det1|iso1|bak-isolated|idm1,seg-flat|patch+0|det0|iso0|bak-connected|idm0,218.878625,99.21250487,119.6661201,276048,0.05
resource_constrained,empirical_bernstein,seg-least_privilege|patch+1|det1|iso1|bak-periodic|idm0,seg-flat|patch+0|det0|iso0|bak-connected|idm0,183.1652083,102.2710042,80.89420415,276048,0.05
resource_constrained,empirical_bernstein,seg-least_privilege|patch+1|det1|iso1|bak-periodic|idm1,seg-flat|patch+0|det0|iso0|bak-connected|idm0,199.1926667,102.5668969,96.62576981,276048,0.05
resource_constrained,empirical_bernstein,seg-least_privilege|patch+2|det0|iso0|bak-connected|idm0,seg-flat|patch+0|det0|iso0|bak-connected|idm0,67.82308334,107.1691557,-39.34607235,276048,0.05
resource_constrained,empirical_bernstein,seg-least_privilege|patch+2|det0|iso0|bak-connected|idm1,seg-flat|patch+0|det0|iso0|bak-connected|idm0,74.79239583,107.1316127,-32.33921691,276048,0.05
resource_constrained,empirical_bernstein,seg-least_privilege|patch+2|det0|iso0|bak-isolated|idm0,seg-flat|patch+0|det0|iso0|bak-connected|idm0,101.0367708,103.763442,-2.726671132,276048,0.05
resource_constrained,empirical_bernstein,seg-least_privilege|patch+2|det0|iso0|bak-isolated|idm1,seg-flat|patch+0|det0|iso0|bak-connected|idm0,107.0451458,103.6471723,3.397973509,276048,0.05
resource_constrained,empirical_bernstein,seg-least_privilege|patch+2|det0|iso0|bak-periodic|idm0,seg-flat|patch+0|det0|iso0|bak-connected|idm0,72.54410417,106.9010502,-34.35694605,276048,0.05
resource_constrained,empirical_bernstein,seg-least_privilege|patch+2|det0|iso0|bak-periodic|idm1,seg-flat|patch+0|det0|iso0|bak-connected|idm0,79.97558333,106.7298617,-26.75427839,276048,0.05
resource_constrained,empirical_bernstein,seg-least_privilege|patch+2|det0|iso1|bak-connected|idm0,seg-flat|patch+0|det0|iso0|bak-connected|idm0,71.23245833,108.0286774,-36.79621903,276048,0.05
resource_constrained,empirical_bernstein,seg-least_privilege|patch+2|det0|iso1|bak-connected|idm1,seg-flat|patch+0|det0|iso0|bak-connected|idm0,78.6546875,108.0317468,-29.37705934,276048,0.05
resource_constrained,empirical_bernstein,seg-least_privilege|patch+2|det0|iso1|bak-isolated|idm0,seg-flat|patch+0|det0|iso0|bak-connected|idm0,104.0535833,104.4531913,-0.3996079901,276048,0.05
resource_constrained,empirical_bernstein,seg-least_privilege|patch+2|det0|iso1|bak-isolated|idm1,seg-flat|patch+0|det0|iso0|bak-connected|idm0,110.1175,104.4211867,5.696313252,276048,0.05
resource_constrained,empirical_bernstein,seg-least_privilege|patch+2|det0|iso1|bak-periodic|idm0,seg-flat|patch+0|det0|iso0|bak-connected|idm0,76.63954167,107.6374256,-30.9978839,276048,0.05
resource_constrained,empirical_bernstein,seg-least_privilege|patch+2|det0|iso1|bak-periodic|idm1,seg-flat|patch+0|det0|iso0|bak-connected|idm0,84.258625,107.5120045,-23.25337952,276048,0.05
resource_constrained,empirical_bernstein,seg-least_privilege|patch+2|det1|iso0|bak-connected|idm0,seg-flat|patch+0|det0|iso0|bak-connected|idm0,187.6513333,103.5019406,84.14939269,276048,0.05
resource_constrained,empirical_bernstein,seg-least_privilege|patch+2|det1|iso0|bak-connected|idm1,seg-flat|patch+0|det0|iso0|bak-connected|idm0,204.9384375,103.3692333,101.5692042,276048,0.05
resource_constrained,empirical_bernstein,seg-least_privilege|patch+2|det1|iso0|bak-isolated|idm0,seg-flat|patch+0|det0|iso0|bak-connected|idm0,210.4075625,99.73290224,110.6746603,276048,0.05
resource_constrained,empirical_bernstein,seg-least_privilege|patch+2|det1|iso0|bak-isolated|idm1,seg-flat|patch+0|det0|iso0|bak-connected|idm0,225.4011042,99.6467492,125.754355,276048,0.05
resource_constrained,empirical_bernstein,seg-least_privilege|patch+2|det1|iso0|bak-periodic|idm0,seg-flat|patch+0|det0|iso0|bak-connected|idm0,192.9658125,102.8966651,90.06914737,276048,0.05
resource_constrained,empirical_bernstein,seg-least_privilege|patch+2|det1|iso0|bak-periodic|idm1,seg-flat|patch+0|det0|iso0|bak-connected|idm0,210.2940417,102.7917825,107.5022592,276048,0.05
resource_constrained,empirical_bernstein,seg-least_privilege|patch+2|det1|iso1|bak-connected|idm0,seg-flat|patch+0|det0|iso0|bak-connected|idm0,195.5864167,103.7217935,91.86462318,276048,0.05
resource_constrained,empirical_bernstein,seg-least_privilege|patch+2|det1|iso1|bak-connected|idm1,seg-flat|patch+0|det0|iso0|bak-connected|idm0,216.0350625,103.1582977,112.8767648,276048,0.05
resource_constrained,empirical_bernstein,seg-least_privilege|patch+2|det1|iso1|bak-isolated|idm0,seg-flat|patch+0|det0|iso0|bak-connected|idm0,216.8216042,99.89076143,116.9308427,276048,0.05
resource_constrained,empirical_bernstein,seg-least_privilege|patch+2|det1|iso1|bak-isolated|idm1,seg-flat|patch+0|det0|iso0|bak-connected|idm0,234.2531667,99.48544079,134.7677259,276048,0.05
resource_constrained,empirical_bernstein,seg-least_privilege|patch+2|det1|iso1|bak-periodic|idm0,seg-flat|patch+0|det0|iso0|bak-connected|idm0,201.1311458,102.882053,98.24909288,276048,0.05
resource_constrained,empirical_bernstein,seg-least_privilege|patch+2|det1|iso1|bak-periodic|idm1,seg-flat|patch+0|det0|iso0|bak-connected|idm0,221.1749167,102.4337836,118.7411331,276048,0.05
resource_constrained,empirical_bernstein,seg-least_privilege|patch+3|det0|iso0|bak-connected|idm0,seg-flat|patch+0|det0|iso0|bak-connected|idm0,77.11704167,108.9303742,-31.81333255,276048,0.05
resource_constrained,empirical_bernstein,seg-least_privilege|patch+3|det0|iso0|bak-connected|idm1,seg-flat|patch+0|det0|iso0|bak-connected|idm0,89.105125,109.0039889,-19.89886394,276048,0.05
resource_constrained,empirical_bernstein,seg-least_privilege|patch+3|det0|iso0|bak-isolated|idm0,seg-flat|patch+0|det0|iso0|bak-connected|idm0,107.0471667,105.2756764,1.771490294,276048,0.05
resource_constrained,empirical_bernstein,seg-least_privilege|patch+3|det0|iso0|bak-isolated|idm1,seg-flat|patch+0|det0|iso0|bak-connected|idm0,117.6731667,105.3602636,12.31290305,276048,0.05
resource_constrained,empirical_bernstein,seg-least_privilege|patch+3|det0|iso0|bak-periodic|idm0,seg-flat|patch+0|det0|iso0|bak-connected|idm0,83.36933333,108.3475328,-24.97819945,276048,0.05
resource_constrained,empirical_bernstein,seg-least_privilege|patch+3|det0|iso0|bak-periodic|idm1,seg-flat|patch+0|det0|iso0|bak-connected|idm0,95.097875,108.4477208,-13.34984583,276048,0.05
resource_constrained,empirical_bernstein,seg-least_privilege|patch+3|det0|iso1|bak-connected|idm0,seg-flat|patch+0|det0|iso0|bak-connected|idm0,79.8948125,109.3424791,-29.44766657,276048,0.05
resource_constrained,empirical_bernstein,seg-least_privilege|patch+3|det0|iso1|bak-connected|idm1,seg-flat|patch+0|det0|iso0|bak-connected|idm0,93.0898125,109.7113935,-16.62158096,276048,0.05
resource_constrained,empirical_bernstein,seg-least_privilege|patch+3|det0|iso1|bak-isolated|idm0,seg-flat|patch+0|det0|iso0|bak-connected|idm0,108.968375,105.7401024,3.228272576,276048,0.05
resource_constrained,empirical_bernstein,seg-least_privilege|patch+3|det0|iso1|bak-isolated|idm1,seg-flat|patch+0|det0|iso0|bak-connected|idm0,120.7329167,106.1026056,14.63031111,276048,0.05
resource_constrained,empirical_bernstein,seg-least_privilege|patch+3|det0|iso1|bak-periodic|idm0,seg-flat|patch+0|det0|iso0|bak-connected|idm0,86.46354167,108.8630753,-22.39953367,276048,0.05
resource_constrained,empirical_bernstein,seg-least_privilege|patch+3|det0|iso1|bak-periodic|idm1,seg-flat|patch+0|det0|iso0|bak-connected|idm0,99.99366666,109.0963465,-9.102679814,276048,0.05
resource_constrained,empirical_bernstein,seg-least_privilege|patch+3|det1|iso0|bak-connected|idm0,seg-flat|patch+0|det0|iso0|bak-connected|idm0,200.9147917,103.3935438,97.52124785,276048,0.05
resource_constrained,empirical_bernstein,seg-least_privilege|patch+3|det1|iso0|bak-connected|idm1,seg-flat|patch+0|det0|iso0|bak-connected|idm0,218.7895208,103.3317566,115.4577642,276048,0.05
resource_constrained,empirical_bernstein,seg-least_privilege|patch+3|det1|iso0|bak-isolated|idm0,seg-flat|patch+0|det0|iso0|bak-connected|idm0,220.4064167,99.81495315,120.5914635,276048,0.05
resource_constrained,empirical_bernstein,seg-least_privilege|patch+3|det1|iso0|bak-isolated|idm1,seg-flat|patch+0|det0|iso0|bak-connected|idm0,235.4812083,99.82247006,135.6587383,276048,0.05
resource_constrained,empirical_bernstein,seg-least_privilege|patch+3|det1|iso0|bak-periodic|idm0,seg-flat|patch+0|det0|iso0|bak-connected|idm0,207.0292917,102.6703768,104.3589148,276048,0.05
resource_constrained,empirical_bernstein,seg-least_privilege|patch+3|det1|iso0|bak-periodic|idm1,seg-flat|patch+0|det0|iso0|bak-connected|idm0,224.1776875,102.5943413,121.5833462,276048,0.05
resource_constrained,empirical_bernstein,seg-least_privilege|patch+3|det1|iso1|bak-connected|idm0,seg-flat|patch+0|det0|iso0|bak-connected|idm0,209.3968958,103.0355686,106.3613273,276048,0.05
resource_constrained,empirical_bernstein,seg-least_privilege|patch+3|det1|iso1|bak-connected|idm1,seg-flat|patch+0|det0|iso0|bak-connected|idm0,229.9085,102.7709102,127.1375898,276048,0.05
resource_constrained,empirical_bernstein,seg-least_privilege|patch+3|det1|iso1|bak-isolated|idm0,seg-flat|patch+0|det0|iso0|bak-connected|idm0,227.1685208,99.59151822,127.5770026,276048,0.05
resource_constrained,empirical_bernstein,seg-least_privilege|patch+3|det1|iso1|bak-isolated|idm1,seg-flat|patch+0|det0|iso0|bak-connected|idm0,244.2685833,99.45707218,144.8115112,276048,0.05
resource_constrained,empirical_bernstein,seg-least_privilege|patch+3|det1|iso1|bak-periodic|idm0,seg-flat|patch+0|det0|iso0|bak-connected|idm0,214.8255417,102.2618617,112.56368,276048,0.05
resource_constrained,empirical_bernstein,seg-least_privilege|patch+3|det1|iso1|bak-periodic|idm1,seg-flat|patch+0|det0|iso0|bak-connected|idm0,234.5018542,101.9270303,132.5748239,276048,0.05
resource_constrained,paired_t_approx,seg-basic|patch+0|det0|iso0|bak-connected|idm0,seg-flat|patch+0|det0|iso0|bak-connected|idm0,8.10289583,14.94638914,-6.843493306,276048,0.05
resource_constrained,paired_t_approx,seg-basic|patch+0|det0|iso0|bak-connected|idm1,seg-flat|patch+0|det0|iso0|bak-connected|idm0,11.88916667,15.82630212,-3.937135451,276048,0.05
resource_constrained,paired_t_approx,seg-basic|patch+0|det0|iso0|bak-isolated|idm0,seg-flat|patch+0|det0|iso0|bak-connected|idm0,55.837,14.79063243,41.04636757,276048,0.05
resource_constrained,paired_t_approx,seg-basic|patch+0|det0|iso0|bak-isolated|idm1,seg-flat|patch+0|det0|iso0|bak-connected|idm0,59.1069375,15.47879711,43.62814039,276048,0.05
resource_constrained,paired_t_approx,seg-basic|patch+0|det0|iso0|bak-periodic|idm0,seg-flat|patch+0|det0|iso0|bak-connected|idm0,8.853854164,14.96964898,-6.115794816,276048,0.05
resource_constrained,paired_t_approx,seg-basic|patch+0|det0|iso0|bak-periodic|idm1,seg-flat|patch+0|det0|iso0|bak-connected|idm0,12.68452083,15.84680233,-3.162281497,276048,0.05
resource_constrained,paired_t_approx,seg-basic|patch+0|det0|iso1|bak-connected|idm0,seg-flat|patch+0|det0|iso0|bak-connected|idm0,12.13922916,17.89031093,-5.751081761,276048,0.05
resource_constrained,paired_t_approx,seg-basic|patch+0|det0|iso1|bak-connected|idm1,seg-flat|patch+0|det0|iso0|bak-connected|idm0,16.93960416,18.98200715,-2.042402982,276048,0.05
resource_constrained,paired_t_approx,seg-basic|patch+0|det0|iso1|bak-isolated|idm0,seg-flat|patch+0|det0|iso0|bak-connected|idm0,59.09735416,17.16072752,41.93662665,276048,0.05
resource_constrained,paired_t_approx,seg-basic|patch+0|det0|iso1|bak-isolated|idm1,seg-flat|patch+0|det0|iso0|bak-connected|idm0,63.15260416,17.98038543,45.17221874,276048,0.05
resource_constrained,paired_t_approx,seg-basic|patch+0|det0|iso1|bak-periodic|idm0,seg-flat|patch+0|det0|iso0|bak-connected|idm0,12.88175,17.90835866,-5.026608666,276048,0.05
resource_constrained,paired_t_approx,seg-basic|patch+0|det0|iso1|bak-periodic|idm1,seg-flat|patch+0|det0|iso0|bak-connected|idm0,17.70770833,18.99323342,-1.285525084,276048,0.05
resource_constrained,paired_t_approx,seg-basic|patch+0|det1|iso0|bak-connected|idm0,seg-flat|patch+0|det0|iso0|bak-connected|idm0,121.5496667,20.31479958,101.2348671,276048,0.05
resource_constrained,paired_t_approx,seg-basic|patch+0|det1|iso0|bak-connected|idm1,seg-flat|patch+0|det0|iso0|bak-connected|idm0,125.8946875,20.94335914,104.9513284,276048,0.05
resource_constrained,paired_t_approx,seg-basic|patch+0|det1|iso0|bak-isolated|idm0,seg-flat|patch+0|det0|iso0|bak-connected|idm0,167.5667292,19.03129025,148.5354389,276048,0.05
resource_constrained,paired_t_approx,seg-basic|patch+0|det1|iso0|bak-isolated|idm1,seg-flat|patch+0|det0|iso0|bak-connected|idm0,171.0726042,19.30933776,151.7632664,276048,0.05
resource_constrained,paired_t_approx,seg-basic|patch+0|det1|iso0|bak-periodic|idm0,seg-flat|patch+0|det0|iso0|bak-connected|idm0,123.2035833,20.24882395,102.9547594,276048,0.05
resource_constrained,paired_t_approx,seg-basic|patch+0|det1|iso0|bak-periodic|idm1,seg-flat|patch+0|det0|iso0|bak-connected|idm0,127.5801667,20.8746657,106.705501,276048,0.05
resource_constrained,paired_t_approx,seg-basic|patch+0|det1|iso1|bak-connected|idm0,seg-flat|patch+0|det0|iso0|bak-connected|idm0,125.8913958,21.42601748,104.4653783,276048,0.05
resource_constrained,paired_t_approx,seg-basic|patch+0|det1|iso1|bak-connected|idm1,seg-flat|patch+0|det0|iso0|bak-connected|idm0,132.4905625,22.00617056,110.4843919,276048,0.05
resource_constrained,paired_t_approx,seg-basic|patch+0|det1|iso1|bak-isolated|idm0,seg-flat|patch+0|det0|iso0|bak-connected|idm0,170.5395625,19.67804445,150.861518,276048,0.05
resource_constrained,paired_t_approx,seg-basic|patch+0|det1|iso1|bak-isolated|idm1,seg-flat|patch+0|det0|iso0|bak-connected|idm0,176.0677083,19.86860885,156.1990995,276048,0.05
resource_constrained,paired_t_approx,seg-basic|patch+0|det1|iso1|bak-periodic|idm0,seg-flat|patch+0|det0|iso0|bak-connected|idm0,127.5895208,21.33551618,106.2540047,276048,0.05
resource_constrained,paired_t_approx,seg-basic|patch+0|det1|iso1|bak-periodic|idm1,seg-flat|patch+0|det0|iso0|bak-connected|idm0,134.1662083,21.91461826,112.2515901,276048,0.05
resource_constrained,paired_t_approx,seg-basic|patch+1|det0|iso0|bak-connected|idm0,seg-flat|patch+0|det0|iso0|bak-connected|idm0,11.16616666,19.34010519,-8.173938528,276048,0.05
resource_constrained,paired_t_approx,seg-basic|patch+1|det0|iso0|bak-connected|idm1,seg-flat|patch+0|det0|iso0|bak-connected|idm0,14.4166875,19.8230932,-5.406405705,276048,0.05
resource_constrained,paired_t_approx,seg-basic|patch+1|det0|iso0|bak-isolated|idm0,seg-flat|patch+0|det0|iso0|bak-connected|idm0,57.04122916,18.53965601,38.50157316,276048,0.05
resource_constrained,paired_t_approx,seg-basic|patch+1|det0|iso0|bak-isolated|idm1,seg-flat|patch+0|det0|iso0|bak-connected|idm0,59.83375,18.86299155,40.97075845,276048,0.05
resource_constrained,paired_t_approx,seg-basic|patch+1|det0|iso0|bak-periodic|idm0,seg-flat|patch+0|det0|iso0|bak-connected|idm0,12.67514583,19.2975465,-6.622400671,276048,0.05
resource_constrained,paired_t_approx,seg-basic|patch+1|det0|iso0|bak-periodic|idm1,seg-flat|patch+0|det0|iso0|bak-connected|idm0,16.0070625,19.78648064,-3.779418145,276048,0.05
resource_constrained,paired_t_approx,seg-basic|patch+1|det0|iso1|bak-connected|idm0,seg-flat|patch+0|det0|iso0|bak-connected|idm0,15.59977083,20.92863338,-5.328862549,276048,0.05
resource_constrained,paired_t_approx,seg-basic|patch+1|det0|iso1|bak-connected|idm1,seg-flat|patch+0|det0|iso0|bak-connected|idm0,19.99125,21.70406116,-1.712811161,276048,0.05
resource_constrained,paired_t_approx,seg-basic|patch+1|det0|iso1|bak-isolated|idm0,seg-flat|patch+0|det0|iso0|bak-connected|idm0,60.747375,19.73916106,41.00821394,276048,0.05
resource_constrained,paired_t_approx,seg-basic|patch+1|det0|iso1|bak-isolated|idm1,seg-flat|patch+0|det0|iso0|bak-connected|idm0,64.7043125,20.28733641,44.41697609,276048,0.05
resource_constrained,paired_t_approx,seg-basic|patch+1|det0|iso1|bak-periodic|idm0,seg-flat|patch+0|det0|iso0|bak-connected|idm0,17.12964583,20.86963854,-3.739992713,276048,0.05
resource_constrained,paired_t_approx,seg-basic|patch+1|det0|iso1|bak-periodic|idm1,seg-flat|patch+0|det0|iso0|bak-connected|idm0,21.4664375,21.63893417,-0.1724966706,276048,0.05
resource_constrained,paired_t_approx,seg-basic|patch+1|det1|iso0|bak-connected|idm0,seg-flat|patch+0|det0|iso0|bak-connected|idm0,122.9395833,22.21613686,100.7234465,276048,0.05
resource_constrained,paired_t_approx,seg-basic|patch+1|det1|iso0|bak-connected|idm1,seg-flat|patch+0|det0|iso0|bak-connected|idm0,128.0576875,23.24704101,104.8106465,276048,0.05
resource_constrained,paired_t_approx,seg-basic|patch+1|det1|iso0|bak-isolated|idm0,seg-flat|patch+0|det0|iso0|bak-connected|idm0,166.1487917,20.41909227,145.7296994,276048,0.05
resource_constrained,paired_t_approx,seg-basic|patch+1|det1|iso0|bak-isolated|idm1,seg-flat|patch+0|det0|iso0|bak-connected|idm0,170.0185625,21.01573816,149.0028243,276048,0.05
resource_constrained,paired_t_approx,seg-basic|patch+1|det1|iso0|bak-periodic|idm0,seg-flat|patch+0|det0|iso0|bak-connected|idm0,126.2190625,22.1608509,104.0582116,276048,0.05
resource_constrained,paired_t_approx,seg-basic|patch+1|det1|iso0|bak-periodic|idm1,seg-flat|patch+0|det0|iso0|bak-connected|idm0,131.1440208,23.1899974,107.9540234,276048,0.05
resource_constrained,paired_t_approx,seg-basic|patch+1|det1|iso1|bak-connected|idm0,seg-flat|patch+0|det0|iso0|bak-connected|idm0,128.9914792,23.22262277,105.7688564,276048,0.05
resource_constrained,paired_t_approx,seg-basic|patch+1|det1|iso1|bak-connected|idm1,seg-flat|patch+0|det0|iso0|bak-connected|idm0,135.4365625,24.24739037,111.1891721,276048,0.05
resource_constrained,paired_t_approx,seg-basic|patch+1|det1|iso1|bak-isolated|idm0,seg-flat|patch+0|det0|iso0|bak-connected|idm0,170.9188542,20.85887988,150.0599743,276048,0.05
resource_constrained,paired_t_approx,seg-basic|patch+1|det1|iso1|bak-isolated|idm1,seg-flat|patch+0|det0|iso0|bak-connected|idm0,175.7516458,21.54310473,154.2085411,276048,0.05
resource_constrained,paired_t_approx,seg-basic|patch+1|det1|iso1|bak-periodic|idm0,seg-flat|patch+0|det0|iso0|bak-connected|idm0,132.3446667,23.13400409,109.2106626,276048,0.05
resource_constrained,paired_t_approx,seg-basic|patch+1|det1|iso1|bak-periodic|idm1,seg-flat|patch+0|det0|iso0|bak-connected|idm0,138.4001667,24.16373766,114.236429,276048,0.05
resource_constrained,paired_t_approx,seg-basic|patch+2|det0|iso0|bak-connected|idm0,seg-flat|patch+0|det0|iso0|bak-connected|idm0,23.18689583,25.12851967,-1.941623839,276048,0.05
resource_constrained,paired_t_approx,seg-basic|patch+2|det0|iso0|bak-connected|idm1,seg-flat|patch+0|det0|iso0|bak-connected|idm0,28.2519375,25.75191943,2.500018064,276048,0.05
resource_constrained,paired_t_approx,seg-basic|patch+2|det0|iso0|bak-isolated|idm0,seg-flat|patch+0|det0|iso0|bak-connected|idm0,64.92214583,23.19796181,41.72418402,276048,0.05
resource_constrained,paired_t_approx,seg-basic|patch+2|det0|iso0|bak-isolated|idm1,seg-flat|patch+0|det0|iso0|bak-connected|idm0,69.31177083,23.72542225,45.58634858,276048,0.05
resource_constrained,paired_t_approx,seg-basic|patch+2|det0|iso0|bak-periodic|idm0,seg-flat|patch+0|det0|iso0|bak-connected|idm0,25.54939583,24.99971706,0.5496787744,276048,0.05
resource_constrained,paired_t_approx,seg-basic|patch+2|det0|iso0|bak-periodic|idm1,seg-flat|patch+0|det0|iso0|bak-connected|idm0,30.67152083,25.64184921,5.02967162,276048,0.05
resource_constrained,paired_t_approx,seg-basic|patch+2|det0|iso1|bak-connected|idm0,seg-flat|patch+0|det0|iso0|bak-connected|idm0,26.595125,26.15432644,0.4407985607,276048,0.05
resource_constrained,paired_t_approx,seg-basic|patch+2|det0|iso1|bak-connected|idm1,seg-flat|patch+0|det0|iso0|bak-connected|idm0,32.40770833,27.0156076,5.392100733,276048,0.05
resource_constrained,paired_t_approx,seg-basic|patch+2|det0|iso1|bak-isolated|idm0,seg-flat|patch+0|det0|iso0|bak-connected|idm0,67.46964583,24.01623172,43.45341411,276048,0.05
resource_constrained,paired_t_approx,seg-basic|patch+2|det0|iso1|bak-isolated|idm1,seg-flat|patch+0|det0|iso0|bak-connected|idm0,72.69572916,24.73475864,47.96097052,276048,0.05
resource_constrained,paired_t_approx,seg-basic|patch+2|det0|iso1|bak-periodic|idm0,seg-flat|patch+0|det0|iso0|bak-connected|idm0,29.12810416,26.00176882,3.126335343,276048,0.05
resource_constrained,paired_t_approx,seg-basic|patch+2|det0|iso1|bak-periodic|idm1,seg-flat|patch+0|det0|iso0|bak-connected|idm0,34.82983333,26.89383165,7.93600168,276048,0.05
resource_constrained,paired_t_approx,seg-basic|patch+2|det1|iso0|bak-connected|idm0,seg-flat|patch+0|det0|iso0|bak-connected|idm0,133.5481667,24.97602029,108.5721464,276048,0.05
resource_constrained,paired_t_approx,seg-basic|patch+2|det1|iso0|bak-connected|idm1,seg-flat|patch+0|det0|iso0|bak-connected|idm0,140.5184375,25.8251414,114.6932961,276048,0.05
resource_constrained,paired_t_approx,seg-basic|patch+2|det1|iso0|bak-isolated|idm0,seg-flat|patch+0|det0|iso0|bak-connected|idm0,171.1300833,22.32970586,148.8003775,276048,0.05
resource_constrained,paired_t_approx,seg-basic|patch+2|det1|iso0|bak-isolated|idm1,seg-flat|patch+0|det0|iso0|bak-connected|idm0,176.6087708,22.77052229,153.8382485,276048,0.05
resource_constrained,paired_t_approx,seg-basic|patch+2|det1|iso0|bak-periodic|idm0,seg-flat|patch+0|det0|iso0|bak-connected|idm0,137.569125,24.68582239,112.8833026,276048,0.05
resource_constrained,paired_t_approx,seg-basic|patch+2|det1|iso0|bak-periodic|idm1,seg-flat|patch+0|det0|iso0|bak-connected|idm0,144.2270625,25.43511084,118.7919517,276048,0.05
resource_constrained,paired_t_approx,seg-basic|patch+2|det1|iso1|bak-connected|idm0,seg-flat|patch+0|det0|iso0|bak-connected|idm0,139.773,25.53521267,114.2377873,276048,0.05
resource_constrained,paired_t_approx,seg-basic|patch+2|det1|iso1|bak-connected|idm1,seg-flat|patch+0|det0|iso0|bak-connected|idm0,148.1020833,26.4768084,121.6252749,276048,0.05
resource_constrained,paired_t_approx,seg-basic|patch+2|det1|iso1|bak-isolated|idm0,seg-flat|patch+0|det0|iso0|bak-connected|idm0,175.8816458,22.61453088,153.267115,276048,0.05
resource_constrained,paired_t_approx,seg-basic|patch+2|det1|iso1|bak-isolated|idm1,seg-flat|patch+0|det0|iso0|bak-connected|idm0,182.0963958,23.28912553,158.8072703,276048,0.05
resource_constrained,paired_t_approx,seg-basic|patch+2|det1|iso1|bak-periodic|idm0,seg-flat|patch+0|det0|iso0|bak-connected|idm0,144.237625,25.19288566,119.0447393,276048,0.05
resource_constrained,paired_t_approx,seg-basic|patch+2|det1|iso1|bak-periodic|idm1,seg-flat|patch+0|det0|iso0|bak-connected|idm0,151.5682917,26.09547935,125.4728123,276048,0.05
resource_constrained,paired_t_approx,seg-basic|patch+3|det0|iso0|bak-connected|idm0,seg-flat|patch+0|det0|iso0|bak-connected|idm0,29.05697916,26.24354119,2.813437977,276048,0.05
resource_constrained,paired_t_approx,seg-basic|patch+3|det0|iso0|bak-connected|idm1,seg-flat|patch+0|det0|iso0|bak-connected|idm0,33.83466666,26.84108157,6.993585095,276048,0.05
resource_constrained,paired_t_approx,seg-basic|patch+3|det0|iso0|bak-isolated|idm0,seg-flat|patch+0|det0|iso0|bak-connected|idm0,68.9129375,24.07612185,44.83681565,276048,0.05
resource_constrained,paired_t_approx,seg-basic|patch+3|det0|iso0|bak-isolated|idm1,seg-flat|patch+0|det0|iso0|bak-connected|idm0,72.64089583,24.53486782,48.10602801,276048,0.05
resource_constrained,paired_t_approx,seg-basic|patch+3|det0|iso0|bak-periodic|idm0,seg-flat|patch+0|det0|iso0|bak-connected|idm0,32.795875,26.09139336,6.704481643,276048,0.05
resource_constrained,paired_t_approx,seg-basic|patch+3|det0|iso0|bak-periodic|idm1,seg-flat|patch+0|det0|iso0|bak-connected|idm0,37.83641666,26.65521665,11.18120002,276048,0.05
resource_constrained,paired_t_approx,seg-basic|patch+3|det0|iso1|bak-connected|idm0,seg-flat|patch+0|det0|iso0|bak-connected|idm0,33.28872916,27.19278224,6.095946919,276048,0.05
resource_constrained,paired_t_approx,seg-basic|patch+3|det0|iso1|bak-connected|idm1,seg-flat|patch+0|det0|iso0|bak-connected|idm0,38.14660416,28.03147277,10.1151314,276048,0.05
resource_constrained,paired_t_approx,seg-basic|patch+3|det0|iso1|bak-isolated|idm0,seg-flat|patch+0|det0|iso0|bak-connected|idm0,72.2969375,24.85017586,47.44676164,276048,0.05
resource_constrained,paired_t_approx,seg-basic|patch+3|det0|iso1|bak-isolated|idm1,seg-flat|patch+0|det0|iso0|bak-connected|idm0,76.36264583,25.506644,50.85600183,276048,0.05
resource_constrained,paired_t_approx,seg-basic|patch+3|det0|iso1|bak-periodic|idm0,seg-flat|patch+0|det0|iso0|bak-connected|idm0,37.27958333,27.01895632,10.26062701,276048,0.05
resource_constrained,paired_t_approx,seg-basic|patch+3|det0|iso1|bak-periodic|idm1,seg-flat|patch+0|det0|iso0|bak-connected|idm0,42.30552083,27.83239305,14.47312777,276048,0.05
resource_constrained,paired_t_approx,seg-basic|patch+3|det1|iso0|bak-connected|idm0,seg-flat|patch+0|det0|iso0|bak-connected|idm0,141.9735417,26.28976769,115.683774,276048,0.05
resource_constrained,paired_t_approx,seg-basic|patch+3|det1|iso0|bak-connected|idm1,seg-flat|patch+0|det0|iso0|bak-connected|idm0,149.9612708,27.44126543,122.5200054,276048,0.05
resource_constrained,paired_t_approx,seg-basic|patch+3|det1|iso0|bak-isolated|idm0,seg-flat|patch+0|det0|iso0|bak-connected|idm0,175.89,23.34838192,152.5416181,276048,0.05
resource_constrained,paired_t_approx,seg-basic|patch+3|det1|iso0|bak-isolated|idm1,seg-flat|patch+0|det0|iso0|bak-connected|idm0,181.8367917,24.24754989,157.5892418,276048,0.05
resource_constrained,paired_t_approx,seg-basic|patch+3|det1|iso0|bak-periodic|idm0,seg-flat|patch+0|det0|iso0|bak-connected|idm0,146.4912708,25.87036113,120.6209097,276048,0.05
resource_constrained,paired_t_approx,seg-basic|patch+3|det1|iso0|bak-periodic|idm1,seg-flat|patch+0|det0|iso0|bak-connected|idm0,153.5935208,26.98743721,126.6060836,276048,0.05
resource_constrained,paired_t_approx,seg-basic|patch+3|det1|iso1|bak-connected|idm0,seg-flat|patch+0|det0|iso0|bak-connected|idm0,150.946875,27.01790826,123.9289667,276048,0.05
resource_constrained,paired_t_approx,seg-basic|patch+3|det1|iso1|bak-connected|idm1,seg-flat|patch+0|det0|iso0|bak-connected|idm0,158.0143333,28.63686683,129.3774665,276048,0.05
resource_constrained,paired_t_approx,seg-basic|patch+3|det1|iso1|bak-isolated|idm0,seg-flat|patch+0|det0|iso0|bak-connected|idm0,183.27075,23.8093732,159.4613768,276048,0.05
resource_constrained,paired_t_approx,seg-basic|patch+3|det1|iso1|bak-isolated|idm1,seg-flat|patch+0|det0|iso0|bak-connected|idm0,188.2469583,25.36206119,162.8848971,276048,0.05
resource_constrained,paired_t_approx,seg-basic|patch+3|det1|iso1|bak-periodic|idm0,seg-flat|patch+0|det0|iso0|bak-connected|idm0,155.3698125,26.59676385,128.7730486,276048,0.05
resource_constrained,paired_t_approx,seg-basic|patch+3|det1|iso1|bak-periodic|idm1,seg-flat|patch+0|det0|iso0|bak-connected|idm0,161.6749583,28.29293549,133.3820228,276048,0.05
resource_constrained,paired_t_approx,seg-flat|patch+0|det0|iso0|bak-connected|idm1,seg-flat|patch+0|det0|iso0|bak-connected|idm0,0.5239374972,3.98373158,-3.459794083,276048,0.05
resource_constrained,paired_t_approx,seg-flat|patch+0|det0|iso0|bak-isolated|idm0,seg-flat|patch+0|det0|iso0|bak-connected|idm0,51.67472917,6.888020817,44.78670835,276048,0.05
resource_constrained,paired_t_approx,seg-flat|patch+0|det0|iso0|bak-isolated|idm1,seg-flat|patch+0|det0|iso0|bak-connected|idm0,51.81914583,7.845112954,43.97403288,276048,0.05
resource_constrained,paired_t_approx,seg-flat|patch+0|det0|iso0|bak-periodic|idm0,seg-flat|patch+0|det0|iso0|bak-connected|idm0,0.3531250008,0.3523564481,0.0007685526408,276048,0.05
resource_constrained,paired_t_approx,seg-flat|patch+0|det0|iso0|bak-periodic|idm1,seg-flat|patch+0|det0|iso0|bak-connected|idm0,0.8494791652,4.010401463,-3.160922298,276048,0.05
resource_constrained,paired_t_approx,seg-flat|patch+0|det0|iso1|bak-connected|idm0,seg-flat|patch+0|det0|iso0|bak-connected|idm0,3.515395833,8.314512608,-4.799116775,276048,0.05
resource_constrained,paired_t_approx,seg-flat|patch+0|det0|iso1|bak-connected|idm1,seg-flat|patch+0|det0|iso0|bak-connected|idm0,4.037104164,9.160440705,-5.12333654,276048,0.05
resource_constrained,paired_t_approx,seg-flat|patch+0|det0|iso1|bak-isolated|idm0,seg-flat|patch+0|det0|iso0|bak-connected|idm0,54.79522917,9.811753844,44.98347532,276048,0.05
resource_constrained,paired_t_approx,seg-flat|patch+0|det0|iso1|bak-isolated|idm1,seg-flat|patch+0|det0|iso0|bak-connected|idm0,55.5149375,11.06920532,44.44573217,276048,0.05
resource_constrained,paired_t_approx,seg-flat|patch+0|det0|iso1|bak-periodic|idm0,seg-flat|patch+0|det0|iso0|bak-connected|idm0,3.927083332,8.30464438,-4.377561048,276048,0.05
resource_constrained,paired_t_approx,seg-flat|patch+0|det0|iso1|bak-periodic|idm1,seg-flat|patch+0|det0|iso0|bak-connected|idm0,5.223520831,10.08092167,-4.857400838,276048,0.05
resource_constrained,paired_t_approx,seg-flat|patch+0|det1|iso0|bak-connected|idm0,seg-flat|patch+0|det0|iso0|bak-connected|idm0,114.4716875,16.24135725,98.23033024,276048,0.05
resource_constrained,paired_t_approx,seg-flat|patch+0|det1|iso0|bak-connected|idm1,seg-flat|patch+0|det0|iso0|bak-connected|idm0,114.5006667,16.40660972,98.09405695,276048,0.05
resource_constrained,paired_t_approx,seg-flat|patch+0|det1|iso0|bak-isolated|idm0,seg-flat|patch+0|det0|iso0|bak-connected|idm0,165.1404792,16.83268021,148.307799,276048,0.05
resource_constrained,paired_t_approx,seg-flat|patch+0|det1|iso0|bak-isolated|idm1,seg-flat|patch+0|det0|iso0|bak-connected|idm0,165.2757917,17.12041141,148.1553803,276048,0.05
resource_constrained,paired_t_approx,seg-flat|patch+0|det1|iso0|bak-periodic|idm0,seg-flat|patch+0|det0|iso0|bak-connected|idm0,114.5343125,16.24941815,98.28489435,276048,0.05
resource_constrained,paired_t_approx,seg-flat|patch+0|det1|iso0|bak-periodic|idm1,seg-flat|patch+0|det0|iso0|bak-connected|idm0,115.1647708,16.42573376,98.73903707,276048,0.05
resource_constrained,paired_t_approx,seg-flat|patch+0|det1|iso1|bak-connected|idm0,seg-flat|patch+0|det0|iso0|bak-connected|idm0,117.4507292,17.30009281,100.1506364,276048,0.05
resource_constrained,paired_t_approx,seg-flat|patch+0|det1|iso1|bak-connected|idm1,seg-flat|patch+0|det0|iso0|bak-connected|idm0,117.4378958,17.43456328,100.0033326,276048,0.05
resource_constrained,paired_t_approx,seg-flat|patch+0|det1|iso1|bak-isolated|idm0,seg-flat|patch+0|det0|iso0|bak-connected|idm0,167.7840417,17.60794466,150.176097,276048,0.05
resource_constrained,paired_t_approx,seg-flat|patch+0|det1|iso1|bak-isolated|idm1,seg-flat|patch+0|det0|iso0|bak-connected|idm0,168.169375,17.97620863,150.1931664,276048,0.05
resource_constrained,paired_t_approx,seg-flat|patch+0|det1|iso1|bak-periodic|idm0,seg-flat|patch+0|det0|iso0|bak-connected|idm0,118.1592292,17.59469811,100.5645311,276048,0.05
resource_constrained,paired_t_approx,seg-flat|patch+0|det1|iso1|bak-periodic|idm1,seg-flat|patch+0|det0|iso0|bak-connected|idm0,119.2313958,17.90780927,101.3235866,276048,0.05
resource_constrained,paired_t_approx,seg-flat|patch+1|det0|iso0|bak-connected|idm0,seg-flat|patch+0|det0|iso0|bak-connected|idm0,1.084499998,7.798593139,-6.714093141,276048,0.05
resource_constrained,paired_t_approx,seg-flat|patch+1|det0|iso0|bak-connected|idm1,seg-flat|patch+0|det0|iso0|bak-connected|idm0,2.080583329,8.611495232,-6.530911903,276048,0.05
resource_constrained,paired_t_approx,seg-flat|patch+1|det0|iso0|bak-isolated|idm0,seg-flat|patch+0|det0|iso0|bak-connected|idm0,53.01652083,10.53507844,42.48144239,276048,0.05
resource_constrained,paired_t_approx,seg-flat|patch+1|det0|iso0|bak-isolated|idm1,seg-flat|patch+0|det0|iso0|bak-connected|idm0,53.86941666,11.38802293,42.48139373,276048,0.05
resource_constrained,paired_t_approx,seg-flat|patch+1|det0|iso0|bak-periodic|idm0,seg-flat|patch+0|det0|iso0|bak-connected|idm0,2.104270832,8.921125257,-6.816854425,276048,0.05
resource_constrained,paired_t_approx,seg-flat|patch+1|det0|iso0|bak-periodic|idm1,seg-flat|patch+0|det0|iso0|bak-connected|idm0,2.992895831,9.756839075,-6.763943244,276048,0.05
resource_constrained,paired_t_approx,seg-flat|patch+1|det0|iso1|bak-connected|idm0,seg-flat|patch+0|det0|iso0|bak-connected|idm0,5.503645832,12.10113664,-6.597490803,276048,0.05
resource_constrained,paired_t_approx,seg-flat|patch+1|det0|iso1|bak-connected|idm1,seg-flat|patch+0|det0|iso0|bak-connected|idm0,6.500624997,12.61468064,-6.114055643,276048,0.05
resource_constrained,paired_t_approx,seg-flat|patch+1|det0|iso1|bak-isolated|idm0,seg-flat|patch+0|det0|iso0|bak-connected|idm0,56.74739583,13.12179856,43.62559728,276048,0.05
resource_constrained,paired_t_approx,seg-flat|patch+1|det0|iso1|bak-isolated|idm1,seg-flat|patch+0|det0|iso0|bak-connected|idm0,58.20064583,14.24478021,43.95586562,276048,0.05
resource_constrained,paired_t_approx,seg-flat|patch+1|det0|iso1|bak-periodic|idm0,seg-flat|patch+0|det0|iso0|bak-connected|idm0,6.562624998,12.84159499,-6.278969991,276048,0.05
resource_constrained,paired_t_approx,seg-flat|patch+1|det0|iso1|bak-periodic|idm1,seg-flat|patch+0|det0|iso0|bak-connected|idm0,8.180187498,14.05578476,-5.875597262,276048,0.05
resource_constrained,paired_t_approx,seg-flat|patch+1|det1|iso0|bak-connected|idm0,seg-flat|patch+0|det0|iso0|bak-connected|idm0,116.570375,17.14077235,99.42960265,276048,0.05
resource_constrained,paired_t_approx,seg-flat|patch+1|det1|iso0|bak-connected|idm1,seg-flat|patch+0|det0|iso0|bak-connected|idm0,116.6032083,17.34348768,99.25972065,276048,0.05
resource_constrained,paired_t_approx,seg-flat|patch+1|det1|iso0|bak-isolated|idm0,seg-flat|patch+0|det0|iso0|bak-connected|idm0,166.5299583,17.35894106,149.1710173,276048,0.05
resource_constrained,paired_t_approx,seg-flat|patch+1|det1|iso0|bak-isolated|idm1,seg-flat|patch+0|det0|iso0|bak-connected|idm0,167.2713125,17.5698022,149.7015103,276048,0.05
resource_constrained,paired_t_approx,seg-flat|patch+1|det1|iso0|bak-periodic|idm0,seg-flat|patch+0|det0|iso0|bak-connected|idm0,116.9111875,17.10302976,99.80815773,276048,0.05
resource_constrained,paired_t_approx,seg-flat|patch+1|det1|iso0|bak-periodic|idm1,seg-flat|patch+0|det0|iso0|bak-connected|idm0,117.8852083,17.32622951,100.5589788,276048,0.05
resource_constrained,paired_t_approx,seg-flat|patch+1|det1|iso1|bak-connected|idm0,seg-flat|patch+0|det0|iso0|bak-connected|idm0,118.919875,18.24825384,100.6716212,276048,0.05
resource_constrained,paired_t_approx,seg-flat|patch+1|det1|iso1|bak-connected|idm1,seg-flat|patch+0|det0|iso0|bak-connected|idm0,119.0127917,18.27983965,100.732952,276048,0.05
resource_constrained,paired_t_approx,seg-flat|patch+1|det1|iso1|bak-isolated|idm0,seg-flat|patch+0|det0|iso0|bak-connected|idm0,168.7597083,18.18374848,150.5759599,276048,0.05
resource_constrained,paired_t_approx,seg-flat|patch+1|det1|iso1|bak-isolated|idm1,seg-flat|patch+0|det0|iso0|bak-connected|idm0,169.9081042,18.38881382,151.5192903,276048,0.05
resource_constrained,paired_t_approx,seg-flat|patch+1|det1|iso1|bak-periodic|idm0,seg-flat|patch+0|det0|iso0|bak-connected|idm0,119.8385417,18.50156487,101.3369768,276048,0.05
resource_constrained,paired_t_approx,seg-flat|patch+1|det1|iso1|bak-periodic|idm1,seg-flat|patch+0|det0|iso0|bak-connected|idm0,121.4038333,18.73249619,102.6713371,276048,0.05
resource_constrained,paired_t_approx,seg-flat|patch+2|det0|iso0|bak-connected|idm0,seg-flat|patch+0|det0|iso0|bak-connected|idm0,7.322062498,14.35903577,-7.036973274,276048,0.05
resource_constrained,paired_t_approx,seg-flat|patch+2|det0|iso0|bak-connected|idm1,seg-flat|patch+0|det0|iso0|bak-connected|idm0,8.309833332,14.75961643,-6.4497831,276048,0.05
resource_constrained,paired_t_approx,seg-flat|patch+2|det0|iso0|bak-isolated|idm0,seg-flat|patch+0|det0|iso0|bak-connected|idm0,57.77925,14.75468944,43.02456056,276048,0.05
resource_constrained,paired_t_approx,seg-flat|patch+2|det0|iso0|bak-isolated|idm1,seg-flat|patch+0|det0|iso0|bak-connected|idm0,58.98270833,15.28875867,43.69394966,276048,0.05
resource_constrained,paired_t_approx,seg-flat|patch+2|det0|iso0|bak-periodic|idm0,seg-flat|patch+0|det0|iso0|bak-connected|idm0,8.448416666,14.99914554,-6.550728878,276048,0.05
resource_constrained,paired_t_approx,seg-flat|patch+2|det0|iso0|bak-periodic|idm1,seg-flat|patch+0|det0|iso0|bak-connected|idm0,10.35502083,15.62890183,-5.273880992,276048,0.05
resource_constrained,paired_t_approx,seg-flat|patch+2|det0|iso1|bak-connected|idm0,seg-flat|patch+0|det0|iso0|bak-connected|idm0,12.59127083,17.34296875,-4.751697924,276048,0.05
resource_constrained,paired_t_approx,seg-flat|patch+2|det0|iso1|bak-connected|idm1,seg-flat|patch+0|det0|iso0|bak-connected|idm0,13.52222916,17.69132371,-4.169094543,276048,0.05
resource_constrained,paired_t_approx,seg-flat|patch+2|det0|iso1|bak-isolated|idm0,seg-flat|patch+0|det0|iso0|bak-connected|idm0,62.70070833,17.29733178,45.40337655,276048,0.05
resource_constrained,paired_t_approx,seg-flat|patch+2|det0|iso1|bak-isolated|idm1,seg-flat|patch+0|det0|iso0|bak-connected|idm0,64.53864583,18.10290006,46.43574578,276048,0.05
resource_constrained,paired_t_approx,seg-flat|patch+2|det0|iso1|bak-periodic|idm0,seg-flat|patch+0|det0|iso0|bak-connected|idm0,13.63347916,17.85347498,-4.219995812,276048,0.05
resource_constrained,paired_t_approx,seg-flat|patch+2|det0|iso1|bak-periodic|idm1,seg-flat|patch+0|det0|iso0|bak-connected|idm0,16.3705625,18.87016184,-2.499599341,276048,0.05
resource_constrained,paired_t_approx,seg-flat|patch+2|det1|iso0|bak-connected|idm0,seg-flat|patch+0|det0|iso0|bak-connected|idm0,121.349625,18.81122502,102.5384,276048,0.05
resource_constrained,paired_t_approx,seg-flat|patch+2|det1|iso0|bak-connected|idm1,seg-flat|patch+0|det0|iso0|bak-connected|idm0,121.4866667,18.91299317,102.5736735,276048,0.05
resource_constrained,paired_t_approx,seg-flat|patch+2|det1|iso0|bak-isolated|idm0,seg-flat|patch+0|det0|iso0|bak-connected|idm0,169.8229583,18.16749681,151.6554615,276048,0.05
resource_constrained,paired_t_approx,seg-flat|patch+2|det1|iso0|bak-isolated|idm1,seg-flat|patch+0|det0|iso0|bak-connected|idm0,169.2346458,18.4589843,150.7756615,276048,0.05
resource_constrained,paired_t_approx,seg-flat|patch+2|det1|iso0|bak-periodic|idm0,seg-flat|patch+0|det0|iso0|bak-connected|idm0,121.4942292,18.89162637,102.6026028,276048,0.05
resource_constrained,paired_t_approx,seg-flat|patch+2|det1|iso0|bak-periodic|idm1,seg-flat|patch+0|det0|iso0|bak-connected|idm0,122.0375208,19.05238541,102.9851354,276048,0.05
resource_constrained,paired_t_approx,seg-flat|patch+2|det1|iso1|bak-connected|idm0,seg-flat|patch+0|det0|iso0|bak-connected|idm0,124.2051667,19.9537875,104.2513792,276048,0.05
resource_constrained,paired_t_approx,seg-flat|patch+2|det1|iso1|bak-connected|idm1,seg-flat|patch+0|det0|iso0|bak-connected|idm0,124.1265625,19.97861199,104.1479505,276048,0.05
resource_constrained,paired_t_approx,seg-flat|patch+2|det1|iso1|bak-isolated|idm0,seg-flat|patch+0|det0|iso0|bak-connected|idm0,172.5818125,19.16473478,153.4170777,276048,0.05
resource_constrained,paired_t_approx,seg-flat|patch+2|det1|iso1|bak-isolated|idm1,seg-flat|patch+0|det0|iso0|bak-connected|idm0,172.6076667,19.39577964,153.211887,276048,0.05
resource_constrained,paired_t_approx,seg-flat|patch+2|det1|iso1|bak-periodic|idm0,seg-flat|patch+0|det0|iso0|bak-connected|idm0,125.3151875,20.24124499,105.0739425,276048,0.05
resource_constrained,paired_t_approx,seg-flat|patch+2|det1|iso1|bak-periodic|idm1,seg-flat|patch+0|det0|iso0|bak-connected|idm0,126.3304375,20.41744014,105.9129974,276048,0.05
resource_constrained,paired_t_approx,seg-flat|patch+3|det0|iso0|bak-connected|idm0,seg-flat|patch+0|det0|iso0|bak-connected|idm0,9.704187498,16.69768192,-6.993494423,276048,0.05
resource_constrained,paired_t_approx,seg-flat|patch+3|det0|iso0|bak-connected|idm1,seg-flat|patch+0|det0|iso0|bak-connected|idm0,11.5675625,16.90606389,-5.338501394,276048,0.05
resource_constrained,paired_t_approx,seg-flat|patch+3|det0|iso0|bak-isolated|idm0,seg-flat|patch+0|det0|iso0|bak-connected|idm0,58.858,16.49961244,42.35838756,276048,0.05
resource_constrained,paired_t_approx,seg-flat|patch+3|det0|iso0|bak-isolated|idm1,seg-flat|patch+0|det0|iso0|bak-connected|idm0,60.95333333,16.8112757,44.14205764,276048,0.05
resource_constrained,paired_t_approx,seg-flat|patch+3|det0|iso0|bak-periodic|idm0,seg-flat|patch+0|det0|iso0|bak-connected|idm0,11.1078125,17.16770488,-6.059892377,276048,0.05
resource_constrained,paired_t_approx,seg-flat|patch+3|det0|iso0|bak-periodic|idm1,seg-flat|patch+0|det0|iso0|bak-connected|idm0,13.53370833,17.59876806,-4.065059733,276048,0.05
resource_constrained,paired_t_approx,seg-flat|patch+3|det0|iso1|bak-connected|idm0,seg-flat|patch+0|det0|iso0|bak-connected|idm0,15.62904166,19.69874425,-4.069702584,276048,0.05
resource_constrained,paired_t_approx,seg-flat|patch+3|det0|iso1|bak-connected|idm1,seg-flat|patch+0|det0|iso0|bak-connected|idm0,17.53322916,19.79640477,-2.26317561,276048,0.05
resource_constrained,paired_t_approx,seg-flat|patch+3|det0|iso1|bak-isolated|idm0,seg-flat|patch+0|det0|iso0|bak-connected|idm0,64.36047917,19.10789639,45.25258278,276048,0.05
resource_constrained,paired_t_approx,seg-flat|patch+3|det0|iso1|bak-isolated|idm1,seg-flat|patch+0|det0|iso0|bak-connected|idm0,66.89972917,19.62943285,47.27029632,276048,0.05
resource_constrained,paired_t_approx,seg-flat|patch+3|det0|iso1|bak-periodic|idm0,seg-flat|patch+0|det0|iso0|bak-connected|idm0,16.96085417,20.08442657,-3.123572404,276048,0.05
resource_constrained,paired_t_approx,seg-flat|patch+3|det0|iso1|bak-periodic|idm1,seg-flat|patch+0|det0|iso0|bak-connected|idm0,19.90558333,20.80059077,-0.8950074445,276048,0.05
resource_constrained,paired_t_approx,seg-flat|patch+3|det1|iso0|bak-connected|idm0,seg-flat|patch+0|det0|iso0|bak-connected|idm0,125.1438542,20.25837405,104.8854801,276048,0.05
resource_constrained,paired_t_approx,seg-flat|patch+3|det1|iso0|bak-connected|idm1,seg-flat|patch+0|det0|iso0|bak-connected|idm0,124.8383333,20.19679163,104.6415417,276048,0.05
resource_constrained,paired_t_approx,seg-flat|patch+3|det1|iso0|bak-isolated|idm0,seg-flat|patch+0|det0|iso0|bak-connected|idm0,172.1005208,19.40101679,152.699504,276048,0.05
resource_constrained,paired_t_approx,seg-flat|patch+3|det1|iso0|bak-isolated|idm1,seg-flat|patch+0|det0|iso0|bak-connected|idm0,172.0964792,19.32840243,152.7680767,276048,0.05
resource_constrained,paired_t_approx,seg-flat|patch+3|det1|iso0|bak-periodic|idm0,seg-flat|patch+0|det0|iso0|bak-connected|idm0,125.9105208,20.41713452,105.4933863,276048,0.05
resource_constrained,paired_t_approx,seg-flat|patch+3|det1|iso0|bak-periodic|idm1,seg-flat|patch+0|det0|iso0|bak-connected|idm0,126.4471667,20.35023428,106.0969324,276048,0.05
resource_constrained,paired_t_approx,seg-flat|patch+3|det1|iso1|bak-connected|idm0,seg-flat|patch+0|det0|iso0|bak-connected|idm0,128.7939792,21.28618049,107.5077987,276048,0.05
resource_constrained,paired_t_approx,seg-flat|patch+3|det1|iso1|bak-connected|idm1,seg-flat|patch+0|det0|iso0|bak-connected|idm0,128.3039583,21.3515534,106.9524049,276048,0.05
resource_constrained,paired_t_approx,seg-flat|patch+3|det1|iso1|bak-isolated|idm0,seg-flat|patch+0|det0|iso0|bak-connected|idm0,175.529,20.28554186,155.2434581,276048,0.05
resource_constrained,paired_t_approx,seg-flat|patch+3|det1|iso1|bak-isolated|idm1,seg-flat|patch+0|det0|iso0|bak-connected|idm0,175.7981458,20.32378823,155.4743576,276048,0.05
resource_constrained,paired_t_approx,seg-flat|patch+3|det1|iso1|bak-periodic|idm0,seg-flat|patch+0|det0|iso0|bak-connected|idm0,130.5072083,21.61075378,108.8964546,276048,0.05
resource_constrained,paired_t_approx,seg-flat|patch+3|det1|iso1|bak-periodic|idm1,seg-flat|patch+0|det0|iso0|bak-connected|idm0,131.7680417,21.84215238,109.9258893,276048,0.05
resource_constrained,paired_t_approx,seg-least_privilege|patch+0|det0|iso0|bak-connected|idm0,seg-flat|patch+0|det0|iso0|bak-connected|idm0,31.17075,21.48808304,9.682666954,276048,0.05
resource_constrained,paired_t_approx,seg-least_privilege|patch+0|det0|iso0|bak-connected|idm1,seg-flat|patch+0|det0|iso0|bak-connected|idm0,34.72845833,21.37723896,13.35121937,276048,0.05
resource_constrained,paired_t_approx,seg-least_privilege|patch+0|det0|iso0|bak-isolated|idm0,seg-flat|patch+0|det0|iso0|bak-connected|idm0,74.82979167,20.16539859,54.66439307,276048,0.05
resource_constrained,paired_t_approx,seg-least_privilege|patch+0|det0|iso0|bak-isolated|idm1,seg-flat|patch+0|det0|iso0|bak-connected|idm0,77.73577083,20.12779386,57.60797697,276048,0.05
resource_constrained,paired_t_approx,seg-least_privilege|patch+0|det0|iso0|bak-periodic|idm0,seg-flat|patch+0|det0|iso0|bak-connected|idm0,34.17845833,21.50788284,12.67057549,276048,0.05
resource_constrained,paired_t_approx,seg-least_privilege|patch+0|det0|iso0|bak-periodic|idm1,seg-flat|patch+0|det0|iso0|bak-connected|idm0,37.79775,21.35619548,16.44155452,276048,0.05
resource_constrained,paired_t_approx,seg-least_privilege|patch+0|det0|iso1|bak-connected|idm0,seg-flat|patch+0|det0|iso0|bak-connected|idm0,35.60683333,22.79439004,12.81244329,276048,0.05
resource_constrained,paired_t_approx,seg-least_privilege|patch+0|det0|iso1|bak-connected|idm1,seg-flat|patch+0|det0|iso0|bak-connected|idm0,41.173625,23.18789698,17.98572802,276048,0.05
resource_constrained,paired_t_approx,seg-least_privilege|patch+0|det0|iso1|bak-isolated|idm0,seg-flat|patch+0|det0|iso0|bak-connected|idm0,78.88445833,21.18242321,57.70203512,276048,0.05
resource_constrained,paired_t_approx,seg-least_privilege|patch+0|det0|iso1|bak-isolated|idm1,seg-flat|patch+0|det0|iso0|bak-connected|idm0,83.44439583,21.51219936,61.93219647,276048,0.05
resource_constrained,paired_t_approx,seg-least_privilege|patch+0|det0|iso1|bak-periodic|idm0,seg-flat|patch+0|det0|iso0|bak-connected|idm0,38.90108333,22.79356971,16.10751362,276048,0.05
resource_constrained,paired_t_approx,seg-least_privilege|patch+0|det0|iso1|bak-periodic|idm1,seg-flat|patch+0|det0|iso0|bak-connected|idm0,44.27120833,23.15800953,21.1131988,276048,0.05
resource_constrained,paired_t_approx,seg-least_privilege|patch+0|det1|iso0|bak-connected|idm0,seg-flat|patch+0|det0|iso0|bak-connected|idm0,152.1003958,24.67352111,127.4268747,276048,0.05
resource_constrained,paired_t_approx,seg-least_privilege|patch+0|det1|iso0|bak-connected|idm1,seg-flat|patch+0|det0|iso0|bak-connected|idm0,163.5619792,24.9413037,138.6206755,276048,0.05
resource_constrained,paired_t_approx,seg-least_privilege|patch+0|det1|iso0|bak-isolated|idm0,seg-flat|patch+0|det0|iso0|bak-connected|idm0,188.8243125,21.86451992,166.9597926,276048,0.05
resource_constrained,paired_t_approx,seg-least_privilege|patch+0|det1|iso0|bak-isolated|idm1,seg-flat|patch+0|det0|iso0|bak-connected|idm0,198.2932708,21.70946767,176.5838032,276048,0.05
resource_constrained,paired_t_approx,seg-least_privilege|patch+0|det1|iso0|bak-periodic|idm0,seg-flat|patch+0|det0|iso0|bak-connected|idm0,158.4233333,24.27616745,134.1471659,276048,0.05
resource_constrained,paired_t_approx,seg-least_privilege|patch+0|det1|iso0|bak-periodic|idm1,seg-flat|patch+0|det0|iso0|bak-connected|idm0,169.6932292,24.29557548,145.3976537,276048,0.05
resource_constrained,paired_t_approx,seg-least_privilege|patch+0|det1|iso1|bak-connected|idm0,seg-flat|patch+0|det0|iso0|bak-connected|idm0,159.5804792,25.94328881,133.6371904,276048,0.05
resource_constrained,paired_t_approx,seg-least_privilege|patch+0|det1|iso1|bak-connected|idm1,seg-flat|patch+0|det0|iso0|bak-connected|idm0,173.863625,26.17544121,147.6881838,276048,0.05
resource_constrained,paired_t_approx,seg-least_privilege|patch+0|det1|iso1|bak-isolated|idm0,seg-flat|patch+0|det0|iso0|bak-connected|idm0,194.5113958,22.79668566,171.7147102,276048,0.05
resource_constrained,paired_t_approx,seg-least_privilege|patch+0|det1|iso1|bak-isolated|idm1,seg-flat|patch+0|det0|iso0|bak-connected|idm0,206.5737708,22.66395732,183.9098135,276048,0.05
resource_constrained,paired_t_approx,seg-least_privilege|patch+0|det1|iso1|bak-periodic|idm0,seg-flat|patch+0|det0|iso0|bak-connected|idm0,166.1809375,25.36100096,140.8199365,276048,0.05
resource_constrained,paired_t_approx,seg-least_privilege|patch+0|det1|iso1|bak-periodic|idm1,seg-flat|patch+0|det0|iso0|bak-connected|idm0,180.4508125,25.45391838,154.9968941,276048,0.05
resource_constrained,paired_t_approx,seg-least_privilege|patch+1|det0|iso0|bak-connected|idm0,seg-flat|patch+0|det0|iso0|bak-connected|idm0,42.3729375,25.69667821,16.67625929,276048,0.05
resource_constrained,paired_t_approx,seg-least_privilege|patch+1|det0|iso0|bak-connected|idm1,seg-flat|patch+0|det0|iso0|bak-connected|idm0,49.744,25.96537288,23.77862711,276048,0.05
resource_constrained,paired_t_approx,seg-least_privilege|patch+1|det0|iso0|bak-isolated|idm0,seg-flat|patch+0|det0|iso0|bak-connected|idm0,81.96720833,23.67406499,58.29314334,276048,0.05
resource_constrained,paired_t_approx,seg-least_privilege|patch+1|det0|iso0|bak-isolated|idm1,seg-flat|patch+0|det0|iso0|bak-connected|idm0,88.16566666,23.96322757,64.20243909,276048,0.05
resource_constrained,paired_t_approx,seg-least_privilege|patch+1|det0|iso0|bak-periodic|idm0,seg-flat|patch+0|det0|iso0|bak-connected|idm0,46.61581249,25.57916922,21.03664327,276048,0.05
resource_constrained,paired_t_approx,seg-least_privilege|patch+1|det0|iso0|bak-periodic|idm1,seg-flat|patch+0|det0|iso0|bak-connected|idm0,54.49591666,25.91821626,28.57770041,276048,0.05
resource_constrained,paired_t_approx,seg-least_privilege|patch+1|det0|iso1|bak-connected|idm0,seg-flat|patch+0|det0|iso0|bak-connected|idm0,46.85964583,26.58963981,20.27000602,276048,0.05
resource_constrained,paired_t_approx,seg-least_privilege|patch+1|det0|iso1|bak-connected|idm1,seg-flat|patch+0|det0|iso0|bak-connected|idm0,54.7913125,27.18121451,27.61009798,276048,0.05
resource_constrained,paired_t_approx,seg-least_privilege|patch+1|det0|iso1|bak-isolated|idm0,seg-flat|patch+0|det0|iso0|bak-connected|idm0,85.71383333,24.40523142,61.30860191,276048,0.05
resource_constrained,paired_t_approx,seg-least_privilege|patch+1|det0|iso1|bak-isolated|idm1,seg-flat|patch+0|det0|iso0|bak-connected|idm0,92.3190625,24.89684167,67.42222082,276048,0.05
resource_constrained,paired_t_approx,seg-least_privilege|patch+1|det0|iso1|bak-periodic|idm0,seg-flat|patch+0|det0|iso0|bak-connected|idm0,51.61027083,26.49205148,25.11821935,276048,0.05
resource_constrained,paired_t_approx,seg-least_privilege|patch+1|det0|iso1|bak-periodic|idm1,seg-flat|patch+0|det0|iso0|bak-connected|idm0,59.995375,27.08662867,32.90874632,276048,0.05
resource_constrained,paired_t_approx,seg-least_privilege|patch+1|det1|iso0|bak-connected|idm0,seg-flat|patch+0|det0|iso0|bak-connected|idm0,166.1189792,27.03645703,139.0825221,276048,0.05
resource_constrained,paired_t_approx,seg-least_privilege|patch+1|det1|iso0|bak-connected|idm1,seg-flat|patch+0|det0|iso0|bak-connected|idm0,181.3468542,27.11976332,154.2270908,276048,0.05
resource_constrained,paired_t_approx,seg-least_privilege|patch+1|det1|iso0|bak-isolated|idm0,seg-flat|patch+0|det0|iso0|bak-connected|idm0,196.8521667,23.62286377,173.2293029,276048,0.05
resource_constrained,paired_t_approx,seg-least_privilege|patch+1|det1|iso0|bak-isolated|idm1,seg-flat|patch+0|det0|iso0|bak-connected|idm0,209.467125,23.64208622,185.8250388,276048,0.05
resource_constrained,paired_t_approx,seg-least_privilege|patch+1|det1|iso0|bak-periodic|idm0,seg-flat|patch+0|det0|iso0|bak-connected|idm0,172.9480208,26.40443755,146.5435833,276048,0.05
resource_constrained,paired_t_approx,seg-least_privilege|patch+1|det1|iso0|bak-periodic|idm1,seg-flat|patch+0|det0|iso0|bak-connected|idm0,188.116,26.40202346,161.7139765,276048,0.05
resource_constrained,paired_t_approx,seg-least_privilege|patch+1|det1|iso1|bak-connected|idm0,seg-flat|patch+0|det0|iso0|bak-connected|idm0,176.6897292,27.77104312,148.918686,276048,0.05
resource_constrained,paired_t_approx,seg-least_privilege|patch+1|det1|iso1|bak-connected|idm1,seg-flat|patch+0|det0|iso0|bak-connected|idm0,193.5171875,27.86585465,165.6513328,276048,0.05
resource_constrained,paired_t_approx,seg-least_privilege|patch+1|det1|iso1|bak-isolated|idm0,seg-flat|patch+0|det0|iso0|bak-connected|idm0,204.5942917,24.3076254,180.2866663,276048,0.05
resource_constrained,paired_t_approx,seg-least_privilege|patch+1|det1|iso1|bak-isolated|idm1,seg-flat|patch+0|det0|iso0|bak-connected|idm0,218.878625,24.38413286,194.4944921,276048,0.05
resource_constrained,paired_t_approx,seg-least_privilege|patch+1|det1|iso1|bak-periodic|idm0,seg-flat|patch+0|det0|iso0|bak-connected|idm0,183.1652083,27.07855442,156.0866539,276048,0.05
resource_constrained,paired_t_approx,seg-least_privilege|patch+1|det1|iso1|bak-periodic|idm1,seg-flat|patch+0|det0|iso0|bak-connected|idm0,199.1926667,27.32728578,171.8653809,276048,0.05
resource_constrained,paired_t_approx,seg-least_privilege|patch+2|det0|iso0|bak-connected|idm0,seg-flat|patch+0|det0|iso0|bak-connected|idm0,67.82308334,31.04686852,36.77621482,276048,0.05
resource_constrained,paired_t_approx,seg-least_privilege|patch+2|det0|iso0|bak-connected|idm1,seg-flat|patch+0|det0|iso0|bak-connected|idm0,74.79239583,30.94583086,43.84656497,276048,0.05
resource_constrained,paired_t_approx,seg-least_privilege|patch+2|det0|iso0|bak-isolated|idm0,seg-flat|patch+0|det0|iso0|bak-connected|idm0,101.0367708,28.17374877,72.86302206,276048,0.05
resource_constrained,paired_t_approx,seg-least_privilege|patch+2|det0|iso0|bak-isolated|idm1,seg-flat|patch+0|det0|iso0|bak-connected|idm0,107.0451458,28.00640033,79.0387455,276048,0.05
resource_constrained,paired_t_approx,seg-least_privilege|patch+2|det0|iso0|bak-periodic|idm0,seg-flat|patch+0|det0|iso0|bak-connected|idm0,72.54410417,30.76034135,41.78376282,276048,0.05
resource_constrained,paired_t_approx,seg-least_privilege|patch+2|det0|iso0|bak-periodic|idm1,seg-flat|patch+0|det0|iso0|bak-connected|idm0,79.97558333,30.53401902,49.44156431,276048,0.05
resource_constrained,paired_t_approx,seg-least_privilege|patch+2|det0|iso1|bak-connected|idm0,seg-flat|patch+0|det0|iso0|bak-connected|idm0,71.23245833,31.80457981,39.42787852,276048,0.05
resource_constrained,paired_t_approx,seg-least_privilege|patch+2|det0|iso1|bak-connected|idm1,seg-flat|patch+0|det0|iso0|bak-connected|idm0,78.6546875,31.81082702,46.84386048,276048,0.05
resource_constrained,paired_t_approx,seg-least_privilege|patch+2|det0|iso1|bak-isolated|idm0,seg-flat|patch+0|det0|iso0|bak-connected|idm0,104.0535833,28.7773379,75.27624544,276048,0.05
resource_constrained,paired_t_approx,seg-least_privilege|patch+2|det0|iso1|bak-isolated|idm1,seg-flat|patch+0|det0|iso0|bak-connected|idm0,110.1175,28.74586032,81.37163967,276048,0.05
resource_constrained,paired_t_approx,seg-least_privilege|patch+2|det0|iso1|bak-periodic|idm0,seg-flat|patch+0|det0|iso0|bak-connected|idm0,76.63954167,31.42261275,45.21692892,276048,0.05
resource_constrained,paired_t_approx,seg-least_privilege|patch+2|det0|iso1|bak-periodic|idm1,seg-flat|patch+0|det0|iso0|bak-connected|idm0,84.258625,31.32310187,52.93552313,276048,0.05
resource_constrained,paired_t_approx,seg-least_privilege|patch+2|det1|iso0|bak-connected|idm0,seg-flat|patch+0|det0|iso0|bak-connected|idm0,187.6513333,27.70340596,159.9479274,276048,0.05
resource_constrained,paired_t_approx,seg-least_privilege|patch+2|det1|iso0|bak-connected|idm1,seg-flat|patch+0|det0|iso0|bak-connected|idm0,204.9384375,27.67906833,177.2593692,276048,0.05
resource_constrained,paired_t_approx,seg-least_privilege|patch+2|det1|iso0|bak-isolated|idm0,seg-flat|patch+0|det0|iso0|bak-connected|idm0,210.4075625,24.52556188,185.8820006,276048,0.05
resource_constrained,paired_t_approx,seg-least_privilege|patch+2|det1|iso0|bak-isolated|idm1,seg-flat|patch+0|det0|iso0|bak-connected|idm0,225.4011042,24.50186594,200.8992382,276048,0.05
resource_constrained,paired_t_approx,seg-least_privilege|patch+2|det1|iso0|bak-periodic|idm0,seg-flat|patch+0|det0|iso0|bak-connected|idm0,192.9658125,27.15947821,165.8063343,276048,0.05
resource_constrained,paired_t_approx,seg-least_privilege|patch+2|det1|iso0|bak-periodic|idm1,seg-flat|patch+0|det0|iso0|bak-connected|idm0,210.2940417,27.16948595,183.1245557,276048,0.05
resource_constrained,paired_t_approx,seg-least_privilege|patch+2|det1|iso1|bak-connected|idm0,seg-flat|patch+0|det0|iso0|bak-connected|idm0,195.5864167,28.019328,167.5670887,276048,0.05
resource_constrained,paired_t_approx,seg-least_privilege|patch+2|det1|iso1|bak-connected|idm1,seg-flat|patch+0|det0|iso0|bak-connected|idm0,216.0350625,27.62007129,188.4149912,276048,0.05
resource_constrained,paired_t_approx,seg-least_privilege|patch+2|det1|iso1|bak-isolated|idm0,seg-flat|patch+0|det0|iso0|bak-connected|idm0,216.8216042,24.74833942,192.0732647,276048,0.05
resource_constrained,paired_t_approx,seg-least_privilege|patch+2|det1|iso1|bak-isolated|idm1,seg-flat|patch+0|det0|iso0|bak-connected|idm0,234.2531667,24.42614974,209.8270169,276048,0.05
resource_constrained,paired_t_approx,seg-least_privilege|patch+2|det1|iso1|bak-periodic|idm0,seg-flat|patch+0|det0|iso0|bak-connected|idm0,201.1311458,27.26703948,173.8641063,276048,0.05
resource_constrained,paired_t_approx,seg-least_privilege|patch+2|det1|iso1|bak-periodic|idm1,seg-flat|patch+0|det0|iso0|bak-connected|idm0,221.1749167,26.99377906,194.1811376,276048,0.05
resource_constrained,paired_t_approx,seg-least_privilege|patch+3|det0|iso0|bak-connected|idm0,seg-flat|patch+0|det0|iso0|bak-connected|idm0,77.11704167,32.42798434,44.68905732,276048,0.05
resource_constrained,paired_t_approx,seg-least_privilege|patch+3|det0|iso0|bak-connected|idm1,seg-flat|patch+0|det0|iso0|bak-connected|idm0,89.105125,32.39536737,56.70975763,276048,0.05
resource_constrained,paired_t_approx,seg-least_privilege|patch+3|det0|iso0|bak-isolated|idm0,seg-flat|patch+0|det0|iso0|bak-connected|idm0,107.0471667,29.35718388,77.68998278,276048,0.05
resource_constrained,paired_t_approx,seg-least_privilege|patch+3|det0|iso0|bak-isolated|idm1,seg-flat|patch+0|det0|iso0|bak-connected|idm0,117.6731667,29.39739603,88.27577063,276048,0.05
resource_constrained,paired_t_approx,seg-least_privilege|patch+3|det0|iso0|bak-periodic|idm0,seg-flat|patch+0|det0|iso0|bak-connected|idm0,83.36933333,31.87239015,51.49694318,276048,0.05
resource_constrained,paired_t_approx,seg-least_privilege|patch+3|det0|iso0|bak-periodic|idm1,seg-flat|patch+0|det0|iso0|bak-connected|idm0,95.097875,31.9171695,63.1807055,276048,0.05
resource_constrained,paired_t_approx,seg-least_privilege|patch+3|det0|iso1|bak-connected|idm0,seg-flat|patch+0|det0|iso0|bak-connected|idm0,79.8948125,32.81478714,47.08002535,276048,0.05
resource_constrained,paired_t_approx,seg-least_privilege|patch+3|det0|iso1|bak-connected|idm1,seg-flat|patch+0|det0|iso0|bak-connected|idm0,93.0898125,33.11059862,59.97921388,276048,0.05
resource_constrained,paired_t_approx,seg-least_privilege|patch+3|det0|iso1|bak-isolated|idm0,seg-flat|patch+0|det0|iso0|bak-connected|idm0,108.968375,29.77483388,79.19354111,276048,0.05
resource_constrained,paired_t_approx,seg-least_privilege|patch+3|det0|iso1|bak-isolated|idm1,seg-flat|patch+0|det0|iso0|bak-connected|idm0,120.7329167,30.12799563,90.60492104,276048,0.05
resource_constrained,paired_t_approx,seg-least_privilege|patch+3|det0|iso1|bak-periodic|idm0,seg-flat|patch+0|det0|iso0|bak-connected|idm0,86.46354167,32.35923552,54.10430615,276048,0.05
resource_constrained,paired_t_approx,seg-least_privilege|patch+3|det0|iso1|bak-periodic|idm1,seg-flat|patch+0|det0|iso0|bak-connected|idm0,99.99366666,32.61001972,67.38364694,276048,0.05
resource_constrained,paired_t_approx,seg-least_privilege|patch+3|det1|iso0|bak-connected|idm0,seg-flat|patch+0|det0|iso0|bak-connected|idm0,200.9147917,27.56775642,173.3470352,276048,0.05
resource_constrained,paired_t_approx,seg-least_privilege|patch+3|det1|iso0|bak-connected|idm1,seg-flat|patch+0|det0|iso0|bak-connected|idm0,218.7895208,27.81007385,190.979447,276048,0.05
resource_constrained,paired_t_approx,seg-least_privilege|patch+3|det1|iso0|bak-isolated|idm0,seg-flat|patch+0|det0|iso0|bak-connected|idm0,220.4064167,24.592136,195.8142807,276048,0.05
resource_constrained,paired_t_approx,seg-least_privilege|patch+3|det1|iso0|bak-isolated|idm1,seg-flat|patch+0|det0|iso0|bak-connected|idm0,235.4812083,24.80017112,210.6810372,276048,0.05
resource_constrained,paired_t_approx,seg-least_privilege|patch+3|det1|iso0|bak-periodic|idm0,seg-flat|patch+0|det0|iso0|bak-connected|idm0,207.0292917,27.01828361,180.0110081,276048,0.05
resource_constrained,paired_t_approx,seg-least_privilege|patch+3|det1|iso0|bak-periodic|idm1,seg-flat|patch+0|det0|iso0|bak-connected|idm0,224.1776875,27.21465443,196.9630331,276048,0.05
resource_constrained,paired_t_approx,seg-least_privilege|patch+3|det1|iso1|bak-connected|idm0,seg-flat|patch+0|det0|iso0|bak-connected|idm0,209.3968958,27.32526014,182.0716357,276048,0.05
resource_constrained,paired_t_approx,seg-least_privilege|patch+3|det1|iso1|bak-connected|idm1,seg-flat|patch+0|det0|iso0|bak-connected|idm0,229.9085,27.40082887,202.5076711,276048,0.05
resource_constrained,paired_t_approx,seg-least_privilege|patch+3|det1|iso1|bak-isolated|idm0,seg-flat|patch+0|det0|iso0|bak-connected|idm0,227.1685208,24.47751556,202.6910053,276048,0.05
resource_constrained,paired_t_approx,seg-least_privilege|patch+3|det1|iso1|bak-isolated|idm1,seg-flat|patch+0|det0|iso0|bak-connected|idm0,244.2685833,24.52805733,219.740526,276048,0.05
resource_constrained,paired_t_approx,seg-least_privilege|patch+3|det1|iso1|bak-periodic|idm0,seg-flat|patch+0|det0|iso0|bak-connected|idm0,214.8255417,26.71671442,188.1088272,276048,0.05
resource_constrained,paired_t_approx,seg-least_privilege|patch+3|det1|iso1|bak-periodic|idm1,seg-flat|patch+0|det0|iso0|bak-connected|idm0,234.5018542,26.69576915,207.806085,276048,0.05
intermediate_capacity,hoeffding,seg-basic|patch+0|det0|iso0|bak-isolated|idm0,seg-basic|patch+0|det0|iso0|bak-periodic|idm0,32.93802083,106.3153705,-73.37734964,276048,0.05
intermediate_capacity,hoeffding,seg-basic|patch+0|det0|iso0|bak-isolated|idm1,seg-basic|patch+0|det0|iso0|bak-periodic|idm0,39.48516667,106.3153705,-66.83020381,276048,0.05
intermediate_capacity,hoeffding,seg-basic|patch+0|det0|iso0|bak-periodic|idm1,seg-basic|patch+0|det0|iso0|bak-periodic|idm0,7.790166667,106.3153705,-98.52520381,276048,0.05
intermediate_capacity,hoeffding,seg-basic|patch+0|det0|iso1|bak-isolated|idm0,seg-basic|patch+0|det0|iso0|bak-periodic|idm0,37.7429375,106.3153705,-68.57243297,276048,0.05
intermediate_capacity,hoeffding,seg-basic|patch+0|det0|iso1|bak-isolated|idm1,seg-basic|patch+0|det0|iso0|bak-periodic|idm0,42.76541667,106.3153705,-63.54995381,276048,0.05
intermediate_capacity,hoeffding,seg-basic|patch+0|det0|iso1|bak-periodic|idm0,seg-basic|patch+0|det0|iso0|bak-periodic|idm0,6.407208335,106.3153705,-99.90816214,276048,0.05
intermediate_capacity,hoeffding,seg-basic|patch+0|det0|iso1|bak-periodic|idm1,seg-basic|patch+0|det0|iso0|bak-periodic|idm0,12.19460417,106.3153705,-94.12076631,276048,0.05
intermediate_capacity,hoeffding,seg-basic|patch+0|det1|iso0|bak-isolated|idm0,seg-basic|patch+0|det0|iso0|bak-periodic|idm0,116.2900208,106.3153705,9.974650359,276048,0.05
intermediate_capacity,hoeffding,seg-basic|patch+0|det1|iso0|bak-isolated|idm1,seg-basic|patch+0|det0|iso0|bak-periodic|idm0,123.8278542,106.3153705,17.51248369,276048,0.05
intermediate_capacity,hoeffding,seg-basic|patch+0|det1|iso0|bak-periodic|idm0,seg-basic|patch+0|det0|iso0|bak-periodic|idm0,102.9443125,106.3153705,-3.371057975,276048,0.05
intermediate_capacity,hoeffding,seg-basic|patch+0|det1|iso0|bak-periodic|idm1,seg-basic|patch+0|det0|iso0|bak-periodic|idm0,112.0426042,106.3153705,5.727233692,276048,0.05
intermediate_capacity,hoeffding,seg-basic|patch+0|det1|iso1|bak-isolated|idm0,seg-basic|patch+0|det0|iso0|bak-periodic|idm0,121.3215208,106.3153705,15.00615036,276048,0.05
intermediate_capacity,hoeffding,seg-basic|patch+0|det1|iso1|bak-isolated|idm1,seg-basic|patch+0|det0|iso0|bak-periodic|idm0,129.9012083,106.3153705,23.58583786,276048,0.05
intermediate_capacity,hoeffding,seg-basic|patch+0|det1|iso1|bak-periodic|idm0,seg-basic|patch+0|det0|iso0|bak-periodic|idm0,109.1846042,106.3153705,2.869233692,276048,0.05
intermediate_capacity,hoeffding,seg-basic|patch+0|det1|iso1|bak-periodic|idm1,seg-basic|patch+0|det0|iso0|bak-periodic|idm0,119.6093125,106.3153705,13.29394203,276048,0.05
intermediate_capacity,hoeffding,seg-basic|patch+1|det0|iso0|bak-isolated|idm0,seg-basic|patch+0|det0|iso0|bak-periodic|idm0,43.91814583,106.3153705,-62.39722464,276048,0.05
intermediate_capacity,hoeffding,seg-basic|patch+1|det0|iso0|bak-isolated|idm1,seg-basic|patch+0|det0|iso0|bak-periodic|idm0,52.01841667,106.3153705,-54.29695381,276048,0.05
intermediate_capacity,hoeffding,seg-basic|patch+1|det0|iso0|bak-periodic|idm0,seg-basic|patch+0|det0|iso0|bak-periodic|idm0,18.75597917,106.3153705,-87.55939131,276048,0.05
intermediate_capacity,hoeffding,seg-basic|patch+1|det0|iso0|bak-periodic|idm1,seg-basic|patch+0|det0|iso0|bak-periodic|idm0,27.615,106.3153705,-78.70037047,276048,0.05
intermediate_capacity,hoeffding,seg-basic|patch+1|det0|iso1|bak-isolated|idm0,seg-basic|patch+0|det0|iso0|bak-periodic|idm0,48.98722917,106.3153705,-57.32814131,276048,0.05
intermediate_capacity,hoeffding,seg-basic|patch+1|det0|iso1|bak-isolated|idm1,seg-basic|patch+0|det0|iso0|bak-periodic|idm0,56.37039583,106.3153705,-49.94497464,276048,0.05
intermediate_capacity,hoeffding,seg-basic|patch+1|det0|iso1|bak-periodic|idm0,seg-basic|patch+0|det0|iso0|bak-periodic|idm0,25.00202083,106.3153705,-81.31334964,276048,0.05
intermediate_capacity,hoeffding,seg-basic|patch+1|det0|iso1|bak-periodic|idm1,seg-basic|patch+0|det0|iso0|bak-periodic|idm0,33.501875,106.3153705,-72.81349548,276048,0.05
intermediate_capacity,hoeffding,seg-basic|patch+1|det1|iso0|bak-isolated|idm0,seg-basic|patch+0|det0|iso0|bak-periodic|idm0,126.5089583,106.3153705,20.19358786,276048,0.05
intermediate_capacity,hoeffding,seg-basic|patch+1|det1|iso0|bak-isolated|idm1,seg-basic|patch+0|det0|iso0|bak-periodic|idm0,134.1682917,106.3153705,27.85292119,276048,0.05
intermediate_capacity,hoeffding,seg-basic|patch+1|det1|iso0|bak-periodic|idm0,seg-basic|patch+0|det0|iso0|bak-periodic|idm0,118.4553958,106.3153705,12.14002536,276048,0.05
intermediate_capacity,hoeffding,seg-basic|patch+1|det1|iso0|bak-periodic|idm1,seg-basic|patch+0|det0|iso0|bak-periodic|idm0,127.5458542,106.3153705,21.23048369,276048,0.05
intermediate_capacity,hoeffding,seg-basic|patch+1|det1|iso1|bak-isolated|idm0,seg-basic|patch+0|det0|iso0|bak-periodic|idm0,130.9706667,106.3153705,24.65529619,276048,0.05
intermediate_capacity,hoeffding,seg-basic|patch+1|det1|iso1|bak-isolated|idm1,seg-basic|patch+0|det0|iso0|bak-periodic|idm0,138.8898958,106.3153705,32.57452536,276048,0.05
intermediate_capacity,hoeffding,seg-basic|patch+1|det1|iso1|bak-periodic|idm0,seg-basic|patch+0|det0|iso0|bak-periodic|idm0,124.6345625,106.3153705,18.31919202,276048,0.05
intermediate_capacity,hoeffding,seg-basic|patch+1|det1|iso1|bak-periodic|idm1,seg-basic|patch+0|det0|iso0|bak-periodic|idm0,133.5821875,106.3153705,27.26681703,276048,0.05
intermediate_capacity,hoeffding,seg-basic|patch+2|det0|iso0|bak-isolated|idm0,seg-basic|patch+0|det0|iso0|bak-periodic|idm0,56.17429167,106.3153705,-50.14107881,276048,0.05
intermediate_capacity,hoeffding,seg-basic|patch+2|det0|iso0|bak-isolated|idm1,seg-basic|patch+0|det0|iso0|bak-periodic|idm0,62.21075,106.3153705,-44.10462047,276048,0.05
intermediate_capacity,hoeffding,seg-basic|patch+2|det0|iso0|bak-periodic|idm0,seg-basic|patch+0|det0|iso0|bak-periodic|idm0,35.89816667,106.3153705,-70.41720381,276048,0.05
intermediate_capacity,hoeffding,seg-basic|patch+2|det0|iso0|bak-periodic|idm1,seg-basic|patch+0|det0|iso0|bak-periodic|idm0,42.46772917,106.3153705,-63.84764131,276048,0.05
intermediate_capacity,hoeffding,seg-basic|patch+2|det0|iso1|bak-isolated|idm0,seg-basic|patch+0|det0|iso0|bak-periodic|idm0,61.194,106.3153705,-45.12137047,276048,0.05
intermediate_capacity,hoeffding,seg-basic|patch+2|det0|iso1|bak-isolated|idm1,seg-basic|patch+0|det0|iso0|bak-periodic|idm0,69.3664375,106.3153705,-36.94893297,276048,0.05
intermediate_capacity,hoeffding,seg-basic|patch+2|det0|iso1|bak-periodic|idm0,seg-basic|patch+0|det0|iso0|bak-periodic|idm0,42.08722917,106.3153705,-64.22814131,276048,0.05
intermediate_capacity,hoeffding,seg-basic|patch+2|det0|iso1|bak-periodic|idm1,seg-basic|patch+0|det0|iso0|bak-periodic|idm0,51.44425,106.3153705,-54.87112047,276048,0.05
intermediate_capacity,hoeffding,seg-basic|patch+2|det1|iso0|bak-isolated|idm0,seg-basic|patch+0|det0|iso0|bak-periodic|idm0,132.821,106.3153705,26.50562953,276048,0.05
intermediate_capacity,hoeffding,seg-basic|patch+2|det1|iso0|bak-isolated|idm1,seg-basic|patch+0|det0|iso0|bak-periodic|idm0,141.1049167,106.3153705,34.78954619,276048,0.05
intermediate_capacity,hoeffding,seg-basic|patch+2|det1|iso0|bak-periodic|idm0,seg-basic|patch+0|det0|iso0|bak-periodic|idm0,127.4496875,106.3153705,21.13431703,276048,0.05
intermediate_capacity,hoeffding,seg-basic|patch+2|det1|iso0|bak-periodic|idm1,seg-basic|patch+0|det0|iso0|bak-periodic|idm0,137.3368542,106.3153705,31.02148369,276048,0.05
intermediate_capacity,hoeffding,seg-basic|patch+2|det1|iso1|bak-isolated|idm0,seg-basic|patch+0|det0|iso0|bak-periodic|idm0,137.8208542,106.3153705,31.50548369,276048,0.05
intermediate_capacity,hoeffding,seg-basic|patch+2|det1|iso1|bak-isolated|idm1,seg-basic|patch+0|det0|iso0|bak-periodic|idm0,146.7297292,106.3153705,40.41435869,276048,0.05
intermediate_capacity,hoeffding,seg-basic|patch+2|det1|iso1|bak-periodic|idm0,seg-basic|patch+0|det0|iso0|bak-periodic|idm0,133.7209792,106.3153705,27.40560869,276048,0.05
intermediate_capacity,hoeffding,seg-basic|patch+2|det1|iso1|bak-periodic|idm1,seg-basic|patch+0|det0|iso0|bak-periodic|idm0,143.6944375,106.3153705,37.37906702,276048,0.05
intermediate_capacity,hoeffding,seg-least_privilege|patch+0|det0|iso0|bak-isolated|idm0,seg-basic|patch+0|det0|iso0|bak-periodic|idm0,77.34429167,106.3153705,-28.97107881,276048,0.05
intermediate_capacity,hoeffding,seg-least_privilege|patch+0|det0|iso0|bak-isolated|idm1,seg-basic|patch+0|det0|iso0|bak-periodic|idm0,89.81341667,106.3153705,-16.50195381,276048,0.05
intermediate_capacity,hoeffding,seg-least_privilege|patch+0|det0|iso0|bak-periodic|idm0,seg-basic|patch+0|det0|iso0|bak-periodic|idm0,62.17777083,106.3153705,-44.13759964,276048,0.05
intermediate_capacity,hoeffding,seg-least_privilege|patch+0|det0|iso0|bak-periodic|idm1,seg-basic|patch+0|det0|iso0|bak-periodic|idm0,76.22545833,106.3153705,-30.08991214,276048,0.05
intermediate_capacity,hoeffding,seg-least_privilege|patch+0|det0|iso1|bak-isolated|idm0,seg-basic|patch+0|det0|iso0|bak-periodic|idm0,81.3711875,106.3153705,-24.94418298,276048,0.05
intermediate_capacity,hoeffding,seg-least_privilege|patch+0|det0|iso1|bak-isolated|idm1,seg-basic|patch+0|det0|iso0|bak-periodic|idm0,95.03966667,106.3153705,-11.27570381,276048,0.05
intermediate_capacity,hoeffding,seg-least_privilege|patch+0|det0|iso1|bak-periodic|idm0,seg-basic|patch+0|det0|iso0|bak-periodic|idm0,67.84297916,106.3153705,-38.47239131,276048,0.05
intermediate_capacity,hoeffding,seg-least_privilege|patch+0|det0|iso1|bak-periodic|idm1,seg-basic|patch+0|det0|iso0|bak-periodic|idm0,83.67504167,106.3153705,-22.64032881,276048,0.05
intermediate_capacity,hoeffding,seg-least_privilege|patch+0|det1|iso0|bak-isolated|idm0,seg-basic|patch+0|det0|iso0|bak-periodic|idm0,146.337,106.3153705,40.02162953,276048,0.05
intermediate_capacity,hoeffding,seg-least_privilege|patch+0|det1|iso0|bak-isolated|idm1,seg-basic|patch+0|det0|iso0|bak-periodic|idm0,154.836375,106.3153705,48.52100453,276048,0.05
intermediate_capacity,hoeffding,seg-least_privilege|patch+0|det1|iso0|bak-periodic|idm0,seg-basic|patch+0|det0|iso0|bak-periodic|idm0,144.5423542,106.3153705,38.22698369,276048,0.05
intermediate_capacity,hoeffding,seg-least_privilege|patch+0|det1|iso0|bak-periodic|idm1,seg-basic|patch+0|det0|iso0|bak-periodic|idm0,153.8470208,106.3153705,47.53165036,276048,0.05
intermediate_capacity,hoeffding,seg-least_privilege|patch+0|det1|iso1|bak-isolated|idm0,seg-basic|patch+0|det0|iso0|bak-periodic|idm0,149.8430625,106.3153705,43.52769203,276048,0.05
intermediate_capacity,hoeffding,seg-least_privilege|patch+0|det1|iso1|bak-isolated|idm1,seg-basic|patch+0|det0|iso0|bak-periodic|idm0,157.4929375,106.3153705,51.17756703,276048,0.05
intermediate_capacity,hoeffding,seg-least_privilege|patch+0|det1|iso1|bak-periodic|idm0,seg-basic|patch+0|det0|iso0|bak-periodic|idm0,148.433125,106.3153705,42.11775453,276048,0.05
intermediate_capacity,hoeffding,seg-least_privilege|patch+0|det1|iso1|bak-periodic|idm1,seg-basic|patch+0|det0|iso0|bak-periodic|idm0,156.6845417,106.3153705,50.36917119,276048,0.05
intermediate_capacity,hoeffding,seg-least_privilege|patch+1|det0|iso0|bak-isolated|idm0,seg-basic|patch+0|det0|iso0|bak-periodic|idm0,91.56872917,106.3153705,-14.74664131,276048,0.05
intermediate_capacity,hoeffding,seg-least_privilege|patch+1|det0|iso0|bak-isolated|idm1,seg-basic|patch+0|det0|iso0|bak-periodic|idm0,104.7115,106.3153705,-1.603870476,276048,0.05
intermediate_capacity,hoeffding,seg-least_privilege|patch+1|det0|iso0|bak-periodic|idm0,seg-basic|patch+0|det0|iso0|bak-periodic|idm0,82.6565,106.3153705,-23.65887047,276048,0.05
intermediate_capacity,hoeffding,seg-least_privilege|patch+1|det0|iso0|bak-periodic|idm1,seg-basic|patch+0|det0|iso0|bak-periodic|idm0,96.970875,106.3153705,-9.344495476,276048,0.05
intermediate_capacity,hoeffding,seg-least_privilege|patch+1|det0|iso1|bak-isolated|idm0,seg-basic|patch+0|det0|iso0|bak-periodic|idm0,96.58675,106.3153705,-9.728620475,276048,0.05
intermediate_capacity,hoeffding,seg-least_privilege|patch+1|det0|iso1|bak-isolated|idm1,seg-basic|patch+0|det0|iso0|bak-periodic|idm0,109.5026875,106.3153705,3.187317025,276048,0.05
intermediate_capacity,hoeffding,seg-least_privilege|patch+1|det0|iso1|bak-periodic|idm0,seg-basic|patch+0|det0|iso0|bak-periodic|idm0,88.57639583,106.3153705,-17.73897464,276048,0.05
intermediate_capacity,hoeffding,seg-least_privilege|patch+1|det0|iso1|bak-periodic|idm1,seg-basic|patch+0|det0|iso0|bak-periodic|idm0,103.2328125,106.3153705,-3.082557976,276048,0.05
intermediate_capacity,hoeffding,seg-least_privilege|patch+1|det1|iso0|bak-isolated|idm0,seg-basic|patch+0|det0|iso0|bak-periodic|idm0,152.4294375,106.3153705,46.11406703,276048,0.05
intermediate_capacity,hoeffding,seg-least_privilege|patch+1|det1|iso0|bak-isolated|idm1,seg-basic|patch+0|det0|iso0|bak-periodic|idm0,158.2857083,106.3153705,51.97033786,276048,0.05
intermediate_capacity,hoeffding,seg-least_privilege|patch+1|det1|iso0|bak-periodic|idm0,seg-basic|patch+0|det0|iso0|bak-periodic|idm0,151.5503958,106.3153705,45.23502536,276048,0.05
intermediate_capacity,hoeffding,seg-least_privilege|patch+1|det1|iso0|bak-periodic|idm1,seg-basic|patch+0|det0|iso0|bak-periodic|idm0,157.7573542,106.3153705,51.44198369,276048,0.05
intermediate_capacity,hoeffding,seg-least_privilege|patch+1|det1|iso1|bak-isolated|idm0,seg-basic|patch+0|det0|iso0|bak-periodic|idm0,155.2369167,106.3153705,48.92154619,276048,0.05
intermediate_capacity,hoeffding,seg-least_privilege|patch+1|det1|iso1|bak-isolated|idm1,seg-basic|patch+0|det0|iso0|bak-periodic|idm0,159.80425,106.3153705,53.48887952,276048,0.05
intermediate_capacity,hoeffding,seg-least_privilege|patch+1|det1|iso1|bak-periodic|idm0,seg-basic|patch+0|det0|iso0|bak-periodic|idm0,154.6508958,106.3153705,48.33552536,276048,0.05
intermediate_capacity,hoeffding,seg-least_privilege|patch+1|det1|iso1|bak-periodic|idm1,seg-basic|patch+0|det0|iso0|bak-periodic|idm0,159.5099583,106.3153705,53.19458786,276048,0.05
intermediate_capacity,hoeffding,seg-least_privilege|patch+2|det0|iso0|bak-isolated|idm0,seg-basic|patch+0|det0|iso0|bak-periodic|idm0,103.2776667,106.3153705,-3.037703807,276048,0.05
intermediate_capacity,hoeffding,seg-least_privilege|patch+2|det0|iso0|bak-isolated|idm1,seg-basic|patch+0|det0|iso0|bak-periodic|idm0,115.8150208,106.3153705,9.499650358,276048,0.05
intermediate_capacity,hoeffding,seg-least_privilege|patch+2|det0|iso0|bak-periodic|idm0,seg-basic|patch+0|det0|iso0|bak-periodic|idm0,97.2849375,106.3153705,-9.030432975,276048,0.05
intermediate_capacity,hoeffding,seg-least_privilege|patch+2|det0|iso0|bak-periodic|idm1,seg-basic|patch+0|det0|iso0|bak-periodic|idm0,110.4235417,106.3153705,4.108171192,276048,0.05
intermediate_capacity,hoeffding,seg-least_privilege|patch+2|det0|iso1|bak-isolated|idm0,seg-basic|patch+0|det0|iso0|bak-periodic|idm0,107.5047708,106.3153705,1.189400359,276048,0.05
intermediate_capacity,hoeffding,seg-least_privilege|patch+2|det0|iso1|bak-isolated|idm1,seg-basic|patch+0|det0|iso0|bak-periodic|idm0,120.2969583,106.3153705,13.98158786,276048,0.05
intermediate_capacity,hoeffding,seg-least_privilege|patch+2|det0|iso1|bak-periodic|idm0,seg-basic|patch+0|det0|iso0|bak-periodic|idm0,101.8369167,106.3153705,-4.478453809,276048,0.05
intermediate_capacity,hoeffding,seg-least_privilege|patch+2|det0|iso1|bak-periodic|idm1,seg-basic|patch+0|det0|iso0|bak-periodic|idm0,115.7098125,106.3153705,9.394442026,276048,0.05
intermediate_capacity,hoeffding,seg-least_privilege|patch+2|det1|iso0|bak-isolated|idm0,seg-basic|patch+0|det0|iso0|bak-periodic|idm0,155.0056875,106.3153705,48.69031703,276048,0.05
intermediate_capacity,hoeffding,seg-least_privilege|patch+2|det1|iso0|bak-isolated|idm1,seg-basic|patch+0|det0|iso0|bak-periodic|idm0,159.6079167,106.3153705,53.29254619,276048,0.05
intermediate_capacity,hoeffding,seg-least_privilege|patch+2|det1|iso0|bak-periodic|idm0,seg-basic|patch+0|det0|iso0|bak-periodic|idm0,154.4112083,106.3153705,48.09583786,276048,0.05
intermediate_capacity,hoeffding,seg-least_privilege|patch+2|det1|iso0|bak-periodic|idm1,seg-basic|patch+0|det0|iso0|bak-periodic|idm0,159.2287917,106.3153705,52.91342119,276048,0.05
intermediate_capacity,hoeffding,seg-least_privilege|patch+2|det1|iso1|bak-isolated|idm0,seg-basic|patch+0|det0|iso0|bak-periodic|idm0,157.4560417,106.3153705,51.14067119,276048,0.05
intermediate_capacity,hoeffding,seg-least_privilege|patch+2|det1|iso1|bak-isolated|idm1,seg-basic|patch+0|det0|iso0|bak-periodic|idm0,161.2901458,106.3153705,54.97477536,276048,0.05
intermediate_capacity,hoeffding,seg-least_privilege|patch+2|det1|iso1|bak-periodic|idm0,seg-basic|patch+0|det0|iso0|bak-periodic|idm0,157.0493333,106.3153705,50.73396286,276048,0.05
intermediate_capacity,hoeffding,seg-least_privilege|patch+2|det1|iso1|bak-periodic|idm1,seg-basic|patch+0|det0|iso0|bak-periodic|idm0,161.1162917,106.3153705,54.80092119,276048,0.05
intermediate_capacity,empirical_bernstein,seg-basic|patch+0|det0|iso0|bak-isolated|idm0,seg-basic|patch+0|det0|iso0|bak-periodic|idm0,32.93802083,80.73750748,-47.79948664,276048,0.05
intermediate_capacity,empirical_bernstein,seg-basic|patch+0|det0|iso0|bak-isolated|idm1,seg-basic|patch+0|det0|iso0|bak-periodic|idm0,39.48516667,85.69204026,-46.20687359,276048,0.05
intermediate_capacity,empirical_bernstein,seg-basic|patch+0|det0|iso0|bak-periodic|idm1,seg-basic|patch+0|det0|iso0|bak-periodic|idm0,7.790166667,83.53442691,-75.74426024,276048,0.05
intermediate_capacity,empirical_bernstein,seg-basic|patch+0|det0|iso1|bak-isolated|idm0,seg-basic|patch+0|det0|iso0|bak-periodic|idm0,37.7429375,84.86803654,-47.12509904,276048,0.05
intermediate_capacity,empirical_bernstein,seg-basic|patch+0|det0|iso1|bak-isolated|idm1,seg-basic|patch+0|det0|iso0|bak-periodic|idm0,42.76541667,88.12651253,-45.36109587,276048,0.05
intermediate_capacity,empirical_bernstein,seg-basic|patch+0|det0|iso1|bak-periodic|idm0,seg-basic|patch+0|det0|iso0|bak-periodic|idm0,6.407208335,82.79967761,-76.39246927,276048,0.05
intermediate_capacity,empirical_bernstein,seg-basic|patch+0|det0|iso1|bak-periodic|idm1,seg-basic|patch+0|det0|iso0|bak-periodic|idm0,12.19460417,87.14475919,-74.95015502,276048,0.05
intermediate_capacity,empirical_bernstein,seg-basic|patch+0|det1|iso0|bak-isolated|idm0,seg-basic|patch+0|det0|iso0|bak-periodic|idm0,116.2900208,96.93525288,19.35476795,276048,0.05
intermediate_capacity,empirical_bernstein,seg-basic|patch+0|det1|iso0|bak-isolated|idm1,seg-basic|patch+0|det0|iso0|bak-periodic|idm0,123.8278542,97.91189224,25.91596192,276048,0.05
intermediate_capacity,empirical_bernstein,seg-basic|patch+0|det1|iso0|bak-periodic|idm0,seg-basic|patch+0|det0|iso0|bak-periodic|idm0,102.9443125,96.69795577,6.246356726,276048,0.05
intermediate_capacity,empirical_bernstein,seg-basic|patch+0|det1|iso0|bak-periodic|idm1,seg-basic|patch+0|det0|iso0|bak-periodic|idm0,112.0426042,98.01692985,14.02567432,276048,0.05
intermediate_capacity,empirical_bernstein,seg-basic|patch+0|det1|iso1|bak-isolated|idm0,seg-basic|patch+0|det0|iso0|bak-periodic|idm0,121.3215208,97.44754169,23.87397914,276048,0.05
intermediate_capacity,empirical_bernstein,seg-basic|patch+0|det1|iso1|bak-isolated|idm1,seg-basic|patch+0|det0|iso0|bak-periodic|idm0,129.9012083,98.60151003,31.2996983,276048,0.05
intermediate_capacity,empirical_bernstein,seg-basic|patch+0|det1|iso1|bak-periodic|idm0,seg-basic|patch+0|det0|iso0|bak-periodic|idm0,109.1846042,97.4365225,11.74808166,276048,0.05
intermediate_capacity,empirical_bernstein,seg-basic|patch+0|det1|iso1|bak-periodic|idm1,seg-basic|patch+0|det0|iso0|bak-periodic|idm0,119.6093125,98.8484225,20.76089,276048,0.05
intermediate_capacity,empirical_bernstein,seg-basic|patch+1|det0|iso0|bak-isolated|idm0,seg-basic|patch+0|det0|iso0|bak-periodic|idm0,43.91814583,90.65031657,-46.73217073,276048,0.05
intermediate_capacity,empirical_bernstein,seg-basic|patch+1|det0|iso0|bak-isolated|idm1,seg-basic|patch+0|det0|iso0|bak-periodic|idm0,52.01841667,92.52154007,-40.50312341,276048,0.05
intermediate_capacity,empirical_bernstein,seg-basic|patch+1|det0|iso0|bak-periodic|idm0,seg-basic|patch+0|det0|iso0|bak-periodic|idm0,18.75597917,91.05113864,-72.29515948,276048,0.05
intermediate_capacity,empirical_bernstein,seg-basic|patch+1|det0|iso0|bak-periodic|idm1,seg-basic|patch+0|det0|iso0|bak-periodic|idm0,27.615,93.14004285,-65.52504284,276048,0.05
intermediate_capacity,empirical_bernstein,seg-basic|patch+1|det0|iso1|bak-isolated|idm0,seg-basic|patch+0|det0|iso0|bak-periodic|idm0,48.98722917,92.06374893,-43.07651976,276048,0.05
intermediate_capacity,empirical_bernstein,seg-basic|patch+1|det0|iso1|bak-isolated|idm1,seg-basic|patch+0|det0|iso0|bak-periodic|idm0,56.37039583,93.97167636,-37.60128053,276048,0.05
intermediate_capacity,empirical_bernstein,seg-basic|patch+1|det0|iso1|bak-periodic|idm0,seg-basic|patch+0|det0|iso0|bak-periodic|idm0,25.00202083,92.82342366,-67.82140282,276048,0.05
intermediate_capacity,empirical_bernstein,seg-basic|patch+1|det0|iso1|bak-periodic|idm1,seg-basic|patch+0|det0|iso0|bak-periodic|idm0,33.501875,94.89068171,-61.38880672,276048,0.05
intermediate_capacity,empirical_bernstein,seg-basic|patch+1|det1|iso0|bak-isolated|idm0,seg-basic|patch+0|det0|iso0|bak-periodic|idm0,126.5089583,97.82460027,28.68435807,276048,0.05
intermediate_capacity,empirical_bernstein,seg-basic|patch+1|det1|iso0|bak-isolated|idm1,seg-basic|patch+0|det0|iso0|bak-periodic|idm0,134.1682917,98.76859339,35.39969828,276048,0.05
intermediate_capacity,empirical_bernstein,seg-basic|patch+1|det1|iso0|bak-periodic|idm0,seg-basic|patch+0|det0|iso0|bak-periodic|idm0,118.4553958,97.8965259,20.55886993,276048,0.05
intermediate_capacity,empirical_bernstein,seg-basic|patch+1|det1|iso0|bak-periodic|idm1,seg-basic|patch+0|det0|iso0|bak-periodic|idm0,127.5458542,98.9802341,28.56562006,276048,0.05
intermediate_capacity,empirical_bernstein,seg-basic|patch+1|det1|iso1|bak-isolated|idm0,seg-basic|patch+0|det0|iso0|bak-periodic|idm0,130.9706667,98.55913654,32.41153013,276048,0.05
intermediate_capacity,empirical_bernstein,seg-basic|patch+1|det1|iso1|bak-isolated|idm1,seg-basic|patch+0|det0|iso0|bak-periodic|idm0,138.8898958,99.61557175,39.27432408,276048,0.05
intermediate_capacity,empirical_bernstein,seg-basic|patch+1|det1|iso1|bak-periodic|idm0,seg-basic|patch+0|det0|iso0|bak-periodic|idm0,124.6345625,98.8737388,25.7608237,276048,0.05
intermediate_capacity,empirical_bernstein,seg-basic|patch+1|det1|iso1|bak-periodic|idm1,seg-basic|patch+0|det0|iso0|bak-periodic|idm0,133.5821875,99.84355221,33.73863529,276048,0.05
intermediate_capacity,empirical_bernstein,seg-basic|patch+2|det0|iso0|bak-isolated|idm0,seg-basic|patch+0|det0|iso0|bak-periodic|idm0,56.17429167,93.65535778,-37.48106612,276048,0.05
intermediate_capacity,empirical_bernstein,seg-basic|patch+2|det0|iso0|bak-isolated|idm1,seg-basic|patch+0|det0|iso0|bak-periodic|idm0,62.21075,95.78446402,-33.57371402,276048,0.05
intermediate_capacity,empirical_bernstein,seg-basic|patch+2|det0|iso0|bak-periodic|idm0,seg-basic|patch+0|det0|iso0|bak-periodic|idm0,35.89816667,94.78689756,-58.88873089,276048,0.05
intermediate_capacity,empirical_bernstein,seg-basic|patch+2|det0|iso0|bak-periodic|idm1,seg-basic|patch+0|det0|iso0|bak-periodic|idm0,42.46772917,97.20619167,-54.73846251,276048,0.05
intermediate_capacity,empirical_bernstein,seg-basic|patch+2|det0|iso1|bak-isolated|idm0,seg-basic|patch+0|det0|iso0|bak-periodic|idm0,61.194,94.62978246,-33.43578246,276048,0.05
intermediate_capacity,empirical_bernstein,seg-basic|patch+2|det0|iso1|bak-isolated|idm1,seg-basic|patch+0|det0|iso0|bak-periodic|idm0,69.3664375,96.50960265,-27.14316515,276048,0.05
intermediate_capacity,empirical_bernstein,seg-basic|patch+2|det0|iso1|bak-periodic|idm0,seg-basic|patch+0|det0|iso0|bak-periodic|idm0,42.08722917,95.81763325,-53.73040408,276048,0.05
intermediate_capacity,empirical_bernstein,seg-basic|patch+2|det0|iso1|bak-periodic|idm1,seg-basic|patch+0|det0|iso0|bak-periodic|idm0,51.44425,98.05018371,-46.60593371,276048,0.05
intermediate_capacity,empirical_bernstein,seg-basic|patch+2|det1|iso0|bak-isolated|idm0,seg-basic|patch+0|det0|iso0|bak-periodic|idm0,132.821,98.67942591,34.14157409,276048,0.05
intermediate_capacity,empirical_bernstein,seg-basic|patch+2|det1|iso0|bak-isolated|idm1,seg-basic|patch+0|det0|iso0|bak-periodic|idm0,141.1049167,99.34379514,41.76112153,276048,0.05
intermediate_capacity,empirical_bernstein,seg-basic|patch+2|det1|iso0|bak-periodic|idm0,seg-basic|patch+0|det0|iso0|bak-periodic|idm0,127.4496875,98.86877638,28.58091112,276048,0.05
intermediate_capacity,empirical_bernstein,seg-basic|patch+2|det1|iso0|bak-periodic|idm1,seg-basic|patch+0|det0|iso0|bak-periodic|idm0,137.3368542,99.4577677,37.87908646,276048,0.05
intermediate_capacity,empirical_bernstein,seg-basic|patch+2|det1|iso1|bak-isolated|idm0,seg-basic|patch+0|det0|iso0|bak-periodic|idm0,137.8208542,99.10586942,38.71498475,276048,0.05
intermediate_capacity,empirical_bernstein,seg-basic|patch+2|det1|iso1|bak-isolated|idm1,seg-basic|patch+0|det0|iso0|bak-periodic|idm0,146.7297292,99.76649663,46.96323254,276048,0.05
intermediate_capacity,empirical_bernstein,seg-basic|patch+2|det1|iso1|bak-periodic|idm0,seg-basic|patch+0|det0|iso0|bak-periodic|idm0,133.7209792,99.40143444,34.31954472,276048,0.05
intermediate_capacity,empirical_bernstein,seg-basic|patch+2|det1|iso1|bak-periodic|idm1,seg-basic|patch+0|det0|iso0|bak-periodic|idm0,143.6944375,99.90516029,43.78927721,276048,0.05
intermediate_capacity,empirical_bernstein,seg-least_privilege|patch+0|det0|iso0|bak-isolated|idm0,seg-basic|patch+0|det0|iso0|bak-periodic|idm0,77.34429167,96.07944777,-18.7351561,276048,0.05
intermediate_capacity,empirical_bernstein,seg-least_privilege|patch+0|det0|iso0|bak-isolated|idm1,seg-basic|patch+0|det0|iso0|bak-periodic|idm0,89.81341667,97.73924868,-7.925832015,276048,0.05
intermediate_capacity,empirical_bernstein,seg-least_privilege|patch+0|det0|iso0|bak-periodic|idm0,seg-basic|patch+0|det0|iso0|bak-periodic|idm0,62.17777083,96.78213342,-34.60436259,276048,0.05
intermediate_capacity,empirical_bernstein,seg-least_privilege|patch+0|det0|iso0|bak-periodic|idm1,seg-basic|patch+0|det0|iso0|bak-periodic|idm0,76.22545833,98.6988816,-22.47342327,276048,0.05
intermediate_capacity,empirical_bernstein,seg-least_privilege|patch+0|det0|iso1|bak-isolated|idm0,seg-basic|patch+0|det0|iso0|bak-periodic|idm0,81.3711875,97.03700988,-15.66582238,276048,0.05
intermediate_capacity,empirical_bernstein,seg-least_privilege|patch+0|det0|iso1|bak-isolated|idm1,seg-basic|patch+0|det0|iso0|bak-periodic|idm0,95.03966667,98.3194895,-3.279822834,276048,0.05
intermediate_capacity,empirical_bernstein,seg-least_privilege|patch+0|det0|iso1|bak-periodic|idm0,seg-basic|patch+0|det0|iso0|bak-periodic|idm0,67.84297916,97.9057914,-30.06281224,276048,0.05
intermediate_capacity,empirical_bernstein,seg-least_privilege|patch+0|det0|iso1|bak-periodic|idm1,seg-basic|patch+0|det0|iso0|bak-periodic|idm0,83.67504167,99.23861092,-15.56356926,276048,0.05
intermediate_capacity,empirical_bernstein,seg-least_privilege|patch+0|det1|iso0|bak-isolated|idm0,seg-basic|patch+0|det0|iso0|bak-periodic|idm0,146.337,99.5121233,46.8248767,276048,0.05
intermediate_capacity,empirical_bernstein,seg-least_privilege|patch+0|det1|iso0|bak-isolated|idm1,seg-basic|patch+0|det0|iso0|bak-periodic|idm0,154.836375,100.2155165,54.62085849,276048,0.05
intermediate_capacity,empirical_bernstein,seg-least_privilege|patch+0|det1|iso0|bak-periodic|idm0,seg-basic|patch+0|det0|iso0|bak-periodic|idm0,144.5423542,99.63898658,44.90336758,276048,0.05
intermediate_capacity,empirical_bernstein,seg-least_privilege|patch+0|det1|iso0|bak-periodic|idm1,seg-basic|patch+0|det0|iso0|bak-periodic|idm0,153.8470208,100.2779992,53.56902165,276048,0.05
intermediate_capacity,empirical_bernstein,seg-least_privilege|patch+0|det1|iso1|bak-isolated|idm0,seg-basic|patch+0|det0|iso0|bak-periodic|idm0,149.8430625,99.68740179,50.1556607,276048,0.05
intermediate_capacity,empirical_bernstein,seg-least_privilege|patch+0|det1|iso1|bak-isolated|idm1,seg-basic|patch+0|det0|iso0|bak-periodic|idm0,157.4929375,100.3045319,57.18840558,276048,0.05
intermediate_capacity,empirical_bernstein,seg-least_privilege|patch+0|det1|iso1|bak-periodic|idm0,seg-basic|patch+0|det0|iso0|bak-periodic|idm0,148.433125,99.7811461,48.6519789,276048,0.05
intermediate_capacity,empirical_bernstein,seg-least_privilege|patch+0|det1|iso1|bak-periodic|idm1,seg-basic|patch+0|det0|iso0|bak-periodic|idm0,156.6845417,100.3509556,56.33358602,276048,0.05
intermediate_capacity,empirical_bernstein,seg-least_privilege|patch+1|det0|iso0|bak-isolated|idm0,seg-basic|patch+0|det0|iso0|bak-periodic|idm0,91.56872917,98.7536324,-7.184903234,276048,0.05
intermediate_capacity,empirical_bernstein,seg-least_privilege|patch+1|det0|iso0|bak-isolated|idm1,seg-basic|patch+0|det0|iso0|bak-periodic|idm0,104.7115,99.45620464,5.255295356,276048,0.05
intermediate_capacity,empirical_bernstein,seg-least_privilege|patch+1|det0|iso0|bak-periodic|idm0,seg-basic|patch+0|det0|iso0|bak-periodic|idm0,82.6565,99.53717558,-16.88067558,276048,0.05
intermediate_capacity,empirical_bernstein,seg-least_privilege|patch+1|det0|iso0|bak-periodic|idm1,seg-basic|patch+0|det0|iso0|bak-periodic|idm0,96.970875,100.2951581,-3.324283071,276048,0.05
intermediate_capacity,empirical_bernstein,seg-least_privilege|patch+1|det0|iso1|bak-isolated|idm0,seg-basic|patch+0|det0|iso0|bak-periodic|idm0,96.58675,99.34319579,-2.756445787,276048,0.05
intermediate_capacity,empirical_bernstein,seg-least_privilege|patch+1|det0|iso1|bak-isolated|idm1,seg-basic|patch+0|det0|iso0|bak-periodic|idm0,109.5026875,99.94557739,9.55711011,276048,0.05
intermediate_capacity,empirical_bernstein,seg-least_privilege|patch+1|det0|iso1|bak-periodic|idm0,seg-basic|patch+0|det0|iso0|bak-periodic|idm0,88.57639583,100.1682635,-11.59186766,276048,0.05
intermediate_capacity,empirical_bernstein,seg-least_privilege|patch+1|det0|iso1|bak-periodic|idm1,seg-basic|patch+0|det0|iso0|bak-periodic|idm0,103.2328125,100.9059847,2.326827802,276048,0.05
intermediate_capacity,empirical_bernstein,seg-least_privilege|patch+1|det1|iso0|bak-isolated|idm0,seg-basic|patch+0|det0|iso0|bak-periodic|idm0,152.4294375,99.79590506,52.63353244,276048,0.05
intermediate_capacity,empirical_bernstein,seg-least_privilege|patch+1|det1|iso0|bak-isolated|idm1,seg-basic|patch+0|det0|iso0|bak-periodic|idm0,158.2857083,100.2351563,58.05055205,276048,0.05
intermediate_capacity,empirical_bernstein,seg-least_privilege|patch+1|det1|iso0|bak-periodic|idm0,seg-basic|patch+0|det0|iso0|bak-periodic|idm0,151.5503958,99.84052269,51.70987315,276048,0.05
intermediate_capacity,empirical_bernstein,seg-least_privilege|patch+1|det1|iso0|bak-periodic|idm1,seg-basic|patch+0|det0|iso0|bak-periodic|idm0,157.7573542,100.2483284,57.50902572,276048,0.05
intermediate_capacity,empirical_bernstein,seg-least_privilege|patch+1|det1|iso1|bak-isolated|idm0,seg-basic|patch+0|det0|iso0|bak-periodic|idm0,155.2369167,100.0062217,55.23069499,276048,0.05
intermediate_capacity,empirical_bernstein,seg-least_privilege|patch+1|det1|iso1|bak-isolated|idm1,seg-basic|patch+0|det0|iso0|bak-periodic|idm0,159.80425,100.3865975,59.41765249,276048,0.05
intermediate_capacity,empirical_bernstein,seg-least_privilege|patch+1|det1|iso1|bak-periodic|idm0,seg-basic|patch+0|det0|iso0|bak-periodic|idm0,154.6508958,100.0386035,54.61229238,276048,0.05
intermediate_capacity,empirical_bernstein,seg-least_privilege|patch+1|det1|iso1|bak-periodic|idm1,seg-basic|patch+0|det0|iso0|bak-periodic|idm0,159.5099583,100.3994887,59.11046967,276048,0.05
intermediate_capacity,empirical_bernstein,seg-least_privilege|patch+2|det0|iso0|bak-isolated|idm0,seg-basic|patch+0|det0|iso0|bak-periodic|idm0,103.2776667,99.97870731,3.298959359,276048,0.05
intermediate_capacity,empirical_bernstein,seg-least_privilege|patch+2|det0|iso0|bak-isolated|idm1,seg-basic|patch+0|det0|iso0|bak-periodic|idm0,115.8150208,100.8733681,14.94165269,276048,0.05
intermediate_capacity,empirical_bernstein,seg-least_privilege|patch+2|det0|iso0|bak-periodic|idm0,seg-basic|patch+0|det0|iso0|bak-periodic|idm0,97.2849375,100.6024144,-3.317476894,276048,0.05
intermediate_capacity,empirical_bernstein,seg-least_privilege|patch+2|det0|iso0|bak-periodic|idm1,seg-basic|patch+0|det0|iso0|bak-periodic|idm0,110.4235417,101.6797373,8.743804367,276048,0.05
intermediate_capacity,empirical_bernstein,seg-least_privilege|patch+2|det0|iso1|bak-isolated|idm0,seg-basic|patch+0|det0|iso0|bak-periodic|idm0,107.5047708,100.2171292,7.287641586,276048,0.05
intermediate_capacity,empirical_bernstein,seg-least_privilege|patch+2|det0|iso1|bak-isolated|idm1,seg-basic|patch+0|det0|iso0|bak-periodic|idm0,120.2969583,100.9202315,19.37672679,276048,0.05
intermediate_capacity,empirical_bernstein,seg-least_privilege|patch+2|det0|iso1|bak-periodic|idm0,seg-basic|patch+0|det0|iso0|bak-periodic|idm0,101.8369167,100.9097475,0.9271691268,276048,0.05
intermediate_capacity,empirical_bernstein,seg-least_privilege|patch+2|det0|iso1|bak-periodic|idm1,seg-basic|patch+0|det0|iso0|bak-periodic|idm0,115.7098125,101.6745784,14.03523412,276048,0.05
intermediate_capacity,empirical_bernstein,seg-least_privilege|patch+2|det1|iso0|bak-isolated|idm0,seg-basic|patch+0|det0|iso0|bak-periodic|idm0,155.0056875,99.92528189,55.08040561,276048,0.05
intermediate_capacity,empirical_bernstein,seg-least_privilege|patch+2|det1|iso0|bak-isolated|idm1,seg-basic|patch+0|det0|iso0|bak-periodic|idm0,159.6079167,100.4239309,59.18398574,276048,0.05
intermediate_capacity,empirical_bernstein,seg-least_privilege|patch+2|det1|iso0|bak-periodic|idm0,seg-basic|patch+0|det0|iso0|bak-periodic|idm0,154.4112083,99.95659384,54.4546145,276048,0.05
intermediate_capacity,empirical_bernstein,seg-least_privilege|patch+2|det1|iso0|bak-periodic|idm1,seg-basic|patch+0|det0|iso0|bak-periodic|idm0,159.2287917,100.4567887,58.77200294,276048,0.05
intermediate_capacity,empirical_bernstein,seg-least_privilege|patch+2|det1|iso1|bak-isolated|idm0,seg-basic|patch+0|det0|iso0|bak-periodic|idm0,157.4560417,100.1821575,57.2738842,276048,0.05
intermediate_capacity,empirical_bernstein,seg-least_privilege|patch+2|det1|iso1|bak-isolated|idm1,seg-basic|patch+0|det0|iso0|bak-periodic|idm0,161.2901458,100.5698992,60.72024667,276048,0.05
intermediate_capacity,empirical_bernstein,seg-least_privilege|patch+2|det1|iso1|bak-periodic|idm0,seg-basic|patch+0|det0|iso0|bak-periodic|idm0,157.0493333,100.2255906,56.82374276,276048,0.05
intermediate_capacity,empirical_bernstein,seg-least_privilege|patch+2|det1|iso1|bak-periodic|idm1,seg-basic|patch+0|det0|iso0|bak-periodic|idm0,161.1162917,100.5843738,60.53191783,276048,0.05
intermediate_capacity,paired_t_approx,seg-basic|patch+0|det0|iso0|bak-isolated|idm0,seg-basic|patch+0|det0|iso0|bak-periodic|idm0,32.93802083,7.561717,25.37630383,276048,0.05
intermediate_capacity,paired_t_approx,seg-basic|patch+0|det0|iso0|bak-isolated|idm1,seg-basic|patch+0|det0|iso0|bak-periodic|idm0,39.48516667,12.10633905,27.37882762,276048,0.05
intermediate_capacity,paired_t_approx,seg-basic|patch+0|det0|iso0|bak-periodic|idm1,seg-basic|patch+0|det0|iso0|bak-periodic|idm0,7.790166667,10.20436895,-2.414202287,276048,0.05
intermediate_capacity,paired_t_approx,seg-basic|patch+0|det0|iso1|bak-isolated|idm0,seg-basic|patch+0|det0|iso0|bak-periodic|idm0,37.7429375,11.33107741,26.41186009,276048,0.05
intermediate_capacity,paired_t_approx,seg-basic|patch+0|det0|iso1|bak-isolated|idm1,seg-basic|patch+0|det0|iso0|bak-periodic|idm0,42.76541667,14.3742097,28.39120696,276048,0.05
intermediate_capacity,paired_t_approx,seg-basic|patch+0|det0|iso1|bak-periodic|idm0,seg-basic|patch+0|det0|iso0|bak-periodic|idm0,6.407208335,9.522435867,-3.115227532,276048,0.05
intermediate_capacity,paired_t_approx,seg-basic|patch+0|det0|iso1|bak-periodic|idm1,seg-basic|patch+0|det0|iso0|bak-periodic|idm0,12.19460417,13.49227552,-1.297671348,276048,0.05
intermediate_capacity,paired_t_approx,seg-basic|patch+0|det1|iso0|bak-isolated|idm0,seg-basic|patch+0|det0|iso0|bak-periodic|idm0,116.2900208,22.41571914,93.8743017,276048,0.05
intermediate_capacity,paired_t_approx,seg-basic|patch+0|det1|iso0|bak-isolated|idm1,seg-basic|patch+0|det0|iso0|bak-periodic|idm0,123.8278542,23.28304623,100.5448079,276048,0.05
intermediate_capacity,paired_t_approx,seg-basic|patch+0|det1|iso0|bak-periodic|idm0,seg-basic|patch+0|det0|iso0|bak-periodic|idm0,102.9443125,22.22652455,80.71778795,276048,0.05
intermediate_capacity,paired_t_approx,seg-basic|patch+0|det1|iso0|bak-periodic|idm1,seg-basic|patch+0|det0|iso0|bak-periodic|idm0,112.0426042,23.40975155,88.63285262,276048,0.05
intermediate_capacity,paired_t_approx,seg-basic|patch+0|det1|iso1|bak-isolated|idm0,seg-basic|patch+0|det0|iso0|bak-periodic|idm0,121.3215208,22.87372303,98.44779781,276048,0.05
intermediate_capacity,paired_t_approx,seg-basic|patch+0|det1|iso1|bak-isolated|idm1,seg-basic|patch+0|det0|iso0|bak-periodic|idm0,129.9012083,23.90911692,105.9920914,276048,0.05
intermediate_capacity,paired_t_approx,seg-basic|patch+0|det1|iso1|bak-periodic|idm0,seg-basic|patch+0|det0|iso0|bak-periodic|idm0,109.1846042,22.89197029,86.29263388,276048,0.05
intermediate_capacity,paired_t_approx,seg-basic|patch+0|det1|iso1|bak-periodic|idm1,seg-basic|patch+0|det0|iso0|bak-periodic|idm0,119.6093125,24.14789657,95.46141593,276048,0.05
intermediate_capacity,paired_t_approx,seg-basic|patch+1|det0|iso0|bak-isolated|idm0,seg-basic|patch+0|det0|iso0|bak-periodic|idm0,43.91814583,16.65571807,27.26242776,276048,0.05
intermediate_capacity,paired_t_approx,seg-basic|patch+1|det0|iso0|bak-isolated|idm1,seg-basic|patch+0|det0|iso0|bak-periodic|idm0,52.01841667,18.35304765,33.66536902,276048,0.05
intermediate_capacity,paired_t_approx,seg-basic|patch+1|det0|iso0|bak-periodic|idm0,seg-basic|patch+0|det0|iso0|bak-periodic|idm0,18.75597917,17.01293832,1.74304085,276048,0.05
intermediate_capacity,paired_t_approx,seg-basic|patch+1|det0|iso0|bak-periodic|idm1,seg-basic|patch+0|det0|iso0|bak-periodic|idm0,27.615,18.85940852,8.755591483,276048,0.05
intermediate_capacity,paired_t_approx,seg-basic|patch+1|det0|iso1|bak-isolated|idm0,seg-basic|patch+0|det0|iso0|bak-periodic|idm0,48.98722917,17.89708443,31.09014473,276048,0.05
intermediate_capacity,paired_t_approx,seg-basic|patch+1|det0|iso1|bak-isolated|idm1,seg-basic|patch+0|det0|iso0|bak-periodic|idm0,56.37039583,19.68839809,36.68199774,276048,0.05
intermediate_capacity,paired_t_approx,seg-basic|patch+1|det0|iso1|bak-periodic|idm0,seg-basic|patch+0|det0|iso0|bak-periodic|idm0,25.00202083,18.58570768,6.416313149,276048,0.05
intermediate_capacity,paired_t_approx,seg-basic|patch+1|det0|iso1|bak-periodic|idm1,seg-basic|patch+0|det0|iso0|bak-periodic|idm0,33.501875,20.48253004,13.01934496,276048,0.05
intermediate_capacity,paired_t_approx,seg-basic|patch+1|det1|iso0|bak-isolated|idm0,seg-basic|patch+0|det0|iso0|bak-periodic|idm0,126.5089583,23.23154962,103.2774087,276048,0.05
intermediate_capacity,paired_t_approx,seg-basic|patch+1|det1|iso0|bak-isolated|idm1,seg-basic|patch+0|det0|iso0|bak-periodic|idm0,134.1682917,24.08233136,110.0859603,276048,0.05
intermediate_capacity,paired_t_approx,seg-basic|patch+1|det1|iso0|bak-periodic|idm0,seg-basic|patch+0|det0|iso0|bak-periodic|idm0,118.4553958,23.31158128,95.14381456,276048,0.05
intermediate_capacity,paired_t_approx,seg-basic|patch+1|det1|iso0|bak-periodic|idm1,seg-basic|patch+0|det0|iso0|bak-periodic|idm0,127.5458542,24.28711143,103.2587427,276048,0.05
intermediate_capacity,paired_t_approx,seg-basic|patch+1|det1|iso1|bak-isolated|idm0,seg-basic|patch+0|det0|iso0|bak-periodic|idm0,130.9706667,23.8909965,107.0796702,276048,0.05
intermediate_capacity,paired_t_approx,seg-basic|patch+1|det1|iso1|bak-isolated|idm1,seg-basic|patch+0|det0|iso0|bak-periodic|idm0,138.8898958,24.82932066,114.0605752,276048,0.05
intermediate_capacity,paired_t_approx,seg-basic|patch+1|det1|iso1|bak-periodic|idm0,seg-basic|patch+0|det0|iso0|bak-periodic|idm0,124.6345625,24.18346484,100.4510977,276048,0.05
intermediate_capacity,paired_t_approx,seg-basic|patch+1|det1|iso1|bak-periodic|idm1,seg-basic|patch+0|det0|iso0|bak-periodic|idm0,133.5821875,25.03216156,108.5500259,276048,0.05
intermediate_capacity,paired_t_approx,seg-basic|patch+2|det0|iso0|bak-isolated|idm0,seg-basic|patch+0|det0|iso0|bak-periodic|idm0,56.17429167,19.19497132,36.97932034,276048,0.05
intermediate_capacity,paired_t_approx,seg-basic|patch+2|det0|iso0|bak-isolated|idm1,seg-basic|patch+0|det0|iso0|bak-periodic|idm0,62.21075,21.20245087,41.00829913,276048,0.05
intermediate_capacity,paired_t_approx,seg-basic|patch+2|det0|iso0|bak-periodic|idm0,seg-basic|patch+0|det0|iso0|bak-periodic|idm0,35.89816667,20.19984625,15.69832041,276048,0.05
intermediate_capacity,paired_t_approx,seg-basic|patch+2|det0|iso0|bak-periodic|idm1,seg-basic|patch+0|det0|iso0|bak-periodic|idm0,42.46772917,22.49754202,19.97018714,276048,0.05
intermediate_capacity,paired_t_approx,seg-basic|patch+2|det0|iso1|bak-isolated|idm0,seg-basic|patch+0|det0|iso0|bak-periodic|idm0,61.194,20.0426337,41.1513663,276048,0.05
intermediate_capacity,paired_t_approx,seg-basic|patch+2|det0|iso1|bak-isolated|idm1,seg-basic|patch+0|det0|iso0|bak-periodic|idm0,69.3664375,21.93488579,47.43155171,276048,0.05
intermediate_capacity,paired_t_approx,seg-basic|patch+2|det0|iso1|bak-periodic|idm0,seg-basic|patch+0|det0|iso0|bak-periodic|idm0,42.08722917,21.09652914,20.99070003,276048,0.05
intermediate_capacity,paired_t_approx,seg-basic|patch+2|det0|iso1|bak-periodic|idm1,seg-basic|patch+0|det0|iso0|bak-periodic|idm0,51.44425,23.31603941,28.12821059,276048,0.05
intermediate_capacity,paired_t_approx,seg-basic|patch+2|det1|iso0|bak-isolated|idm0,seg-basic|patch+0|det0|iso0|bak-periodic|idm0,132.821,23.98106859,108.8399314,276048,0.05
intermediate_capacity,paired_t_approx,seg-basic|patch+2|det1|iso0|bak-isolated|idm1,seg-basic|patch+0|det0|iso0|bak-periodic|idm0,141.1049167,24.60632302,116.4985936,276048,0.05
intermediate_capacity,paired_t_approx,seg-basic|patch+2|det1|iso0|bak-periodic|idm0,seg-basic|patch+0|det0|iso0|bak-periodic|idm0,127.4496875,24.15715052,103.292537,276048,0.05
intermediate_capacity,paired_t_approx,seg-basic|patch+2|det1|iso0|bak-periodic|idm1,seg-basic|patch+0|det0|iso0|bak-periodic|idm0,137.3368542,24.72185392,112.6150003,276048,0.05
intermediate_capacity,paired_t_approx,seg-basic|patch+2|det1|iso1|bak-isolated|idm0,seg-basic|patch+0|det0|iso0|bak-periodic|idm0,137.8208542,24.34064566,113.4802085,276048,0.05
intermediate_capacity,paired_t_approx,seg-basic|patch+2|det1|iso1|bak-isolated|idm1,seg-basic|patch+0|det0|iso0|bak-periodic|idm0,146.7297292,24.96436162,121.7653676,276048,0.05
intermediate_capacity,paired_t_approx,seg-basic|patch+2|det1|iso1|bak-periodic|idm0,seg-basic|patch+0|det0|iso0|bak-periodic|idm0,133.7209792,24.60695475,109.1140244,276048,0.05
intermediate_capacity,paired_t_approx,seg-basic|patch+2|det1|iso1|bak-periodic|idm1,seg-basic|patch+0|det0|iso0|bak-periodic|idm0,143.6944375,25.10517862,118.5892589,276048,0.05
intermediate_capacity,paired_t_approx,seg-least_privilege|patch+0|det0|iso0|bak-isolated|idm0,seg-basic|patch+0|det0|iso0|bak-periodic|idm0,77.34429167,21.62924805,55.71504361,276048,0.05
intermediate_capacity,paired_t_approx,seg-least_privilege|patch+0|det0|iso0|bak-isolated|idm1,seg-basic|patch+0|det0|iso0|bak-periodic|idm0,89.81341667,23.09436488,66.71905178,276048,0.05
intermediate_capacity,paired_t_approx,seg-least_privilege|patch+0|det0|iso0|bak-periodic|idm0,seg-basic|patch+0|det0|iso0|bak-periodic|idm0,62.17777083,22.26769857,39.91007226,276048,0.05
intermediate_capacity,paired_t_approx,seg-least_privilege|patch+0|det0|iso0|bak-periodic|idm1,seg-basic|patch+0|det0|iso0|bak-periodic|idm0,76.22545833,23.95364607,52.27181226,276048,0.05
intermediate_capacity,paired_t_approx,seg-least_privilege|patch+0|det0|iso1|bak-isolated|idm0,seg-basic|patch+0|det0|iso0|bak-periodic|idm0,81.3711875,22.51119532,58.85999218,276048,0.05
intermediate_capacity,paired_t_approx,seg-least_privilege|patch+0|det0|iso1|bak-isolated|idm1,seg-basic|patch+0|det0|iso0|bak-periodic|idm0,95.03966667,23.63581239,71.40385428,276048,0.05
intermediate_capacity,paired_t_approx,seg-least_privilege|patch+0|det0|iso1|bak-periodic|idm0,seg-basic|patch+0|det0|iso0|bak-periodic|idm0,67.84297916,23.30475655,44.53822261,276048,0.05
intermediate_capacity,paired_t_approx,seg-least_privilege|patch+0|det0|iso1|bak-periodic|idm1,seg-basic|patch+0|det0|iso0|bak-periodic|idm0,83.67504167,24.45628624,59.21875542,276048,0.05
intermediate_capacity,paired_t_approx,seg-least_privilege|patch+0|det1|iso0|bak-isolated|idm0,seg-basic|patch+0|det0|iso0|bak-periodic|idm0,146.337,24.71721699,121.619783,276048,0.05
intermediate_capacity,paired_t_approx,seg-least_privilege|patch+0|det1|iso0|bak-isolated|idm1,seg-basic|patch+0|det0|iso0|bak-periodic|idm0,154.836375,25.26125362,129.5751214,276048,0.05
intermediate_capacity,paired_t_approx,seg-least_privilege|patch+0|det1|iso0|bak-periodic|idm0,seg-basic|patch+0|det0|iso0|bak-periodic|idm0,144.5423542,24.84468544,119.6976687,276048,0.05
intermediate_capacity,paired_t_approx,seg-least_privilege|patch+0|det1|iso0|bak-periodic|idm1,seg-basic|patch+0|det0|iso0|bak-periodic|idm0,153.8470208,25.32042898,128.5265919,276048,0.05
intermediate_capacity,paired_t_approx,seg-least_privilege|patch+0|det1|iso1|bak-isolated|idm0,seg-basic|patch+0|det0|iso0|bak-periodic|idm0,149.8430625,24.83093126,125.0121312,276048,0.05
intermediate_capacity,paired_t_approx,seg-least_privilege|patch+0|det1|iso1|bak-isolated|idm1,seg-basic|patch+0|det0|iso0|bak-periodic|idm0,157.4929375,25.33530521,132.1576323,276048,0.05
intermediate_capacity,paired_t_approx,seg-least_privilege|patch+0|det1|iso1|bak-periodic|idm0,seg-basic|patch+0|det0|iso0|bak-periodic|idm0,148.433125,24.92365636,123.5094686,276048,0.05
intermediate_capacity,paired_t_approx,seg-least_privilege|patch+0|det1|iso1|bak-periodic|idm1,seg-basic|patch+0|det0|iso0|bak-periodic|idm0,156.6845417,25.38344794,131.3010937,276048,0.05
intermediate_capacity,paired_t_approx,seg-least_privilege|patch+1|det0|iso0|bak-isolated|idm0,seg-basic|patch+0|det0|iso0|bak-periodic|idm0,91.56872917,24.04566062,67.52306855,276048,0.05
intermediate_capacity,paired_t_approx,seg-least_privilege|patch+1|det0|iso0|bak-isolated|idm1,seg-basic|patch+0|det0|iso0|bak-periodic|idm0,104.7115,24.67724132,80.03425868,276048,0.05
intermediate_capacity,paired_t_approx,seg-least_privilege|patch+1|det0|iso0|bak-periodic|idm0,seg-basic|patch+0|det0|iso0|bak-periodic|idm0,82.6565,24.73343954,57.92306046,276048,0.05
intermediate_capacity,paired_t_approx,seg-least_privilege|patch+1|det0|iso0|bak-periodic|idm1,seg-basic|patch+0|det0|iso0|bak-periodic|idm0,96.970875,25.40598616,71.56488884,276048,0.05
intermediate_capacity,paired_t_approx,seg-least_privilege|patch+1|det0|iso1|bak-isolated|idm0,seg-basic|patch+0|det0|iso0|bak-periodic|idm0,96.58675,24.62258718,71.96416282,276048,0.05
intermediate_capacity,paired_t_approx,seg-least_privilege|patch+1|det0|iso1|bak-isolated|idm1,seg-basic|patch+0|det0|iso0|bak-periodic|idm0,109.5026875,25.13190342,84.37078408,276048,0.05
intermediate_capacity,paired_t_approx,seg-least_privilege|patch+1|det0|iso1|bak-periodic|idm0,seg-basic|patch+0|det0|iso0|bak-periodic|idm0,88.57639583,25.35274881,63.22364703,276048,0.05
intermediate_capacity,paired_t_approx,seg-least_privilege|patch+1|det0|iso1|bak-periodic|idm1,seg-basic|patch+0|det0|iso0|bak-periodic|idm0,103.2328125,26.00274354,77.23006896,276048,0.05
intermediate_capacity,paired_t_approx,seg-least_privilege|patch+1|det1|iso0|bak-isolated|idm0,seg-basic|patch+0|det0|iso0|bak-periodic|idm0,152.4294375,24.97363944,127.4557981,276048,0.05
intermediate_capacity,paired_t_approx,seg-least_privilege|patch+1|det1|iso0|bak-isolated|idm1,seg-basic|patch+0|det0|iso0|bak-periodic|idm0,158.2857083,25.2771763,133.008532,276048,0.05
intermediate_capacity,paired_t_approx,seg-least_privilege|patch+1|det1|iso0|bak-periodic|idm0,seg-basic|patch+0|det0|iso0|bak-periodic|idm0,151.5503958,25.02271321,126.5276826,276048,0.05
intermediate_capacity,paired_t_approx,seg-least_privilege|patch+1|det1|iso0|bak-periodic|idm1,seg-basic|patch+0|det0|iso0|bak-periodic|idm0,157.7573542,25.30013177,132.4572224,276048,0.05
intermediate_capacity,paired_t_approx,seg-least_privilege|patch+1|det1|iso1|bak-isolated|idm0,seg-basic|patch+0|det0|iso0|bak-periodic|idm0,155.2369167,25.11878233,130.1181343,276048,0.05
intermediate_capacity,paired_t_approx,seg-least_privilege|patch+1|det1|iso1|bak-isolated|idm1,seg-basic|patch+0|det0|iso0|bak-periodic|idm0,159.80425,25.40377568,134.4004743,276048,0.05
intermediate_capacity,paired_t_approx,seg-least_privilege|patch+1|det1|iso1|bak-periodic|idm0,seg-basic|patch+0|det0|iso0|bak-periodic|idm0,154.6508958,25.15324289,129.4976529,276048,0.05
intermediate_capacity,paired_t_approx,seg-least_privilege|patch+1|det1|iso1|bak-periodic|idm1,seg-basic|patch+0|det0|iso0|bak-periodic|idm0,159.5099583,25.4208703,134.089088,276048,0.05
intermediate_capacity,paired_t_approx,seg-least_privilege|patch+2|det0|iso0|bak-isolated|idm0,seg-basic|patch+0|det0|iso0|bak-periodic|idm0,103.2776667,25.12140793,78.15625874,276048,0.05
intermediate_capacity,paired_t_approx,seg-least_privilege|patch+2|det0|iso0|bak-isolated|idm1,seg-basic|patch+0|det0|iso0|bak-periodic|idm0,115.8150208,25.99415452,89.82086631,276048,0.05
intermediate_capacity,paired_t_approx,seg-least_privilege|patch+2|det0|iso0|bak-periodic|idm0,seg-basic|patch+0|det0|iso0|bak-periodic|idm0,97.2849375,25.64520715,71.63973035,276048,0.05
intermediate_capacity,paired_t_approx,seg-least_privilege|patch+2|det0|iso0|bak-periodic|idm1,seg-basic|patch+0|det0|iso0|bak-periodic|idm0,110.4235417,26.72865401,83.69488766,276048,0.05
intermediate_capacity,paired_t_approx,seg-least_privilege|patch+2|det0|iso1|bak-isolated|idm0,seg-basic|patch+0|det0|iso0|bak-periodic|idm0,107.5047708,25.36726412,82.13750672,276048,0.05
intermediate_capacity,paired_t_approx,seg-least_privilege|patch+2|det0|iso1|bak-isolated|idm1,seg-basic|patch+0|det0|iso0|bak-periodic|idm0,120.2969583,26.01355186,94.28340647,276048,0.05
intermediate_capacity,paired_t_approx,seg-least_privilege|patch+2|det0|iso1|bak-periodic|idm0,seg-basic|patch+0|det0|iso0|bak-periodic|idm0,101.8369167,25.96615287,75.87076379,276048,0.05
intermediate_capacity,paired_t_approx,seg-least_privilege|patch+2|det0|iso1|bak-periodic|idm1,seg-basic|patch+0|det0|iso0|bak-periodic|idm0,115.7098125,26.70947333,89.00033917,276048,0.05
intermediate_capacity,paired_t_approx,seg-least_privilege|patch+2|det1|iso0|bak-isolated|idm0,seg-basic|patch+0|det0|iso0|bak-periodic|idm0,155.0056875,25.05480842,129.9508791,276048,0.05
intermediate_capacity,paired_t_approx,seg-least_privilege|patch+2|det1|iso0|bak-isolated|idm1,seg-basic|patch+0|det0|iso0|bak-periodic|idm0,159.6079167,25.43912509,134.1687916,276048,0.05
intermediate_capacity,paired_t_approx,seg-least_privilege|patch+2|det1|iso0|bak-periodic|idm0,seg-basic|patch+0|det0|iso0|bak-periodic|idm0,154.4112083,25.08740484,129.3238035,276048,0.05
intermediate_capacity,paired_t_approx,seg-least_privilege|patch+2|det1|iso0|bak-periodic|idm1,seg-basic|patch+0|det0|iso0|bak-periodic|idm0,159.2287917,25.47545287,133.7533388,276048,0.05
intermediate_capacity,paired_t_approx,seg-least_privilege|patch+2|det1|iso1|bak-isolated|idm0,seg-basic|patch+0|det0|iso0|bak-periodic|idm0,157.4560417,25.25684502,132.1991966,276048,0.05
intermediate_capacity,paired_t_approx,seg-least_privilege|patch+2|det1|iso1|bak-isolated|idm1,seg-basic|patch+0|det0|iso0|bak-periodic|idm0,161.2901458,25.55652798,135.7336178,276048,0.05
intermediate_capacity,paired_t_approx,seg-least_privilege|patch+2|det1|iso1|bak-periodic|idm0,seg-basic|patch+0|det0|iso0|bak-periodic|idm0,157.0493333,25.30017876,131.7491546,276048,0.05
intermediate_capacity,paired_t_approx,seg-least_privilege|patch+2|det1|iso1|bak-periodic|idm1,seg-basic|patch+0|det0|iso0|bak-periodic|idm0,161.1162917,25.57358326,135.5427084,276048,0.05
high_capacity,hoeffding,seg-least_privilege|patch+0|det0|iso0|bak-isolated|idm1,seg-least_privilege|patch+0|det0|iso0|bak-isolated|idm0,1.072541667,106.3153705,-105.2428288,276048,0.05
high_capacity,hoeffding,seg-least_privilege|patch+0|det0|iso1|bak-isolated|idm0,seg-least_privilege|patch+0|det0|iso0|bak-isolated|idm0,0.719375,106.3153705,-105.5959955,276048,0.05
high_capacity,hoeffding,seg-least_privilege|patch+0|det0|iso1|bak-isolated|idm1,seg-least_privilege|patch+0|det0|iso0|bak-isolated|idm0,1.486541667,106.3153705,-104.8288288,276048,0.05
high_capacity,hoeffding,seg-least_privilege|patch+0|det1|iso0|bak-isolated|idm0,seg-least_privilege|patch+0|det0|iso0|bak-isolated|idm0,1.534479167,106.3153705,-104.7808913,276048,0.05
high_capacity,hoeffding,seg-least_privilege|patch+0|det1|iso0|bak-isolated|idm1,seg-least_privilege|patch+0|det0|iso0|bak-isolated|idm0,1.670375,106.3153705,-104.6449955,276048,0.05
high_capacity,hoeffding,seg-least_privilege|patch+0|det1|iso1|bak-isolated|idm0,seg-least_privilege|patch+0|det0|iso0|bak-isolated|idm0,1.8965625,106.3153705,-104.418808,276048,0.05
high_capacity,hoeffding,seg-least_privilege|patch+0|det1|iso1|bak-isolated|idm1,seg-least_privilege|patch+0|det0|iso0|bak-isolated|idm0,1.9378125,106.3153705,-104.377558,276048,0.05
high_capacity,hoeffding,seg-least_privilege|patch+1|det0|iso0|bak-isolated|idm0,seg-least_privilege|patch+0|det0|iso0|bak-isolated|idm0,0.06156249998,106.3153705,-106.253808,276048,0.05
high_capacity,hoeffding,seg-least_privilege|patch+1|det0|iso0|bak-isolated|idm1,seg-least_privilege|patch+0|det0|iso0|bak-isolated|idm0,1.128020833,106.3153705,-105.1873496,276048,0.05
high_capacity,hoeffding,seg-least_privilege|patch+1|det0|iso1|bak-isolated|idm0,seg-least_privilege|patch+0|det0|iso0|bak-isolated|idm0,0.7662916666,106.3153705,-105.5490788,276048,0.05
high_capacity,hoeffding,seg-least_privilege|patch+1|det0|iso1|bak-isolated|idm1,seg-least_privilege|patch+0|det0|iso0|bak-isolated|idm0,1.518395833,106.3153705,-104.7969746,276048,0.05
high_capacity,hoeffding,seg-least_privilege|patch+1|det1|iso0|bak-isolated|idm0,seg-least_privilege|patch+0|det0|iso0|bak-isolated|idm0,1.538479167,106.3153705,-104.7768913,276048,0.05
high_capacity,hoeffding,seg-least_privilege|patch+1|det1|iso0|bak-isolated|idm1,seg-least_privilege|patch+0|det0|iso0|bak-isolated|idm0,1.686125,106.3153705,-104.6292455,276048,0.05
high_capacity,hoeffding,seg-least_privilege|patch+1|det1|iso1|bak-isolated|idm0,seg-least_privilege|patch+0|det0|iso0|bak-isolated|idm0,1.9005625,106.3153705,-104.414808,276048,0.05
high_capacity,hoeffding,seg-least_privilege|patch+1|det1|iso1|bak-isolated|idm1,seg-least_privilege|patch+0|det0|iso0|bak-isolated|idm0,1.952583333,106.3153705,-104.3627871,276048,0.05
high_capacity,empirical_bernstein,seg-least_privilege|patch+0|det0|iso0|bak-isolated|idm1,seg-least_privilege|patch+0|det0|iso0|bak-isolated|idm0,1.072541667,73.79483543,-72.72229376,276048,0.05
high_capacity,empirical_bernstein,seg-least_privilege|patch+0|det0|iso1|bak-isolated|idm0,seg-least_privilege|patch+0|det0|iso0|bak-isolated|idm0,0.719375,73.55182333,-72.83244833,276048,0.05
high_capacity,empirical_bernstein,seg-least_privilege|patch+0|det0|iso1|bak-isolated|idm1,seg-least_privilege|patch+0|det0|iso0|bak-isolated|idm0,1.486541667,74.10253928,-72.61599761,276048,0.05
high_capacity,empirical_bernstein,seg-least_privilege|patch+0|det1|iso0|bak-isolated|idm0,seg-least_privilege|patch+0|det0|iso0|bak-isolated|idm0,1.534479167,74.00632646,-72.4718473,276048,0.05
high_capacity,empirical_bernstein,seg-least_privilege|patch+0|det1|iso0|bak-isolated|idm1,seg-least_privilege|patch+0|det0|iso0|bak-isolated|idm0,1.670375,74.10005534,-72.42968034,276048,0.05
high_capacity,empirical_bernstein,seg-least_privilege|patch+0|det1|iso1|bak-isolated|idm0,seg-least_privilege|patch+0|det0|iso0|bak-isolated|idm0,1.8965625,74.2767502,-72.3801877,276048,0.05
high_capacity,empirical_bernstein,seg-least_privilege|patch+0|det1|iso1|bak-isolated|idm1,seg-least_privilege|patch+0|det0|iso0|bak-isolated|idm0,1.9378125,74.30256644,-72.36475394,276048,0.05
high_capacity,empirical_bernstein,seg-least_privilege|patch+1|det0|iso0|bak-isolated|idm0,seg-least_privilege|patch+0|det0|iso0|bak-isolated|idm0,0.06156249998,72.57390071,-72.51233821,276048,0.05
high_capacity,empirical_bernstein,seg-least_privilege|patch+1|det0|iso0|bak-isolated|idm1,seg-least_privilege|patch+0|det0|iso0|bak-isolated|idm0,1.128020833,73.81959522,-72.69157438,276048,0.05
high_capacity,empirical_bernstein,seg-least_privilege|patch+1|det0|iso1|bak-isolated|idm0,seg-least_privilege|patch+0|det0|iso0|bak-isolated|idm0,0.7662916666,73.56499212,-72.79870045,276048,0.05
high_capacity,empirical_bernstein,seg-least_privilege|patch+1|det0|iso1|bak-isolated|idm1,seg-least_privilege|patch+0|det0|iso0|bak-isolated|idm0,1.518395833,74.1123728,-72.59397697,276048,0.05
high_capacity,empirical_bernstein,seg-least_privilege|patch+1|det1|iso0|bak-isolated|idm0,seg-least_privilege|patch+0|det0|iso0|bak-isolated|idm0,1.538479167,74.00617921,-72.46770005,276048,0.05
high_capacity,empirical_bernstein,seg-least_privilege|patch+1|det1|iso0|bak-isolated|idm1,seg-least_privilege|patch+0|det0|iso0|bak-isolated|idm0,1.686125,74.10438917,-72.41826417,276048,0.05
high_capacity,empirical_bernstein,seg-least_privilege|patch+1|det1|iso1|bak-isolated|idm0,seg-least_privilege|patch+0|det0|iso0|bak-isolated|idm0,1.9005625,74.27656186,-72.37599936,276048,0.05
high_capacity,empirical_bernstein,seg-least_privilege|patch+1|det1|iso1|bak-isolated|idm1,seg-least_privilege|patch+0|det0|iso0|bak-isolated|idm0,1.952583333,74.30603211,-72.35344877,276048,0.05
high_capacity,paired_t_approx,seg-least_privilege|patch+0|det0|iso0|bak-isolated|idm1,seg-least_privilege|patch+0|det0|iso0|bak-isolated|idm0,1.072541667,1.288692553,-0.2161508867,276048,0.05
high_capacity,paired_t_approx,seg-least_privilege|patch+0|det0|iso1|bak-isolated|idm0,seg-least_privilege|patch+0|det0|iso0|bak-isolated|idm0,0.719375,1.085836661,-0.3664616608,276048,0.05
high_capacity,paired_t_approx,seg-least_privilege|patch+0|det0|iso1|bak-isolated|idm1,seg-least_privilege|patch+0|det0|iso0|bak-isolated|idm0,1.486541667,1.560446085,-0.07390441857,276048,0.05
high_capacity,paired_t_approx,seg-least_privilege|patch+0|det1|iso0|bak-isolated|idm0,seg-least_privilege|patch+0|det0|iso0|bak-isolated|idm0,1.534479167,1.476566551,0.05791261525,276048,0.05
high_capacity,paired_t_approx,seg-least_privilege|patch+0|det1|iso0|bak-isolated|idm1,seg-least_privilege|patch+0|det0|iso0|bak-isolated|idm0,1.670375,1.559287831,0.1110871692,276048,0.05
high_capacity,paired_t_approx,seg-least_privilege|patch+0|det1|iso1|bak-isolated|idm0,seg-least_privilege|patch+0|det0|iso0|bak-isolated|idm0,1.8965625,1.716176158,0.1803863423,276048,0.05
high_capacity,paired_t_approx,seg-least_privilege|patch+0|det1|iso1|bak-isolated|idm1,seg-least_privilege|patch+0|det0|iso0|bak-isolated|idm0,1.9378125,1.737981322,0.1998311779,276048,0.05
high_capacity,paired_t_approx,seg-least_privilege|patch+1|det0|iso0|bak-isolated|idm0,seg-least_privilege|patch+0|det0|iso0|bak-isolated|idm0,0.06156249998,0.1840397399,-0.1224772399,276048,0.05
high_capacity,paired_t_approx,seg-least_privilege|patch+1|det0|iso0|bak-isolated|idm1,seg-least_privilege|patch+0|det0|iso0|bak-isolated|idm0,1.128020833,1.310477608,-0.1824567743,276048,0.05
high_capacity,paired_t_approx,seg-least_privilege|patch+1|det0|iso1|bak-isolated|idm0,seg-least_privilege|patch+0|det0|iso0|bak-isolated|idm0,0.7662916666,1.096319513,-0.3300278468,276048,0.05
high_capacity,paired_t_approx,seg-least_privilege|patch+1|det0|iso1|bak-isolated|idm1,seg-least_privilege|patch+0|det0|iso0|bak-isolated|idm0,1.518395833,1.568352735,-0.04995690199,276048,0.05
high_capacity,paired_t_approx,seg-least_privilege|patch+1|det1|iso0|bak-isolated|idm0,seg-least_privilege|patch+0|det0|iso0|bak-isolated|idm0,1.538479167,1.476587263,0.06189190328,276048,0.05
high_capacity,paired_t_approx,seg-least_privilege|patch+1|det1|iso0|bak-isolated|idm1,seg-least_privilege|patch+0|det0|iso0|bak-isolated|idm0,1.686125,1.56288585,0.1232391503,276048,0.05
high_capacity,paired_t_approx,seg-least_privilege|patch+1|det1|iso1|bak-isolated|idm0,seg-least_privilege|patch+0|det0|iso0|bak-isolated|idm0,1.9005625,1.716193698,0.1843688025,276048,0.05
high_capacity,paired_t_approx,seg-least_privilege|patch+1|det1|iso1|bak-isolated|idm1,seg-least_privilege|patch+0|det0|iso0|bak-isolated|idm0,1.952583333,1.740630293,0.2119530403,276048,0.05
