profile,draw,scenarios,frontier,jaccard,removed,added,original_frontier,endpoint_guaranteed,original_endpoint_retained,joint_guaranteed,original_joint_retained
resource_constrained,0,130,67,0.6172839506,14,17,64,41,32,14,14
resource_constrained,1,130,53,0.625,19,8,64,31,29,13,13
resource_constrained,2,130,53,0.7462686567,14,3,64,36,33,13,13
resource_constrained,3,130,63,0.7887323944,8,7,64,35,31,11,11
resource_constrained,4,130,58,0.6944444444,14,8,64,33,31,13,13
resource_constrained,5,130,43,0.6212121212,23,2,64,24,24,14,14
resource_constrained,6,130,67,0.7466666667,8,11,64,47,35,15,14
resource_constrained,7,130,64,0.7777777778,8,8,64,35,34,16,16
resource_constrained,8,130,60,0.7714285714,10,6,64,42,35,14,12
resource_constrained,9,130,69,0.7733333333,6,11,64,39,36,19,18
resource_constrained,10,130,46,0.6417910448,21,3,64,29,26,12,12
resource_constrained,11,130,53,0.6956521739,16,5,64,37,31,13,11
resource_constrained,12,130,50,0.7272727273,16,2,64,38,33,14,14
resource_constrained,13,130,66,0.7567567568,8,10,64,35,29,17,12
resource_constrained,14,130,54,0.6857142857,16,6,64,33,29,10,10
resource_constrained,15,130,50,0.6285714286,20,6,64,30,28,17,17
resource_constrained,16,130,62,0.75,10,8,64,40,32,13,12
resource_constrained,17,130,58,0.6712328767,15,9,64,43,35,16,16
resource_constrained,18,130,63,0.7397260274,10,9,64,41,35,10,10
resource_constrained,19,130,52,0.6111111111,20,8,64,43,31,16,15
resource_constrained,20,130,57,0.7042253521,14,7,64,38,34,16,16
resource_constrained,21,130,49,0.6376811594,20,5,64,27,27,13,13
resource_constrained,22,130,69,0.7733333333,6,11,64,40,34,16,14
resource_constrained,23,130,51,0.7164179104,16,3,64,31,29,12,12
resource_constrained,24,130,61,0.7605633803,10,7,64,32,31,19,19
resource_constrained,25,130,58,0.7428571429,12,6,64,41,34,17,14
resource_constrained,26,130,66,0.7105263158,10,12,64,38,32,17,16
resource_constrained,27,130,70,0.7631578947,6,12,64,50,39,18,16
resource_constrained,28,130,59,0.7083333333,13,8,64,40,33,18,16
resource_constrained,29,130,63,0.6933333333,12,11,64,43,35,14,14
resource_constrained,30,130,78,0.7974683544,1,15,64,42,35,19,17
resource_constrained,31,130,61,0.7857142857,9,6,64,41,36,16,16
resource_constrained,32,130,62,0.6578947368,14,12,64,38,32,16,16
resource_constrained,33,130,66,0.7333333333,9,11,64,38,32,15,15
resource_constrained,34,130,70,0.7402597403,7,13,64,45,36,23,17
resource_constrained,35,130,61,0.7361111111,11,8,64,37,33,15,15
resource_constrained,36,130,59,0.7826086957,10,5,64,39,35,17,16
resource_constrained,37,130,69,0.75,7,12,64,42,33,17,14
resource_constrained,38,130,63,0.8142857143,7,6,64,42,36,18,17
resource_constrained,39,130,62,0.7746478873,9,7,64,39,36,16,16
resource_constrained,40,130,63,0.7887323944,8,7,64,46,38,17,16
resource_constrained,41,130,68,0.6296296296,13,17,64,45,33,19,17
resource_constrained,42,130,62,0.7260273973,11,9,64,40,30,20,20
resource_constrained,43,130,53,0.625,19,8,64,30,27,15,15
resource_constrained,44,130,60,0.7714285714,10,6,64,35,30,18,17
resource_constrained,45,130,60,0.7714285714,10,6,64,37,33,18,18
resource_constrained,46,130,58,0.7183098592,13,7,64,39,34,18,16
resource_constrained,47,130,58,0.768115942,11,5,64,42,32,17,15
resource_constrained,48,130,62,0.75,10,8,64,39,33,12,12
resource_constrained,49,130,52,0.6811594203,17,5,64,31,27,13,13
resource_constrained,50,130,59,0.7571428571,11,6,64,37,29,9,8
resource_constrained,51,130,53,0.6714285714,17,6,64,36,28,12,12
resource_constrained,52,130,60,0.7464788732,11,7,64,38,31,18,17
resource_constrained,53,130,61,0.6666666667,14,11,64,37,28,16,15
resource_constrained,54,130,58,0.7941176471,10,4,64,40,33,17,15
resource_constrained,55,130,61,0.7361111111,11,8,64,35,28,23,18
resource_constrained,56,130,68,0.7142857143,9,13,64,40,34,15,12
resource_constrained,57,130,73,0.7125,7,16,64,48,37,17,14
resource_constrained,58,130,64,0.7777777778,8,8,64,36,31,12,11
resource_constrained,59,130,52,0.7058823529,16,4,64,32,29,14,14
resource_constrained,60,130,58,0.768115942,11,5,64,36,31,13,11
resource_constrained,61,130,62,0.7027027027,12,10,64,33,28,14,13
resource_constrained,62,130,62,0.8260869565,7,5,64,40,33,18,17
resource_constrained,63,130,70,0.7866666667,5,11,64,37,32,15,13
resource_constrained,64,130,63,0.6710526316,13,12,64,44,33,12,12
resource_constrained,65,130,56,0.7142857143,14,6,64,34,33,14,14
resource_constrained,66,130,61,0.7605633803,10,7,64,41,35,14,14
resource_constrained,67,130,66,0.7808219178,7,9,64,34,31,15,15
resource_constrained,68,130,61,0.7605633803,10,7,64,41,33,15,12
resource_constrained,69,130,61,0.7605633803,10,7,64,32,31,15,15
resource_constrained,70,130,67,0.7466666667,8,11,64,41,33,17,14
resource_constrained,71,130,59,0.7571428571,11,6,64,40,33,14,12
resource_constrained,72,130,60,0.7222222222,12,8,64,35,33,17,17
resource_constrained,73,130,57,0.6805555556,15,8,64,35,31,19,19
resource_constrained,74,130,58,0.6712328767,15,9,64,38,34,17,16
resource_constrained,75,130,50,0.6764705882,18,4,64,33,28,15,14
resource_constrained,76,130,51,0.6666666667,18,5,64,34,28,15,14
resource_constrained,77,130,66,0.6883116883,11,13,64,39,31,16,12
resource_constrained,78,130,62,0.7746478873,9,7,64,30,27,13,12
resource_constrained,79,130,43,0.5970149254,24,3,64,31,26,12,11
resource_constrained,80,130,59,0.8088235294,9,4,64,38,34,15,14
resource_constrained,81,130,60,0.7971014493,9,5,64,39,35,16,16
resource_constrained,82,130,63,0.6710526316,13,12,64,47,32,17,16
resource_constrained,83,130,55,0.7246376812,14,5,64,34,32,13,13
resource_constrained,84,130,54,0.7611940299,13,3,64,36,32,16,14
resource_constrained,85,130,64,0.8285714286,6,6,64,45,36,16,15
resource_constrained,86,130,70,0.7631578947,6,12,64,40,33,18,15
resource_constrained,87,130,67,0.6375,13,16,64,46,35,18,16
resource_constrained,88,130,59,0.8088235294,9,4,64,36,30,16,13
resource_constrained,89,130,63,0.7887323944,8,7,64,39,36,15,15
resource_constrained,90,130,53,0.6956521739,16,5,64,33,31,16,15
resource_constrained,91,130,54,0.7611940299,13,3,64,34,33,11,11
resource_constrained,92,130,62,0.7027027027,12,10,64,42,35,10,9
resource_constrained,93,130,50,0.7538461538,15,1,64,31,28,11,11
resource_constrained,94,130,61,0.7361111111,11,8,64,36,30,15,14
resource_constrained,95,130,56,0.7142857143,14,6,64,36,30,17,16
resource_constrained,96,130,65,0.7671232877,8,9,64,38,33,16,15
resource_constrained,97,130,74,0.725,6,16,64,44,36,20,17
resource_constrained,98,130,70,0.7631578947,6,12,64,40,33,15,12
resource_constrained,99,130,73,0.7341772152,6,15,64,46,35,18,16
resource_constrained,100,130,64,0.6623376623,13,13,64,41,33,12,12
resource_constrained,101,130,70,0.7866666667,5,11,64,51,39,19,19
resource_constrained,102,130,59,0.7083333333,13,8,64,44,36,17,17
resource_constrained,103,130,66,0.7333333333,9,11,64,37,29,15,13
resource_constrained,104,130,53,0.7727272727,13,2,64,37,32,18,16
resource_constrained,105,130,65,0.6973684211,11,12,64,45,36,19,18
resource_constrained,106,130,64,0.6202531646,15,15,64,31,24,15,14
resource_constrained,107,130,69,0.7972972973,5,10,64,46,39,16,13
resource_constrained,108,130,53,0.6956521739,16,5,64,37,31,17,17
resource_constrained,109,130,66,0.7808219178,7,9,64,40,34,15,15
resource_constrained,110,130,68,0.6923076923,10,14,64,40,32,16,14
resource_constrained,111,130,66,0.7808219178,7,9,64,38,35,16,16
resource_constrained,112,130,55,0.75,13,4,64,33,31,10,10
resource_constrained,113,130,68,0.76,7,11,64,44,32,16,15
resource_constrained,114,130,68,0.8333333333,4,8,64,45,38,17,14
resource_constrained,115,130,60,0.698630137,13,9,64,36,31,13,11
resource_constrained,116,130,56,0.7142857143,14,6,64,28,27,14,14
resource_constrained,117,130,61,0.7361111111,11,8,64,41,35,13,13
resource_constrained,118,130,66,0.7808219178,7,9,64,39,34,13,13
resource_constrained,119,130,59,0.7826086957,10,5,64,43,35,17,17
resource_constrained,120,130,59,0.7571428571,11,6,64,28,28,15,15
resource_constrained,121,130,47,0.7076923077,18,1,64,34,31,13,13
resource_constrained,122,130,51,0.6911764706,17,4,64,32,31,10,10
resource_constrained,123,130,66,0.6666666667,12,14,64,44,30,13,12
resource_constrained,124,130,53,0.6956521739,16,5,64,28,28,13,13
resource_constrained,125,130,58,0.7428571429,12,6,64,40,35,19,17
resource_constrained,126,130,53,0.6714285714,17,6,64,33,28,14,14
resource_constrained,127,130,54,0.7352941176,14,4,64,31,27,10,10
resource_constrained,128,130,57,0.7042253521,14,7,64,36,28,11,11
resource_constrained,129,130,54,0.8153846154,11,1,64,34,31,13,12
resource_constrained,130,130,64,0.7297297297,10,10,64,36,30,14,13
resource_constrained,131,130,59,0.8088235294,9,4,64,35,34,17,17
resource_constrained,132,130,60,0.7222222222,12,8,64,36,32,19,18
resource_constrained,133,130,55,0.75,13,4,64,31,31,15,15
resource_constrained,134,130,71,0.6666666667,10,17,64,37,31,23,20
resource_constrained,135,130,67,0.7012987013,10,13,64,36,29,14,13
resource_constrained,136,130,54,0.7352941176,14,4,64,33,28,18,17
resource_constrained,137,130,74,0.8157894737,2,12,64,42,34,15,13
resource_constrained,138,130,58,0.7183098592,13,7,64,35,30,14,14
resource_constrained,139,130,62,0.75,10,8,64,40,34,16,14
resource_constrained,140,130,68,0.7368421053,8,12,64,44,35,17,16
resource_constrained,141,130,63,0.7162162162,11,10,64,37,31,16,16
resource_constrained,142,130,52,0.7058823529,16,4,64,33,29,17,17
resource_constrained,143,130,57,0.6351351351,17,10,64,35,27,19,17
resource_constrained,144,130,57,0.7536231884,12,5,64,34,33,12,12
resource_constrained,145,130,54,0.6857142857,16,6,64,34,31,16,16
resource_constrained,146,130,58,0.768115942,11,5,64,35,33,13,13
resource_constrained,147,130,67,0.7702702703,7,10,64,43,38,15,15
resource_constrained,148,130,57,0.6575342466,16,9,64,38,33,8,8
resource_constrained,149,130,63,0.7397260274,10,9,64,33,31,14,14
resource_constrained,150,130,73,0.7564102564,5,14,64,45,39,18,16
resource_constrained,151,130,54,0.7352941176,14,4,64,31,30,13,12
resource_constrained,152,130,62,0.75,10,8,64,39,33,20,18
resource_constrained,153,130,58,0.768115942,11,5,64,35,35,15,15
resource_constrained,154,130,63,0.7887323944,8,7,64,45,37,20,17
resource_constrained,155,130,63,0.7887323944,8,7,64,40,36,14,14
resource_constrained,156,130,61,0.6891891892,13,10,64,39,31,18,16
resource_constrained,157,130,55,0.7246376812,14,5,64,37,31,14,12
resource_constrained,158,130,76,0.7283950617,5,17,64,45,39,18,18
resource_constrained,159,130,60,0.7464788732,11,7,64,38,33,15,15
resource_constrained,160,130,71,0.7763157895,5,12,64,45,38,21,18
resource_constrained,161,130,76,0.686746988,7,19,64,43,31,16,13
resource_constrained,162,130,66,0.7808219178,7,9,64,46,37,16,15
resource_constrained,163,130,49,0.6617647059,19,4,64,32,28,14,13
resource_constrained,164,130,71,0.7532467532,6,13,64,41,39,15,15
resource_constrained,165,130,68,0.76,7,11,64,39,32,16,15
resource_constrained,166,130,59,0.7323943662,12,7,64,45,35,17,15
resource_constrained,167,130,58,0.7183098592,13,7,64,37,32,13,13
resource_constrained,168,130,64,0.8285714286,6,6,64,43,36,18,16
resource_constrained,169,130,55,0.776119403,12,3,64,36,35,15,15
resource_constrained,170,130,69,0.7272727273,8,13,64,40,35,16,13
resource_constrained,171,130,69,0.75,7,12,64,39,33,18,16
resource_constrained,172,130,55,0.676056338,16,7,64,36,32,16,16
resource_constrained,173,130,70,0.7866666667,5,11,64,37,33,11,11
resource_constrained,174,130,46,0.6666666667,20,2,64,31,27,12,12
resource_constrained,175,130,62,0.75,10,8,64,38,34,19,19
resource_constrained,176,130,67,0.7236842105,9,12,64,39,33,18,17
resource_constrained,177,130,65,0.7671232877,8,9,64,43,35,14,13
resource_constrained,178,130,48,0.75,16,0,64,32,30,16,16
resource_constrained,179,130,60,0.7971014493,9,5,64,42,37,14,13
resource_constrained,180,130,68,0.76,7,11,64,40,34,17,17
resource_constrained,181,130,65,0.8169014085,6,7,64,44,36,14,11
resource_constrained,182,130,63,0.6710526316,13,12,64,42,31,16,12
resource_constrained,183,130,70,0.6962025316,9,15,64,45,34,15,13
resource_constrained,184,130,63,0.7397260274,10,9,64,41,36,17,16
resource_constrained,185,130,64,0.7777777778,8,8,64,40,36,18,18
resource_constrained,186,130,76,0.686746988,7,19,64,46,35,19,13
resource_constrained,187,130,50,0.652173913,19,5,64,27,26,14,14
resource_constrained,188,130,64,0.7297297297,10,10,64,41,32,16,15
resource_constrained,189,130,58,0.768115942,11,5,64,33,28,13,12
resource_constrained,190,130,60,0.6315789474,16,12,64,38,32,14,14
resource_constrained,191,130,50,0.7272727273,16,2,64,32,29,12,12
resource_constrained,192,130,69,0.75,7,12,64,41,36,15,15
resource_constrained,193,130,58,0.768115942,11,5,64,34,28,16,14
resource_constrained,194,130,51,0.7164179104,16,3,64,30,29,16,15
resource_constrained,195,130,63,0.7397260274,10,9,64,34,31,17,17
resource_constrained,196,130,59,0.64,16,11,64,41,30,19,15
resource_constrained,197,130,55,0.6301369863,18,9,64,39,32,16,15
resource_constrained,198,130,50,0.6056338028,21,7,64,36,30,14,14
resource_constrained,199,130,63,0.7162162162,11,10,64,36,27,20,15
resource_constrained,200,130,58,0.768115942,11,5,64,42,36,14,13
resource_constrained,201,130,56,0.7647058824,12,4,64,38,34,16,14
resource_constrained,202,130,54,0.7101449275,15,5,64,28,26,13,13
resource_constrained,203,130,64,0.7777777778,8,8,64,45,37,21,19
resource_constrained,204,130,58,0.768115942,11,5,64,34,31,15,14
resource_constrained,205,130,65,0.7432432432,9,10,64,43,37,18,18
resource_constrained,206,130,60,0.6533333333,15,11,64,35,29,13,13
resource_constrained,207,130,60,0.7714285714,10,6,64,40,32,20,19
resource_constrained,208,130,72,0.7894736842,4,12,64,40,34,14,14
resource_constrained,209,130,68,0.6097560976,14,18,64,47,33,15,12
resource_constrained,210,130,59,0.7083333333,13,8,64,28,27,14,14
resource_constrained,211,130,71,0.7532467532,6,13,64,44,38,15,14
resource_constrained,212,130,52,0.6811594203,17,5,64,30,27,11,11
resource_constrained,213,130,66,0.8055555556,6,8,64,44,37,20,18
resource_constrained,214,130,62,0.575,18,16,64,32,26,16,15
resource_constrained,215,130,66,0.6666666667,12,14,64,40,31,16,15
resource_constrained,216,130,60,0.6756756757,14,10,64,34,26,12,12
resource_constrained,217,130,58,0.6944444444,14,8,64,42,34,12,11
resource_constrained,218,130,62,0.68,13,11,64,38,31,17,15
resource_constrained,219,130,67,0.8450704225,4,7,64,44,35,16,16
resource_constrained,220,130,61,0.7857142857,9,6,64,28,28,14,14
resource_constrained,221,130,67,0.7702702703,7,10,64,44,37,17,16
resource_constrained,222,130,63,0.7887323944,8,7,64,33,28,16,15
resource_constrained,223,130,62,0.7027027027,12,10,64,32,27,13,13
resource_constrained,224,130,65,0.7671232877,8,9,64,37,34,14,14
resource_constrained,225,130,53,0.6956521739,16,5,64,37,31,18,16
resource_constrained,226,130,64,0.8285714286,6,6,64,44,38,18,16
resource_constrained,227,130,53,0.6714285714,17,6,64,41,33,13,12
resource_constrained,228,130,62,0.75,10,8,64,30,27,20,18
resource_constrained,229,130,53,0.7462686567,14,3,64,30,28,15,15
resource_constrained,230,130,54,0.7101449275,15,5,64,40,31,21,16
resource_constrained,231,130,52,0.6571428571,18,6,64,30,29,16,15
resource_constrained,232,130,52,0.7058823529,16,4,64,30,29,12,12
resource_constrained,233,130,59,0.6849315068,14,9,64,39,31,17,17
resource_constrained,234,130,68,0.8333333333,4,8,64,44,39,17,17
resource_constrained,235,130,66,0.7333333333,9,11,64,42,36,17,16
resource_constrained,236,130,63,0.7397260274,10,9,64,42,34,18,14
resource_constrained,237,130,56,0.7647058824,12,4,64,33,30,16,15
resource_constrained,238,130,55,0.7,15,6,64,31,29,14,14
resource_constrained,239,130,64,0.8028169014,7,7,64,43,38,15,15
resource_constrained,240,130,56,0.7391304348,13,5,64,39,34,13,13
resource_constrained,241,130,60,0.6533333333,15,11,64,37,32,16,16
resource_constrained,242,130,61,0.8115942029,8,5,64,37,35,18,17
resource_constrained,243,130,73,0.7341772152,6,15,64,52,38,24,19
resource_constrained,244,130,61,0.7123287671,12,9,64,42,33,15,13
resource_constrained,245,130,72,0.7662337662,5,13,64,42,35,11,10
resource_constrained,246,130,71,0.7763157895,5,12,64,49,38,15,13
resource_constrained,247,130,64,0.8550724638,5,5,64,44,36,16,14
resource_constrained,248,130,66,0.7333333333,9,11,64,43,33,19,15
resource_constrained,249,130,74,0.7692307692,4,14,64,50,40,16,15
resource_constrained,250,130,60,0.7464788732,11,7,64,42,35,18,18
resource_constrained,251,130,64,0.7534246575,9,9,64,48,35,20,19
resource_constrained,252,130,66,0.6455696203,13,15,64,42,31,14,12
resource_constrained,253,130,72,0.7,8,16,64,33,27,14,14
resource_constrained,254,130,62,0.7746478873,9,7,64,38,35,14,13
resource_constrained,255,130,54,0.7101449275,15,5,64,35,32,15,15
resource_constrained,256,130,66,0.7333333333,9,11,64,37,34,18,18
resource_constrained,257,130,54,0.7101449275,15,5,64,38,34,13,13
resource_constrained,258,130,59,0.7571428571,11,6,64,31,29,17,16
resource_constrained,259,130,73,0.7792207792,4,13,64,50,39,20,17
resource_constrained,260,130,67,0.7945205479,6,9,64,34,32,10,10
resource_constrained,261,130,62,0.75,10,8,64,38,33,14,14
resource_constrained,262,130,59,0.7323943662,12,7,64,35,32,19,18
resource_constrained,263,130,61,0.7605633803,10,7,64,40,36,17,17
resource_constrained,264,130,63,0.7162162162,11,10,64,44,33,12,12
resource_constrained,265,130,59,0.7571428571,11,6,64,34,33,15,15
resource_constrained,266,130,71,0.7088607595,8,15,64,42,36,16,16
resource_constrained,267,130,57,0.7042253521,14,7,64,34,31,14,13
resource_constrained,268,130,63,0.7162162162,11,10,64,42,34,15,14
resource_constrained,269,130,50,0.7272727273,16,2,64,31,30,12,12
resource_constrained,270,130,65,0.8428571429,5,6,64,40,35,15,14
resource_constrained,271,130,61,0.7857142857,9,6,64,37,33,10,10
resource_constrained,272,130,64,0.7534246575,9,9,64,43,32,23,17
resource_constrained,273,130,56,0.7142857143,14,6,64,33,29,13,13
resource_constrained,274,130,63,0.7162162162,11,10,64,45,34,14,13
resource_constrained,275,130,56,0.6901408451,15,7,64,34,29,20,19
resource_constrained,276,130,52,0.7313432836,15,3,64,26,25,12,12
resource_constrained,277,130,70,0.7631578947,6,12,64,34,32,12,12
resource_constrained,278,130,70,0.7866666667,5,11,64,44,37,17,16
resource_constrained,279,130,67,0.7702702703,7,10,64,41,36,15,15
resource_constrained,280,130,59,0.6849315068,14,9,64,30,27,13,13
resource_constrained,281,130,66,0.8055555556,6,8,64,43,35,14,14
resource_constrained,282,130,69,0.6835443038,10,15,64,45,35,14,12
resource_constrained,283,130,52,0.7313432836,15,3,64,30,27,15,15
resource_constrained,284,130,59,0.6849315068,14,9,64,40,33,21,20
resource_constrained,285,130,69,0.7272727273,8,13,64,46,36,13,11
resource_constrained,286,130,58,0.7428571429,12,6,64,31,30,17,16
resource_constrained,287,130,59,0.7323943662,12,7,64,36,30,14,13
resource_constrained,288,130,72,0.7662337662,5,13,64,48,36,19,14
resource_constrained,289,130,66,0.7105263158,10,12,64,45,34,22,19
resource_constrained,290,130,56,0.7391304348,13,5,64,41,33,11,11
resource_constrained,291,130,63,0.7638888889,9,8,64,36,33,18,17
resource_constrained,292,130,65,0.7671232877,8,9,64,34,33,8,8
resource_constrained,293,130,39,0.5846153846,26,1,64,27,23,12,11
resource_constrained,294,130,53,0.7462686567,14,3,64,31,31,13,13
resource_constrained,295,130,51,0.7164179104,16,3,64,42,32,12,12
resource_constrained,296,130,68,0.7368421053,8,12,64,49,37,16,14
resource_constrained,297,130,62,0.7027027027,12,10,64,35,32,16,16
resource_constrained,298,130,59,0.7083333333,13,8,64,40,32,17,15
resource_constrained,299,130,61,0.6025641026,17,14,64,35,29,14,13
resource_constrained,300,130,63,0.7638888889,9,8,64,38,33,14,13
resource_constrained,301,130,62,0.7746478873,9,7,64,33,33,19,19
resource_constrained,302,130,51,0.7164179104,16,3,64,33,30,14,13
resource_constrained,303,130,55,0.803030303,11,2,64,33,30,15,15
resource_constrained,304,130,56,0.7910447761,11,3,64,34,30,13,12
resource_constrained,305,130,52,0.7058823529,16,4,64,36,30,13,11
resource_constrained,306,130,58,0.768115942,11,5,64,34,27,14,13
resource_constrained,307,130,70,0.6543209877,11,17,64,40,32,16,14
resource_constrained,308,130,61,0.7605633803,10,7,64,41,33,16,16
resource_constrained,309,130,52,0.7575757576,14,2,64,32,29,18,16
resource_constrained,310,130,65,0.72,10,11,64,37,32,9,9
resource_constrained,311,130,59,0.7323943662,12,7,64,37,32,14,13
resource_constrained,312,130,73,0.8026315789,3,12,64,47,38,16,14
resource_constrained,313,130,52,0.7575757576,14,2,64,35,34,17,17
resource_constrained,314,130,51,0.6911764706,17,4,64,28,27,14,14
resource_constrained,315,130,50,0.7014925373,17,3,64,36,32,13,12
resource_constrained,316,130,60,0.7464788732,11,7,64,36,29,18,16
resource_constrained,317,130,52,0.7058823529,16,4,64,35,31,13,13
resource_constrained,318,130,62,0.7027027027,12,10,64,37,31,17,15
resource_constrained,319,130,61,0.7361111111,11,8,64,35,32,16,16
resource_constrained,320,130,60,0.7222222222,12,8,64,37,32,14,13
resource_constrained,321,130,67,0.7702702703,7,10,64,43,37,17,16
resource_constrained,322,130,65,0.72,10,11,64,37,34,13,13
resource_constrained,323,130,55,0.676056338,16,7,64,31,29,15,15
resource_constrained,324,130,50,0.6764705882,18,4,64,32,29,16,15
resource_constrained,325,130,63,0.8142857143,7,6,64,45,37,18,17
resource_constrained,326,130,68,0.8082191781,5,9,64,40,38,14,13
resource_constrained,327,130,62,0.8805970149,5,3,64,45,39,14,14
resource_constrained,328,130,66,0.7808219178,7,9,64,40,35,17,16
resource_constrained,329,130,52,0.7058823529,16,4,64,35,28,12,12
resource_constrained,330,130,50,0.7014925373,17,3,64,34,29,20,18
resource_constrained,331,130,56,0.6901408451,15,7,64,30,26,10,10
resource_constrained,332,130,71,0.7307692308,7,14,64,37,31,14,14
resource_constrained,333,130,60,0.7464788732,11,7,64,37,33,15,14
resource_constrained,334,130,58,0.7428571429,12,6,64,34,30,14,14
resource_constrained,335,130,66,0.7333333333,9,11,64,45,35,16,13
resource_constrained,336,130,53,0.8,12,1,64,34,32,17,16
resource_constrained,337,130,48,0.696969697,18,2,64,27,27,14,14
resource_constrained,338,130,57,0.7536231884,12,5,64,33,30,12,11
resource_constrained,339,130,58,0.7428571429,12,6,64,36,29,17,14
resource_constrained,340,130,54,0.7101449275,15,5,64,38,33,14,13
resource_constrained,341,130,45,0.6268656716,22,3,64,32,29,17,16
resource_constrained,342,130,61,0.5625,19,16,64,47,30,13,13
resource_constrained,343,130,65,0.72,10,11,64,41,33,17,16
resource_constrained,344,130,54,0.7352941176,14,4,64,36,30,12,12
resource_constrained,345,130,54,0.6388888889,18,8,64,31,29,11,11
resource_constrained,346,130,54,0.5733333333,21,11,64,35,28,20,17
resource_constrained,347,130,57,0.7285714286,13,6,64,36,31,16,15
resource_constrained,348,130,63,0.8405797101,6,5,64,38,37,17,17
resource_constrained,349,130,55,0.676056338,16,7,64,36,30,10,10
resource_constrained,350,130,50,0.7014925373,17,3,64,28,24,15,14
resource_constrained,351,130,68,0.7837837838,6,10,64,39,38,17,17
resource_constrained,352,130,63,0.7397260274,10,9,64,35,35,12,12
resource_constrained,353,130,63,0.7887323944,8,7,64,41,37,18,18
resource_constrained,354,130,49,0.6617647059,19,4,64,28,27,12,12
resource_constrained,355,130,64,0.6842105263,12,12,64,45,34,16,15
resource_constrained,356,130,68,0.7142857143,9,13,64,36,31,12,12
resource_constrained,357,130,59,0.7571428571,11,6,64,35,31,17,17
resource_constrained,358,130,69,0.8219178082,4,9,64,48,38,17,14
resource_constrained,359,130,58,0.7183098592,13,7,64,32,30,14,14
resource_constrained,360,130,61,0.7857142857,9,6,64,42,34,18,18
resource_constrained,361,130,62,0.7746478873,9,7,64,43,37,17,17
resource_constrained,362,130,57,0.7042253521,14,7,64,39,33,16,14
resource_constrained,363,130,70,0.7866666667,5,11,64,39,34,16,16
resource_constrained,364,130,68,0.7142857143,9,13,64,39,34,14,14
resource_constrained,365,130,61,0.6891891892,13,10,64,36,31,15,15
resource_constrained,366,130,63,0.7162162162,11,10,64,38,32,18,16
resource_constrained,367,130,66,0.6883116883,11,13,64,54,36,21,16
resource_constrained,368,130,60,0.7971014493,9,5,64,35,34,15,15
resource_constrained,369,130,64,0.8028169014,7,7,64,43,36,15,13
resource_constrained,370,130,70,0.7631578947,6,12,64,45,37,15,14
resource_constrained,371,130,62,0.7746478873,9,7,64,42,35,20,19
resource_constrained,372,130,56,0.8181818182,10,2,64,40,35,15,13
resource_constrained,373,130,59,0.8088235294,9,4,64,35,34,14,14
resource_constrained,374,130,58,0.6944444444,14,8,64,37,32,15,14
resource_constrained,375,130,51,0.6666666667,18,5,64,33,29,11,10
resource_constrained,376,130,59,0.7083333333,13,8,64,38,30,12,11
resource_constrained,377,130,66,0.7567567568,8,10,64,39,37,14,13
resource_constrained,378,130,66,0.6883116883,11,13,64,46,36,13,12
resource_constrained,379,130,65,0.7671232877,8,9,64,37,33,19,18
resource_constrained,380,130,63,0.8405797101,6,5,64,44,40,22,20
resource_constrained,381,130,62,0.75,10,8,64,36,30,13,12
resource_constrained,382,130,54,0.7352941176,14,4,64,35,33,14,14
resource_constrained,383,130,50,0.7014925373,17,3,64,29,27,14,14
resource_constrained,384,130,50,0.6056338028,21,7,64,33,27,15,14
resource_constrained,385,130,67,0.8450704225,4,7,64,38,36,16,16
resource_constrained,386,130,59,0.7083333333,13,8,64,37,34,11,11
resource_constrained,387,130,61,0.6233766234,16,13,64,39,32,24,20
resource_constrained,388,130,61,0.7857142857,9,6,64,38,32,13,12
resource_constrained,389,130,53,0.7462686567,14,3,64,41,33,13,13
resource_constrained,390,130,59,0.7323943662,12,7,64,33,29,15,15
resource_constrained,391,130,61,0.6891891892,13,10,64,39,29,14,11
resource_constrained,392,130,69,0.75,7,12,64,43,35,16,14
resource_constrained,393,130,55,0.776119403,12,3,64,38,32,19,17
resource_constrained,394,130,66,0.6666666667,12,14,64,42,30,21,18
resource_constrained,395,130,56,0.7647058824,12,4,64,45,32,16,11
resource_constrained,396,130,64,0.8285714286,6,6,64,40,37,15,14
resource_constrained,397,130,60,0.7714285714,10,6,64,42,33,12,12
resource_constrained,398,130,70,0.7179487179,8,14,64,44,35,12,10
resource_constrained,399,130,67,0.7236842105,9,12,64,37,32,16,15
resource_constrained,400,130,56,0.7647058824,12,4,64,38,33,11,10
resource_constrained,401,130,54,0.7611940299,13,3,64,31,28,14,14
resource_constrained,402,130,52,0.7058823529,16,4,64,36,32,17,16
resource_constrained,403,130,73,0.7341772152,6,15,64,46,35,15,15
resource_constrained,404,130,61,0.7361111111,11,8,64,36,33,14,13
resource_constrained,405,130,58,0.6944444444,14,8,64,31,29,16,16
resource_constrained,406,130,55,0.7246376812,14,5,64,32,29,14,14
resource_constrained,407,130,57,0.7285714286,13,6,64,41,31,13,10
resource_constrained,408,130,54,0.7101449275,15,5,64,35,33,17,17
resource_constrained,409,130,60,0.7464788732,11,7,64,39,33,18,16
resource_constrained,410,130,59,0.7323943662,12,7,64,33,31,11,11
resource_constrained,411,130,75,0.7375,5,16,64,41,31,16,14
resource_constrained,412,130,61,0.7361111111,11,8,64,36,32,13,13
resource_constrained,413,130,67,0.7012987013,10,13,64,47,38,17,17
resource_constrained,414,130,60,0.7222222222,12,8,64,44,35,17,15
resource_constrained,415,130,54,0.7352941176,14,4,64,38,36,16,16
resource_constrained,416,130,46,0.71875,18,0,64,28,25,13,12
resource_constrained,417,130,67,0.7945205479,6,9,64,34,33,14,14
resource_constrained,418,130,62,0.7260273973,11,9,64,38,32,14,14
resource_constrained,419,130,65,0.7432432432,9,10,64,39,31,18,17
resource_constrained,420,130,74,0.725,6,16,64,41,34,13,13
resource_constrained,421,130,60,0.698630137,13,9,64,34,30,12,12
resource_constrained,422,130,54,0.7352941176,14,4,64,33,28,10,10
resource_constrained,423,130,47,0.6818181818,19,2,64,26,25,13,12
resource_constrained,424,130,68,0.7368421053,8,12,64,40,32,14,13
resource_constrained,425,130,55,0.7246376812,14,5,64,30,28,17,17
resource_constrained,426,130,58,0.768115942,11,5,64,41,35,11,11
resource_constrained,427,130,54,0.7352941176,14,4,64,30,30,15,15
resource_constrained,428,130,60,0.6756756757,14,10,64,26,24,14,14
resource_constrained,429,130,51,0.6197183099,20,7,64,31,28,11,11
resource_constrained,430,130,59,0.7571428571,11,6,64,36,34,15,15
resource_constrained,431,130,73,0.6707317073,9,18,64,45,32,19,15
resource_constrained,432,130,65,0.7916666667,7,8,64,48,40,17,15
resource_constrained,433,130,65,0.6753246753,12,13,64,39,31,13,13
resource_constrained,434,130,60,0.6756756757,14,10,64,31,25,17,17
resource_constrained,435,130,69,0.8732394366,2,7,64,35,34,10,10
resource_constrained,436,130,72,0.7662337662,5,13,64,48,38,15,15
resource_constrained,437,130,61,0.6666666667,14,11,64,40,33,15,15
resource_constrained,438,130,57,0.7285714286,13,6,64,35,32,15,15
resource_constrained,439,130,69,0.6835443038,10,15,64,41,34,18,14
resource_constrained,440,130,58,0.7941176471,10,4,64,44,39,18,18
resource_constrained,441,130,68,0.7837837838,6,10,64,40,36,17,16
resource_constrained,442,130,67,0.7945205479,6,9,64,42,37,15,15
resource_constrained,443,130,51,0.7424242424,15,2,64,33,28,17,15
resource_constrained,444,130,60,0.7222222222,12,8,64,45,34,18,17
resource_constrained,445,130,54,0.661971831,17,7,64,30,27,15,14
resource_constrained,446,130,57,0.7042253521,14,7,64,29,26,19,18
resource_constrained,447,130,54,0.7101449275,15,5,64,32,30,14,14
resource_constrained,448,130,77,0.6987951807,6,19,64,38,31,18,15
resource_constrained,449,130,57,0.7285714286,13,6,64,36,31,10,10
resource_constrained,450,130,65,0.7671232877,8,9,64,45,36,11,11
resource_constrained,451,130,64,0.7777777778,8,8,64,47,38,16,14
resource_constrained,452,130,59,0.6184210526,17,12,64,38,29,16,15
resource_constrained,453,130,58,0.6944444444,14,8,64,35,30,11,11
resource_constrained,454,130,60,0.698630137,13,9,64,44,34,14,14
resource_constrained,455,130,64,0.8028169014,7,7,64,35,30,15,13
resource_constrained,456,130,69,0.7272727273,8,13,64,47,39,12,12
resource_constrained,457,130,59,0.7571428571,11,6,64,32,28,13,12
resource_constrained,458,130,57,0.6351351351,17,10,64,30,27,12,12
resource_constrained,459,130,55,0.776119403,12,3,64,35,32,17,17
resource_constrained,460,130,61,0.8382352941,7,4,64,35,32,16,16
resource_constrained,461,130,53,0.6478873239,18,7,64,38,31,18,15
resource_constrained,462,130,62,0.8260869565,7,5,64,37,35,17,17
resource_constrained,463,130,48,0.7230769231,17,1,64,34,31,15,14
resource_constrained,464,130,67,0.6582278481,12,15,64,37,29,12,12
resource_constrained,465,130,63,0.7638888889,9,8,64,41,35,19,17
resource_constrained,466,130,64,0.7297297297,10,10,64,39,32,19,18
resource_constrained,467,130,58,0.7428571429,12,6,64,37,35,17,17
resource_constrained,468,130,60,0.6756756757,14,10,64,38,31,16,13
resource_constrained,469,130,65,0.7671232877,8,9,64,40,35,18,18
resource_constrained,470,130,66,0.7333333333,9,11,64,45,37,17,13
resource_constrained,471,130,55,0.676056338,16,7,64,41,33,13,13
resource_constrained,472,130,63,0.6933333333,12,11,64,40,35,15,15
resource_constrained,473,130,74,0.725,6,16,64,44,34,16,15
resource_constrained,474,130,55,0.7246376812,14,5,64,38,34,15,15
resource_constrained,475,130,54,0.7352941176,14,4,64,32,29,12,12
resource_constrained,476,130,53,0.6956521739,16,5,64,38,33,17,17
resource_constrained,477,130,64,0.8285714286,6,6,64,42,37,14,14
resource_constrained,478,130,52,0.6571428571,18,6,64,32,29,17,17
resource_constrained,479,130,57,0.7794117647,11,4,64,33,31,9,9
resource_constrained,480,130,68,0.7837837838,6,10,64,38,35,14,13
resource_constrained,481,130,64,0.7534246575,9,9,64,38,34,11,11
resource_constrained,482,130,70,0.7866666667,5,11,64,41,35,16,16
resource_constrained,483,130,64,0.7066666667,11,11,64,38,32,12,9
resource_constrained,484,130,60,0.7714285714,10,6,64,40,34,15,15
resource_constrained,485,130,56,0.7647058824,12,4,64,34,31,18,16
resource_constrained,486,130,60,0.7971014493,9,5,64,38,35,16,16
resource_constrained,487,130,56,0.6666666667,16,8,64,38,28,18,16
resource_constrained,488,130,63,0.7397260274,10,9,64,38,34,19,18
resource_constrained,489,130,53,0.7727272727,13,2,64,32,28,14,14
resource_constrained,490,130,52,0.6811594203,17,5,64,30,27,12,12
resource_constrained,491,130,61,0.7361111111,11,8,64,44,36,11,11
resource_constrained,492,130,71,0.7763157895,5,12,64,41,38,16,16
resource_constrained,493,130,62,0.7746478873,9,7,64,32,31,13,12
resource_constrained,494,130,49,0.6142857143,21,6,64,41,28,15,14
resource_constrained,495,130,51,0.6428571429,19,6,64,32,27,15,15
resource_constrained,496,130,60,0.7714285714,10,6,64,36,35,17,16
resource_constrained,497,130,65,0.8169014085,6,7,64,43,37,14,14
resource_constrained,498,130,65,0.5925925926,16,17,64,42,32,19,17
resource_constrained,499,130,59,0.6184210526,17,12,64,36,29,16,13
resource_constrained,500,130,55,0.7,15,6,64,34,31,16,16
resource_constrained,501,130,54,0.7352941176,14,4,64,33,30,16,16
resource_constrained,502,130,55,0.676056338,16,7,64,33,31,16,15
resource_constrained,503,130,62,0.75,10,8,64,39,31,20,18
resource_constrained,504,130,59,0.7571428571,11,6,64,41,33,16,15
resource_constrained,505,130,73,0.7792207792,4,13,64,48,36,19,17
resource_constrained,506,130,62,0.7260273973,11,9,64,40,30,10,10
resource_constrained,507,130,63,0.7887323944,8,7,64,37,34,11,11
resource_constrained,508,130,62,0.8529411765,6,4,64,50,38,13,11
resource_constrained,509,130,71,0.8,4,11,64,42,34,16,15
resource_constrained,510,130,56,0.6901408451,15,7,64,39,31,20,17
resource_constrained,511,130,56,0.7647058824,12,4,64,31,29,18,18
resource_constrained,512,130,62,0.7027027027,12,10,64,38,32,14,12
resource_constrained,513,130,51,0.6911764706,17,4,64,28,26,11,11
resource_constrained,514,130,66,0.7567567568,8,10,64,38,34,15,14
resource_constrained,515,130,60,0.6756756757,14,10,64,39,33,21,18
resource_constrained,516,130,67,0.7945205479,6,9,64,37,34,16,14
resource_constrained,517,130,73,0.7564102564,5,14,64,44,37,15,13
resource_constrained,518,130,62,0.75,10,8,64,41,34,20,19
resource_constrained,519,130,65,0.8428571429,5,6,64,43,38,21,19
resource_constrained,520,130,60,0.6315789474,16,12,64,39,31,12,12
resource_constrained,521,130,57,0.7042253521,14,7,64,36,32,15,14
resource_constrained,522,130,69,0.7733333333,6,11,64,36,31,13,13
resource_constrained,523,130,50,0.6764705882,18,4,64,36,32,14,14
resource_constrained,524,130,68,0.7368421053,8,12,64,42,36,18,17
resource_constrained,525,130,65,0.6973684211,11,12,64,40,34,15,15
resource_constrained,526,130,65,0.7916666667,7,8,64,37,32,14,12
resource_constrained,527,130,62,0.7027027027,12,10,64,38,32,17,17
resource_constrained,528,130,65,0.72,10,11,64,39,33,17,15
resource_constrained,529,130,51,0.6428571429,19,6,64,35,30,12,12
resource_constrained,530,130,63,0.6493506494,14,13,64,41,31,18,14
resource_constrained,531,130,68,0.7837837838,6,10,64,43,36,15,14
resource_constrained,532,130,72,0.6790123457,9,17,64,53,36,13,13
resource_constrained,533,130,44,0.6363636364,22,2,64,30,27,13,10
resource_constrained,534,130,60,0.6756756757,14,10,64,34,32,10,10
resource_constrained,535,130,61,0.7361111111,11,8,64,48,37,13,12
resource_constrained,536,130,68,0.8591549296,3,7,64,46,40,20,18
resource_constrained,537,130,60,0.7464788732,11,7,64,40,37,15,15
resource_constrained,538,130,60,0.7464788732,11,7,64,39,34,15,15
resource_constrained,539,130,62,0.8260869565,7,5,64,36,34,17,16
resource_constrained,540,130,70,0.7402597403,7,13,64,36,30,14,14
resource_constrained,541,130,52,0.7313432836,15,3,64,36,30,13,12
resource_constrained,542,130,50,0.652173913,19,5,64,37,32,16,16
resource_constrained,543,130,61,0.7605633803,10,7,64,42,36,20,17
resource_constrained,544,130,65,0.72,10,11,64,44,33,19,17
resource_constrained,545,130,62,0.8,8,6,64,31,26,18,18
resource_constrained,546,130,54,0.7878787879,12,2,64,32,30,10,10
resource_constrained,547,130,61,0.6666666667,14,11,64,36,29,12,11
resource_constrained,548,130,52,0.7058823529,16,4,64,38,33,15,15
resource_constrained,549,130,61,0.7123287671,12,9,64,42,34,17,17
resource_constrained,550,130,62,0.7746478873,9,7,64,37,34,19,17
resource_constrained,551,130,69,0.7272727273,8,13,64,47,35,14,13
resource_constrained,552,130,56,0.7391304348,13,5,64,33,30,14,13
resource_constrained,553,130,62,0.8260869565,7,5,64,37,34,16,16
resource_constrained,554,130,55,0.7,15,6,64,34,28,18,15
resource_constrained,555,130,60,0.8235294118,8,4,64,28,27,11,11
resource_constrained,556,130,47,0.6567164179,20,3,64,26,25,11,11
resource_constrained,557,130,71,0.6875,9,16,64,35,31,15,13
resource_constrained,558,130,63,0.8405797101,6,5,64,42,34,13,12
resource_constrained,559,130,65,0.8169014085,6,7,64,41,37,18,16
resource_constrained,560,130,55,0.803030303,11,2,64,39,30,12,11
resource_constrained,561,130,60,0.7971014493,9,5,64,41,35,18,18
resource_constrained,562,130,52,0.7058823529,16,4,64,26,24,16,16
resource_constrained,563,130,77,0.6987951807,6,19,64,43,35,22,19
resource_constrained,564,130,59,0.7083333333,13,8,64,29,29,10,10
resource_constrained,565,130,59,0.7826086957,10,5,64,34,31,13,11
resource_constrained,566,130,55,0.75,13,4,64,28,24,10,10
resource_constrained,567,130,64,0.7297297297,10,10,64,35,31,15,15
resource_constrained,568,130,52,0.6111111111,20,8,64,36,26,12,10
resource_constrained,569,130,64,0.6842105263,12,12,64,35,29,18,16
resource_constrained,570,130,53,0.6478873239,18,7,64,31,26,14,14
resource_constrained,571,130,58,0.7428571429,12,6,64,40,34,15,14
resource_constrained,572,130,60,0.7464788732,11,7,64,41,34,16,15
resource_constrained,573,130,61,0.8115942029,8,5,64,38,35,18,17
resource_constrained,574,130,55,0.7,15,6,64,36,32,16,15
resource_constrained,575,130,51,0.6197183099,20,7,64,30,26,13,13
resource_constrained,576,130,65,0.7916666667,7,8,64,40,37,14,14
resource_constrained,577,130,52,0.7058823529,16,4,64,31,30,15,15
resource_constrained,578,130,48,0.6470588235,20,4,64,35,28,14,13
resource_constrained,579,130,69,0.8219178082,4,9,64,46,39,21,18
resource_constrained,580,130,46,0.6417910448,21,3,64,27,24,15,15
resource_constrained,581,130,58,0.6944444444,14,8,64,31,28,15,14
resource_constrained,582,130,69,0.7272727273,8,13,64,34,31,13,13
resource_constrained,583,130,57,0.7794117647,11,4,64,29,28,13,13
resource_constrained,584,130,66,0.7808219178,7,9,64,41,35,15,14
resource_constrained,585,130,60,0.7464788732,11,7,64,36,32,16,16
resource_constrained,586,130,59,0.7083333333,13,8,64,38,32,17,17
resource_constrained,587,130,51,0.7164179104,16,3,64,36,32,16,15
resource_constrained,588,130,61,0.7361111111,11,8,64,35,32,17,17
resource_constrained,589,130,62,0.7746478873,9,7,64,37,32,17,17
resource_constrained,590,130,54,0.6857142857,16,6,64,32,29,15,15
resource_constrained,591,130,53,0.6956521739,16,5,64,28,27,15,15
resource_constrained,592,130,54,0.6388888889,18,8,64,38,32,15,15
resource_constrained,593,130,54,0.7101449275,15,5,64,35,30,16,16
resource_constrained,594,130,69,0.75,7,12,64,38,31,14,13
resource_constrained,595,130,62,0.8529411765,6,4,64,41,34,17,17
resource_constrained,596,130,63,0.7638888889,9,8,64,38,35,11,11
resource_constrained,597,130,65,0.7432432432,9,10,64,37,34,15,15
resource_constrained,598,130,70,0.7179487179,8,14,64,43,32,12,12
resource_constrained,599,130,64,0.8028169014,7,7,64,38,35,20,17
resource_constrained,600,130,56,0.7391304348,13,5,64,36,32,14,14
resource_constrained,601,130,59,0.7571428571,11,6,64,38,33,16,14
resource_constrained,602,130,65,0.7671232877,8,9,64,35,35,16,16
resource_constrained,603,130,54,0.7352941176,14,4,64,34,34,11,11
resource_constrained,604,130,54,0.6388888889,18,8,64,32,30,13,13
resource_constrained,605,130,71,0.7088607595,8,15,64,44,32,17,14
resource_constrained,606,130,64,0.7534246575,9,9,64,46,35,15,13
resource_constrained,607,130,72,0.7215189873,7,15,64,44,33,20,15
resource_constrained,608,130,58,0.7183098592,13,7,64,32,32,15,15
resource_constrained,609,130,58,0.7183098592,13,7,64,27,24,13,13
resource_constrained,610,130,65,0.7432432432,9,10,64,38,34,16,16
resource_constrained,611,130,57,0.7042253521,14,7,64,38,32,10,10
resource_constrained,612,130,58,0.7428571429,12,6,64,35,32,13,13
resource_constrained,613,130,73,0.7341772152,6,15,64,37,31,14,13
resource_constrained,614,130,55,0.776119403,12,3,64,43,36,15,15
resource_constrained,615,130,66,0.7808219178,7,9,64,43,37,15,15
resource_constrained,616,130,69,0.7051282051,9,14,64,44,34,15,13
resource_constrained,617,130,56,0.7647058824,12,4,64,38,35,16,16
resource_constrained,618,130,56,0.7142857143,14,6,64,37,30,12,12
resource_constrained,619,130,71,0.6666666667,10,17,64,47,35,24,20
resource_constrained,620,130,71,0.7532467532,6,13,64,45,37,18,15
resource_constrained,621,130,60,0.8235294118,8,4,64,36,34,14,14
resource_constrained,622,130,60,0.7222222222,12,8,64,33,30,14,14
resource_constrained,623,130,55,0.6301369863,18,9,64,31,26,15,14
resource_constrained,624,130,51,0.6428571429,19,6,64,31,27,15,15
resource_constrained,625,130,74,0.8157894737,2,12,64,45,40,16,15
resource_constrained,626,130,62,0.75,10,8,64,40,34,16,15
resource_constrained,627,130,49,0.7121212121,17,2,64,29,28,10,10
resource_constrained,628,130,75,0.7594936709,4,15,64,54,40,12,11
resource_constrained,629,130,56,0.6901408451,15,7,64,35,31,16,16
resource_constrained,630,130,63,0.6710526316,13,12,64,37,33,15,14
resource_constrained,631,130,48,0.6470588235,20,4,64,34,30,13,12
resource_constrained,632,130,70,0.8108108108,4,10,64,40,36,19,17
resource_constrained,633,130,49,0.7121212121,17,2,64,33,30,12,12
resource_constrained,634,130,64,0.7066666667,11,11,64,43,35,13,13
resource_constrained,635,130,59,0.7826086957,10,5,64,37,34,14,13
resource_constrained,636,130,70,0.7631578947,6,12,64,42,38,16,15
resource_constrained,637,130,63,0.7162162162,11,10,64,41,35,14,14
resource_constrained,638,130,50,0.7014925373,17,3,64,32,30,14,14
resource_constrained,639,130,59,0.7323943662,12,7,64,41,35,14,14
resource_constrained,640,130,54,0.7352941176,14,4,64,34,32,13,13
resource_constrained,641,130,58,0.7428571429,12,6,64,40,31,18,16
resource_constrained,642,130,80,0.8,0,16,64,49,40,14,12
resource_constrained,643,130,66,0.7567567568,8,10,64,42,35,13,13
resource_constrained,644,130,65,0.7432432432,9,10,64,43,35,15,14
resource_constrained,645,130,54,0.7878787879,12,2,64,32,31,16,16
resource_constrained,646,130,63,0.7638888889,9,8,64,41,34,14,12
resource_constrained,647,130,57,0.8059701493,10,3,64,41,37,15,14
resource_constrained,648,130,63,0.7162162162,11,10,64,39,33,14,14
resource_constrained,649,130,56,0.7142857143,14,6,64,40,29,15,15
resource_constrained,650,130,63,0.7162162162,11,10,64,43,31,17,15
resource_constrained,651,130,57,0.6805555556,15,8,64,41,35,12,11
resource_constrained,652,130,50,0.7014925373,17,3,64,29,29,14,14
resource_constrained,653,130,54,0.6388888889,18,8,64,33,26,18,14
resource_constrained,654,130,65,0.72,10,11,64,47,37,20,18
resource_constrained,655,130,68,0.8082191781,5,9,64,48,37,14,12
resource_constrained,656,130,70,0.7866666667,5,11,64,42,36,15,15
resource_constrained,657,130,60,0.7714285714,10,6,64,34,32,12,12
resource_constrained,658,130,61,0.7605633803,10,7,64,40,36,17,16
resource_constrained,659,130,42,0.6060606061,24,2,64,28,25,12,12
resource_constrained,660,130,50,0.5833333333,22,8,64,34,28,17,17
resource_constrained,661,130,67,0.7945205479,6,9,64,44,39,16,16
resource_constrained,662,130,67,0.8450704225,4,7,64,47,39,13,12
resource_constrained,663,130,60,0.7971014493,9,5,64,32,30,17,17
resource_constrained,664,130,58,0.6486486486,16,10,64,34,29,16,16
resource_constrained,665,130,85,0.6931818182,3,24,64,54,38,14,12
resource_constrained,666,130,60,0.7222222222,12,8,64,33,29,13,11
resource_constrained,667,130,78,0.7108433735,5,19,64,51,39,24,18
resource_constrained,668,130,61,0.7123287671,12,9,64,34,30,15,14
resource_constrained,669,130,55,0.7,15,6,64,38,33,18,16
resource_constrained,670,130,68,0.7837837838,6,10,64,49,38,19,16
resource_constrained,671,130,61,0.7123287671,12,9,64,44,36,23,19
resource_constrained,672,130,68,0.7837837838,6,10,64,41,36,14,14
resource_constrained,673,130,69,0.7051282051,9,14,64,46,34,19,17
resource_constrained,674,130,52,0.6571428571,18,6,64,32,28,14,14
resource_constrained,675,130,67,0.7945205479,6,9,64,38,32,16,13
resource_constrained,676,130,56,0.7142857143,14,6,64,34,29,15,14
resource_constrained,677,130,57,0.7794117647,11,4,64,34,32,13,13
resource_constrained,678,130,60,0.7464788732,11,7,64,39,31,12,12
resource_constrained,679,130,74,0.6626506024,9,19,64,46,36,15,14
resource_constrained,680,130,65,0.7432432432,9,10,64,44,36,12,12
resource_constrained,681,130,61,0.7857142857,9,6,64,50,34,19,15
resource_constrained,682,130,58,0.7428571429,12,6,64,42,35,16,15
resource_constrained,683,130,53,0.6478873239,18,7,64,24,22,12,11
resource_constrained,684,130,61,0.7123287671,12,9,64,38,31,19,17
resource_constrained,685,130,61,0.6666666667,14,11,64,38,31,14,14
resource_constrained,686,130,67,0.8194444444,5,8,64,46,38,18,16
resource_constrained,687,130,63,0.7887323944,8,7,64,34,28,16,16
resource_constrained,688,130,61,0.6891891892,13,10,64,37,30,18,17
resource_constrained,689,130,64,0.7297297297,10,10,64,44,35,14,13
resource_constrained,690,130,66,0.7333333333,9,11,64,40,33,14,12
resource_constrained,691,130,60,0.7464788732,11,7,64,37,32,17,15
resource_constrained,692,130,64,0.8285714286,6,6,64,39,37,17,16
resource_constrained,693,130,66,0.6883116883,11,13,64,45,35,10,10
resource_constrained,694,130,66,0.7333333333,9,11,64,36,33,15,15
resource_constrained,695,130,61,0.7361111111,11,8,64,38,35,14,13
resource_constrained,696,130,50,0.6764705882,18,4,64,27,26,15,14
resource_constrained,697,130,63,0.7638888889,9,8,64,41,36,17,16
resource_constrained,698,130,70,0.7631578947,6,12,64,40,33,15,13
resource_constrained,699,130,57,0.8059701493,10,3,64,34,31,16,16
resource_constrained,700,130,57,0.6351351351,17,10,64,36,31,7,7
resource_constrained,701,130,64,0.641025641,14,14,64,42,31,13,13
resource_constrained,702,130,58,0.7428571429,12,6,64,41,35,15,14
resource_constrained,703,130,67,0.6794871795,11,14,64,42,33,13,13
resource_constrained,704,130,61,0.5625,19,16,64,43,30,17,16
resource_constrained,705,130,52,0.7313432836,15,3,64,35,32,12,12
resource_constrained,706,130,63,0.8405797101,6,5,64,39,36,14,14
resource_constrained,707,130,52,0.7058823529,16,4,64,30,29,13,13
resource_constrained,708,130,74,0.7692307692,4,14,64,44,37,18,16
resource_constrained,709,130,56,0.7391304348,13,5,64,36,30,14,13
resource_constrained,710,130,60,0.7464788732,11,7,64,36,32,20,18
resource_constrained,711,130,55,0.7,15,6,64,35,32,14,14
resource_constrained,712,130,64,0.7297297297,10,10,64,46,35,16,14
resource_constrained,713,130,72,0.7435897436,6,14,64,48,38,18,18
resource_constrained,714,130,72,0.7662337662,5,13,64,45,37,11,11
resource_constrained,715,130,66,0.7105263158,10,12,64,41,32,17,17
resource_constrained,716,130,67,0.7945205479,6,9,64,42,37,15,15
resource_constrained,717,130,63,0.8142857143,7,6,64,35,34,16,15
resource_constrained,718,130,61,0.7857142857,9,6,64,43,35,13,13
resource_constrained,719,130,54,0.661971831,17,7,64,33,31,14,13
resource_constrained,720,130,52,0.7313432836,15,3,64,32,27,10,10
resource_constrained,721,130,62,0.8260869565,7,5,64,40,35,19,17
resource_constrained,722,130,50,0.652173913,19,5,64,35,29,15,14
resource_constrained,723,130,67,0.7466666667,8,11,64,41,32,13,13
resource_constrained,724,130,61,0.7361111111,11,8,64,40,31,15,12
resource_constrained,725,130,62,0.7260273973,11,9,64,36,33,14,14
resource_constrained,726,130,64,0.7066666667,11,11,64,44,33,14,13
resource_constrained,727,130,64,0.7534246575,9,9,64,35,32,10,10
resource_constrained,728,130,59,0.7571428571,11,6,64,37,34,17,16
resource_constrained,729,130,63,0.6075949367,16,15,64,36,29,15,14
resource_constrained,730,130,63,0.7638888889,9,8,64,45,35,15,14
resource_constrained,731,130,50,0.7272727273,16,2,64,36,32,18,16
resource_constrained,732,130,55,0.7,15,6,64,29,27,15,15
resource_constrained,733,130,57,0.7536231884,12,5,64,37,32,14,14
resource_constrained,734,130,60,0.7714285714,10,6,64,37,34,13,12
resource_constrained,735,130,64,0.6842105263,12,12,64,37,32,16,15
resource_constrained,736,130,48,0.671641791,19,3,64,32,29,12,12
resource_constrained,737,130,75,0.7375,5,16,64,49,36,17,14
resource_constrained,738,130,62,0.8260869565,7,5,64,37,35,14,13
resource_constrained,739,130,61,0.7361111111,11,8,64,34,32,14,14
resource_constrained,740,130,57,0.7285714286,13,6,64,35,29,16,15
resource_constrained,741,130,59,0.7571428571,11,6,64,39,34,19,18
resource_constrained,742,130,52,0.7313432836,15,3,64,29,25,14,14
resource_constrained,743,130,65,0.7916666667,7,8,64,40,35,15,14
resource_constrained,744,130,55,0.7246376812,14,5,64,32,30,12,12
resource_constrained,745,130,64,0.8285714286,6,6,64,40,38,14,14
resource_constrained,746,130,56,0.7142857143,14,6,64,34,31,15,15
resource_constrained,747,130,62,0.7746478873,9,7,64,39,33,13,12
resource_constrained,748,130,65,0.8169014085,6,7,64,35,32,14,14
resource_constrained,749,130,65,0.7671232877,8,9,64,42,37,18,16
resource_constrained,750,130,59,0.8358208955,8,3,64,40,37,16,16
resource_constrained,751,130,52,0.6571428571,18,6,64,34,31,15,15
resource_constrained,752,130,67,0.7945205479,6,9,64,44,37,14,13
resource_constrained,753,130,63,0.6933333333,12,11,64,37,32,13,13
resource_constrained,754,130,63,0.8142857143,7,6,64,40,34,17,17
resource_constrained,755,130,55,0.6527777778,17,8,64,36,31,12,12
resource_constrained,756,130,71,0.7763157895,5,12,64,35,32,14,14
resource_constrained,757,130,74,0.6829268293,8,18,64,53,41,26,20
resource_constrained,758,130,62,0.7027027027,12,10,64,37,32,14,12
resource_constrained,759,130,63,0.7887323944,8,7,64,42,36,13,12
resource_constrained,760,130,59,0.6849315068,14,9,64,39,30,12,12
resource_constrained,761,130,50,0.7272727273,16,2,64,30,30,16,16
resource_constrained,762,130,74,0.746835443,5,15,64,51,42,16,14
resource_constrained,763,130,63,0.7397260274,10,9,64,50,37,16,14
resource_constrained,764,130,60,0.7971014493,9,5,64,36,33,16,15
resource_constrained,765,130,67,0.6794871795,11,14,64,41,36,14,14
resource_constrained,766,130,56,0.7647058824,12,4,64,39,34,13,12
resource_constrained,767,130,58,0.7183098592,13,7,64,43,34,17,16
resource_constrained,768,130,61,0.7605633803,10,7,64,32,30,15,15
resource_constrained,769,130,67,0.8450704225,4,7,64,53,41,17,17
resource_constrained,770,130,63,0.7397260274,10,9,64,50,37,19,17
resource_constrained,771,130,57,0.7536231884,12,5,64,41,34,20,18
resource_constrained,772,130,64,0.7777777778,8,8,64,42,33,15,14
resource_constrained,773,130,54,0.7101449275,15,5,64,29,27,15,14
resource_constrained,774,130,65,0.7671232877,8,9,64,41,36,15,15
resource_constrained,775,130,66,0.625,14,16,64,40,30,22,19
resource_constrained,776,130,58,0.768115942,11,5,64,35,30,16,16
resource_constrained,777,130,58,0.6944444444,14,8,64,40,33,12,12
resource_constrained,778,130,63,0.7397260274,10,9,64,36,32,12,12
resource_constrained,779,130,58,0.7183098592,13,7,64,40,30,15,14
resource_constrained,780,130,59,0.7083333333,13,8,64,39,34,11,11
resource_constrained,781,130,59,0.6621621622,15,10,64,39,31,14,14
resource_constrained,782,130,64,0.7777777778,8,8,64,46,35,16,14
resource_constrained,783,130,69,0.75,7,12,64,48,36,18,15
resource_constrained,784,130,66,0.7333333333,9,11,64,36,32,13,13
resource_constrained,785,130,54,0.7101449275,15,5,64,43,36,14,13
resource_constrained,786,130,54,0.6857142857,16,6,64,32,29,15,15
resource_constrained,787,130,68,0.65,12,16,64,45,32,15,13
resource_constrained,788,130,67,0.7702702703,7,10,64,43,36,12,12
resource_constrained,789,130,67,0.6794871795,11,14,64,45,35,17,17
resource_constrained,790,130,61,0.7605633803,10,7,64,41,36,21,19
resource_constrained,791,130,66,0.7105263158,10,12,64,45,33,20,16
resource_constrained,792,130,66,0.7808219178,7,9,64,38,37,16,15
resource_constrained,793,130,69,0.7733333333,6,11,64,41,33,18,15
resource_constrained,794,130,51,0.7692307692,14,1,64,37,34,16,15
resource_constrained,795,130,69,0.8219178082,4,9,64,55,39,20,18
resource_constrained,796,130,63,0.7162162162,11,10,64,41,32,17,17
resource_constrained,797,130,54,0.7352941176,14,4,64,34,30,17,15
resource_constrained,798,130,58,0.7183098592,13,7,64,39,31,18,16
resource_constrained,799,130,60,0.698630137,13,9,64,38,34,14,14
resource_constrained,800,130,58,0.7183098592,13,7,64,38,34,18,17
resource_constrained,801,130,61,0.6891891892,13,10,64,40,33,18,17
resource_constrained,802,130,59,0.7571428571,11,6,64,39,32,16,15
resource_constrained,803,130,61,0.7123287671,12,9,64,40,35,16,15
resource_constrained,804,130,65,0.72,10,11,64,42,35,17,16
resource_constrained,805,130,58,0.7428571429,12,6,64,35,33,12,12
resource_constrained,806,130,70,0.675,10,16,64,43,36,13,13
resource_constrained,807,130,71,0.7763157895,5,12,64,42,37,16,16
resource_constrained,808,130,64,0.7534246575,9,9,64,44,37,17,16
resource_constrained,809,130,68,0.76,7,11,64,34,31,19,19
resource_constrained,810,130,58,0.768115942,11,5,64,43,36,14,12
resource_constrained,811,130,66,0.7333333333,9,11,64,41,35,12,9
resource_constrained,812,130,52,0.6571428571,18,6,64,31,27,14,14
resource_constrained,813,130,55,0.75,13,4,64,39,34,15,15
resource_constrained,814,130,63,0.6282051282,15,14,64,45,37,16,15
resource_constrained,815,130,69,0.7733333333,6,11,64,47,37,15,12
resource_constrained,816,130,54,0.7352941176,14,4,64,33,31,13,11
resource_constrained,817,130,58,0.7941176471,10,4,64,35,29,13,13
resource_constrained,818,130,48,0.671641791,19,3,64,36,32,18,17
resource_constrained,819,130,57,0.7042253521,14,7,64,34,28,13,12
resource_constrained,820,130,61,0.7605633803,10,7,64,37,32,11,10
resource_constrained,821,130,61,0.7361111111,11,8,64,39,32,14,12
resource_constrained,822,130,57,0.7536231884,12,5,64,38,35,15,15
resource_constrained,823,130,59,0.6849315068,14,9,64,31,30,15,15
resource_constrained,824,130,81,0.7058823529,4,21,64,43,32,20,16
resource_constrained,825,130,63,0.7887323944,8,7,64,45,38,18,18
resource_constrained,826,130,56,0.7391304348,13,5,64,38,31,12,10
resource_constrained,827,130,53,0.625,19,8,64,34,29,12,12
resource_constrained,828,130,65,0.8169014085,6,7,64,33,32,16,16
resource_constrained,829,130,51,0.7164179104,16,3,64,30,30,14,14
resource_constrained,830,130,59,0.7571428571,11,6,64,38,32,18,16
resource_constrained,831,130,52,0.6571428571,18,6,64,32,26,15,15
resource_constrained,832,130,64,0.7777777778,8,8,64,35,34,14,14
resource_constrained,833,130,64,0.7534246575,9,9,64,42,31,15,14
resource_constrained,834,130,61,0.7123287671,12,9,64,37,33,16,15
resource_constrained,835,130,72,0.6790123457,9,17,64,45,35,22,16
resource_constrained,836,130,71,0.8,4,11,64,52,40,16,14
resource_constrained,837,130,58,0.7941176471,10,4,64,38,34,16,15
resource_constrained,838,130,65,0.6973684211,11,12,64,41,32,19,17
resource_constrained,839,130,62,0.75,10,8,64,33,30,16,16
resource_constrained,840,130,66,0.8055555556,6,8,64,43,38,15,14
resource_constrained,841,130,74,0.7037037037,7,17,64,42,35,11,11
resource_constrained,842,130,52,0.7058823529,16,4,64,30,28,13,13
resource_constrained,843,130,51,0.7164179104,16,3,64,31,27,13,12
resource_constrained,844,130,61,0.7605633803,10,7,64,35,32,19,18
resource_constrained,845,130,65,0.72,10,11,64,37,34,17,16
resource_constrained,846,130,55,0.776119403,12,3,64,33,29,14,14
resource_constrained,847,130,49,0.7121212121,17,2,64,32,30,9,9
resource_constrained,848,130,62,0.75,10,8,64,45,37,17,16
resource_constrained,849,130,65,0.8169014085,6,7,64,37,34,16,14
resource_constrained,850,130,62,0.68,13,11,64,34,26,14,12
resource_constrained,851,130,57,0.7794117647,11,4,64,33,31,16,16
resource_constrained,852,130,64,0.6842105263,12,12,64,44,32,18,18
resource_constrained,853,130,58,0.7941176471,10,4,64,36,33,11,11
resource_constrained,854,130,65,0.7671232877,8,9,64,41,34,20,16
resource_constrained,855,130,58,0.6486486486,16,10,64,35,28,14,13
resource_constrained,856,130,59,0.7083333333,13,8,64,35,29,10,9
resource_constrained,857,130,57,0.7536231884,12,5,64,35,29,17,16
resource_constrained,858,130,63,0.7887323944,8,7,64,37,35,14,14
resource_constrained,859,130,48,0.671641791,19,3,64,34,30,13,11
resource_constrained,860,130,52,0.7058823529,16,4,64,34,29,11,11
resource_constrained,861,130,53,0.602739726,20,9,64,32,25,15,15
resource_constrained,862,130,63,0.7397260274,10,9,64,41,35,19,17
resource_constrained,863,130,51,0.6428571429,19,6,64,31,27,11,10
resource_constrained,864,130,58,0.6712328767,15,9,64,35,31,17,15
resource_constrained,865,130,56,0.7647058824,12,4,64,35,30,10,10
resource_constrained,866,130,63,0.6710526316,13,12,64,43,32,13,10
resource_constrained,867,130,77,0.7195121951,5,18,64,45,36,15,15
resource_constrained,868,130,50,0.6764705882,18,4,64,30,28,14,13
resource_constrained,869,130,63,0.7638888889,9,8,64,32,29,16,14
resource_constrained,870,130,59,0.7083333333,13,8,64,36,35,17,17
resource_constrained,871,130,66,0.7567567568,8,10,64,39,34,13,13
resource_constrained,872,130,56,0.7142857143,14,6,64,39,31,14,13
resource_constrained,873,130,66,0.8055555556,6,8,64,39,33,17,15
resource_constrained,874,130,53,0.7462686567,14,3,64,40,30,16,13
resource_constrained,875,130,61,0.8382352941,7,4,64,42,38,15,15
resource_constrained,876,130,51,0.6911764706,17,4,64,28,25,14,13
resource_constrained,877,130,62,0.68,13,11,64,41,31,16,16
resource_constrained,878,130,67,0.7236842105,9,12,64,41,32,18,15
resource_constrained,879,130,69,0.7051282051,9,14,64,44,35,22,18
resource_constrained,880,130,63,0.7638888889,9,8,64,41,33,18,15
resource_constrained,881,130,61,0.7857142857,9,6,64,37,35,15,14
resource_constrained,882,130,71,0.8,4,11,64,48,39,18,16
resource_constrained,883,130,56,0.6901408451,15,7,64,42,32,15,15
resource_constrained,884,130,53,0.6956521739,16,5,64,34,30,15,15
resource_constrained,885,130,64,0.7777777778,8,8,64,39,32,15,14
resource_constrained,886,130,68,0.8082191781,5,9,64,44,35,16,14
resource_constrained,887,130,54,0.661971831,17,7,64,33,27,15,15
resource_constrained,888,130,59,0.7323943662,12,7,64,39,34,17,17
resource_constrained,889,130,59,0.6849315068,14,9,64,36,32,13,13
resource_constrained,890,130,64,0.7066666667,11,11,64,38,32,17,17
resource_constrained,891,130,62,0.8,8,6,64,39,34,11,10
resource_constrained,892,130,60,0.6756756757,14,10,64,32,31,14,14
resource_constrained,893,130,73,0.6913580247,8,17,64,50,39,21,17
resource_constrained,894,130,54,0.7611940299,13,3,64,36,34,14,14
resource_constrained,895,130,56,0.7910447761,11,3,64,33,33,15,15
resource_constrained,896,130,69,0.7972972973,5,10,64,35,32,15,14
resource_constrained,897,130,50,0.6764705882,18,4,64,36,30,13,13
resource_constrained,898,130,60,0.6533333333,15,11,64,45,38,18,17
resource_constrained,899,130,53,0.6956521739,16,5,64,30,30,15,15
resource_constrained,900,130,64,0.8028169014,7,7,64,45,38,18,18
resource_constrained,901,130,73,0.6707317073,9,18,64,39,34,17,15
resource_constrained,902,130,72,0.6585365854,10,18,64,51,34,12,10
resource_constrained,903,130,68,0.76,7,11,64,43,36,15,14
resource_constrained,904,130,65,0.6125,15,16,64,31,26,18,15
resource_constrained,905,130,65,0.6973684211,11,12,64,36,29,14,12
resource_constrained,906,130,55,0.7,15,6,64,43,35,16,16
resource_constrained,907,130,70,0.6962025316,9,15,64,36,30,14,13
resource_constrained,908,130,55,0.6081081081,19,10,64,40,32,19,15
resource_constrained,909,130,53,0.7462686567,14,3,64,31,29,18,18
resource_constrained,910,130,55,0.776119403,12,3,64,37,33,19,16
resource_constrained,911,130,49,0.6376811594,20,5,64,32,30,16,16
resource_constrained,912,130,69,0.7733333333,6,11,64,45,39,19,17
resource_constrained,913,130,63,0.6933333333,12,11,64,41,34,16,16
resource_constrained,914,130,71,0.7307692308,7,14,64,40,32,17,17
resource_constrained,915,130,54,0.661971831,17,7,64,34,29,11,11
resource_constrained,916,130,54,0.7611940299,13,3,64,36,34,17,17
resource_constrained,917,130,50,0.5833333333,22,8,64,35,28,15,15
resource_constrained,918,130,56,0.7647058824,12,4,64,41,34,16,15
resource_constrained,919,130,66,0.7333333333,9,11,64,38,31,13,13
resource_constrained,920,130,62,0.8260869565,7,5,64,35,30,13,13
resource_constrained,921,130,50,0.6764705882,18,4,64,30,28,16,15
resource_constrained,922,130,57,0.6805555556,15,8,64,41,32,20,16
resource_constrained,923,130,57,0.7536231884,12,5,64,40,32,19,16
resource_constrained,924,130,59,0.7571428571,11,6,64,35,32,16,14
resource_constrained,925,130,53,0.7205882353,15,4,64,39,32,14,12
resource_constrained,926,130,61,0.7123287671,12,9,64,39,30,16,15
resource_constrained,927,130,58,0.768115942,11,5,64,34,32,16,15
resource_constrained,928,130,62,0.7746478873,9,7,64,34,27,13,12
resource_constrained,929,130,47,0.6818181818,19,2,64,27,27,15,15
resource_constrained,930,130,63,0.8676470588,5,4,64,38,36,17,17
resource_constrained,931,130,65,0.72,10,11,64,40,32,15,14
resource_constrained,932,130,53,0.6714285714,17,6,64,31,28,13,13
resource_constrained,933,130,53,0.7462686567,14,3,64,33,30,14,14
resource_constrained,934,130,58,0.768115942,11,5,64,35,34,16,16
resource_constrained,935,130,57,0.7536231884,12,5,64,35,31,16,15
resource_constrained,936,130,56,0.6666666667,16,8,64,34,29,13,13
resource_constrained,937,130,65,0.7432432432,9,10,64,40,34,13,12
resource_constrained,938,130,62,0.7260273973,11,9,64,30,25,14,12
resource_constrained,939,130,60,0.698630137,13,9,64,36,33,15,15
resource_constrained,940,130,78,0.7108433735,5,19,64,57,40,19,16
resource_constrained,941,130,59,0.7826086957,10,5,64,35,33,13,13
resource_constrained,942,130,59,0.6621621622,15,10,64,38,29,14,13
resource_constrained,943,130,75,0.6951219512,7,18,64,36,31,13,12
resource_constrained,944,130,57,0.7042253521,14,7,64,38,31,18,15
resource_constrained,945,130,58,0.7941176471,10,4,64,39,33,15,15
resource_constrained,946,130,60,0.7222222222,12,8,64,37,35,15,15
resource_constrained,947,130,52,0.7058823529,16,4,64,36,29,17,15
resource_constrained,948,130,53,0.7205882353,15,4,64,35,31,16,15
resource_constrained,949,130,65,0.7432432432,9,10,64,41,35,19,17
resource_constrained,950,130,69,0.7733333333,6,11,64,42,34,19,17
resource_constrained,951,130,62,0.8,8,6,64,40,36,21,19
resource_constrained,952,130,61,0.8115942029,8,5,64,42,36,17,15
resource_constrained,953,130,52,0.6111111111,20,8,64,36,30,12,11
resource_constrained,954,130,55,0.75,13,4,64,36,31,15,14
resource_constrained,955,130,52,0.7058823529,16,4,64,26,23,12,12
resource_constrained,956,130,63,0.6933333333,12,11,64,43,33,14,13
resource_constrained,957,130,59,0.7323943662,12,7,64,36,31,16,14
resource_constrained,958,130,63,0.8142857143,7,6,64,41,36,17,15
resource_constrained,959,130,66,0.8309859155,5,7,64,41,35,17,14
resource_constrained,960,130,51,0.7424242424,15,2,64,38,30,17,14
resource_constrained,961,130,49,0.765625,15,0,64,35,32,23,21
resource_constrained,962,130,60,0.7464788732,11,7,64,38,34,13,12
resource_constrained,963,130,55,0.6527777778,17,8,64,33,29,16,14
resource_constrained,964,130,63,0.7887323944,8,7,64,30,30,18,18
resource_constrained,965,130,62,0.8260869565,7,5,64,43,34,20,18
resource_constrained,966,130,69,0.7733333333,6,11,64,44,38,16,16
resource_constrained,967,130,57,0.7536231884,12,5,64,39,32,17,14
resource_constrained,968,130,78,0.7317073171,4,18,64,55,40,25,19
resource_constrained,969,130,58,0.6712328767,15,9,64,35,29,13,12
resource_constrained,970,130,56,0.7391304348,13,5,64,32,31,13,13
resource_constrained,971,130,66,0.7333333333,9,11,64,47,35,17,16
resource_constrained,972,130,69,0.7733333333,6,11,64,45,37,12,11
resource_constrained,973,130,72,0.7894736842,4,12,64,36,31,16,14
resource_constrained,974,130,66,0.6883116883,11,13,64,46,40,24,23
resource_constrained,975,130,66,0.7808219178,7,9,64,40,37,15,15
resource_constrained,976,130,62,0.7746478873,9,7,64,43,39,15,15
resource_constrained,977,130,63,0.7887323944,8,7,64,38,35,15,14
resource_constrained,978,130,67,0.7466666667,8,11,64,37,31,14,14
resource_constrained,979,130,62,0.75,10,8,64,39,37,13,13
resource_constrained,980,130,54,0.6857142857,16,6,64,34,28,17,15
resource_constrained,981,130,56,0.7142857143,14,6,64,39,30,13,10
resource_constrained,982,130,46,0.5942028986,23,5,64,31,26,15,14
resource_constrained,983,130,67,0.7236842105,9,12,64,43,33,25,20
resource_constrained,984,130,75,0.7375,5,16,64,40,35,13,13
resource_constrained,985,130,60,0.8235294118,8,4,64,32,29,14,14
resource_constrained,986,130,72,0.8133333333,3,11,64,44,38,12,11
resource_constrained,987,130,67,0.6375,13,16,64,48,33,15,13
resource_constrained,988,130,63,0.7887323944,8,7,64,31,29,17,16
resource_constrained,989,130,63,0.7162162162,11,10,64,44,34,19,14
resource_constrained,990,130,57,0.7536231884,12,5,64,30,28,13,12
resource_constrained,991,130,67,0.8194444444,5,8,64,44,31,20,16
resource_constrained,992,130,64,0.7777777778,8,8,64,38,33,15,15
resource_constrained,993,130,62,0.8,8,6,64,38,34,15,15
resource_constrained,994,130,59,0.6849315068,14,9,64,35,30,15,15
resource_constrained,995,130,71,0.8,4,11,64,37,34,15,15
resource_constrained,996,130,71,0.8,4,11,64,39,37,12,12
resource_constrained,997,130,64,0.7297297297,10,10,64,43,32,19,17
resource_constrained,998,130,46,0.6417910448,21,3,64,24,22,14,12
resource_constrained,999,130,62,0.7260273973,11,9,64,38,32,15,15
intermediate_capacity,0,130,22,1,0,0,22,21,21,7,7
intermediate_capacity,1,130,23,0.875,1,2,22,19,19,8,8
intermediate_capacity,2,130,20,0.9090909091,2,0,22,18,18,7,7
intermediate_capacity,3,130,21,0.7916666667,3,2,22,21,19,9,8
intermediate_capacity,4,130,22,1,0,0,22,19,19,7,7
intermediate_capacity,5,130,20,0.9090909091,2,0,22,19,19,7,7
intermediate_capacity,6,130,20,0.9090909091,2,0,22,19,19,9,9
intermediate_capacity,7,130,22,1,0,0,22,19,19,7,7
intermediate_capacity,8,130,20,0.9090909091,2,0,22,19,19,7,7
intermediate_capacity,9,130,22,1,0,0,22,21,21,6,6
intermediate_capacity,10,130,24,0.9166666667,0,2,22,23,21,6,6
intermediate_capacity,11,130,24,0.9166666667,0,2,22,21,21,6,6
intermediate_capacity,12,130,22,1,0,0,22,19,19,7,7
intermediate_capacity,13,130,23,0.8,2,3,22,23,20,6,6
intermediate_capacity,14,130,24,0.9166666667,0,2,22,23,21,7,7
intermediate_capacity,15,130,20,0.75,4,2,22,19,17,6,6
intermediate_capacity,16,130,26,0.8461538462,0,4,22,25,21,6,6
intermediate_capacity,17,130,20,0.9090909091,2,0,22,19,19,7,7
intermediate_capacity,18,130,22,0.8333333333,2,2,22,21,19,7,7
intermediate_capacity,19,130,20,0.9090909091,2,0,22,19,19,7,7
intermediate_capacity,20,130,24,0.9166666667,0,2,22,23,21,6,6
intermediate_capacity,21,130,21,0.7916666667,3,2,22,20,18,9,7
intermediate_capacity,22,130,22,1,0,0,22,18,18,7,7
intermediate_capacity,23,130,17,0.7727272727,5,0,22,17,17,8,8
intermediate_capacity,24,130,20,0.9090909091,2,0,22,19,19,7,7
intermediate_capacity,25,130,20,0.9090909091,2,0,22,18,18,6,6
intermediate_capacity,26,130,21,0.9545454545,1,0,22,21,21,7,7
intermediate_capacity,27,130,21,0.9545454545,1,0,22,20,20,8,8
intermediate_capacity,28,130,21,0.9545454545,1,0,22,21,21,6,6
intermediate_capacity,29,130,24,0.9166666667,0,2,22,21,21,7,7
intermediate_capacity,30,130,23,0.9565217391,0,1,22,22,21,6,6
intermediate_capacity,31,130,23,0.9565217391,0,1,22,22,21,7,7
intermediate_capacity,32,130,24,0.9166666667,0,2,22,23,21,6,6
intermediate_capacity,33,130,23,0.875,1,2,22,19,19,7,7
intermediate_capacity,34,130,22,0.8333333333,2,2,22,21,19,6,6
intermediate_capacity,35,130,24,0.9166666667,0,2,22,21,21,6,6
intermediate_capacity,36,130,22,1,0,0,22,21,21,7,7
intermediate_capacity,37,130,21,0.9545454545,1,0,22,17,17,8,8
intermediate_capacity,38,130,21,0.7916666667,3,2,22,18,18,6,6
intermediate_capacity,39,130,21,0.9545454545,1,0,22,19,19,8,8
intermediate_capacity,40,130,21,0.8695652174,2,1,22,20,19,8,8
intermediate_capacity,41,130,20,0.9090909091,2,0,22,19,19,8,8
intermediate_capacity,42,130,23,0.875,1,2,22,23,21,5,5
intermediate_capacity,43,130,22,1,0,0,22,21,21,6,6
intermediate_capacity,44,130,20,0.75,4,2,22,17,17,6,6
intermediate_capacity,45,130,22,0.9130434783,1,1,22,18,18,7,7
intermediate_capacity,46,130,22,1,0,0,22,20,20,7,7
intermediate_capacity,47,130,22,1,0,0,22,20,20,8,8
intermediate_capacity,48,130,19,0.8636363636,3,0,22,18,18,7,7
intermediate_capacity,49,130,22,0.8333333333,2,2,22,21,19,7,7
intermediate_capacity,50,130,24,0.9166666667,0,2,22,19,19,7,7
intermediate_capacity,51,130,24,0.9166666667,0,2,22,23,21,6,6
intermediate_capacity,52,130,20,0.9090909091,2,0,22,19,19,6,6
intermediate_capacity,53,130,18,0.8181818182,4,0,22,17,17,7,7
intermediate_capacity,54,130,21,0.8695652174,2,1,22,21,20,6,6
intermediate_capacity,55,130,21,0.9545454545,1,0,22,21,21,7,7
intermediate_capacity,56,130,21,0.9545454545,1,0,22,21,21,6,6
intermediate_capacity,57,130,23,0.9565217391,0,1,22,22,21,6,6
intermediate_capacity,58,130,21,0.9545454545,1,0,22,19,19,7,7
intermediate_capacity,59,130,26,0.8461538462,0,4,22,26,21,7,7
intermediate_capacity,60,130,26,0.8461538462,0,4,22,22,20,6,6
intermediate_capacity,61,130,22,1,0,0,22,21,21,5,5
intermediate_capacity,62,130,21,0.9545454545,1,0,22,19,19,6,6
intermediate_capacity,63,130,19,0.8636363636,3,0,22,18,18,7,7
intermediate_capacity,64,130,22,1,0,0,22,21,21,6,6
intermediate_capacity,65,130,23,0.9565217391,0,1,22,22,21,7,7
intermediate_capacity,66,130,18,0.8181818182,4,0,22,16,16,7,7
intermediate_capacity,67,130,20,0.9090909091,2,0,22,18,18,7,7
intermediate_capacity,68,130,24,0.9166666667,0,2,22,23,21,7,7
intermediate_capacity,69,130,23,0.9565217391,0,1,22,20,19,6,6
intermediate_capacity,70,130,24,0.9166666667,0,2,22,23,21,7,7
intermediate_capacity,71,130,22,1,0,0,22,20,20,6,6
intermediate_capacity,72,130,21,0.7916666667,3,2,22,20,18,7,6
intermediate_capacity,73,130,20,0.9090909091,2,0,22,19,19,7,7
intermediate_capacity,74,130,22,1,0,0,22,19,19,6,6
intermediate_capacity,75,130,26,0.8461538462,0,4,22,25,21,5,5
intermediate_capacity,76,130,26,0.8461538462,0,4,22,23,21,6,6
intermediate_capacity,77,130,21,0.7916666667,3,2,22,20,18,6,6
intermediate_capacity,78,130,22,1,0,0,22,19,19,7,7
intermediate_capacity,79,130,20,0.9090909091,2,0,22,19,19,7,7
intermediate_capacity,80,130,22,1,0,0,22,21,21,7,7
intermediate_capacity,81,130,22,0.8333333333,2,2,22,19,19,7,7
intermediate_capacity,82,130,22,1,0,0,22,20,20,6,6
intermediate_capacity,83,130,20,0.9090909091,2,0,22,19,19,7,7
intermediate_capacity,84,130,19,0.8636363636,3,0,22,18,18,8,8
intermediate_capacity,85,130,21,0.9545454545,1,0,22,19,19,8,8
intermediate_capacity,86,130,21,0.9545454545,1,0,22,21,21,7,7
intermediate_capacity,87,130,21,0.9545454545,1,0,22,19,19,7,7
intermediate_capacity,88,130,22,0.8333333333,2,2,22,19,19,8,8
intermediate_capacity,89,130,24,0.9166666667,0,2,22,20,20,6,6
intermediate_capacity,90,130,22,1,0,0,22,21,21,11,11
intermediate_capacity,91,130,22,0.8333333333,2,2,22,19,19,7,7
intermediate_capacity,92,130,20,0.9090909091,2,0,22,19,19,7,7
intermediate_capacity,93,130,24,0.9166666667,0,2,22,23,21,6,6
intermediate_capacity,94,130,23,0.8,2,3,22,22,19,5,5
intermediate_capacity,95,130,21,0.9545454545,1,0,22,21,21,8,8
intermediate_capacity,96,130,21,0.9545454545,1,0,22,21,21,5,5
intermediate_capacity,97,130,22,1,0,0,22,19,19,7,7
intermediate_capacity,98,130,21,0.9545454545,1,0,22,19,19,7,7
intermediate_capacity,99,130,22,1,0,0,22,19,19,7,7
intermediate_capacity,100,130,22,0.76,3,3,22,21,18,5,5
intermediate_capacity,101,130,24,0.9166666667,0,2,22,21,21,7,7
intermediate_capacity,102,130,20,0.9090909091,2,0,22,18,18,7,7
intermediate_capacity,103,130,24,0.9166666667,0,2,22,23,21,6,6
intermediate_capacity,104,130,20,0.9090909091,2,0,22,19,19,6,6
intermediate_capacity,105,130,18,0.8181818182,4,0,22,18,18,7,7
intermediate_capacity,106,130,20,0.9090909091,2,0,22,20,19,7,7
intermediate_capacity,107,130,22,0.8333333333,2,2,22,17,17,8,8
intermediate_capacity,108,130,26,0.8461538462,0,4,22,25,21,7,6
intermediate_capacity,109,130,21,0.9545454545,1,0,22,20,20,7,7
intermediate_capacity,110,130,21,0.9545454545,1,0,22,18,18,8,8
intermediate_capacity,111,130,23,0.875,1,2,22,22,20,7,6
intermediate_capacity,112,130,22,1,0,0,22,21,21,7,7
intermediate_capacity,113,130,22,1,0,0,22,19,19,8,8
intermediate_capacity,114,130,24,0.9166666667,0,2,22,19,19,8,8
intermediate_capacity,115,130,20,0.9090909091,2,0,22,19,19,8,8
intermediate_capacity,116,130,23,0.875,1,2,22,21,21,7,7
intermediate_capacity,117,130,19,0.8636363636,3,0,22,17,17,9,9
intermediate_capacity,118,130,23,0.9565217391,0,1,22,23,21,6,6
intermediate_capacity,119,130,25,0.88,0,3,22,24,21,8,7
intermediate_capacity,120,130,22,1,0,0,22,21,21,6,6
intermediate_capacity,121,130,21,0.9545454545,1,0,22,20,20,6,6
intermediate_capacity,122,130,22,1,0,0,22,20,20,7,7
intermediate_capacity,123,130,23,0.875,1,2,22,20,18,5,5
intermediate_capacity,124,130,23,0.875,1,2,22,23,21,6,6
intermediate_capacity,125,130,22,1,0,0,22,21,21,7,7
intermediate_capacity,126,130,23,0.875,1,2,22,23,21,8,8
intermediate_capacity,127,130,21,0.9545454545,1,0,22,20,20,7,7
intermediate_capacity,128,130,23,0.9565217391,0,1,22,22,21,6,6
intermediate_capacity,129,130,22,1,0,0,22,20,20,7,7
intermediate_capacity,130,130,24,0.9166666667,0,2,22,23,21,7,7
intermediate_capacity,131,130,23,0.875,1,2,22,19,19,7,7
intermediate_capacity,132,130,20,0.9090909091,2,0,22,19,19,7,7
intermediate_capacity,133,130,22,0.8333333333,2,2,22,22,20,6,6
intermediate_capacity,134,130,20,0.75,4,2,22,17,17,6,6
intermediate_capacity,135,130,20,0.9090909091,2,0,22,18,18,9,9
intermediate_capacity,136,130,23,0.9565217391,0,1,22,20,19,7,7
intermediate_capacity,137,130,22,0.8333333333,2,2,22,21,20,6,6
intermediate_capacity,138,130,22,0.8333333333,2,2,22,21,19,6,6
intermediate_capacity,139,130,20,0.9090909091,2,0,22,19,19,6,6
intermediate_capacity,140,130,22,1,0,0,22,19,19,8,8
intermediate_capacity,141,130,21,0.9545454545,1,0,22,19,19,6,6
intermediate_capacity,142,130,22,1,0,0,22,21,21,6,6
intermediate_capacity,143,130,24,0.9166666667,0,2,22,23,21,7,7
intermediate_capacity,144,130,24,0.7692307692,2,4,22,21,19,6,6
intermediate_capacity,145,130,19,0.8636363636,3,0,22,18,18,7,7
intermediate_capacity,146,130,25,0.88,0,3,22,23,21,6,6
intermediate_capacity,147,130,22,1,0,0,22,21,21,8,8
intermediate_capacity,148,130,24,0.9166666667,0,2,22,23,21,7,7
intermediate_capacity,149,130,24,0.9166666667,0,2,22,21,21,8,8
intermediate_capacity,150,130,22,0.8333333333,2,2,22,21,19,8,6
intermediate_capacity,151,130,22,0.8333333333,2,2,22,19,19,7,7
intermediate_capacity,152,130,19,0.8636363636,3,0,22,18,18,9,9
intermediate_capacity,153,130,23,0.9565217391,0,1,22,22,21,5,5
intermediate_capacity,154,130,24,0.9166666667,0,2,22,21,21,7,7
intermediate_capacity,155,130,23,0.875,1,2,22,22,20,6,6
intermediate_capacity,156,130,21,0.9545454545,1,0,22,20,20,8,8
intermediate_capacity,157,130,20,0.9090909091,2,0,22,18,18,7,7
intermediate_capacity,158,130,20,0.9090909091,2,0,22,20,20,8,8
intermediate_capacity,159,130,21,0.9545454545,1,0,22,20,20,7,7
intermediate_capacity,160,130,22,1,0,0,22,18,17,9,9
intermediate_capacity,161,130,21,0.7916666667,3,2,22,19,17,6,6
intermediate_capacity,162,130,19,0.8636363636,3,0,22,18,18,6,6
intermediate_capacity,163,130,22,1,0,0,22,19,19,7,7
intermediate_capacity,164,130,21,0.7916666667,3,2,22,18,16,8,6
intermediate_capacity,165,130,24,0.9166666667,0,2,22,23,21,6,6
intermediate_capacity,166,130,18,0.8181818182,4,0,22,17,17,7,7
intermediate_capacity,167,130,22,1,0,0,22,21,21,7,7
intermediate_capacity,168,130,21,0.7916666667,3,2,22,21,19,7,6
intermediate_capacity,169,130,23,0.875,1,2,22,22,20,7,6
intermediate_capacity,170,130,21,0.7916666667,3,2,22,21,19,6,6
intermediate_capacity,171,130,26,0.8461538462,0,4,22,24,20,5,5
intermediate_capacity,172,130,21,0.9545454545,1,0,22,19,19,7,7
intermediate_capacity,173,130,21,0.9545454545,1,0,22,20,20,7,7
intermediate_capacity,174,130,20,0.9090909091,2,0,22,19,19,7,7
intermediate_capacity,175,130,24,0.9166666667,0,2,22,21,21,6,6
intermediate_capacity,176,130,22,1,0,0,22,19,19,8,8
intermediate_capacity,177,130,22,0.9130434783,1,1,22,22,21,5,5
intermediate_capacity,178,130,20,0.9090909091,2,0,22,17,17,8,8
intermediate_capacity,179,130,23,0.9565217391,0,1,22,22,21,7,7
intermediate_capacity,180,130,22,0.9130434783,1,1,22,22,21,6,6
intermediate_capacity,181,130,22,1,0,0,22,21,21,6,6
intermediate_capacity,182,130,22,1,0,0,22,19,19,6,6
intermediate_capacity,183,130,21,0.9545454545,1,0,22,19,19,8,8
intermediate_capacity,184,130,21,0.9545454545,1,0,22,20,20,7,7
intermediate_capacity,185,130,20,0.9090909091,2,0,22,19,19,6,6
intermediate_capacity,186,130,22,0.8333333333,2,2,22,18,18,8,8
intermediate_capacity,187,130,24,0.9166666667,0,2,22,23,21,6,6
intermediate_capacity,188,130,22,0.8333333333,2,2,22,22,20,6,6
intermediate_capacity,189,130,21,0.7916666667,3,2,22,19,19,9,9
intermediate_capacity,190,130,19,0.8636363636,3,0,22,18,18,7,7
intermediate_capacity,191,130,22,1,0,0,22,21,21,7,7
intermediate_capacity,192,130,22,0.8333333333,2,2,22,19,19,7,7
intermediate_capacity,193,130,22,0.8333333333,2,2,22,19,19,7,7
intermediate_capacity,194,130,22,0.8333333333,2,2,22,21,19,8,8
intermediate_capacity,195,130,23,0.875,1,2,22,20,18,6,6
intermediate_capacity,196,130,23,0.875,1,2,22,19,19,9,9
intermediate_capacity,197,130,22,1,0,0,22,21,21,6,6
intermediate_capacity,198,130,21,0.8695652174,2,1,22,20,19,7,7
intermediate_capacity,199,130,18,0.8181818182,4,0,22,15,15,6,6
intermediate_capacity,200,130,27,0.8148148148,0,5,22,26,21,6,6
intermediate_capacity,201,130,23,0.875,1,2,22,21,21,8,8
intermediate_capacity,202,130,19,0.8636363636,3,0,22,19,19,9,9
intermediate_capacity,203,130,22,0.9130434783,1,1,22,22,21,6,6
intermediate_capacity,204,130,22,1,0,0,22,19,19,8,8
intermediate_capacity,205,130,23,0.875,1,2,22,22,20,5,5
intermediate_capacity,206,130,25,0.8076923077,1,4,22,23,21,5,5
intermediate_capacity,207,130,22,0.8333333333,2,2,22,17,17,9,9
intermediate_capacity,208,130,26,0.8461538462,0,4,22,23,21,7,7
intermediate_capacity,209,130,24,0.9166666667,0,2,22,19,19,6,6
intermediate_capacity,210,130,20,0.9090909091,2,0,22,17,17,8,8
intermediate_capacity,211,130,19,0.8636363636,3,0,22,17,17,8,8
intermediate_capacity,212,130,20,0.75,4,2,22,17,17,7,7
intermediate_capacity,213,130,22,1,0,0,22,17,17,7,7
intermediate_capacity,214,130,21,0.9545454545,1,0,22,21,21,6,6
intermediate_capacity,215,130,24,0.9166666667,0,2,22,23,21,6,6
intermediate_capacity,216,130,21,0.9545454545,1,0,22,20,20,7,7
intermediate_capacity,217,130,22,1,0,0,22,21,21,7,7
intermediate_capacity,218,130,22,1,0,0,22,21,21,6,6
intermediate_capacity,219,130,20,0.9090909091,2,0,22,19,19,7,7
intermediate_capacity,220,130,22,0.9130434783,1,1,22,19,18,7,7
intermediate_capacity,221,130,23,0.9565217391,0,1,22,20,19,8,8
intermediate_capacity,222,130,26,0.8461538462,0,4,22,23,21,6,6
intermediate_capacity,223,130,19,0.8636363636,3,0,22,19,19,7,7
intermediate_capacity,224,130,19,0.8636363636,3,0,22,19,19,7,7
intermediate_capacity,225,130,21,0.9545454545,1,0,22,18,18,6,6
intermediate_capacity,226,130,22,0.8333333333,2,2,22,20,19,7,7
intermediate_capacity,227,130,24,0.9166666667,0,2,22,22,21,7,7
intermediate_capacity,228,130,25,0.88,0,3,22,24,21,6,6
intermediate_capacity,229,130,22,0.8333333333,2,2,22,17,17,10,10
intermediate_capacity,230,130,22,1,0,0,22,19,19,6,6
intermediate_capacity,231,130,21,0.7916666667,3,2,22,21,19,9,7
intermediate_capacity,232,130,22,1,0,0,22,20,20,7,7
intermediate_capacity,233,130,24,0.9166666667,0,2,22,21,21,10,10
intermediate_capacity,234,130,21,0.7916666667,3,2,22,18,18,8,8
intermediate_capacity,235,130,23,0.9565217391,0,1,22,22,21,6,6
intermediate_capacity,236,130,21,0.9545454545,1,0,22,20,20,8,8
intermediate_capacity,237,130,21,0.9545454545,1,0,22,20,20,7,7
intermediate_capacity,238,130,24,0.9166666667,0,2,22,19,19,6,6
intermediate_capacity,239,130,23,0.875,1,2,22,21,21,6,6
intermediate_capacity,240,130,19,0.8636363636,3,0,22,16,16,8,8
intermediate_capacity,241,130,23,0.9565217391,0,1,22,19,19,6,6
intermediate_capacity,242,130,20,0.9090909091,2,0,22,19,19,8,8
intermediate_capacity,243,130,21,0.9545454545,1,0,22,20,20,7,7
intermediate_capacity,244,130,23,0.9565217391,0,1,22,18,17,8,8
intermediate_capacity,245,130,22,0.8333333333,2,2,22,21,19,7,7
intermediate_capacity,246,130,22,0.8333333333,2,2,22,21,19,7,7
intermediate_capacity,247,130,22,0.8333333333,2,2,22,22,20,6,6
intermediate_capacity,248,130,23,0.875,1,2,22,19,19,8,8
intermediate_capacity,249,130,20,0.8260869565,3,1,22,19,18,7,7
intermediate_capacity,250,130,20,0.75,4,2,22,19,17,7,7
intermediate_capacity,251,130,21,0.9545454545,1,0,22,20,20,7,7
intermediate_capacity,252,130,24,0.9166666667,0,2,22,21,21,7,7
intermediate_capacity,253,130,22,1,0,0,22,21,21,7,7
intermediate_capacity,254,130,24,0.9166666667,0,2,22,23,21,6,6
intermediate_capacity,255,130,22,1,0,0,22,21,21,6,6
intermediate_capacity,256,130,21,0.8695652174,2,1,22,20,19,8,8
intermediate_capacity,257,130,22,1,0,0,22,21,21,7,7
intermediate_capacity,258,130,22,1,0,0,22,22,21,5,5
intermediate_capacity,259,130,23,0.8,2,3,22,22,19,6,6
intermediate_capacity,260,130,23,0.9565217391,0,1,22,20,19,6,6
intermediate_capacity,261,130,20,0.9090909091,2,0,22,19,19,7,7
intermediate_capacity,262,130,24,0.9166666667,0,2,22,23,21,6,6
intermediate_capacity,263,130,26,0.8461538462,0,4,22,24,21,6,6
intermediate_capacity,264,130,23,0.875,1,2,22,22,20,5,5
intermediate_capacity,265,130,27,0.75,1,6,22,26,21,6,6
intermediate_capacity,266,130,22,0.9130434783,1,1,22,18,17,7,7
intermediate_capacity,267,130,20,0.9090909091,2,0,22,19,19,7,7
intermediate_capacity,268,130,22,1,0,0,22,21,21,6,6
intermediate_capacity,269,130,22,0.8333333333,2,2,22,21,19,7,7
intermediate_capacity,270,130,26,0.8461538462,0,4,22,24,21,6,6
intermediate_capacity,271,130,22,1,0,0,22,19,19,7,7
intermediate_capacity,272,130,22,1,0,0,22,21,21,7,7
intermediate_capacity,273,130,24,0.84,1,3,22,23,20,5,5
intermediate_capacity,274,130,23,0.875,1,2,22,23,21,6,6
intermediate_capacity,275,130,23,0.875,1,2,22,19,17,6,5
intermediate_capacity,276,130,22,0.8333333333,2,2,22,21,19,7,6
intermediate_capacity,277,130,22,0.8333333333,2,2,22,19,19,6,6
intermediate_capacity,278,130,21,0.9545454545,1,0,22,19,19,9,9
intermediate_capacity,279,130,21,0.7916666667,3,2,22,17,17,8,8
intermediate_capacity,280,130,21,0.9545454545,1,0,22,19,19,7,7
intermediate_capacity,281,130,20,0.9090909091,2,0,22,20,20,8,8
intermediate_capacity,282,130,21,0.9545454545,1,0,22,20,20,7,7
intermediate_capacity,283,130,22,1,0,0,22,21,21,5,5
intermediate_capacity,284,130,19,0.8636363636,3,0,22,19,19,7,7
intermediate_capacity,285,130,22,0.8333333333,2,2,22,20,19,7,7
intermediate_capacity,286,130,21,0.7916666667,3,2,22,20,19,7,7
intermediate_capacity,287,130,21,0.9545454545,1,0,22,20,20,9,9
intermediate_capacity,288,130,23,0.875,1,2,22,21,21,7,7
intermediate_capacity,289,130,21,0.9545454545,1,0,22,20,20,6,6
intermediate_capacity,290,130,21,0.9545454545,1,0,22,21,21,5,5
intermediate_capacity,291,130,22,0.8333333333,2,2,22,21,19,6,5
intermediate_capacity,292,130,20,0.75,4,2,22,19,17,9,7
intermediate_capacity,293,130,19,0.8636363636,3,0,22,17,17,10,10
intermediate_capacity,294,130,24,0.9166666667,0,2,22,21,21,6,6
intermediate_capacity,295,130,24,0.9166666667,0,2,22,23,21,7,6
intermediate_capacity,296,130,20,0.9090909091,2,0,22,19,19,7,7
intermediate_capacity,297,130,24,0.9166666667,0,2,22,21,21,6,6
intermediate_capacity,298,130,20,0.9090909091,2,0,22,18,18,8,8
intermediate_capacity,299,130,22,1,0,0,22,20,20,5,5
intermediate_capacity,300,130,22,0.8333333333,2,2,22,21,19,6,6
intermediate_capacity,301,130,22,0.8333333333,2,2,22,21,19,6,6
intermediate_capacity,302,130,22,0.8333333333,2,2,22,21,19,6,6
intermediate_capacity,303,130,21,0.9545454545,1,0,22,20,20,7,7
intermediate_capacity,304,130,23,0.9565217391,0,1,22,22,21,6,6
intermediate_capacity,305,130,24,0.9166666667,0,2,22,22,21,8,8
intermediate_capacity,306,130,24,0.9166666667,0,2,22,23,21,7,7
intermediate_capacity,307,130,21,0.9545454545,1,0,22,21,21,6,6
intermediate_capacity,308,130,22,1,0,0,22,21,21,7,7
intermediate_capacity,309,130,24,0.9166666667,0,2,22,19,19,6,6
intermediate_capacity,310,130,24,0.9166666667,0,2,22,21,19,5,5
intermediate_capacity,311,130,23,0.875,1,2,22,19,19,8,8
intermediate_capacity,312,130,20,0.9090909091,2,0,22,19,19,7,7
intermediate_capacity,313,130,21,0.9545454545,1,0,22,20,20,6,6
intermediate_capacity,314,130,23,0.9565217391,0,1,22,21,20,6,6
intermediate_capacity,315,130,24,0.9166666667,0,2,22,21,21,8,8
intermediate_capacity,316,130,21,0.7916666667,3,2,22,21,19,8,7
intermediate_capacity,317,130,25,0.8076923077,1,4,22,24,20,6,5
intermediate_capacity,318,130,20,0.9090909091,2,0,22,19,19,7,7
intermediate_capacity,319,130,21,0.9545454545,1,0,22,19,19,8,8
intermediate_capacity,320,130,22,1,0,0,22,19,19,8,8
intermediate_capacity,321,130,23,0.875,1,2,22,22,20,7,7
intermediate_capacity,322,130,20,0.9090909091,2,0,22,19,19,7,7
intermediate_capacity,323,130,20,0.9090909091,2,0,22,19,19,9,9
intermediate_capacity,324,130,24,0.9166666667,0,2,22,22,21,7,7
intermediate_capacity,325,130,20,0.9090909091,2,0,22,19,19,6,6
intermediate_capacity,326,130,18,0.8181818182,4,0,22,17,17,7,7
intermediate_capacity,327,130,21,0.8695652174,2,1,22,20,19,6,6
intermediate_capacity,328,130,22,1,0,0,22,21,21,7,7
intermediate_capacity,329,130,22,1,0,0,22,21,21,7,7
intermediate_capacity,330,130,22,1,0,0,22,20,20,6,6
intermediate_capacity,331,130,20,0.9090909091,2,0,22,19,19,6,6
intermediate_capacity,332,130,23,0.875,1,2,22,22,21,6,6
intermediate_capacity,333,130,24,0.9166666667,0,2,22,22,21,5,5
intermediate_capacity,334,130,20,0.9090909091,2,0,22,19,19,7,7
intermediate_capacity,335,130,24,0.9166666667,0,2,22,22,21,5,5
intermediate_capacity,336,130,24,0.9166666667,0,2,22,19,19,7,7
intermediate_capacity,337,130,21,0.9545454545,1,0,22,20,20,7,7
intermediate_capacity,338,130,20,0.9090909091,2,0,22,18,18,7,7
intermediate_capacity,339,130,24,0.84,1,3,22,21,20,7,7
intermediate_capacity,340,130,24,0.9166666667,0,2,22,21,19,7,7
intermediate_capacity,341,130,22,0.8333333333,2,2,22,19,19,7,7
intermediate_capacity,342,130,24,0.9166666667,0,2,22,21,19,7,7
intermediate_capacity,343,130,22,0.8333333333,2,2,22,21,19,6,6
intermediate_capacity,344,130,23,0.875,1,2,22,22,20,5,5
intermediate_capacity,345,130,20,0.75,4,2,22,18,16,7,6
intermediate_capacity,346,130,23,0.9565217391,0,1,22,22,21,6,6
intermediate_capacity,347,130,22,1,0,0,22,21,21,9,9
intermediate_capacity,348,130,21,0.9545454545,1,0,22,21,20,8,8
intermediate_capacity,349,130,21,0.9545454545,1,0,22,21,21,7,7
intermediate_capacity,350,130,20,0.9090909091,2,0,22,17,17,9,9
intermediate_capacity,351,130,22,1,0,0,22,19,19,7,7
intermediate_capacity,352,130,22,1,0,0,22,21,21,7,7
intermediate_capacity,353,130,22,1,0,0,22,19,19,8,8
intermediate_capacity,354,130,22,0.8333333333,2,2,22,21,19,7,7
intermediate_capacity,355,130,21,0.7916666667,3,2,22,19,18,8,8
intermediate_capacity,356,130,21,0.9545454545,1,0,22,16,16,8,8
intermediate_capacity,357,130,26,0.8461538462,0,4,22,23,21,7,7
intermediate_capacity,358,130,22,1,0,0,22,19,19,8,8
intermediate_capacity,359,130,23,0.875,1,2,22,22,20,7,7
intermediate_capacity,360,130,21,0.7916666667,3,2,22,20,18,6,5
intermediate_capacity,361,130,22,0.8333333333,2,2,22,19,19,9,9
intermediate_capacity,362,130,23,0.9565217391,0,1,22,23,21,7,7
intermediate_capacity,363,130,20,0.9090909091,2,0,22,18,18,9,9
intermediate_capacity,364,130,24,0.9166666667,0,2,22,23,21,7,7
intermediate_capacity,365,130,24,0.84,1,3,22,24,21,6,6
intermediate_capacity,366,130,20,0.9090909091,2,0,22,18,18,7,7
intermediate_capacity,367,130,21,0.7916666667,3,2,22,19,19,7,7
intermediate_capacity,368,130,20,0.9090909091,2,0,22,19,19,7,7
intermediate_capacity,369,130,22,1,0,0,22,21,21,6,6
intermediate_capacity,370,130,20,0.9090909091,2,0,22,18,18,8,8
intermediate_capacity,371,130,26,0.8461538462,0,4,22,20,17,7,7
intermediate_capacity,372,130,21,0.9545454545,1,0,22,20,20,7,7
intermediate_capacity,373,130,22,1,0,0,22,21,21,7,7
intermediate_capacity,374,130,22,0.8333333333,2,2,22,19,18,9,8
intermediate_capacity,375,130,21,0.9545454545,1,0,22,21,21,7,7
intermediate_capacity,376,130,22,0.8333333333,2,2,22,19,17,6,5
intermediate_capacity,377,130,22,0.8333333333,2,2,22,20,20,6,6
intermediate_capacity,378,130,24,0.9166666667,0,2,22,22,21,6,6
intermediate_capacity,379,130,19,0.8636363636,3,0,22,19,19,7,7
intermediate_capacity,380,130,22,0.8333333333,2,2,22,21,19,6,6
intermediate_capacity,381,130,25,0.88,0,3,22,22,19,7,6
intermediate_capacity,382,130,26,0.8461538462,0,4,22,26,21,6,6
intermediate_capacity,383,130,18,0.8181818182,4,0,22,16,16,7,7
intermediate_capacity,384,130,24,0.9166666667,0,2,22,21,19,7,7
intermediate_capacity,385,130,22,0.8333333333,2,2,22,19,19,6,6
intermediate_capacity,386,130,20,0.9090909091,2,0,22,19,19,7,7
intermediate_capacity,387,130,22,0.8333333333,2,2,22,21,19,9,8
intermediate_capacity,388,130,18,0.8181818182,4,0,22,17,17,6,6
intermediate_capacity,389,130,22,1,0,0,22,21,21,7,7
intermediate_capacity,390,130,22,0.8333333333,2,2,22,19,19,8,8
intermediate_capacity,391,130,21,0.9545454545,1,0,22,20,20,7,7
intermediate_capacity,392,130,22,1,0,0,22,21,21,6,6
intermediate_capacity,393,130,24,0.9166666667,0,2,22,23,21,7,7
intermediate_capacity,394,130,21,0.9545454545,1,0,22,21,21,7,7
intermediate_capacity,395,130,22,1,0,0,22,21,21,6,6
intermediate_capacity,396,130,24,0.9166666667,0,2,22,21,21,7,7
intermediate_capacity,397,130,20,0.9090909091,2,0,22,19,19,8,8
intermediate_capacity,398,130,19,0.8636363636,3,0,22,19,19,7,7
intermediate_capacity,399,130,21,0.9545454545,1,0,22,21,21,7,7
intermediate_capacity,400,130,24,0.9166666667,0,2,22,23,21,7,7
intermediate_capacity,401,130,24,0.9166666667,0,2,22,23,21,6,6
intermediate_capacity,402,130,18,0.8181818182,4,0,22,18,18,5,5
intermediate_capacity,403,130,22,0.9130434783,1,1,22,22,21,5,5
intermediate_capacity,404,130,24,0.84,1,3,22,23,21,6,6
intermediate_capacity,405,130,20,0.9090909091,2,0,22,19,19,7,7
intermediate_capacity,406,130,24,0.9166666667,0,2,22,21,21,7,7
intermediate_capacity,407,130,22,0.8333333333,2,2,22,19,19,7,7
intermediate_capacity,408,130,21,0.7916666667,3,2,22,20,18,7,6
intermediate_capacity,409,130,21,0.7916666667,3,2,22,19,19,6,6
intermediate_capacity,410,130,22,1,0,0,22,21,21,7,7
intermediate_capacity,411,130,22,1,0,0,22,20,20,6,6
intermediate_capacity,412,130,22,1,0,0,22,19,19,7,7
intermediate_capacity,413,130,24,0.9166666667,0,2,22,23,21,6,6
intermediate_capacity,414,130,19,0.8636363636,3,0,22,18,18,6,6
intermediate_capacity,415,130,24,0.9166666667,0,2,22,21,21,6,6
intermediate_capacity,416,130,20,0.75,4,2,22,17,16,6,6
intermediate_capacity,417,130,23,0.875,1,2,22,23,21,6,6
intermediate_capacity,418,130,20,0.75,4,2,22,20,18,8,6
intermediate_capacity,419,130,22,1,0,0,22,21,21,6,6
intermediate_capacity,420,130,24,0.9166666667,0,2,22,21,21,6,6
intermediate_capacity,421,130,23,0.875,1,2,22,23,21,6,6
intermediate_capacity,422,130,21,0.9545454545,1,0,22,21,21,7,7
intermediate_capacity,423,130,22,1,0,0,22,20,20,7,7
intermediate_capacity,424,130,19,0.8636363636,3,0,22,19,19,9,9
intermediate_capacity,425,130,24,0.9166666667,0,2,22,21,21,7,7
intermediate_capacity,426,130,22,1,0,0,22,19,19,7,7
intermediate_capacity,427,130,20,0.9090909091,2,0,22,19,19,7,7
intermediate_capacity,428,130,24,0.9166666667,0,2,22,21,21,8,8
intermediate_capacity,429,130,22,0.9130434783,1,1,22,22,21,6,6
intermediate_capacity,430,130,22,1,0,0,22,20,20,5,5
intermediate_capacity,431,130,22,1,0,0,22,19,19,7,7
intermediate_capacity,432,130,23,0.8,2,3,22,22,19,6,6
intermediate_capacity,433,130,20,0.9090909091,2,0,22,17,17,9,9
intermediate_capacity,434,130,22,1,0,0,22,19,19,7,7
intermediate_capacity,435,130,20,0.9090909091,2,0,22,19,19,6,6
intermediate_capacity,436,130,23,0.875,1,2,22,20,20,7,7
intermediate_capacity,437,130,24,0.9166666667,0,2,22,21,21,5,5
intermediate_capacity,438,130,22,1,0,0,22,19,19,6,6
intermediate_capacity,439,130,19,0.8636363636,3,0,22,19,19,8,8
intermediate_capacity,440,130,20,0.9090909091,2,0,22,18,18,9,9
intermediate_capacity,441,130,22,1,0,0,22,19,19,9,9
intermediate_capacity,442,130,22,1,0,0,22,19,19,7,7
intermediate_capacity,443,130,20,0.9090909091,2,0,22,19,19,8,8
intermediate_capacity,444,130,22,1,0,0,22,21,21,6,6
intermediate_capacity,445,130,24,0.9166666667,0,2,22,23,21,7,6
intermediate_capacity,446,130,21,0.9545454545,1,0,22,19,19,7,7
intermediate_capacity,447,130,24,0.9166666667,0,2,22,22,20,7,7
intermediate_capacity,448,130,22,1,0,0,22,19,19,9,9
intermediate_capacity,449,130,26,0.8461538462,0,4,22,25,21,7,7
intermediate_capacity,450,130,21,0.9545454545,1,0,22,20,20,6,6
intermediate_capacity,451,130,23,0.9565217391,0,1,22,20,19,9,9
intermediate_capacity,452,130,21,0.9545454545,1,0,22,20,20,6,6
intermediate_capacity,453,130,23,0.9565217391,0,1,22,22,21,6,6
intermediate_capacity,454,130,20,0.9090909091,2,0,22,17,17,7,7
intermediate_capacity,455,130,21,0.8695652174,2,1,22,21,20,6,5
intermediate_capacity,456,130,28,0.7857142857,0,6,22,26,20,7,6
intermediate_capacity,457,130,21,0.9545454545,1,0,22,19,19,7,7
intermediate_capacity,458,130,21,0.9545454545,1,0,22,17,17,7,7
intermediate_capacity,459,130,22,1,0,0,22,21,20,7,7
intermediate_capacity,460,130,24,0.9166666667,0,2,22,19,19,9,9
intermediate_capacity,461,130,24,0.9166666667,0,2,22,23,21,7,7
intermediate_capacity,462,130,24,0.9166666667,0,2,22,23,21,6,6
intermediate_capacity,463,130,22,1,0,0,22,21,21,7,7
intermediate_capacity,464,130,22,1,0,0,22,19,19,7,7
intermediate_capacity,465,130,20,0.9090909091,2,0,22,19,19,6,6
intermediate_capacity,466,130,20,0.9090909091,2,0,22,19,19,8,8
intermediate_capacity,467,130,22,1,0,0,22,21,21,7,7
intermediate_capacity,468,130,23,0.875,1,2,22,20,20,7,7
intermediate_capacity,469,130,25,0.88,0,3,22,24,21,7,7
intermediate_capacity,470,130,22,0.8333333333,2,2,22,21,19,7,6
intermediate_capacity,471,130,22,0.8333333333,2,2,22,17,17,7,7
intermediate_capacity,472,130,28,0.7857142857,0,6,22,27,21,6,6
intermediate_capacity,473,130,23,0.875,1,2,22,21,19,7,7
intermediate_capacity,474,130,20,0.9090909091,2,0,22,19,19,7,7
intermediate_capacity,475,130,23,0.875,1,2,22,22,20,6,6
intermediate_capacity,476,130,22,0.8333333333,2,2,22,20,19,7,7
intermediate_capacity,477,130,19,0.8636363636,3,0,22,19,19,7,7
intermediate_capacity,478,130,21,0.7916666667,3,2,22,20,18,7,7
intermediate_capacity,479,130,21,0.7916666667,3,2,22,20,18,6,6
intermediate_capacity,480,130,18,0.8181818182,4,0,22,17,17,7,7
intermediate_capacity,481,130,22,1,0,0,22,21,21,8,8
intermediate_capacity,482,130,22,1,0,0,22,21,21,7,7
intermediate_capacity,483,130,20,0.9090909091,2,0,22,19,19,6,6
intermediate_capacity,484,130,24,0.9166666667,0,2,22,21,21,7,7
intermediate_capacity,485,130,20,0.9090909091,2,0,22,19,19,8,8
intermediate_capacity,486,130,26,0.8461538462,0,4,22,25,21,6,6
intermediate_capacity,487,130,22,1,0,0,22,21,21,6,6
intermediate_capacity,488,130,20,0.8260869565,3,1,22,18,18,7,7
intermediate_capacity,489,130,22,1,0,0,22,21,21,7,7
intermediate_capacity,490,130,23,0.8,2,3,22,20,19,7,7
intermediate_capacity,491,130,24,0.9166666667,0,2,22,23,21,7,6
intermediate_capacity,492,130,24,0.9166666667,0,2,22,21,21,6,6
intermediate_capacity,493,130,23,0.875,1,2,22,19,19,6,6
intermediate_capacity,494,130,22,0.8333333333,2,2,22,19,19,7,7
intermediate_capacity,495,130,22,1,0,0,22,21,21,8,8
intermediate_capacity,496,130,22,1,0,0,22,19,19,7,7
intermediate_capacity,497,130,22,0.8333333333,2,2,22,20,19,6,6
intermediate_capacity,498,130,22,1,0,0,22,19,19,7,7
intermediate_capacity,499,130,23,0.875,1,2,22,18,18,7,7
intermediate_capacity,500,130,22,1,0,0,22,18,18,8,8
intermediate_capacity,501,130,22,1,0,0,22,19,19,8,8
intermediate_capacity,502,130,21,0.9545454545,1,0,22,21,21,7,7
intermediate_capacity,503,130,22,0.8333333333,2,2,22,19,19,6,6
intermediate_capacity,504,130,22,1,0,0,22,21,21,7,7
intermediate_capacity,505,130,22,0.8333333333,2,2,22,17,17,8,8
intermediate_capacity,506,130,20,0.9090909091,2,0,22,18,18,6,6
intermediate_capacity,507,130,19,0.8636363636,3,0,22,18,18,10,10
intermediate_capacity,508,130,22,0.8333333333,2,2,22,17,17,9,9
intermediate_capacity,509,130,20,0.9090909091,2,0,22,19,19,8,8
intermediate_capacity,510,130,26,0.8461538462,0,4,22,25,21,6,6
intermediate_capacity,511,130,22,0.8333333333,2,2,22,19,19,7,7
intermediate_capacity,512,130,23,0.9565217391,0,1,22,20,20,6,6
intermediate_capacity,513,130,20,0.9090909091,2,0,22,17,17,8,8
intermediate_capacity,514,130,24,0.7692307692,2,4,22,23,19,6,6
intermediate_capacity,515,130,23,0.875,1,2,22,21,20,6,6
intermediate_capacity,516,130,23,0.875,1,2,22,21,21,6,6
intermediate_capacity,517,130,22,1,0,0,22,21,21,7,7
intermediate_capacity,518,130,20,0.75,4,2,22,19,17,8,6
intermediate_capacity,519,130,22,1,0,0,22,21,21,7,7
intermediate_capacity,520,130,21,0.9545454545,1,0,22,20,20,6,6
intermediate_capacity,521,130,22,1,0,0,22,19,19,8,8
intermediate_capacity,522,130,23,0.9565217391,0,1,22,22,21,6,6
intermediate_capacity,523,130,21,0.7916666667,3,2,22,20,18,6,6
intermediate_capacity,524,130,24,0.9166666667,0,2,22,21,19,8,8
intermediate_capacity,525,130,19,0.8636363636,3,0,22,18,18,7,7
intermediate_capacity,526,130,23,0.875,1,2,22,23,21,6,6
intermediate_capacity,527,130,21,0.8695652174,2,1,22,19,18,6,6
intermediate_capacity,528,130,24,0.9166666667,0,2,22,23,21,5,5
intermediate_capacity,529,130,20,0.9090909091,2,0,22,19,19,7,7
intermediate_capacity,530,130,25,0.88,0,3,22,22,21,7,7
intermediate_capacity,531,130,22,1,0,0,22,19,19,6,6
intermediate_capacity,532,130,20,0.9090909091,2,0,22,15,15,9,9
intermediate_capacity,533,130,24,0.9166666667,0,2,22,19,19,7,7
intermediate_capacity,534,130,20,0.9090909091,2,0,22,18,17,7,7
intermediate_capacity,535,130,23,0.875,1,2,22,23,21,6,5
intermediate_capacity,536,130,24,0.9166666667,0,2,22,21,21,8,8
intermediate_capacity,537,130,26,0.8461538462,0,4,22,23,21,6,6
intermediate_capacity,538,130,21,0.8695652174,2,1,22,20,19,8,8
intermediate_capacity,539,130,20,0.9090909091,2,0,22,19,19,9,9
intermediate_capacity,540,130,20,0.9090909091,2,0,22,20,19,9,9
intermediate_capacity,541,130,23,0.9565217391,0,1,22,22,21,6,6
intermediate_capacity,542,130,23,0.9565217391,0,1,22,21,20,5,5
intermediate_capacity,543,130,25,0.8076923077,1,4,22,23,21,7,7
intermediate_capacity,544,130,22,1,0,0,22,21,21,6,6
intermediate_capacity,545,130,22,0.8333333333,2,2,22,22,20,6,6
intermediate_capacity,546,130,21,0.7916666667,3,2,22,19,18,6,6
intermediate_capacity,547,130,22,1,0,0,22,19,19,8,8
intermediate_capacity,548,130,21,0.9545454545,1,0,22,21,21,7,7
intermediate_capacity,549,130,21,0.8695652174,2,1,22,19,19,8,8
intermediate_capacity,550,130,21,0.9545454545,1,0,22,21,21,8,8
intermediate_capacity,551,130,24,0.9166666667,0,2,22,21,21,7,7
intermediate_capacity,552,130,18,0.8181818182,4,0,22,18,18,7,7
intermediate_capacity,553,130,19,0.8636363636,3,0,22,18,18,10,10
intermediate_capacity,554,130,19,0.8636363636,3,0,22,18,18,8,8
intermediate_capacity,555,130,18,0.8181818182,4,0,22,17,17,6,6
intermediate_capacity,556,130,22,0.8333333333,2,2,22,21,19,8,8
intermediate_capacity,557,130,22,1,0,0,22,21,21,9,9
intermediate_capacity,558,130,22,0.8333333333,2,2,22,19,19,7,7
intermediate_capacity,559,130,24,0.9166666667,0,2,22,23,21,7,7
intermediate_capacity,560,130,22,1,0,0,22,21,21,7,7
intermediate_capacity,561,130,20,0.9090909091,2,0,22,19,19,7,7
intermediate_capacity,562,130,21,0.9545454545,1,0,22,21,21,7,7
intermediate_capacity,563,130,22,1,0,0,22,19,19,7,7
intermediate_capacity,564,130,20,0.9090909091,2,0,22,20,20,7,7
intermediate_capacity,565,130,21,0.9545454545,1,0,22,21,21,6,6
intermediate_capacity,566,130,22,1,0,0,22,19,19,5,5
intermediate_capacity,567,130,23,0.875,1,2,22,20,20,8,8
intermediate_capacity,568,130,22,0.9130434783,1,1,22,21,20,7,7
intermediate_capacity,569,130,23,0.875,1,2,22,21,21,7,7
intermediate_capacity,570,130,24,0.9166666667,0,2,22,19,19,7,7
intermediate_capacity,571,130,22,1,0,0,22,21,21,6,6
intermediate_capacity,572,130,24,0.9166666667,0,2,22,23,21,7,7
intermediate_capacity,573,130,26,0.8461538462,0,4,22,24,21,6,6
intermediate_capacity,574,130,23,0.9565217391,0,1,22,22,21,6,6
intermediate_capacity,575,130,20,0.9090909091,2,0,22,16,16,7,7
intermediate_capacity,576,130,21,0.9545454545,1,0,22,18,18,7,7
intermediate_capacity,577,130,22,0.8333333333,2,2,22,19,19,7,7
intermediate_capacity,578,130,21,0.9545454545,1,0,22,18,18,7,7
intermediate_capacity,579,130,24,0.84,1,3,22,23,20,5,5
intermediate_capacity,580,130,22,0.8333333333,2,2,22,22,20,6,6
intermediate_capacity,581,130,20,0.9090909091,2,0,22,19,19,9,9
intermediate_capacity,582,130,21,0.9545454545,1,0,22,19,19,8,8
intermediate_capacity,583,130,22,0.8333333333,2,2,22,21,19,6,6
intermediate_capacity,584,130,22,0.8333333333,2,2,22,21,19,8,7
intermediate_capacity,585,130,22,1,0,0,22,21,21,6,6
intermediate_capacity,586,130,21,0.9545454545,1,0,22,21,20,7,7
intermediate_capacity,587,130,22,0.8333333333,2,2,22,21,19,7,6
intermediate_capacity,588,130,22,0.8333333333,2,2,22,21,19,7,7
intermediate_capacity,589,130,22,0.8333333333,2,2,22,21,19,6,6
intermediate_capacity,590,130,23,0.9565217391,0,1,22,22,21,7,7
intermediate_capacity,591,130,19,0.8636363636,3,0,22,17,17,7,7
intermediate_capacity,592,130,24,0.9166666667,0,2,22,21,21,8,8
intermediate_capacity,593,130,24,0.9166666667,0,2,22,19,19,7,7
intermediate_capacity,594,130,18,0.8181818182,4,0,22,15,15,7,7
intermediate_capacity,595,130,20,0.9090909091,2,0,22,19,19,7,7
intermediate_capacity,596,130,20,0.9090909091,2,0,22,19,19,7,7
intermediate_capacity,597,130,22,0.8333333333,2,2,22,17,17,7,7
intermediate_capacity,598,130,22,1,0,0,22,21,21,7,7
intermediate_capacity,599,130,21,0.9545454545,1,0,22,20,20,7,7
intermediate_capacity,600,130,23,0.875,1,2,22,23,21,6,5
intermediate_capacity,601,130,18,0.8181818182,4,0,22,17,17,6,6
intermediate_capacity,602,130,20,0.9090909091,2,0,22,17,17,8,8
intermediate_capacity,603,130,21,0.7916666667,3,2,22,20,18,9,8
intermediate_capacity,604,130,21,0.9545454545,1,0,22,21,21,7,7
intermediate_capacity,605,130,22,1,0,0,22,21,21,7,7
intermediate_capacity,606,130,23,0.875,1,2,22,23,21,7,6
intermediate_capacity,607,130,23,0.875,1,2,22,19,19,6,6
intermediate_capacity,608,130,20,0.9090909091,2,0,22,17,17,7,7
intermediate_capacity,609,130,24,0.9166666667,0,2,22,22,21,5,5
intermediate_capacity,610,130,22,1,0,0,22,21,21,7,7
intermediate_capacity,611,130,20,0.9090909091,2,0,22,18,18,7,7
intermediate_capacity,612,130,22,0.8333333333,2,2,22,21,19,7,7
intermediate_capacity,613,130,23,0.9565217391,0,1,22,22,21,6,6
intermediate_capacity,614,130,22,1,0,0,22,17,17,10,10
intermediate_capacity,615,130,24,0.9166666667,0,2,22,21,19,7,7
intermediate_capacity,616,130,23,0.875,1,2,22,23,21,6,6
intermediate_capacity,617,130,21,0.9545454545,1,0,22,20,20,7,7
intermediate_capacity,618,130,21,0.8695652174,2,1,22,20,19,7,7
intermediate_capacity,619,130,24,0.9166666667,0,2,22,23,21,7,7
intermediate_capacity,620,130,22,0.9130434783,1,1,22,21,20,5,5
intermediate_capacity,621,130,24,0.9166666667,0,2,22,21,21,8,8
intermediate_capacity,622,130,24,0.9166666667,0,2,22,19,19,6,6
intermediate_capacity,623,130,23,0.875,1,2,22,23,21,6,6
intermediate_capacity,624,130,20,0.9090909091,2,0,22,17,17,9,9
intermediate_capacity,625,130,24,0.9166666667,0,2,22,23,21,6,6
intermediate_capacity,626,130,22,0.8333333333,2,2,22,19,19,8,8
intermediate_capacity,627,130,25,0.8076923077,1,4,22,22,20,5,5
intermediate_capacity,628,130,22,1,0,0,22,21,21,5,5
intermediate_capacity,629,130,23,0.8,2,3,22,22,19,7,6
intermediate_capacity,630,130,22,0.8333333333,2,2,22,19,19,7,7
intermediate_capacity,631,130,22,0.8333333333,2,2,22,21,19,9,9
intermediate_capacity,632,130,22,1,0,0,22,21,21,5,5
intermediate_capacity,633,130,19,0.8636363636,3,0,22,18,18,6,6
intermediate_capacity,634,130,21,0.9545454545,1,0,22,18,18,6,6
intermediate_capacity,635,130,22,1,0,0,22,19,19,8,8
intermediate_capacity,636,130,22,0.8333333333,2,2,22,21,19,7,7
intermediate_capacity,637,130,22,0.9130434783,1,1,22,22,21,6,6
intermediate_capacity,638,130,21,0.9545454545,1,0,22,21,21,7,7
intermediate_capacity,639,130,20,0.9090909091,2,0,22,19,19,7,7
intermediate_capacity,640,130,22,0.8333333333,2,2,22,22,19,6,6
intermediate_capacity,641,130,24,0.9166666667,0,2,22,21,20,5,5
intermediate_capacity,642,130,22,0.8333333333,2,2,22,21,19,6,6
intermediate_capacity,643,130,21,0.7916666667,3,2,22,19,18,6,6
intermediate_capacity,644,130,22,1,0,0,22,21,21,6,6
intermediate_capacity,645,130,21,0.9545454545,1,0,22,20,20,7,7
intermediate_capacity,646,130,20,0.68,5,3,22,20,17,6,6
intermediate_capacity,647,130,20,0.9090909091,2,0,22,19,19,6,6
intermediate_capacity,648,130,20,0.9090909091,2,0,22,19,19,6,6
intermediate_capacity,649,130,22,1,0,0,22,19,19,8,8
intermediate_capacity,650,130,23,0.9565217391,0,1,22,22,21,6,6
intermediate_capacity,651,130,22,0.9130434783,1,1,22,20,19,6,6
intermediate_capacity,652,130,22,1,0,0,22,21,21,7,7
intermediate_capacity,653,130,24,0.9166666667,0,2,22,21,21,5,5
intermediate_capacity,654,130,22,1,0,0,22,19,19,7,7
intermediate_capacity,655,130,24,0.7692307692,2,4,22,23,19,6,6
intermediate_capacity,656,130,21,0.9545454545,1,0,22,20,20,6,6
intermediate_capacity,657,130,24,0.9166666667,0,2,22,19,19,8,8
intermediate_capacity,658,130,22,1,0,0,22,20,20,6,6
intermediate_capacity,659,130,24,0.9166666667,0,2,22,19,19,8,8
intermediate_capacity,660,130,20,0.9090909091,2,0,22,19,19,7,7
intermediate_capacity,661,130,21,0.7916666667,3,2,22,18,18,7,7
intermediate_capacity,662,130,22,1,0,0,22,19,19,9,9
intermediate_capacity,663,130,22,1,0,0,22,21,21,6,6
intermediate_capacity,664,130,18,0.8181818182,4,0,22,17,17,9,9
intermediate_capacity,665,130,24,0.9166666667,0,2,22,24,21,6,6
intermediate_capacity,666,130,20,0.9090909091,2,0,22,18,18,8,8
intermediate_capacity,667,130,21,0.9545454545,1,0,22,21,21,7,7
intermediate_capacity,668,130,22,1,0,0,22,21,21,8,8
intermediate_capacity,669,130,22,0.8333333333,2,2,22,21,19,7,7
intermediate_capacity,670,130,19,0.8636363636,3,0,22,19,19,7,7
intermediate_capacity,671,130,23,0.875,1,2,22,20,18,7,6
intermediate_capacity,672,130,21,0.9545454545,1,0,22,19,19,7,7
intermediate_capacity,673,130,21,0.9545454545,1,0,22,21,21,7,7
intermediate_capacity,674,130,21,0.9545454545,1,0,22,21,21,8,8
intermediate_capacity,675,130,23,0.8,2,3,22,23,20,6,6
intermediate_capacity,676,130,24,0.9166666667,0,2,22,23,21,6,6
intermediate_capacity,677,130,22,0.8333333333,2,2,22,19,19,7,7
intermediate_capacity,678,130,21,0.8695652174,2,1,22,21,20,7,7
intermediate_capacity,679,130,23,0.9565217391,0,1,22,22,21,7,7
intermediate_capacity,680,130,23,0.875,1,2,22,23,21,5,5
intermediate_capacity,681,130,24,0.9166666667,0,2,22,23,21,7,7
intermediate_capacity,682,130,21,0.9545454545,1,0,22,19,19,7,7
intermediate_capacity,683,130,23,0.875,1,2,22,22,20,7,6
intermediate_capacity,684,130,24,0.9166666667,0,2,22,21,21,6,6
intermediate_capacity,685,130,22,1,0,0,22,19,19,7,7
intermediate_capacity,686,130,21,0.9545454545,1,0,22,20,20,6,6
intermediate_capacity,687,130,22,1,0,0,22,20,20,7,7
intermediate_capacity,688,130,22,1,0,0,22,21,21,7,7
intermediate_capacity,689,130,22,0.8333333333,2,2,22,17,17,8,8
intermediate_capacity,690,130,22,0.8333333333,2,2,22,20,18,8,8
intermediate_capacity,691,130,22,0.8333333333,2,2,22,21,19,6,6
intermediate_capacity,692,130,21,0.9545454545,1,0,22,21,21,7,7
intermediate_capacity,693,130,24,0.9166666667,0,2,22,23,21,7,7
intermediate_capacity,694,130,22,1,0,0,22,22,21,7,7
intermediate_capacity,695,130,22,0.8333333333,2,2,22,22,20,7,6
intermediate_capacity,696,130,24,0.9166666667,0,2,22,23,21,6,6
intermediate_capacity,697,130,24,0.9166666667,0,2,22,23,21,7,6
intermediate_capacity,698,130,19,0.8636363636,3,0,22,18,18,7,7
intermediate_capacity,699,130,22,0.8333333333,2,2,22,20,18,7,6
intermediate_capacity,700,130,18,0.8181818182,4,0,22,16,16,8,8
intermediate_capacity,701,130,23,0.9565217391,0,1,22,22,21,6,6
intermediate_capacity,702,130,26,0.8461538462,0,4,22,25,21,6,6
intermediate_capacity,703,130,23,0.875,1,2,22,20,20,7,7
intermediate_capacity,704,130,24,0.9166666667,0,2,22,21,21,6,6
intermediate_capacity,705,130,19,0.8636363636,3,0,22,18,18,9,9
intermediate_capacity,706,130,21,0.8695652174,2,1,22,19,18,7,7
intermediate_capacity,707,130,22,0.8333333333,2,2,22,21,19,6,6
intermediate_capacity,708,130,24,0.9166666667,0,2,22,22,20,7,6
intermediate_capacity,709,130,21,0.9545454545,1,0,22,19,19,8,8
intermediate_capacity,710,130,22,1,0,0,22,21,21,8,8
intermediate_capacity,711,130,23,0.875,1,2,22,22,20,6,6
intermediate_capacity,712,130,22,0.9130434783,1,1,22,22,21,7,7
intermediate_capacity,713,130,20,0.9090909091,2,0,22,18,18,7,7
intermediate_capacity,714,130,22,1,0,0,22,20,20,7,7
intermediate_capacity,715,130,26,0.8461538462,0,4,22,23,21,6,6
intermediate_capacity,716,130,21,0.9545454545,1,0,22,20,20,7,7
intermediate_capacity,717,130,21,0.9545454545,1,0,22,20,20,7,7
intermediate_capacity,718,130,19,0.8636363636,3,0,22,19,19,7,7
intermediate_capacity,719,130,21,0.7916666667,3,2,22,20,18,8,6
intermediate_capacity,720,130,22,1,0,0,22,19,19,6,6
intermediate_capacity,721,130,22,1,0,0,22,19,19,7,7
intermediate_capacity,722,130,24,0.9166666667,0,2,22,23,21,7,6
intermediate_capacity,723,130,22,1,0,0,22,19,19,7,7
intermediate_capacity,724,130,22,1,0,0,22,19,19,7,7
intermediate_capacity,725,130,25,0.8076923077,1,4,22,24,20,6,6
intermediate_capacity,726,130,26,0.8461538462,0,4,22,23,21,5,5
intermediate_capacity,727,130,22,0.8333333333,2,2,22,19,19,9,9
intermediate_capacity,728,130,21,0.7916666667,3,2,22,20,18,9,7
intermediate_capacity,729,130,22,1,0,0,22,19,19,7,7
intermediate_capacity,730,130,22,1,0,0,22,20,20,6,6
intermediate_capacity,731,130,22,0.8333333333,2,2,22,21,19,6,6
intermediate_capacity,732,130,21,0.7916666667,3,2,22,20,18,7,6
intermediate_capacity,733,130,26,0.8461538462,0,4,22,25,21,7,7
intermediate_capacity,734,130,21,0.7916666667,3,2,22,20,18,7,7
intermediate_capacity,735,130,22,1,0,0,22,21,21,7,7
intermediate_capacity,736,130,23,0.875,1,2,22,22,20,7,7
intermediate_capacity,737,130,22,1,0,0,22,21,21,7,7
intermediate_capacity,738,130,20,0.9090909091,2,0,22,19,19,7,7
intermediate_capacity,739,130,19,0.8636363636,3,0,22,19,19,7,7
intermediate_capacity,740,130,18,0.8181818182,4,0,22,17,17,9,9
intermediate_capacity,741,130,22,1,0,0,22,21,21,6,6
intermediate_capacity,742,130,24,0.9166666667,0,2,22,22,20,6,6
intermediate_capacity,743,130,21,0.9545454545,1,0,22,18,18,7,7
intermediate_capacity,744,130,21,0.9545454545,1,0,22,18,18,9,9
intermediate_capacity,745,130,24,0.9166666667,0,2,22,21,19,8,8
intermediate_capacity,746,130,24,0.9166666667,0,2,22,20,20,7,7
intermediate_capacity,747,130,23,0.875,1,2,22,23,21,7,7
intermediate_capacity,748,130,22,1,0,0,22,20,20,7,7
intermediate_capacity,749,130,22,1,0,0,22,21,21,8,8
intermediate_capacity,750,130,22,1,0,0,22,21,21,7,7
intermediate_capacity,751,130,21,0.9545454545,1,0,22,21,21,7,7
intermediate_capacity,752,130,24,0.9166666667,0,2,22,20,20,5,5
intermediate_capacity,753,130,25,0.88,0,3,22,24,21,6,6
intermediate_capacity,754,130,22,1,0,0,22,19,19,7,7
intermediate_capacity,755,130,21,0.9545454545,1,0,22,17,17,9,9
intermediate_capacity,756,130,24,0.9166666667,0,2,22,22,21,8,8
intermediate_capacity,757,130,21,0.9545454545,1,0,22,18,18,8,8
intermediate_capacity,758,130,20,0.9090909091,2,0,22,17,17,6,6
intermediate_capacity,759,130,21,0.7916666667,3,2,22,20,18,6,6
intermediate_capacity,760,130,23,0.875,1,2,22,22,21,6,6
intermediate_capacity,761,130,21,0.9545454545,1,0,22,21,21,6,6
intermediate_capacity,762,130,22,0.8333333333,2,2,22,19,19,8,8
intermediate_capacity,763,130,20,0.9090909091,2,0,22,19,19,9,9
intermediate_capacity,764,130,24,0.9166666667,0,2,22,20,20,6,6
intermediate_capacity,765,130,22,1,0,0,22,21,21,7,7
intermediate_capacity,766,130,20,0.9090909091,2,0,22,19,19,5,5
intermediate_capacity,767,130,23,0.9565217391,0,1,22,22,21,7,7
intermediate_capacity,768,130,24,0.9166666667,0,2,22,22,19,6,6
intermediate_capacity,769,130,22,0.8333333333,2,2,22,21,19,5,5
intermediate_capacity,770,130,20,0.9090909091,2,0,22,20,20,7,7
intermediate_capacity,771,130,23,0.9565217391,0,1,22,22,21,6,6
intermediate_capacity,772,130,26,0.8461538462,0,4,22,24,21,6,6
intermediate_capacity,773,130,20,0.9090909091,2,0,22,19,19,7,7
intermediate_capacity,774,130,21,0.9545454545,1,0,22,19,19,7,7
intermediate_capacity,775,130,23,0.875,1,2,22,23,21,8,8
intermediate_capacity,776,130,24,0.9166666667,0,2,22,21,19,6,6
intermediate_capacity,777,130,22,1,0,0,22,19,19,6,6
intermediate_capacity,778,130,22,1,0,0,22,18,18,7,7
intermediate_capacity,779,130,22,1,0,0,22,21,21,6,6
intermediate_capacity,780,130,20,0.9090909091,2,0,22,19,19,7,7
intermediate_capacity,781,130,19,0.8636363636,3,0,22,18,18,7,7
intermediate_capacity,782,130,21,0.7916666667,3,2,22,21,18,7,6
intermediate_capacity,783,130,24,0.9166666667,0,2,22,20,20,7,7
intermediate_capacity,784,130,22,1,0,0,22,19,19,5,5
intermediate_capacity,785,130,26,0.8461538462,0,4,22,25,21,5,5
intermediate_capacity,786,130,24,0.9166666667,0,2,22,21,21,7,7
intermediate_capacity,787,130,26,0.8461538462,0,4,22,25,21,6,6
intermediate_capacity,788,130,25,0.6785714286,3,6,22,24,18,6,6
intermediate_capacity,789,130,22,1,0,0,22,20,20,7,7
intermediate_capacity,790,130,22,1,0,0,22,19,19,9,9
intermediate_capacity,791,130,24,0.9166666667,0,2,22,21,21,6,6
intermediate_capacity,792,130,22,1,0,0,22,22,21,6,6
intermediate_capacity,793,130,20,0.9090909091,2,0,22,20,20,6,6
intermediate_capacity,794,130,20,0.9090909091,2,0,22,16,16,8,8
intermediate_capacity,795,130,20,0.9090909091,2,0,22,19,19,7,7
intermediate_capacity,796,130,24,0.9166666667,0,2,22,23,21,6,6
intermediate_capacity,797,130,22,1,0,0,22,19,19,5,5
intermediate_capacity,798,130,22,1,0,0,22,18,18,8,8
intermediate_capacity,799,130,25,0.88,0,3,22,22,21,7,7
intermediate_capacity,800,130,22,1,0,0,22,21,21,6,6
intermediate_capacity,801,130,22,0.8333333333,2,2,22,19,19,8,8
intermediate_capacity,802,130,24,0.9166666667,0,2,22,20,20,7,7
intermediate_capacity,803,130,24,0.9166666667,0,2,22,21,21,7,7
intermediate_capacity,804,130,22,1,0,0,22,19,19,8,8
intermediate_capacity,805,130,21,0.7916666667,3,2,22,21,18,8,7
intermediate_capacity,806,130,20,0.9090909091,2,0,22,19,19,8,8
intermediate_capacity,807,130,24,0.9166666667,0,2,22,21,19,7,7
intermediate_capacity,808,130,22,1,0,0,22,21,21,7,7
intermediate_capacity,809,130,23,0.7307692308,3,4,22,22,18,6,6
intermediate_capacity,810,130,22,0.8333333333,2,2,22,21,19,5,5
intermediate_capacity,811,130,20,0.9090909091,2,0,22,18,18,6,6
intermediate_capacity,812,130,23,0.9565217391,0,1,22,19,19,6,6
intermediate_capacity,813,130,24,0.9166666667,0,2,22,21,21,7,7
intermediate_capacity,814,130,23,0.875,1,2,22,21,19,7,7
intermediate_capacity,815,130,20,0.9090909091,2,0,22,19,19,6,6
intermediate_capacity,816,130,21,0.9545454545,1,0,22,21,21,8,8
intermediate_capacity,817,130,21,0.7916666667,3,2,22,21,19,7,6
intermediate_capacity,818,130,23,0.875,1,2,22,23,21,6,6
intermediate_capacity,819,130,23,0.875,1,2,22,19,19,5,5
intermediate_capacity,820,130,26,0.8461538462,0,4,22,25,21,7,7
intermediate_capacity,821,130,22,1,0,0,22,19,19,7,7
intermediate_capacity,822,130,20,0.9090909091,2,0,22,19,19,7,7
intermediate_capacity,823,130,24,0.84,1,3,22,21,21,8,8
intermediate_capacity,824,130,19,0.7083333333,5,2,22,19,17,8,7
intermediate_capacity,825,130,22,0.9130434783,1,1,22,22,21,6,6
intermediate_capacity,826,130,21,0.7916666667,3,2,22,21,19,7,7
intermediate_capacity,827,130,20,0.9090909091,2,0,22,19,19,9,9
intermediate_capacity,828,130,22,0.8333333333,2,2,22,18,18,7,7
intermediate_capacity,829,130,20,0.9090909091,2,0,22,19,19,8,8
intermediate_capacity,830,130,21,0.9545454545,1,0,22,19,19,6,6
intermediate_capacity,831,130,23,0.9565217391,0,1,22,22,21,6,6
intermediate_capacity,832,130,22,1,0,0,22,21,21,8,8
intermediate_capacity,833,130,22,0.9130434783,1,1,22,22,21,6,6
intermediate_capacity,834,130,22,1,0,0,22,17,17,8,8
intermediate_capacity,835,130,27,0.8148148148,0,5,22,25,20,7,7
intermediate_capacity,836,130,22,1,0,0,22,21,21,6,6
intermediate_capacity,837,130,21,0.9545454545,1,0,22,20,20,6,6
intermediate_capacity,838,130,21,0.8695652174,2,1,22,19,19,6,6
intermediate_capacity,839,130,21,0.9545454545,1,0,22,21,21,6,6
intermediate_capacity,840,130,20,0.9090909091,2,0,22,19,19,8,8
intermediate_capacity,841,130,22,1,0,0,22,20,20,5,5
intermediate_capacity,842,130,21,0.7916666667,3,2,22,20,18,6,6
intermediate_capacity,843,130,19,0.8636363636,3,0,22,18,18,8,8
intermediate_capacity,844,130,24,0.9166666667,0,2,22,21,21,4,4
intermediate_capacity,845,130,20,0.9090909091,2,0,22,19,19,6,6
intermediate_capacity,846,130,22,1,0,0,22,20,20,7,7
intermediate_capacity,847,130,20,0.9090909091,2,0,22,19,19,8,8
intermediate_capacity,848,130,22,0.8333333333,2,2,22,19,19,7,7
intermediate_capacity,849,130,24,0.9166666667,0,2,22,23,21,6,6
intermediate_capacity,850,130,22,1,0,0,22,17,17,7,7
intermediate_capacity,851,130,24,0.9166666667,0,2,22,21,21,6,6
intermediate_capacity,852,130,21,0.72,4,3,22,20,17,6,6
intermediate_capacity,853,130,22,1,0,0,22,18,18,10,10
intermediate_capacity,854,130,21,0.9545454545,1,0,22,21,21,6,6
intermediate_capacity,855,130,26,0.8461538462,0,4,22,22,18,9,8
intermediate_capacity,856,130,24,0.9166666667,0,2,22,21,21,5,5
intermediate_capacity,857,130,24,0.9166666667,0,2,22,21,21,7,7
intermediate_capacity,858,130,20,0.9090909091,2,0,22,17,17,5,5
intermediate_capacity,859,130,20,0.9090909091,2,0,22,19,19,7,7
intermediate_capacity,860,130,22,1,0,0,22,20,20,6,6
intermediate_capacity,861,130,21,0.9545454545,1,0,22,18,18,6,6
intermediate_capacity,862,130,24,0.9166666667,0,2,22,21,21,7,7
intermediate_capacity,863,130,24,0.9166666667,0,2,22,21,21,8,8
intermediate_capacity,864,130,23,0.9565217391,0,1,22,22,21,6,6
intermediate_capacity,865,130,20,0.9090909091,2,0,22,16,16,8,8
intermediate_capacity,866,130,23,0.9565217391,0,1,22,22,21,7,7
intermediate_capacity,867,130,22,1,0,0,22,21,21,8,8
intermediate_capacity,868,130,22,1,0,0,22,21,21,6,6
intermediate_capacity,869,130,26,0.8461538462,0,4,22,24,21,6,6
intermediate_capacity,870,130,20,0.9090909091,2,0,22,19,19,7,7
intermediate_capacity,871,130,22,0.8333333333,2,2,22,19,17,9,7
intermediate_capacity,872,130,23,0.875,1,2,22,18,18,7,7
intermediate_capacity,873,130,20,0.9090909091,2,0,22,20,19,7,7
intermediate_capacity,874,130,24,0.9166666667,0,2,22,21,19,7,7
intermediate_capacity,875,130,21,0.9545454545,1,0,22,20,20,6,6
intermediate_capacity,876,130,22,1,0,0,22,18,18,7,7
intermediate_capacity,877,130,24,0.9166666667,0,2,22,23,21,6,6
intermediate_capacity,878,130,26,0.7777777778,1,5,22,26,21,6,6
intermediate_capacity,879,130,22,1,0,0,22,21,21,6,6
intermediate_capacity,880,130,24,0.9166666667,0,2,22,21,21,5,5
intermediate_capacity,881,130,22,0.8333333333,2,2,22,19,19,7,7
intermediate_capacity,882,130,24,0.9166666667,0,2,22,23,21,6,6
intermediate_capacity,883,130,22,0.8333333333,2,2,22,19,19,6,6
intermediate_capacity,884,130,24,0.9166666667,0,2,22,21,21,7,7
intermediate_capacity,885,130,22,0.8333333333,2,2,22,21,19,7,6
intermediate_capacity,886,130,26,0.8461538462,0,4,22,25,21,6,6
intermediate_capacity,887,130,22,1,0,0,22,21,21,6,6
intermediate_capacity,888,130,22,0.8333333333,2,2,22,20,19,6,6
intermediate_capacity,889,130,21,0.9545454545,1,0,22,18,18,7,7
intermediate_capacity,890,130,22,1,0,0,22,21,21,7,7
intermediate_capacity,891,130,20,0.9090909091,2,0,22,17,17,9,9
intermediate_capacity,892,130,24,0.9166666667,0,2,22,19,19,7,7
intermediate_capacity,893,130,19,0.8636363636,3,0,22,16,16,9,9
intermediate_capacity,894,130,22,0.8333333333,2,2,22,21,19,7,6
intermediate_capacity,895,130,21,0.9545454545,1,0,22,20,20,6,6
intermediate_capacity,896,130,24,0.9166666667,0,2,22,22,21,7,7
intermediate_capacity,897,130,24,0.9166666667,0,2,22,21,21,6,6
intermediate_capacity,898,130,19,0.8636363636,3,0,22,19,19,7,7
intermediate_capacity,899,130,22,1,0,0,22,21,21,7,7
intermediate_capacity,900,130,22,1,0,0,22,21,21,7,7
intermediate_capacity,901,130,20,0.9090909091,2,0,22,19,19,7,7
intermediate_capacity,902,130,26,0.8461538462,0,4,22,23,21,6,6
intermediate_capacity,903,130,22,1,0,0,22,19,19,8,8
intermediate_capacity,904,130,21,0.8695652174,2,1,22,20,19,6,6
intermediate_capacity,905,130,22,1,0,0,22,19,19,6,6
intermediate_capacity,906,130,21,0.9545454545,1,0,22,20,20,6,6
intermediate_capacity,907,130,22,0.9130434783,1,1,22,20,19,8,8
intermediate_capacity,908,130,21,0.7916666667,3,2,22,17,17,5,5
intermediate_capacity,909,130,21,0.9545454545,1,0,22,19,19,6,6
intermediate_capacity,910,130,22,1,0,0,22,21,21,7,7
intermediate_capacity,911,130,22,1,0,0,22,19,19,8,8
intermediate_capacity,912,130,25,0.8076923077,1,4,22,23,21,5,5
intermediate_capacity,913,130,21,0.7916666667,3,2,22,20,19,6,6
intermediate_capacity,914,130,22,0.8333333333,2,2,22,21,19,10,9
intermediate_capacity,915,130,24,0.9166666667,0,2,22,21,21,6,6
intermediate_capacity,916,130,23,0.9565217391,0,1,22,22,21,7,7
intermediate_capacity,917,130,22,0.8333333333,2,2,22,21,19,6,6
intermediate_capacity,918,130,22,1,0,0,22,17,17,6,6
intermediate_capacity,919,130,22,0.8333333333,2,2,22,20,20,7,7
intermediate_capacity,920,130,21,0.9545454545,1,0,22,19,19,7,7
intermediate_capacity,921,130,23,0.875,1,2,22,21,20,6,6
intermediate_capacity,922,130,21,0.9545454545,1,0,22,21,21,7,7
intermediate_capacity,923,130,19,0.8636363636,3,0,22,17,17,6,6
intermediate_capacity,924,130,26,0.7142857143,2,6,22,25,19,6,6
intermediate_capacity,925,130,22,0.8333333333,2,2,22,21,19,7,7
intermediate_capacity,926,130,22,1,0,0,22,22,21,7,7
intermediate_capacity,927,130,19,0.8636363636,3,0,22,19,19,8,8
intermediate_capacity,928,130,22,0.9130434783,1,1,22,22,21,6,6
intermediate_capacity,929,130,21,0.7916666667,3,2,22,18,18,8,8
intermediate_capacity,930,130,22,1,0,0,22,21,21,8,8
intermediate_capacity,931,130,22,0.8333333333,2,2,22,21,19,7,7
intermediate_capacity,932,130,22,1,0,0,22,21,21,7,7
intermediate_capacity,933,130,24,0.9166666667,0,2,22,23,21,7,6
intermediate_capacity,934,130,23,0.9565217391,0,1,22,22,21,6,6
intermediate_capacity,935,130,19,0.8636363636,3,0,22,19,19,7,7
intermediate_capacity,936,130,25,0.88,0,3,22,23,20,6,6
intermediate_capacity,937,130,22,0.8333333333,2,2,22,21,19,8,7
intermediate_capacity,938,130,24,0.9166666667,0,2,22,21,21,7,7
intermediate_capacity,939,130,23,0.9565217391,0,1,22,23,21,6,6
intermediate_capacity,940,130,20,0.9090909091,2,0,22,19,19,6,6
intermediate_capacity,941,130,22,0.8333333333,2,2,22,19,19,7,7
intermediate_capacity,942,130,22,1,0,0,22,19,19,7,7
intermediate_capacity,943,130,21,0.7916666667,3,2,22,21,19,7,7
intermediate_capacity,944,130,21,0.9545454545,1,0,22,19,19,7,7
intermediate_capacity,945,130,24,0.9166666667,0,2,22,21,21,8,8
intermediate_capacity,946,130,22,0.8333333333,2,2,22,19,19,6,6
intermediate_capacity,947,130,24,0.9166666667,0,2,22,23,21,7,7
intermediate_capacity,948,130,24,0.9166666667,0,2,22,21,20,8,8
intermediate_capacity,949,130,22,0.8333333333,2,2,22,19,19,8,8
intermediate_capacity,950,130,22,1,0,0,22,19,19,8,8
intermediate_capacity,951,130,19,0.8636363636,3,0,22,18,18,7,7
intermediate_capacity,952,130,22,1,0,0,22,21,21,6,6
intermediate_capacity,953,130,22,1,0,0,22,19,19,5,5
intermediate_capacity,954,130,23,0.875,1,2,22,22,20,5,5
intermediate_capacity,955,130,25,0.8076923077,1,4,22,24,20,6,6
intermediate_capacity,956,130,22,1,0,0,22,21,21,7,7
intermediate_capacity,957,130,20,0.75,4,2,22,17,17,6,6
intermediate_capacity,958,130,22,1,0,0,22,22,21,5,5
intermediate_capacity,959,130,21,0.9545454545,1,0,22,19,19,8,8
intermediate_capacity,960,130,24,0.9166666667,0,2,22,23,21,6,6
intermediate_capacity,961,130,21,0.9545454545,1,0,22,21,21,7,7
intermediate_capacity,962,130,22,1,0,0,22,21,21,8,8
intermediate_capacity,963,130,24,0.9166666667,0,2,22,21,21,6,6
intermediate_capacity,964,130,24,0.9166666667,0,2,22,22,21,7,7
intermediate_capacity,965,130,25,0.8076923077,1,4,22,23,21,7,6
intermediate_capacity,966,130,18,0.8181818182,4,0,22,17,17,7,7
intermediate_capacity,967,130,20,0.9090909091,2,0,22,20,19,7,7
intermediate_capacity,968,130,20,0.9090909091,2,0,22,19,19,7,7
intermediate_capacity,969,130,19,0.8636363636,3,0,22,19,19,9,9
intermediate_capacity,970,130,22,1,0,0,22,21,21,7,7
intermediate_capacity,971,130,22,0.8333333333,2,2,22,21,19,7,7
intermediate_capacity,972,130,25,0.8076923077,1,4,22,24,20,6,6
intermediate_capacity,973,130,22,1,0,0,22,19,19,7,7
intermediate_capacity,974,130,20,0.9090909091,2,0,22,19,19,8,8
intermediate_capacity,975,130,22,1,0,0,22,21,21,6,6
intermediate_capacity,976,130,24,0.9166666667,0,2,22,23,21,6,6
intermediate_capacity,977,130,24,0.9166666667,0,2,22,23,21,5,5
intermediate_capacity,978,130,21,0.7916666667,3,2,22,21,19,7,7
intermediate_capacity,979,130,24,0.9166666667,0,2,22,22,21,7,7
intermediate_capacity,980,130,23,0.875,1,2,22,21,20,7,7
intermediate_capacity,981,130,20,0.9090909091,2,0,22,20,20,6,6
intermediate_capacity,982,130,22,1,0,0,22,20,20,6,6
intermediate_capacity,983,130,22,1,0,0,22,21,21,7,7
intermediate_capacity,984,130,24,0.9166666667,0,2,22,23,21,8,7
intermediate_capacity,985,130,24,0.7692307692,2,4,22,24,20,7,7
intermediate_capacity,986,130,22,1,0,0,22,21,21,6,6
intermediate_capacity,987,130,22,0.8333333333,2,2,22,21,19,6,6
intermediate_capacity,988,130,22,1,0,0,22,21,21,6,6
intermediate_capacity,989,130,22,1,0,0,22,22,21,7,7
intermediate_capacity,990,130,20,0.9090909091,2,0,22,19,19,7,7
intermediate_capacity,991,130,24,0.9166666667,0,2,22,22,20,5,5
intermediate_capacity,992,130,22,0.76,3,3,22,19,18,7,7
intermediate_capacity,993,130,21,0.7916666667,3,2,22,19,19,10,10
intermediate_capacity,994,130,21,0.8695652174,2,1,22,21,20,6,6
intermediate_capacity,995,130,22,1,0,0,22,21,21,8,8
intermediate_capacity,996,130,23,0.875,1,2,22,20,20,7,7
intermediate_capacity,997,130,21,0.9545454545,1,0,22,20,20,8,8
intermediate_capacity,998,130,21,0.9545454545,1,0,22,20,20,5,5
intermediate_capacity,999,130,19,0.8636363636,3,0,22,19,19,7,7
high_capacity,0,130,10,0.4615384615,3,4,9,10,6,6,4
high_capacity,1,130,6,0.6666666667,3,0,9,6,6,4,4
high_capacity,2,130,11,0.8181818182,0,2,9,11,9,6,5
high_capacity,3,130,6,0.6666666667,3,0,9,6,6,4,4
high_capacity,4,130,5,0.5555555556,4,0,9,5,5,2,2
high_capacity,5,130,5,0.5555555556,4,0,9,5,5,4,4
high_capacity,6,130,7,0.4545454545,4,2,9,7,5,4,3
high_capacity,7,130,11,0.4285714286,3,5,9,10,6,6,4
high_capacity,8,130,6,0.6666666667,3,0,9,6,6,4,4
high_capacity,9,130,9,1,0,0,9,9,9,5,5
high_capacity,10,130,6,0.6666666667,3,0,9,6,6,5,5
high_capacity,11,130,6,0.6666666667,3,0,9,6,6,3,3
high_capacity,12,130,8,0.8888888889,1,0,9,8,8,5,5
high_capacity,13,130,9,1,0,0,9,9,9,6,6
high_capacity,14,130,6,0.6666666667,3,0,9,6,6,4,4
high_capacity,15,130,6,0.6666666667,3,0,9,6,6,5,5
high_capacity,16,130,8,0.5454545455,3,2,9,8,6,4,3
high_capacity,17,130,7,0.6,3,1,9,7,6,4,4
high_capacity,18,130,9,1,0,0,9,9,9,5,5
high_capacity,19,130,7,0.7777777778,2,0,9,7,7,5,5
high_capacity,20,130,15,0.6,0,6,9,15,9,6,4
high_capacity,21,130,9,1,0,0,9,9,9,5,5
high_capacity,22,130,6,0.6666666667,3,0,9,6,6,4,4
high_capacity,23,130,10,0.5833333333,2,3,9,10,7,5,4
high_capacity,24,130,7,0.6,3,1,9,7,6,4,3
high_capacity,25,130,7,0.6,3,1,9,7,6,5,4
high_capacity,26,130,5,0.5555555556,4,0,9,5,5,3,3
high_capacity,27,130,6,0.6666666667,3,0,9,6,6,4,4
high_capacity,28,130,6,0.6666666667,3,0,9,6,6,4,4
high_capacity,29,130,5,0.5555555556,4,0,9,5,5,3,3
high_capacity,30,130,8,0.7,2,1,9,8,7,6,6
high_capacity,31,130,6,0.6666666667,3,0,9,6,6,4,4
high_capacity,32,130,7,0.7777777778,2,0,9,7,7,4,4
high_capacity,33,130,6,0.6666666667,3,0,9,6,6,4,4
high_capacity,34,130,9,1,0,0,9,9,9,5,5
high_capacity,35,130,7,0.7777777778,2,0,9,7,7,5,5
high_capacity,36,130,6,0.6666666667,3,0,9,6,6,5,5
high_capacity,37,130,7,0.7777777778,2,0,9,7,7,4,4
high_capacity,38,130,7,0.6,3,1,9,7,6,5,5
high_capacity,39,130,7,0.7777777778,2,0,9,7,7,5,5
high_capacity,40,130,10,0.4615384615,3,4,9,10,6,4,3
high_capacity,41,130,9,1,0,0,9,9,9,5,5
high_capacity,42,130,13,0.6923076923,0,4,9,13,9,5,4
high_capacity,43,130,6,0.6666666667,3,0,9,6,6,4,4
high_capacity,44,130,8,0.5454545455,3,2,9,8,6,5,4
high_capacity,45,130,8,0.5454545455,3,2,9,8,6,6,5
high_capacity,46,130,6,0.6666666667,3,0,9,6,6,4,4
high_capacity,47,130,8,0.7,2,1,9,8,7,6,6
high_capacity,48,130,5,0.5555555556,4,0,9,5,5,3,3
high_capacity,49,130,4,0.4444444444,5,0,9,4,4,3,3
high_capacity,50,130,10,0.9,0,1,9,10,9,6,6
high_capacity,51,130,6,0.6666666667,3,0,9,6,6,5,5
high_capacity,52,130,9,0.6363636364,2,2,9,9,7,5,5
high_capacity,53,130,6,0.6666666667,3,0,9,6,6,4,4
high_capacity,54,130,8,0.7,2,1,9,8,7,6,6
high_capacity,55,130,6,0.6666666667,3,0,9,6,6,4,4
high_capacity,56,130,8,0.7,2,1,9,8,7,5,5
high_capacity,57,130,14,0.6428571429,0,5,9,13,8,5,4
high_capacity,58,130,6,0.6666666667,3,0,9,6,6,4,4
high_capacity,59,130,6,0.6666666667,3,0,9,6,6,4,4
high_capacity,60,130,6,0.5,4,1,9,6,5,4,4
high_capacity,61,130,6,0.6666666667,3,0,9,6,6,4,4
high_capacity,62,130,6,0.6666666667,3,0,9,6,6,4,4
high_capacity,63,130,9,0.6363636364,2,2,9,8,6,4,3
high_capacity,64,130,7,0.7777777778,2,0,9,7,7,4,4
high_capacity,65,130,10,0.9,0,1,9,10,9,5,5
high_capacity,66,130,11,0.5384615385,2,4,9,11,7,5,4
high_capacity,67,130,6,0.6666666667,3,0,9,6,6,4,4
high_capacity,68,130,14,0.6428571429,0,5,9,14,9,8,6
high_capacity,69,130,9,1,0,0,9,9,9,5,5
high_capacity,70,130,9,0.3846153846,4,4,9,9,5,5,3
high_capacity,71,130,5,0.4,5,1,9,5,4,3,2
high_capacity,72,130,8,0.7,2,1,9,8,7,5,5
high_capacity,73,130,10,0.9,0,1,9,10,9,5,5
high_capacity,74,130,9,0.5,3,3,9,9,6,5,4
high_capacity,75,130,13,0.4666666667,2,6,9,13,7,6,4
high_capacity,76,130,6,0.6666666667,3,0,9,6,6,4,4
high_capacity,77,130,10,0.9,0,1,9,10,9,5,5
high_capacity,78,130,7,0.7777777778,2,0,9,7,7,5,5
high_capacity,79,130,6,0.6666666667,3,0,9,6,6,4,4
high_capacity,80,130,6,0.6666666667,3,0,9,6,6,3,3
high_capacity,81,130,8,0.7,2,1,9,8,7,3,3
high_capacity,82,130,6,0.6666666667,3,0,9,6,6,4,4
high_capacity,83,130,9,1,0,0,9,9,9,6,6
high_capacity,84,130,9,1,0,0,9,9,9,5,5
high_capacity,85,130,6,0.6666666667,3,0,9,6,6,4,4
high_capacity,86,130,7,0.6,3,1,9,7,6,5,4
high_capacity,87,130,6,0.6666666667,3,0,9,6,6,4,4
high_capacity,88,130,14,0.6428571429,0,5,9,14,9,8,6
high_capacity,89,130,7,0.6,3,1,9,7,6,5,5
high_capacity,90,130,10,0.4615384615,3,4,9,10,6,5,4
high_capacity,91,130,9,1,0,0,9,9,9,5,5
high_capacity,92,130,9,1,0,0,9,9,9,5,5
high_capacity,93,130,13,0.6923076923,0,4,9,13,9,6,5
high_capacity,94,130,9,0.5,3,3,9,9,6,7,5
high_capacity,95,130,5,0.5555555556,4,0,9,5,5,3,3
high_capacity,96,130,7,0.4545454545,4,2,9,7,5,5,4
high_capacity,97,130,6,0.5,4,1,9,6,5,5,4
high_capacity,98,130,9,1,0,0,9,9,9,5,5
high_capacity,99,130,7,0.4545454545,4,2,9,7,5,4,3
high_capacity,100,130,6,0.6666666667,3,0,9,6,6,5,5
high_capacity,101,130,7,0.6,3,1,9,7,6,5,4
high_capacity,102,130,10,0.9,0,1,9,10,9,4,4
high_capacity,103,130,9,1,0,0,9,9,9,5,5
high_capacity,104,130,8,0.5454545455,3,2,9,8,6,4,3
high_capacity,105,130,5,0.5555555556,4,0,9,5,5,4,4
high_capacity,106,130,7,0.7777777778,2,0,9,7,7,4,4
high_capacity,107,130,5,0.5555555556,4,0,9,5,5,3,3
high_capacity,108,130,9,0.5,3,3,9,7,5,5,4
high_capacity,109,130,9,0.5,3,3,9,9,6,7,5
high_capacity,110,130,9,1,0,0,9,9,9,5,5
high_capacity,111,130,7,0.6,3,1,9,7,6,5,5
high_capacity,112,130,8,0.5454545455,3,2,9,8,6,6,5
high_capacity,113,130,10,0.7272727273,1,2,9,10,8,6,5
high_capacity,114,130,6,0.6666666667,3,0,9,6,6,5,5
high_capacity,115,130,12,0.75,0,3,9,12,9,6,5
high_capacity,116,130,5,0.5555555556,4,0,9,5,5,3,3
high_capacity,117,130,5,0.5555555556,4,0,9,5,5,3,3
high_capacity,118,130,9,1,0,0,9,9,9,5,5
high_capacity,119,130,10,0.5833333333,2,3,9,10,7,7,6
high_capacity,120,130,9,0.5,3,3,9,9,6,5,4
high_capacity,121,130,6,0.6666666667,3,0,9,6,6,4,4
high_capacity,122,130,11,0.5384615385,2,4,9,11,7,6,5
high_capacity,123,130,9,1,0,0,9,9,9,5,5
high_capacity,124,130,7,0.7777777778,2,0,9,7,7,5,5
high_capacity,125,130,11,0.4285714286,3,5,9,11,6,8,5
high_capacity,126,130,6,0.6666666667,3,0,9,6,6,3,3
high_capacity,127,130,6,0.6666666667,3,0,9,6,6,4,4
high_capacity,128,130,7,0.6,3,1,9,7,6,5,5
high_capacity,129,130,9,1,0,0,9,9,9,5,5
high_capacity,130,130,6,0.6666666667,3,0,9,6,6,3,3
high_capacity,131,130,10,0.5833333333,2,3,9,10,7,3,3
high_capacity,132,130,6,0.6666666667,3,0,9,6,6,4,4
high_capacity,133,130,11,0.8181818182,0,2,9,11,9,6,5
high_capacity,134,130,9,1,0,0,9,9,9,6,6
high_capacity,135,130,9,1,0,0,9,9,9,6,6
high_capacity,136,130,7,0.7777777778,2,0,9,7,7,5,5
high_capacity,137,130,6,0.6666666667,3,0,9,6,6,4,4
high_capacity,138,130,12,0.5,2,5,9,12,7,6,4
high_capacity,139,130,7,0.6,3,1,9,7,6,5,4
high_capacity,140,130,6,0.6666666667,3,0,9,6,6,4,4
high_capacity,141,130,7,0.7777777778,2,0,9,7,7,5,5
high_capacity,142,130,10,0.5833333333,2,3,9,10,7,6,5
high_capacity,143,130,6,0.6666666667,3,0,9,6,6,4,4
high_capacity,144,130,5,0.5555555556,4,0,9,5,5,2,2
high_capacity,145,130,12,0.75,0,3,9,10,7,5,4
high_capacity,146,130,6,0.6666666667,3,0,9,6,6,3,3
high_capacity,147,130,6,0.6666666667,3,0,9,6,6,4,4
high_capacity,148,130,5,0.5555555556,4,0,9,5,5,3,3
high_capacity,149,130,9,1,0,0,9,9,9,5,5
high_capacity,150,130,9,1,0,0,9,9,9,5,5
high_capacity,151,130,9,1,0,0,9,9,9,5,5
high_capacity,152,130,7,0.6,3,1,9,7,6,5,5
high_capacity,153,130,8,0.5454545455,3,2,9,8,6,3,2
high_capacity,154,130,9,1,0,0,9,9,9,5,5
high_capacity,155,130,8,0.7,2,1,9,8,7,7,6
high_capacity,156,130,6,0.6666666667,3,0,9,6,6,3,3
high_capacity,157,130,12,0.5,2,5,9,12,7,8,6
high_capacity,158,130,5,0.5555555556,4,0,9,5,5,3,3
high_capacity,159,130,6,0.6666666667,3,0,9,6,6,4,4
high_capacity,160,130,10,0.9,0,1,9,10,9,5,5
high_capacity,161,130,13,0.6923076923,0,4,9,13,9,7,6
high_capacity,162,130,10,0.9,0,1,9,10,9,6,5
high_capacity,163,130,7,0.7777777778,2,0,9,7,7,5,5
high_capacity,164,130,8,0.7,2,1,9,8,7,7,6
high_capacity,165,130,10,0.5833333333,2,3,9,10,7,4,4
high_capacity,166,130,7,0.7777777778,2,0,9,7,7,5,5
high_capacity,167,130,11,0.5384615385,2,4,9,11,7,5,4
high_capacity,168,130,11,0.8181818182,0,2,9,11,9,7,6
high_capacity,169,130,6,0.6666666667,3,0,9,6,6,4,4
high_capacity,170,130,6,0.5,4,1,9,6,5,5,4
high_capacity,171,130,6,0.6666666667,3,0,9,6,6,3,3
high_capacity,172,130,7,0.6,3,1,9,7,6,5,4
high_capacity,173,130,7,0.7777777778,2,0,9,7,7,5,5
high_capacity,174,130,7,0.7777777778,2,0,9,7,7,4,4
high_capacity,175,130,7,0.6,3,1,9,7,6,5,5
high_capacity,176,130,5,0.5555555556,4,0,9,5,5,3,3
high_capacity,177,130,9,0.5,3,3,9,9,6,5,4
high_capacity,178,130,6,0.6666666667,3,0,9,6,6,5,5
high_capacity,179,130,7,0.4545454545,4,2,9,7,5,3,2
high_capacity,180,130,4,0.4444444444,5,0,9,4,4,3,3
high_capacity,181,130,7,0.6,3,1,9,7,6,5,5
high_capacity,182,130,5,0.5555555556,4,0,9,5,5,2,2
high_capacity,183,130,10,0.5833333333,2,3,9,8,6,4,3
high_capacity,184,130,7,0.7777777778,2,0,9,7,7,4,4
high_capacity,185,130,8,0.8888888889,1,0,9,8,8,4,4
high_capacity,186,130,11,0.8181818182,0,2,9,11,9,6,6
high_capacity,187,130,5,0.5555555556,4,0,9,5,5,3,3
high_capacity,188,130,6,0.6666666667,3,0,9,6,6,4,4
high_capacity,189,130,6,0.6666666667,3,0,9,6,6,4,4
high_capacity,190,130,8,0.5454545455,3,2,9,8,6,5,4
high_capacity,191,130,6,0.5,4,1,9,6,5,4,3
high_capacity,192,130,11,0.4285714286,3,5,9,11,6,7,4
high_capacity,193,130,9,1,0,0,9,9,9,5,5
high_capacity,194,130,9,0.3846153846,4,4,9,9,5,6,4
high_capacity,195,130,6,0.6666666667,3,0,9,6,6,3,3
high_capacity,196,130,7,0.7777777778,2,0,9,7,7,5,5
high_capacity,197,130,10,0.9,0,1,9,10,9,6,6
high_capacity,198,130,6,0.6666666667,3,0,9,6,6,5,5
high_capacity,199,130,7,0.7777777778,2,0,9,7,7,4,4
high_capacity,200,130,9,1,0,0,9,9,9,5,5
high_capacity,201,130,6,0.6666666667,3,0,9,6,6,4,4
high_capacity,202,130,5,0.5555555556,4,0,9,5,5,3,3
high_capacity,203,130,6,0.5,4,1,9,5,5,3,3
high_capacity,204,130,7,0.6,3,1,9,7,6,5,5
high_capacity,205,130,7,0.4545454545,4,2,9,7,5,3,2
high_capacity,206,130,8,0.5454545455,3,2,9,8,6,5,4
high_capacity,207,130,7,0.6,3,1,9,7,6,5,4
high_capacity,208,130,6,0.6666666667,3,0,9,6,6,4,4
high_capacity,209,130,10,0.4615384615,3,4,9,10,6,5,4
high_capacity,210,130,8,0.8888888889,1,0,9,8,8,5,5
high_capacity,211,130,5,0.5555555556,4,0,9,5,5,4,4
high_capacity,212,130,9,1,0,0,9,9,9,4,4
high_capacity,213,130,6,0.6666666667,3,0,9,6,6,5,5
high_capacity,214,130,6,0.6666666667,3,0,9,6,6,4,4
high_capacity,215,130,9,0.6363636364,2,2,9,9,7,5,4
high_capacity,216,130,6,0.6666666667,3,0,9,6,6,4,4
high_capacity,217,130,8,0.7,2,1,9,8,7,6,5
high_capacity,218,130,10,0.7272727273,1,2,9,10,8,6,5
high_capacity,219,130,11,0.8181818182,0,2,9,11,9,6,5
high_capacity,220,130,9,0.5,3,3,9,9,6,6,4
high_capacity,221,130,7,0.7777777778,2,0,9,7,7,4,4
high_capacity,222,130,6,0.6666666667,3,0,9,6,6,3,3
high_capacity,223,130,8,0.7,2,1,9,8,7,6,5
high_capacity,224,130,8,0.7,2,1,9,8,7,5,5
high_capacity,225,130,8,0.5454545455,3,2,9,8,6,5,4
high_capacity,226,130,9,1,0,0,9,9,9,4,4
high_capacity,227,130,9,1,0,0,9,9,9,5,5
high_capacity,228,130,5,0.5555555556,4,0,9,5,5,4,4
high_capacity,229,130,6,0.6666666667,3,0,9,6,6,4,4
high_capacity,230,130,9,1,0,0,9,9,9,5,5
high_capacity,231,130,7,0.6,3,1,9,7,6,5,4
high_capacity,232,130,8,0.5454545455,3,2,9,8,6,4,3
high_capacity,233,130,5,0.5555555556,4,0,9,5,5,4,4
high_capacity,234,130,9,1,0,0,9,9,9,4,4
high_capacity,235,130,7,0.7777777778,2,0,9,7,7,5,5
high_capacity,236,130,12,0.75,0,3,9,12,9,6,5
high_capacity,237,130,8,0.7,2,1,9,8,7,7,6
high_capacity,238,130,6,0.6666666667,3,0,9,6,6,3,3
high_capacity,239,130,10,0.9,0,1,9,10,9,4,4
high_capacity,240,130,8,0.7,2,1,9,8,7,6,6
high_capacity,241,130,8,0.7,2,1,9,8,7,7,6
high_capacity,242,130,5,0.5555555556,4,0,9,5,5,4,4
high_capacity,243,130,8,0.7,2,1,9,8,7,4,4
high_capacity,244,130,9,1,0,0,9,9,9,5,5
high_capacity,245,130,10,0.5833333333,2,3,9,10,7,7,6
high_capacity,246,130,6,0.6666666667,3,0,9,6,6,4,4
high_capacity,247,130,9,1,0,0,9,9,9,6,6
high_capacity,248,130,13,0.6923076923,0,4,9,13,9,5,4
high_capacity,249,130,6,0.6666666667,3,0,9,6,6,4,4
high_capacity,250,130,8,0.5454545455,3,2,9,8,6,3,3
high_capacity,251,130,9,0.6363636364,2,2,9,9,7,5,4
high_capacity,252,130,7,0.7777777778,2,0,9,7,7,5,5
high_capacity,253,130,6,0.6666666667,3,0,9,6,6,4,4
high_capacity,254,130,6,0.6666666667,3,0,9,6,6,4,4
high_capacity,255,130,8,0.7,2,1,9,8,7,5,5
high_capacity,256,130,6,0.6666666667,3,0,9,6,6,5,5
high_capacity,257,130,8,0.7,2,1,9,8,7,7,6
high_capacity,258,130,10,0.9,0,1,9,10,9,7,6
high_capacity,259,130,13,0.6923076923,0,4,9,13,9,5,4
high_capacity,260,130,7,0.7777777778,2,0,9,7,7,5,5
high_capacity,261,130,6,0.6666666667,3,0,9,6,6,3,3
high_capacity,262,130,7,0.7777777778,2,0,9,7,7,4,4
high_capacity,263,130,4,0.4444444444,5,0,9,4,4,3,3
high_capacity,264,130,10,0.9,0,1,9,10,9,7,6
high_capacity,265,130,9,1,0,0,9,9,9,5,5
high_capacity,266,130,6,0.6666666667,3,0,9,6,6,4,4
high_capacity,267,130,10,0.9,0,1,9,10,9,6,6
high_capacity,268,130,13,0.6923076923,0,4,9,13,9,6,5
high_capacity,269,130,12,0.75,0,3,9,12,9,6,5
high_capacity,270,130,6,0.6666666667,3,0,9,6,6,4,4
high_capacity,271,130,6,0.6666666667,3,0,9,6,6,4,4
high_capacity,272,130,13,0.6923076923,0,4,9,13,9,4,3
high_capacity,273,130,12,0.75,0,3,9,12,9,4,4
high_capacity,274,130,5,0.5555555556,4,0,9,5,5,3,3
high_capacity,275,130,6,0.6666666667,3,0,9,6,6,3,3
high_capacity,276,130,6,0.6666666667,3,0,9,6,6,5,5
high_capacity,277,130,6,0.6666666667,3,0,9,6,6,4,4
high_capacity,278,130,6,0.6666666667,3,0,9,6,6,3,3
high_capacity,279,130,10,0.9,0,1,9,10,9,5,5
high_capacity,280,130,10,0.9,0,1,9,10,9,5,5
high_capacity,281,130,10,0.9,0,1,9,10,9,6,6
high_capacity,282,130,11,0.5384615385,2,4,9,11,7,5,4
high_capacity,283,130,6,0.5,4,1,9,6,5,4,4
high_capacity,284,130,11,0.8181818182,0,2,9,11,9,6,5
high_capacity,285,130,6,0.5,4,1,9,6,5,5,4
high_capacity,286,130,9,1,0,0,9,9,9,5,5
high_capacity,287,130,13,0.5714285714,1,5,9,13,8,6,4
high_capacity,288,130,5,0.5555555556,4,0,9,5,5,4,4
high_capacity,289,130,5,0.5555555556,4,0,9,5,5,3,3
high_capacity,290,130,6,0.6666666667,3,0,9,6,6,3,3
high_capacity,291,130,9,1,0,0,9,9,9,4,4
high_capacity,292,130,5,0.5555555556,4,0,9,5,5,5,5
high_capacity,293,130,5,0.5555555556,4,0,9,5,5,2,2
high_capacity,294,130,11,0.8181818182,0,2,9,11,9,5,4
high_capacity,295,130,11,0.8181818182,0,2,9,9,7,6,5
high_capacity,296,130,8,0.7,2,1,9,8,7,5,5
high_capacity,297,130,5,0.5555555556,4,0,9,5,5,3,3
high_capacity,298,130,7,0.7777777778,2,0,9,7,7,5,5
high_capacity,299,130,7,0.4545454545,4,2,9,6,4,3,2
high_capacity,300,130,6,0.6666666667,3,0,9,6,6,5,5
high_capacity,301,130,13,0.6923076923,0,4,9,11,9,6,5
high_capacity,302,130,6,0.6666666667,3,0,9,6,6,4,4
high_capacity,303,130,7,0.7777777778,2,0,9,7,7,4,4
high_capacity,304,130,9,1,0,0,9,9,9,4,4
high_capacity,305,130,6,0.6666666667,3,0,9,6,6,5,5
high_capacity,306,130,7,0.7777777778,2,0,9,7,7,4,4
high_capacity,307,130,10,0.4615384615,3,4,9,10,6,5,4
high_capacity,308,130,9,0.6363636364,2,2,9,9,7,4,3
high_capacity,309,130,8,0.7,2,1,9,8,7,6,6
high_capacity,310,130,9,1,0,0,9,9,9,4,4
high_capacity,311,130,9,0.6363636364,2,2,9,9,7,6,4
high_capacity,312,130,7,0.4545454545,4,2,9,7,5,3,2
high_capacity,313,130,6,0.6666666667,3,0,9,6,6,4,4
high_capacity,314,130,7,0.7777777778,2,0,9,7,7,5,5
high_capacity,315,130,7,0.7777777778,2,0,9,7,7,5,5
high_capacity,316,130,9,1,0,0,9,9,9,5,5
high_capacity,317,130,10,0.9,0,1,9,8,7,5,5
high_capacity,318,130,10,0.9,0,1,9,8,7,5,5
high_capacity,319,130,14,0.6428571429,0,5,9,14,9,6,4
high_capacity,320,130,8,0.7,2,1,9,8,7,5,5
high_capacity,321,130,9,1,0,0,9,9,9,5,5
high_capacity,322,130,6,0.6666666667,3,0,9,6,6,5,5
high_capacity,323,130,9,1,0,0,9,9,9,4,4
high_capacity,324,130,6,0.6666666667,3,0,9,6,6,4,4
high_capacity,325,130,10,0.5833333333,2,3,9,10,7,7,6
high_capacity,326,130,11,0.5384615385,2,4,9,8,6,5,4
high_capacity,327,130,5,0.5555555556,4,0,9,5,5,4,4
high_capacity,328,130,11,0.5384615385,2,4,9,8,6,5,5
high_capacity,329,130,7,0.7777777778,2,0,9,7,7,4,4
high_capacity,330,130,6,0.6666666667,3,0,9,6,6,5,5
high_capacity,331,130,6,0.6666666667,3,0,9,6,6,4,4
high_capacity,332,130,14,0.6428571429,0,5,9,14,9,5,4
high_capacity,333,130,5,0.5555555556,4,0,9,5,5,3,3
high_capacity,334,130,7,0.7777777778,2,0,9,7,7,5,5
high_capacity,335,130,6,0.6666666667,3,0,9,6,6,4,4
high_capacity,336,130,7,0.6,3,1,9,7,6,5,5
high_capacity,337,130,8,0.5454545455,3,2,9,8,6,4,3
high_capacity,338,130,7,0.7777777778,2,0,9,7,7,5,5
high_capacity,339,130,9,1,0,0,9,9,9,5,5
high_capacity,340,130,11,0.8181818182,0,2,9,11,9,7,6
high_capacity,341,130,8,0.7,2,1,9,8,7,6,6
high_capacity,342,130,5,0.5555555556,4,0,9,5,5,2,2
high_capacity,343,130,8,0.7,2,1,9,8,7,6,5
high_capacity,344,130,4,0.4444444444,5,0,9,4,4,3,3
high_capacity,345,130,7,0.7777777778,2,0,9,7,7,4,4
high_capacity,346,130,6,0.6666666667,3,0,9,6,6,5,5
high_capacity,347,130,6,0.6666666667,3,0,9,5,5,4,4
high_capacity,348,130,6,0.6666666667,3,0,9,6,6,4,4
high_capacity,349,130,8,0.5454545455,3,2,9,7,5,4,3
high_capacity,350,130,9,0.6363636364,2,2,9,9,7,5,4
high_capacity,351,130,7,0.4545454545,4,2,9,7,5,3,2
high_capacity,352,130,10,0.9,0,1,9,10,9,6,6
high_capacity,353,130,6,0.6666666667,3,0,9,6,6,4,4
high_capacity,354,130,8,0.7,2,1,9,8,7,5,5
high_capacity,355,130,7,0.7777777778,2,0,9,7,7,4,4
high_capacity,356,130,7,0.7777777778,2,0,9,7,7,5,5
high_capacity,357,130,6,0.6666666667,3,0,9,6,6,4,4
high_capacity,358,130,15,0.6,0,6,9,14,9,8,6
high_capacity,359,130,8,0.7,2,1,9,8,7,7,6
high_capacity,360,130,6,0.6666666667,3,0,9,6,6,5,5
high_capacity,361,130,7,0.7777777778,2,0,9,7,7,5,5
high_capacity,362,130,7,0.7777777778,2,0,9,7,7,5,5
high_capacity,363,130,6,0.6666666667,3,0,9,6,6,5,5
high_capacity,364,130,8,0.8888888889,1,0,9,8,8,4,4
high_capacity,365,130,9,1,0,0,9,9,9,5,5
high_capacity,366,130,6,0.6666666667,3,0,9,6,6,5,5
high_capacity,367,130,5,0.5555555556,4,0,9,5,5,3,3
high_capacity,368,130,6,0.6666666667,3,0,9,6,6,5,5
high_capacity,369,130,6,0.6666666667,3,0,9,6,6,4,4
high_capacity,370,130,9,1,0,0,9,9,9,5,5
high_capacity,371,130,6,0.6666666667,3,0,9,6,6,4,4
high_capacity,372,130,10,0.9,0,1,9,8,7,4,3
high_capacity,373,130,7,0.7777777778,2,0,9,7,7,5,5
high_capacity,374,130,8,0.7,2,1,9,8,7,4,4
high_capacity,375,130,12,0.75,0,3,9,12,9,7,6
high_capacity,376,130,8,0.7,2,1,9,7,6,5,5
high_capacity,377,130,8,0.5454545455,3,2,9,8,6,3,3
high_capacity,378,130,7,0.7777777778,2,0,9,7,7,4,4
high_capacity,379,130,5,0.5555555556,4,0,9,5,5,3,3
high_capacity,380,130,7,0.4545454545,4,2,9,7,5,5,4
high_capacity,381,130,6,0.6666666667,3,0,9,6,6,5,5
high_capacity,382,130,6,0.5,4,1,9,6,5,5,4
high_capacity,383,130,9,1,0,0,9,9,9,5,5
high_capacity,384,130,9,1,0,0,9,9,9,4,4
high_capacity,385,130,7,0.7777777778,2,0,9,7,7,4,4
high_capacity,386,130,9,0.5,3,3,9,9,6,4,3
high_capacity,387,130,9,0.5,3,3,9,9,6,7,5
high_capacity,388,130,6,0.6666666667,3,0,9,6,6,5,5
high_capacity,389,130,5,0.5555555556,4,0,9,5,5,4,4
high_capacity,390,130,9,1,0,0,9,9,9,4,4
high_capacity,391,130,9,1,0,0,9,9,9,5,5
high_capacity,392,130,7,0.7777777778,2,0,9,7,7,5,5
high_capacity,393,130,7,0.7777777778,2,0,9,7,7,4,4
high_capacity,394,130,6,0.6666666667,3,0,9,6,6,5,5
high_capacity,395,130,9,0.3846153846,4,4,9,9,5,5,3
high_capacity,396,130,9,1,0,0,9,9,9,5,5
high_capacity,397,130,7,0.6,3,1,9,7,6,5,4
high_capacity,398,130,15,0.6,0,6,9,12,7,6,4
high_capacity,399,130,6,0.6666666667,3,0,9,6,6,5,5
high_capacity,400,130,8,0.7,2,1,9,8,7,3,3
high_capacity,401,130,8,0.8888888889,1,0,9,8,8,5,5
high_capacity,402,130,9,0.5,3,3,9,9,6,7,5
high_capacity,403,130,7,0.4545454545,4,2,9,7,5,6,4
high_capacity,404,130,7,0.7777777778,2,0,9,7,7,4,4
high_capacity,405,130,6,0.6666666667,3,0,9,6,6,4,4
high_capacity,406,130,8,0.8888888889,1,0,9,8,8,6,6
high_capacity,407,130,9,0.5,3,3,9,9,6,6,4
high_capacity,408,130,7,0.7777777778,2,0,9,7,7,4,4
high_capacity,409,130,9,1,0,0,9,9,9,6,6
high_capacity,410,130,12,0.75,0,3,9,12,9,7,5
high_capacity,411,130,6,0.6666666667,3,0,9,6,6,4,4
high_capacity,412,130,7,0.6,3,1,9,7,6,5,4
high_capacity,413,130,6,0.6666666667,3,0,9,6,6,3,3
high_capacity,414,130,7,0.7777777778,2,0,9,7,7,5,5
high_capacity,415,130,8,0.7,2,1,9,8,7,5,5
high_capacity,416,130,9,1,0,0,9,9,9,4,4
high_capacity,417,130,8,0.8888888889,1,0,9,8,8,5,5
high_capacity,418,130,6,0.6666666667,3,0,9,6,6,3,3
high_capacity,419,130,8,0.7,2,1,9,8,7,5,5
high_capacity,420,130,5,0.5555555556,4,0,9,5,5,3,3
high_capacity,421,130,7,0.7777777778,2,0,9,7,7,5,5
high_capacity,422,130,9,1,0,0,9,9,9,5,5
high_capacity,423,130,8,0.7,2,1,9,8,7,6,5
high_capacity,424,130,6,0.6666666667,3,0,9,6,6,4,4
high_capacity,425,130,11,0.8181818182,0,2,9,9,7,5,4
high_capacity,426,130,10,0.9,0,1,9,10,9,7,6
high_capacity,427,130,9,1,0,0,9,9,9,5,5
high_capacity,428,130,8,0.7,2,1,9,8,7,6,5
high_capacity,429,130,9,1,0,0,9,9,9,6,6
high_capacity,430,130,12,0.6153846154,1,4,9,10,8,5,4
high_capacity,431,130,10,0.9,0,1,9,10,9,6,6
high_capacity,432,130,7,0.4545454545,4,2,9,7,5,4,4
high_capacity,433,130,9,1,0,0,9,9,9,6,6
high_capacity,434,130,5,0.5555555556,4,0,9,5,5,3,3
high_capacity,435,130,10,0.7272727273,1,2,9,10,8,4,4
high_capacity,436,130,12,0.75,0,3,9,12,9,6,6
high_capacity,437,130,7,0.7777777778,2,0,9,7,7,4,4
high_capacity,438,130,6,0.6666666667,3,0,9,5,5,4,4
high_capacity,439,130,6,0.6666666667,3,0,9,6,6,4,4
high_capacity,440,130,6,0.6666666667,3,0,9,6,6,4,4
high_capacity,441,130,7,0.7777777778,2,0,9,7,7,5,5
high_capacity,442,130,6,0.6666666667,3,0,9,6,6,4,4
high_capacity,443,130,6,0.6666666667,3,0,9,6,6,3,3
high_capacity,444,130,7,0.6,3,1,9,7,6,5,4
high_capacity,445,130,12,0.4,3,6,9,10,5,5,3
high_capacity,446,130,5,0.5555555556,4,0,9,5,5,3,3
high_capacity,447,130,6,0.6666666667,3,0,9,6,6,4,4
high_capacity,448,130,7,0.7777777778,2,0,9,7,7,5,5
high_capacity,449,130,6,0.6666666667,3,0,9,6,6,4,4
high_capacity,450,130,6,0.6666666667,3,0,9,6,6,4,4
high_capacity,451,130,7,0.7777777778,2,0,9,7,7,5,5
high_capacity,452,130,6,0.6666666667,3,0,9,6,6,4,4
high_capacity,453,130,5,0.5555555556,4,0,9,5,5,3,3
high_capacity,454,130,6,0.6666666667,3,0,9,6,6,5,5
high_capacity,455,130,11,0.8181818182,0,2,9,11,9,6,5
high_capacity,456,130,8,0.7,2,1,9,8,7,5,5
high_capacity,457,130,11,0.8181818182,0,2,9,11,9,4,3
high_capacity,458,130,6,0.6666666667,3,0,9,6,6,4,4
high_capacity,459,130,8,0.7,2,1,9,8,7,5,5
high_capacity,460,130,10,0.5833333333,2,3,9,10,7,5,4
high_capacity,461,130,6,0.5,4,1,9,6,5,5,4
high_capacity,462,130,7,0.6,3,1,9,7,6,4,3
high_capacity,463,130,9,1,0,0,9,9,9,6,6
high_capacity,464,130,9,0.5,3,3,9,9,6,4,3
high_capacity,465,130,7,0.4545454545,4,2,9,5,5,3,3
high_capacity,466,130,9,1,0,0,9,9,9,5,5
high_capacity,467,130,7,0.7777777778,2,0,9,7,7,5,5
high_capacity,468,130,12,0.75,0,3,9,12,9,4,3
high_capacity,469,130,7,0.7777777778,2,0,9,7,7,4,4
high_capacity,470,130,7,0.7777777778,2,0,9,7,7,5,5
high_capacity,471,130,6,0.6666666667,3,0,9,6,6,5,5
high_capacity,472,130,9,1,0,0,9,9,9,5,5
high_capacity,473,130,8,0.5454545455,3,2,9,8,6,4,3
high_capacity,474,130,9,1,0,0,9,9,9,5,5
high_capacity,475,130,9,0.5,3,3,9,9,6,6,5
high_capacity,476,130,6,0.3636363636,5,2,9,6,4,4,3
high_capacity,477,130,12,0.5,2,5,9,12,7,7,5
high_capacity,478,130,6,0.6666666667,3,0,9,6,6,4,4
high_capacity,479,130,7,0.7777777778,2,0,9,7,7,5,5
high_capacity,480,130,6,0.6666666667,3,0,9,6,6,5,5
high_capacity,481,130,5,0.5555555556,4,0,9,5,5,3,3
high_capacity,482,130,14,0.6428571429,0,5,9,9,6,6,4
high_capacity,483,130,7,0.4545454545,4,2,9,7,5,7,5
high_capacity,484,130,6,0.6666666667,3,0,9,6,6,4,4
high_capacity,485,130,9,0.6363636364,2,2,9,9,7,6,5
high_capacity,486,130,7,0.4545454545,4,2,9,7,5,4,4
high_capacity,487,130,9,1,0,0,9,9,9,5,5
high_capacity,488,130,6,0.6666666667,3,0,9,6,6,4,4
high_capacity,489,130,7,0.4545454545,4,2,9,7,5,5,3
high_capacity,490,130,9,0.5,3,3,9,8,6,4,4
high_capacity,491,130,10,0.4615384615,3,4,9,10,6,5,4
high_capacity,492,130,13,0.6923076923,0,4,9,11,8,5,4
high_capacity,493,130,8,0.5454545455,3,2,9,8,6,4,3
high_capacity,494,130,8,0.5454545455,3,2,9,8,6,6,5
high_capacity,495,130,10,0.5833333333,2,3,9,10,7,6,6
high_capacity,496,130,10,0.9,0,1,9,10,9,7,6
high_capacity,497,130,6,0.6666666667,3,0,9,6,6,4,4
high_capacity,498,130,7,0.7777777778,2,0,9,7,7,5,5
high_capacity,499,130,7,0.7777777778,2,0,9,7,7,4,4
high_capacity,500,130,7,0.7777777778,2,0,9,7,7,4,4
high_capacity,501,130,6,0.6666666667,3,0,9,6,6,5,5
high_capacity,502,130,7,0.7777777778,2,0,9,7,7,4,4
high_capacity,503,130,10,0.9,0,1,9,10,9,6,6
high_capacity,504,130,7,0.6,3,1,9,7,6,3,2
high_capacity,505,130,7,0.6,3,1,9,7,6,5,5
high_capacity,506,130,9,0.5,3,3,9,9,6,6,5
high_capacity,507,130,8,0.5454545455,3,2,9,8,6,4,3
high_capacity,508,130,9,1,0,0,9,9,9,6,6
high_capacity,509,130,5,0.5555555556,4,0,9,5,5,3,3
high_capacity,510,130,8,0.5454545455,3,2,9,5,5,4,4
high_capacity,511,130,7,0.7777777778,2,0,9,7,7,4,4
high_capacity,512,130,6,0.6666666667,3,0,9,6,6,5,5
high_capacity,513,130,10,0.9,0,1,9,10,9,5,5
high_capacity,514,130,6,0.6666666667,3,0,9,6,6,3,3
high_capacity,515,130,8,0.7,2,1,9,8,7,7,6
high_capacity,516,130,6,0.6666666667,3,0,9,6,6,4,4
high_capacity,517,130,7,0.4545454545,4,2,9,7,5,4,4
high_capacity,518,130,5,0.5555555556,4,0,9,5,5,3,3
high_capacity,519,130,6,0.6666666667,3,0,9,6,6,4,4
high_capacity,520,130,6,0.6666666667,3,0,9,6,6,4,4
high_capacity,521,130,6,0.6666666667,3,0,9,6,6,4,4
high_capacity,522,130,12,0.5,2,5,9,9,6,6,5
high_capacity,523,130,12,0.75,0,3,9,10,7,5,5
high_capacity,524,130,8,0.7,2,1,9,8,7,5,5
high_capacity,525,130,8,0.5454545455,3,2,9,8,6,4,4
high_capacity,526,130,7,0.6,3,1,9,7,6,6,5
high_capacity,527,130,5,0.5555555556,4,0,9,4,4,4,4
high_capacity,528,130,7,0.7777777778,2,0,9,7,7,4,4
high_capacity,529,130,7,0.4545454545,4,2,9,7,5,1,1
high_capacity,530,130,6,0.6666666667,3,0,9,6,6,4,4
high_capacity,531,130,6,0.6666666667,3,0,9,6,6,3,3
high_capacity,532,130,14,0.6428571429,0,5,9,14,9,6,5
high_capacity,533,130,5,0.5555555556,4,0,9,5,5,3,3
high_capacity,534,130,10,0.5833333333,2,3,9,10,7,6,5
high_capacity,535,130,6,0.6666666667,3,0,9,6,6,4,4
high_capacity,536,130,5,0.5555555556,4,0,9,5,5,3,3
high_capacity,537,130,12,0.75,0,3,9,12,9,5,5
high_capacity,538,130,7,0.7777777778,2,0,9,7,7,5,5
high_capacity,539,130,7,0.7777777778,2,0,9,7,7,5,5
high_capacity,540,130,9,0.5,3,3,9,9,6,7,5
high_capacity,541,130,10,0.9,0,1,9,10,9,5,5
high_capacity,542,130,8,0.7,2,1,9,8,7,7,6
high_capacity,543,130,8,0.7,2,1,9,8,7,7,6
high_capacity,544,130,12,0.75,0,3,9,12,9,7,6
high_capacity,545,130,8,0.5454545455,3,2,9,8,6,5,4
high_capacity,546,130,5,0.5555555556,4,0,9,5,5,3,3
high_capacity,547,130,6,0.6666666667,3,0,9,6,6,3,3
high_capacity,548,130,5,0.5555555556,4,0,9,5,5,4,4
high_capacity,549,130,11,0.4285714286,3,5,9,10,6,5,3
high_capacity,550,130,10,0.9,0,1,9,10,9,6,6
high_capacity,551,130,6,0.6666666667,3,0,9,6,6,4,4
high_capacity,552,130,6,0.6666666667,3,0,9,6,6,4,4
high_capacity,553,130,5,0.5555555556,4,0,9,5,5,4,4
high_capacity,554,130,8,0.5454545455,3,2,9,8,6,5,4
high_capacity,555,130,6,0.6666666667,3,0,9,6,6,4,4
high_capacity,556,130,9,1,0,0,9,9,9,5,5
high_capacity,557,130,7,0.6,3,1,9,7,6,4,4
high_capacity,558,130,8,0.8888888889,1,0,9,8,8,5,5
high_capacity,559,130,8,0.7,2,1,9,8,7,5,5
high_capacity,560,130,6,0.6666666667,3,0,9,6,6,5,5
high_capacity,561,130,7,0.7777777778,2,0,9,7,7,5,5
high_capacity,562,130,6,0.6666666667,3,0,9,6,6,3,3
high_capacity,563,130,7,0.7777777778,2,0,9,7,7,4,4
high_capacity,564,130,9,0.5,3,3,9,8,5,6,4
high_capacity,565,130,9,1,0,0,9,9,9,4,4
high_capacity,566,130,12,0.75,0,3,9,12,9,5,4
high_capacity,567,130,9,0.5,3,3,9,9,6,6,4
high_capacity,568,130,9,0.6363636364,2,2,9,9,7,4,3
high_capacity,569,130,10,0.9,0,1,9,10,9,6,6
high_capacity,570,130,5,0.5555555556,4,0,9,5,5,4,4
high_capacity,571,130,5,0.5555555556,4,0,9,5,5,3,3
high_capacity,572,130,13,0.6923076923,0,4,9,13,9,5,4
high_capacity,573,130,6,0.6666666667,3,0,9,6,6,3,3
high_capacity,574,130,8,0.7,2,1,9,8,7,6,6
high_capacity,575,130,7,0.6,3,1,9,7,6,4,4
high_capacity,576,130,8,0.7,2,1,9,8,7,3,3
high_capacity,577,130,8,0.5454545455,3,2,9,8,6,5,4
high_capacity,578,130,6,0.6666666667,3,0,9,6,6,4,4
high_capacity,579,130,5,0.5555555556,4,0,9,5,5,4,4
high_capacity,580,130,8,0.7,2,1,9,8,7,5,4
high_capacity,581,130,8,0.7,2,1,9,8,7,6,6
high_capacity,582,130,6,0.6666666667,3,0,9,6,6,5,5
high_capacity,583,130,8,0.7,2,1,9,8,7,4,4
high_capacity,584,130,6,0.6666666667,3,0,9,6,6,4,4
high_capacity,585,130,9,1,0,0,9,9,9,6,6
high_capacity,586,130,14,0.6428571429,0,5,9,14,9,7,5
high_capacity,587,130,6,0.6666666667,3,0,9,6,6,5,5
high_capacity,588,130,5,0.5555555556,4,0,9,5,5,5,5
high_capacity,589,130,9,1,0,0,9,9,9,4,4
high_capacity,590,130,9,1,0,0,9,9,9,5,5
high_capacity,591,130,5,0.5555555556,4,0,9,5,5,4,4
high_capacity,592,130,6,0.6666666667,3,0,9,6,6,4,4
high_capacity,593,130,9,0.5,3,3,9,7,5,4,4
high_capacity,594,130,7,0.7777777778,2,0,9,7,7,5,5
high_capacity,595,130,8,0.5454545455,3,2,9,7,5,6,4
high_capacity,596,130,15,0.6,0,6,9,15,9,6,4
high_capacity,597,130,8,0.5454545455,3,2,9,6,6,4,4
high_capacity,598,130,8,0.5454545455,3,2,9,8,6,6,5
high_capacity,599,130,6,0.6666666667,3,0,9,6,6,4,4
high_capacity,600,130,7,0.6,3,1,9,7,6,5,4
high_capacity,601,130,8,0.7,2,1,9,8,7,6,5
high_capacity,602,130,11,0.5384615385,2,4,9,11,7,6,5
high_capacity,603,130,10,0.9,0,1,9,8,7,4,4
high_capacity,604,130,11,0.8181818182,0,2,9,11,9,5,5
high_capacity,605,130,8,0.7,2,1,9,8,7,6,6
high_capacity,606,130,9,1,0,0,9,9,9,6,6
high_capacity,607,130,6,0.6666666667,3,0,9,6,6,4,4
high_capacity,608,130,6,0.6666666667,3,0,9,6,6,4,4
high_capacity,609,130,6,0.6666666667,3,0,9,6,6,4,4
high_capacity,610,130,11,0.8181818182,0,2,9,11,9,6,5
high_capacity,611,130,9,1,0,0,9,9,9,5,5
high_capacity,612,130,9,1,0,0,9,9,9,5,5
high_capacity,613,130,6,0.6666666667,3,0,9,6,6,4,4
high_capacity,614,130,9,0.6363636364,2,2,9,9,7,5,4
high_capacity,615,130,6,0.6666666667,3,0,9,6,6,3,3
high_capacity,616,130,7,0.6,3,1,9,7,6,4,3
high_capacity,617,130,9,0.6363636364,2,2,9,9,7,5,4
high_capacity,618,130,12,0.5,2,5,9,12,7,7,6
high_capacity,619,130,7,0.4545454545,4,2,9,7,5,4,3
high_capacity,620,130,9,1,0,0,9,9,9,4,4
high_capacity,621,130,6,0.6666666667,3,0,9,6,6,4,4
high_capacity,622,130,10,0.9,0,1,9,10,9,7,6
high_capacity,623,130,14,0.6428571429,0,5,9,14,9,8,6
high_capacity,624,130,6,0.6666666667,3,0,9,6,6,4,4
high_capacity,625,130,7,0.6,3,1,9,7,6,5,5
high_capacity,626,130,5,0.5555555556,4,0,9,5,5,4,4
high_capacity,627,130,11,0.8181818182,0,2,9,11,9,6,5
high_capacity,628,130,10,0.9,0,1,9,10,9,5,5
high_capacity,629,130,7,0.7777777778,2,0,9,7,7,4,4
high_capacity,630,130,6,0.6666666667,3,0,9,6,6,4,4
high_capacity,631,130,6,0.6666666667,3,0,9,6,6,5,5
high_capacity,632,130,4,0.4444444444,5,0,9,4,4,3,3
high_capacity,633,130,8,0.7,2,1,9,8,7,7,6
high_capacity,634,130,8,0.5454545455,3,2,9,7,6,6,5
high_capacity,635,130,6,0.6666666667,3,0,9,6,6,4,4
high_capacity,636,130,10,0.5833333333,2,3,9,10,7,5,5
high_capacity,637,130,8,0.7,2,1,9,8,7,6,6
high_capacity,638,130,7,0.7777777778,2,0,9,7,7,4,4
high_capacity,639,130,12,0.5,2,5,9,11,7,7,5
high_capacity,640,130,8,0.7,2,1,9,8,7,5,5
high_capacity,641,130,8,0.5454545455,3,2,9,8,6,5,4
high_capacity,642,130,8,0.5454545455,3,2,9,8,6,4,4
high_capacity,643,130,7,0.7777777778,2,0,9,7,7,5,5
high_capacity,644,130,7,0.7777777778,2,0,9,7,7,5,5
high_capacity,645,130,10,0.9,0,1,9,10,9,5,5
high_capacity,646,130,6,0.6666666667,3,0,9,6,6,3,3
high_capacity,647,130,5,0.5555555556,4,0,9,5,5,4,4
high_capacity,648,130,8,0.8888888889,1,0,9,8,8,5,5
high_capacity,649,130,5,0.5555555556,4,0,9,4,4,4,4
high_capacity,650,130,6,0.6666666667,3,0,9,6,6,4,4
high_capacity,651,130,7,0.7777777778,2,0,9,7,7,4,4
high_capacity,652,130,7,0.7777777778,2,0,9,7,7,4,4
high_capacity,653,130,5,0.5555555556,4,0,9,5,5,4,4
high_capacity,654,130,7,0.7777777778,2,0,9,7,7,5,5
high_capacity,655,130,13,0.6923076923,0,4,9,13,9,6,5
high_capacity,656,130,6,0.6666666667,3,0,9,6,6,4,4
high_capacity,657,130,9,0.5,3,3,9,9,6,7,5
high_capacity,658,130,9,1,0,0,9,9,9,5,5
high_capacity,659,130,10,0.9,0,1,9,10,9,5,5
high_capacity,660,130,8,0.5454545455,3,2,9,8,6,6,5
high_capacity,661,130,8,0.4166666667,4,3,9,8,5,5,4
high_capacity,662,130,6,0.6666666667,3,0,9,6,6,5,5
high_capacity,663,130,7,0.7777777778,2,0,9,7,7,5,5
high_capacity,664,130,6,0.6666666667,3,0,9,6,6,3,3
high_capacity,665,130,5,0.5555555556,4,0,9,5,5,3,3
high_capacity,666,130,6,0.6666666667,3,0,9,6,6,3,3
high_capacity,667,130,4,0.4444444444,5,0,9,4,4,3,3
high_capacity,668,130,7,0.6,3,1,9,7,6,5,5
high_capacity,669,130,7,0.7777777778,2,0,9,7,7,4,4
high_capacity,670,130,12,0.75,0,3,9,12,9,6,6
high_capacity,671,130,10,0.9,0,1,9,10,9,6,5
high_capacity,672,130,9,0.6363636364,2,2,9,9,7,6,5
high_capacity,673,130,9,0.6363636364,2,2,9,9,7,5,5
high_capacity,674,130,9,1,0,0,9,9,9,5,5
high_capacity,675,130,6,0.6666666667,3,0,9,6,6,3,3
high_capacity,676,130,10,0.9,0,1,9,10,9,4,4
high_capacity,677,130,6,0.6666666667,3,0,9,6,6,5,5
high_capacity,678,130,6,0.5,4,1,9,6,5,4,3
high_capacity,679,130,9,1,0,0,9,9,9,5,5
high_capacity,680,130,9,0.5,3,3,9,9,6,5,4
high_capacity,681,130,6,0.6666666667,3,0,9,6,6,5,5
high_capacity,682,130,7,0.6,3,1,9,6,5,4,3
high_capacity,683,130,8,0.7,2,1,9,8,7,2,2
high_capacity,684,130,9,1,0,0,9,9,9,5,5
high_capacity,685,130,6,0.6666666667,3,0,9,6,6,4,4
high_capacity,686,130,7,0.7777777778,2,0,9,7,7,5,5
high_capacity,687,130,5,0.5555555556,4,0,9,5,5,3,3
high_capacity,688,130,6,0.6666666667,3,0,9,6,6,4,4
high_capacity,689,130,9,1,0,0,9,9,9,6,6
high_capacity,690,130,7,0.7777777778,2,0,9,7,7,5,5
high_capacity,691,130,9,1,0,0,9,9,9,4,4
high_capacity,692,130,5,0.5555555556,4,0,9,4,4,4,4
high_capacity,693,130,5,0.5555555556,4,0,9,5,5,3,3
high_capacity,694,130,13,0.6923076923,0,4,9,13,9,6,4
high_capacity,695,130,6,0.6666666667,3,0,9,6,6,5,5
high_capacity,696,130,7,0.6,3,1,9,7,6,6,5
high_capacity,697,130,4,0.4444444444,5,0,9,4,4,3,3
high_capacity,698,130,8,0.7,2,1,9,7,6,5,5
high_capacity,699,130,6,0.6666666667,3,0,9,6,6,3,3
high_capacity,700,130,6,0.6666666667,3,0,9,6,6,4,4
high_capacity,701,130,8,0.7,2,1,9,8,7,7,6
high_capacity,702,130,5,0.5555555556,4,0,9,5,5,4,4
high_capacity,703,130,9,0.6363636364,2,2,9,7,7,4,4
high_capacity,704,130,10,0.5833333333,2,3,9,10,7,7,5
high_capacity,705,130,9,0.5,3,3,9,9,6,6,4
high_capacity,706,130,7,0.7777777778,2,0,9,7,7,5,5
high_capacity,707,130,9,1,0,0,9,9,9,5,5
high_capacity,708,130,7,0.7777777778,2,0,9,7,7,4,4
high_capacity,709,130,9,1,0,0,9,9,9,4,4
high_capacity,710,130,7,0.7777777778,2,0,9,7,7,5,5
high_capacity,711,130,9,1,0,0,9,9,9,5,5
high_capacity,712,130,9,1,0,0,9,9,9,5,5
high_capacity,713,130,5,0.5555555556,4,0,9,5,5,3,3
high_capacity,714,130,11,0.8181818182,0,2,9,11,9,6,5
high_capacity,715,130,6,0.5,4,1,9,6,5,3,3
high_capacity,716,130,6,0.6666666667,3,0,9,6,6,4,4
high_capacity,717,130,7,0.7777777778,2,0,9,7,7,4,4
high_capacity,718,130,6,0.6666666667,3,0,9,6,6,3,3
high_capacity,719,130,14,0.6428571429,0,5,9,14,9,6,5
high_capacity,720,130,6,0.6666666667,3,0,9,6,6,5,5
high_capacity,721,130,13,0.4666666667,2,6,9,13,7,9,6
high_capacity,722,130,8,0.5454545455,3,2,9,8,6,4,3
high_capacity,723,130,7,0.7777777778,2,0,9,7,7,5,5
high_capacity,724,130,8,0.7,2,1,9,8,7,6,6
high_capacity,725,130,9,1,0,0,9,9,9,4,4
high_capacity,726,130,5,0.5555555556,4,0,9,5,5,3,3
high_capacity,727,130,15,0.6,0,6,9,15,9,7,5
high_capacity,728,130,6,0.6666666667,3,0,9,6,6,4,4
high_capacity,729,130,7,0.7777777778,2,0,9,7,7,4,4
high_capacity,730,130,9,1,0,0,9,9,9,6,6
high_capacity,731,130,10,0.9,0,1,9,10,9,5,5
high_capacity,732,130,9,0.3846153846,4,4,9,7,5,4,3
high_capacity,733,130,10,0.5833333333,2,3,9,9,7,5,4
high_capacity,734,130,8,0.7,2,1,9,8,7,6,6
high_capacity,735,130,5,0.5555555556,4,0,9,5,5,3,3
high_capacity,736,130,5,0.5555555556,4,0,9,5,5,3,3
high_capacity,737,130,10,0.9,0,1,9,10,9,6,6
high_capacity,738,130,7,0.6,3,1,9,6,5,5,4
high_capacity,739,130,7,0.7777777778,2,0,9,7,7,4,4
high_capacity,740,130,6,0.6666666667,3,0,9,6,6,4,4
high_capacity,741,130,9,0.6363636364,2,2,9,9,7,5,4
high_capacity,742,130,9,1,0,0,9,9,9,6,6
high_capacity,743,130,6,0.6666666667,3,0,9,6,6,4,4
high_capacity,744,130,9,1,0,0,9,9,9,4,4
high_capacity,745,130,5,0.5555555556,4,0,9,5,5,3,3
high_capacity,746,130,7,0.7777777778,2,0,9,7,7,3,3
high_capacity,747,130,9,1,0,0,9,9,9,5,5
high_capacity,748,130,7,0.7777777778,2,0,9,7,7,4,4
high_capacity,749,130,10,0.9,0,1,9,10,9,5,5
high_capacity,750,130,9,1,0,0,9,9,9,5,5
high_capacity,751,130,10,0.9,0,1,9,8,7,5,5
high_capacity,752,130,9,1,0,0,9,9,9,5,5
high_capacity,753,130,6,0.6666666667,3,0,9,6,6,4,4
high_capacity,754,130,11,0.8181818182,0,2,9,11,9,7,6
high_capacity,755,130,6,0.6666666667,3,0,9,6,6,4,4
high_capacity,756,130,10,0.4615384615,3,4,9,10,6,5,3
high_capacity,757,130,9,0.6363636364,2,2,9,9,7,6,5
high_capacity,758,130,6,0.6666666667,3,0,9,6,6,4,4
high_capacity,759,130,7,0.7777777778,2,0,9,7,7,4,4
high_capacity,760,130,10,0.5833333333,2,3,9,10,7,6,5
high_capacity,761,130,11,0.5384615385,2,4,9,11,7,6,5
high_capacity,762,130,8,0.7,2,1,9,8,7,5,5
high_capacity,763,130,9,1,0,0,9,9,9,5,5
high_capacity,764,130,6,0.6666666667,3,0,9,6,6,3,3
high_capacity,765,130,7,0.4545454545,4,2,9,7,5,5,4
high_capacity,766,130,8,0.7,2,1,9,8,7,6,6
high_capacity,767,130,5,0.5555555556,4,0,9,5,5,3,3
high_capacity,768,130,9,1,0,0,9,9,9,5,5
high_capacity,769,130,7,0.6,3,1,9,7,6,5,4
high_capacity,770,130,11,0.8181818182,0,2,9,11,9,5,4
high_capacity,771,130,10,0.9,0,1,9,10,9,6,6
high_capacity,772,130,7,0.7777777778,2,0,9,7,7,4,4
high_capacity,773,130,8,0.5454545455,3,2,9,8,6,3,3
high_capacity,774,130,6,0.6666666667,3,0,9,6,6,4,4
high_capacity,775,130,6,0.6666666667,3,0,9,6,6,5,5
high_capacity,776,130,9,1,0,0,9,9,9,5,5
high_capacity,777,130,4,0.4444444444,5,0,9,4,4,3,3
high_capacity,778,130,6,0.6666666667,3,0,9,5,5,4,4
high_capacity,779,130,7,0.7777777778,2,0,9,7,7,5,5
high_capacity,780,130,6,0.6666666667,3,0,9,6,6,4,4
high_capacity,781,130,7,0.6,3,1,9,7,6,5,5
high_capacity,782,130,5,0.5555555556,4,0,9,5,5,3,3
high_capacity,783,130,6,0.6666666667,3,0,9,6,6,4,4
high_capacity,784,130,5,0.5555555556,4,0,9,5,5,4,4
high_capacity,785,130,6,0.6666666667,3,0,9,6,6,4,4
high_capacity,786,130,6,0.6666666667,3,0,9,6,6,4,4
high_capacity,787,130,11,0.5384615385,2,4,9,11,7,6,5
high_capacity,788,130,6,0.6666666667,3,0,9,6,6,4,4
high_capacity,789,130,11,0.5384615385,2,4,9,11,7,5,4
high_capacity,790,130,9,1,0,0,9,9,9,5,5
high_capacity,791,130,6,0.6666666667,3,0,9,6,6,4,4
high_capacity,792,130,7,0.7777777778,2,0,9,7,7,5,5
high_capacity,793,130,8,0.7,2,1,9,8,7,6,5
high_capacity,794,130,7,0.6,3,1,9,7,6,6,5
high_capacity,795,130,4,0.4444444444,5,0,9,4,4,3,3
high_capacity,796,130,8,0.7,2,1,9,8,7,7,6
high_capacity,797,130,6,0.6666666667,3,0,9,6,6,4,4
high_capacity,798,130,7,0.6,3,1,9,7,6,5,4
high_capacity,799,130,6,0.6666666667,3,0,9,6,6,5,5
high_capacity,800,130,6,0.6666666667,3,0,9,6,6,3,3
high_capacity,801,130,9,1,0,0,9,9,9,5,5
high_capacity,802,130,6,0.6666666667,3,0,9,6,6,3,3
high_capacity,803,130,7,0.7777777778,2,0,9,7,7,5,5
high_capacity,804,130,5,0.5555555556,4,0,9,5,5,3,3
high_capacity,805,130,9,1,0,0,9,9,9,5,5
high_capacity,806,130,4,0.4444444444,5,0,9,4,4,3,3
high_capacity,807,130,9,1,0,0,9,9,9,4,4
high_capacity,808,130,4,0.4444444444,5,0,9,4,4,3,3
high_capacity,809,130,6,0.6666666667,3,0,9,6,6,3,3
high_capacity,810,130,6,0.6666666667,3,0,9,6,6,3,3
high_capacity,811,130,9,1,0,0,9,9,9,5,5
high_capacity,812,130,6,0.6666666667,3,0,9,6,6,4,4
high_capacity,813,130,12,0.75,0,3,9,12,9,6,5
high_capacity,814,130,5,0.4,5,1,9,5,4,3,2
high_capacity,815,130,5,0.5555555556,4,0,9,5,5,3,3
high_capacity,816,130,6,0.5,4,1,9,6,5,5,4
high_capacity,817,130,9,1,0,0,9,9,9,5,5
high_capacity,818,130,9,1,0,0,9,9,9,4,4
high_capacity,819,130,6,0.6666666667,3,0,9,6,6,4,4
high_capacity,820,130,6,0.6666666667,3,0,9,6,6,4,4
high_capacity,821,130,6,0.6666666667,3,0,9,6,6,4,4
high_capacity,822,130,10,0.9,0,1,9,8,7,6,5
high_capacity,823,130,7,0.7777777778,2,0,9,7,7,5,5
high_capacity,824,130,6,0.6666666667,3,0,9,6,6,4,4
high_capacity,825,130,9,0.5,3,3,9,9,6,7,5
high_capacity,826,130,5,0.5555555556,4,0,9,5,5,3,3
high_capacity,827,130,8,0.5454545455,3,2,9,7,5,4,4
high_capacity,828,130,8,0.5454545455,3,2,9,8,6,4,3
high_capacity,829,130,5,0.5555555556,4,0,9,5,5,3,3
high_capacity,830,130,12,0.75,0,3,9,12,9,6,5
high_capacity,831,130,8,0.5454545455,3,2,9,8,6,6,5
high_capacity,832,130,6,0.6666666667,3,0,9,6,6,3,3
high_capacity,833,130,6,0.6666666667,3,0,9,6,6,5,5
high_capacity,834,130,11,0.5384615385,2,4,9,11,7,7,5
high_capacity,835,130,6,0.6666666667,3,0,9,6,6,4,4
high_capacity,836,130,7,0.6,3,1,9,7,6,6,5
high_capacity,837,130,8,0.8888888889,1,0,9,8,8,5,5
high_capacity,838,130,6,0.6666666667,3,0,9,6,6,4,4
high_capacity,839,130,9,1,0,0,9,9,9,5,5
high_capacity,840,130,5,0.5555555556,4,0,9,5,5,2,2
high_capacity,841,130,11,0.6666666667,1,3,9,11,8,5,5
high_capacity,842,130,8,0.7,2,1,9,8,7,6,5
high_capacity,843,130,9,0.5,3,3,9,8,5,6,4
high_capacity,844,130,6,0.6666666667,3,0,9,6,6,3,3
high_capacity,845,130,8,0.5454545455,3,2,9,8,6,4,3
high_capacity,846,130,8,0.5454545455,3,2,9,8,6,3,3
high_capacity,847,130,7,0.6,3,1,9,7,6,6,6
high_capacity,848,130,8,0.7,2,1,9,8,7,5,5
high_capacity,849,130,8,0.7,2,1,9,8,7,6,6
high_capacity,850,130,5,0.5555555556,4,0,9,5,5,3,3
high_capacity,851,130,10,0.9,0,1,9,10,9,6,6
high_capacity,852,130,11,0.8181818182,0,2,9,11,9,5,4
high_capacity,853,130,8,0.5454545455,3,2,9,8,6,5,4
high_capacity,854,130,7,0.6,3,1,9,7,6,5,4
high_capacity,855,130,6,0.5,4,1,9,6,5,5,4
high_capacity,856,130,10,0.9,0,1,9,10,9,5,5
high_capacity,857,130,7,0.7777777778,2,0,9,7,7,5,5
high_capacity,858,130,8,0.7,2,1,9,8,7,7,6
high_capacity,859,130,6,0.6666666667,3,0,9,6,6,3,3
high_capacity,860,130,12,0.5,2,5,9,12,7,8,5
high_capacity,861,130,8,0.7,2,1,9,8,7,5,5
high_capacity,862,130,9,0.6363636364,2,2,9,9,7,4,3
high_capacity,863,130,6,0.6666666667,3,0,9,6,6,3,3
high_capacity,864,130,5,0.5555555556,4,0,9,5,5,3,3
high_capacity,865,130,7,0.7777777778,2,0,9,7,7,4,4
high_capacity,866,130,6,0.6666666667,3,0,9,6,6,4,4
high_capacity,867,130,9,1,0,0,9,9,9,4,4
high_capacity,868,130,7,0.6,3,1,9,7,6,5,4
high_capacity,869,130,6,0.6666666667,3,0,9,6,6,4,4
high_capacity,870,130,6,0.6666666667,3,0,9,6,6,5,5
high_capacity,871,130,9,0.6363636364,2,2,9,9,7,6,5
high_capacity,872,130,9,0.5,3,3,9,9,6,4,3
high_capacity,873,130,7,0.7777777778,2,0,9,7,7,5,5
high_capacity,874,130,9,1,0,0,9,9,9,5,5
high_capacity,875,130,8,0.8888888889,1,0,9,8,8,5,5
high_capacity,876,130,6,0.6666666667,3,0,9,6,6,4,4
high_capacity,877,130,7,0.4545454545,4,2,9,7,5,4,4
high_capacity,878,130,6,0.6666666667,3,0,9,6,6,4,4
high_capacity,879,130,11,0.8181818182,0,2,9,11,9,5,5
high_capacity,880,130,6,0.6666666667,3,0,9,6,6,4,4
high_capacity,881,130,7,0.7777777778,2,0,9,7,7,3,3
high_capacity,882,130,10,0.4615384615,3,4,9,10,6,5,4
high_capacity,883,130,14,0.6428571429,0,5,9,14,9,5,4
high_capacity,884,130,5,0.5555555556,4,0,9,5,5,3,3
high_capacity,885,130,10,0.5833333333,2,3,9,9,6,5,5
high_capacity,886,130,7,0.6,3,1,9,7,6,5,5
high_capacity,887,130,9,1,0,0,9,9,9,5,5
high_capacity,888,130,6,0.6666666667,3,0,9,6,6,4,4
high_capacity,889,130,6,0.6666666667,3,0,9,6,6,4,4
high_capacity,890,130,8,0.5454545455,3,2,9,8,6,4,3
high_capacity,891,130,7,0.7777777778,2,0,9,7,7,5,5
high_capacity,892,130,5,0.5555555556,4,0,9,5,5,3,3
high_capacity,893,130,9,1,0,0,9,9,9,4,4
high_capacity,894,130,7,0.7777777778,2,0,9,7,7,5,5
high_capacity,895,130,9,0.5,3,3,9,9,6,5,4
high_capacity,896,130,5,0.5555555556,4,0,9,5,5,3,3
high_capacity,897,130,6,0.5,4,1,9,6,5,4,4
high_capacity,898,130,8,0.5454545455,3,2,9,8,6,4,3
high_capacity,899,130,6,0.6666666667,3,0,9,6,6,5,5
high_capacity,900,130,6,0.6666666667,3,0,9,6,6,4,4
high_capacity,901,130,7,0.7777777778,2,0,9,7,7,5,5
high_capacity,902,130,8,0.4166666667,4,3,9,8,5,5,3
high_capacity,903,130,5,0.5555555556,4,0,9,5,5,2,2
high_capacity,904,130,10,0.9,0,1,9,10,9,7,6
high_capacity,905,130,9,0.5,3,3,9,9,6,6,4
high_capacity,906,130,6,0.6666666667,3,0,9,6,6,4,4
high_capacity,907,130,8,0.7,2,1,9,8,7,5,5
high_capacity,908,130,10,0.4615384615,3,4,9,7,5,5,4
high_capacity,909,130,6,0.5,4,1,9,6,5,6,5
high_capacity,910,130,6,0.6666666667,3,0,9,6,6,5,5
high_capacity,911,130,6,0.6666666667,3,0,9,6,6,4,4
high_capacity,912,130,8,0.7,2,1,9,8,7,5,5
high_capacity,913,130,7,0.6,3,1,9,5,5,4,4
high_capacity,914,130,8,0.7,2,1,9,8,7,5,5
high_capacity,915,130,6,0.6666666667,3,0,9,6,6,4,4
high_capacity,916,130,9,1,0,0,9,9,9,5,5
high_capacity,917,130,6,0.6666666667,3,0,9,6,6,4,4
high_capacity,918,130,6,0.6666666667,3,0,9,6,6,4,4
high_capacity,919,130,7,0.7777777778,2,0,9,7,7,5,5
high_capacity,920,130,9,1,0,0,9,9,9,5,5
high_capacity,921,130,8,0.7,2,1,9,8,7,5,5
high_capacity,922,130,8,0.7,2,1,9,8,7,5,5
high_capacity,923,130,7,0.7777777778,2,0,9,7,7,5,5
high_capacity,924,130,5,0.5555555556,4,0,9,5,5,3,3
high_capacity,925,130,13,0.6923076923,0,4,9,13,9,6,5
high_capacity,926,130,6,0.6666666667,3,0,9,5,5,4,4
high_capacity,927,130,9,1,0,0,9,9,9,5,5
high_capacity,928,130,11,0.8181818182,0,2,9,11,9,6,5
high_capacity,929,130,6,0.6666666667,3,0,9,6,6,3,3
high_capacity,930,130,9,1,0,0,9,9,9,4,4
high_capacity,931,130,8,0.7,2,1,9,7,6,5,5
high_capacity,932,130,4,0.4444444444,5,0,9,4,4,3,3
high_capacity,933,130,15,0.6,0,6,9,15,9,6,4
high_capacity,934,130,7,0.7777777778,2,0,9,7,7,4,4
high_capacity,935,130,5,0.5555555556,4,0,9,5,5,3,3
high_capacity,936,130,11,0.5384615385,2,4,9,11,7,7,6
high_capacity,937,130,6,0.6666666667,3,0,9,6,6,4,4
high_capacity,938,130,9,1,0,0,9,9,9,4,4
high_capacity,939,130,10,0.9,0,1,9,10,9,7,6
high_capacity,940,130,5,0.5555555556,4,0,9,5,5,4,4
high_capacity,941,130,13,0.6923076923,0,4,9,13,9,5,4
high_capacity,942,130,14,0.6428571429,0,5,9,14,9,5,4
high_capacity,943,130,13,0.6923076923,0,4,9,11,9,6,5
high_capacity,944,130,9,1,0,0,9,9,9,5,5
high_capacity,945,130,8,0.7,2,1,9,8,7,7,6
high_capacity,946,130,7,0.4545454545,4,2,9,7,5,3,3
high_capacity,947,130,9,1,0,0,9,9,9,5,5
high_capacity,948,130,11,0.8181818182,0,2,9,11,9,7,6
high_capacity,949,130,10,0.7272727273,1,2,9,8,8,4,4
high_capacity,950,130,10,0.4615384615,3,4,9,10,6,4,3
high_capacity,951,130,8,0.7,2,1,9,8,7,6,6
high_capacity,952,130,11,0.4285714286,3,5,9,11,6,5,4
high_capacity,953,130,10,0.7272727273,1,2,9,10,8,4,3
high_capacity,954,130,5,0.5555555556,4,0,9,5,5,3,3
high_capacity,955,130,6,0.6666666667,3,0,9,6,6,5,5
high_capacity,956,130,11,0.8181818182,0,2,9,10,9,4,4
high_capacity,957,130,9,0.3846153846,4,4,9,7,5,3,2
high_capacity,958,130,5,0.5555555556,4,0,9,5,5,5,5
high_capacity,959,130,14,0.6428571429,0,5,9,12,7,7,5
high_capacity,960,130,11,0.8181818182,0,2,9,11,9,6,5
high_capacity,961,130,6,0.6666666667,3,0,9,6,6,4,4
high_capacity,962,130,7,0.6,3,1,9,7,6,3,3
high_capacity,963,130,6,0.6666666667,3,0,9,6,6,4,4
high_capacity,964,130,9,1,0,0,9,9,9,6,6
high_capacity,965,130,6,0.6666666667,3,0,9,6,6,4,4
high_capacity,966,130,7,0.7777777778,2,0,9,7,7,4,4
high_capacity,967,130,4,0.4444444444,5,0,9,4,4,3,3
high_capacity,968,130,9,1,0,0,9,9,9,4,4
high_capacity,969,130,5,0.5555555556,4,0,9,5,5,3,3
high_capacity,970,130,6,0.6666666667,3,0,9,6,6,3,3
high_capacity,971,130,6,0.6666666667,3,0,9,6,6,4,4
high_capacity,972,130,6,0.6666666667,3,0,9,6,6,3,3
high_capacity,973,130,6,0.6666666667,3,0,9,6,6,4,4
high_capacity,974,130,6,0.6666666667,3,0,9,6,6,4,4
high_capacity,975,130,7,0.4545454545,4,2,9,7,5,3,2
high_capacity,976,130,6,0.6666666667,3,0,9,6,6,3,3
high_capacity,977,130,6,0.6666666667,3,0,9,6,6,4,4
high_capacity,978,130,5,0.5555555556,4,0,9,5,5,4,4
high_capacity,979,130,7,0.7777777778,2,0,9,7,7,4,4
high_capacity,980,130,11,0.4285714286,3,5,9,11,6,5,4
high_capacity,981,130,8,0.7,2,1,9,8,7,4,4
high_capacity,982,130,6,0.6666666667,3,0,9,6,6,4,4
high_capacity,983,130,4,0.4444444444,5,0,9,4,4,4,4
high_capacity,984,130,10,0.9,0,1,9,10,9,6,6
high_capacity,985,130,10,0.9,0,1,9,10,9,6,6
high_capacity,986,130,6,0.6666666667,3,0,9,6,6,3,3
high_capacity,987,130,14,0.6428571429,0,5,9,13,9,6,5
high_capacity,988,130,10,0.5833333333,2,3,9,10,7,6,5
high_capacity,989,130,7,0.7777777778,2,0,9,7,7,4,4
high_capacity,990,130,6,0.6666666667,3,0,9,6,6,4,4
high_capacity,991,130,10,0.9,0,1,9,10,9,5,5
high_capacity,992,130,6,0.6666666667,3,0,9,6,6,3,3
high_capacity,993,130,7,0.7777777778,2,0,9,7,7,5,5
high_capacity,994,130,7,0.7777777778,2,0,9,7,7,4,4
high_capacity,995,130,8,0.5454545455,3,2,9,8,6,6,4
high_capacity,996,130,7,0.6,3,1,9,7,6,5,4
high_capacity,997,130,6,0.5,4,1,9,5,4,3,2
high_capacity,998,130,6,0.6666666667,3,0,9,6,6,4,4
high_capacity,999,130,6,0.6666666667,3,0,9,5,5,4,4
