profile,parameter,side,scenario_id,entry_point,parameter_value
resource_constrained,network_backup_isolation_lapse,low,90000141,internet_facing,0.02137099
resource_constrained,network_backup_isolation_lapse,low,90000321,internet_facing,0.02257024
resource_constrained,network_backup_isolation_lapse,low,90000346,internet_facing,0.02422719
resource_constrained,network_backup_isolation_lapse,low,90000341,internet_facing,0.02459584
resource_constrained,network_backup_isolation_lapse,low,90000041,internet_facing,0.02599796
resource_constrained,network_backup_isolation_lapse,low,90000386,internet_facing,0.0262026
resource_constrained,network_backup_isolation_lapse,low,90000391,internet_facing,0.02689663
resource_constrained,network_backup_isolation_lapse,low,90000376,internet_facing,0.02740196
resource_constrained,network_backup_isolation_lapse,low,90000021,internet_facing,0.03044621
resource_constrained,network_backup_isolation_lapse,low,90000111,internet_facing,0.03158688
resource_constrained,network_backup_isolation_lapse,low,90000146,internet_facing,0.03194699
resource_constrained,network_backup_isolation_lapse,low,90000296,internet_facing,0.03217554
resource_constrained,network_backup_isolation_lapse,low,90000266,internet_facing,0.03306231
resource_constrained,network_backup_isolation_lapse,low,90000336,internet_facing,0.04020655
resource_constrained,network_backup_isolation_lapse,low,90000226,internet_facing,0.04551392
resource_constrained,network_backup_isolation_lapse,low,90000176,internet_facing,0.04901744
resource_constrained,network_backup_isolation_lapse,low,90000051,internet_facing,0.05036864
resource_constrained,network_backup_isolation_lapse,low,90000206,internet_facing,0.05353992
resource_constrained,network_backup_isolation_lapse,low,90000131,internet_facing,0.06085379
resource_constrained,network_backup_isolation_lapse,low,90000091,internet_facing,0.06147695
resource_constrained,network_backup_isolation_lapse,low,90000251,internet_facing,0.06290594
resource_constrained,network_backup_isolation_lapse,low,90000116,internet_facing,0.06335702
resource_constrained,network_backup_isolation_lapse,low,90000106,internet_facing,0.06510766
resource_constrained,network_backup_isolation_lapse,low,90000361,internet_facing,0.06570585
resource_constrained,network_backup_isolation_lapse,low,90000351,internet_facing,0.06573151
resource_constrained,network_backup_isolation_lapse,low,90000036,internet_facing,0.07995638
resource_constrained,network_backup_isolation_lapse,low,90000113,medical_device,0.0249264
resource_constrained,network_backup_isolation_lapse,low,90000253,medical_device,0.02839978
resource_constrained,network_backup_isolation_lapse,low,90000283,medical_device,0.02916367
resource_constrained,network_backup_isolation_lapse,low,90000308,medical_device,0.02957553
resource_constrained,network_backup_isolation_lapse,low,90000033,medical_device,0.02960155
resource_constrained,network_backup_isolation_lapse,low,90000008,medical_device,0.02962302
resource_constrained,network_backup_isolation_lapse,low,90000343,medical_device,0.02978741
resource_constrained,network_backup_isolation_lapse,low,90000368,medical_device,0.02996431
resource_constrained,network_backup_isolation_lapse,low,90000293,medical_device,0.03401542
resource_constrained,network_backup_isolation_lapse,low,90000388,medical_device,0.03482159
resource_constrained,network_backup_isolation_lapse,low,90000098,medical_device,0.03502671
resource_constrained,network_backup_isolation_lapse,low,90000128,medical_device,0.04092639
resource_constrained,network_backup_isolation_lapse,low,90000338,medical_device,0.04323218
resource_constrained,network_backup_isolation_lapse,low,90000073,medical_device,0.04379239
resource_constrained,network_backup_isolation_lapse,low,90000143,medical_device,0.04536557
resource_constrained,network_backup_isolation_lapse,low,90000328,medical_device,0.0487874
resource_constrained,network_backup_isolation_lapse,low,90000093,medical_device,0.05423025
resource_constrained,network_backup_isolation_lapse,low,90000158,medical_device,0.054946
resource_constrained,network_backup_isolation_lapse,low,90000248,medical_device,0.06295774
resource_constrained,network_backup_isolation_lapse,low,90000203,medical_device,0.0728468
resource_constrained,network_backup_isolation_lapse,low,90000213,medical_device,0.07322399
resource_constrained,network_backup_isolation_lapse,low,90000268,medical_device,0.08266302
resource_constrained,network_backup_isolation_lapse,low,90000138,medical_device,0.08874543
resource_constrained,network_backup_isolation_lapse,low,90000238,medical_device,0.08930803
resource_constrained,network_backup_isolation_lapse,low,90000083,medical_device,0.08938103
resource_constrained,network_backup_isolation_lapse,low,90000068,medical_device,0.09041376
resource_constrained,network_backup_isolation_lapse,low,90000072,privileged_system,0.02007577
resource_constrained,network_backup_isolation_lapse,low,90000037,privileged_system,0.02575396
resource_constrained,network_backup_isolation_lapse,low,90000157,privileged_system,0.02618806
resource_constrained,network_backup_isolation_lapse,low,90000162,privileged_system,0.02647429
resource_constrained,network_backup_isolation_lapse,low,90000177,privileged_system,0.02663624
resource_constrained,network_backup_isolation_lapse,low,90000047,privileged_system,0.03627012
resource_constrained,network_backup_isolation_lapse,low,90000132,privileged_system,0.0371098
resource_constrained,network_backup_isolation_lapse,low,90000027,privileged_system,0.03844483
resource_constrained,network_backup_isolation_lapse,low,90000042,privileged_system,0.04232454
resource_constrained,network_backup_isolation_lapse,low,90000272,privileged_system,0.04247032
resource_constrained,network_backup_isolation_lapse,low,90000292,privileged_system,0.0426509
resource_constrained,network_backup_isolation_lapse,low,90000092,privileged_system,0.04393776
resource_constrained,network_backup_isolation_lapse,low,90000057,privileged_system,0.04412131
resource_constrained,network_backup_isolation_lapse,low,90000012,privileged_system,0.04514127
resource_constrained,network_backup_isolation_lapse,low,90000137,privileged_system,0.04791819
resource_constrained,network_backup_isolation_lapse,low,90000002,privileged_system,0.05210058
resource_constrained,network_backup_isolation_lapse,low,90000297,privileged_system,0.05321169
resource_constrained,network_backup_isolation_lapse,low,90000312,privileged_system,0.05608298
resource_constrained,network_backup_isolation_lapse,low,90000062,privileged_system,0.05805145
resource_constrained,network_backup_isolation_lapse,low,90000097,privileged_system,0.0598365
resource_constrained,network_backup_isolation_lapse,low,90000127,privileged_system,0.06083423
resource_constrained,network_backup_isolation_lapse,low,90000107,privileged_system,0.06155516
resource_constrained,network_backup_isolation_lapse,low,90000327,privileged_system,0.06384492
resource_constrained,network_backup_isolation_lapse,low,90000317,privileged_system,0.07009536
resource_constrained,network_backup_isolation_lapse,low,90000372,privileged_system,0.07218697
resource_constrained,network_backup_isolation_lapse,low,90000342,privileged_system,0.0724081
resource_constrained,network_backup_isolation_lapse,low,90000104,vendor_connection,0.02195521
resource_constrained,network_backup_isolation_lapse,low,90000339,vendor_connection,0.02799159
resource_constrained,network_backup_isolation_lapse,low,90000299,vendor_connection,0.02879548
resource_constrained,network_backup_isolation_lapse,low,90000219,vendor_connection,0.03118296
resource_constrained,network_backup_isolation_lapse,low,90000199,vendor_connection,0.03138555
resource_constrained,network_backup_isolation_lapse,low,90000349,vendor_connection,0.03433819
resource_constrained,network_backup_isolation_lapse,low,90000004,vendor_connection,0.0357252
resource_constrained,network_backup_isolation_lapse,low,90000049,vendor_connection,0.0389994
resource_constrained,network_backup_isolation_lapse,low,90000044,vendor_connection,0.03905925
resource_constrained,network_backup_isolation_lapse,low,90000249,vendor_connection,0.04094218
resource_constrained,network_backup_isolation_lapse,low,90000214,vendor_connection,0.04839348
resource_constrained,network_backup_isolation_lapse,low,90000204,vendor_connection,0.05734178
resource_constrained,network_backup_isolation_lapse,low,90000334,vendor_connection,0.05801781
resource_constrained,network_backup_isolation_lapse,low,90000384,vendor_connection,0.05993712
resource_constrained,network_backup_isolation_lapse,low,90000304,vendor_connection,0.06508765
resource_constrained,network_backup_isolation_lapse,low,90000179,vendor_connection,0.06817564
resource_constrained,network_backup_isolation_lapse,low,90000354,vendor_connection,0.06942193
resource_constrained,network_backup_isolation_lapse,low,90000189,vendor_connection,0.07062332
resource_constrained,network_backup_isolation_lapse,low,90000089,vendor_connection,0.0759652
resource_constrained,network_backup_isolation_lapse,low,90000064,vendor_connection,0.08140928
resource_constrained,network_backup_isolation_lapse,low,90000014,vendor_connection,0.08223502
resource_constrained,network_backup_isolation_lapse,low,90000314,vendor_connection,0.08260769
resource_constrained,network_backup_isolation_lapse,low,90000389,vendor_connection,0.08391342
resource_constrained,network_backup_isolation_lapse,low,90000259,vendor_connection,0.09035932
resource_constrained,network_backup_isolation_lapse,low,90000279,vendor_connection,0.09037466
resource_constrained,network_backup_isolation_lapse,low,90000369,vendor_connection,0.09448101
resource_constrained,network_backup_isolation_lapse,low,90000080,workstation,0.02022833
resource_constrained,network_backup_isolation_lapse,low,90000185,workstation,0.02243019
resource_constrained,network_backup_isolation_lapse,low,90000250,workstation,0.02260961
resource_constrained,network_backup_isolation_lapse,low,90000170,workstation,0.02524913
resource_constrained,network_backup_isolation_lapse,low,90000390,workstation,0.02743239
resource_constrained,network_backup_isolation_lapse,low,90000210,workstation,0.03153902
resource_constrained,network_backup_isolation_lapse,low,90000295,workstation,0.03188065
resource_constrained,network_backup_isolation_lapse,low,90000385,workstation,0.03222053
resource_constrained,network_backup_isolation_lapse,low,90000315,workstation,0.03291023
resource_constrained,network_backup_isolation_lapse,low,90000260,workstation,0.03643165
resource_constrained,network_backup_isolation_lapse,low,90000325,workstation,0.03692375
resource_constrained,network_backup_isolation_lapse,low,90000085,workstation,0.03820125
resource_constrained,network_backup_isolation_lapse,low,90000070,workstation,0.04106489
resource_constrained,network_backup_isolation_lapse,low,90000160,workstation,0.04336619
resource_constrained,network_backup_isolation_lapse,low,90000195,workstation,0.05193047
resource_constrained,network_backup_isolation_lapse,low,90000225,workstation,0.05203496
resource_constrained,network_backup_isolation_lapse,low,90000015,workstation,0.05321294
resource_constrained,network_backup_isolation_lapse,low,90000155,workstation,0.06429455
resource_constrained,network_backup_isolation_lapse,low,90000025,workstation,0.06547308
resource_constrained,network_backup_isolation_lapse,low,90000230,workstation,0.06611826
resource_constrained,network_backup_isolation_lapse,low,90000130,workstation,0.06630276
resource_constrained,network_backup_isolation_lapse,low,90000235,workstation,0.06644922
resource_constrained,network_backup_isolation_lapse,low,90000040,workstation,0.06736217
resource_constrained,network_backup_isolation_lapse,low,90000310,workstation,0.06765791
resource_constrained,network_backup_isolation_lapse,low,90000380,workstation,0.07282423
resource_constrained,network_backup_isolation_lapse,low,90000100,workstation,0.07372675
resource_constrained,network_backup_isolation_lapse,high,90000201,internet_facing,0.15514657
resource_constrained,network_backup_isolation_lapse,high,90000291,internet_facing,0.16349363
resource_constrained,network_backup_isolation_lapse,high,90000191,internet_facing,0.16706665
resource_constrained,network_backup_isolation_lapse,high,90000086,internet_facing,0.17040907
resource_constrained,network_backup_isolation_lapse,high,90000326,internet_facing,0.17054718
resource_constrained,network_backup_isolation_lapse,high,90000311,internet_facing,0.17198699
resource_constrained,network_backup_isolation_lapse,high,90000011,internet_facing,0.17318856
resource_constrained,network_backup_isolation_lapse,high,90000096,internet_facing,0.1733103
resource_constrained,network_backup_isolation_lapse,high,90000171,internet_facing,0.17479676
resource_constrained,network_backup_isolation_lapse,high,90000156,internet_facing,0.17828027
resource_constrained,network_backup_isolation_lapse,high,90000381,internet_facing,0.180093
resource_constrained,network_backup_isolation_lapse,high,90000181,internet_facing,0.18988562
resource_constrained,network_backup_isolation_lapse,high,90000276,internet_facing,0.19258753
resource_constrained,network_backup_isolation_lapse,high,90000396,internet_facing,0.19556971
resource_constrained,network_backup_isolation_lapse,high,90000101,internet_facing,0.19682025
resource_constrained,network_backup_isolation_lapse,high,90000196,internet_facing,0.19724276
resource_constrained,network_backup_isolation_lapse,high,90000221,internet_facing,0.19853115
resource_constrained,network_backup_isolation_lapse,high,90000031,internet_facing,0.20047555
resource_constrained,network_backup_isolation_lapse,high,90000256,internet_facing,0.21074036
resource_constrained,network_backup_isolation_lapse,high,90000286,internet_facing,0.213268
resource_constrained,network_backup_isolation_lapse,high,90000081,internet_facing,0.22911887
resource_constrained,network_backup_isolation_lapse,high,90000356,internet_facing,0.23067539
resource_constrained,network_backup_isolation_lapse,high,90000166,internet_facing,0.2349547
resource_constrained,network_backup_isolation_lapse,high,90000271,internet_facing,0.23607885
resource_constrained,network_backup_isolation_lapse,high,90000316,internet_facing,0.23825867
resource_constrained,network_backup_isolation_lapse,high,90000046,internet_facing,0.24943428
resource_constrained,network_backup_isolation_lapse,high,90000088,medical_device,0.17899998
resource_constrained,network_backup_isolation_lapse,high,90000108,medical_device,0.18040777
resource_constrained,network_backup_isolation_lapse,high,90000218,medical_device,0.18380684
resource_constrained,network_backup_isolation_lapse,high,90000393,medical_device,0.19718448
resource_constrained,network_backup_isolation_lapse,high,90000133,medical_device,0.20247651
resource_constrained,network_backup_isolation_lapse,high,90000043,medical_device,0.20462676
resource_constrained,network_backup_isolation_lapse,high,90000363,medical_device,0.20610842
resource_constrained,network_backup_isolation_lapse,high,90000153,medical_device,0.20693383
resource_constrained,network_backup_isolation_lapse,high,90000123,medical_device,0.21202362
resource_constrained,network_backup_isolation_lapse,high,90000223,medical_device,0.21241772
resource_constrained,network_backup_isolation_lapse,high,90000243,medical_device,0.21543709
resource_constrained,network_backup_isolation_lapse,high,90000048,medical_device,0.21641563
resource_constrained,network_backup_isolation_lapse,high,90000178,medical_device,0.21668004
resource_constrained,network_backup_isolation_lapse,high,90000208,medical_device,0.21700392
resource_constrained,network_backup_isolation_lapse,high,90000038,medical_device,0.21892235
resource_constrained,network_backup_isolation_lapse,high,90000313,medical_device,0.2242562
resource_constrained,network_backup_isolation_lapse,high,90000053,medical_device,0.22627609
resource_constrained,network_backup_isolation_lapse,high,90000273,medical_device,0.23214469
resource_constrained,network_backup_isolation_lapse,high,90000118,medical_device,0.23345597
resource_constrained,network_backup_isolation_lapse,high,90000228,medical_device,0.23528751
resource_constrained,network_backup_isolation_lapse,high,90000303,medical_device,0.23836815
resource_constrained,network_backup_isolation_lapse,high,90000323,medical_device,0.23961883
resource_constrained,network_backup_isolation_lapse,high,90000193,medical_device,0.24016128
resource_constrained,network_backup_isolation_lapse,high,90000198,medical_device,0.24744292
resource_constrained,network_backup_isolation_lapse,high,90000018,medical_device,0.24947955
resource_constrained,network_backup_isolation_lapse,high,90000233,medical_device,0.24992448
resource_constrained,network_backup_isolation_lapse,high,90000207,privileged_system,0.15111578
resource_constrained,network_backup_isolation_lapse,high,90000192,privileged_system,0.1519219
resource_constrained,network_backup_isolation_lapse,high,90000377,privileged_system,0.15210552
resource_constrained,network_backup_isolation_lapse,high,90000187,privileged_system,0.15488603
resource_constrained,network_backup_isolation_lapse,high,90000307,privileged_system,0.1562021
resource_constrained,network_backup_isolation_lapse,high,90000382,privileged_system,0.16697291
resource_constrained,network_backup_isolation_lapse,high,90000142,privileged_system,0.16772772
resource_constrained,network_backup_isolation_lapse,high,90000237,privileged_system,0.17267038
resource_constrained,network_backup_isolation_lapse,high,90000117,privileged_system,0.18260498
resource_constrained,network_backup_isolation_lapse,high,90000397,privileged_system,0.18449766
resource_constrained,network_backup_isolation_lapse,high,90000387,privileged_system,0.18656442
resource_constrained,network_backup_isolation_lapse,high,90000102,privileged_system,0.18750116
resource_constrained,network_backup_isolation_lapse,high,90000032,privileged_system,0.1891726
resource_constrained,network_backup_isolation_lapse,high,90000217,privileged_system,0.19035298
resource_constrained,network_backup_isolation_lapse,high,90000007,privileged_system,0.1934783
resource_constrained,network_backup_isolation_lapse,high,90000172,privileged_system,0.19839086
resource_constrained,network_backup_isolation_lapse,high,90000347,privileged_system,0.19906682
resource_constrained,network_backup_isolation_lapse,high,90000282,privileged_system,0.20244805
resource_constrained,network_backup_isolation_lapse,high,90000302,privileged_system,0.20597454
resource_constrained,network_backup_isolation_lapse,high,90000392,privileged_system,0.21607915
resource_constrained,network_backup_isolation_lapse,high,90000212,privileged_system,0.22851935
resource_constrained,network_backup_isolation_lapse,high,90000287,privileged_system,0.22983678
resource_constrained,network_backup_isolation_lapse,high,90000337,privileged_system,0.24397602
resource_constrained,network_backup_isolation_lapse,high,90000082,privileged_system,0.24484258
resource_constrained,network_backup_isolation_lapse,high,90000202,privileged_system,0.24693192
resource_constrained,network_backup_isolation_lapse,high,90000257,privileged_system,0.24849017
resource_constrained,network_backup_isolation_lapse,high,90000224,vendor_connection,0.19938199
resource_constrained,network_backup_isolation_lapse,high,90000239,vendor_connection,0.20164428
resource_constrained,network_backup_isolation_lapse,high,90000154,vendor_connection,0.20568993
resource_constrained,network_backup_isolation_lapse,high,90000229,vendor_connection,0.20848064
resource_constrained,network_backup_isolation_lapse,high,90000084,vendor_connection,0.20972255
resource_constrained,network_backup_isolation_lapse,high,90000234,vendor_connection,0.21213672
resource_constrained,network_backup_isolation_lapse,high,90000324,vendor_connection,0.21268474
resource_constrained,network_backup_isolation_lapse,high,90000019,vendor_connection,0.21454423
resource_constrained,network_backup_isolation_lapse,high,90000264,vendor_connection,0.21477576
resource_constrained,network_backup_isolation_lapse,high,90000284,vendor_connection,0.21836143
resource_constrained,network_backup_isolation_lapse,high,90000009,vendor_connection,0.22340233
resource_constrained,network_backup_isolation_lapse,high,90000119,vendor_connection,0.22643753
resource_constrained,network_backup_isolation_lapse,high,90000379,vendor_connection,0.22692563
resource_constrained,network_backup_isolation_lapse,high,90000394,vendor_connection,0.22842783
resource_constrained,network_backup_isolation_lapse,high,90000114,vendor_connection,0.23114936
resource_constrained,network_backup_isolation_lapse,high,90000099,vendor_connection,0.23487721
resource_constrained,network_backup_isolation_lapse,high,90000244,vendor_connection,0.23764742
resource_constrained,network_backup_isolation_lapse,high,90000294,vendor_connection,0.24283389
resource_constrained,network_backup_isolation_lapse,high,90000364,vendor_connection,0.24314356
resource_constrained,network_backup_isolation_lapse,high,90000094,vendor_connection,0.24373647
resource_constrained,network_backup_isolation_lapse,high,90000074,vendor_connection,0.24400124
resource_constrained,network_backup_isolation_lapse,high,90000059,vendor_connection,0.24586709
resource_constrained,network_backup_isolation_lapse,high,90000144,vendor_connection,0.24660393
resource_constrained,network_backup_isolation_lapse,high,90000029,vendor_connection,0.24814938
resource_constrained,network_backup_isolation_lapse,high,90000169,vendor_connection,0.24902569
resource_constrained,network_backup_isolation_lapse,high,90000289,vendor_connection,0.24973785
resource_constrained,network_backup_isolation_lapse,high,90000330,workstation,0.15327011
resource_constrained,network_backup_isolation_lapse,high,90000140,workstation,0.15741177
resource_constrained,network_backup_isolation_lapse,high,90000300,workstation,0.15837309
resource_constrained,network_backup_isolation_lapse,high,90000240,workstation,0.17027986
resource_constrained,network_backup_isolation_lapse,high,90000200,workstation,0.17441421
resource_constrained,network_backup_isolation_lapse,high,90000010,workstation,0.1766406
resource_constrained,network_backup_isolation_lapse,high,90000005,workstation,0.18303914
resource_constrained,network_backup_isolation_lapse,high,90000245,workstation,0.18433548
resource_constrained,network_backup_isolation_lapse,high,90000030,workstation,0.18748774
resource_constrained,network_backup_isolation_lapse,high,90000285,workstation,0.18767852
resource_constrained,network_backup_isolation_lapse,high,90000045,workstation,0.19798182
resource_constrained,network_backup_isolation_lapse,high,90000110,workstation,0.20216262
resource_constrained,network_backup_isolation_lapse,high,90000055,workstation,0.2134448
resource_constrained,network_backup_isolation_lapse,high,90000165,workstation,0.2144138
resource_constrained,network_backup_isolation_lapse,high,90000320,workstation,0.2164276
resource_constrained,network_backup_isolation_lapse,high,90000060,workstation,0.2174171
resource_constrained,network_backup_isolation_lapse,high,90000255,workstation,0.21903652
resource_constrained,network_backup_isolation_lapse,high,90000115,workstation,0.2235395
resource_constrained,network_backup_isolation_lapse,high,90000090,workstation,0.22712898
resource_constrained,network_backup_isolation_lapse,high,90000335,workstation,0.22892078
resource_constrained,network_backup_isolation_lapse,high,90000205,workstation,0.23579346
resource_constrained,network_backup_isolation_lapse,high,90000270,workstation,0.24057421
resource_constrained,network_backup_isolation_lapse,high,90000290,workstation,0.24290998
resource_constrained,network_backup_isolation_lapse,high,90000095,workstation,0.24696694
resource_constrained,network_backup_isolation_lapse,high,90000305,workstation,0.2479415
resource_constrained,network_backup_isolation_lapse,high,90000145,workstation,0.2493287
resource_constrained,simulation_base_spread_rate,low,90000131,internet_facing,0.07048787
resource_constrained,simulation_base_spread_rate,low,90000041,internet_facing,0.07436288
resource_constrained,simulation_base_spread_rate,low,90000001,internet_facing,0.07481159
resource_constrained,simulation_base_spread_rate,low,90000356,internet_facing,0.07681287
resource_constrained,simulation_base_spread_rate,low,90000066,internet_facing,0.08149043
resource_constrained,simulation_base_spread_rate,low,90000236,internet_facing,0.08234858
resource_constrained,simulation_base_spread_rate,low,90000011,internet_facing,0.08350716
resource_constrained,simulation_base_spread_rate,low,90000256,internet_facing,0.08425763
resource_constrained,simulation_base_spread_rate,low,90000086,internet_facing,0.08504678
resource_constrained,simulation_base_spread_rate,low,90000051,internet_facing,0.08837276
resource_constrained,simulation_base_spread_rate,low,90000091,internet_facing,0.08885142
resource_constrained,simulation_base_spread_rate,low,90000271,internet_facing,0.08990726
resource_constrained,simulation_base_spread_rate,low,90000191,internet_facing,0.09089319
resource_constrained,simulation_base_spread_rate,low,90000106,internet_facing,0.0927973
resource_constrained,simulation_base_spread_rate,low,90000071,internet_facing,0.09393462
resource_constrained,simulation_base_spread_rate,low,90000196,internet_facing,0.09500903
resource_constrained,simulation_base_spread_rate,low,90000281,internet_facing,0.09513816
resource_constrained,simulation_base_spread_rate,low,90000021,internet_facing,0.09727757
resource_constrained,simulation_base_spread_rate,low,90000026,internet_facing,0.09744555
resource_constrained,simulation_base_spread_rate,low,90000296,internet_facing,0.09832176
resource_constrained,simulation_base_spread_rate,low,90000301,internet_facing,0.09866906
resource_constrained,simulation_base_spread_rate,low,90000361,internet_facing,0.10268878
resource_constrained,simulation_base_spread_rate,low,90000231,internet_facing,0.1044865
resource_constrained,simulation_base_spread_rate,low,90000391,internet_facing,0.10574986
resource_constrained,simulation_base_spread_rate,low,90000321,internet_facing,0.10715079
resource_constrained,simulation_base_spread_rate,low,90000351,internet_facing,0.10790461
resource_constrained,simulation_base_spread_rate,low,90000358,medical_device,0.07127365
resource_constrained,simulation_base_spread_rate,low,90000368,medical_device,0.07213259
resource_constrained,simulation_base_spread_rate,low,90000228,medical_device,0.07297247
resource_constrained,simulation_base_spread_rate,low,90000258,medical_device,0.07563464
resource_constrained,simulation_base_spread_rate,low,90000363,medical_device,0.0756984
resource_constrained,simulation_base_spread_rate,low,90000218,medical_device,0.07965882
resource_constrained,simulation_base_spread_rate,low,90000073,medical_device,0.08183107
resource_constrained,simulation_base_spread_rate,low,90000248,medical_device,0.08211273
resource_constrained,simulation_base_spread_rate,low,90000153,medical_device,0.08350015
resource_constrained,simulation_base_spread_rate,low,90000123,medical_device,0.08450776
resource_constrained,simulation_base_spread_rate,low,90000288,medical_device,0.08476888
resource_constrained,simulation_base_spread_rate,low,90000393,medical_device,0.08601452
resource_constrained,simulation_base_spread_rate,low,90000333,medical_device,0.0873306
resource_constrained,simulation_base_spread_rate,low,90000048,medical_device,0.0910509
resource_constrained,simulation_base_spread_rate,low,90000138,medical_device,0.09186707
resource_constrained,simulation_base_spread_rate,low,90000018,medical_device,0.09219325
resource_constrained,simulation_base_spread_rate,low,90000143,medical_device,0.09235521
resource_constrained,simulation_base_spread_rate,low,90000253,medical_device,0.09411374
resource_constrained,simulation_base_spread_rate,low,90000338,medical_device,0.09671595
resource_constrained,simulation_base_spread_rate,low,90000128,medical_device,0.09915436
resource_constrained,simulation_base_spread_rate,low,90000383,medical_device,0.10111295
resource_constrained,simulation_base_spread_rate,low,90000188,medical_device,0.10249463
resource_constrained,simulation_base_spread_rate,low,90000063,medical_device,0.10385348
resource_constrained,simulation_base_spread_rate,low,90000303,medical_device,0.10426434
resource_constrained,simulation_base_spread_rate,low,90000278,medical_device,0.10708152
resource_constrained,simulation_base_spread_rate,low,90000348,medical_device,0.10907093
resource_constrained,simulation_base_spread_rate,low,90000027,privileged_system,0.07497763
resource_constrained,simulation_base_spread_rate,low,90000237,privileged_system,0.07619986
resource_constrained,simulation_base_spread_rate,low,90000217,privileged_system,0.0766894
resource_constrained,simulation_base_spread_rate,low,90000192,privileged_system,0.07738125
resource_constrained,simulation_base_spread_rate,low,90000247,privileged_system,0.08312998
resource_constrained,simulation_base_spread_rate,low,90000087,privileged_system,0.08434758
resource_constrained,simulation_base_spread_rate,low,90000097,privileged_system,0.08667467
resource_constrained,simulation_base_spread_rate,low,90000197,privileged_system,0.0881704
resource_constrained,simulation_base_spread_rate,low,90000137,privileged_system,0.09298233
resource_constrained,simulation_base_spread_rate,low,90000322,privileged_system,0.09729028
resource_constrained,simulation_base_spread_rate,low,90000327,privileged_system,0.10036744
resource_constrained,simulation_base_spread_rate,low,90000107,privileged_system,0.10404057
resource_constrained,simulation_base_spread_rate,low,90000392,privileged_system,0.10581624
resource_constrained,simulation_base_spread_rate,low,90000112,privileged_system,0.10907852
resource_constrained,simulation_base_spread_rate,low,90000377,privileged_system,0.10919893
resource_constrained,simulation_base_spread_rate,low,90000357,privileged_system,0.10922089
resource_constrained,simulation_base_spread_rate,low,90000077,privileged_system,0.11012065
resource_constrained,simulation_base_spread_rate,low,90000152,privileged_system,0.11102795
resource_constrained,simulation_base_spread_rate,low,90000182,privileged_system,0.11228899
resource_constrained,simulation_base_spread_rate,low,90000232,privileged_system,0.11244908
resource_constrained,simulation_base_spread_rate,low,90000207,privileged_system,0.11361176
resource_constrained,simulation_base_spread_rate,low,90000042,privileged_system,0.11470095
resource_constrained,simulation_base_spread_rate,low,90000127,privileged_system,0.11473345
resource_constrained,simulation_base_spread_rate,low,90000312,privileged_system,0.11513956
resource_constrained,simulation_base_spread_rate,low,90000002,privileged_system,0.11773004
resource_constrained,simulation_base_spread_rate,low,90000102,privileged_system,0.12160726
resource_constrained,simulation_base_spread_rate,low,90000109,vendor_connection,0.07462703
resource_constrained,simulation_base_spread_rate,low,90000264,vendor_connection,0.07518841
resource_constrained,simulation_base_spread_rate,low,90000184,vendor_connection,0.07521557
resource_constrained,simulation_base_spread_rate,low,90000104,vendor_connection,0.07571412
resource_constrained,simulation_base_spread_rate,low,90000379,vendor_connection,0.07772075
resource_constrained,simulation_base_spread_rate,low,90000324,vendor_connection,0.07881254
resource_constrained,simulation_base_spread_rate,low,90000239,vendor_connection,0.08208369
resource_constrained,simulation_base_spread_rate,low,90000389,vendor_connection,0.08293297
resource_constrained,simulation_base_spread_rate,low,90000139,vendor_connection,0.0867206
resource_constrained,simulation_base_spread_rate,low,90000009,vendor_connection,0.08702046
resource_constrained,simulation_base_spread_rate,low,90000399,vendor_connection,0.08858636
resource_constrained,simulation_base_spread_rate,low,90000179,vendor_connection,0.08963951
resource_constrained,simulation_base_spread_rate,low,90000189,vendor_connection,0.0943623
resource_constrained,simulation_base_spread_rate,low,90000099,vendor_connection,0.09476919
resource_constrained,simulation_base_spread_rate,low,90000299,vendor_connection,0.09503991
resource_constrained,simulation_base_spread_rate,low,90000049,vendor_connection,0.09596629
resource_constrained,simulation_base_spread_rate,low,90000364,vendor_connection,0.09641156
resource_constrained,simulation_base_spread_rate,low,90000074,vendor_connection,0.09744056
resource_constrained,simulation_base_spread_rate,low,90000274,vendor_connection,0.09774129
resource_constrained,simulation_base_spread_rate,low,90000199,vendor_connection,0.09966023
resource_constrained,simulation_base_spread_rate,low,90000394,vendor_connection,0.0997533
resource_constrained,simulation_base_spread_rate,low,90000384,vendor_connection,0.10197583
resource_constrained,simulation_base_spread_rate,low,90000319,vendor_connection,0.10241165
resource_constrained,simulation_base_spread_rate,low,90000334,vendor_connection,0.1052827
resource_constrained,simulation_base_spread_rate,low,90000204,vendor_connection,0.10536908
resource_constrained,simulation_base_spread_rate,low,90000254,vendor_connection,0.11062064
resource_constrained,simulation_base_spread_rate,low,90000040,workstation,0.07062273
resource_constrained,simulation_base_spread_rate,low,90000375,workstation,0.07189993
resource_constrained,simulation_base_spread_rate,low,90000160,workstation,0.07308752
resource_constrained,simulation_base_spread_rate,low,90000010,workstation,0.07327505
resource_constrained,simulation_base_spread_rate,low,90000180,workstation,0.07505492
resource_constrained,simulation_base_spread_rate,low,90000240,workstation,0.0755373
resource_constrained,simulation_base_spread_rate,low,90000060,workstation,0.07673307
resource_constrained,simulation_base_spread_rate,low,90000325,workstation,0.07806646
resource_constrained,simulation_base_spread_rate,low,90000265,workstation,0.0790963
resource_constrained,simulation_base_spread_rate,low,90000005,workstation,0.07992341
resource_constrained,simulation_base_spread_rate,low,90000275,workstation,0.08227055
resource_constrained,simulation_base_spread_rate,low,90000100,workstation,0.08247383
resource_constrained,simulation_base_spread_rate,low,90000190,workstation,0.08408159
resource_constrained,simulation_base_spread_rate,low,90000245,workstation,0.08770194
resource_constrained,simulation_base_spread_rate,low,90000360,workstation,0.08803723
resource_constrained,simulation_base_spread_rate,low,90000025,workstation,0.08808788
resource_constrained,simulation_base_spread_rate,low,90000380,workstation,0.08934295
resource_constrained,simulation_base_spread_rate,low,90000075,workstation,0.09322696
resource_constrained,simulation_base_spread_rate,low,90000300,workstation,0.09406183
resource_constrained,simulation_base_spread_rate,low,90000295,workstation,0.1008464
resource_constrained,simulation_base_spread_rate,low,90000035,workstation,0.10125244
resource_constrained,simulation_base_spread_rate,low,90000250,workstation,0.10151501
resource_constrained,simulation_base_spread_rate,low,90000195,workstation,0.10335219
resource_constrained,simulation_base_spread_rate,low,90000200,workstation,0.10343443
resource_constrained,simulation_base_spread_rate,low,90000155,workstation,0.10427796
resource_constrained,simulation_base_spread_rate,low,90000260,workstation,0.10760493
resource_constrained,simulation_base_spread_rate,high,90000366,internet_facing,0.16202149
resource_constrained,simulation_base_spread_rate,high,90000036,internet_facing,0.16264815
resource_constrained,simulation_base_spread_rate,high,90000116,internet_facing,0.16290386
resource_constrained,simulation_base_spread_rate,high,90000306,internet_facing,0.16463406
resource_constrained,simulation_base_spread_rate,high,90000101,internet_facing,0.1669287
resource_constrained,simulation_base_spread_rate,high,90000136,internet_facing,0.16693832
resource_constrained,simulation_base_spread_rate,high,90000006,internet_facing,0.1693159
resource_constrained,simulation_base_spread_rate,high,90000286,internet_facing,0.17015069
resource_constrained,simulation_base_spread_rate,high,90000346,internet_facing,0.17165562
resource_constrained,simulation_base_spread_rate,high,90000211,internet_facing,0.17437795
resource_constrained,simulation_base_spread_rate,high,90000126,internet_facing,0.17439452
resource_constrained,simulation_base_spread_rate,high,90000216,internet_facing,0.17482047
resource_constrained,simulation_base_spread_rate,high,90000226,internet_facing,0.17511847
resource_constrained,simulation_base_spread_rate,high,90000371,internet_facing,0.17531463
resource_constrained,simulation_base_spread_rate,high,90000331,internet_facing,0.17720469
resource_constrained,simulation_base_spread_rate,high,90000146,internet_facing,0.17737859
resource_constrained,simulation_base_spread_rate,high,90000181,internet_facing,0.17883786
resource_constrained,simulation_base_spread_rate,high,90000056,internet_facing,0.18037098
resource_constrained,simulation_base_spread_rate,high,90000221,internet_facing,0.18070171
resource_constrained,simulation_base_spread_rate,high,90000206,internet_facing,0.1826497
resource_constrained,simulation_base_spread_rate,high,90000316,internet_facing,0.18321392
resource_constrained,simulation_base_spread_rate,high,90000336,internet_facing,0.18689068
resource_constrained,simulation_base_spread_rate,high,90000081,internet_facing,0.18884324
resource_constrained,simulation_base_spread_rate,high,90000201,internet_facing,0.19172676
resource_constrained,simulation_base_spread_rate,high,90000251,internet_facing,0.19713935
resource_constrained,simulation_base_spread_rate,high,90000151,internet_facing,0.19996947
resource_constrained,simulation_base_spread_rate,high,90000273,medical_device,0.16037648
resource_constrained,simulation_base_spread_rate,high,90000388,medical_device,0.16162507
resource_constrained,simulation_base_spread_rate,high,90000003,medical_device,0.16290659
resource_constrained,simulation_base_spread_rate,high,90000098,medical_device,0.16318047
resource_constrained,simulation_base_spread_rate,high,90000193,medical_device,0.16436171
resource_constrained,simulation_base_spread_rate,high,90000008,medical_device,0.16542658
resource_constrained,simulation_base_spread_rate,high,90000158,medical_device,0.16609214
resource_constrained,simulation_base_spread_rate,high,90000028,medical_device,0.16739667
resource_constrained,simulation_base_spread_rate,high,90000373,medical_device,0.16824513
resource_constrained,simulation_base_spread_rate,high,90000238,medical_device,0.1747725
resource_constrained,simulation_base_spread_rate,high,90000053,medical_device,0.17537219
resource_constrained,simulation_base_spread_rate,high,90000088,medical_device,0.17970674
resource_constrained,simulation_base_spread_rate,high,90000198,medical_device,0.18058076
resource_constrained,simulation_base_spread_rate,high,90000203,medical_device,0.1849259
resource_constrained,simulation_base_spread_rate,high,90000223,medical_device,0.18510432
resource_constrained,simulation_base_spread_rate,high,90000233,medical_device,0.18545764
resource_constrained,simulation_base_spread_rate,high,90000058,medical_device,0.1874707
resource_constrained,simulation_base_spread_rate,high,90000398,medical_device,0.18928293
resource_constrained,simulation_base_spread_rate,high,90000078,medical_device,0.18997968
resource_constrained,simulation_base_spread_rate,high,90000208,medical_device,0.19060566
resource_constrained,simulation_base_spread_rate,high,90000113,medical_device,0.19270189
resource_constrained,simulation_base_spread_rate,high,90000378,medical_device,0.19342451
resource_constrained,simulation_base_spread_rate,high,90000268,medical_device,0.19379602
resource_constrained,simulation_base_spread_rate,high,90000283,medical_device,0.19492821
resource_constrained,simulation_base_spread_rate,high,90000173,medical_device,0.19520618
resource_constrained,simulation_base_spread_rate,high,90000353,medical_device,0.19958119
resource_constrained,simulation_base_spread_rate,high,90000202,privileged_system,0.17375382
resource_constrained,simulation_base_spread_rate,high,90000297,privileged_system,0.17433356
resource_constrained,simulation_base_spread_rate,high,90000117,privileged_system,0.17486577
resource_constrained,simulation_base_spread_rate,high,90000122,privileged_system,0.17494631
resource_constrained,simulation_base_spread_rate,high,90000337,privileged_system,0.17562985
resource_constrained,simulation_base_spread_rate,high,90000017,privileged_system,0.17731569
resource_constrained,simulation_base_spread_rate,high,90000062,privileged_system,0.17748188
resource_constrained,simulation_base_spread_rate,high,90000362,privileged_system,0.17866409
resource_constrained,simulation_base_spread_rate,high,90000307,privileged_system,0.17943143
resource_constrained,simulation_base_spread_rate,high,90000262,privileged_system,0.18135431
resource_constrained,simulation_base_spread_rate,high,90000157,privileged_system,0.18547662
resource_constrained,simulation_base_spread_rate,high,90000187,privileged_system,0.18602962
resource_constrained,simulation_base_spread_rate,high,90000372,privileged_system,0.18637838
resource_constrained,simulation_base_spread_rate,high,90000302,privileged_system,0.18682269
resource_constrained,simulation_base_spread_rate,high,90000047,privileged_system,0.18736047
resource_constrained,simulation_base_spread_rate,high,90000272,privileged_system,0.18806098
resource_constrained,simulation_base_spread_rate,high,90000242,privileged_system,0.18830616
resource_constrained,simulation_base_spread_rate,high,90000227,privileged_system,0.1886503
resource_constrained,simulation_base_spread_rate,high,90000067,privileged_system,0.18873084
resource_constrained,simulation_base_spread_rate,high,90000382,privileged_system,0.18874348
resource_constrained,simulation_base_spread_rate,high,90000212,privileged_system,0.19169847
resource_constrained,simulation_base_spread_rate,high,90000267,privileged_system,0.19198412
resource_constrained,simulation_base_spread_rate,high,90000342,privileged_system,0.19225846
resource_constrained,simulation_base_spread_rate,high,90000072,privileged_system,0.19335256
resource_constrained,simulation_base_spread_rate,high,90000257,privileged_system,0.19769202
resource_constrained,simulation_base_spread_rate,high,90000277,privileged_system,0.19862834
resource_constrained,simulation_base_spread_rate,high,90000209,vendor_connection,0.14931404
resource_constrained,simulation_base_spread_rate,high,90000134,vendor_connection,0.14982406
resource_constrained,simulation_base_spread_rate,high,90000124,vendor_connection,0.14985336
resource_constrained,simulation_base_spread_rate,high,90000214,vendor_connection,0.15103924
resource_constrained,simulation_base_spread_rate,high,90000224,vendor_connection,0.15421499
resource_constrained,simulation_base_spread_rate,high,90000354,vendor_connection,0.15790881
resource_constrained,simulation_base_spread_rate,high,90000084,vendor_connection,0.1704273
resource_constrained,simulation_base_spread_rate,high,90000169,vendor_connection,0.17052458
resource_constrained,simulation_base_spread_rate,high,90000114,vendor_connection,0.17123003
resource_constrained,simulation_base_spread_rate,high,90000144,vendor_connection,0.17204444
resource_constrained,simulation_base_spread_rate,high,90000019,vendor_connection,0.17682063
resource_constrained,simulation_base_spread_rate,high,90000119,vendor_connection,0.17715152
resource_constrained,simulation_base_spread_rate,high,90000029,vendor_connection,0.17759766
resource_constrained,simulation_base_spread_rate,high,90000244,vendor_connection,0.17835781
resource_constrained,simulation_base_spread_rate,high,90000174,vendor_connection,0.17937139
resource_constrained,simulation_base_spread_rate,high,90000294,vendor_connection,0.18038607
resource_constrained,simulation_base_spread_rate,high,90000044,vendor_connection,0.18056236
resource_constrained,simulation_base_spread_rate,high,90000234,vendor_connection,0.18187465
resource_constrained,simulation_base_spread_rate,high,90000194,vendor_connection,0.18517086
resource_constrained,simulation_base_spread_rate,high,90000349,vendor_connection,0.18563237
resource_constrained,simulation_base_spread_rate,high,90000039,vendor_connection,0.18571877
resource_constrained,simulation_base_spread_rate,high,90000094,vendor_connection,0.19237971
resource_constrained,simulation_base_spread_rate,high,90000309,vendor_connection,0.19583383
resource_constrained,simulation_base_spread_rate,high,90000159,vendor_connection,0.19858055
resource_constrained,simulation_base_spread_rate,high,90000289,vendor_connection,0.19911636
resource_constrained,simulation_base_spread_rate,high,90000054,vendor_connection,0.19952272
resource_constrained,simulation_base_spread_rate,high,90000345,workstation,0.1626988
resource_constrained,simulation_base_spread_rate,high,90000115,workstation,0.16288158
resource_constrained,simulation_base_spread_rate,high,90000145,workstation,0.16360676
resource_constrained,simulation_base_spread_rate,high,90000290,workstation,0.16464305
resource_constrained,simulation_base_spread_rate,high,90000350,workstation,0.16788209
resource_constrained,simulation_base_spread_rate,high,90000390,workstation,0.17272121
resource_constrained,simulation_base_spread_rate,high,90000280,workstation,0.17455284
resource_constrained,simulation_base_spread_rate,high,90000305,workstation,0.17659708
resource_constrained,simulation_base_spread_rate,high,90000310,workstation,0.17774209
resource_constrained,simulation_base_spread_rate,high,90000355,workstation,0.17865004
resource_constrained,simulation_base_spread_rate,high,90000095,workstation,0.18048378
resource_constrained,simulation_base_spread_rate,high,90000120,workstation,0.18123688
resource_constrained,simulation_base_spread_rate,high,90000235,workstation,0.18174054
resource_constrained,simulation_base_spread_rate,high,90000185,workstation,0.18242195
resource_constrained,simulation_base_spread_rate,high,90000255,workstation,0.18356036
resource_constrained,simulation_base_spread_rate,high,90000135,workstation,0.18368632
resource_constrained,simulation_base_spread_rate,high,90000150,workstation,0.18462029
resource_constrained,simulation_base_spread_rate,high,90000320,workstation,0.186377
resource_constrained,simulation_base_spread_rate,high,90000125,workstation,0.18913956
resource_constrained,simulation_base_spread_rate,high,90000000,workstation,0.18995282
resource_constrained,simulation_base_spread_rate,high,90000270,workstation,0.1925526
resource_constrained,simulation_base_spread_rate,high,90000050,workstation,0.19559944
resource_constrained,simulation_base_spread_rate,high,90000045,workstation,0.19747526
resource_constrained,simulation_base_spread_rate,high,90000175,workstation,0.19873003
resource_constrained,simulation_base_spread_rate,high,90000015,workstation,0.19948567
resource_constrained,simulation_base_spread_rate,high,90000110,workstation,0.19977687
resource_constrained,simulation_false_positive_rate,low,90000391,internet_facing,0.0002172
resource_constrained,simulation_false_positive_rate,low,90000156,internet_facing,0.00023234
resource_constrained,simulation_false_positive_rate,low,90000066,internet_facing,0.00024399
resource_constrained,simulation_false_positive_rate,low,90000146,internet_facing,0.000246
resource_constrained,simulation_false_positive_rate,low,90000191,internet_facing,0.00025126
resource_constrained,simulation_false_positive_rate,low,90000076,internet_facing,0.00030727
resource_constrained,simulation_false_positive_rate,low,90000226,internet_facing,0.00033003
resource_constrained,simulation_false_positive_rate,low,90000361,internet_facing,0.00034494
resource_constrained,simulation_false_positive_rate,low,90000151,internet_facing,0.0003501
resource_constrained,simulation_false_positive_rate,low,90000101,internet_facing,0.00038377
resource_constrained,simulation_false_positive_rate,low,90000046,internet_facing,0.00042182
resource_constrained,simulation_false_positive_rate,low,90000121,internet_facing,0.00042655
resource_constrained,simulation_false_positive_rate,low,90000336,internet_facing,0.0004335
resource_constrained,simulation_false_positive_rate,low,90000301,internet_facing,0.00050959
resource_constrained,simulation_false_positive_rate,low,90000341,internet_facing,0.00051127
resource_constrained,simulation_false_positive_rate,low,90000376,internet_facing,0.0005115
resource_constrained,simulation_false_positive_rate,low,90000181,internet_facing,0.00051609
resource_constrained,simulation_false_positive_rate,low,90000051,internet_facing,0.00052067
resource_constrained,simulation_false_positive_rate,low,90000291,internet_facing,0.00052755
resource_constrained,simulation_false_positive_rate,low,90000201,internet_facing,0.00060934
resource_constrained,simulation_false_positive_rate,low,90000041,internet_facing,0.00066542
resource_constrained,simulation_false_positive_rate,low,90000356,internet_facing,0.00068905
resource_constrained,simulation_false_positive_rate,low,90000031,internet_facing,0.00076557
resource_constrained,simulation_false_positive_rate,low,90000296,internet_facing,0.00079857
resource_constrained,simulation_false_positive_rate,low,90000111,internet_facing,0.00083404
resource_constrained,simulation_false_positive_rate,low,90000216,internet_facing,0.00084775
resource_constrained,simulation_false_positive_rate,low,90000088,medical_device,0.00020235
resource_constrained,simulation_false_positive_rate,low,90000213,medical_device,0.00021588
resource_constrained,simulation_false_positive_rate,low,90000038,medical_device,0.00023407
resource_constrained,simulation_false_positive_rate,low,90000053,medical_device,0.00025396
resource_constrained,simulation_false_positive_rate,low,90000128,medical_device,0.00031174
resource_constrained,simulation_false_positive_rate,low,90000338,medical_device,0.00032077
resource_constrained,simulation_false_positive_rate,low,90000303,medical_device,0.00034765
resource_constrained,simulation_false_positive_rate,low,90000073,medical_device,0.00034798
resource_constrained,simulation_false_positive_rate,low,90000163,medical_device,0.00036378
resource_constrained,simulation_false_positive_rate,low,90000018,medical_device,0.00037426
resource_constrained,simulation_false_positive_rate,low,90000153,medical_device,0.0003992
resource_constrained,simulation_false_positive_rate,low,90000173,medical_device,0.0004032
resource_constrained,simulation_false_positive_rate,low,90000253,medical_device,0.00041618
resource_constrained,simulation_false_positive_rate,low,90000293,medical_device,0.00042915
resource_constrained,simulation_false_positive_rate,low,90000143,medical_device,0.00047231
resource_constrained,simulation_false_positive_rate,low,90000063,medical_device,0.00047769
resource_constrained,simulation_false_positive_rate,low,90000093,medical_device,0.00050951
resource_constrained,simulation_false_positive_rate,low,90000328,medical_device,0.00051537
resource_constrained,simulation_false_positive_rate,low,90000268,medical_device,0.0005344
resource_constrained,simulation_false_positive_rate,low,90000368,medical_device,0.00055735
resource_constrained,simulation_false_positive_rate,low,90000103,medical_device,0.00060096
resource_constrained,simulation_false_positive_rate,low,90000148,medical_device,0.00061652
resource_constrained,simulation_false_positive_rate,low,90000033,medical_device,0.00065188
resource_constrained,simulation_false_positive_rate,low,90000248,medical_device,0.00066005
resource_constrained,simulation_false_positive_rate,low,90000273,medical_device,0.00069709
resource_constrained,simulation_false_positive_rate,low,90000083,medical_device,0.00072331
resource_constrained,simulation_false_positive_rate,low,90000257,privileged_system,0.00021565
resource_constrained,simulation_false_positive_rate,low,90000222,privileged_system,0.00022511
resource_constrained,simulation_false_positive_rate,low,90000382,privileged_system,0.00022926
resource_constrained,simulation_false_positive_rate,low,90000262,privileged_system,0.00026034
resource_constrained,simulation_false_positive_rate,low,90000352,privileged_system,0.00026153
resource_constrained,simulation_false_positive_rate,low,90000372,privileged_system,0.00030198
resource_constrained,simulation_false_positive_rate,low,90000057,privileged_system,0.00039157
resource_constrained,simulation_false_positive_rate,low,90000082,privileged_system,0.00041286
resource_constrained,simulation_false_positive_rate,low,90000157,privileged_system,0.00043153
resource_constrained,simulation_false_positive_rate,low,90000067,privileged_system,0.00044696
resource_constrained,simulation_false_positive_rate,low,90000267,privileged_system,0.00047042
resource_constrained,simulation_false_positive_rate,low,90000112,privileged_system,0.00047433
resource_constrained,simulation_false_positive_rate,low,90000187,privileged_system,0.00048541
resource_constrained,simulation_false_positive_rate,low,90000342,privileged_system,0.00049597
resource_constrained,simulation_false_positive_rate,low,90000297,privileged_system,0.00052868
resource_constrained,simulation_false_positive_rate,low,90000087,privileged_system,0.00053952
resource_constrained,simulation_false_positive_rate,low,90000172,privileged_system,0.00060105
resource_constrained,simulation_false_positive_rate,low,90000347,privileged_system,0.00061359
resource_constrained,simulation_false_positive_rate,low,90000017,privileged_system,0.00062873
resource_constrained,simulation_false_positive_rate,low,90000227,privileged_system,0.00063196
resource_constrained,simulation_false_positive_rate,low,90000107,privileged_system,0.00063337
resource_constrained,simulation_false_positive_rate,low,90000152,privileged_system,0.00070134
resource_constrained,simulation_false_positive_rate,low,90000277,privileged_system,0.00073166
resource_constrained,simulation_false_positive_rate,low,90000062,privileged_system,0.00073879
resource_constrained,simulation_false_positive_rate,low,90000167,privileged_system,0.00075714
resource_constrained,simulation_false_positive_rate,low,90000217,privileged_system,0.00076188
resource_constrained,simulation_false_positive_rate,low,90000259,vendor_connection,0.00020796
resource_constrained,simulation_false_positive_rate,low,90000039,vendor_connection,0.00029329
resource_constrained,simulation_false_positive_rate,low,90000269,vendor_connection,0.00031295
resource_constrained,simulation_false_positive_rate,low,90000344,vendor_connection,0.00031831
resource_constrained,simulation_false_positive_rate,low,90000359,vendor_connection,0.00032598
resource_constrained,simulation_false_positive_rate,low,90000199,vendor_connection,0.00032804
resource_constrained,simulation_false_positive_rate,low,90000289,vendor_connection,0.00037039
resource_constrained,simulation_false_positive_rate,low,90000319,vendor_connection,0.00037771
resource_constrained,simulation_false_positive_rate,low,90000149,vendor_connection,0.00045337
resource_constrained,simulation_false_positive_rate,low,90000254,vendor_connection,0.0004991
resource_constrained,simulation_false_positive_rate,low,90000164,vendor_connection,0.00050962
resource_constrained,simulation_false_positive_rate,low,90000144,vendor_connection,0.00051063
resource_constrained,simulation_false_positive_rate,low,90000139,vendor_connection,0.00052258
resource_constrained,simulation_false_positive_rate,low,90000184,vendor_connection,0.00064977
resource_constrained,simulation_false_positive_rate,low,90000104,vendor_connection,0.00065582
resource_constrained,simulation_false_positive_rate,low,90000049,vendor_connection,0.00065608
resource_constrained,simulation_false_positive_rate,low,90000044,vendor_connection,0.00065758
resource_constrained,simulation_false_positive_rate,low,90000299,vendor_connection,0.00071296
resource_constrained,simulation_false_positive_rate,low,90000134,vendor_connection,0.00072314
resource_constrained,simulation_false_positive_rate,low,90000229,vendor_connection,0.00084032
resource_constrained,simulation_false_positive_rate,low,90000239,vendor_connection,0.00084383
resource_constrained,simulation_false_positive_rate,low,90000324,vendor_connection,0.0008557
resource_constrained,simulation_false_positive_rate,low,90000069,vendor_connection,0.00086688
resource_constrained,simulation_false_positive_rate,low,90000349,vendor_connection,0.00087678
resource_constrained,simulation_false_positive_rate,low,90000019,vendor_connection,0.00087882
resource_constrained,simulation_false_positive_rate,low,90000224,vendor_connection,0.00089346
resource_constrained,simulation_false_positive_rate,low,90000335,workstation,0.0002213
resource_constrained,simulation_false_positive_rate,low,90000320,workstation,0.00026457
resource_constrained,simulation_false_positive_rate,low,90000090,workstation,0.00028235
resource_constrained,simulation_false_positive_rate,low,90000070,workstation,0.0002906
resource_constrained,simulation_false_positive_rate,low,90000120,workstation,0.00029889
resource_constrained,simulation_false_positive_rate,low,90000150,workstation,0.00032389
resource_constrained,simulation_false_positive_rate,low,90000285,workstation,0.00035203
resource_constrained,simulation_false_positive_rate,low,90000010,workstation,0.00038312
resource_constrained,simulation_false_positive_rate,low,90000030,workstation,0.00039499
resource_constrained,simulation_false_positive_rate,low,90000095,workstation,0.00039543
resource_constrained,simulation_false_positive_rate,low,90000365,workstation,0.00039555
resource_constrained,simulation_false_positive_rate,low,90000205,workstation,0.00039897
resource_constrained,simulation_false_positive_rate,low,90000110,workstation,0.00043263
resource_constrained,simulation_false_positive_rate,low,90000060,workstation,0.00043552
resource_constrained,simulation_false_positive_rate,low,90000025,workstation,0.00044263
resource_constrained,simulation_false_positive_rate,low,90000105,workstation,0.00047778
resource_constrained,simulation_false_positive_rate,low,90000160,workstation,0.00048102
resource_constrained,simulation_false_positive_rate,low,90000315,workstation,0.00048793
resource_constrained,simulation_false_positive_rate,low,90000305,workstation,0.00050297
resource_constrained,simulation_false_positive_rate,low,90000265,workstation,0.00052211
resource_constrained,simulation_false_positive_rate,low,90000385,workstation,0.00053476
resource_constrained,simulation_false_positive_rate,low,90000345,workstation,0.00054118
resource_constrained,simulation_false_positive_rate,low,90000075,workstation,0.00057123
resource_constrained,simulation_false_positive_rate,low,90000390,workstation,0.00061701
resource_constrained,simulation_false_positive_rate,low,90000255,workstation,0.00065979
resource_constrained,simulation_false_positive_rate,low,90000135,workstation,0.00067192
resource_constrained,simulation_false_positive_rate,high,90000071,internet_facing,0.00147358
resource_constrained,simulation_false_positive_rate,high,90000256,internet_facing,0.00148459
resource_constrained,simulation_false_positive_rate,high,90000206,internet_facing,0.00152336
resource_constrained,simulation_false_positive_rate,high,90000261,internet_facing,0.00154939
resource_constrained,simulation_false_positive_rate,high,90000381,internet_facing,0.00156666
resource_constrained,simulation_false_positive_rate,high,90000116,internet_facing,0.00159021
resource_constrained,simulation_false_positive_rate,high,90000346,internet_facing,0.00161332
resource_constrained,simulation_false_positive_rate,high,90000126,internet_facing,0.00162783
resource_constrained,simulation_false_positive_rate,high,90000311,internet_facing,0.00162787
resource_constrained,simulation_false_positive_rate,high,90000221,internet_facing,0.00163882
resource_constrained,simulation_false_positive_rate,high,90000091,internet_facing,0.00164472
resource_constrained,simulation_false_positive_rate,high,90000321,internet_facing,0.00170361
resource_constrained,simulation_false_positive_rate,high,90000236,internet_facing,0.00175972
resource_constrained,simulation_false_positive_rate,high,90000131,internet_facing,0.00177505
resource_constrained,simulation_false_positive_rate,high,90000386,internet_facing,0.00180916
resource_constrained,simulation_false_positive_rate,high,90000016,internet_facing,0.00181164
resource_constrained,simulation_false_positive_rate,high,90000036,internet_facing,0.00182197
resource_constrained,simulation_false_positive_rate,high,90000331,internet_facing,0.001826
resource_constrained,simulation_false_positive_rate,high,90000171,internet_facing,0.0018445
resource_constrained,simulation_false_positive_rate,high,90000271,internet_facing,0.00188711
resource_constrained,simulation_false_positive_rate,high,90000286,internet_facing,0.00191553
resource_constrained,simulation_false_positive_rate,high,90000011,internet_facing,0.0019184
resource_constrained,simulation_false_positive_rate,high,90000306,internet_facing,0.00194324
resource_constrained,simulation_false_positive_rate,high,90000251,internet_facing,0.00194434
resource_constrained,simulation_false_positive_rate,high,90000176,internet_facing,0.00194449
resource_constrained,simulation_false_positive_rate,high,90000396,internet_facing,0.0019572
resource_constrained,simulation_false_positive_rate,high,90000058,medical_device,0.00136752
resource_constrained,simulation_false_positive_rate,high,90000363,medical_device,0.00143253
resource_constrained,simulation_false_positive_rate,high,90000208,medical_device,0.00147709
resource_constrained,simulation_false_positive_rate,high,90000258,medical_device,0.00151276
resource_constrained,simulation_false_positive_rate,high,90000373,medical_device,0.00151339
resource_constrained,simulation_false_positive_rate,high,90000358,medical_device,0.00154189
resource_constrained,simulation_false_positive_rate,high,90000263,medical_device,0.00156808
resource_constrained,simulation_false_positive_rate,high,90000388,medical_device,0.00157402
resource_constrained,simulation_false_positive_rate,high,90000378,medical_device,0.00158265
resource_constrained,simulation_false_positive_rate,high,90000198,medical_device,0.00159617
resource_constrained,simulation_false_positive_rate,high,90000323,medical_device,0.00160109
resource_constrained,simulation_false_positive_rate,high,90000243,medical_device,0.00161234
resource_constrained,simulation_false_positive_rate,high,90000233,medical_device,0.00162221
resource_constrained,simulation_false_positive_rate,high,90000238,medical_device,0.00163365
resource_constrained,simulation_false_positive_rate,high,90000183,medical_device,0.00170742
resource_constrained,simulation_false_positive_rate,high,90000028,medical_device,0.0017083
resource_constrained,simulation_false_positive_rate,high,90000318,medical_device,0.00171506
resource_constrained,simulation_false_positive_rate,high,90000283,medical_device,0.00172974
resource_constrained,simulation_false_positive_rate,high,90000068,medical_device,0.00172998
resource_constrained,simulation_false_positive_rate,high,90000223,medical_device,0.00184164
resource_constrained,simulation_false_positive_rate,high,90000138,medical_device,0.00188022
resource_constrained,simulation_false_positive_rate,high,90000353,medical_device,0.00192993
resource_constrained,simulation_false_positive_rate,high,90000288,medical_device,0.00194079
resource_constrained,simulation_false_positive_rate,high,90000333,medical_device,0.00195805
resource_constrained,simulation_false_positive_rate,high,90000123,medical_device,0.0019593
resource_constrained,simulation_false_positive_rate,high,90000203,medical_device,0.00197063
resource_constrained,simulation_false_positive_rate,high,90000247,privileged_system,0.00127586
resource_constrained,simulation_false_positive_rate,high,90000042,privileged_system,0.00133152
resource_constrained,simulation_false_positive_rate,high,90000072,privileged_system,0.00135187
resource_constrained,simulation_false_positive_rate,high,90000142,privileged_system,0.00142494
resource_constrained,simulation_false_positive_rate,high,90000052,privileged_system,0.00149153
resource_constrained,simulation_false_positive_rate,high,90000302,privileged_system,0.00150672
resource_constrained,simulation_false_positive_rate,high,90000122,privileged_system,0.00151721
resource_constrained,simulation_false_positive_rate,high,90000327,privileged_system,0.00153092
resource_constrained,simulation_false_positive_rate,high,90000102,privileged_system,0.00153204
resource_constrained,simulation_false_positive_rate,high,90000077,privileged_system,0.00154277
resource_constrained,simulation_false_positive_rate,high,90000197,privileged_system,0.00155718
resource_constrained,simulation_false_positive_rate,high,90000317,privileged_system,0.00157272
resource_constrained,simulation_false_positive_rate,high,90000232,privileged_system,0.00160774
resource_constrained,simulation_false_positive_rate,high,90000002,privileged_system,0.00160918
resource_constrained,simulation_false_positive_rate,high,90000027,privileged_system,0.00161348
resource_constrained,simulation_false_positive_rate,high,90000012,privileged_system,0.00163119
resource_constrained,simulation_false_positive_rate,high,90000387,privileged_system,0.00170312
resource_constrained,simulation_false_positive_rate,high,90000282,privileged_system,0.00171581
resource_constrained,simulation_false_positive_rate,high,90000307,privileged_system,0.00173103
resource_constrained,simulation_false_positive_rate,high,90000207,privileged_system,0.00178307
resource_constrained,simulation_false_positive_rate,high,90000192,privileged_system,0.00178658
resource_constrained,simulation_false_positive_rate,high,90000117,privileged_system,0.00180352
resource_constrained,simulation_false_positive_rate,high,90000292,privileged_system,0.0018744
resource_constrained,simulation_false_positive_rate,high,90000132,privileged_system,0.00197303
resource_constrained,simulation_false_positive_rate,high,90000022,privileged_system,0.00197861
resource_constrained,simulation_false_positive_rate,high,90000377,privileged_system,0.00198788
resource_constrained,simulation_false_positive_rate,high,90000249,vendor_connection,0.00158336
resource_constrained,simulation_false_positive_rate,high,90000329,vendor_connection,0.0015933
resource_constrained,simulation_false_positive_rate,high,90000309,vendor_connection,0.00163087
resource_constrained,simulation_false_positive_rate,high,90000294,vendor_connection,0.00163289
resource_constrained,simulation_false_positive_rate,high,90000369,vendor_connection,0.00165486
resource_constrained,simulation_false_positive_rate,high,90000304,vendor_connection,0.00165736
resource_constrained,simulation_false_positive_rate,high,90000114,vendor_connection,0.00167466
resource_constrained,simulation_false_positive_rate,high,90000234,vendor_connection,0.00167805
resource_constrained,simulation_false_positive_rate,high,90000279,vendor_connection,0.00168434
resource_constrained,simulation_false_positive_rate,high,90000124,vendor_connection,0.00168922
resource_constrained,simulation_false_positive_rate,high,90000384,vendor_connection,0.00171296
resource_constrained,simulation_false_positive_rate,high,90000219,vendor_connection,0.00175138
resource_constrained,simulation_false_positive_rate,high,90000084,vendor_connection,0.00175723
resource_constrained,simulation_false_positive_rate,high,90000089,vendor_connection,0.00180595
resource_constrained,simulation_false_positive_rate,high,90000204,vendor_connection,0.00181375
resource_constrained,simulation_false_positive_rate,high,90000399,vendor_connection,0.00182025
resource_constrained,simulation_false_positive_rate,high,90000154,vendor_connection,0.00183338
resource_constrained,simulation_false_positive_rate,high,90000014,vendor_connection,0.00185668
resource_constrained,simulation_false_positive_rate,high,90000394,vendor_connection,0.00186802
resource_constrained,simulation_false_positive_rate,high,90000169,vendor_connection,0.00187774
resource_constrained,simulation_false_positive_rate,high,90000074,vendor_connection,0.00192015
resource_constrained,simulation_false_positive_rate,high,90000159,vendor_connection,0.0019403
resource_constrained,simulation_false_positive_rate,high,90000099,vendor_connection,0.0019585
resource_constrained,simulation_false_positive_rate,high,90000284,vendor_connection,0.00196617
resource_constrained,simulation_false_positive_rate,high,90000174,vendor_connection,0.00198459
resource_constrained,simulation_false_positive_rate,high,90000004,vendor_connection,0.00198814
resource_constrained,simulation_false_positive_rate,high,90000190,workstation,0.0014526
resource_constrained,simulation_false_positive_rate,high,90000240,workstation,0.0014684
resource_constrained,simulation_false_positive_rate,high,90000275,workstation,0.00148643
resource_constrained,simulation_false_positive_rate,high,90000290,workstation,0.00150181
resource_constrained,simulation_false_positive_rate,high,90000350,workstation,0.00154433
resource_constrained,simulation_false_positive_rate,high,90000295,workstation,0.00155588
resource_constrained,simulation_false_positive_rate,high,90000330,workstation,0.00157619
resource_constrained,simulation_false_positive_rate,high,90000050,workstation,0.00157822
resource_constrained,simulation_false_positive_rate,high,90000040,workstation,0.00159435
resource_constrained,simulation_false_positive_rate,high,90000100,workstation,0.00160617
resource_constrained,simulation_false_positive_rate,high,90000020,workstation,0.00167495
resource_constrained,simulation_false_positive_rate,high,90000310,workstation,0.00168647
resource_constrained,simulation_false_positive_rate,high,90000035,workstation,0.00173103
resource_constrained,simulation_false_positive_rate,high,90000235,workstation,0.00174721
resource_constrained,simulation_false_positive_rate,high,90000170,workstation,0.00178749
resource_constrained,simulation_false_positive_rate,high,90000270,workstation,0.00178749
resource_constrained,simulation_false_positive_rate,high,90000115,workstation,0.00179117
resource_constrained,simulation_false_positive_rate,high,90000355,workstation,0.0017937
resource_constrained,simulation_false_positive_rate,high,90000140,workstation,0.00182094
resource_constrained,simulation_false_positive_rate,high,90000340,workstation,0.00185388
resource_constrained,simulation_false_positive_rate,high,90000180,workstation,0.00186279
resource_constrained,simulation_false_positive_rate,high,90000165,workstation,0.00187456
resource_constrained,simulation_false_positive_rate,high,90000260,workstation,0.00189377
resource_constrained,simulation_false_positive_rate,high,90000005,workstation,0.00193684
resource_constrained,simulation_false_positive_rate,high,90000000,workstation,0.00197576
resource_constrained,simulation_false_positive_rate,high,90000130,workstation,0.0019963
resource_constrained,simulation_identity_breach_multiplier,low,90000361,internet_facing,1.10481403
resource_constrained,simulation_identity_breach_multiplier,low,90000296,internet_facing,1.11861554
resource_constrained,simulation_identity_breach_multiplier,low,90000091,internet_facing,1.14041252
resource_constrained,simulation_identity_breach_multiplier,low,90000081,internet_facing,1.141948
resource_constrained,simulation_identity_breach_multiplier,low,90000106,internet_facing,1.1511629
resource_constrained,simulation_identity_breach_multiplier,low,90000036,internet_facing,1.16443806
resource_constrained,simulation_identity_breach_multiplier,low,90000156,internet_facing,1.19200874
resource_constrained,simulation_identity_breach_multiplier,low,90000286,internet_facing,1.21441789
resource_constrained,simulation_identity_breach_multiplier,low,90000256,internet_facing,1.2196213
resource_constrained,simulation_identity_breach_multiplier,low,90000096,internet_facing,1.22598905
resource_constrained,simulation_identity_breach_multiplier,low,90000206,internet_facing,1.23801272
resource_constrained,simulation_identity_breach_multiplier,low,90000026,internet_facing,1.25262494
resource_constrained,simulation_identity_breach_multiplier,low,90000166,internet_facing,1.27435238
resource_constrained,simulation_identity_breach_multiplier,low,90000196,internet_facing,1.27864296
resource_constrained,simulation_identity_breach_multiplier,low,90000241,internet_facing,1.28339104
resource_constrained,simulation_identity_breach_multiplier,low,90000201,internet_facing,1.32460065
resource_constrained,simulation_identity_breach_multiplier,low,90000261,internet_facing,1.33317791
resource_constrained,simulation_identity_breach_multiplier,low,90000211,internet_facing,1.37533096
resource_constrained,simulation_identity_breach_multiplier,low,90000016,internet_facing,1.37975368
resource_constrained,simulation_identity_breach_multiplier,low,90000176,internet_facing,1.38448443
resource_constrained,simulation_identity_breach_multiplier,low,90000376,internet_facing,1.43116715
resource_constrained,simulation_identity_breach_multiplier,low,90000331,internet_facing,1.43277629
resource_constrained,simulation_identity_breach_multiplier,low,90000251,internet_facing,1.44915277
resource_constrained,simulation_identity_breach_multiplier,low,90000316,internet_facing,1.46817824
resource_constrained,simulation_identity_breach_multiplier,low,90000171,internet_facing,1.50722218
resource_constrained,simulation_identity_breach_multiplier,low,90000381,internet_facing,1.51047758
resource_constrained,simulation_identity_breach_multiplier,low,90000143,medical_device,1.16445126
resource_constrained,simulation_identity_breach_multiplier,low,90000088,medical_device,1.18080706
resource_constrained,simulation_identity_breach_multiplier,low,90000153,medical_device,1.20762099
resource_constrained,simulation_identity_breach_multiplier,low,90000173,medical_device,1.23727139
resource_constrained,simulation_identity_breach_multiplier,low,90000038,medical_device,1.32111351
resource_constrained,simulation_identity_breach_multiplier,low,90000078,medical_device,1.32321356
resource_constrained,simulation_identity_breach_multiplier,low,90000148,medical_device,1.32437957
resource_constrained,simulation_identity_breach_multiplier,low,90000273,medical_device,1.32750357
resource_constrained,simulation_identity_breach_multiplier,low,90000163,medical_device,1.34073177
resource_constrained,simulation_identity_breach_multiplier,low,90000333,medical_device,1.39256721
resource_constrained,simulation_identity_breach_multiplier,low,90000313,medical_device,1.39990678
resource_constrained,simulation_identity_breach_multiplier,low,90000398,medical_device,1.4356845
resource_constrained,simulation_identity_breach_multiplier,low,90000013,medical_device,1.44939353
resource_constrained,simulation_identity_breach_multiplier,low,90000243,medical_device,1.48204951
resource_constrained,simulation_identity_breach_multiplier,low,90000133,medical_device,1.48218999
resource_constrained,simulation_identity_breach_multiplier,low,90000268,medical_device,1.48275836
resource_constrained,simulation_identity_breach_multiplier,low,90000238,medical_device,1.50220943
resource_constrained,simulation_identity_breach_multiplier,low,90000168,medical_device,1.5612614
resource_constrained,simulation_identity_breach_multiplier,low,90000103,medical_device,1.5614968
resource_constrained,simulation_identity_breach_multiplier,low,90000203,medical_device,1.56615598
resource_constrained,simulation_identity_breach_multiplier,low,90000178,medical_device,1.57627765
resource_constrained,simulation_identity_breach_multiplier,low,90000003,medical_device,1.62085161
resource_constrained,simulation_identity_breach_multiplier,low,90000308,medical_device,1.62717541
resource_constrained,simulation_identity_breach_multiplier,low,90000258,medical_device,1.65055672
resource_constrained,simulation_identity_breach_multiplier,low,90000298,medical_device,1.65611688
resource_constrained,simulation_identity_breach_multiplier,low,90000083,medical_device,1.67053123
resource_constrained,simulation_identity_breach_multiplier,low,90000117,privileged_system,1.11729861
resource_constrained,simulation_identity_breach_multiplier,low,90000007,privileged_system,1.14839999
resource_constrained,simulation_identity_breach_multiplier,low,90000052,privileged_system,1.15102492
resource_constrained,simulation_identity_breach_multiplier,low,90000172,privileged_system,1.17070617
resource_constrained,simulation_identity_breach_multiplier,low,90000287,privileged_system,1.20216764
resource_constrained,simulation_identity_breach_multiplier,low,90000352,privileged_system,1.20850047
resource_constrained,simulation_identity_breach_multiplier,low,90000347,privileged_system,1.26187786
resource_constrained,simulation_identity_breach_multiplier,low,90000032,privileged_system,1.27372974
resource_constrained,simulation_identity_breach_multiplier,low,90000232,privileged_system,1.28632816
resource_constrained,simulation_identity_breach_multiplier,low,90000212,privileged_system,1.31166275
resource_constrained,simulation_identity_breach_multiplier,low,90000192,privileged_system,1.35237884
resource_constrained,simulation_identity_breach_multiplier,low,90000327,privileged_system,1.35583891
resource_constrained,simulation_identity_breach_multiplier,low,90000152,privileged_system,1.35626815
resource_constrained,simulation_identity_breach_multiplier,low,90000392,privileged_system,1.3710006
resource_constrained,simulation_identity_breach_multiplier,low,90000062,privileged_system,1.37370551
resource_constrained,simulation_identity_breach_multiplier,low,90000097,privileged_system,1.39887509
resource_constrained,simulation_identity_breach_multiplier,low,90000082,privileged_system,1.46641664
resource_constrained,simulation_identity_breach_multiplier,low,90000202,privileged_system,1.50603351
resource_constrained,simulation_identity_breach_multiplier,low,90000297,privileged_system,1.53066977
resource_constrained,simulation_identity_breach_multiplier,low,90000387,privileged_system,1.58221422
resource_constrained,simulation_identity_breach_multiplier,low,90000207,privileged_system,1.58515936
resource_constrained,simulation_identity_breach_multiplier,low,90000367,privileged_system,1.59033573
resource_constrained,simulation_identity_breach_multiplier,low,90000252,privileged_system,1.5908397
resource_constrained,simulation_identity_breach_multiplier,low,90000377,privileged_system,1.5986351
resource_constrained,simulation_identity_breach_multiplier,low,90000182,privileged_system,1.62368334
resource_constrained,simulation_identity_breach_multiplier,low,90000122,privileged_system,1.63560906
resource_constrained,simulation_identity_breach_multiplier,low,90000209,vendor_connection,1.12798106
resource_constrained,simulation_identity_breach_multiplier,low,90000294,vendor_connection,1.15122111
resource_constrained,simulation_identity_breach_multiplier,low,90000329,vendor_connection,1.18954507
resource_constrained,simulation_identity_breach_multiplier,low,90000039,vendor_connection,1.19462906
resource_constrained,simulation_identity_breach_multiplier,low,90000204,vendor_connection,1.21614376
resource_constrained,simulation_identity_breach_multiplier,low,90000044,vendor_connection,1.21934499
resource_constrained,simulation_identity_breach_multiplier,low,90000319,vendor_connection,1.22538608
resource_constrained,simulation_identity_breach_multiplier,low,90000264,vendor_connection,1.23942687
resource_constrained,simulation_identity_breach_multiplier,low,90000219,vendor_connection,1.25203774
resource_constrained,simulation_identity_breach_multiplier,low,90000239,vendor_connection,1.27534827
resource_constrained,simulation_identity_breach_multiplier,low,90000024,vendor_connection,1.27804105
resource_constrained,simulation_identity_breach_multiplier,low,90000384,vendor_connection,1.28045635
resource_constrained,simulation_identity_breach_multiplier,low,90000314,vendor_connection,1.34334632
resource_constrained,simulation_identity_breach_multiplier,low,90000324,vendor_connection,1.35248711
resource_constrained,simulation_identity_breach_multiplier,low,90000174,vendor_connection,1.3546552
resource_constrained,simulation_identity_breach_multiplier,low,90000299,vendor_connection,1.36049387
resource_constrained,simulation_identity_breach_multiplier,low,90000249,vendor_connection,1.36409776
resource_constrained,simulation_identity_breach_multiplier,low,90000064,vendor_connection,1.36944945
resource_constrained,simulation_identity_breach_multiplier,low,90000304,vendor_connection,1.38334194
resource_constrained,simulation_identity_breach_multiplier,low,90000074,vendor_connection,1.39621353
resource_constrained,simulation_identity_breach_multiplier,low,90000119,vendor_connection,1.39688105
resource_constrained,simulation_identity_breach_multiplier,low,90000389,vendor_connection,1.39703803
resource_constrained,simulation_identity_breach_multiplier,low,90000114,vendor_connection,1.40112803
resource_constrained,simulation_identity_breach_multiplier,low,90000269,vendor_connection,1.40851054
resource_constrained,simulation_identity_breach_multiplier,low,90000154,vendor_connection,1.44717665
resource_constrained,simulation_identity_breach_multiplier,low,90000214,vendor_connection,1.47015422
resource_constrained,simulation_identity_breach_multiplier,low,90000070,workstation,1.10872691
resource_constrained,simulation_identity_breach_multiplier,low,90000335,workstation,1.15638926
resource_constrained,simulation_identity_breach_multiplier,low,90000260,workstation,1.18781677
resource_constrained,simulation_identity_breach_multiplier,low,90000025,workstation,1.18913454
resource_constrained,simulation_identity_breach_multiplier,low,90000280,workstation,1.20624851
resource_constrained,simulation_identity_breach_multiplier,low,90000185,workstation,1.2361872
resource_constrained,simulation_identity_breach_multiplier,low,90000075,workstation,1.26993021
resource_constrained,simulation_identity_breach_multiplier,low,90000215,workstation,1.2999036
resource_constrained,simulation_identity_breach_multiplier,low,90000290,workstation,1.30694051
resource_constrained,simulation_identity_breach_multiplier,low,90000005,workstation,1.31947653
resource_constrained,simulation_identity_breach_multiplier,low,90000240,workstation,1.3375277
resource_constrained,simulation_identity_breach_multiplier,low,90000255,workstation,1.34780221
resource_constrained,simulation_identity_breach_multiplier,low,90000360,workstation,1.35652399
resource_constrained,simulation_identity_breach_multiplier,low,90000340,workstation,1.37154692
resource_constrained,simulation_identity_breach_multiplier,low,90000065,workstation,1.38071892
resource_constrained,simulation_identity_breach_multiplier,low,90000385,workstation,1.41324688
resource_constrained,simulation_identity_breach_multiplier,low,90000030,workstation,1.43407294
resource_constrained,simulation_identity_breach_multiplier,low,90000145,workstation,1.44392645
resource_constrained,simulation_identity_breach_multiplier,low,90000010,workstation,1.45609437
resource_constrained,simulation_identity_breach_multiplier,low,90000390,workstation,1.49308424
resource_constrained,simulation_identity_breach_multiplier,low,90000325,workstation,1.51011491
resource_constrained,simulation_identity_breach_multiplier,low,90000125,workstation,1.51055178
resource_constrained,simulation_identity_breach_multiplier,low,90000375,workstation,1.51304702
resource_constrained,simulation_identity_breach_multiplier,low,90000310,workstation,1.51395942
resource_constrained,simulation_identity_breach_multiplier,low,90000175,workstation,1.53014728
resource_constrained,simulation_identity_breach_multiplier,low,90000220,workstation,1.53084034
resource_constrained,simulation_identity_breach_multiplier,high,90000056,internet_facing,1.96089183
resource_constrained,simulation_identity_breach_multiplier,high,90000266,internet_facing,1.98313859
resource_constrained,simulation_identity_breach_multiplier,high,90000311,internet_facing,1.98938974
resource_constrained,simulation_identity_breach_multiplier,high,90000146,internet_facing,1.99041383
resource_constrained,simulation_identity_breach_multiplier,high,90000136,internet_facing,2.00160875
resource_constrained,simulation_identity_breach_multiplier,high,90000281,internet_facing,2.0076331
resource_constrained,simulation_identity_breach_multiplier,high,90000391,internet_facing,2.09529942
resource_constrained,simulation_identity_breach_multiplier,high,90000246,internet_facing,2.11133326
resource_constrained,simulation_identity_breach_multiplier,high,90000351,internet_facing,2.16417167
resource_constrained,simulation_identity_breach_multiplier,high,90000396,internet_facing,2.17621524
resource_constrained,simulation_identity_breach_multiplier,high,90000271,internet_facing,2.20392979
resource_constrained,simulation_identity_breach_multiplier,high,90000326,internet_facing,2.22707091
resource_constrained,simulation_identity_breach_multiplier,high,90000216,internet_facing,2.26009313
resource_constrained,simulation_identity_breach_multiplier,high,90000236,internet_facing,2.26767488
resource_constrained,simulation_identity_breach_multiplier,high,90000041,internet_facing,2.29006546
resource_constrained,simulation_identity_breach_multiplier,high,90000191,internet_facing,2.30849669
resource_constrained,simulation_identity_breach_multiplier,high,90000321,internet_facing,2.31234609
resource_constrained,simulation_identity_breach_multiplier,high,90000111,internet_facing,2.31394994
resource_constrained,simulation_identity_breach_multiplier,high,90000046,internet_facing,2.34553924
resource_constrained,simulation_identity_breach_multiplier,high,90000291,internet_facing,2.36304935
resource_constrained,simulation_identity_breach_multiplier,high,90000071,internet_facing,2.37544007
resource_constrained,simulation_identity_breach_multiplier,high,90000141,internet_facing,2.37643063
resource_constrained,simulation_identity_breach_multiplier,high,90000061,internet_facing,2.38942262
resource_constrained,simulation_identity_breach_multiplier,high,90000276,internet_facing,2.3909064
resource_constrained,simulation_identity_breach_multiplier,high,90000066,internet_facing,2.40023787
resource_constrained,simulation_identity_breach_multiplier,high,90000051,internet_facing,2.41405282
resource_constrained,simulation_identity_breach_multiplier,high,90000338,medical_device,2.11994479
resource_constrained,simulation_identity_breach_multiplier,high,90000138,medical_device,2.15302104
resource_constrained,simulation_identity_breach_multiplier,high,90000058,medical_device,2.15561723
resource_constrained,simulation_identity_breach_multiplier,high,90000288,medical_device,2.19336571
resource_constrained,simulation_identity_breach_multiplier,high,90000208,medical_device,2.19617423
resource_constrained,simulation_identity_breach_multiplier,high,90000228,medical_device,2.21851377
resource_constrained,simulation_identity_breach_multiplier,high,90000188,medical_device,2.23870503
resource_constrained,simulation_identity_breach_multiplier,high,90000223,medical_device,2.2424654
resource_constrained,simulation_identity_breach_multiplier,high,90000128,medical_device,2.27652385
resource_constrained,simulation_identity_breach_multiplier,high,90000373,medical_device,2.27661926
resource_constrained,simulation_identity_breach_multiplier,high,90000323,medical_device,2.28365356
resource_constrained,simulation_identity_breach_multiplier,high,90000388,medical_device,2.3344424
resource_constrained,simulation_identity_breach_multiplier,high,90000328,medical_device,2.34177264
resource_constrained,simulation_identity_breach_multiplier,high,90000343,medical_device,2.34380482
resource_constrained,simulation_identity_breach_multiplier,high,90000093,medical_device,2.34580452
resource_constrained,simulation_identity_breach_multiplier,high,90000048,medical_device,2.35536664
resource_constrained,simulation_identity_breach_multiplier,high,90000358,medical_device,2.35545562
resource_constrained,simulation_identity_breach_multiplier,high,90000018,medical_device,2.37547923
resource_constrained,simulation_identity_breach_multiplier,high,90000183,medical_device,2.38143467
resource_constrained,simulation_identity_breach_multiplier,high,90000303,medical_device,2.38290083
resource_constrained,simulation_identity_breach_multiplier,high,90000098,medical_device,2.40049961
resource_constrained,simulation_identity_breach_multiplier,high,90000368,medical_device,2.4017961
resource_constrained,simulation_identity_breach_multiplier,high,90000283,medical_device,2.40233863
resource_constrained,simulation_identity_breach_multiplier,high,90000193,medical_device,2.42314775
resource_constrained,simulation_identity_breach_multiplier,high,90000043,medical_device,2.4565173
resource_constrained,simulation_identity_breach_multiplier,high,90000233,medical_device,2.46186938
resource_constrained,simulation_identity_breach_multiplier,high,90000227,privileged_system,2.13375119
resource_constrained,simulation_identity_breach_multiplier,high,90000247,privileged_system,2.14868614
resource_constrained,simulation_identity_breach_multiplier,high,90000002,privileged_system,2.15649668
resource_constrained,simulation_identity_breach_multiplier,high,90000362,privileged_system,2.17950472
resource_constrained,simulation_identity_breach_multiplier,high,90000142,privileged_system,2.19299154
resource_constrained,simulation_identity_breach_multiplier,high,90000357,privileged_system,2.20977405
resource_constrained,simulation_identity_breach_multiplier,high,90000137,privileged_system,2.22581647
resource_constrained,simulation_identity_breach_multiplier,high,90000017,privileged_system,2.24142005
resource_constrained,simulation_identity_breach_multiplier,high,90000242,privileged_system,2.2417381
resource_constrained,simulation_identity_breach_multiplier,high,90000332,privileged_system,2.25880835
resource_constrained,simulation_identity_breach_multiplier,high,90000307,privileged_system,2.28899334
resource_constrained,simulation_identity_breach_multiplier,high,90000197,privileged_system,2.31267426
resource_constrained,simulation_identity_breach_multiplier,high,90000262,privileged_system,2.32159754
resource_constrained,simulation_identity_breach_multiplier,high,90000217,privileged_system,2.33228109
resource_constrained,simulation_identity_breach_multiplier,high,90000272,privileged_system,2.33705961
resource_constrained,simulation_identity_breach_multiplier,high,90000037,privileged_system,2.34028305
resource_constrained,simulation_identity_breach_multiplier,high,90000282,privileged_system,2.35847307
resource_constrained,simulation_identity_breach_multiplier,high,90000112,privileged_system,2.3602624
resource_constrained,simulation_identity_breach_multiplier,high,90000337,privileged_system,2.37433148
resource_constrained,simulation_identity_breach_multiplier,high,90000107,privileged_system,2.38934617
resource_constrained,simulation_identity_breach_multiplier,high,90000027,privileged_system,2.39648574
resource_constrained,simulation_identity_breach_multiplier,high,90000372,privileged_system,2.42014731
resource_constrained,simulation_identity_breach_multiplier,high,90000267,privileged_system,2.44073036
resource_constrained,simulation_identity_breach_multiplier,high,90000057,privileged_system,2.44224299
resource_constrained,simulation_identity_breach_multiplier,high,90000177,privileged_system,2.44469332
resource_constrained,simulation_identity_breach_multiplier,high,90000067,privileged_system,2.46434826
resource_constrained,simulation_identity_breach_multiplier,high,90000109,vendor_connection,1.98539191
resource_constrained,simulation_identity_breach_multiplier,high,90000049,vendor_connection,2.01179645
resource_constrained,simulation_identity_breach_multiplier,high,90000259,vendor_connection,2.02024699
resource_constrained,simulation_identity_breach_multiplier,high,90000274,vendor_connection,2.070817
resource_constrained,simulation_identity_breach_multiplier,high,90000089,vendor_connection,2.07081788
resource_constrained,simulation_identity_breach_multiplier,high,90000289,vendor_connection,2.07177741
resource_constrained,simulation_identity_breach_multiplier,high,90000069,vendor_connection,2.08426149
resource_constrained,simulation_identity_breach_multiplier,high,90000354,vendor_connection,2.18668743
resource_constrained,simulation_identity_breach_multiplier,high,90000359,vendor_connection,2.18993795
resource_constrained,simulation_identity_breach_multiplier,high,90000194,vendor_connection,2.19725463
resource_constrained,simulation_identity_breach_multiplier,high,90000179,vendor_connection,2.22281995
resource_constrained,simulation_identity_breach_multiplier,high,90000169,vendor_connection,2.24628618
resource_constrained,simulation_identity_breach_multiplier,high,90000084,vendor_connection,2.24638827
resource_constrained,simulation_identity_breach_multiplier,high,90000379,vendor_connection,2.25217011
resource_constrained,simulation_identity_breach_multiplier,high,90000004,vendor_connection,2.30317726
resource_constrained,simulation_identity_breach_multiplier,high,90000124,vendor_connection,2.38011479
resource_constrained,simulation_identity_breach_multiplier,high,90000184,vendor_connection,2.3842958
resource_constrained,simulation_identity_breach_multiplier,high,90000079,vendor_connection,2.39518723
resource_constrained,simulation_identity_breach_multiplier,high,90000279,vendor_connection,2.43105492
resource_constrained,simulation_identity_breach_multiplier,high,90000134,vendor_connection,2.43168349
resource_constrained,simulation_identity_breach_multiplier,high,90000234,vendor_connection,2.43485663
resource_constrained,simulation_identity_breach_multiplier,high,90000034,vendor_connection,2.44080607
resource_constrained,simulation_identity_breach_multiplier,high,90000374,vendor_connection,2.44186757
resource_constrained,simulation_identity_breach_multiplier,high,90000139,vendor_connection,2.44522493
resource_constrained,simulation_identity_breach_multiplier,high,90000029,vendor_connection,2.46931767
resource_constrained,simulation_identity_breach_multiplier,high,90000309,vendor_connection,2.4802249
resource_constrained,simulation_identity_breach_multiplier,high,90000250,workstation,2.05324305
resource_constrained,simulation_identity_breach_multiplier,high,90000305,workstation,2.06786596
resource_constrained,simulation_identity_breach_multiplier,high,90000225,workstation,2.06924075
resource_constrained,simulation_identity_breach_multiplier,high,90000210,workstation,2.08176637
resource_constrained,simulation_identity_breach_multiplier,high,90000265,workstation,2.08406476
resource_constrained,simulation_identity_breach_multiplier,high,90000370,workstation,2.11672563
resource_constrained,simulation_identity_breach_multiplier,high,90000295,workstation,2.14766649
resource_constrained,simulation_identity_breach_multiplier,high,90000235,workstation,2.15067741
resource_constrained,simulation_identity_breach_multiplier,high,90000090,workstation,2.17245395
resource_constrained,simulation_identity_breach_multiplier,high,90000170,workstation,2.18085786
resource_constrained,simulation_identity_breach_multiplier,high,90000165,workstation,2.21414734
resource_constrained,simulation_identity_breach_multiplier,high,90000355,workstation,2.24133637
resource_constrained,simulation_identity_breach_multiplier,high,90000000,workstation,2.24688296
resource_constrained,simulation_identity_breach_multiplier,high,90000345,workstation,2.30700533
resource_constrained,simulation_identity_breach_multiplier,high,90000395,workstation,2.30808496
resource_constrained,simulation_identity_breach_multiplier,high,90000095,workstation,2.31293088
resource_constrained,simulation_identity_breach_multiplier,high,90000120,workstation,2.32382349
resource_constrained,simulation_identity_breach_multiplier,high,90000200,workstation,2.35526323
resource_constrained,simulation_identity_breach_multiplier,high,90000350,workstation,2.36626393
resource_constrained,simulation_identity_breach_multiplier,high,90000155,workstation,2.37213152
resource_constrained,simulation_identity_breach_multiplier,high,90000245,workstation,2.37685002
resource_constrained,simulation_identity_breach_multiplier,high,90000060,workstation,2.38125814
resource_constrained,simulation_identity_breach_multiplier,high,90000195,workstation,2.3968943
resource_constrained,simulation_identity_breach_multiplier,high,90000365,workstation,2.46193897
resource_constrained,simulation_identity_breach_multiplier,high,90000275,workstation,2.4669702
resource_constrained,simulation_identity_breach_multiplier,high,90000055,workstation,2.49433325
resource_constrained,simulation_identity_control_coverage,low,90000201,internet_facing,0.60762076
resource_constrained,simulation_identity_control_coverage,low,90000101,internet_facing,0.61041215
resource_constrained,simulation_identity_control_coverage,low,90000041,internet_facing,0.6146835
resource_constrained,simulation_identity_control_coverage,low,90000321,internet_facing,0.63068678
resource_constrained,simulation_identity_control_coverage,low,90000351,internet_facing,0.6414246
resource_constrained,simulation_identity_control_coverage,low,90000161,internet_facing,0.64225775
resource_constrained,simulation_identity_control_coverage,low,90000076,internet_facing,0.64254591
resource_constrained,simulation_identity_control_coverage,low,90000336,internet_facing,0.65000443
resource_constrained,simulation_identity_control_coverage,low,90000111,internet_facing,0.65062607
resource_constrained,simulation_identity_control_coverage,low,90000316,internet_facing,0.6551662
resource_constrained,simulation_identity_control_coverage,low,90000071,internet_facing,0.6572751
resource_constrained,simulation_identity_control_coverage,low,90000296,internet_facing,0.65729213
resource_constrained,simulation_identity_control_coverage,low,90000136,internet_facing,0.65991707
resource_constrained,simulation_identity_control_coverage,low,90000301,internet_facing,0.6675693
resource_constrained,simulation_identity_control_coverage,low,90000226,internet_facing,0.6687589
resource_constrained,simulation_identity_control_coverage,low,90000121,internet_facing,0.67487102
resource_constrained,simulation_identity_control_coverage,low,90000081,internet_facing,0.67645354
resource_constrained,simulation_identity_control_coverage,low,90000126,internet_facing,0.67834231
resource_constrained,simulation_identity_control_coverage,low,90000396,internet_facing,0.67986508
resource_constrained,simulation_identity_control_coverage,low,90000001,internet_facing,0.68204986
resource_constrained,simulation_identity_control_coverage,low,90000011,internet_facing,0.68512907
resource_constrained,simulation_identity_control_coverage,low,90000181,internet_facing,0.693962
resource_constrained,simulation_identity_control_coverage,low,90000196,internet_facing,0.69965917
resource_constrained,simulation_identity_control_coverage,low,90000331,internet_facing,0.712218
resource_constrained,simulation_identity_control_coverage,low,90000306,internet_facing,0.72299185
resource_constrained,simulation_identity_control_coverage,low,90000116,internet_facing,0.72618849
resource_constrained,simulation_identity_control_coverage,low,90000233,medical_device,0.60269787
resource_constrained,simulation_identity_control_coverage,low,90000088,medical_device,0.60311488
resource_constrained,simulation_identity_control_coverage,low,90000143,medical_device,0.60650498
resource_constrained,simulation_identity_control_coverage,low,90000318,medical_device,0.60884829
resource_constrained,simulation_identity_control_coverage,low,90000248,medical_device,0.60897622
resource_constrained,simulation_identity_control_coverage,low,90000148,medical_device,0.61054165
resource_constrained,simulation_identity_control_coverage,low,90000338,medical_device,0.62118105
resource_constrained,simulation_identity_control_coverage,low,90000163,medical_device,0.62125844
resource_constrained,simulation_identity_control_coverage,low,90000193,medical_device,0.62427814
resource_constrained,simulation_identity_control_coverage,low,90000368,medical_device,0.62487536
resource_constrained,simulation_identity_control_coverage,low,90000153,medical_device,0.63036785
resource_constrained,simulation_identity_control_coverage,low,90000298,medical_device,0.63300472
resource_constrained,simulation_identity_control_coverage,low,90000398,medical_device,0.63536992
resource_constrained,simulation_identity_control_coverage,low,90000023,medical_device,0.64175172
resource_constrained,simulation_identity_control_coverage,low,90000258,medical_device,0.64558644
resource_constrained,simulation_identity_control_coverage,low,90000348,medical_device,0.64621276
resource_constrained,simulation_identity_control_coverage,low,90000003,medical_device,0.64890362
resource_constrained,simulation_identity_control_coverage,low,90000033,medical_device,0.64912582
resource_constrained,simulation_identity_control_coverage,low,90000293,medical_device,0.663082
resource_constrained,simulation_identity_control_coverage,low,90000218,medical_device,0.66571368
resource_constrained,simulation_identity_control_coverage,low,90000213,medical_device,0.66938439
resource_constrained,simulation_identity_control_coverage,low,90000353,medical_device,0.68137936
resource_constrained,simulation_identity_control_coverage,low,90000093,medical_device,0.68412399
resource_constrained,simulation_identity_control_coverage,low,90000278,medical_device,0.68745257
resource_constrained,simulation_identity_control_coverage,low,90000273,medical_device,0.69046545
resource_constrained,simulation_identity_control_coverage,low,90000388,medical_device,0.69159422
resource_constrained,simulation_identity_control_coverage,low,90000017,privileged_system,0.60837986
resource_constrained,simulation_identity_control_coverage,low,90000172,privileged_system,0.62371713
resource_constrained,simulation_identity_control_coverage,low,90000042,privileged_system,0.62546051
resource_constrained,simulation_identity_control_coverage,low,90000227,privileged_system,0.62617209
resource_constrained,simulation_identity_control_coverage,low,90000097,privileged_system,0.6267095
resource_constrained,simulation_identity_control_coverage,low,90000107,privileged_system,0.62796187
resource_constrained,simulation_identity_control_coverage,low,90000382,privileged_system,0.63609563
resource_constrained,simulation_identity_control_coverage,low,90000052,privileged_system,0.64567078
resource_constrained,simulation_identity_control_coverage,low,90000237,privileged_system,0.64766738
resource_constrained,simulation_identity_control_coverage,low,90000347,privileged_system,0.6481276
resource_constrained,simulation_identity_control_coverage,low,90000127,privileged_system,0.65276483
resource_constrained,simulation_identity_control_coverage,low,90000162,privileged_system,0.65574111
resource_constrained,simulation_identity_control_coverage,low,90000142,privileged_system,0.65595904
resource_constrained,simulation_identity_control_coverage,low,90000277,privileged_system,0.65952027
resource_constrained,simulation_identity_control_coverage,low,90000297,privileged_system,0.65986061
resource_constrained,simulation_identity_control_coverage,low,90000067,privileged_system,0.66641815
resource_constrained,simulation_identity_control_coverage,low,90000362,privileged_system,0.68000904
resource_constrained,simulation_identity_control_coverage,low,90000122,privileged_system,0.681476
resource_constrained,simulation_identity_control_coverage,low,90000367,privileged_system,0.68249726
resource_constrained,simulation_identity_control_coverage,low,90000157,privileged_system,0.68282287
resource_constrained,simulation_identity_control_coverage,low,90000037,privileged_system,0.684228
resource_constrained,simulation_identity_control_coverage,low,90000242,privileged_system,0.68791893
resource_constrained,simulation_identity_control_coverage,low,90000307,privileged_system,0.69097168
resource_constrained,simulation_identity_control_coverage,low,90000372,privileged_system,0.69977384
resource_constrained,simulation_identity_control_coverage,low,90000167,privileged_system,0.70310885
resource_constrained,simulation_identity_control_coverage,low,90000232,privileged_system,0.71670293
resource_constrained,simulation_identity_control_coverage,low,90000319,vendor_connection,0.60061723
resource_constrained,simulation_identity_control_coverage,low,90000174,vendor_connection,0.61125359
resource_constrained,simulation_identity_control_coverage,low,90000394,vendor_connection,0.61272139
resource_constrained,simulation_identity_control_coverage,low,90000074,vendor_connection,0.62833959
resource_constrained,simulation_identity_control_coverage,low,90000304,vendor_connection,0.63379757
resource_constrained,simulation_identity_control_coverage,low,90000019,vendor_connection,0.63442701
resource_constrained,simulation_identity_control_coverage,low,90000309,vendor_connection,0.63554948
resource_constrained,simulation_identity_control_coverage,low,90000254,vendor_connection,0.63721647
resource_constrained,simulation_identity_control_coverage,low,90000044,vendor_connection,0.64239123
resource_constrained,simulation_identity_control_coverage,low,90000069,vendor_connection,0.64436058
resource_constrained,simulation_identity_control_coverage,low,90000164,vendor_connection,0.65913542
resource_constrained,simulation_identity_control_coverage,low,90000334,vendor_connection,0.66988242
resource_constrained,simulation_identity_control_coverage,low,90000079,vendor_connection,0.67376542
resource_constrained,simulation_identity_control_coverage,low,90000059,vendor_connection,0.67498907
resource_constrained,simulation_identity_control_coverage,low,90000349,vendor_connection,0.67905379
resource_constrained,simulation_identity_control_coverage,low,90000364,vendor_connection,0.68387913
resource_constrained,simulation_identity_control_coverage,low,90000259,vendor_connection,0.68971736
resource_constrained,simulation_identity_control_coverage,low,90000149,vendor_connection,0.69124727
resource_constrained,simulation_identity_control_coverage,low,90000134,vendor_connection,0.69623296
resource_constrained,simulation_identity_control_coverage,low,90000329,vendor_connection,0.69752601
resource_constrained,simulation_identity_control_coverage,low,90000184,vendor_connection,0.70241689
resource_constrained,simulation_identity_control_coverage,low,90000244,vendor_connection,0.70928649
resource_constrained,simulation_identity_control_coverage,low,90000369,vendor_connection,0.70962305
resource_constrained,simulation_identity_control_coverage,low,90000179,vendor_connection,0.71506963
resource_constrained,simulation_identity_control_coverage,low,90000314,vendor_connection,0.71560524
resource_constrained,simulation_identity_control_coverage,low,90000159,vendor_connection,0.71614077
resource_constrained,simulation_identity_control_coverage,low,90000045,workstation,0.60163281
resource_constrained,simulation_identity_control_coverage,low,90000090,workstation,0.60214594
resource_constrained,simulation_identity_control_coverage,low,90000080,workstation,0.60375468
resource_constrained,simulation_identity_control_coverage,low,90000350,workstation,0.60614021
resource_constrained,simulation_identity_control_coverage,low,90000160,workstation,0.60764495
resource_constrained,simulation_identity_control_coverage,low,90000215,workstation,0.61037551
resource_constrained,simulation_identity_control_coverage,low,90000145,workstation,0.61348271
resource_constrained,simulation_identity_control_coverage,low,90000335,workstation,0.61655788
resource_constrained,simulation_identity_control_coverage,low,90000290,workstation,0.61943875
resource_constrained,simulation_identity_control_coverage,low,90000100,workstation,0.62187379
resource_constrained,simulation_identity_control_coverage,low,90000205,workstation,0.62250568
resource_constrained,simulation_identity_control_coverage,low,90000075,workstation,0.62329061
resource_constrained,simulation_identity_control_coverage,low,90000170,workstation,0.63644584
resource_constrained,simulation_identity_control_coverage,low,90000345,workstation,0.64058655
resource_constrained,simulation_identity_control_coverage,low,90000360,workstation,0.64979429
resource_constrained,simulation_identity_control_coverage,low,90000030,workstation,0.65003252
resource_constrained,simulation_identity_control_coverage,low,90000390,workstation,0.65315504
resource_constrained,simulation_identity_control_coverage,low,90000065,workstation,0.6659411
resource_constrained,simulation_identity_control_coverage,low,90000225,workstation,0.66807901
resource_constrained,simulation_identity_control_coverage,low,90000190,workstation,0.66868109
resource_constrained,simulation_identity_control_coverage,low,90000095,workstation,0.6689968
resource_constrained,simulation_identity_control_coverage,low,90000375,workstation,0.67132887
resource_constrained,simulation_identity_control_coverage,low,90000055,workstation,0.6746306
resource_constrained,simulation_identity_control_coverage,low,90000010,workstation,0.68118575
resource_constrained,simulation_identity_control_coverage,low,90000300,workstation,0.69882232
resource_constrained,simulation_identity_control_coverage,low,90000110,workstation,0.73378722
resource_constrained,simulation_identity_control_coverage,high,90000311,internet_facing,0.81520887
resource_constrained,simulation_identity_control_coverage,high,90000326,internet_facing,0.82562434
resource_constrained,simulation_identity_control_coverage,high,90000286,internet_facing,0.83467068
resource_constrained,simulation_identity_control_coverage,high,90000056,internet_facing,0.83733264
resource_constrained,simulation_identity_control_coverage,high,90000006,internet_facing,0.84329155
resource_constrained,simulation_identity_control_coverage,high,90000241,internet_facing,0.85333779
resource_constrained,simulation_identity_control_coverage,high,90000256,internet_facing,0.85745372
resource_constrained,simulation_identity_control_coverage,high,90000186,internet_facing,0.8584666
resource_constrained,simulation_identity_control_coverage,high,90000356,internet_facing,0.86344673
resource_constrained,simulation_identity_control_coverage,high,90000031,internet_facing,0.86724466
resource_constrained,simulation_identity_control_coverage,high,90000156,internet_facing,0.87036337
resource_constrained,simulation_identity_control_coverage,high,90000246,internet_facing,0.88600404
resource_constrained,simulation_identity_control_coverage,high,90000216,internet_facing,0.88659824
resource_constrained,simulation_identity_control_coverage,high,90000086,internet_facing,0.8880817
resource_constrained,simulation_identity_control_coverage,high,90000371,internet_facing,0.89584452
resource_constrained,simulation_identity_control_coverage,high,90000266,internet_facing,0.90504379
resource_constrained,simulation_identity_control_coverage,high,90000211,internet_facing,0.91577446
resource_constrained,simulation_identity_control_coverage,high,90000361,internet_facing,0.9160602
resource_constrained,simulation_identity_control_coverage,high,90000151,internet_facing,0.92086021
resource_constrained,simulation_identity_control_coverage,high,90000231,internet_facing,0.92277455
resource_constrained,simulation_identity_control_coverage,high,90000391,internet_facing,0.92865724
resource_constrained,simulation_identity_control_coverage,high,90000221,internet_facing,0.93301607
resource_constrained,simulation_identity_control_coverage,high,90000346,internet_facing,0.93695998
resource_constrained,simulation_identity_control_coverage,high,90000166,internet_facing,0.94340081
resource_constrained,simulation_identity_control_coverage,high,90000341,internet_facing,0.94720446
resource_constrained,simulation_identity_control_coverage,high,90000066,internet_facing,0.94795245
resource_constrained,simulation_identity_control_coverage,high,90000363,medical_device,0.83854878
resource_constrained,simulation_identity_control_coverage,high,90000083,medical_device,0.84767535
resource_constrained,simulation_identity_control_coverage,high,90000053,medical_device,0.85014919
resource_constrained,simulation_identity_control_coverage,high,90000288,medical_device,0.85359098
resource_constrained,simulation_identity_control_coverage,high,90000168,medical_device,0.8538703
resource_constrained,simulation_identity_control_coverage,high,90000043,medical_device,0.85633726
resource_constrained,simulation_identity_control_coverage,high,90000283,medical_device,0.86313551
resource_constrained,simulation_identity_control_coverage,high,90000028,medical_device,0.86485555
resource_constrained,simulation_identity_control_coverage,high,90000208,medical_device,0.86877972
resource_constrained,simulation_identity_control_coverage,high,90000038,medical_device,0.87115119
resource_constrained,simulation_identity_control_coverage,high,90000063,medical_device,0.8732129
resource_constrained,simulation_identity_control_coverage,high,90000173,medical_device,0.87540663
resource_constrained,simulation_identity_control_coverage,high,90000223,medical_device,0.87860257
resource_constrained,simulation_identity_control_coverage,high,90000303,medical_device,0.88217962
resource_constrained,simulation_identity_control_coverage,high,90000128,medical_device,0.88562077
resource_constrained,simulation_identity_control_coverage,high,90000198,medical_device,0.9135745
resource_constrained,simulation_identity_control_coverage,high,90000103,medical_device,0.91585137
resource_constrained,simulation_identity_control_coverage,high,90000123,medical_device,0.91747176
resource_constrained,simulation_identity_control_coverage,high,90000243,medical_device,0.92214695
resource_constrained,simulation_identity_control_coverage,high,90000133,medical_device,0.92682499
resource_constrained,simulation_identity_control_coverage,high,90000373,medical_device,0.93134156
resource_constrained,simulation_identity_control_coverage,high,90000238,medical_device,0.93273914
resource_constrained,simulation_identity_control_coverage,high,90000268,medical_device,0.93985016
resource_constrained,simulation_identity_control_coverage,high,90000228,medical_device,0.94012354
resource_constrained,simulation_identity_control_coverage,high,90000203,medical_device,0.94054807
resource_constrained,simulation_identity_control_coverage,high,90000313,medical_device,0.94802257
resource_constrained,simulation_identity_control_coverage,high,90000387,privileged_system,0.84895191
resource_constrained,simulation_identity_control_coverage,high,90000332,privileged_system,0.86264178
resource_constrained,simulation_identity_control_coverage,high,90000072,privileged_system,0.86659632
resource_constrained,simulation_identity_control_coverage,high,90000057,privileged_system,0.87534445
resource_constrained,simulation_identity_control_coverage,high,90000357,privileged_system,0.88169289
resource_constrained,simulation_identity_control_coverage,high,90000132,privileged_system,0.88553938
resource_constrained,simulation_identity_control_coverage,high,90000352,privileged_system,0.88555094
resource_constrained,simulation_identity_control_coverage,high,90000337,privileged_system,0.88726765
resource_constrained,simulation_identity_control_coverage,high,90000152,privileged_system,0.89627226
resource_constrained,simulation_identity_control_coverage,high,90000377,privileged_system,0.89890203
resource_constrained,simulation_identity_control_coverage,high,90000117,privileged_system,0.89899322
resource_constrained,simulation_identity_control_coverage,high,90000187,privileged_system,0.90841247
resource_constrained,simulation_identity_control_coverage,high,90000262,privileged_system,0.9092605
resource_constrained,simulation_identity_control_coverage,high,90000217,privileged_system,0.91021919
resource_constrained,simulation_identity_control_coverage,high,90000177,privileged_system,0.91620302
resource_constrained,simulation_identity_control_coverage,high,90000197,privileged_system,0.91677757
resource_constrained,simulation_identity_control_coverage,high,90000082,privileged_system,0.92079419
resource_constrained,simulation_identity_control_coverage,high,90000032,privileged_system,0.93344427
resource_constrained,simulation_identity_control_coverage,high,90000027,privileged_system,0.93675517
resource_constrained,simulation_identity_control_coverage,high,90000267,privileged_system,0.93900541
resource_constrained,simulation_identity_control_coverage,high,90000327,privileged_system,0.93952199
resource_constrained,simulation_identity_control_coverage,high,90000007,privileged_system,0.94163583
resource_constrained,simulation_identity_control_coverage,high,90000002,privileged_system,0.9424242
resource_constrained,simulation_identity_control_coverage,high,90000022,privileged_system,0.94407914
resource_constrained,simulation_identity_control_coverage,high,90000212,privileged_system,0.94660929
resource_constrained,simulation_identity_control_coverage,high,90000392,privileged_system,0.94973332
resource_constrained,simulation_identity_control_coverage,high,90000144,vendor_connection,0.83342218
resource_constrained,simulation_identity_control_coverage,high,90000284,vendor_connection,0.83912544
resource_constrained,simulation_identity_control_coverage,high,90000064,vendor_connection,0.84229883
resource_constrained,simulation_identity_control_coverage,high,90000084,vendor_connection,0.84316929
resource_constrained,simulation_identity_control_coverage,high,90000009,vendor_connection,0.85234904
resource_constrained,simulation_identity_control_coverage,high,90000089,vendor_connection,0.86203653
resource_constrained,simulation_identity_control_coverage,high,90000129,vendor_connection,0.86693427
resource_constrained,simulation_identity_control_coverage,high,90000289,vendor_connection,0.87009546
resource_constrained,simulation_identity_control_coverage,high,90000104,vendor_connection,0.87386245
resource_constrained,simulation_identity_control_coverage,high,90000194,vendor_connection,0.87756397
resource_constrained,simulation_identity_control_coverage,high,90000119,vendor_connection,0.88115493
resource_constrained,simulation_identity_control_coverage,high,90000124,vendor_connection,0.88176781
resource_constrained,simulation_identity_control_coverage,high,90000239,vendor_connection,0.89307313
resource_constrained,simulation_identity_control_coverage,high,90000169,vendor_connection,0.89916799
resource_constrained,simulation_identity_control_coverage,high,90000354,vendor_connection,0.90276783
resource_constrained,simulation_identity_control_coverage,high,90000389,vendor_connection,0.90391856
resource_constrained,simulation_identity_control_coverage,high,90000374,vendor_connection,0.9059557
resource_constrained,simulation_identity_control_coverage,high,90000204,vendor_connection,0.90683747
resource_constrained,simulation_identity_control_coverage,high,90000224,vendor_connection,0.9201288
resource_constrained,simulation_identity_control_coverage,high,90000294,vendor_connection,0.92803885
resource_constrained,simulation_identity_control_coverage,high,90000114,vendor_connection,0.93021114
resource_constrained,simulation_identity_control_coverage,high,90000234,vendor_connection,0.93320854
resource_constrained,simulation_identity_control_coverage,high,90000014,vendor_connection,0.93381035
resource_constrained,simulation_identity_control_coverage,high,90000029,vendor_connection,0.93750583
resource_constrained,simulation_identity_control_coverage,high,90000189,vendor_connection,0.94115891
resource_constrained,simulation_identity_control_coverage,high,90000209,vendor_connection,0.94565951
resource_constrained,simulation_identity_control_coverage,high,90000085,workstation,0.84627059
resource_constrained,simulation_identity_control_coverage,high,90000265,workstation,0.84867434
resource_constrained,simulation_identity_control_coverage,high,90000150,workstation,0.85412946
resource_constrained,simulation_identity_control_coverage,high,90000395,workstation,0.86630398
resource_constrained,simulation_identity_control_coverage,high,90000370,workstation,0.8730398
resource_constrained,simulation_identity_control_coverage,high,90000040,workstation,0.87543901
resource_constrained,simulation_identity_control_coverage,high,90000220,workstation,0.87588955
resource_constrained,simulation_identity_control_coverage,high,90000240,workstation,0.87887611
resource_constrained,simulation_identity_control_coverage,high,90000380,workstation,0.87900729
resource_constrained,simulation_identity_control_coverage,high,90000260,workstation,0.88101573
resource_constrained,simulation_identity_control_coverage,high,90000305,workstation,0.89476909
resource_constrained,simulation_identity_control_coverage,high,90000180,workstation,0.89521945
resource_constrained,simulation_identity_control_coverage,high,90000005,workstation,0.8958691
resource_constrained,simulation_identity_control_coverage,high,90000385,workstation,0.89622797
resource_constrained,simulation_identity_control_coverage,high,90000200,workstation,0.90016963
resource_constrained,simulation_identity_control_coverage,high,90000295,workstation,0.90484899
resource_constrained,simulation_identity_control_coverage,high,90000020,workstation,0.91876833
resource_constrained,simulation_identity_control_coverage,high,90000325,workstation,0.92133715
resource_constrained,simulation_identity_control_coverage,high,90000050,workstation,0.92195209
resource_constrained,simulation_identity_control_coverage,high,90000130,workstation,0.92452818
resource_constrained,simulation_identity_control_coverage,high,90000140,workstation,0.92622933
resource_constrained,simulation_identity_control_coverage,high,90000135,workstation,0.93082253
resource_constrained,simulation_identity_control_coverage,high,90000175,workstation,0.93188644
resource_constrained,simulation_identity_control_coverage,high,90000330,workstation,0.93192063
resource_constrained,simulation_identity_control_coverage,high,90000365,workstation,0.93293609
resource_constrained,simulation_identity_control_coverage,high,90000355,workstation,0.94784449
resource_constrained,simulation_identity_control_effectiveness,low,90000171,internet_facing,0.40277028
resource_constrained,simulation_identity_control_effectiveness,low,90000116,internet_facing,0.40603384
resource_constrained,simulation_identity_control_effectiveness,low,90000321,internet_facing,0.40838339
resource_constrained,simulation_identity_control_effectiveness,low,90000226,internet_facing,0.41530699
resource_constrained,simulation_identity_control_effectiveness,low,90000136,internet_facing,0.41900928
resource_constrained,simulation_identity_control_effectiveness,low,90000231,internet_facing,0.42588524
resource_constrained,simulation_identity_control_effectiveness,low,90000201,internet_facing,0.43128206
resource_constrained,simulation_identity_control_effectiveness,low,90000371,internet_facing,0.43197097
resource_constrained,simulation_identity_control_effectiveness,low,90000026,internet_facing,0.44273484
resource_constrained,simulation_identity_control_effectiveness,low,90000211,internet_facing,0.45272422
resource_constrained,simulation_identity_control_effectiveness,low,90000391,internet_facing,0.45351425
resource_constrained,simulation_identity_control_effectiveness,low,90000146,internet_facing,0.45365845
resource_constrained,simulation_identity_control_effectiveness,low,90000256,internet_facing,0.45695844
resource_constrained,simulation_identity_control_effectiveness,low,90000121,internet_facing,0.45991813
resource_constrained,simulation_identity_control_effectiveness,low,90000221,internet_facing,0.46148071
resource_constrained,simulation_identity_control_effectiveness,low,90000236,internet_facing,0.46870225
resource_constrained,simulation_identity_control_effectiveness,low,90000281,internet_facing,0.48952011
resource_constrained,simulation_identity_control_effectiveness,low,90000061,internet_facing,0.49527136
resource_constrained,simulation_identity_control_effectiveness,low,90000276,internet_facing,0.50167786
resource_constrained,simulation_identity_control_effectiveness,low,90000346,internet_facing,0.53719667
resource_constrained,simulation_identity_control_effectiveness,low,90000381,internet_facing,0.55634724
resource_constrained,simulation_identity_control_effectiveness,low,90000176,internet_facing,0.56244978
resource_constrained,simulation_identity_control_effectiveness,low,90000011,internet_facing,0.5657182
resource_constrained,simulation_identity_control_effectiveness,low,90000151,internet_facing,0.57578263
resource_constrained,simulation_identity_control_effectiveness,low,90000046,internet_facing,0.57804967
resource_constrained,simulation_identity_control_effectiveness,low,90000086,internet_facing,0.59203895
resource_constrained,simulation_identity_control_effectiveness,low,90000283,medical_device,0.41462981
resource_constrained,simulation_identity_control_effectiveness,low,90000388,medical_device,0.42223447
resource_constrained,simulation_identity_control_effectiveness,low,90000073,medical_device,0.42316535
resource_constrained,simulation_identity_control_effectiveness,low,90000238,medical_device,0.42741496
resource_constrained,simulation_identity_control_effectiveness,low,90000333,medical_device,0.4308717
resource_constrained,simulation_identity_control_effectiveness,low,90000148,medical_device,0.43575745
resource_constrained,simulation_identity_control_effectiveness,low,90000003,medical_device,0.43734232
resource_constrained,simulation_identity_control_effectiveness,low,90000313,medical_device,0.44113523
resource_constrained,simulation_identity_control_effectiveness,low,90000253,medical_device,0.45211532
resource_constrained,simulation_identity_control_effectiveness,low,90000298,medical_device,0.454749
resource_constrained,simulation_identity_control_effectiveness,low,90000008,medical_device,0.46954093
resource_constrained,simulation_identity_control_effectiveness,low,90000043,medical_device,0.46999864
resource_constrained,simulation_identity_control_effectiveness,low,90000328,medical_device,0.47229607
resource_constrained,simulation_identity_control_effectiveness,low,90000083,medical_device,0.47257431
resource_constrained,simulation_identity_control_effectiveness,low,90000278,medical_device,0.47314044
resource_constrained,simulation_identity_control_effectiveness,low,90000273,medical_device,0.47681666
resource_constrained,simulation_identity_control_effectiveness,low,90000373,medical_device,0.48170345
resource_constrained,simulation_identity_control_effectiveness,low,90000023,medical_device,0.50943666
resource_constrained,simulation_identity_control_effectiveness,low,90000068,medical_device,0.51908212
resource_constrained,simulation_identity_control_effectiveness,low,90000088,medical_device,0.52023041
resource_constrained,simulation_identity_control_effectiveness,low,90000053,medical_device,0.52945052
resource_constrained,simulation_identity_control_effectiveness,low,90000263,medical_device,0.54806369
resource_constrained,simulation_identity_control_effectiveness,low,90000128,medical_device,0.5525799
resource_constrained,simulation_identity_control_effectiveness,low,90000138,medical_device,0.56449338
resource_constrained,simulation_identity_control_effectiveness,low,90000063,medical_device,0.56556341
resource_constrained,simulation_identity_control_effectiveness,low,90000343,medical_device,0.57495279
resource_constrained,simulation_identity_control_effectiveness,low,90000157,privileged_system,0.40948479
resource_constrained,simulation_identity_control_effectiveness,low,90000362,privileged_system,0.40977309
resource_constrained,simulation_identity_control_effectiveness,low,90000197,privileged_system,0.41883499
resource_constrained,simulation_identity_control_effectiveness,low,90000277,privileged_system,0.42228367
resource_constrained,simulation_identity_control_effectiveness,low,90000272,privileged_system,0.42283009
resource_constrained,simulation_identity_control_effectiveness,low,90000102,privileged_system,0.43744357
resource_constrained,simulation_identity_control_effectiveness,low,90000152,privileged_system,0.44605424
resource_constrained,simulation_identity_control_effectiveness,low,90000027,privileged_system,0.44898965
resource_constrained,simulation_identity_control_effectiveness,low,90000237,privileged_system,0.47442101
resource_constrained,simulation_identity_control_effectiveness,low,90000217,privileged_system,0.47863368
resource_constrained,simulation_identity_control_effectiveness,low,90000247,privileged_system,0.4787467
resource_constrained,simulation_identity_control_effectiveness,low,90000252,privileged_system,0.48136645
resource_constrained,simulation_identity_control_effectiveness,low,90000212,privileged_system,0.48441642
resource_constrained,simulation_identity_control_effectiveness,low,90000312,privileged_system,0.48551745
resource_constrained,simulation_identity_control_effectiveness,low,90000012,privileged_system,0.4896053
resource_constrained,simulation_identity_control_effectiveness,low,90000232,privileged_system,0.49079977
resource_constrained,simulation_identity_control_effectiveness,low,90000262,privileged_system,0.49293727
resource_constrained,simulation_identity_control_effectiveness,low,90000067,privileged_system,0.50072001
resource_constrained,simulation_identity_control_effectiveness,low,90000117,privileged_system,0.50334814
resource_constrained,simulation_identity_control_effectiveness,low,90000342,privileged_system,0.51087805
resource_constrained,simulation_identity_control_effectiveness,low,90000122,privileged_system,0.51980282
resource_constrained,simulation_identity_control_effectiveness,low,90000187,privileged_system,0.52161583
resource_constrained,simulation_identity_control_effectiveness,low,90000132,privileged_system,0.52335865
resource_constrained,simulation_identity_control_effectiveness,low,90000257,privileged_system,0.52579246
resource_constrained,simulation_identity_control_effectiveness,low,90000332,privileged_system,0.53699736
resource_constrained,simulation_identity_control_effectiveness,low,90000137,privileged_system,0.53917741
resource_constrained,simulation_identity_control_effectiveness,low,90000164,vendor_connection,0.40773121
resource_constrained,simulation_identity_control_effectiveness,low,90000359,vendor_connection,0.41039458
resource_constrained,simulation_identity_control_effectiveness,low,90000339,vendor_connection,0.4121644
resource_constrained,simulation_identity_control_effectiveness,low,90000334,vendor_connection,0.41711518
resource_constrained,simulation_identity_control_effectiveness,low,90000079,vendor_connection,0.42215217
resource_constrained,simulation_identity_control_effectiveness,low,90000159,vendor_connection,0.42291442
resource_constrained,simulation_identity_control_effectiveness,low,90000269,vendor_connection,0.42835615
resource_constrained,simulation_identity_control_effectiveness,low,90000279,vendor_connection,0.43622614
resource_constrained,simulation_identity_control_effectiveness,low,90000214,vendor_connection,0.45017881
resource_constrained,simulation_identity_control_effectiveness,low,90000219,vendor_connection,0.45029138
resource_constrained,simulation_identity_control_effectiveness,low,90000009,vendor_connection,0.45312083
resource_constrained,simulation_identity_control_effectiveness,low,90000054,vendor_connection,0.4535592
resource_constrained,simulation_identity_control_effectiveness,low,90000384,vendor_connection,0.45671338
resource_constrained,simulation_identity_control_effectiveness,low,90000199,vendor_connection,0.46438836
resource_constrained,simulation_identity_control_effectiveness,low,90000184,vendor_connection,0.48290198
resource_constrained,simulation_identity_control_effectiveness,low,90000364,vendor_connection,0.50060784
resource_constrained,simulation_identity_control_effectiveness,low,90000399,vendor_connection,0.50392558
resource_constrained,simulation_identity_control_effectiveness,low,90000204,vendor_connection,0.50919858
resource_constrained,simulation_identity_control_effectiveness,low,90000179,vendor_connection,0.51778541
resource_constrained,simulation_identity_control_effectiveness,low,90000344,vendor_connection,0.54373468
resource_constrained,simulation_identity_control_effectiveness,low,90000324,vendor_connection,0.54494312
resource_constrained,simulation_identity_control_effectiveness,low,90000084,vendor_connection,0.54518727
resource_constrained,simulation_identity_control_effectiveness,low,90000089,vendor_connection,0.55147324
resource_constrained,simulation_identity_control_effectiveness,low,90000169,vendor_connection,0.55155095
resource_constrained,simulation_identity_control_effectiveness,low,90000124,vendor_connection,0.55534284
resource_constrained,simulation_identity_control_effectiveness,low,90000274,vendor_connection,0.56486418
resource_constrained,simulation_identity_control_effectiveness,low,90000390,workstation,0.40808096
resource_constrained,simulation_identity_control_effectiveness,low,90000090,workstation,0.41092172
resource_constrained,simulation_identity_control_effectiveness,low,90000205,workstation,0.42224155
resource_constrained,simulation_identity_control_effectiveness,low,90000310,workstation,0.42630779
resource_constrained,simulation_identity_control_effectiveness,low,90000255,workstation,0.43726822
resource_constrained,simulation_identity_control_effectiveness,low,90000125,workstation,0.43886088
resource_constrained,simulation_identity_control_effectiveness,low,90000380,workstation,0.43918048
resource_constrained,simulation_identity_control_effectiveness,low,90000100,workstation,0.44440516
resource_constrained,simulation_identity_control_effectiveness,low,90000280,workstation,0.44697535
resource_constrained,simulation_identity_control_effectiveness,low,90000370,workstation,0.44956235
resource_constrained,simulation_identity_control_effectiveness,low,90000260,workstation,0.45337676
resource_constrained,simulation_identity_control_effectiveness,low,90000120,workstation,0.45483991
resource_constrained,simulation_identity_control_effectiveness,low,90000385,workstation,0.45705647
resource_constrained,simulation_identity_control_effectiveness,low,90000095,workstation,0.46553555
resource_constrained,simulation_identity_control_effectiveness,low,90000165,workstation,0.46856158
resource_constrained,simulation_identity_control_effectiveness,low,90000105,workstation,0.48268267
resource_constrained,simulation_identity_control_effectiveness,low,90000110,workstation,0.48325583
resource_constrained,simulation_identity_control_effectiveness,low,90000210,workstation,0.48548047
resource_constrained,simulation_identity_control_effectiveness,low,90000305,workstation,0.48657278
resource_constrained,simulation_identity_control_effectiveness,low,90000150,workstation,0.50790114
resource_constrained,simulation_identity_control_effectiveness,low,90000065,workstation,0.52030328
resource_constrained,simulation_identity_control_effectiveness,low,90000350,workstation,0.52141372
resource_constrained,simulation_identity_control_effectiveness,low,90000200,workstation,0.52228009
resource_constrained,simulation_identity_control_effectiveness,low,90000070,workstation,0.52328496
resource_constrained,simulation_identity_control_effectiveness,low,90000375,workstation,0.54166267
resource_constrained,simulation_identity_control_effectiveness,low,90000220,workstation,0.54523591
resource_constrained,simulation_identity_control_effectiveness,high,90000156,internet_facing,0.7778332
resource_constrained,simulation_identity_control_effectiveness,high,90000296,internet_facing,0.77841433
resource_constrained,simulation_identity_control_effectiveness,high,90000031,internet_facing,0.77843284
resource_constrained,simulation_identity_control_effectiveness,high,90000396,internet_facing,0.78486966
resource_constrained,simulation_identity_control_effectiveness,high,90000386,internet_facing,0.78870825
resource_constrained,simulation_identity_control_effectiveness,high,90000361,internet_facing,0.79009992
resource_constrained,simulation_identity_control_effectiveness,high,90000141,internet_facing,0.79515751
resource_constrained,simulation_identity_control_effectiveness,high,90000181,internet_facing,0.79750602
resource_constrained,simulation_identity_control_effectiveness,high,90000021,internet_facing,0.80463807
resource_constrained,simulation_identity_control_effectiveness,high,90000071,internet_facing,0.80632198
resource_constrained,simulation_identity_control_effectiveness,high,90000356,internet_facing,0.81503098
resource_constrained,simulation_identity_control_effectiveness,high,90000306,internet_facing,0.82928934
resource_constrained,simulation_identity_control_effectiveness,high,90000066,internet_facing,0.83642549
resource_constrained,simulation_identity_control_effectiveness,high,90000261,internet_facing,0.83982454
resource_constrained,simulation_identity_control_effectiveness,high,90000186,internet_facing,0.84006135
resource_constrained,simulation_identity_control_effectiveness,high,90000111,internet_facing,0.86297167
resource_constrained,simulation_identity_control_effectiveness,high,90000006,internet_facing,0.86540431
resource_constrained,simulation_identity_control_effectiveness,high,90000096,internet_facing,0.86897328
resource_constrained,simulation_identity_control_effectiveness,high,90000246,internet_facing,0.87014043
resource_constrained,simulation_identity_control_effectiveness,high,90000301,internet_facing,0.87266217
resource_constrained,simulation_identity_control_effectiveness,high,90000166,internet_facing,0.87341777
resource_constrained,simulation_identity_control_effectiveness,high,90000091,internet_facing,0.8748124
resource_constrained,simulation_identity_control_effectiveness,high,90000016,internet_facing,0.88118284
resource_constrained,simulation_identity_control_effectiveness,high,90000316,internet_facing,0.89162989
resource_constrained,simulation_identity_control_effectiveness,high,90000366,internet_facing,0.89241167
resource_constrained,simulation_identity_control_effectiveness,high,90000081,internet_facing,0.89825145
resource_constrained,simulation_identity_control_effectiveness,high,90000193,medical_device,0.74364897
resource_constrained,simulation_identity_control_effectiveness,high,90000058,medical_device,0.74897501
resource_constrained,simulation_identity_control_effectiveness,high,90000308,medical_device,0.75403918
resource_constrained,simulation_identity_control_effectiveness,high,90000153,medical_device,0.75525582
resource_constrained,simulation_identity_control_effectiveness,high,90000028,medical_device,0.75659719
resource_constrained,simulation_identity_control_effectiveness,high,90000103,medical_device,0.75753055
resource_constrained,simulation_identity_control_effectiveness,high,90000288,medical_device,0.77502131
resource_constrained,simulation_identity_control_effectiveness,high,90000013,medical_device,0.7817408
resource_constrained,simulation_identity_control_effectiveness,high,90000218,medical_device,0.80309899
resource_constrained,simulation_identity_control_effectiveness,high,90000033,medical_device,0.81442901
resource_constrained,simulation_identity_control_effectiveness,high,90000378,medical_device,0.82219215
resource_constrained,simulation_identity_control_effectiveness,high,90000228,medical_device,0.82433078
resource_constrained,simulation_identity_control_effectiveness,high,90000048,medical_device,0.83047493
resource_constrained,simulation_identity_control_effectiveness,high,90000188,medical_device,0.83675364
resource_constrained,simulation_identity_control_effectiveness,high,90000353,medical_device,0.83703041
resource_constrained,simulation_identity_control_effectiveness,high,90000018,medical_device,0.83798578
resource_constrained,simulation_identity_control_effectiveness,high,90000078,medical_device,0.83964725
resource_constrained,simulation_identity_control_effectiveness,high,90000233,medical_device,0.85580833
resource_constrained,simulation_identity_control_effectiveness,high,90000168,medical_device,0.86524572
resource_constrained,simulation_identity_control_effectiveness,high,90000318,medical_device,0.86811066
resource_constrained,simulation_identity_control_effectiveness,high,90000163,medical_device,0.87000177
resource_constrained,simulation_identity_control_effectiveness,high,90000398,medical_device,0.87103903
resource_constrained,simulation_identity_control_effectiveness,high,90000268,medical_device,0.87201164
resource_constrained,simulation_identity_control_effectiveness,high,90000108,medical_device,0.88048984
resource_constrained,simulation_identity_control_effectiveness,high,90000243,medical_device,0.88762992
resource_constrained,simulation_identity_control_effectiveness,high,90000223,medical_device,0.89457864
resource_constrained,simulation_identity_control_effectiveness,high,90000077,privileged_system,0.74768717
resource_constrained,simulation_identity_control_effectiveness,high,90000382,privileged_system,0.75588151
resource_constrained,simulation_identity_control_effectiveness,high,90000207,privileged_system,0.75965552
resource_constrained,simulation_identity_control_effectiveness,high,90000002,privileged_system,0.76857218
resource_constrained,simulation_identity_control_effectiveness,high,90000052,privileged_system,0.76956345
resource_constrained,simulation_identity_control_effectiveness,high,90000327,privileged_system,0.7699391
resource_constrained,simulation_identity_control_effectiveness,high,90000267,privileged_system,0.77093649
resource_constrained,simulation_identity_control_effectiveness,high,90000222,privileged_system,0.77925389
resource_constrained,simulation_identity_control_effectiveness,high,90000172,privileged_system,0.78613183
resource_constrained,simulation_identity_control_effectiveness,high,90000202,privileged_system,0.79063274
resource_constrained,simulation_identity_control_effectiveness,high,90000112,privileged_system,0.79300401
resource_constrained,simulation_identity_control_effectiveness,high,90000167,privileged_system,0.79734324
resource_constrained,simulation_identity_control_effectiveness,high,90000387,privileged_system,0.80773668
resource_constrained,simulation_identity_control_effectiveness,high,90000367,privileged_system,0.80828927
resource_constrained,simulation_identity_control_effectiveness,high,90000127,privileged_system,0.82094496
resource_constrained,simulation_identity_control_effectiveness,high,90000337,privileged_system,0.82904566
resource_constrained,simulation_identity_control_effectiveness,high,90000032,privileged_system,0.82962719
resource_constrained,simulation_identity_control_effectiveness,high,90000192,privileged_system,0.83228495
resource_constrained,simulation_identity_control_effectiveness,high,90000307,privileged_system,0.85485514
resource_constrained,simulation_identity_control_effectiveness,high,90000062,privileged_system,0.85733733
resource_constrained,simulation_identity_control_effectiveness,high,90000092,privileged_system,0.86254828
resource_constrained,simulation_identity_control_effectiveness,high,90000297,privileged_system,0.86393136
resource_constrained,simulation_identity_control_effectiveness,high,90000287,privileged_system,0.87914514
resource_constrained,simulation_identity_control_effectiveness,high,90000037,privileged_system,0.88821603
resource_constrained,simulation_identity_control_effectiveness,high,90000317,privileged_system,0.89288734
resource_constrained,simulation_identity_control_effectiveness,high,90000072,privileged_system,0.8931156
resource_constrained,simulation_identity_control_effectiveness,high,90000259,vendor_connection,0.73194695
resource_constrained,simulation_identity_control_effectiveness,high,90000094,vendor_connection,0.73255801
resource_constrained,simulation_identity_control_effectiveness,high,90000029,vendor_connection,0.74417212
resource_constrained,simulation_identity_control_effectiveness,high,90000139,vendor_connection,0.74727268
resource_constrained,simulation_identity_control_effectiveness,high,90000239,vendor_connection,0.75450811
resource_constrained,simulation_identity_control_effectiveness,high,90000134,vendor_connection,0.76518853
resource_constrained,simulation_identity_control_effectiveness,high,90000209,vendor_connection,0.78402766
resource_constrained,simulation_identity_control_effectiveness,high,90000379,vendor_connection,0.78893185
resource_constrained,simulation_identity_control_effectiveness,high,90000039,vendor_connection,0.78957835
resource_constrained,simulation_identity_control_effectiveness,high,90000349,vendor_connection,0.79135591
resource_constrained,simulation_identity_control_effectiveness,high,90000114,vendor_connection,0.79886755
resource_constrained,simulation_identity_control_effectiveness,high,90000264,vendor_connection,0.80208934
resource_constrained,simulation_identity_control_effectiveness,high,90000119,vendor_connection,0.80667655
resource_constrained,simulation_identity_control_effectiveness,high,90000144,vendor_connection,0.81283904
resource_constrained,simulation_identity_control_effectiveness,high,90000319,vendor_connection,0.82432792
resource_constrained,simulation_identity_control_effectiveness,high,90000329,vendor_connection,0.83914565
resource_constrained,simulation_identity_control_effectiveness,high,90000049,vendor_connection,0.84559414
resource_constrained,simulation_identity_control_effectiveness,high,90000044,vendor_connection,0.86438582
resource_constrained,simulation_identity_control_effectiveness,high,90000229,vendor_connection,0.87274609
resource_constrained,simulation_identity_control_effectiveness,high,90000249,vendor_connection,0.87416243
resource_constrained,simulation_identity_control_effectiveness,high,90000074,vendor_connection,0.87433913
resource_constrained,simulation_identity_control_effectiveness,high,90000014,vendor_connection,0.88958904
resource_constrained,simulation_identity_control_effectiveness,high,90000284,vendor_connection,0.89105386
resource_constrained,simulation_identity_control_effectiveness,high,90000004,vendor_connection,0.89147484
resource_constrained,simulation_identity_control_effectiveness,high,90000069,vendor_connection,0.89354282
resource_constrained,simulation_identity_control_effectiveness,high,90000099,vendor_connection,0.89383185
resource_constrained,simulation_identity_control_effectiveness,high,90000075,workstation,0.76321847
resource_constrained,simulation_identity_control_effectiveness,high,90000030,workstation,0.76793495
resource_constrained,simulation_identity_control_effectiveness,high,90000365,workstation,0.77284417
resource_constrained,simulation_identity_control_effectiveness,high,90000345,workstation,0.77346829
resource_constrained,simulation_identity_control_effectiveness,high,90000000,workstation,0.78070363
resource_constrained,simulation_identity_control_effectiveness,high,90000285,workstation,0.78150689
resource_constrained,simulation_identity_control_effectiveness,high,90000185,workstation,0.78901515
resource_constrained,simulation_identity_control_effectiveness,high,90000130,workstation,0.79241924
resource_constrained,simulation_identity_control_effectiveness,high,90000245,workstation,0.79246997
resource_constrained,simulation_identity_control_effectiveness,high,90000060,workstation,0.7965494
resource_constrained,simulation_identity_control_effectiveness,high,90000230,workstation,0.80044999
resource_constrained,simulation_identity_control_effectiveness,high,90000290,workstation,0.80455019
resource_constrained,simulation_identity_control_effectiveness,high,90000155,workstation,0.81975897
resource_constrained,simulation_identity_control_effectiveness,high,90000335,workstation,0.82890451
resource_constrained,simulation_identity_control_effectiveness,high,90000195,workstation,0.83399486
resource_constrained,simulation_identity_control_effectiveness,high,90000225,workstation,0.84006626
resource_constrained,simulation_identity_control_effectiveness,high,90000250,workstation,0.84370374
resource_constrained,simulation_identity_control_effectiveness,high,90000170,workstation,0.8437764
resource_constrained,simulation_identity_control_effectiveness,high,90000330,workstation,0.85171208
resource_constrained,simulation_identity_control_effectiveness,high,90000360,workstation,0.85290551
resource_constrained,simulation_identity_control_effectiveness,high,90000215,workstation,0.86803086
resource_constrained,simulation_identity_control_effectiveness,high,90000035,workstation,0.87624657
resource_constrained,simulation_identity_control_effectiveness,high,90000355,workstation,0.8822704
resource_constrained,simulation_identity_control_effectiveness,high,90000115,workstation,0.8906793
resource_constrained,simulation_identity_control_effectiveness,high,90000320,workstation,0.89119747
resource_constrained,simulation_identity_control_effectiveness,high,90000020,workstation,0.89968348
resource_constrained,simulation_patch_effectiveness,low,90000076,internet_facing,0.50301566
resource_constrained,simulation_patch_effectiveness,low,90000141,internet_facing,0.50505171
resource_constrained,simulation_patch_effectiveness,low,90000041,internet_facing,0.50971039
resource_constrained,simulation_patch_effectiveness,low,90000066,internet_facing,0.51446451
resource_constrained,simulation_patch_effectiveness,low,90000206,internet_facing,0.52742914
resource_constrained,simulation_patch_effectiveness,low,90000271,internet_facing,0.53402183
resource_constrained,simulation_patch_effectiveness,low,90000126,internet_facing,0.54496288
resource_constrained,simulation_patch_effectiveness,low,90000176,internet_facing,0.56752065
resource_constrained,simulation_patch_effectiveness,low,90000361,internet_facing,0.58368331
resource_constrained,simulation_patch_effectiveness,low,90000326,internet_facing,0.58822509
resource_constrained,simulation_patch_effectiveness,low,90000061,internet_facing,0.5964335
resource_constrained,simulation_patch_effectiveness,low,90000031,internet_facing,0.60286192
resource_constrained,simulation_patch_effectiveness,low,90000281,internet_facing,0.6106987
resource_constrained,simulation_patch_effectiveness,low,90000396,internet_facing,0.61438742
resource_constrained,simulation_patch_effectiveness,low,90000001,internet_facing,0.61533501
resource_constrained,simulation_patch_effectiveness,low,90000106,internet_facing,0.61647872
resource_constrained,simulation_patch_effectiveness,low,90000131,internet_facing,0.61885974
resource_constrained,simulation_patch_effectiveness,low,90000086,internet_facing,0.61957802
resource_constrained,simulation_patch_effectiveness,low,90000211,internet_facing,0.62311859
resource_constrained,simulation_patch_effectiveness,low,90000221,internet_facing,0.64331267
resource_constrained,simulation_patch_effectiveness,low,90000386,internet_facing,0.65109434
resource_constrained,simulation_patch_effectiveness,low,90000116,internet_facing,0.65492831
resource_constrained,simulation_patch_effectiveness,low,90000071,internet_facing,0.66144697
resource_constrained,simulation_patch_effectiveness,low,90000051,internet_facing,0.66514074
resource_constrained,simulation_patch_effectiveness,low,90000321,internet_facing,0.66547989
resource_constrained,simulation_patch_effectiveness,low,90000306,internet_facing,0.66715433
resource_constrained,simulation_patch_effectiveness,low,90000083,medical_device,0.50251672
resource_constrained,simulation_patch_effectiveness,low,90000338,medical_device,0.5118131
resource_constrained,simulation_patch_effectiveness,low,90000278,medical_device,0.51274075
resource_constrained,simulation_patch_effectiveness,low,90000158,medical_device,0.52553137
resource_constrained,simulation_patch_effectiveness,low,90000268,medical_device,0.52623372
resource_constrained,simulation_patch_effectiveness,low,90000063,medical_device,0.52751437
resource_constrained,simulation_patch_effectiveness,low,90000333,medical_device,0.52782185
resource_constrained,simulation_patch_effectiveness,low,90000108,medical_device,0.52854459
resource_constrained,simulation_patch_effectiveness,low,90000378,medical_device,0.53927362
resource_constrained,simulation_patch_effectiveness,low,90000393,medical_device,0.54165635
resource_constrained,simulation_patch_effectiveness,low,90000298,medical_device,0.55570767
resource_constrained,simulation_patch_effectiveness,low,90000398,medical_device,0.56052013
resource_constrained,simulation_patch_effectiveness,low,90000323,medical_device,0.5705348
resource_constrained,simulation_patch_effectiveness,low,90000183,medical_device,0.5738182
resource_constrained,simulation_patch_effectiveness,low,90000238,medical_device,0.57860568
resource_constrained,simulation_patch_effectiveness,low,90000383,medical_device,0.58773932
resource_constrained,simulation_patch_effectiveness,low,90000113,medical_device,0.60799404
resource_constrained,simulation_patch_effectiveness,low,90000208,medical_device,0.61179776
resource_constrained,simulation_patch_effectiveness,low,90000048,medical_device,0.61372748
resource_constrained,simulation_patch_effectiveness,low,90000193,medical_device,0.61854675
resource_constrained,simulation_patch_effectiveness,low,90000143,medical_device,0.63388479
resource_constrained,simulation_patch_effectiveness,low,90000388,medical_device,0.63516284
resource_constrained,simulation_patch_effectiveness,low,90000068,medical_device,0.63528571
resource_constrained,simulation_patch_effectiveness,low,90000153,medical_device,0.63881291
resource_constrained,simulation_patch_effectiveness,low,90000138,medical_device,0.65043339
resource_constrained,simulation_patch_effectiveness,low,90000078,medical_device,0.65332833
resource_constrained,simulation_patch_effectiveness,low,90000127,privileged_system,0.50130147
resource_constrained,simulation_patch_effectiveness,low,90000177,privileged_system,0.50169138
resource_constrained,simulation_patch_effectiveness,low,90000172,privileged_system,0.50959112
resource_constrained,simulation_patch_effectiveness,low,90000067,privileged_system,0.51258016
resource_constrained,simulation_patch_effectiveness,low,90000162,privileged_system,0.51623164
resource_constrained,simulation_patch_effectiveness,low,90000122,privileged_system,0.51634993
resource_constrained,simulation_patch_effectiveness,low,90000102,privileged_system,0.52048071
resource_constrained,simulation_patch_effectiveness,low,90000207,privileged_system,0.52294556
resource_constrained,simulation_patch_effectiveness,low,90000042,privileged_system,0.52353498
resource_constrained,simulation_patch_effectiveness,low,90000032,privileged_system,0.53027152
resource_constrained,simulation_patch_effectiveness,low,90000132,privileged_system,0.54240025
resource_constrained,simulation_patch_effectiveness,low,90000057,privileged_system,0.54841791
resource_constrained,simulation_patch_effectiveness,low,90000362,privileged_system,0.54968083
resource_constrained,simulation_patch_effectiveness,low,90000082,privileged_system,0.54994151
resource_constrained,simulation_patch_effectiveness,low,90000312,privileged_system,0.56119797
resource_constrained,simulation_patch_effectiveness,low,90000077,privileged_system,0.58049228
resource_constrained,simulation_patch_effectiveness,low,90000277,privileged_system,0.58359849
resource_constrained,simulation_patch_effectiveness,low,90000202,privileged_system,0.58497507
resource_constrained,simulation_patch_effectiveness,low,90000262,privileged_system,0.60190341
resource_constrained,simulation_patch_effectiveness,low,90000242,privileged_system,0.60299494
resource_constrained,simulation_patch_effectiveness,low,90000257,privileged_system,0.60618881
resource_constrained,simulation_patch_effectiveness,low,90000222,privileged_system,0.60694318
resource_constrained,simulation_patch_effectiveness,low,90000387,privileged_system,0.60868959
resource_constrained,simulation_patch_effectiveness,low,90000142,privileged_system,0.60920307
resource_constrained,simulation_patch_effectiveness,low,90000227,privileged_system,0.6152558
resource_constrained,simulation_patch_effectiveness,low,90000302,privileged_system,0.62146739
resource_constrained,simulation_patch_effectiveness,low,90000389,vendor_connection,0.50264079
resource_constrained,simulation_patch_effectiveness,low,90000369,vendor_connection,0.50728845
resource_constrained,simulation_patch_effectiveness,low,90000319,vendor_connection,0.50813026
resource_constrained,simulation_patch_effectiveness,low,90000279,vendor_connection,0.51858793
resource_constrained,simulation_patch_effectiveness,low,90000264,vendor_connection,0.53150985
resource_constrained,simulation_patch_effectiveness,low,90000214,vendor_connection,0.53529697
resource_constrained,simulation_patch_effectiveness,low,90000254,vendor_connection,0.54641294
resource_constrained,simulation_patch_effectiveness,low,90000199,vendor_connection,0.54730478
resource_constrained,simulation_patch_effectiveness,low,90000194,vendor_connection,0.55448323
resource_constrained,simulation_patch_effectiveness,low,90000009,vendor_connection,0.56010401
resource_constrained,simulation_patch_effectiveness,low,90000349,vendor_connection,0.57446262
resource_constrained,simulation_patch_effectiveness,low,90000099,vendor_connection,0.57614668
resource_constrained,simulation_patch_effectiveness,low,90000129,vendor_connection,0.57677413
resource_constrained,simulation_patch_effectiveness,low,90000189,vendor_connection,0.57725568
resource_constrained,simulation_patch_effectiveness,low,90000059,vendor_connection,0.57890524
resource_constrained,simulation_patch_effectiveness,low,90000344,vendor_connection,0.59546489
resource_constrained,simulation_patch_effectiveness,low,90000184,vendor_connection,0.62002924
resource_constrained,simulation_patch_effectiveness,low,90000119,vendor_connection,0.62385209
resource_constrained,simulation_patch_effectiveness,low,90000024,vendor_connection,0.62817292
resource_constrained,simulation_patch_effectiveness,low,90000139,vendor_connection,0.62866098
resource_constrained,simulation_patch_effectiveness,low,90000169,vendor_connection,0.63195386
resource_constrained,simulation_patch_effectiveness,low,90000154,vendor_connection,0.63601243
resource_constrained,simulation_patch_effectiveness,low,90000039,vendor_connection,0.63617972
resource_constrained,simulation_patch_effectiveness,low,90000019,vendor_connection,0.64507199
resource_constrained,simulation_patch_effectiveness,low,90000289,vendor_connection,0.64864537
resource_constrained,simulation_patch_effectiveness,low,90000089,vendor_connection,0.65127841
resource_constrained,simulation_patch_effectiveness,low,90000350,workstation,0.50388223
resource_constrained,simulation_patch_effectiveness,low,90000370,workstation,0.50421273
resource_constrained,simulation_patch_effectiveness,low,90000375,workstation,0.50932006
resource_constrained,simulation_patch_effectiveness,low,90000155,workstation,0.51143316
resource_constrained,simulation_patch_effectiveness,low,90000190,workstation,0.51298106
resource_constrained,simulation_patch_effectiveness,low,90000340,workstation,0.51377717
resource_constrained,simulation_patch_effectiveness,low,90000270,workstation,0.51667955
resource_constrained,simulation_patch_effectiveness,low,90000395,workstation,0.52298008
resource_constrained,simulation_patch_effectiveness,low,90000140,workstation,0.53250277
resource_constrained,simulation_patch_effectiveness,low,90000105,workstation,0.54140408
resource_constrained,simulation_patch_effectiveness,low,90000150,workstation,0.54470237
resource_constrained,simulation_patch_effectiveness,low,90000160,workstation,0.54843941
resource_constrained,simulation_patch_effectiveness,low,90000095,workstation,0.54846897
resource_constrained,simulation_patch_effectiveness,low,90000275,workstation,0.55359467
resource_constrained,simulation_patch_effectiveness,low,90000235,workstation,0.5619694
resource_constrained,simulation_patch_effectiveness,low,90000390,workstation,0.56485176
resource_constrained,simulation_patch_effectiveness,low,90000110,workstation,0.58256734
resource_constrained,simulation_patch_effectiveness,low,90000090,workstation,0.58297598
resource_constrained,simulation_patch_effectiveness,low,90000100,workstation,0.58901066
resource_constrained,simulation_patch_effectiveness,low,90000225,workstation,0.59273866
resource_constrained,simulation_patch_effectiveness,low,90000230,workstation,0.60137143
resource_constrained,simulation_patch_effectiveness,low,90000115,workstation,0.61318833
resource_constrained,simulation_patch_effectiveness,low,90000180,workstation,0.61628546
resource_constrained,simulation_patch_effectiveness,low,90000320,workstation,0.6221148
resource_constrained,simulation_patch_effectiveness,low,90000290,workstation,0.62858692
resource_constrained,simulation_patch_effectiveness,low,90000000,workstation,0.63247183
resource_constrained,simulation_patch_effectiveness,high,90000026,internet_facing,0.80957504
resource_constrained,simulation_patch_effectiveness,high,90000191,internet_facing,0.81202804
resource_constrained,simulation_patch_effectiveness,high,90000186,internet_facing,0.81239208
resource_constrained,simulation_patch_effectiveness,high,90000346,internet_facing,0.81264756
resource_constrained,simulation_patch_effectiveness,high,90000091,internet_facing,0.82161646
resource_constrained,simulation_patch_effectiveness,high,90000266,internet_facing,0.82163959
resource_constrained,simulation_patch_effectiveness,high,90000151,internet_facing,0.83211542
resource_constrained,simulation_patch_effectiveness,high,90000341,internet_facing,0.83428299
resource_constrained,simulation_patch_effectiveness,high,90000096,internet_facing,0.84529962
resource_constrained,simulation_patch_effectiveness,high,90000201,internet_facing,0.86069927
resource_constrained,simulation_patch_effectiveness,high,90000301,internet_facing,0.86142983
resource_constrained,simulation_patch_effectiveness,high,90000181,internet_facing,0.8616348
resource_constrained,simulation_patch_effectiveness,high,90000236,internet_facing,0.86467667
resource_constrained,simulation_patch_effectiveness,high,90000381,internet_facing,0.87104026
resource_constrained,simulation_patch_effectiveness,high,90000331,internet_facing,0.88003047
resource_constrained,simulation_patch_effectiveness,high,90000316,internet_facing,0.88800841
resource_constrained,simulation_patch_effectiveness,high,90000291,internet_facing,0.89353079
resource_constrained,simulation_patch_effectiveness,high,90000371,internet_facing,0.89799865
resource_constrained,simulation_patch_effectiveness,high,90000166,internet_facing,0.90345453
resource_constrained,simulation_patch_effectiveness,high,90000256,internet_facing,0.91097913
resource_constrained,simulation_patch_effectiveness,high,90000226,internet_facing,0.93190092
resource_constrained,simulation_patch_effectiveness,high,90000056,internet_facing,0.93436957
resource_constrained,simulation_patch_effectiveness,high,90000161,internet_facing,0.93956195
resource_constrained,simulation_patch_effectiveness,high,90000011,internet_facing,0.94183641
resource_constrained,simulation_patch_effectiveness,high,90000351,internet_facing,0.94675406
resource_constrained,simulation_patch_effectiveness,high,90000101,internet_facing,0.9479433
resource_constrained,simulation_patch_effectiveness,high,90000358,medical_device,0.79804103
resource_constrained,simulation_patch_effectiveness,high,90000218,medical_device,0.80471931
resource_constrained,simulation_patch_effectiveness,high,90000308,medical_device,0.80877805
resource_constrained,simulation_patch_effectiveness,high,90000353,medical_device,0.81899068
resource_constrained,simulation_patch_effectiveness,high,90000133,medical_device,0.82400366
resource_constrained,simulation_patch_effectiveness,high,90000088,medical_device,0.8326005
resource_constrained,simulation_patch_effectiveness,high,90000173,medical_device,0.86394592
resource_constrained,simulation_patch_effectiveness,high,90000313,medical_device,0.87214066
resource_constrained,simulation_patch_effectiveness,high,90000118,medical_device,0.88784026
resource_constrained,simulation_patch_effectiveness,high,90000148,medical_device,0.88827831
resource_constrained,simulation_patch_effectiveness,high,90000263,medical_device,0.90128327
resource_constrained,simulation_patch_effectiveness,high,90000053,medical_device,0.90415144
resource_constrained,simulation_patch_effectiveness,high,90000328,medical_device,0.91253459
resource_constrained,simulation_patch_effectiveness,high,90000303,medical_device,0.91445125
resource_constrained,simulation_patch_effectiveness,high,90000103,medical_device,0.9152214
resource_constrained,simulation_patch_effectiveness,high,90000008,medical_device,0.92490015
resource_constrained,simulation_patch_effectiveness,high,90000013,medical_device,0.92513588
resource_constrained,simulation_patch_effectiveness,high,90000093,medical_device,0.92772081
resource_constrained,simulation_patch_effectiveness,high,90000043,medical_device,0.9299419
resource_constrained,simulation_patch_effectiveness,high,90000283,medical_device,0.93032257
resource_constrained,simulation_patch_effectiveness,high,90000203,medical_device,0.9362579
resource_constrained,simulation_patch_effectiveness,high,90000368,medical_device,0.94630938
resource_constrained,simulation_patch_effectiveness,high,90000318,medical_device,0.94670857
resource_constrained,simulation_patch_effectiveness,high,90000288,medical_device,0.94697375
resource_constrained,simulation_patch_effectiveness,high,90000168,medical_device,0.94896687
resource_constrained,simulation_patch_effectiveness,high,90000348,medical_device,0.94949557
resource_constrained,simulation_patch_effectiveness,high,90000007,privileged_system,0.79860418
resource_constrained,simulation_patch_effectiveness,high,90000377,privileged_system,0.8097917
resource_constrained,simulation_patch_effectiveness,high,90000072,privileged_system,0.8128395
resource_constrained,simulation_patch_effectiveness,high,90000367,privileged_system,0.82031763
resource_constrained,simulation_patch_effectiveness,high,90000267,privileged_system,0.82091148
resource_constrained,simulation_patch_effectiveness,high,90000152,privileged_system,0.82519301
resource_constrained,simulation_patch_effectiveness,high,90000107,privileged_system,0.83465552
resource_constrained,simulation_patch_effectiveness,high,90000272,privileged_system,0.84137658
resource_constrained,simulation_patch_effectiveness,high,90000392,privileged_system,0.84171369
resource_constrained,simulation_patch_effectiveness,high,90000192,privileged_system,0.8442221
resource_constrained,simulation_patch_effectiveness,high,90000037,privileged_system,0.86642143
resource_constrained,simulation_patch_effectiveness,high,90000097,privileged_system,0.86824752
resource_constrained,simulation_patch_effectiveness,high,90000157,privileged_system,0.8685208
resource_constrained,simulation_patch_effectiveness,high,90000137,privileged_system,0.87111545
resource_constrained,simulation_patch_effectiveness,high,90000052,privileged_system,0.87160348
resource_constrained,simulation_patch_effectiveness,high,90000232,privileged_system,0.88536914
resource_constrained,simulation_patch_effectiveness,high,90000397,privileged_system,0.89337042
resource_constrained,simulation_patch_effectiveness,high,90000147,privileged_system,0.89497449
resource_constrained,simulation_patch_effectiveness,high,90000342,privileged_system,0.89550735
resource_constrained,simulation_patch_effectiveness,high,90000382,privileged_system,0.91427693
resource_constrained,simulation_patch_effectiveness,high,90000347,privileged_system,0.92207894
resource_constrained,simulation_patch_effectiveness,high,90000317,privileged_system,0.93372085
resource_constrained,simulation_patch_effectiveness,high,90000332,privileged_system,0.93462625
resource_constrained,simulation_patch_effectiveness,high,90000012,privileged_system,0.93849103
resource_constrained,simulation_patch_effectiveness,high,90000182,privileged_system,0.94266861
resource_constrained,simulation_patch_effectiveness,high,90000217,privileged_system,0.9427469
resource_constrained,simulation_patch_effectiveness,high,90000324,vendor_connection,0.80224516
resource_constrained,simulation_patch_effectiveness,high,90000204,vendor_connection,0.80377703
resource_constrained,simulation_patch_effectiveness,high,90000304,vendor_connection,0.80555676
resource_constrained,simulation_patch_effectiveness,high,90000354,vendor_connection,0.80627159
resource_constrained,simulation_patch_effectiveness,high,90000309,vendor_connection,0.82163809
resource_constrained,simulation_patch_effectiveness,high,90000229,vendor_connection,0.82467227
resource_constrained,simulation_patch_effectiveness,high,90000134,vendor_connection,0.85579048
resource_constrained,simulation_patch_effectiveness,high,90000034,vendor_connection,0.85870467
resource_constrained,simulation_patch_effectiveness,high,90000239,vendor_connection,0.87430329
resource_constrained,simulation_patch_effectiveness,high,90000084,vendor_connection,0.87837485
resource_constrained,simulation_patch_effectiveness,high,90000179,vendor_connection,0.8794717
resource_constrained,simulation_patch_effectiveness,high,90000234,vendor_connection,0.88664292
resource_constrained,simulation_patch_effectiveness,high,90000394,vendor_connection,0.89119755
resource_constrained,simulation_patch_effectiveness,high,90000079,vendor_connection,0.89741261
resource_constrained,simulation_patch_effectiveness,high,90000224,vendor_connection,0.90025622
resource_constrained,simulation_patch_effectiveness,high,90000399,vendor_connection,0.90512732
resource_constrained,simulation_patch_effectiveness,high,90000374,vendor_connection,0.91000642
resource_constrained,simulation_patch_effectiveness,high,90000174,vendor_connection,0.91249875
resource_constrained,simulation_patch_effectiveness,high,90000299,vendor_connection,0.91303217
resource_constrained,simulation_patch_effectiveness,high,90000109,vendor_connection,0.91448369
resource_constrained,simulation_patch_effectiveness,high,90000064,vendor_connection,0.91575419
resource_constrained,simulation_patch_effectiveness,high,90000219,vendor_connection,0.91981583
resource_constrained,simulation_patch_effectiveness,high,90000069,vendor_connection,0.92222
resource_constrained,simulation_patch_effectiveness,high,90000274,vendor_connection,0.93348475
resource_constrained,simulation_patch_effectiveness,high,90000284,vendor_connection,0.93419122
resource_constrained,simulation_patch_effectiveness,high,90000124,vendor_connection,0.94584027
resource_constrained,simulation_patch_effectiveness,high,90000055,workstation,0.80340832
resource_constrained,simulation_patch_effectiveness,high,90000315,workstation,0.81355568
resource_constrained,simulation_patch_effectiveness,high,90000360,workstation,0.81956461
resource_constrained,simulation_patch_effectiveness,high,90000265,workstation,0.82682754
resource_constrained,simulation_patch_effectiveness,high,90000325,workstation,0.82869435
resource_constrained,simulation_patch_effectiveness,high,90000120,workstation,0.83168057
resource_constrained,simulation_patch_effectiveness,high,90000385,workstation,0.84779216
resource_constrained,simulation_patch_effectiveness,high,90000005,workstation,0.85260742
resource_constrained,simulation_patch_effectiveness,high,90000260,workstation,0.85363925
resource_constrained,simulation_patch_effectiveness,high,90000355,workstation,0.859762
resource_constrained,simulation_patch_effectiveness,high,90000295,workstation,0.86441869
resource_constrained,simulation_patch_effectiveness,high,90000285,workstation,0.86976003
resource_constrained,simulation_patch_effectiveness,high,90000020,workstation,0.88192838
resource_constrained,simulation_patch_effectiveness,high,90000035,workstation,0.88593655
resource_constrained,simulation_patch_effectiveness,high,90000250,workstation,0.89415391
resource_constrained,simulation_patch_effectiveness,high,90000130,workstation,0.90089069
resource_constrained,simulation_patch_effectiveness,high,90000205,workstation,0.91889986
resource_constrained,simulation_patch_effectiveness,high,90000075,workstation,0.92200227
resource_constrained,simulation_patch_effectiveness,high,90000050,workstation,0.92274919
resource_constrained,simulation_patch_effectiveness,high,90000045,workstation,0.92588529
resource_constrained,simulation_patch_effectiveness,high,90000015,workstation,0.93276004
resource_constrained,simulation_patch_effectiveness,high,90000335,workstation,0.93292007
resource_constrained,simulation_patch_effectiveness,high,90000080,workstation,0.9349599
resource_constrained,simulation_patch_effectiveness,high,90000310,workstation,0.9429879
resource_constrained,simulation_patch_effectiveness,high,90000125,workstation,0.94335342
resource_constrained,simulation_patch_effectiveness,high,90000280,workstation,0.94813366
resource_constrained,simulation_patch_effectiveness_vendor,low,90000026,internet_facing,0.05855352
resource_constrained,simulation_patch_effectiveness_vendor,low,90000111,internet_facing,0.06164441
resource_constrained,simulation_patch_effectiveness_vendor,low,90000376,internet_facing,0.07076596
resource_constrained,simulation_patch_effectiveness_vendor,low,90000076,internet_facing,0.07929498
resource_constrained,simulation_patch_effectiveness_vendor,low,90000201,internet_facing,0.08524592
resource_constrained,simulation_patch_effectiveness_vendor,low,90000271,internet_facing,0.08676668
resource_constrained,simulation_patch_effectiveness_vendor,low,90000046,internet_facing,0.08929782
resource_constrained,simulation_patch_effectiveness_vendor,low,90000386,internet_facing,0.09056542
resource_constrained,simulation_patch_effectiveness_vendor,low,90000221,internet_facing,0.09296271
resource_constrained,simulation_patch_effectiveness_vendor,low,90000016,internet_facing,0.09583403
resource_constrained,simulation_patch_effectiveness_vendor,low,90000251,internet_facing,0.09658874
resource_constrained,simulation_patch_effectiveness_vendor,low,90000051,internet_facing,0.09680607
resource_constrained,simulation_patch_effectiveness_vendor,low,90000081,internet_facing,0.10010693
resource_constrained,simulation_patch_effectiveness_vendor,low,90000036,internet_facing,0.10062193
resource_constrained,simulation_patch_effectiveness_vendor,low,90000171,internet_facing,0.10299422
resource_constrained,simulation_patch_effectiveness_vendor,low,90000021,internet_facing,0.10467921
resource_constrained,simulation_patch_effectiveness_vendor,low,90000136,internet_facing,0.11669009
resource_constrained,simulation_patch_effectiveness_vendor,low,90000166,internet_facing,0.12048072
resource_constrained,simulation_patch_effectiveness_vendor,low,90000381,internet_facing,0.12339996
resource_constrained,simulation_patch_effectiveness_vendor,low,90000141,internet_facing,0.1255207
resource_constrained,simulation_patch_effectiveness_vendor,low,90000241,internet_facing,0.13329714
resource_constrained,simulation_patch_effectiveness_vendor,low,90000056,internet_facing,0.13531202
resource_constrained,simulation_patch_effectiveness_vendor,low,90000341,internet_facing,0.13798804
resource_constrained,simulation_patch_effectiveness_vendor,low,90000071,internet_facing,0.14385879
resource_constrained,simulation_patch_effectiveness_vendor,low,90000041,internet_facing,0.16067533
resource_constrained,simulation_patch_effectiveness_vendor,low,90000006,internet_facing,0.16223576
resource_constrained,simulation_patch_effectiveness_vendor,low,90000218,medical_device,0.05395733
resource_constrained,simulation_patch_effectiveness_vendor,low,90000393,medical_device,0.06229484
resource_constrained,simulation_patch_effectiveness_vendor,low,90000198,medical_device,0.06747689
resource_constrained,simulation_patch_effectiveness_vendor,low,90000123,medical_device,0.07763786
resource_constrained,simulation_patch_effectiveness_vendor,low,90000008,medical_device,0.09235292
resource_constrained,simulation_patch_effectiveness_vendor,low,90000383,medical_device,0.10202411
resource_constrained,simulation_patch_effectiveness_vendor,low,90000283,medical_device,0.10659758
resource_constrained,simulation_patch_effectiveness_vendor,low,90000378,medical_device,0.10735248
resource_constrained,simulation_patch_effectiveness_vendor,low,90000348,medical_device,0.13559765
resource_constrained,simulation_patch_effectiveness_vendor,low,90000103,medical_device,0.13923012
resource_constrained,simulation_patch_effectiveness_vendor,low,90000028,medical_device,0.14349908
resource_constrained,simulation_patch_effectiveness_vendor,low,90000253,medical_device,0.14352655
resource_constrained,simulation_patch_effectiveness_vendor,low,90000068,medical_device,0.15299145
resource_constrained,simulation_patch_effectiveness_vendor,low,90000023,medical_device,0.15708579
resource_constrained,simulation_patch_effectiveness_vendor,low,90000143,medical_device,0.15850495
resource_constrained,simulation_patch_effectiveness_vendor,low,90000333,medical_device,0.16114345
resource_constrained,simulation_patch_effectiveness_vendor,low,90000248,medical_device,0.17024183
resource_constrained,simulation_patch_effectiveness_vendor,low,90000243,medical_device,0.17200871
resource_constrained,simulation_patch_effectiveness_vendor,low,90000108,medical_device,0.17429865
resource_constrained,simulation_patch_effectiveness_vendor,low,90000088,medical_device,0.17469877
resource_constrained,simulation_patch_effectiveness_vendor,low,90000098,medical_device,0.17759551
resource_constrained,simulation_patch_effectiveness_vendor,low,90000228,medical_device,0.18485931
resource_constrained,simulation_patch_effectiveness_vendor,low,90000193,medical_device,0.1872578
resource_constrained,simulation_patch_effectiveness_vendor,low,90000298,medical_device,0.19947781
resource_constrained,simulation_patch_effectiveness_vendor,low,90000078,medical_device,0.20438536
resource_constrained,simulation_patch_effectiveness_vendor,low,90000238,medical_device,0.20723385
resource_constrained,simulation_patch_effectiveness_vendor,low,90000162,privileged_system,0.05194773
resource_constrained,simulation_patch_effectiveness_vendor,low,90000047,privileged_system,0.05927639
resource_constrained,simulation_patch_effectiveness_vendor,low,90000397,privileged_system,0.07229223
resource_constrained,simulation_patch_effectiveness_vendor,low,90000142,privileged_system,0.07513233
resource_constrained,simulation_patch_effectiveness_vendor,low,90000387,privileged_system,0.08019429
resource_constrained,simulation_patch_effectiveness_vendor,low,90000362,privileged_system,0.08412299
resource_constrained,simulation_patch_effectiveness_vendor,low,90000337,privileged_system,0.09173009
resource_constrained,simulation_patch_effectiveness_vendor,low,90000232,privileged_system,0.09391529
resource_constrained,simulation_patch_effectiveness_vendor,low,90000127,privileged_system,0.11058327
resource_constrained,simulation_patch_effectiveness_vendor,low,90000302,privileged_system,0.11431503
resource_constrained,simulation_patch_effectiveness_vendor,low,90000257,privileged_system,0.12897382
resource_constrained,simulation_patch_effectiveness_vendor,low,90000022,privileged_system,0.13710413
resource_constrained,simulation_patch_effectiveness_vendor,low,90000212,privileged_system,0.14269335
resource_constrained,simulation_patch_effectiveness_vendor,low,90000297,privileged_system,0.14281544
resource_constrained,simulation_patch_effectiveness_vendor,low,90000342,privileged_system,0.14716028
resource_constrained,simulation_patch_effectiveness_vendor,low,90000307,privileged_system,0.14784114
resource_constrained,simulation_patch_effectiveness_vendor,low,90000357,privileged_system,0.1485582
resource_constrained,simulation_patch_effectiveness_vendor,low,90000042,privileged_system,0.15356838
resource_constrained,simulation_patch_effectiveness_vendor,low,90000137,privileged_system,0.1547994
resource_constrained,simulation_patch_effectiveness_vendor,low,90000187,privileged_system,0.15620025
resource_constrained,simulation_patch_effectiveness_vendor,low,90000277,privileged_system,0.15703495
resource_constrained,simulation_patch_effectiveness_vendor,low,90000062,privileged_system,0.16656534
resource_constrained,simulation_patch_effectiveness_vendor,low,90000202,privileged_system,0.16676837
resource_constrained,simulation_patch_effectiveness_vendor,low,90000037,privileged_system,0.16826988
resource_constrained,simulation_patch_effectiveness_vendor,low,90000112,privileged_system,0.17496706
resource_constrained,simulation_patch_effectiveness_vendor,low,90000367,privileged_system,0.18153937
resource_constrained,simulation_patch_effectiveness_vendor,low,90000054,vendor_connection,0.05075322
resource_constrained,simulation_patch_effectiveness_vendor,low,90000034,vendor_connection,0.06027661
resource_constrained,simulation_patch_effectiveness_vendor,low,90000244,vendor_connection,0.0656498
resource_constrained,simulation_patch_effectiveness_vendor,low,90000344,vendor_connection,0.07688246
resource_constrained,simulation_patch_effectiveness_vendor,low,90000274,vendor_connection,0.08186921
resource_constrained,simulation_patch_effectiveness_vendor,low,90000289,vendor_connection,0.08258826
resource_constrained,simulation_patch_effectiveness_vendor,low,90000294,vendor_connection,0.09275987
resource_constrained,simulation_patch_effectiveness_vendor,low,90000209,vendor_connection,0.0934584
resource_constrained,simulation_patch_effectiveness_vendor,low,90000284,vendor_connection,0.09364856
resource_constrained,simulation_patch_effectiveness_vendor,low,90000314,vendor_connection,0.0937303
resource_constrained,simulation_patch_effectiveness_vendor,low,90000279,vendor_connection,0.10100276
resource_constrained,simulation_patch_effectiveness_vendor,low,90000049,vendor_connection,0.10611428
resource_constrained,simulation_patch_effectiveness_vendor,low,90000179,vendor_connection,0.10624792
resource_constrained,simulation_patch_effectiveness_vendor,low,90000399,vendor_connection,0.10950385
resource_constrained,simulation_patch_effectiveness_vendor,low,90000374,vendor_connection,0.10960219
resource_constrained,simulation_patch_effectiveness_vendor,low,90000124,vendor_connection,0.11259353
resource_constrained,simulation_patch_effectiveness_vendor,low,90000219,vendor_connection,0.11375759
resource_constrained,simulation_patch_effectiveness_vendor,low,90000359,vendor_connection,0.11467463
resource_constrained,simulation_patch_effectiveness_vendor,low,90000139,vendor_connection,0.11726607
resource_constrained,simulation_patch_effectiveness_vendor,low,90000024,vendor_connection,0.11817265
resource_constrained,simulation_patch_effectiveness_vendor,low,90000079,vendor_connection,0.13029467
resource_constrained,simulation_patch_effectiveness_vendor,low,90000004,vendor_connection,0.13279907
resource_constrained,simulation_patch_effectiveness_vendor,low,90000184,vendor_connection,0.13545014
resource_constrained,simulation_patch_effectiveness_vendor,low,90000324,vendor_connection,0.14169732
resource_constrained,simulation_patch_effectiveness_vendor,low,90000309,vendor_connection,0.14861336
resource_constrained,simulation_patch_effectiveness_vendor,low,90000259,vendor_connection,0.15066347
resource_constrained,simulation_patch_effectiveness_vendor,low,90000340,workstation,0.0534418
resource_constrained,simulation_patch_effectiveness_vendor,low,90000345,workstation,0.05970777
resource_constrained,simulation_patch_effectiveness_vendor,low,90000245,workstation,0.08430304
resource_constrained,simulation_patch_effectiveness_vendor,low,90000005,workstation,0.08950094
resource_constrained,simulation_patch_effectiveness_vendor,low,90000115,workstation,0.09027926
resource_constrained,simulation_patch_effectiveness_vendor,low,90000025,workstation,0.09511761
resource_constrained,simulation_patch_effectiveness_vendor,low,90000235,workstation,0.09598557
resource_constrained,simulation_patch_effectiveness_vendor,low,90000360,workstation,0.09689877
resource_constrained,simulation_patch_effectiveness_vendor,low,90000180,workstation,0.09908136
resource_constrained,simulation_patch_effectiveness_vendor,low,90000165,workstation,0.09988478
resource_constrained,simulation_patch_effectiveness_vendor,low,90000210,workstation,0.10811673
resource_constrained,simulation_patch_effectiveness_vendor,low,90000085,workstation,0.11112245
resource_constrained,simulation_patch_effectiveness_vendor,low,90000110,workstation,0.11430661
resource_constrained,simulation_patch_effectiveness_vendor,low,90000140,workstation,0.11795768
resource_constrained,simulation_patch_effectiveness_vendor,low,90000075,workstation,0.12583016
resource_constrained,simulation_patch_effectiveness_vendor,low,90000390,workstation,0.12726821
resource_constrained,simulation_patch_effectiveness_vendor,low,90000145,workstation,0.12963957
resource_constrained,simulation_patch_effectiveness_vendor,low,90000150,workstation,0.1358148
resource_constrained,simulation_patch_effectiveness_vendor,low,90000320,workstation,0.17365786
resource_constrained,simulation_patch_effectiveness_vendor,low,90000065,workstation,0.17579835
resource_constrained,simulation_patch_effectiveness_vendor,low,90000335,workstation,0.17627487
resource_constrained,simulation_patch_effectiveness_vendor,low,90000105,workstation,0.17823754
resource_constrained,simulation_patch_effectiveness_vendor,low,90000015,workstation,0.18476765
resource_constrained,simulation_patch_effectiveness_vendor,low,90000285,workstation,0.18644916
resource_constrained,simulation_patch_effectiveness_vendor,low,90000000,workstation,0.1968677
resource_constrained,simulation_patch_effectiveness_vendor,low,90000155,workstation,0.20040422
resource_constrained,simulation_patch_effectiveness_vendor,high,90000211,internet_facing,0.35714689
resource_constrained,simulation_patch_effectiveness_vendor,high,90000331,internet_facing,0.36222003
resource_constrained,simulation_patch_effectiveness_vendor,high,90000151,internet_facing,0.36601376
resource_constrained,simulation_patch_effectiveness_vendor,high,90000316,internet_facing,0.36833398
resource_constrained,simulation_patch_effectiveness_vendor,high,90000321,internet_facing,0.3684636
resource_constrained,simulation_patch_effectiveness_vendor,high,90000181,internet_facing,0.37166369
resource_constrained,simulation_patch_effectiveness_vendor,high,90000086,internet_facing,0.38021353
resource_constrained,simulation_patch_effectiveness_vendor,high,90000356,internet_facing,0.38258974
resource_constrained,simulation_patch_effectiveness_vendor,high,90000196,internet_facing,0.3893245
resource_constrained,simulation_patch_effectiveness_vendor,high,90000191,internet_facing,0.38945674
resource_constrained,simulation_patch_effectiveness_vendor,high,90000206,internet_facing,0.39100874
resource_constrained,simulation_patch_effectiveness_vendor,high,90000131,internet_facing,0.39481029
resource_constrained,simulation_patch_effectiveness_vendor,high,90000291,internet_facing,0.39624657
resource_constrained,simulation_patch_effectiveness_vendor,high,90000306,internet_facing,0.39963296
resource_constrained,simulation_patch_effectiveness_vendor,high,90000296,internet_facing,0.40142421
resource_constrained,simulation_patch_effectiveness_vendor,high,90000256,internet_facing,0.40207545
resource_constrained,simulation_patch_effectiveness_vendor,high,90000246,internet_facing,0.40369545
resource_constrained,simulation_patch_effectiveness_vendor,high,90000001,internet_facing,0.40603559
resource_constrained,simulation_patch_effectiveness_vendor,high,90000266,internet_facing,0.41744004
resource_constrained,simulation_patch_effectiveness_vendor,high,90000161,internet_facing,0.42300708
resource_constrained,simulation_patch_effectiveness_vendor,high,90000226,internet_facing,0.4232426
resource_constrained,simulation_patch_effectiveness_vendor,high,90000311,internet_facing,0.441366
resource_constrained,simulation_patch_effectiveness_vendor,high,90000351,internet_facing,0.44247703
resource_constrained,simulation_patch_effectiveness_vendor,high,90000336,internet_facing,0.44436792
resource_constrained,simulation_patch_effectiveness_vendor,high,90000396,internet_facing,0.44597582
resource_constrained,simulation_patch_effectiveness_vendor,high,90000091,internet_facing,0.4498733
resource_constrained,simulation_patch_effectiveness_vendor,high,90000128,medical_device,0.3368794
resource_constrained,simulation_patch_effectiveness_vendor,high,90000323,medical_device,0.33883148
resource_constrained,simulation_patch_effectiveness_vendor,high,90000043,medical_device,0.33966569
resource_constrained,simulation_patch_effectiveness_vendor,high,90000343,medical_device,0.34134292
resource_constrained,simulation_patch_effectiveness_vendor,high,90000113,medical_device,0.34263671
resource_constrained,simulation_patch_effectiveness_vendor,high,90000293,medical_device,0.34272169
resource_constrained,simulation_patch_effectiveness_vendor,high,90000338,medical_device,0.34375139
resource_constrained,simulation_patch_effectiveness_vendor,high,90000268,medical_device,0.35036694
resource_constrained,simulation_patch_effectiveness_vendor,high,90000138,medical_device,0.35056216
resource_constrained,simulation_patch_effectiveness_vendor,high,90000073,medical_device,0.35152629
resource_constrained,simulation_patch_effectiveness_vendor,high,90000223,medical_device,0.35671577
resource_constrained,simulation_patch_effectiveness_vendor,high,90000158,medical_device,0.36581571
resource_constrained,simulation_patch_effectiveness_vendor,high,90000388,medical_device,0.37060815
resource_constrained,simulation_patch_effectiveness_vendor,high,90000318,medical_device,0.37408288
resource_constrained,simulation_patch_effectiveness_vendor,high,90000263,medical_device,0.38891459
resource_constrained,simulation_patch_effectiveness_vendor,high,90000168,medical_device,0.39113063
resource_constrained,simulation_patch_effectiveness_vendor,high,90000288,medical_device,0.39884285
resource_constrained,simulation_patch_effectiveness_vendor,high,90000038,medical_device,0.41091278
resource_constrained,simulation_patch_effectiveness_vendor,high,90000133,medical_device,0.41107452
resource_constrained,simulation_patch_effectiveness_vendor,high,90000118,medical_device,0.41137247
resource_constrained,simulation_patch_effectiveness_vendor,high,90000153,medical_device,0.42212185
resource_constrained,simulation_patch_effectiveness_vendor,high,90000148,medical_device,0.42416494
resource_constrained,simulation_patch_effectiveness_vendor,high,90000273,medical_device,0.42613145
resource_constrained,simulation_patch_effectiveness_vendor,high,90000053,medical_device,0.43249447
resource_constrained,simulation_patch_effectiveness_vendor,high,90000003,medical_device,0.43403778
resource_constrained,simulation_patch_effectiveness_vendor,high,90000353,medical_device,0.44029969
resource_constrained,simulation_patch_effectiveness_vendor,high,90000197,privileged_system,0.33632793
resource_constrained,simulation_patch_effectiveness_vendor,high,90000097,privileged_system,0.34299057
resource_constrained,simulation_patch_effectiveness_vendor,high,90000092,privileged_system,0.35230393
resource_constrained,simulation_patch_effectiveness_vendor,high,90000252,privileged_system,0.36422052
resource_constrained,simulation_patch_effectiveness_vendor,high,90000032,privileged_system,0.37179736
resource_constrained,simulation_patch_effectiveness_vendor,high,90000002,privileged_system,0.37905787
resource_constrained,simulation_patch_effectiveness_vendor,high,90000217,privileged_system,0.38368767
resource_constrained,simulation_patch_effectiveness_vendor,high,90000317,privileged_system,0.38379468
resource_constrained,simulation_patch_effectiveness_vendor,high,90000052,privileged_system,0.38530308
resource_constrained,simulation_patch_effectiveness_vendor,high,90000272,privileged_system,0.40533491
resource_constrained,simulation_patch_effectiveness_vendor,high,90000347,privileged_system,0.40565932
resource_constrained,simulation_patch_effectiveness_vendor,high,90000332,privileged_system,0.40877403
resource_constrained,simulation_patch_effectiveness_vendor,high,90000327,privileged_system,0.41292189
resource_constrained,simulation_patch_effectiveness_vendor,high,90000237,privileged_system,0.41369234
resource_constrained,simulation_patch_effectiveness_vendor,high,90000382,privileged_system,0.41614936
resource_constrained,simulation_patch_effectiveness_vendor,high,90000077,privileged_system,0.42506649
resource_constrained,simulation_patch_effectiveness_vendor,high,90000072,privileged_system,0.42615446
resource_constrained,simulation_patch_effectiveness_vendor,high,90000147,privileged_system,0.4348065
resource_constrained,simulation_patch_effectiveness_vendor,high,90000122,privileged_system,0.43640981
resource_constrained,simulation_patch_effectiveness_vendor,high,90000167,privileged_system,0.43697833
resource_constrained,simulation_patch_effectiveness_vendor,high,90000152,privileged_system,0.43786926
resource_constrained,simulation_patch_effectiveness_vendor,high,90000267,privileged_system,0.4399938
resource_constrained,simulation_patch_effectiveness_vendor,high,90000157,privileged_system,0.44063382
resource_constrained,simulation_patch_effectiveness_vendor,high,90000352,privileged_system,0.44491159
resource_constrained,simulation_patch_effectiveness_vendor,high,90000107,privileged_system,0.44539081
resource_constrained,simulation_patch_effectiveness_vendor,high,90000247,privileged_system,0.44666703
resource_constrained,simulation_patch_effectiveness_vendor,high,90000329,vendor_connection,0.275008
resource_constrained,simulation_patch_effectiveness_vendor,high,90000214,vendor_connection,0.27506104
resource_constrained,simulation_patch_effectiveness_vendor,high,90000319,vendor_connection,0.27830547
resource_constrained,simulation_patch_effectiveness_vendor,high,90000224,vendor_connection,0.28644428
resource_constrained,simulation_patch_effectiveness_vendor,high,90000029,vendor_connection,0.29236094
resource_constrained,simulation_patch_effectiveness_vendor,high,90000349,vendor_connection,0.31156476
resource_constrained,simulation_patch_effectiveness_vendor,high,90000229,vendor_connection,0.32469273
resource_constrained,simulation_patch_effectiveness_vendor,high,90000059,vendor_connection,0.32851526
resource_constrained,simulation_patch_effectiveness_vendor,high,90000369,vendor_connection,0.32992145
resource_constrained,simulation_patch_effectiveness_vendor,high,90000014,vendor_connection,0.33257895
resource_constrained,simulation_patch_effectiveness_vendor,high,90000159,vendor_connection,0.34124736
resource_constrained,simulation_patch_effectiveness_vendor,high,90000264,vendor_connection,0.34409682
resource_constrained,simulation_patch_effectiveness_vendor,high,90000379,vendor_connection,0.34887483
resource_constrained,simulation_patch_effectiveness_vendor,high,90000269,vendor_connection,0.35315053
resource_constrained,simulation_patch_effectiveness_vendor,high,90000129,vendor_connection,0.36793447
resource_constrained,simulation_patch_effectiveness_vendor,high,90000164,vendor_connection,0.36866104
resource_constrained,simulation_patch_effectiveness_vendor,high,90000114,vendor_connection,0.37018667
resource_constrained,simulation_patch_effectiveness_vendor,high,90000199,vendor_connection,0.38203842
resource_constrained,simulation_patch_effectiveness_vendor,high,90000069,vendor_connection,0.38421341
resource_constrained,simulation_patch_effectiveness_vendor,high,90000299,vendor_connection,0.39192935
resource_constrained,simulation_patch_effectiveness_vendor,high,90000039,vendor_connection,0.39606834
resource_constrained,simulation_patch_effectiveness_vendor,high,90000394,vendor_connection,0.40424257
resource_constrained,simulation_patch_effectiveness_vendor,high,90000104,vendor_connection,0.4212213
resource_constrained,simulation_patch_effectiveness_vendor,high,90000119,vendor_connection,0.43169786
resource_constrained,simulation_patch_effectiveness_vendor,high,90000019,vendor_connection,0.43589865
resource_constrained,simulation_patch_effectiveness_vendor,high,90000364,vendor_connection,0.44308055
resource_constrained,simulation_patch_effectiveness_vendor,high,90000350,workstation,0.32974897
resource_constrained,simulation_patch_effectiveness_vendor,high,90000250,workstation,0.33152695
resource_constrained,simulation_patch_effectiveness_vendor,high,90000195,workstation,0.33871654
resource_constrained,simulation_patch_effectiveness_vendor,high,90000225,workstation,0.33897325
resource_constrained,simulation_patch_effectiveness_vendor,high,90000020,workstation,0.34349235
resource_constrained,simulation_patch_effectiveness_vendor,high,90000080,workstation,0.35256346
resource_constrained,simulation_patch_effectiveness_vendor,high,90000365,workstation,0.35466713
resource_constrained,simulation_patch_effectiveness_vendor,high,90000300,workstation,0.36726503
resource_constrained,simulation_patch_effectiveness_vendor,high,90000160,workstation,0.38149582
resource_constrained,simulation_patch_effectiveness_vendor,high,90000055,workstation,0.38457475
resource_constrained,simulation_patch_effectiveness_vendor,high,90000325,workstation,0.3849942
resource_constrained,simulation_patch_effectiveness_vendor,high,90000315,workstation,0.39422366
resource_constrained,simulation_patch_effectiveness_vendor,high,90000175,workstation,0.40047226
resource_constrained,simulation_patch_effectiveness_vendor,high,90000215,workstation,0.4043939
resource_constrained,simulation_patch_effectiveness_vendor,high,90000135,workstation,0.40442399
resource_constrained,simulation_patch_effectiveness_vendor,high,90000200,workstation,0.40819776
resource_constrained,simulation_patch_effectiveness_vendor,high,90000265,workstation,0.41449662
resource_constrained,simulation_patch_effectiveness_vendor,high,90000125,workstation,0.42111211
resource_constrained,simulation_patch_effectiveness_vendor,high,90000030,workstation,0.43044483
resource_constrained,simulation_patch_effectiveness_vendor,high,90000385,workstation,0.4343579
resource_constrained,simulation_patch_effectiveness_vendor,high,90000330,workstation,0.43509405
resource_constrained,simulation_patch_effectiveness_vendor,high,90000375,workstation,0.43813789
resource_constrained,simulation_patch_effectiveness_vendor,high,90000040,workstation,0.44101924
resource_constrained,simulation_patch_effectiveness_vendor,high,90000010,workstation,0.44526127
resource_constrained,simulation_patch_effectiveness_vendor,high,90000130,workstation,0.44618482
resource_constrained,simulation_patch_effectiveness_vendor,high,90000240,workstation,0.44900532
resource_constrained,simulation_rapid_isolation_success,low,90000231,internet_facing,0.40744199
resource_constrained,simulation_rapid_isolation_success,low,90000191,internet_facing,0.40750279
resource_constrained,simulation_rapid_isolation_success,low,90000356,internet_facing,0.40923545
resource_constrained,simulation_rapid_isolation_success,low,90000061,internet_facing,0.41569902
resource_constrained,simulation_rapid_isolation_success,low,90000211,internet_facing,0.42167895
resource_constrained,simulation_rapid_isolation_success,low,90000036,internet_facing,0.4222575
resource_constrained,simulation_rapid_isolation_success,low,90000171,internet_facing,0.43065398
resource_constrained,simulation_rapid_isolation_success,low,90000121,internet_facing,0.43379572
resource_constrained,simulation_rapid_isolation_success,low,90000176,internet_facing,0.43939617
resource_constrained,simulation_rapid_isolation_success,low,90000276,internet_facing,0.4404988
resource_constrained,simulation_rapid_isolation_success,low,90000086,internet_facing,0.4444799
resource_constrained,simulation_rapid_isolation_success,low,90000306,internet_facing,0.49142503
resource_constrained,simulation_rapid_isolation_success,low,90000046,internet_facing,0.49344634
resource_constrained,simulation_rapid_isolation_success,low,90000286,internet_facing,0.50507578
resource_constrained,simulation_rapid_isolation_success,low,90000256,internet_facing,0.51751731
resource_constrained,simulation_rapid_isolation_success,low,90000041,internet_facing,0.5236077
resource_constrained,simulation_rapid_isolation_success,low,90000216,internet_facing,0.53573912
resource_constrained,simulation_rapid_isolation_success,low,90000151,internet_facing,0.54341275
resource_constrained,simulation_rapid_isolation_success,low,90000001,internet_facing,0.54623144
resource_constrained,simulation_rapid_isolation_success,low,90000186,internet_facing,0.54913293
resource_constrained,simulation_rapid_isolation_success,low,90000091,internet_facing,0.55208983
resource_constrained,simulation_rapid_isolation_success,low,90000016,internet_facing,0.55297222
resource_constrained,simulation_rapid_isolation_success,low,90000321,internet_facing,0.55540261
resource_constrained,simulation_rapid_isolation_success,low,90000386,internet_facing,0.55560016
resource_constrained,simulation_rapid_isolation_success,low,90000071,internet_facing,0.55571414
resource_constrained,simulation_rapid_isolation_success,low,90000226,internet_facing,0.5756963
resource_constrained,simulation_rapid_isolation_success,low,90000378,medical_device,0.405874
resource_constrained,simulation_rapid_isolation_success,low,90000328,medical_device,0.41023282
resource_constrained,simulation_rapid_isolation_success,low,90000098,medical_device,0.41074015
resource_constrained,simulation_rapid_isolation_success,low,90000088,medical_device,0.42269544
resource_constrained,simulation_rapid_isolation_success,low,90000278,medical_device,0.42495122
resource_constrained,simulation_rapid_isolation_success,low,90000173,medical_device,0.42813032
resource_constrained,simulation_rapid_isolation_success,low,90000178,medical_device,0.4293358
resource_constrained,simulation_rapid_isolation_success,low,90000318,medical_device,0.43712006
resource_constrained,simulation_rapid_isolation_success,low,90000148,medical_device,0.43884748
resource_constrained,simulation_rapid_isolation_success,low,90000393,medical_device,0.44723723
resource_constrained,simulation_rapid_isolation_success,low,90000333,medical_device,0.45157249
resource_constrained,simulation_rapid_isolation_success,low,90000353,medical_device,0.45838725
resource_constrained,simulation_rapid_isolation_success,low,90000128,medical_device,0.45922799
resource_constrained,simulation_rapid_isolation_success,low,90000308,medical_device,0.47349814
resource_constrained,simulation_rapid_isolation_success,low,90000053,medical_device,0.48988954
resource_constrained,simulation_rapid_isolation_success,low,90000243,medical_device,0.49044352
resource_constrained,simulation_rapid_isolation_success,low,90000218,medical_device,0.49100993
resource_constrained,simulation_rapid_isolation_success,low,90000358,medical_device,0.49115963
resource_constrained,simulation_rapid_isolation_success,low,90000063,medical_device,0.49883616
resource_constrained,simulation_rapid_isolation_success,low,90000068,medical_device,0.50692296
resource_constrained,simulation_rapid_isolation_success,low,90000298,medical_device,0.51075792
resource_constrained,simulation_rapid_isolation_success,low,90000198,medical_device,0.51354016
resource_constrained,simulation_rapid_isolation_success,low,90000143,medical_device,0.51573142
resource_constrained,simulation_rapid_isolation_success,low,90000103,medical_device,0.52160731
resource_constrained,simulation_rapid_isolation_success,low,90000338,medical_device,0.52394263
resource_constrained,simulation_rapid_isolation_success,low,90000293,medical_device,0.5245796
resource_constrained,simulation_rapid_isolation_success,low,90000082,privileged_system,0.41018069
resource_constrained,simulation_rapid_isolation_success,low,90000392,privileged_system,0.41365799
resource_constrained,simulation_rapid_isolation_success,low,90000297,privileged_system,0.41684648
resource_constrained,simulation_rapid_isolation_success,low,90000012,privileged_system,0.42281832
resource_constrained,simulation_rapid_isolation_success,low,90000387,privileged_system,0.42406946
resource_constrained,simulation_rapid_isolation_success,low,90000062,privileged_system,0.42900836
resource_constrained,simulation_rapid_isolation_success,low,90000072,privileged_system,0.43110431
resource_constrained,simulation_rapid_isolation_success,low,90000102,privileged_system,0.44046768
resource_constrained,simulation_rapid_isolation_success,low,90000092,privileged_system,0.44861899
resource_constrained,simulation_rapid_isolation_success,low,90000252,privileged_system,0.45063741
resource_constrained,simulation_rapid_isolation_success,low,90000142,privileged_system,0.45644548
resource_constrained,simulation_rapid_isolation_success,low,90000087,privileged_system,0.46644744
resource_constrained,simulation_rapid_isolation_success,low,90000357,privileged_system,0.47228725
resource_constrained,simulation_rapid_isolation_success,low,90000337,privileged_system,0.47270242
resource_constrained,simulation_rapid_isolation_success,low,90000182,privileged_system,0.47270666
resource_constrained,simulation_rapid_isolation_success,low,90000262,privileged_system,0.47816271
resource_constrained,simulation_rapid_isolation_success,low,90000042,privileged_system,0.48429005
resource_constrained,simulation_rapid_isolation_success,low,90000017,privileged_system,0.48602328
resource_constrained,simulation_rapid_isolation_success,low,90000077,privileged_system,0.48794767
resource_constrained,simulation_rapid_isolation_success,low,90000172,privileged_system,0.49100478
resource_constrained,simulation_rapid_isolation_success,low,90000212,privileged_system,0.4949287
resource_constrained,simulation_rapid_isolation_success,low,90000032,privileged_system,0.49763816
resource_constrained,simulation_rapid_isolation_success,low,90000187,privileged_system,0.50597879
resource_constrained,simulation_rapid_isolation_success,low,90000167,privileged_system,0.50859034
resource_constrained,simulation_rapid_isolation_success,low,90000272,privileged_system,0.50916096
resource_constrained,simulation_rapid_isolation_success,low,90000257,privileged_system,0.51149095
resource_constrained,simulation_rapid_isolation_success,low,90000199,vendor_connection,0.40009735
resource_constrained,simulation_rapid_isolation_success,low,90000324,vendor_connection,0.4094279
resource_constrained,simulation_rapid_isolation_success,low,90000019,vendor_connection,0.4172928
resource_constrained,simulation_rapid_isolation_success,low,90000344,vendor_connection,0.42461249
resource_constrained,simulation_rapid_isolation_success,low,90000064,vendor_connection,0.43328489
resource_constrained,simulation_rapid_isolation_success,low,90000339,vendor_connection,0.43402168
resource_constrained,simulation_rapid_isolation_success,low,90000299,vendor_connection,0.44189144
resource_constrained,simulation_rapid_isolation_success,low,90000284,vendor_connection,0.45516754
resource_constrained,simulation_rapid_isolation_success,low,90000039,vendor_connection,0.45621302
resource_constrained,simulation_rapid_isolation_success,low,90000194,vendor_connection,0.45678777
resource_constrained,simulation_rapid_isolation_success,low,90000164,vendor_connection,0.45757223
resource_constrained,simulation_rapid_isolation_success,low,90000144,vendor_connection,0.46460333
resource_constrained,simulation_rapid_isolation_success,low,90000399,vendor_connection,0.47011043
resource_constrained,simulation_rapid_isolation_success,low,90000334,vendor_connection,0.47039697
resource_constrained,simulation_rapid_isolation_success,low,90000254,vendor_connection,0.47243191
resource_constrained,simulation_rapid_isolation_success,low,90000304,vendor_connection,0.48060797
resource_constrained,simulation_rapid_isolation_success,low,90000394,vendor_connection,0.48865478
resource_constrained,simulation_rapid_isolation_success,low,90000054,vendor_connection,0.50106762
resource_constrained,simulation_rapid_isolation_success,low,90000009,vendor_connection,0.50213275
resource_constrained,simulation_rapid_isolation_success,low,90000179,vendor_connection,0.51330233
resource_constrained,simulation_rapid_isolation_success,low,90000234,vendor_connection,0.51453903
resource_constrained,simulation_rapid_isolation_success,low,90000174,vendor_connection,0.52820586
resource_constrained,simulation_rapid_isolation_success,low,90000184,vendor_connection,0.535625
resource_constrained,simulation_rapid_isolation_success,low,90000224,vendor_connection,0.55062913
resource_constrained,simulation_rapid_isolation_success,low,90000314,vendor_connection,0.55077757
resource_constrained,simulation_rapid_isolation_success,low,90000294,vendor_connection,0.55126732
resource_constrained,simulation_rapid_isolation_success,low,90000000,workstation,0.40080045
resource_constrained,simulation_rapid_isolation_success,low,90000235,workstation,0.40189488
resource_constrained,simulation_rapid_isolation_success,low,90000345,workstation,0.40491591
resource_constrained,simulation_rapid_isolation_success,low,90000220,workstation,0.41171815
resource_constrained,simulation_rapid_isolation_success,low,90000370,workstation,0.41822186
resource_constrained,simulation_rapid_isolation_success,low,90000050,workstation,0.42204913
resource_constrained,simulation_rapid_isolation_success,low,90000215,workstation,0.42411702
resource_constrained,simulation_rapid_isolation_success,low,90000270,workstation,0.42570109
resource_constrained,simulation_rapid_isolation_success,low,90000080,workstation,0.42829793
resource_constrained,simulation_rapid_isolation_success,low,90000190,workstation,0.42889826
resource_constrained,simulation_rapid_isolation_success,low,90000185,workstation,0.43497775
resource_constrained,simulation_rapid_isolation_success,low,90000315,workstation,0.4364742
resource_constrained,simulation_rapid_isolation_success,low,90000295,workstation,0.43849988
resource_constrained,simulation_rapid_isolation_success,low,90000115,workstation,0.45581631
resource_constrained,simulation_rapid_isolation_success,low,90000250,workstation,0.45842031
resource_constrained,simulation_rapid_isolation_success,low,90000360,workstation,0.46973968
resource_constrained,simulation_rapid_isolation_success,low,90000150,workstation,0.47314487
resource_constrained,simulation_rapid_isolation_success,low,90000355,workstation,0.49468038
resource_constrained,simulation_rapid_isolation_success,low,90000105,workstation,0.49527982
resource_constrained,simulation_rapid_isolation_success,low,90000095,workstation,0.49660417
resource_constrained,simulation_rapid_isolation_success,low,90000135,workstation,0.49845005
resource_constrained,simulation_rapid_isolation_success,low,90000160,workstation,0.51001206
resource_constrained,simulation_rapid_isolation_success,low,90000085,workstation,0.51539932
resource_constrained,simulation_rapid_isolation_success,low,90000395,workstation,0.52013942
resource_constrained,simulation_rapid_isolation_success,low,90000285,workstation,0.5207484
resource_constrained,simulation_rapid_isolation_success,low,90000195,workstation,0.52952633
resource_constrained,simulation_rapid_isolation_success,high,90000081,internet_facing,0.70459456
resource_constrained,simulation_rapid_isolation_success,high,90000196,internet_facing,0.70675189
resource_constrained,simulation_rapid_isolation_success,high,90000366,internet_facing,0.72407568
resource_constrained,simulation_rapid_isolation_success,high,90000096,internet_facing,0.73404266
resource_constrained,simulation_rapid_isolation_success,high,90000351,internet_facing,0.73570729
resource_constrained,simulation_rapid_isolation_success,high,90000026,internet_facing,0.74543947
resource_constrained,simulation_rapid_isolation_success,high,90000251,internet_facing,0.75215569
resource_constrained,simulation_rapid_isolation_success,high,90000296,internet_facing,0.75521445
resource_constrained,simulation_rapid_isolation_success,high,90000126,internet_facing,0.7607812
resource_constrained,simulation_rapid_isolation_success,high,90000316,internet_facing,0.76196917
resource_constrained,simulation_rapid_isolation_success,high,90000161,internet_facing,0.76311191
resource_constrained,simulation_rapid_isolation_success,high,90000116,internet_facing,0.76938064
resource_constrained,simulation_rapid_isolation_success,high,90000381,internet_facing,0.77035248
resource_constrained,simulation_rapid_isolation_success,high,90000271,internet_facing,0.77569346
resource_constrained,simulation_rapid_isolation_success,high,90000311,internet_facing,0.78660835
resource_constrained,simulation_rapid_isolation_success,high,90000266,internet_facing,0.7926554
resource_constrained,simulation_rapid_isolation_success,high,90000301,internet_facing,0.79983819
resource_constrained,simulation_rapid_isolation_success,high,90000371,internet_facing,0.80634259
resource_constrained,simulation_rapid_isolation_success,high,90000246,internet_facing,0.82622583
resource_constrained,simulation_rapid_isolation_success,high,90000261,internet_facing,0.82819018
resource_constrained,simulation_rapid_isolation_success,high,90000336,internet_facing,0.83425717
resource_constrained,simulation_rapid_isolation_success,high,90000011,internet_facing,0.83604937
resource_constrained,simulation_rapid_isolation_success,high,90000056,internet_facing,0.83780101
resource_constrained,simulation_rapid_isolation_success,high,90000131,internet_facing,0.84304083
resource_constrained,simulation_rapid_isolation_success,high,90000236,internet_facing,0.84415331
resource_constrained,simulation_rapid_isolation_success,high,90000221,internet_facing,0.84508881
resource_constrained,simulation_rapid_isolation_success,high,90000213,medical_device,0.71721362
resource_constrained,simulation_rapid_isolation_success,high,90000048,medical_device,0.72099007
resource_constrained,simulation_rapid_isolation_success,high,90000288,medical_device,0.72828325
resource_constrained,simulation_rapid_isolation_success,high,90000283,medical_device,0.72926263
resource_constrained,simulation_rapid_isolation_success,high,90000223,medical_device,0.73064823
resource_constrained,simulation_rapid_isolation_success,high,90000233,medical_device,0.73630104
resource_constrained,simulation_rapid_isolation_success,high,90000003,medical_device,0.73954982
resource_constrained,simulation_rapid_isolation_success,high,90000388,medical_device,0.74218683
resource_constrained,simulation_rapid_isolation_success,high,90000118,medical_device,0.74304552
resource_constrained,simulation_rapid_isolation_success,high,90000168,medical_device,0.74392703
resource_constrained,simulation_rapid_isolation_success,high,90000268,medical_device,0.74775235
resource_constrained,simulation_rapid_isolation_success,high,90000208,medical_device,0.75352433
resource_constrained,simulation_rapid_isolation_success,high,90000273,medical_device,0.75908256
resource_constrained,simulation_rapid_isolation_success,high,90000033,medical_device,0.76555821
resource_constrained,simulation_rapid_isolation_success,high,90000368,medical_device,0.77093843
resource_constrained,simulation_rapid_isolation_success,high,90000398,medical_device,0.79573667
resource_constrained,simulation_rapid_isolation_success,high,90000153,medical_device,0.79807802
resource_constrained,simulation_rapid_isolation_success,high,90000133,medical_device,0.79986705
resource_constrained,simulation_rapid_isolation_success,high,90000023,medical_device,0.80640428
resource_constrained,simulation_rapid_isolation_success,high,90000323,medical_device,0.80702154
resource_constrained,simulation_rapid_isolation_success,high,90000253,medical_device,0.81492355
resource_constrained,simulation_rapid_isolation_success,high,90000263,medical_device,0.81533467
resource_constrained,simulation_rapid_isolation_success,high,90000108,medical_device,0.82346283
resource_constrained,simulation_rapid_isolation_success,high,90000303,medical_device,0.8317872
resource_constrained,simulation_rapid_isolation_success,high,90000078,medical_device,0.83178865
resource_constrained,simulation_rapid_isolation_success,high,90000193,medical_device,0.83828235
resource_constrained,simulation_rapid_isolation_success,high,90000127,privileged_system,0.74187807
resource_constrained,simulation_rapid_isolation_success,high,90000232,privileged_system,0.7448108
resource_constrained,simulation_rapid_isolation_success,high,90000222,privileged_system,0.74692188
resource_constrained,simulation_rapid_isolation_success,high,90000192,privileged_system,0.74873658
resource_constrained,simulation_rapid_isolation_success,high,90000057,privileged_system,0.75137078
resource_constrained,simulation_rapid_isolation_success,high,90000242,privileged_system,0.75334439
resource_constrained,simulation_rapid_isolation_success,high,90000227,privileged_system,0.76029175
resource_constrained,simulation_rapid_isolation_success,high,90000322,privileged_system,0.76075967
resource_constrained,simulation_rapid_isolation_success,high,90000277,privileged_system,0.77110321
resource_constrained,simulation_rapid_isolation_success,high,90000197,privileged_system,0.77994135
resource_constrained,simulation_rapid_isolation_success,high,90000247,privileged_system,0.78849509
resource_constrained,simulation_rapid_isolation_success,high,90000302,privileged_system,0.79263704
resource_constrained,simulation_rapid_isolation_success,high,90000347,privileged_system,0.80259159
resource_constrained,simulation_rapid_isolation_success,high,90000237,privileged_system,0.80361968
resource_constrained,simulation_rapid_isolation_success,high,90000047,privileged_system,0.80688297
resource_constrained,simulation_rapid_isolation_success,high,90000037,privileged_system,0.8150958
resource_constrained,simulation_rapid_isolation_success,high,90000007,privileged_system,0.81814518
resource_constrained,simulation_rapid_isolation_success,high,90000027,privileged_system,0.82625891
resource_constrained,simulation_rapid_isolation_success,high,90000112,privileged_system,0.82879467
resource_constrained,simulation_rapid_isolation_success,high,90000367,privileged_system,0.83247719
resource_constrained,simulation_rapid_isolation_success,high,90000217,privileged_system,0.8326527
resource_constrained,simulation_rapid_isolation_success,high,90000097,privileged_system,0.84019155
resource_constrained,simulation_rapid_isolation_success,high,90000312,privileged_system,0.843549
resource_constrained,simulation_rapid_isolation_success,high,90000207,privileged_system,0.84577929
resource_constrained,simulation_rapid_isolation_success,high,90000327,privileged_system,0.84674002
resource_constrained,simulation_rapid_isolation_success,high,90000147,privileged_system,0.84930514
resource_constrained,simulation_rapid_isolation_success,high,90000124,vendor_connection,0.72707161
resource_constrained,simulation_rapid_isolation_success,high,90000099,vendor_connection,0.72832103
resource_constrained,simulation_rapid_isolation_success,high,90000349,vendor_connection,0.73079324
resource_constrained,simulation_rapid_isolation_success,high,90000229,vendor_connection,0.73118834
resource_constrained,simulation_rapid_isolation_success,high,90000139,vendor_connection,0.73395228
resource_constrained,simulation_rapid_isolation_success,high,90000034,vendor_connection,0.73469633
resource_constrained,simulation_rapid_isolation_success,high,90000189,vendor_connection,0.76384618
resource_constrained,simulation_rapid_isolation_success,high,90000264,vendor_connection,0.7651993
resource_constrained,simulation_rapid_isolation_success,high,90000274,vendor_connection,0.76539799
resource_constrained,simulation_rapid_isolation_success,high,90000159,vendor_connection,0.7673227
resource_constrained,simulation_rapid_isolation_success,high,90000079,vendor_connection,0.76832612
resource_constrained,simulation_rapid_isolation_success,high,90000364,vendor_connection,0.77142404
resource_constrained,simulation_rapid_isolation_success,high,90000209,vendor_connection,0.78641529
resource_constrained,simulation_rapid_isolation_success,high,90000129,vendor_connection,0.7881544
resource_constrained,simulation_rapid_isolation_success,high,90000259,vendor_connection,0.79189976
resource_constrained,simulation_rapid_isolation_success,high,90000329,vendor_connection,0.79564436
resource_constrained,simulation_rapid_isolation_success,high,90000014,vendor_connection,0.79733606
resource_constrained,simulation_rapid_isolation_success,high,90000059,vendor_connection,0.79941321
resource_constrained,simulation_rapid_isolation_success,high,90000069,vendor_connection,0.8030458
resource_constrained,simulation_rapid_isolation_success,high,90000289,vendor_connection,0.80964949
resource_constrained,simulation_rapid_isolation_success,high,90000204,vendor_connection,0.82404093
resource_constrained,simulation_rapid_isolation_success,high,90000249,vendor_connection,0.83304048
resource_constrained,simulation_rapid_isolation_success,high,90000374,vendor_connection,0.8341425
resource_constrained,simulation_rapid_isolation_success,high,90000119,vendor_connection,0.83921634
resource_constrained,simulation_rapid_isolation_success,high,90000369,vendor_connection,0.84264583
resource_constrained,simulation_rapid_isolation_success,high,90000244,vendor_connection,0.84636214
resource_constrained,simulation_rapid_isolation_success,high,90000225,workstation,0.68038057
resource_constrained,simulation_rapid_isolation_success,high,90000170,workstation,0.69175225
resource_constrained,simulation_rapid_isolation_success,high,90000205,workstation,0.6943478
resource_constrained,simulation_rapid_isolation_success,high,90000385,workstation,0.70417183
resource_constrained,simulation_rapid_isolation_success,high,90000025,workstation,0.71998088
resource_constrained,simulation_rapid_isolation_success,high,90000230,workstation,0.7210017
resource_constrained,simulation_rapid_isolation_success,high,90000325,workstation,0.72781204
resource_constrained,simulation_rapid_isolation_success,high,90000260,workstation,0.7303394
resource_constrained,simulation_rapid_isolation_success,high,90000165,workstation,0.73744431
resource_constrained,simulation_rapid_isolation_success,high,90000340,workstation,0.74221224
resource_constrained,simulation_rapid_isolation_success,high,90000200,workstation,0.74674306
resource_constrained,simulation_rapid_isolation_success,high,90000030,workstation,0.75447892
resource_constrained,simulation_rapid_isolation_success,high,90000390,workstation,0.77513642
resource_constrained,simulation_rapid_isolation_success,high,90000145,workstation,0.77772299
resource_constrained,simulation_rapid_isolation_success,high,90000245,workstation,0.79070437
resource_constrained,simulation_rapid_isolation_success,high,90000040,workstation,0.79161212
resource_constrained,simulation_rapid_isolation_success,high,90000255,workstation,0.7918752
resource_constrained,simulation_rapid_isolation_success,high,90000090,workstation,0.79328579
resource_constrained,simulation_rapid_isolation_success,high,90000130,workstation,0.79496094
resource_constrained,simulation_rapid_isolation_success,high,90000125,workstation,0.80034185
resource_constrained,simulation_rapid_isolation_success,high,90000155,workstation,0.80172198
resource_constrained,simulation_rapid_isolation_success,high,90000275,workstation,0.802313
resource_constrained,simulation_rapid_isolation_success,high,90000045,workstation,0.80331097
resource_constrained,simulation_rapid_isolation_success,high,90000335,workstation,0.81786428
resource_constrained,simulation_rapid_isolation_success,high,90000140,workstation,0.83150442
resource_constrained,simulation_rapid_isolation_success,high,90000300,workstation,0.83607774
resource_constrained,simulation_restore_rate_fraction,low,90000031,internet_facing,0.00200294
resource_constrained,simulation_restore_rate_fraction,low,90000041,internet_facing,0.00223014
resource_constrained,simulation_restore_rate_fraction,low,90000296,internet_facing,0.00228673
resource_constrained,simulation_restore_rate_fraction,low,90000126,internet_facing,0.00252871
resource_constrained,simulation_restore_rate_fraction,low,90000091,internet_facing,0.00267793
resource_constrained,simulation_restore_rate_fraction,low,90000251,internet_facing,0.00314692
resource_constrained,simulation_restore_rate_fraction,low,90000076,internet_facing,0.00330441
resource_constrained,simulation_restore_rate_fraction,low,90000081,internet_facing,0.00342625
resource_constrained,simulation_restore_rate_fraction,low,90000181,internet_facing,0.00366631
resource_constrained,simulation_restore_rate_fraction,low,90000051,internet_facing,0.00373603
resource_constrained,simulation_restore_rate_fraction,low,90000316,internet_facing,0.00378742
resource_constrained,simulation_restore_rate_fraction,low,90000356,internet_facing,0.00400251
resource_constrained,simulation_restore_rate_fraction,low,90000286,internet_facing,0.00408633
resource_constrained,simulation_restore_rate_fraction,low,90000346,internet_facing,0.00414278
resource_constrained,simulation_restore_rate_fraction,low,90000271,internet_facing,0.00425165
resource_constrained,simulation_restore_rate_fraction,low,90000396,internet_facing,0.0043724
resource_constrained,simulation_restore_rate_fraction,low,90000066,internet_facing,0.00443696
resource_constrained,simulation_restore_rate_fraction,low,90000371,internet_facing,0.00472737
resource_constrained,simulation_restore_rate_fraction,low,90000261,internet_facing,0.00480362
resource_constrained,simulation_restore_rate_fraction,low,90000281,internet_facing,0.0048272
resource_constrained,simulation_restore_rate_fraction,low,90000196,internet_facing,0.00497785
resource_constrained,simulation_restore_rate_fraction,low,90000236,internet_facing,0.00522253
resource_constrained,simulation_restore_rate_fraction,low,90000011,internet_facing,0.00532312
resource_constrained,simulation_restore_rate_fraction,low,90000036,internet_facing,0.00538154
resource_constrained,simulation_restore_rate_fraction,low,90000171,internet_facing,0.00556172
resource_constrained,simulation_restore_rate_fraction,low,90000376,internet_facing,0.00559645
resource_constrained,simulation_restore_rate_fraction,low,90000063,medical_device,0.00211314
resource_constrained,simulation_restore_rate_fraction,low,90000173,medical_device,0.00242378
resource_constrained,simulation_restore_rate_fraction,low,90000108,medical_device,0.00242799
resource_constrained,simulation_restore_rate_fraction,low,90000288,medical_device,0.00248711
resource_constrained,simulation_restore_rate_fraction,low,90000038,medical_device,0.00307752
resource_constrained,simulation_restore_rate_fraction,low,90000358,medical_device,0.0031867
resource_constrained,simulation_restore_rate_fraction,low,90000113,medical_device,0.00329832
resource_constrained,simulation_restore_rate_fraction,low,90000233,medical_device,0.00349129
resource_constrained,simulation_restore_rate_fraction,low,90000253,medical_device,0.00355639
resource_constrained,simulation_restore_rate_fraction,low,90000098,medical_device,0.00358173
resource_constrained,simulation_restore_rate_fraction,low,90000023,medical_device,0.00377385
resource_constrained,simulation_restore_rate_fraction,low,90000073,medical_device,0.00402294
resource_constrained,simulation_restore_rate_fraction,low,90000238,medical_device,0.00422154
resource_constrained,simulation_restore_rate_fraction,low,90000033,medical_device,0.00435732
resource_constrained,simulation_restore_rate_fraction,low,90000248,medical_device,0.00446392
resource_constrained,simulation_restore_rate_fraction,low,90000118,medical_device,0.00489947
resource_constrained,simulation_restore_rate_fraction,low,90000183,medical_device,0.00490955
resource_constrained,simulation_restore_rate_fraction,low,90000353,medical_device,0.00510512
resource_constrained,simulation_restore_rate_fraction,low,90000103,medical_device,0.00522094
resource_constrained,simulation_restore_rate_fraction,low,90000018,medical_device,0.00532833
resource_constrained,simulation_restore_rate_fraction,low,90000213,medical_device,0.00557843
resource_constrained,simulation_restore_rate_fraction,low,90000343,medical_device,0.00559508
resource_constrained,simulation_restore_rate_fraction,low,90000003,medical_device,0.00567863
resource_constrained,simulation_restore_rate_fraction,low,90000168,medical_device,0.00589696
resource_constrained,simulation_restore_rate_fraction,low,90000258,medical_device,0.00590976
resource_constrained,simulation_restore_rate_fraction,low,90000293,medical_device,0.00603312
resource_constrained,simulation_restore_rate_fraction,low,90000122,privileged_system,0.00260346
resource_constrained,simulation_restore_rate_fraction,low,90000157,privileged_system,0.00261066
resource_constrained,simulation_restore_rate_fraction,low,90000362,privileged_system,0.00274147
resource_constrained,simulation_restore_rate_fraction,low,90000167,privileged_system,0.00285615
resource_constrained,simulation_restore_rate_fraction,low,90000262,privileged_system,0.00295629
resource_constrained,simulation_restore_rate_fraction,low,90000257,privileged_system,0.00295677
resource_constrained,simulation_restore_rate_fraction,low,90000097,privileged_system,0.00322288
resource_constrained,simulation_restore_rate_fraction,low,90000302,privileged_system,0.00333387
resource_constrained,simulation_restore_rate_fraction,low,90000037,privileged_system,0.003344
resource_constrained,simulation_restore_rate_fraction,low,90000252,privileged_system,0.00345613
resource_constrained,simulation_restore_rate_fraction,low,90000187,privileged_system,0.00354921
resource_constrained,simulation_restore_rate_fraction,low,90000092,privileged_system,0.00407928
resource_constrained,simulation_restore_rate_fraction,low,90000002,privileged_system,0.004288
resource_constrained,simulation_restore_rate_fraction,low,90000292,privileged_system,0.00437681
resource_constrained,simulation_restore_rate_fraction,low,90000372,privileged_system,0.00443304
resource_constrained,simulation_restore_rate_fraction,low,90000227,privileged_system,0.00449517
resource_constrained,simulation_restore_rate_fraction,low,90000237,privileged_system,0.00478941
resource_constrained,simulation_restore_rate_fraction,low,90000107,privileged_system,0.00513743
resource_constrained,simulation_restore_rate_fraction,low,90000377,privileged_system,0.00539579
resource_constrained,simulation_restore_rate_fraction,low,90000062,privileged_system,0.0054234
resource_constrained,simulation_restore_rate_fraction,low,90000102,privileged_system,0.00564607
resource_constrained,simulation_restore_rate_fraction,low,90000012,privileged_system,0.00578237
resource_constrained,simulation_restore_rate_fraction,low,90000182,privileged_system,0.00612954
resource_constrained,simulation_restore_rate_fraction,low,90000317,privileged_system,0.00619892
resource_constrained,simulation_restore_rate_fraction,low,90000042,privileged_system,0.00621767
resource_constrained,simulation_restore_rate_fraction,low,90000347,privileged_system,0.00622159
resource_constrained,simulation_restore_rate_fraction,low,90000009,vendor_connection,0.0020401
resource_constrained,simulation_restore_rate_fraction,low,90000359,vendor_connection,0.00218796
resource_constrained,simulation_restore_rate_fraction,low,90000024,vendor_connection,0.00220597
resource_constrained,simulation_restore_rate_fraction,low,90000119,vendor_connection,0.00226533
resource_constrained,simulation_restore_rate_fraction,low,90000264,vendor_connection,0.00246378
resource_constrained,simulation_restore_rate_fraction,low,90000394,vendor_connection,0.00249402
resource_constrained,simulation_restore_rate_fraction,low,90000229,vendor_connection,0.003092
resource_constrained,simulation_restore_rate_fraction,low,90000129,vendor_connection,0.00311519
resource_constrained,simulation_restore_rate_fraction,low,90000349,vendor_connection,0.00323452
resource_constrained,simulation_restore_rate_fraction,low,90000134,vendor_connection,0.00358412
resource_constrained,simulation_restore_rate_fraction,low,90000184,vendor_connection,0.00361174
resource_constrained,simulation_restore_rate_fraction,low,90000054,vendor_connection,0.00376275
resource_constrained,simulation_restore_rate_fraction,low,90000104,vendor_connection,0.00471371
resource_constrained,simulation_restore_rate_fraction,low,90000124,vendor_connection,0.00476562
resource_constrained,simulation_restore_rate_fraction,low,90000269,vendor_connection,0.00478832
resource_constrained,simulation_restore_rate_fraction,low,90000099,vendor_connection,0.00482753
resource_constrained,simulation_restore_rate_fraction,low,90000234,vendor_connection,0.00484787
resource_constrained,simulation_restore_rate_fraction,low,90000369,vendor_connection,0.0049021
resource_constrained,simulation_restore_rate_fraction,low,90000169,vendor_connection,0.00529481
resource_constrained,simulation_restore_rate_fraction,low,90000189,vendor_connection,0.00546371
resource_constrained,simulation_restore_rate_fraction,low,90000094,vendor_connection,0.00563274
resource_constrained,simulation_restore_rate_fraction,low,90000339,vendor_connection,0.00574003
resource_constrained,simulation_restore_rate_fraction,low,90000374,vendor_connection,0.00576871
resource_constrained,simulation_restore_rate_fraction,low,90000029,vendor_connection,0.00588984
resource_constrained,simulation_restore_rate_fraction,low,90000179,vendor_connection,0.00590074
resource_constrained,simulation_restore_rate_fraction,low,90000089,vendor_connection,0.00604334
resource_constrained,simulation_restore_rate_fraction,low,90000260,workstation,0.00240198
resource_constrained,simulation_restore_rate_fraction,low,90000370,workstation,0.00279976
resource_constrained,simulation_restore_rate_fraction,low,90000230,workstation,0.00291956
resource_constrained,simulation_restore_rate_fraction,low,90000135,workstation,0.00307213
resource_constrained,simulation_restore_rate_fraction,low,90000075,workstation,0.00307967
resource_constrained,simulation_restore_rate_fraction,low,90000335,workstation,0.00308705
resource_constrained,simulation_restore_rate_fraction,low,90000295,workstation,0.00332416
resource_constrained,simulation_restore_rate_fraction,low,90000220,workstation,0.00334456
resource_constrained,simulation_restore_rate_fraction,low,90000125,workstation,0.00344272
resource_constrained,simulation_restore_rate_fraction,low,90000080,workstation,0.00354335
resource_constrained,simulation_restore_rate_fraction,low,90000180,workstation,0.00363187
resource_constrained,simulation_restore_rate_fraction,low,90000315,workstation,0.00363276
resource_constrained,simulation_restore_rate_fraction,low,90000025,workstation,0.00373799
resource_constrained,simulation_restore_rate_fraction,low,90000265,workstation,0.00383959
resource_constrained,simulation_restore_rate_fraction,low,90000245,workstation,0.0038784
resource_constrained,simulation_restore_rate_fraction,low,90000085,workstation,0.00424127
resource_constrained,simulation_restore_rate_fraction,low,90000070,workstation,0.00433627
resource_constrained,simulation_restore_rate_fraction,low,90000120,workstation,0.00436274
resource_constrained,simulation_restore_rate_fraction,low,90000100,workstation,0.00486926
resource_constrained,simulation_restore_rate_fraction,low,90000240,workstation,0.00493018
resource_constrained,simulation_restore_rate_fraction,low,90000190,workstation,0.00505872
resource_constrained,simulation_restore_rate_fraction,low,90000285,workstation,0.00506214
resource_constrained,simulation_restore_rate_fraction,low,90000160,workstation,0.00522745
resource_constrained,simulation_restore_rate_fraction,low,90000345,workstation,0.00539739
resource_constrained,simulation_restore_rate_fraction,low,90000395,workstation,0.00543053
resource_constrained,simulation_restore_rate_fraction,low,90000010,workstation,0.00547265
resource_constrained,simulation_restore_rate_fraction,high,90000116,internet_facing,0.01078578
resource_constrained,simulation_restore_rate_fraction,high,90000211,internet_facing,0.01084967
resource_constrained,simulation_restore_rate_fraction,high,90000061,internet_facing,0.01086348
resource_constrained,simulation_restore_rate_fraction,high,90000216,internet_facing,0.01090843
resource_constrained,simulation_restore_rate_fraction,high,90000136,internet_facing,0.01119607
resource_constrained,simulation_restore_rate_fraction,high,90000386,internet_facing,0.01130945
resource_constrained,simulation_restore_rate_fraction,high,90000306,internet_facing,0.01149078
resource_constrained,simulation_restore_rate_fraction,high,90000351,internet_facing,0.01175329
resource_constrained,simulation_restore_rate_fraction,high,90000276,internet_facing,0.0119922
resource_constrained,simulation_restore_rate_fraction,high,90000331,internet_facing,0.0123205
resource_constrained,simulation_restore_rate_fraction,high,90000021,internet_facing,0.01237397
resource_constrained,simulation_restore_rate_fraction,high,90000151,internet_facing,0.01240331
resource_constrained,simulation_restore_rate_fraction,high,90000326,internet_facing,0.01248454
resource_constrained,simulation_restore_rate_fraction,high,90000246,internet_facing,0.01258489
resource_constrained,simulation_restore_rate_fraction,high,90000231,internet_facing,0.01267669
resource_constrained,simulation_restore_rate_fraction,high,90000026,internet_facing,0.01293674
resource_constrained,simulation_restore_rate_fraction,high,90000001,internet_facing,0.0131576
resource_constrained,simulation_restore_rate_fraction,high,90000121,internet_facing,0.01369553
resource_constrained,simulation_restore_rate_fraction,high,90000166,internet_facing,0.01374949
resource_constrained,simulation_restore_rate_fraction,high,90000301,internet_facing,0.01400894
resource_constrained,simulation_restore_rate_fraction,high,90000241,internet_facing,0.01416701
resource_constrained,simulation_restore_rate_fraction,high,90000341,internet_facing,0.01420204
resource_constrained,simulation_restore_rate_fraction,high,90000141,internet_facing,0.01427294
resource_constrained,simulation_restore_rate_fraction,high,90000106,internet_facing,0.01450194
resource_constrained,simulation_restore_rate_fraction,high,90000176,internet_facing,0.01455735
resource_constrained,simulation_restore_rate_fraction,high,90000096,internet_facing,0.0148203
resource_constrained,simulation_restore_rate_fraction,high,90000148,medical_device,0.01068776
resource_constrained,simulation_restore_rate_fraction,high,90000058,medical_device,0.01096318
resource_constrained,simulation_restore_rate_fraction,high,90000053,medical_device,0.01103058
resource_constrained,simulation_restore_rate_fraction,high,90000193,medical_device,0.01129094
resource_constrained,simulation_restore_rate_fraction,high,90000378,medical_device,0.01136092
resource_constrained,simulation_restore_rate_fraction,high,90000368,medical_device,0.01155208
resource_constrained,simulation_restore_rate_fraction,high,90000138,medical_device,0.01182291
resource_constrained,simulation_restore_rate_fraction,high,90000128,medical_device,0.01197915
resource_constrained,simulation_restore_rate_fraction,high,90000333,medical_device,0.0121953
resource_constrained,simulation_restore_rate_fraction,high,90000008,medical_device,0.01225526
resource_constrained,simulation_restore_rate_fraction,high,90000198,medical_device,0.01230463
resource_constrained,simulation_restore_rate_fraction,high,90000028,medical_device,0.01256127
resource_constrained,simulation_restore_rate_fraction,high,90000208,medical_device,0.01277961
resource_constrained,simulation_restore_rate_fraction,high,90000083,medical_device,0.01284171
resource_constrained,simulation_restore_rate_fraction,high,90000278,medical_device,0.01304777
resource_constrained,simulation_restore_rate_fraction,high,90000178,medical_device,0.01320372
resource_constrained,simulation_restore_rate_fraction,high,90000383,medical_device,0.01338425
resource_constrained,simulation_restore_rate_fraction,high,90000398,medical_device,0.01348369
resource_constrained,simulation_restore_rate_fraction,high,90000388,medical_device,0.01363086
resource_constrained,simulation_restore_rate_fraction,high,90000308,medical_device,0.01374366
resource_constrained,simulation_restore_rate_fraction,high,90000163,medical_device,0.01382773
resource_constrained,simulation_restore_rate_fraction,high,90000243,medical_device,0.01416412
resource_constrained,simulation_restore_rate_fraction,high,90000303,medical_device,0.01426186
resource_constrained,simulation_restore_rate_fraction,high,90000273,medical_device,0.01464086
resource_constrained,simulation_restore_rate_fraction,high,90000298,medical_device,0.01487729
resource_constrained,simulation_restore_rate_fraction,high,90000123,medical_device,0.01495756
resource_constrained,simulation_restore_rate_fraction,high,90000117,privileged_system,0.01071809
resource_constrained,simulation_restore_rate_fraction,high,90000177,privileged_system,0.01073439
resource_constrained,simulation_restore_rate_fraction,high,90000327,privileged_system,0.01081038
resource_constrained,simulation_restore_rate_fraction,high,90000147,privileged_system,0.01111799
resource_constrained,simulation_restore_rate_fraction,high,90000172,privileged_system,0.01119084
resource_constrained,simulation_restore_rate_fraction,high,90000127,privileged_system,0.01126693
resource_constrained,simulation_restore_rate_fraction,high,90000067,privileged_system,0.01141432
resource_constrained,simulation_restore_rate_fraction,high,90000027,privileged_system,0.0118252
resource_constrained,simulation_restore_rate_fraction,high,90000312,privileged_system,0.01216939
resource_constrained,simulation_restore_rate_fraction,high,90000322,privileged_system,0.01222563
resource_constrained,simulation_restore_rate_fraction,high,90000332,privileged_system,0.01266469
resource_constrained,simulation_restore_rate_fraction,high,90000162,privileged_system,0.01272002
resource_constrained,simulation_restore_rate_fraction,high,90000212,privileged_system,0.01275132
resource_constrained,simulation_restore_rate_fraction,high,90000152,privileged_system,0.01283235
resource_constrained,simulation_restore_rate_fraction,high,90000287,privileged_system,0.01291441
resource_constrained,simulation_restore_rate_fraction,high,90000017,privileged_system,0.01293624
resource_constrained,simulation_restore_rate_fraction,high,90000197,privileged_system,0.0130538
resource_constrained,simulation_restore_rate_fraction,high,90000297,privileged_system,0.01381779
resource_constrained,simulation_restore_rate_fraction,high,90000382,privileged_system,0.01386143
resource_constrained,simulation_restore_rate_fraction,high,90000087,privileged_system,0.01399347
resource_constrained,simulation_restore_rate_fraction,high,90000367,privileged_system,0.01403608
resource_constrained,simulation_restore_rate_fraction,high,90000142,privileged_system,0.01416644
resource_constrained,simulation_restore_rate_fraction,high,90000207,privileged_system,0.01421101
resource_constrained,simulation_restore_rate_fraction,high,90000282,privileged_system,0.01446682
resource_constrained,simulation_restore_rate_fraction,high,90000387,privileged_system,0.01474789
resource_constrained,simulation_restore_rate_fraction,high,90000052,privileged_system,0.01493269
resource_constrained,simulation_restore_rate_fraction,high,90000164,vendor_connection,0.0103323
resource_constrained,simulation_restore_rate_fraction,high,90000279,vendor_connection,0.01039299
resource_constrained,simulation_restore_rate_fraction,high,90000294,vendor_connection,0.01100937
resource_constrained,simulation_restore_rate_fraction,high,90000254,vendor_connection,0.01112078
resource_constrained,simulation_restore_rate_fraction,high,90000144,vendor_connection,0.01149976
resource_constrained,simulation_restore_rate_fraction,high,90000019,vendor_connection,0.01150612
resource_constrained,simulation_restore_rate_fraction,high,90000239,vendor_connection,0.01156282
resource_constrained,simulation_restore_rate_fraction,high,90000334,vendor_connection,0.01158245
resource_constrained,simulation_restore_rate_fraction,high,90000109,vendor_connection,0.01178836
resource_constrained,simulation_restore_rate_fraction,high,90000344,vendor_connection,0.01219524
resource_constrained,simulation_restore_rate_fraction,high,90000324,vendor_connection,0.01238745
resource_constrained,simulation_restore_rate_fraction,high,90000174,vendor_connection,0.01256231
resource_constrained,simulation_restore_rate_fraction,high,90000064,vendor_connection,0.0127311
resource_constrained,simulation_restore_rate_fraction,high,90000384,vendor_connection,0.01280135
resource_constrained,simulation_restore_rate_fraction,high,90000319,vendor_connection,0.01296538
resource_constrained,simulation_restore_rate_fraction,high,90000149,vendor_connection,0.01306485
resource_constrained,simulation_restore_rate_fraction,high,90000389,vendor_connection,0.01314469
resource_constrained,simulation_restore_rate_fraction,high,90000354,vendor_connection,0.01334107
resource_constrained,simulation_restore_rate_fraction,high,90000074,vendor_connection,0.01355763
resource_constrained,simulation_restore_rate_fraction,high,90000314,vendor_connection,0.01374258
resource_constrained,simulation_restore_rate_fraction,high,90000039,vendor_connection,0.01382544
resource_constrained,simulation_restore_rate_fraction,high,90000034,vendor_connection,0.01386022
resource_constrained,simulation_restore_rate_fraction,high,90000014,vendor_connection,0.01395952
resource_constrained,simulation_restore_rate_fraction,high,90000199,vendor_connection,0.01423225
resource_constrained,simulation_restore_rate_fraction,high,90000244,vendor_connection,0.01492536
resource_constrained,simulation_restore_rate_fraction,high,90000219,vendor_connection,0.01493373
resource_constrained,simulation_restore_rate_fraction,high,90000050,workstation,0.00992601
resource_constrained,simulation_restore_rate_fraction,high,90000140,workstation,0.01003852
resource_constrained,simulation_restore_rate_fraction,high,90000130,workstation,0.01095774
resource_constrained,simulation_restore_rate_fraction,high,90000205,workstation,0.01116861
resource_constrained,simulation_restore_rate_fraction,high,90000065,workstation,0.01119957
resource_constrained,simulation_restore_rate_fraction,high,90000005,workstation,0.01126562
resource_constrained,simulation_restore_rate_fraction,high,90000105,workstation,0.01142638
resource_constrained,simulation_restore_rate_fraction,high,90000225,workstation,0.01155627
resource_constrained,simulation_restore_rate_fraction,high,90000185,workstation,0.01156415
resource_constrained,simulation_restore_rate_fraction,high,90000330,workstation,0.01162438
resource_constrained,simulation_restore_rate_fraction,high,90000390,workstation,0.01202713
resource_constrained,simulation_restore_rate_fraction,high,90000380,workstation,0.01231258
resource_constrained,simulation_restore_rate_fraction,high,90000045,workstation,0.01259031
resource_constrained,simulation_restore_rate_fraction,high,90000210,workstation,0.01283031
resource_constrained,simulation_restore_rate_fraction,high,90000270,workstation,0.01307738
resource_constrained,simulation_restore_rate_fraction,high,90000035,workstation,0.01325885
resource_constrained,simulation_restore_rate_fraction,high,90000310,workstation,0.01328991
resource_constrained,simulation_restore_rate_fraction,high,90000255,workstation,0.01356395
resource_constrained,simulation_restore_rate_fraction,high,90000000,workstation,0.0136983
resource_constrained,simulation_restore_rate_fraction,high,90000030,workstation,0.01388607
resource_constrained,simulation_restore_rate_fraction,high,90000110,workstation,0.0139843
resource_constrained,simulation_restore_rate_fraction,high,90000115,workstation,0.01431834
resource_constrained,simulation_restore_rate_fraction,high,90000145,workstation,0.01432324
resource_constrained,simulation_restore_rate_fraction,high,90000375,workstation,0.01456106
resource_constrained,simulation_restore_rate_fraction,high,90000360,workstation,0.01483116
resource_constrained,simulation_restore_rate_fraction,high,90000280,workstation,0.01498662
intermediate_capacity,network_backup_isolation_lapse,low,90000771,internet_facing,0.02123584
intermediate_capacity,network_backup_isolation_lapse,low,90000446,internet_facing,0.02226499
intermediate_capacity,network_backup_isolation_lapse,low,90000551,internet_facing,0.02457651
intermediate_capacity,network_backup_isolation_lapse,low,90000581,internet_facing,0.03245948
intermediate_capacity,network_backup_isolation_lapse,low,90000776,internet_facing,0.03500144
intermediate_capacity,network_backup_isolation_lapse,low,90000576,internet_facing,0.03671223
intermediate_capacity,network_backup_isolation_lapse,low,90000736,internet_facing,0.0389934
intermediate_capacity,network_backup_isolation_lapse,low,90000451,internet_facing,0.04188847
intermediate_capacity,network_backup_isolation_lapse,low,90000421,internet_facing,0.04528672
intermediate_capacity,network_backup_isolation_lapse,low,90000611,internet_facing,0.04654956
intermediate_capacity,network_backup_isolation_lapse,low,90000416,internet_facing,0.04711397
intermediate_capacity,network_backup_isolation_lapse,low,90000491,internet_facing,0.04847533
intermediate_capacity,network_backup_isolation_lapse,low,90000781,internet_facing,0.04877947
intermediate_capacity,network_backup_isolation_lapse,low,90000691,internet_facing,0.050636
intermediate_capacity,network_backup_isolation_lapse,low,90000731,internet_facing,0.05075209
intermediate_capacity,network_backup_isolation_lapse,low,90000651,internet_facing,0.05210372
intermediate_capacity,network_backup_isolation_lapse,low,90000696,internet_facing,0.05284696
intermediate_capacity,network_backup_isolation_lapse,low,90000536,internet_facing,0.05350809
intermediate_capacity,network_backup_isolation_lapse,low,90000701,internet_facing,0.05510113
intermediate_capacity,network_backup_isolation_lapse,low,90000601,internet_facing,0.05779482
intermediate_capacity,network_backup_isolation_lapse,low,90000456,internet_facing,0.06331276
intermediate_capacity,network_backup_isolation_lapse,low,90000531,internet_facing,0.06389917
intermediate_capacity,network_backup_isolation_lapse,low,90000661,internet_facing,0.0662327
intermediate_capacity,network_backup_isolation_lapse,low,90000566,internet_facing,0.06738257
intermediate_capacity,network_backup_isolation_lapse,low,90000716,internet_facing,0.06804059
intermediate_capacity,network_backup_isolation_lapse,low,90000476,internet_facing,0.07079911
intermediate_capacity,network_backup_isolation_lapse,low,90000413,medical_device,0.02628891
intermediate_capacity,network_backup_isolation_lapse,low,90000498,medical_device,0.03094457
intermediate_capacity,network_backup_isolation_lapse,low,90000438,medical_device,0.0379852
intermediate_capacity,network_backup_isolation_lapse,low,90000763,medical_device,0.03988685
intermediate_capacity,network_backup_isolation_lapse,low,90000643,medical_device,0.04112191
intermediate_capacity,network_backup_isolation_lapse,low,90000698,medical_device,0.04194944
intermediate_capacity,network_backup_isolation_lapse,low,90000793,medical_device,0.04280382
intermediate_capacity,network_backup_isolation_lapse,low,90000593,medical_device,0.04625324
intermediate_capacity,network_backup_isolation_lapse,low,90000463,medical_device,0.04815979
intermediate_capacity,network_backup_isolation_lapse,low,90000648,medical_device,0.05105055
intermediate_capacity,network_backup_isolation_lapse,low,90000543,medical_device,0.05184785
intermediate_capacity,network_backup_isolation_lapse,low,90000503,medical_device,0.05561835
intermediate_capacity,network_backup_isolation_lapse,low,90000403,medical_device,0.05956937
intermediate_capacity,network_backup_isolation_lapse,low,90000768,medical_device,0.06076275
intermediate_capacity,network_backup_isolation_lapse,low,90000748,medical_device,0.06194909
intermediate_capacity,network_backup_isolation_lapse,low,90000628,medical_device,0.06492921
intermediate_capacity,network_backup_isolation_lapse,low,90000408,medical_device,0.06634382
intermediate_capacity,network_backup_isolation_lapse,low,90000548,medical_device,0.06862395
intermediate_capacity,network_backup_isolation_lapse,low,90000603,medical_device,0.07058804
intermediate_capacity,network_backup_isolation_lapse,low,90000458,medical_device,0.07077371
intermediate_capacity,network_backup_isolation_lapse,low,90000663,medical_device,0.07145091
intermediate_capacity,network_backup_isolation_lapse,low,90000523,medical_device,0.07205671
intermediate_capacity,network_backup_isolation_lapse,low,90000443,medical_device,0.0738358
intermediate_capacity,network_backup_isolation_lapse,low,90000468,medical_device,0.07667318
intermediate_capacity,network_backup_isolation_lapse,low,90000693,medical_device,0.07838736
intermediate_capacity,network_backup_isolation_lapse,low,90000608,medical_device,0.08117647
intermediate_capacity,network_backup_isolation_lapse,low,90000797,privileged_system,0.02407057
intermediate_capacity,network_backup_isolation_lapse,low,90000697,privileged_system,0.02448502
intermediate_capacity,network_backup_isolation_lapse,low,90000602,privileged_system,0.02530431
intermediate_capacity,network_backup_isolation_lapse,low,90000582,privileged_system,0.02871545
intermediate_capacity,network_backup_isolation_lapse,low,90000457,privileged_system,0.03137131
intermediate_capacity,network_backup_isolation_lapse,low,90000412,privileged_system,0.03241158
intermediate_capacity,network_backup_isolation_lapse,low,90000472,privileged_system,0.03858292
intermediate_capacity,network_backup_isolation_lapse,low,90000592,privileged_system,0.03913026
intermediate_capacity,network_backup_isolation_lapse,low,90000482,privileged_system,0.04721589
intermediate_capacity,network_backup_isolation_lapse,low,90000752,privileged_system,0.04877668
intermediate_capacity,network_backup_isolation_lapse,low,90000542,privileged_system,0.05027401
intermediate_capacity,network_backup_isolation_lapse,low,90000742,privileged_system,0.05536731
intermediate_capacity,network_backup_isolation_lapse,low,90000572,privileged_system,0.06734366
intermediate_capacity,network_backup_isolation_lapse,low,90000702,privileged_system,0.06952741
intermediate_capacity,network_backup_isolation_lapse,low,90000782,privileged_system,0.06979226
intermediate_capacity,network_backup_isolation_lapse,low,90000637,privileged_system,0.07414991
intermediate_capacity,network_backup_isolation_lapse,low,90000517,privileged_system,0.07707472
intermediate_capacity,network_backup_isolation_lapse,low,90000757,privileged_system,0.08031074
intermediate_capacity,network_backup_isolation_lapse,low,90000597,privileged_system,0.08060725
intermediate_capacity,network_backup_isolation_lapse,low,90000477,privileged_system,0.08134281
intermediate_capacity,network_backup_isolation_lapse,low,90000622,privileged_system,0.08157273
intermediate_capacity,network_backup_isolation_lapse,low,90000402,privileged_system,0.08257843
intermediate_capacity,network_backup_isolation_lapse,low,90000467,privileged_system,0.08593622
intermediate_capacity,network_backup_isolation_lapse,low,90000612,privileged_system,0.08820774
intermediate_capacity,network_backup_isolation_lapse,low,90000747,privileged_system,0.08861474
intermediate_capacity,network_backup_isolation_lapse,low,90000662,privileged_system,0.0973724
intermediate_capacity,network_backup_isolation_lapse,low,90000489,vendor_connection,0.02313569
intermediate_capacity,network_backup_isolation_lapse,low,90000599,vendor_connection,0.02847295
intermediate_capacity,network_backup_isolation_lapse,low,90000749,vendor_connection,0.03231193
intermediate_capacity,network_backup_isolation_lapse,low,90000509,vendor_connection,0.03521648
intermediate_capacity,network_backup_isolation_lapse,low,90000424,vendor_connection,0.04139311
intermediate_capacity,network_backup_isolation_lapse,low,90000404,vendor_connection,0.04363892
intermediate_capacity,network_backup_isolation_lapse,low,90000469,vendor_connection,0.04408158
intermediate_capacity,network_backup_isolation_lapse,low,90000674,vendor_connection,0.05022359
intermediate_capacity,network_backup_isolation_lapse,low,90000539,vendor_connection,0.05035063
intermediate_capacity,network_backup_isolation_lapse,low,90000799,vendor_connection,0.05214902
intermediate_capacity,network_backup_isolation_lapse,low,90000504,vendor_connection,0.05284363
intermediate_capacity,network_backup_isolation_lapse,low,90000419,vendor_connection,0.0533616
intermediate_capacity,network_backup_isolation_lapse,low,90000554,vendor_connection,0.0537546
intermediate_capacity,network_backup_isolation_lapse,low,90000589,vendor_connection,0.05770062
intermediate_capacity,network_backup_isolation_lapse,low,90000789,vendor_connection,0.06010502
intermediate_capacity,network_backup_isolation_lapse,low,90000464,vendor_connection,0.06027922
intermediate_capacity,network_backup_isolation_lapse,low,90000569,vendor_connection,0.06135535
intermediate_capacity,network_backup_isolation_lapse,low,90000604,vendor_connection,0.07219683
intermediate_capacity,network_backup_isolation_lapse,low,90000634,vendor_connection,0.07707312
intermediate_capacity,network_backup_isolation_lapse,low,90000479,vendor_connection,0.08162308
intermediate_capacity,network_backup_isolation_lapse,low,90000499,vendor_connection,0.08759741
intermediate_capacity,network_backup_isolation_lapse,low,90000684,vendor_connection,0.08930801
intermediate_capacity,network_backup_isolation_lapse,low,90000624,vendor_connection,0.0895639
intermediate_capacity,network_backup_isolation_lapse,low,90000794,vendor_connection,0.09553738
intermediate_capacity,network_backup_isolation_lapse,low,90000784,vendor_connection,0.09925427
intermediate_capacity,network_backup_isolation_lapse,low,90000544,vendor_connection,0.11041416
intermediate_capacity,network_backup_isolation_lapse,low,90000455,workstation,0.02106654
intermediate_capacity,network_backup_isolation_lapse,low,90000750,workstation,0.02286941
intermediate_capacity,network_backup_isolation_lapse,low,90000500,workstation,0.02368989
intermediate_capacity,network_backup_isolation_lapse,low,90000725,workstation,0.03033896
intermediate_capacity,network_backup_isolation_lapse,low,90000430,workstation,0.0310393
intermediate_capacity,network_backup_isolation_lapse,low,90000655,workstation,0.03114044
intermediate_capacity,network_backup_isolation_lapse,low,90000550,workstation,0.04025309
intermediate_capacity,network_backup_isolation_lapse,low,90000765,workstation,0.04116864
intermediate_capacity,network_backup_isolation_lapse,low,90000530,workstation,0.04130606
intermediate_capacity,network_backup_isolation_lapse,low,90000405,workstation,0.04176531
intermediate_capacity,network_backup_isolation_lapse,low,90000665,workstation,0.042118
intermediate_capacity,network_backup_isolation_lapse,low,90000625,workstation,0.04612231
intermediate_capacity,network_backup_isolation_lapse,low,90000610,workstation,0.05541592
intermediate_capacity,network_backup_isolation_lapse,low,90000760,workstation,0.05606401
intermediate_capacity,network_backup_isolation_lapse,low,90000510,workstation,0.06503383
intermediate_capacity,network_backup_isolation_lapse,low,90000480,workstation,0.06507941
intermediate_capacity,network_backup_isolation_lapse,low,90000445,workstation,0.06625122
intermediate_capacity,network_backup_isolation_lapse,low,90000735,workstation,0.06850462
intermediate_capacity,network_backup_isolation_lapse,low,90000490,workstation,0.07098425
intermediate_capacity,network_backup_isolation_lapse,low,90000590,workstation,0.07242168
intermediate_capacity,network_backup_isolation_lapse,low,90000630,workstation,0.07471294
intermediate_capacity,network_backup_isolation_lapse,low,90000720,workstation,0.07732364
intermediate_capacity,network_backup_isolation_lapse,low,90000710,workstation,0.07758266
intermediate_capacity,network_backup_isolation_lapse,low,90000640,workstation,0.07980357
intermediate_capacity,network_backup_isolation_lapse,low,90000645,workstation,0.08046317
intermediate_capacity,network_backup_isolation_lapse,low,90000485,workstation,0.08229954
intermediate_capacity,network_backup_isolation_lapse,high,90000591,internet_facing,0.17049318
intermediate_capacity,network_backup_isolation_lapse,high,90000791,internet_facing,0.17063942
intermediate_capacity,network_backup_isolation_lapse,high,90000676,internet_facing,0.17430211
intermediate_capacity,network_backup_isolation_lapse,high,90000666,internet_facing,0.17761489
intermediate_capacity,network_backup_isolation_lapse,high,90000426,internet_facing,0.18062014
intermediate_capacity,network_backup_isolation_lapse,high,90000436,internet_facing,0.18512608
intermediate_capacity,network_backup_isolation_lapse,high,90000496,internet_facing,0.188035
intermediate_capacity,network_backup_isolation_lapse,high,90000511,internet_facing,0.18825326
intermediate_capacity,network_backup_isolation_lapse,high,90000656,internet_facing,0.19353391
intermediate_capacity,network_backup_isolation_lapse,high,90000681,internet_facing,0.19878127
intermediate_capacity,network_backup_isolation_lapse,high,90000431,internet_facing,0.19999941
intermediate_capacity,network_backup_isolation_lapse,high,90000746,internet_facing,0.2000104
intermediate_capacity,network_backup_isolation_lapse,high,90000481,internet_facing,0.20181619
intermediate_capacity,network_backup_isolation_lapse,high,90000561,internet_facing,0.20544421
intermediate_capacity,network_backup_isolation_lapse,high,90000571,internet_facing,0.20805372
intermediate_capacity,network_backup_isolation_lapse,high,90000711,internet_facing,0.20997621
intermediate_capacity,network_backup_isolation_lapse,high,90000461,internet_facing,0.22261512
intermediate_capacity,network_backup_isolation_lapse,high,90000641,internet_facing,0.22412328
intermediate_capacity,network_backup_isolation_lapse,high,90000596,internet_facing,0.2258106
intermediate_capacity,network_backup_isolation_lapse,high,90000411,internet_facing,0.22639191
intermediate_capacity,network_backup_isolation_lapse,high,90000401,internet_facing,0.22743371
intermediate_capacity,network_backup_isolation_lapse,high,90000686,internet_facing,0.23637101
intermediate_capacity,network_backup_isolation_lapse,high,90000406,internet_facing,0.24145176
intermediate_capacity,network_backup_isolation_lapse,high,90000796,internet_facing,0.24210865
intermediate_capacity,network_backup_isolation_lapse,high,90000526,internet_facing,0.24555349
intermediate_capacity,network_backup_isolation_lapse,high,90000471,internet_facing,0.24788232
intermediate_capacity,network_backup_isolation_lapse,high,90000578,medical_device,0.17736897
intermediate_capacity,network_backup_isolation_lapse,high,90000613,medical_device,0.18287816
intermediate_capacity,network_backup_isolation_lapse,high,90000473,medical_device,0.18915207
intermediate_capacity,network_backup_isolation_lapse,high,90000533,medical_device,0.18954507
intermediate_capacity,network_backup_isolation_lapse,high,90000713,medical_device,0.18993899
intermediate_capacity,network_backup_isolation_lapse,high,90000483,medical_device,0.19005138
intermediate_capacity,network_backup_isolation_lapse,high,90000678,medical_device,0.19141543
intermediate_capacity,network_backup_isolation_lapse,high,90000598,medical_device,0.19617301
intermediate_capacity,network_backup_isolation_lapse,high,90000513,medical_device,0.19789112
intermediate_capacity,network_backup_isolation_lapse,high,90000788,medical_device,0.19948146
intermediate_capacity,network_backup_isolation_lapse,high,90000783,medical_device,0.19962898
intermediate_capacity,network_backup_isolation_lapse,high,90000658,medical_device,0.20002529
intermediate_capacity,network_backup_isolation_lapse,high,90000518,medical_device,0.20312895
intermediate_capacity,network_backup_isolation_lapse,high,90000638,medical_device,0.21327103
intermediate_capacity,network_backup_isolation_lapse,high,90000433,medical_device,0.21627883
intermediate_capacity,network_backup_isolation_lapse,high,90000528,medical_device,0.21794418
intermediate_capacity,network_backup_isolation_lapse,high,90000568,medical_device,0.2192994
intermediate_capacity,network_backup_isolation_lapse,high,90000508,medical_device,0.22123798
intermediate_capacity,network_backup_isolation_lapse,high,90000673,medical_device,0.22235233
intermediate_capacity,network_backup_isolation_lapse,high,90000703,medical_device,0.22599559
intermediate_capacity,network_backup_isolation_lapse,high,90000683,medical_device,0.22802302
intermediate_capacity,network_backup_isolation_lapse,high,90000448,medical_device,0.22924695
intermediate_capacity,network_backup_isolation_lapse,high,90000668,medical_device,0.23415722
intermediate_capacity,network_backup_isolation_lapse,high,90000563,medical_device,0.23416624
intermediate_capacity,network_backup_isolation_lapse,high,90000623,medical_device,0.2374053
intermediate_capacity,network_backup_isolation_lapse,high,90000688,medical_device,0.23834253
intermediate_capacity,network_backup_isolation_lapse,high,90000492,privileged_system,0.17610752
intermediate_capacity,network_backup_isolation_lapse,high,90000627,privileged_system,0.18317954
intermediate_capacity,network_backup_isolation_lapse,high,90000632,privileged_system,0.18579424
intermediate_capacity,network_backup_isolation_lapse,high,90000652,privileged_system,0.19470737
intermediate_capacity,network_backup_isolation_lapse,high,90000777,privileged_system,0.19822135
intermediate_capacity,network_backup_isolation_lapse,high,90000432,privileged_system,0.19905382
intermediate_capacity,network_backup_isolation_lapse,high,90000762,privileged_system,0.19962008
intermediate_capacity,network_backup_isolation_lapse,high,90000607,privileged_system,0.20370145
intermediate_capacity,network_backup_isolation_lapse,high,90000727,privileged_system,0.2087121
intermediate_capacity,network_backup_isolation_lapse,high,90000537,privileged_system,0.21204037
intermediate_capacity,network_backup_isolation_lapse,high,90000462,privileged_system,0.21277839
intermediate_capacity,network_backup_isolation_lapse,high,90000417,privileged_system,0.21721078
intermediate_capacity,network_backup_isolation_lapse,high,90000717,privileged_system,0.21993953
intermediate_capacity,network_backup_isolation_lapse,high,90000792,privileged_system,0.22043985
intermediate_capacity,network_backup_isolation_lapse,high,90000427,privileged_system,0.22240677
intermediate_capacity,network_backup_isolation_lapse,high,90000552,privileged_system,0.22278148
intermediate_capacity,network_backup_isolation_lapse,high,90000407,privileged_system,0.22504173
intermediate_capacity,network_backup_isolation_lapse,high,90000667,privileged_system,0.22910856
intermediate_capacity,network_backup_isolation_lapse,high,90000522,privileged_system,0.2294522
intermediate_capacity,network_backup_isolation_lapse,high,90000512,privileged_system,0.23198383
intermediate_capacity,network_backup_isolation_lapse,high,90000442,privileged_system,0.23551716
intermediate_capacity,network_backup_isolation_lapse,high,90000672,privileged_system,0.24130198
intermediate_capacity,network_backup_isolation_lapse,high,90000497,privileged_system,0.24184167
intermediate_capacity,network_backup_isolation_lapse,high,90000767,privileged_system,0.24415564
intermediate_capacity,network_backup_isolation_lapse,high,90000487,privileged_system,0.2454227
intermediate_capacity,network_backup_isolation_lapse,high,90000687,privileged_system,0.2470175
intermediate_capacity,network_backup_isolation_lapse,high,90000679,vendor_connection,0.18878263
intermediate_capacity,network_backup_isolation_lapse,high,90000409,vendor_connection,0.19072781
intermediate_capacity,network_backup_isolation_lapse,high,90000619,vendor_connection,0.19208181
intermediate_capacity,network_backup_isolation_lapse,high,90000764,vendor_connection,0.1938887
intermediate_capacity,network_backup_isolation_lapse,high,90000439,vendor_connection,0.2013535
intermediate_capacity,network_backup_isolation_lapse,high,90000779,vendor_connection,0.20340083
intermediate_capacity,network_backup_isolation_lapse,high,90000564,vendor_connection,0.20397873
intermediate_capacity,network_backup_isolation_lapse,high,90000629,vendor_connection,0.20406194
intermediate_capacity,network_backup_isolation_lapse,high,90000579,vendor_connection,0.20634765
intermediate_capacity,network_backup_isolation_lapse,high,90000474,vendor_connection,0.20762897
intermediate_capacity,network_backup_isolation_lapse,high,90000734,vendor_connection,0.20832472
intermediate_capacity,network_backup_isolation_lapse,high,90000609,vendor_connection,0.20839429
intermediate_capacity,network_backup_isolation_lapse,high,90000699,vendor_connection,0.21415968
intermediate_capacity,network_backup_isolation_lapse,high,90000769,vendor_connection,0.21479859
intermediate_capacity,network_backup_isolation_lapse,high,90000709,vendor_connection,0.21609289
intermediate_capacity,network_backup_isolation_lapse,high,90000714,vendor_connection,0.21853551
intermediate_capacity,network_backup_isolation_lapse,high,90000444,vendor_connection,0.21958988
intermediate_capacity,network_backup_isolation_lapse,high,90000454,vendor_connection,0.22458325
intermediate_capacity,network_backup_isolation_lapse,high,90000529,vendor_connection,0.23109016
intermediate_capacity,network_backup_isolation_lapse,high,90000729,vendor_connection,0.23166302
intermediate_capacity,network_backup_isolation_lapse,high,90000559,vendor_connection,0.2324569
intermediate_capacity,network_backup_isolation_lapse,high,90000744,vendor_connection,0.24028037
intermediate_capacity,network_backup_isolation_lapse,high,90000614,vendor_connection,0.24130526
intermediate_capacity,network_backup_isolation_lapse,high,90000669,vendor_connection,0.24395946
intermediate_capacity,network_backup_isolation_lapse,high,90000694,vendor_connection,0.24866878
intermediate_capacity,network_backup_isolation_lapse,high,90000449,vendor_connection,0.24890285
intermediate_capacity,network_backup_isolation_lapse,high,90000580,workstation,0.1692273
intermediate_capacity,network_backup_isolation_lapse,high,90000425,workstation,0.16948815
intermediate_capacity,network_backup_isolation_lapse,high,90000705,workstation,0.18392724
intermediate_capacity,network_backup_isolation_lapse,high,90000680,workstation,0.189975
intermediate_capacity,network_backup_isolation_lapse,high,90000505,workstation,0.1952196
intermediate_capacity,network_backup_isolation_lapse,high,90000615,workstation,0.19765679
intermediate_capacity,network_backup_isolation_lapse,high,90000755,workstation,0.20424309
intermediate_capacity,network_backup_isolation_lapse,high,90000635,workstation,0.20769452
intermediate_capacity,network_backup_isolation_lapse,high,90000470,workstation,0.21048192
intermediate_capacity,network_backup_isolation_lapse,high,90000780,workstation,0.21312699
intermediate_capacity,network_backup_isolation_lapse,high,90000570,workstation,0.21432609
intermediate_capacity,network_backup_isolation_lapse,high,90000795,workstation,0.21502394
intermediate_capacity,network_backup_isolation_lapse,high,90000475,workstation,0.21857416
intermediate_capacity,network_backup_isolation_lapse,high,90000545,workstation,0.22020767
intermediate_capacity,network_backup_isolation_lapse,high,90000495,workstation,0.22105201
intermediate_capacity,network_backup_isolation_lapse,high,90000575,workstation,0.23066907
intermediate_capacity,network_backup_isolation_lapse,high,90000535,workstation,0.23123702
intermediate_capacity,network_backup_isolation_lapse,high,90000700,workstation,0.23694899
intermediate_capacity,network_backup_isolation_lapse,high,90000555,workstation,0.23867311
intermediate_capacity,network_backup_isolation_lapse,high,90000670,workstation,0.23987878
intermediate_capacity,network_backup_isolation_lapse,high,90000410,workstation,0.23994922
intermediate_capacity,network_backup_isolation_lapse,high,90000460,workstation,0.24323984
intermediate_capacity,network_backup_isolation_lapse,high,90000420,workstation,0.2457415
intermediate_capacity,network_backup_isolation_lapse,high,90000520,workstation,0.24752317
intermediate_capacity,network_backup_isolation_lapse,high,90000730,workstation,0.24779597
intermediate_capacity,network_backup_isolation_lapse,high,90000465,workstation,0.24841638
intermediate_capacity,simulation_base_spread_rate,low,90000456,internet_facing,0.07118691
intermediate_capacity,simulation_base_spread_rate,low,90000761,internet_facing,0.0739327
intermediate_capacity,simulation_base_spread_rate,low,90000526,internet_facing,0.07505498
intermediate_capacity,simulation_base_spread_rate,low,90000781,internet_facing,0.07750709
intermediate_capacity,simulation_base_spread_rate,low,90000686,internet_facing,0.07789023
intermediate_capacity,simulation_base_spread_rate,low,90000606,internet_facing,0.07913305
intermediate_capacity,simulation_base_spread_rate,low,90000501,internet_facing,0.08052392
intermediate_capacity,simulation_base_spread_rate,low,90000766,internet_facing,0.08058486
intermediate_capacity,simulation_base_spread_rate,low,90000591,internet_facing,0.08180371
intermediate_capacity,simulation_base_spread_rate,low,90000641,internet_facing,0.08210256
intermediate_capacity,simulation_base_spread_rate,low,90000471,internet_facing,0.0857687
intermediate_capacity,simulation_base_spread_rate,low,90000621,internet_facing,0.08580861
intermediate_capacity,simulation_base_spread_rate,low,90000741,internet_facing,0.087093
intermediate_capacity,simulation_base_spread_rate,low,90000651,internet_facing,0.08841007
intermediate_capacity,simulation_base_spread_rate,low,90000561,internet_facing,0.08844436
intermediate_capacity,simulation_base_spread_rate,low,90000701,internet_facing,0.09198246
intermediate_capacity,simulation_base_spread_rate,low,90000791,internet_facing,0.09226364
intermediate_capacity,simulation_base_spread_rate,low,90000786,internet_facing,0.09366994
intermediate_capacity,simulation_base_spread_rate,low,90000416,internet_facing,0.0967241
intermediate_capacity,simulation_base_spread_rate,low,90000521,internet_facing,0.09739365
intermediate_capacity,simulation_base_spread_rate,low,90000756,internet_facing,0.09945474
intermediate_capacity,simulation_base_spread_rate,low,90000586,internet_facing,0.10059472
intermediate_capacity,simulation_base_spread_rate,low,90000496,internet_facing,0.10411267
intermediate_capacity,simulation_base_spread_rate,low,90000486,internet_facing,0.10702431
intermediate_capacity,simulation_base_spread_rate,low,90000601,internet_facing,0.10964847
intermediate_capacity,simulation_base_spread_rate,low,90000511,internet_facing,0.11535007
intermediate_capacity,simulation_base_spread_rate,low,90000663,medical_device,0.07352865
intermediate_capacity,simulation_base_spread_rate,low,90000598,medical_device,0.07840334
intermediate_capacity,simulation_base_spread_rate,low,90000768,medical_device,0.08070318
intermediate_capacity,simulation_base_spread_rate,low,90000718,medical_device,0.08071497
intermediate_capacity,simulation_base_spread_rate,low,90000728,medical_device,0.08250844
intermediate_capacity,simulation_base_spread_rate,low,90000778,medical_device,0.08260222
intermediate_capacity,simulation_base_spread_rate,low,90000603,medical_device,0.08475697
intermediate_capacity,simulation_base_spread_rate,low,90000788,medical_device,0.08618919
intermediate_capacity,simulation_base_spread_rate,low,90000483,medical_device,0.08707227
intermediate_capacity,simulation_base_spread_rate,low,90000758,medical_device,0.08765973
intermediate_capacity,simulation_base_spread_rate,low,90000683,medical_device,0.08770652
intermediate_capacity,simulation_base_spread_rate,low,90000648,medical_device,0.09033685
intermediate_capacity,simulation_base_spread_rate,low,90000423,medical_device,0.09043519
intermediate_capacity,simulation_base_spread_rate,low,90000703,medical_device,0.09869588
intermediate_capacity,simulation_base_spread_rate,low,90000638,medical_device,0.10003994
intermediate_capacity,simulation_base_spread_rate,low,90000428,medical_device,0.10382662
intermediate_capacity,simulation_base_spread_rate,low,90000798,medical_device,0.10698235
intermediate_capacity,simulation_base_spread_rate,low,90000783,medical_device,0.1073502
intermediate_capacity,simulation_base_spread_rate,low,90000473,medical_device,0.11019644
intermediate_capacity,simulation_base_spread_rate,low,90000523,medical_device,0.11183582
intermediate_capacity,simulation_base_spread_rate,low,90000658,medical_device,0.11365681
intermediate_capacity,simulation_base_spread_rate,low,90000723,medical_device,0.11532319
intermediate_capacity,simulation_base_spread_rate,low,90000553,medical_device,0.11590382
intermediate_capacity,simulation_base_spread_rate,low,90000548,medical_device,0.11651923
intermediate_capacity,simulation_base_spread_rate,low,90000468,medical_device,0.11752059
intermediate_capacity,simulation_base_spread_rate,low,90000688,medical_device,0.11944801
intermediate_capacity,simulation_base_spread_rate,low,90000682,privileged_system,0.07087613
intermediate_capacity,simulation_base_spread_rate,low,90000597,privileged_system,0.0731895
intermediate_capacity,simulation_base_spread_rate,low,90000767,privileged_system,0.0748704
intermediate_capacity,simulation_base_spread_rate,low,90000797,privileged_system,0.07580946
intermediate_capacity,simulation_base_spread_rate,low,90000497,privileged_system,0.07592752
intermediate_capacity,simulation_base_spread_rate,low,90000592,privileged_system,0.07754494
intermediate_capacity,simulation_base_spread_rate,low,90000432,privileged_system,0.07832221
intermediate_capacity,simulation_base_spread_rate,low,90000702,privileged_system,0.08209509
intermediate_capacity,simulation_base_spread_rate,low,90000662,privileged_system,0.0837917
intermediate_capacity,simulation_base_spread_rate,low,90000692,privileged_system,0.08531955
intermediate_capacity,simulation_base_spread_rate,low,90000572,privileged_system,0.08631487
intermediate_capacity,simulation_base_spread_rate,low,90000492,privileged_system,0.08653048
intermediate_capacity,simulation_base_spread_rate,low,90000452,privileged_system,0.08681523
intermediate_capacity,simulation_base_spread_rate,low,90000582,privileged_system,0.08942826
intermediate_capacity,simulation_base_spread_rate,low,90000717,privileged_system,0.09179819
intermediate_capacity,simulation_base_spread_rate,low,90000697,privileged_system,0.09360026
intermediate_capacity,simulation_base_spread_rate,low,90000782,privileged_system,0.09365645
intermediate_capacity,simulation_base_spread_rate,low,90000542,privileged_system,0.0967571
intermediate_capacity,simulation_base_spread_rate,low,90000502,privileged_system,0.09751489
intermediate_capacity,simulation_base_spread_rate,low,90000512,privileged_system,0.0997825
intermediate_capacity,simulation_base_spread_rate,low,90000777,privileged_system,0.10086204
intermediate_capacity,simulation_base_spread_rate,low,90000462,privileged_system,0.10294862
intermediate_capacity,simulation_base_spread_rate,low,90000487,privileged_system,0.1042441
intermediate_capacity,simulation_base_spread_rate,low,90000787,privileged_system,0.10637994
intermediate_capacity,simulation_base_spread_rate,low,90000442,privileged_system,0.10659652
intermediate_capacity,simulation_base_spread_rate,low,90000407,privileged_system,0.10805354
intermediate_capacity,simulation_base_spread_rate,low,90000404,vendor_connection,0.07377949
intermediate_capacity,simulation_base_spread_rate,low,90000719,vendor_connection,0.07741389
intermediate_capacity,simulation_base_spread_rate,low,90000709,vendor_connection,0.0800572
intermediate_capacity,simulation_base_spread_rate,low,90000559,vendor_connection,0.08055052
intermediate_capacity,simulation_base_spread_rate,low,90000689,vendor_connection,0.08099304
intermediate_capacity,simulation_base_spread_rate,low,90000609,vendor_connection,0.08133499
intermediate_capacity,simulation_base_spread_rate,low,90000424,vendor_connection,0.08162262
intermediate_capacity,simulation_base_spread_rate,low,90000789,vendor_connection,0.08400572
intermediate_capacity,simulation_base_spread_rate,low,90000664,vendor_connection,0.08805883
intermediate_capacity,simulation_base_spread_rate,low,90000659,vendor_connection,0.09182546
intermediate_capacity,simulation_base_spread_rate,low,90000514,vendor_connection,0.09198785
intermediate_capacity,simulation_base_spread_rate,low,90000409,vendor_connection,0.09201113
intermediate_capacity,simulation_base_spread_rate,low,90000744,vendor_connection,0.09410004
intermediate_capacity,simulation_base_spread_rate,low,90000714,vendor_connection,0.0951484
intermediate_capacity,simulation_base_spread_rate,low,90000429,vendor_connection,0.09531133
intermediate_capacity,simulation_base_spread_rate,low,90000519,vendor_connection,0.09849941
intermediate_capacity,simulation_base_spread_rate,low,90000549,vendor_connection,0.10477539
intermediate_capacity,simulation_base_spread_rate,low,90000629,vendor_connection,0.1052387
intermediate_capacity,simulation_base_spread_rate,low,90000724,vendor_connection,0.11548922
intermediate_capacity,simulation_base_spread_rate,low,90000554,vendor_connection,0.11731842
intermediate_capacity,simulation_base_spread_rate,low,90000674,vendor_connection,0.11804589
intermediate_capacity,simulation_base_spread_rate,low,90000584,vendor_connection,0.11973481
intermediate_capacity,simulation_base_spread_rate,low,90000564,vendor_connection,0.12124413
intermediate_capacity,simulation_base_spread_rate,low,90000419,vendor_connection,0.12167119
intermediate_capacity,simulation_base_spread_rate,low,90000509,vendor_connection,0.12545978
intermediate_capacity,simulation_base_spread_rate,low,90000449,vendor_connection,0.12771569
intermediate_capacity,simulation_base_spread_rate,low,90000760,workstation,0.07086145
intermediate_capacity,simulation_base_spread_rate,low,90000490,workstation,0.07263721
intermediate_capacity,simulation_base_spread_rate,low,90000640,workstation,0.07269676
intermediate_capacity,simulation_base_spread_rate,low,90000510,workstation,0.07402829
intermediate_capacity,simulation_base_spread_rate,low,90000650,workstation,0.07403729
intermediate_capacity,simulation_base_spread_rate,low,90000445,workstation,0.07566799
intermediate_capacity,simulation_base_spread_rate,low,90000585,workstation,0.07711647
intermediate_capacity,simulation_base_spread_rate,low,90000440,workstation,0.07774865
intermediate_capacity,simulation_base_spread_rate,low,90000665,workstation,0.07961382
intermediate_capacity,simulation_base_spread_rate,low,90000595,workstation,0.0817991
intermediate_capacity,simulation_base_spread_rate,low,90000730,workstation,0.08206138
intermediate_capacity,simulation_base_spread_rate,low,90000590,workstation,0.08240696
intermediate_capacity,simulation_base_spread_rate,low,90000470,workstation,0.08385802
intermediate_capacity,simulation_base_spread_rate,low,90000550,workstation,0.08426146
intermediate_capacity,simulation_base_spread_rate,low,90000535,workstation,0.08653577
intermediate_capacity,simulation_base_spread_rate,low,90000775,workstation,0.08953404
intermediate_capacity,simulation_base_spread_rate,low,90000710,workstation,0.09002977
intermediate_capacity,simulation_base_spread_rate,low,90000410,workstation,0.09028467
intermediate_capacity,simulation_base_spread_rate,low,90000630,workstation,0.09309068
intermediate_capacity,simulation_base_spread_rate,low,90000545,workstation,0.09485478
intermediate_capacity,simulation_base_spread_rate,low,90000675,workstation,0.09637161
intermediate_capacity,simulation_base_spread_rate,low,90000700,workstation,0.09727075
intermediate_capacity,simulation_base_spread_rate,low,90000575,workstation,0.09831153
intermediate_capacity,simulation_base_spread_rate,low,90000765,workstation,0.09934191
intermediate_capacity,simulation_base_spread_rate,low,90000715,workstation,0.10083388
intermediate_capacity,simulation_base_spread_rate,low,90000660,workstation,0.10295486
intermediate_capacity,simulation_base_spread_rate,high,90000546,internet_facing,0.16053241
intermediate_capacity,simulation_base_spread_rate,high,90000491,internet_facing,0.16186353
intermediate_capacity,simulation_base_spread_rate,high,90000746,internet_facing,0.16362533
intermediate_capacity,simulation_base_spread_rate,high,90000541,internet_facing,0.16412004
intermediate_capacity,simulation_base_spread_rate,high,90000636,internet_facing,0.16510207
intermediate_capacity,simulation_base_spread_rate,high,90000691,internet_facing,0.16605974
intermediate_capacity,simulation_base_spread_rate,high,90000451,internet_facing,0.16758796
intermediate_capacity,simulation_base_spread_rate,high,90000611,internet_facing,0.16928494
intermediate_capacity,simulation_base_spread_rate,high,90000721,internet_facing,0.17098784
intermediate_capacity,simulation_base_spread_rate,high,90000681,internet_facing,0.17118743
intermediate_capacity,simulation_base_spread_rate,high,90000421,internet_facing,0.17155362
intermediate_capacity,simulation_base_spread_rate,high,90000551,internet_facing,0.17431176
intermediate_capacity,simulation_base_spread_rate,high,90000616,internet_facing,0.17482413
intermediate_capacity,simulation_base_spread_rate,high,90000426,internet_facing,0.17623384
intermediate_capacity,simulation_base_spread_rate,high,90000576,internet_facing,0.17929246
intermediate_capacity,simulation_base_spread_rate,high,90000476,internet_facing,0.17947486
intermediate_capacity,simulation_base_spread_rate,high,90000731,internet_facing,0.1798934
intermediate_capacity,simulation_base_spread_rate,high,90000671,internet_facing,0.18003254
intermediate_capacity,simulation_base_spread_rate,high,90000711,internet_facing,0.18202868
intermediate_capacity,simulation_base_spread_rate,high,90000466,internet_facing,0.18355565
intermediate_capacity,simulation_base_spread_rate,high,90000406,internet_facing,0.18641266
intermediate_capacity,simulation_base_spread_rate,high,90000411,internet_facing,0.18807826
intermediate_capacity,simulation_base_spread_rate,high,90000596,internet_facing,0.18965149
intermediate_capacity,simulation_base_spread_rate,high,90000776,internet_facing,0.19117341
intermediate_capacity,simulation_base_spread_rate,high,90000556,internet_facing,0.19231905
intermediate_capacity,simulation_base_spread_rate,high,90000796,internet_facing,0.19682534
intermediate_capacity,simulation_base_spread_rate,high,90000738,medical_device,0.15783959
intermediate_capacity,simulation_base_spread_rate,high,90000413,medical_device,0.15795018
intermediate_capacity,simulation_base_spread_rate,high,90000518,medical_device,0.15821159
intermediate_capacity,simulation_base_spread_rate,high,90000508,medical_device,0.16005772
intermediate_capacity,simulation_base_spread_rate,high,90000733,medical_device,0.16271772
intermediate_capacity,simulation_base_spread_rate,high,90000543,medical_device,0.16331504
intermediate_capacity,simulation_base_spread_rate,high,90000403,medical_device,0.16400978
intermediate_capacity,simulation_base_spread_rate,high,90000418,medical_device,0.16402652
intermediate_capacity,simulation_base_spread_rate,high,90000558,medical_device,0.16476586
intermediate_capacity,simulation_base_spread_rate,high,90000463,medical_device,0.16562427
intermediate_capacity,simulation_base_spread_rate,high,90000593,medical_device,0.16632876
intermediate_capacity,simulation_base_spread_rate,high,90000433,medical_device,0.16804654
intermediate_capacity,simulation_base_spread_rate,high,90000673,medical_device,0.16819576
intermediate_capacity,simulation_base_spread_rate,high,90000528,medical_device,0.17004713
intermediate_capacity,simulation_base_spread_rate,high,90000698,medical_device,0.17059152
intermediate_capacity,simulation_base_spread_rate,high,90000583,medical_device,0.17161512
intermediate_capacity,simulation_base_spread_rate,high,90000713,medical_device,0.17322371
intermediate_capacity,simulation_base_spread_rate,high,90000708,medical_device,0.17538541
intermediate_capacity,simulation_base_spread_rate,high,90000458,medical_device,0.18082867
intermediate_capacity,simulation_base_spread_rate,high,90000513,medical_device,0.18128861
intermediate_capacity,simulation_base_spread_rate,high,90000618,medical_device,0.1818897
intermediate_capacity,simulation_base_spread_rate,high,90000448,medical_device,0.18360119
intermediate_capacity,simulation_base_spread_rate,high,90000578,medical_device,0.18381897
intermediate_capacity,simulation_base_spread_rate,high,90000503,medical_device,0.18417105
intermediate_capacity,simulation_base_spread_rate,high,90000773,medical_device,0.18427722
intermediate_capacity,simulation_base_spread_rate,high,90000643,medical_device,0.19362886
intermediate_capacity,simulation_base_spread_rate,high,90000667,privileged_system,0.16042111
intermediate_capacity,simulation_base_spread_rate,high,90000627,privileged_system,0.16064834
intermediate_capacity,simulation_base_spread_rate,high,90000637,privileged_system,0.16222899
intermediate_capacity,simulation_base_spread_rate,high,90000747,privileged_system,0.16287514
intermediate_capacity,simulation_base_spread_rate,high,90000527,privileged_system,0.16379527
intermediate_capacity,simulation_base_spread_rate,high,90000677,privileged_system,0.16506116
intermediate_capacity,simulation_base_spread_rate,high,90000562,privileged_system,0.16846606
intermediate_capacity,simulation_base_spread_rate,high,90000477,privileged_system,0.16957073
intermediate_capacity,simulation_base_spread_rate,high,90000457,privileged_system,0.17011901
intermediate_capacity,simulation_base_spread_rate,high,90000472,privileged_system,0.17108961
intermediate_capacity,simulation_base_spread_rate,high,90000762,privileged_system,0.17203511
intermediate_capacity,simulation_base_spread_rate,high,90000437,privileged_system,0.17240614
intermediate_capacity,simulation_base_spread_rate,high,90000517,privileged_system,0.1735592
intermediate_capacity,simulation_base_spread_rate,high,90000742,privileged_system,0.17387182
intermediate_capacity,simulation_base_spread_rate,high,90000402,privileged_system,0.17791414
intermediate_capacity,simulation_base_spread_rate,high,90000657,privileged_system,0.18110367
intermediate_capacity,simulation_base_spread_rate,high,90000482,privileged_system,0.18300952
intermediate_capacity,simulation_base_spread_rate,high,90000722,privileged_system,0.18451759
intermediate_capacity,simulation_base_spread_rate,high,90000772,privileged_system,0.18726387
intermediate_capacity,simulation_base_spread_rate,high,90000612,privileged_system,0.19408632
intermediate_capacity,simulation_base_spread_rate,high,90000507,privileged_system,0.19480973
intermediate_capacity,simulation_base_spread_rate,high,90000417,privileged_system,0.1956569
intermediate_capacity,simulation_base_spread_rate,high,90000412,privileged_system,0.19607596
intermediate_capacity,simulation_base_spread_rate,high,90000647,privileged_system,0.1964252
intermediate_capacity,simulation_base_spread_rate,high,90000587,privileged_system,0.19759452
intermediate_capacity,simulation_base_spread_rate,high,90000447,privileged_system,0.19774828
intermediate_capacity,simulation_base_spread_rate,high,90000534,vendor_connection,0.16934022
intermediate_capacity,simulation_base_spread_rate,high,90000454,vendor_connection,0.1707542
intermediate_capacity,simulation_base_spread_rate,high,90000634,vendor_connection,0.17122718
intermediate_capacity,simulation_base_spread_rate,high,90000619,vendor_connection,0.17130869
intermediate_capacity,simulation_base_spread_rate,high,90000544,vendor_connection,0.17260867
intermediate_capacity,simulation_base_spread_rate,high,90000614,vendor_connection,0.17278164
intermediate_capacity,simulation_base_spread_rate,high,90000654,vendor_connection,0.17589911
intermediate_capacity,simulation_base_spread_rate,high,90000579,vendor_connection,0.1771788
intermediate_capacity,simulation_base_spread_rate,high,90000569,vendor_connection,0.17878257
intermediate_capacity,simulation_base_spread_rate,high,90000474,vendor_connection,0.18064767
intermediate_capacity,simulation_base_spread_rate,high,90000479,vendor_connection,0.18113857
intermediate_capacity,simulation_base_spread_rate,high,90000784,vendor_connection,0.18116058
intermediate_capacity,simulation_base_spread_rate,high,90000489,vendor_connection,0.18157596
intermediate_capacity,simulation_base_spread_rate,high,90000684,vendor_connection,0.18166659
intermediate_capacity,simulation_base_spread_rate,high,90000464,vendor_connection,0.18182613
intermediate_capacity,simulation_base_spread_rate,high,90000444,vendor_connection,0.18246073
intermediate_capacity,simulation_base_spread_rate,high,90000639,vendor_connection,0.18309197
intermediate_capacity,simulation_base_spread_rate,high,90000759,vendor_connection,0.18506609
intermediate_capacity,simulation_base_spread_rate,high,90000524,vendor_connection,0.1873183
intermediate_capacity,simulation_base_spread_rate,high,90000494,vendor_connection,0.18949342
intermediate_capacity,simulation_base_spread_rate,high,90000484,vendor_connection,0.19043
intermediate_capacity,simulation_base_spread_rate,high,90000779,vendor_connection,0.19483982
intermediate_capacity,simulation_base_spread_rate,high,90000704,vendor_connection,0.1956174
intermediate_capacity,simulation_base_spread_rate,high,90000649,vendor_connection,0.19678359
intermediate_capacity,simulation_base_spread_rate,high,90000754,vendor_connection,0.19741181
intermediate_capacity,simulation_base_spread_rate,high,90000414,vendor_connection,0.19766988
intermediate_capacity,simulation_base_spread_rate,high,90000520,workstation,0.16242293
intermediate_capacity,simulation_base_spread_rate,high,90000570,workstation,0.16665901
intermediate_capacity,simulation_base_spread_rate,high,90000465,workstation,0.16957205
intermediate_capacity,simulation_base_spread_rate,high,90000790,workstation,0.16960637
intermediate_capacity,simulation_base_spread_rate,high,90000745,workstation,0.17188004
intermediate_capacity,simulation_base_spread_rate,high,90000455,workstation,0.17315928
intermediate_capacity,simulation_base_spread_rate,high,90000695,workstation,0.17501025
intermediate_capacity,simulation_base_spread_rate,high,90000425,workstation,0.17524284
intermediate_capacity,simulation_base_spread_rate,high,90000485,workstation,0.1772563
intermediate_capacity,simulation_base_spread_rate,high,90000525,workstation,0.1794001
intermediate_capacity,simulation_base_spread_rate,high,90000740,workstation,0.17941973
intermediate_capacity,simulation_base_spread_rate,high,90000680,workstation,0.18008371
intermediate_capacity,simulation_base_spread_rate,high,90000620,workstation,0.18055096
intermediate_capacity,simulation_base_spread_rate,high,90000560,workstation,0.181067
intermediate_capacity,simulation_base_spread_rate,high,90000785,workstation,0.18412179
intermediate_capacity,simulation_base_spread_rate,high,90000495,workstation,0.18445032
intermediate_capacity,simulation_base_spread_rate,high,90000475,workstation,0.18773846
intermediate_capacity,simulation_base_spread_rate,high,90000705,workstation,0.19088432
intermediate_capacity,simulation_base_spread_rate,high,90000530,workstation,0.19223916
intermediate_capacity,simulation_base_spread_rate,high,90000610,workstation,0.19283914
intermediate_capacity,simulation_base_spread_rate,high,90000580,workstation,0.19311014
intermediate_capacity,simulation_base_spread_rate,high,90000505,workstation,0.19423475
intermediate_capacity,simulation_base_spread_rate,high,90000500,workstation,0.19436597
intermediate_capacity,simulation_base_spread_rate,high,90000795,workstation,0.19664674
intermediate_capacity,simulation_base_spread_rate,high,90000605,workstation,0.19932544
intermediate_capacity,simulation_base_spread_rate,high,90000555,workstation,0.19974001
intermediate_capacity,simulation_false_positive_rate,low,90000701,internet_facing,0.00021602
intermediate_capacity,simulation_false_positive_rate,low,90000406,internet_facing,0.00022148
intermediate_capacity,simulation_false_positive_rate,low,90000776,internet_facing,0.0002852
intermediate_capacity,simulation_false_positive_rate,low,90000476,internet_facing,0.00030926
intermediate_capacity,simulation_false_positive_rate,low,90000461,internet_facing,0.00034515
intermediate_capacity,simulation_false_positive_rate,low,90000791,internet_facing,0.00040872
intermediate_capacity,simulation_false_positive_rate,low,90000401,internet_facing,0.00046125
intermediate_capacity,simulation_false_positive_rate,low,90000746,internet_facing,0.00046716
intermediate_capacity,simulation_false_positive_rate,low,90000731,internet_facing,0.00049512
intermediate_capacity,simulation_false_positive_rate,low,90000651,internet_facing,0.00052335
intermediate_capacity,simulation_false_positive_rate,low,90000681,internet_facing,0.00057573
intermediate_capacity,simulation_false_positive_rate,low,90000546,internet_facing,0.00061296
intermediate_capacity,simulation_false_positive_rate,low,90000676,internet_facing,0.00066969
intermediate_capacity,simulation_false_positive_rate,low,90000451,internet_facing,0.00070827
intermediate_capacity,simulation_false_positive_rate,low,90000596,internet_facing,0.0007142
intermediate_capacity,simulation_false_positive_rate,low,90000671,internet_facing,0.00071958
intermediate_capacity,simulation_false_positive_rate,low,90000416,internet_facing,0.00073059
intermediate_capacity,simulation_false_positive_rate,low,90000486,internet_facing,0.0007368
intermediate_capacity,simulation_false_positive_rate,low,90000626,internet_facing,0.00074845
intermediate_capacity,simulation_false_positive_rate,low,90000716,internet_facing,0.00075598
intermediate_capacity,simulation_false_positive_rate,low,90000411,internet_facing,0.00077503
intermediate_capacity,simulation_false_positive_rate,low,90000536,internet_facing,0.00080709
intermediate_capacity,simulation_false_positive_rate,low,90000611,internet_facing,0.00083586
intermediate_capacity,simulation_false_positive_rate,low,90000521,internet_facing,0.00084245
intermediate_capacity,simulation_false_positive_rate,low,90000531,internet_facing,0.00084437
intermediate_capacity,simulation_false_positive_rate,low,90000666,internet_facing,0.00085331
intermediate_capacity,simulation_false_positive_rate,low,90000553,medical_device,0.0002008
intermediate_capacity,simulation_false_positive_rate,low,90000513,medical_device,0.00021071
intermediate_capacity,simulation_false_positive_rate,low,90000563,medical_device,0.00024926
intermediate_capacity,simulation_false_positive_rate,low,90000773,medical_device,0.00025463
intermediate_capacity,simulation_false_positive_rate,low,90000608,medical_device,0.00026308
intermediate_capacity,simulation_false_positive_rate,low,90000503,medical_device,0.00027996
intermediate_capacity,simulation_false_positive_rate,low,90000428,medical_device,0.00029263
intermediate_capacity,simulation_false_positive_rate,low,90000463,medical_device,0.00031028
intermediate_capacity,simulation_false_positive_rate,low,90000533,medical_device,0.00033018
intermediate_capacity,simulation_false_positive_rate,low,90000423,medical_device,0.00033526
intermediate_capacity,simulation_false_positive_rate,low,90000708,medical_device,0.00037311
intermediate_capacity,simulation_false_positive_rate,low,90000768,medical_device,0.00038946
intermediate_capacity,simulation_false_positive_rate,low,90000498,medical_device,0.00040962
intermediate_capacity,simulation_false_positive_rate,low,90000548,medical_device,0.00042338
intermediate_capacity,simulation_false_positive_rate,low,90000473,medical_device,0.00042696
intermediate_capacity,simulation_false_positive_rate,low,90000478,medical_device,0.00044983
intermediate_capacity,simulation_false_positive_rate,low,90000693,medical_device,0.00045086
intermediate_capacity,simulation_false_positive_rate,low,90000688,medical_device,0.00046658
intermediate_capacity,simulation_false_positive_rate,low,90000578,medical_device,0.00046772
intermediate_capacity,simulation_false_positive_rate,low,90000678,medical_device,0.00047696
intermediate_capacity,simulation_false_positive_rate,low,90000698,medical_device,0.00050638
intermediate_capacity,simulation_false_positive_rate,low,90000788,medical_device,0.00056404
intermediate_capacity,simulation_false_positive_rate,low,90000403,medical_device,0.00058226
intermediate_capacity,simulation_false_positive_rate,low,90000748,medical_device,0.00058962
intermediate_capacity,simulation_false_positive_rate,low,90000778,medical_device,0.000604
intermediate_capacity,simulation_false_positive_rate,low,90000753,medical_device,0.00062961
intermediate_capacity,simulation_false_positive_rate,low,90000532,privileged_system,0.00020516
intermediate_capacity,simulation_false_positive_rate,low,90000517,privileged_system,0.00020545
intermediate_capacity,simulation_false_positive_rate,low,90000472,privileged_system,0.00024258
intermediate_capacity,simulation_false_positive_rate,low,90000477,privileged_system,0.00029561
intermediate_capacity,simulation_false_positive_rate,low,90000557,privileged_system,0.00029896
intermediate_capacity,simulation_false_positive_rate,low,90000467,privileged_system,0.00030142
intermediate_capacity,simulation_false_positive_rate,low,90000417,privileged_system,0.00030233
intermediate_capacity,simulation_false_positive_rate,low,90000682,privileged_system,0.00032565
intermediate_capacity,simulation_false_positive_rate,low,90000612,privileged_system,0.00033438
intermediate_capacity,simulation_false_positive_rate,low,90000647,privileged_system,0.0003477
intermediate_capacity,simulation_false_positive_rate,low,90000502,privileged_system,0.00035665
intermediate_capacity,simulation_false_positive_rate,low,90000582,privileged_system,0.00036009
intermediate_capacity,simulation_false_positive_rate,low,90000642,privileged_system,0.0004814
intermediate_capacity,simulation_false_positive_rate,low,90000657,privileged_system,0.00051427
intermediate_capacity,simulation_false_positive_rate,low,90000687,privileged_system,0.00052574
intermediate_capacity,simulation_false_positive_rate,low,90000617,privileged_system,0.0005358
intermediate_capacity,simulation_false_positive_rate,low,90000787,privileged_system,0.0005624
intermediate_capacity,simulation_false_positive_rate,low,90000632,privileged_system,0.00058164
intermediate_capacity,simulation_false_positive_rate,low,90000552,privileged_system,0.00060517
intermediate_capacity,simulation_false_positive_rate,low,90000727,privileged_system,0.00062507
intermediate_capacity,simulation_false_positive_rate,low,90000427,privileged_system,0.00065689
intermediate_capacity,simulation_false_positive_rate,low,90000622,privileged_system,0.00066385
intermediate_capacity,simulation_false_positive_rate,low,90000747,privileged_system,0.00067186
intermediate_capacity,simulation_false_positive_rate,low,90000462,privileged_system,0.00067825
intermediate_capacity,simulation_false_positive_rate,low,90000432,privileged_system,0.00070089
intermediate_capacity,simulation_false_positive_rate,low,90000537,privileged_system,0.00075266
intermediate_capacity,simulation_false_positive_rate,low,90000474,vendor_connection,0.00020944
intermediate_capacity,simulation_false_positive_rate,low,90000689,vendor_connection,0.00021611
intermediate_capacity,simulation_false_positive_rate,low,90000764,vendor_connection,0.00022428
intermediate_capacity,simulation_false_positive_rate,low,90000464,vendor_connection,0.00024217
intermediate_capacity,simulation_false_positive_rate,low,90000799,vendor_connection,0.00025661
intermediate_capacity,simulation_false_positive_rate,low,90000674,vendor_connection,0.00025824
intermediate_capacity,simulation_false_positive_rate,low,90000454,vendor_connection,0.00028407
intermediate_capacity,simulation_false_positive_rate,low,90000619,vendor_connection,0.00031156
intermediate_capacity,simulation_false_positive_rate,low,90000794,vendor_connection,0.00031332
intermediate_capacity,simulation_false_positive_rate,low,90000624,vendor_connection,0.00033499
intermediate_capacity,simulation_false_positive_rate,low,90000529,vendor_connection,0.00036743
intermediate_capacity,simulation_false_positive_rate,low,90000544,vendor_connection,0.00041463
intermediate_capacity,simulation_false_positive_rate,low,90000629,vendor_connection,0.00043447
intermediate_capacity,simulation_false_positive_rate,low,90000434,vendor_connection,0.00047973
intermediate_capacity,simulation_false_positive_rate,low,90000499,vendor_connection,0.00048239
intermediate_capacity,simulation_false_positive_rate,low,90000449,vendor_connection,0.00049801
intermediate_capacity,simulation_false_positive_rate,low,90000779,vendor_connection,0.00049855
intermediate_capacity,simulation_false_positive_rate,low,90000609,vendor_connection,0.00050597
intermediate_capacity,simulation_false_positive_rate,low,90000634,vendor_connection,0.000566
intermediate_capacity,simulation_false_positive_rate,low,90000759,vendor_connection,0.00057723
intermediate_capacity,simulation_false_positive_rate,low,90000509,vendor_connection,0.00064808
intermediate_capacity,simulation_false_positive_rate,low,90000719,vendor_connection,0.00068146
intermediate_capacity,simulation_false_positive_rate,low,90000709,vendor_connection,0.00069307
intermediate_capacity,simulation_false_positive_rate,low,90000484,vendor_connection,0.00070775
intermediate_capacity,simulation_false_positive_rate,low,90000569,vendor_connection,0.00074479
intermediate_capacity,simulation_false_positive_rate,low,90000664,vendor_connection,0.00074482
intermediate_capacity,simulation_false_positive_rate,low,90000495,workstation,0.00027663
intermediate_capacity,simulation_false_positive_rate,low,90000580,workstation,0.00030082
intermediate_capacity,simulation_false_positive_rate,low,90000725,workstation,0.00030538
intermediate_capacity,simulation_false_positive_rate,low,90000670,workstation,0.00033355
intermediate_capacity,simulation_false_positive_rate,low,90000705,workstation,0.00037274
intermediate_capacity,simulation_false_positive_rate,low,90000600,workstation,0.00038448
intermediate_capacity,simulation_false_positive_rate,low,90000790,workstation,0.00041081
intermediate_capacity,simulation_false_positive_rate,low,90000555,workstation,0.00049571
intermediate_capacity,simulation_false_positive_rate,low,90000540,workstation,0.00051292
intermediate_capacity,simulation_false_positive_rate,low,90000470,workstation,0.00057875
intermediate_capacity,simulation_false_positive_rate,low,90000730,workstation,0.00060949
intermediate_capacity,simulation_false_positive_rate,low,90000520,workstation,0.00062561
intermediate_capacity,simulation_false_positive_rate,low,90000405,workstation,0.00066968
intermediate_capacity,simulation_false_positive_rate,low,90000440,workstation,0.00070185
intermediate_capacity,simulation_false_positive_rate,low,90000615,workstation,0.00071041
intermediate_capacity,simulation_false_positive_rate,low,90000765,workstation,0.00071455
intermediate_capacity,simulation_false_positive_rate,low,90000550,workstation,0.00074764
intermediate_capacity,simulation_false_positive_rate,low,90000595,workstation,0.00075177
intermediate_capacity,simulation_false_positive_rate,low,90000640,workstation,0.0007524
intermediate_capacity,simulation_false_positive_rate,low,90000570,workstation,0.00075443
intermediate_capacity,simulation_false_positive_rate,low,90000680,workstation,0.00076147
intermediate_capacity,simulation_false_positive_rate,low,90000675,workstation,0.00076516
intermediate_capacity,simulation_false_positive_rate,low,90000525,workstation,0.00080874
intermediate_capacity,simulation_false_positive_rate,low,90000710,workstation,0.00082208
intermediate_capacity,simulation_false_positive_rate,low,90000660,workstation,0.00083763
intermediate_capacity,simulation_false_positive_rate,low,90000530,workstation,0.00085098
intermediate_capacity,simulation_false_positive_rate,high,90000756,internet_facing,0.00132784
intermediate_capacity,simulation_false_positive_rate,high,90000426,internet_facing,0.00133118
intermediate_capacity,simulation_false_positive_rate,high,90000456,internet_facing,0.00135305
intermediate_capacity,simulation_false_positive_rate,high,90000576,internet_facing,0.00142481
intermediate_capacity,simulation_false_positive_rate,high,90000561,internet_facing,0.00147996
intermediate_capacity,simulation_false_positive_rate,high,90000786,internet_facing,0.00151406
intermediate_capacity,simulation_false_positive_rate,high,90000491,internet_facing,0.00151492
intermediate_capacity,simulation_false_positive_rate,high,90000766,internet_facing,0.00154847
intermediate_capacity,simulation_false_positive_rate,high,90000721,internet_facing,0.00155131
intermediate_capacity,simulation_false_positive_rate,high,90000446,internet_facing,0.00160102
intermediate_capacity,simulation_false_positive_rate,high,90000631,internet_facing,0.00164516
intermediate_capacity,simulation_false_positive_rate,high,90000541,internet_facing,0.00171105
intermediate_capacity,simulation_false_positive_rate,high,90000636,internet_facing,0.00171345
intermediate_capacity,simulation_false_positive_rate,high,90000471,internet_facing,0.00174901
intermediate_capacity,simulation_false_positive_rate,high,90000601,internet_facing,0.00178551
intermediate_capacity,simulation_false_positive_rate,high,90000501,internet_facing,0.0018086
intermediate_capacity,simulation_false_positive_rate,high,90000691,internet_facing,0.00181909
intermediate_capacity,simulation_false_positive_rate,high,90000736,internet_facing,0.00183483
intermediate_capacity,simulation_false_positive_rate,high,90000711,internet_facing,0.00184117
intermediate_capacity,simulation_false_positive_rate,high,90000571,internet_facing,0.00184788
intermediate_capacity,simulation_false_positive_rate,high,90000616,internet_facing,0.00184829
intermediate_capacity,simulation_false_positive_rate,high,90000761,internet_facing,0.00185146
intermediate_capacity,simulation_false_positive_rate,high,90000641,internet_facing,0.00186834
intermediate_capacity,simulation_false_positive_rate,high,90000496,internet_facing,0.00190134
intermediate_capacity,simulation_false_positive_rate,high,90000751,internet_facing,0.00193714
intermediate_capacity,simulation_false_positive_rate,high,90000606,internet_facing,0.00194253
intermediate_capacity,simulation_false_positive_rate,high,90000458,medical_device,0.0012932
intermediate_capacity,simulation_false_positive_rate,high,90000758,medical_device,0.00130037
intermediate_capacity,simulation_false_positive_rate,high,90000793,medical_device,0.00133919
intermediate_capacity,simulation_false_positive_rate,high,90000433,medical_device,0.00138411
intermediate_capacity,simulation_false_positive_rate,high,90000558,medical_device,0.00139087
intermediate_capacity,simulation_false_positive_rate,high,90000573,medical_device,0.00139134
intermediate_capacity,simulation_false_positive_rate,high,90000543,medical_device,0.00147218
intermediate_capacity,simulation_false_positive_rate,high,90000483,medical_device,0.00156537
intermediate_capacity,simulation_false_positive_rate,high,90000798,medical_device,0.00158029
intermediate_capacity,simulation_false_positive_rate,high,90000628,medical_device,0.00160919
intermediate_capacity,simulation_false_positive_rate,high,90000713,medical_device,0.00161662
intermediate_capacity,simulation_false_positive_rate,high,90000613,medical_device,0.001629
intermediate_capacity,simulation_false_positive_rate,high,90000538,medical_device,0.00169349
intermediate_capacity,simulation_false_positive_rate,high,90000623,medical_device,0.0017342
intermediate_capacity,simulation_false_positive_rate,high,90000598,medical_device,0.00173753
intermediate_capacity,simulation_false_positive_rate,high,90000438,medical_device,0.00174234
intermediate_capacity,simulation_false_positive_rate,high,90000703,medical_device,0.0017442
intermediate_capacity,simulation_false_positive_rate,high,90000413,medical_device,0.00175301
intermediate_capacity,simulation_false_positive_rate,high,90000453,medical_device,0.00183525
intermediate_capacity,simulation_false_positive_rate,high,90000488,medical_device,0.00187152
intermediate_capacity,simulation_false_positive_rate,high,90000683,medical_device,0.00187208
intermediate_capacity,simulation_false_positive_rate,high,90000508,medical_device,0.00188639
intermediate_capacity,simulation_false_positive_rate,high,90000448,medical_device,0.00188753
intermediate_capacity,simulation_false_positive_rate,high,90000743,medical_device,0.00189678
intermediate_capacity,simulation_false_positive_rate,high,90000653,medical_device,0.00191746
intermediate_capacity,simulation_false_positive_rate,high,90000643,medical_device,0.00196684
intermediate_capacity,simulation_false_positive_rate,high,90000422,privileged_system,0.00143063
intermediate_capacity,simulation_false_positive_rate,high,90000732,privileged_system,0.00151603
intermediate_capacity,simulation_false_positive_rate,high,90000542,privileged_system,0.00155212
intermediate_capacity,simulation_false_positive_rate,high,90000792,privileged_system,0.00155649
intermediate_capacity,simulation_false_positive_rate,high,90000702,privileged_system,0.00156651
intermediate_capacity,simulation_false_positive_rate,high,90000797,privileged_system,0.00158735
intermediate_capacity,simulation_false_positive_rate,high,90000457,privileged_system,0.00159618
intermediate_capacity,simulation_false_positive_rate,high,90000487,privileged_system,0.00160187
intermediate_capacity,simulation_false_positive_rate,high,90000627,privileged_system,0.00161617
intermediate_capacity,simulation_false_positive_rate,high,90000712,privileged_system,0.00163001
intermediate_capacity,simulation_false_positive_rate,high,90000447,privileged_system,0.00163183
intermediate_capacity,simulation_false_positive_rate,high,90000572,privileged_system,0.00164564
intermediate_capacity,simulation_false_positive_rate,high,90000412,privileged_system,0.00170753
intermediate_capacity,simulation_false_positive_rate,high,90000757,privileged_system,0.00172479
intermediate_capacity,simulation_false_positive_rate,high,90000592,privileged_system,0.00173048
intermediate_capacity,simulation_false_positive_rate,high,90000407,privileged_system,0.00177272
intermediate_capacity,simulation_false_positive_rate,high,90000717,privileged_system,0.00180666
intermediate_capacity,simulation_false_positive_rate,high,90000402,privileged_system,0.00181028
intermediate_capacity,simulation_false_positive_rate,high,90000547,privileged_system,0.00182409
intermediate_capacity,simulation_false_positive_rate,high,90000707,privileged_system,0.00183488
intermediate_capacity,simulation_false_positive_rate,high,90000452,privileged_system,0.00186745
intermediate_capacity,simulation_false_positive_rate,high,90000697,privileged_system,0.00187885
intermediate_capacity,simulation_false_positive_rate,high,90000772,privileged_system,0.00190758
intermediate_capacity,simulation_false_positive_rate,high,90000762,privileged_system,0.00191258
intermediate_capacity,simulation_false_positive_rate,high,90000722,privileged_system,0.00193787
intermediate_capacity,simulation_false_positive_rate,high,90000577,privileged_system,0.00197303
intermediate_capacity,simulation_false_positive_rate,high,90000669,vendor_connection,0.00135555
intermediate_capacity,simulation_false_positive_rate,high,90000504,vendor_connection,0.00136225
intermediate_capacity,simulation_false_positive_rate,high,90000514,vendor_connection,0.00138397
intermediate_capacity,simulation_false_positive_rate,high,90000604,vendor_connection,0.00138941
intermediate_capacity,simulation_false_positive_rate,high,90000414,vendor_connection,0.00141393
intermediate_capacity,simulation_false_positive_rate,high,90000684,vendor_connection,0.00142113
intermediate_capacity,simulation_false_positive_rate,high,90000744,vendor_connection,0.00145117
intermediate_capacity,simulation_false_positive_rate,high,90000574,vendor_connection,0.00145138
intermediate_capacity,simulation_false_positive_rate,high,90000494,vendor_connection,0.00148402
intermediate_capacity,simulation_false_positive_rate,high,90000564,vendor_connection,0.0015532
intermediate_capacity,simulation_false_positive_rate,high,90000784,vendor_connection,0.00159117
intermediate_capacity,simulation_false_positive_rate,high,90000659,vendor_connection,0.00162077
intermediate_capacity,simulation_false_positive_rate,high,90000404,vendor_connection,0.00163195
intermediate_capacity,simulation_false_positive_rate,high,90000459,vendor_connection,0.00174858
intermediate_capacity,simulation_false_positive_rate,high,90000444,vendor_connection,0.00176526
intermediate_capacity,simulation_false_positive_rate,high,90000419,vendor_connection,0.00176921
intermediate_capacity,simulation_false_positive_rate,high,90000789,vendor_connection,0.00179668
intermediate_capacity,simulation_false_positive_rate,high,90000754,vendor_connection,0.00182369
intermediate_capacity,simulation_false_positive_rate,high,90000424,vendor_connection,0.00183045
intermediate_capacity,simulation_false_positive_rate,high,90000729,vendor_connection,0.00183797
intermediate_capacity,simulation_false_positive_rate,high,90000584,vendor_connection,0.00185934
intermediate_capacity,simulation_false_positive_rate,high,90000439,vendor_connection,0.00188555
intermediate_capacity,simulation_false_positive_rate,high,90000704,vendor_connection,0.00191105
intermediate_capacity,simulation_false_positive_rate,high,90000739,vendor_connection,0.00192735
intermediate_capacity,simulation_false_positive_rate,high,90000549,vendor_connection,0.00197218
intermediate_capacity,simulation_false_positive_rate,high,90000554,vendor_connection,0.0019779
intermediate_capacity,simulation_false_positive_rate,high,90000585,workstation,0.00142286
intermediate_capacity,simulation_false_positive_rate,high,90000430,workstation,0.00146993
intermediate_capacity,simulation_false_positive_rate,high,90000575,workstation,0.00147362
intermediate_capacity,simulation_false_positive_rate,high,90000780,workstation,0.00154086
intermediate_capacity,simulation_false_positive_rate,high,90000605,workstation,0.00155978
intermediate_capacity,simulation_false_positive_rate,high,90000475,workstation,0.00157129
intermediate_capacity,simulation_false_positive_rate,high,90000400,workstation,0.00158003
intermediate_capacity,simulation_false_positive_rate,high,90000560,workstation,0.00158058
intermediate_capacity,simulation_false_positive_rate,high,90000435,workstation,0.00158107
intermediate_capacity,simulation_false_positive_rate,high,90000545,workstation,0.00160935
intermediate_capacity,simulation_false_positive_rate,high,90000590,workstation,0.00162905
intermediate_capacity,simulation_false_positive_rate,high,90000410,workstation,0.00163147
intermediate_capacity,simulation_false_positive_rate,high,90000775,workstation,0.00165469
intermediate_capacity,simulation_false_positive_rate,high,90000755,workstation,0.00168073
intermediate_capacity,simulation_false_positive_rate,high,90000735,workstation,0.00170271
intermediate_capacity,simulation_false_positive_rate,high,90000715,workstation,0.00171218
intermediate_capacity,simulation_false_positive_rate,high,90000690,workstation,0.00171699
intermediate_capacity,simulation_false_positive_rate,high,90000785,workstation,0.00172019
intermediate_capacity,simulation_false_positive_rate,high,90000720,workstation,0.00172054
intermediate_capacity,simulation_false_positive_rate,high,90000445,workstation,0.00172144
intermediate_capacity,simulation_false_positive_rate,high,90000505,workstation,0.00172746
intermediate_capacity,simulation_false_positive_rate,high,90000480,workstation,0.00179705
intermediate_capacity,simulation_false_positive_rate,high,90000740,workstation,0.00186906
intermediate_capacity,simulation_false_positive_rate,high,90000795,workstation,0.00190177
intermediate_capacity,simulation_false_positive_rate,high,90000610,workstation,0.00193437
intermediate_capacity,simulation_false_positive_rate,high,90000510,workstation,0.00194079
intermediate_capacity,simulation_identity_breach_multiplier,low,90000441,internet_facing,1.13153118
intermediate_capacity,simulation_identity_breach_multiplier,low,90000471,internet_facing,1.13302368
intermediate_capacity,simulation_identity_breach_multiplier,low,90000706,internet_facing,1.18214645
intermediate_capacity,simulation_identity_breach_multiplier,low,90000466,internet_facing,1.18561943
intermediate_capacity,simulation_identity_breach_multiplier,low,90000761,internet_facing,1.18606112
intermediate_capacity,simulation_identity_breach_multiplier,low,90000711,internet_facing,1.21292342
intermediate_capacity,simulation_identity_breach_multiplier,low,90000461,internet_facing,1.21941363
intermediate_capacity,simulation_identity_breach_multiplier,low,90000721,internet_facing,1.23255724
intermediate_capacity,simulation_identity_breach_multiplier,low,90000546,internet_facing,1.23276268
intermediate_capacity,simulation_identity_breach_multiplier,low,90000476,internet_facing,1.23459835
intermediate_capacity,simulation_identity_breach_multiplier,low,90000501,internet_facing,1.25412301
intermediate_capacity,simulation_identity_breach_multiplier,low,90000701,internet_facing,1.26943683
intermediate_capacity,simulation_identity_breach_multiplier,low,90000446,internet_facing,1.29084234
intermediate_capacity,simulation_identity_breach_multiplier,low,90000726,internet_facing,1.29698696
intermediate_capacity,simulation_identity_breach_multiplier,low,90000736,internet_facing,1.30092547
intermediate_capacity,simulation_identity_breach_multiplier,low,90000786,internet_facing,1.30243613
intermediate_capacity,simulation_identity_breach_multiplier,low,90000511,internet_facing,1.31862141
intermediate_capacity,simulation_identity_breach_multiplier,low,90000676,internet_facing,1.34024556
intermediate_capacity,simulation_identity_breach_multiplier,low,90000611,internet_facing,1.37719196
intermediate_capacity,simulation_identity_breach_multiplier,low,90000626,internet_facing,1.41760017
intermediate_capacity,simulation_identity_breach_multiplier,low,90000401,internet_facing,1.42580747
intermediate_capacity,simulation_identity_breach_multiplier,low,90000641,internet_facing,1.4418076
intermediate_capacity,simulation_identity_breach_multiplier,low,90000551,internet_facing,1.46289545
intermediate_capacity,simulation_identity_breach_multiplier,low,90000656,internet_facing,1.46846763
intermediate_capacity,simulation_identity_breach_multiplier,low,90000661,internet_facing,1.50675318
intermediate_capacity,simulation_identity_breach_multiplier,low,90000526,internet_facing,1.54629793
intermediate_capacity,simulation_identity_breach_multiplier,low,90000518,medical_device,1.17456912
intermediate_capacity,simulation_identity_breach_multiplier,low,90000768,medical_device,1.21627031
intermediate_capacity,simulation_identity_breach_multiplier,low,90000588,medical_device,1.24632567
intermediate_capacity,simulation_identity_breach_multiplier,low,90000473,medical_device,1.29374968
intermediate_capacity,simulation_identity_breach_multiplier,low,90000523,medical_device,1.30644082
intermediate_capacity,simulation_identity_breach_multiplier,low,90000578,medical_device,1.3330522
intermediate_capacity,simulation_identity_breach_multiplier,low,90000468,medical_device,1.33671326
intermediate_capacity,simulation_identity_breach_multiplier,low,90000733,medical_device,1.35863912
intermediate_capacity,simulation_identity_breach_multiplier,low,90000433,medical_device,1.40136126
intermediate_capacity,simulation_identity_breach_multiplier,low,90000453,medical_device,1.40868306
intermediate_capacity,simulation_identity_breach_multiplier,low,90000688,medical_device,1.47064604
intermediate_capacity,simulation_identity_breach_multiplier,low,90000633,medical_device,1.51030584
intermediate_capacity,simulation_identity_breach_multiplier,low,90000428,medical_device,1.53230394
intermediate_capacity,simulation_identity_breach_multiplier,low,90000408,medical_device,1.55206518
intermediate_capacity,simulation_identity_breach_multiplier,low,90000758,medical_device,1.55354829
intermediate_capacity,simulation_identity_breach_multiplier,low,90000418,medical_device,1.5541376
intermediate_capacity,simulation_identity_breach_multiplier,low,90000628,medical_device,1.56868171
intermediate_capacity,simulation_identity_breach_multiplier,low,90000558,medical_device,1.59306842
intermediate_capacity,simulation_identity_breach_multiplier,low,90000438,medical_device,1.60206386
intermediate_capacity,simulation_identity_breach_multiplier,low,90000653,medical_device,1.60911681
intermediate_capacity,simulation_identity_breach_multiplier,low,90000483,medical_device,1.61650127
intermediate_capacity,simulation_identity_breach_multiplier,low,90000603,medical_device,1.66701526
intermediate_capacity,simulation_identity_breach_multiplier,low,90000698,medical_device,1.69642709
intermediate_capacity,simulation_identity_breach_multiplier,low,90000668,medical_device,1.73084025
intermediate_capacity,simulation_identity_breach_multiplier,low,90000683,medical_device,1.74855375
intermediate_capacity,simulation_identity_breach_multiplier,low,90000693,medical_device,1.75079501
intermediate_capacity,simulation_identity_breach_multiplier,low,90000782,privileged_system,1.10201292
intermediate_capacity,simulation_identity_breach_multiplier,low,90000767,privileged_system,1.10902361
intermediate_capacity,simulation_identity_breach_multiplier,low,90000602,privileged_system,1.11000606
intermediate_capacity,simulation_identity_breach_multiplier,low,90000427,privileged_system,1.11719264
intermediate_capacity,simulation_identity_breach_multiplier,low,90000452,privileged_system,1.15745135
intermediate_capacity,simulation_identity_breach_multiplier,low,90000757,privileged_system,1.16086509
intermediate_capacity,simulation_identity_breach_multiplier,low,90000742,privileged_system,1.18120997
intermediate_capacity,simulation_identity_breach_multiplier,low,90000507,privileged_system,1.18526493
intermediate_capacity,simulation_identity_breach_multiplier,low,90000712,privileged_system,1.20352212
intermediate_capacity,simulation_identity_breach_multiplier,low,90000672,privileged_system,1.25154064
intermediate_capacity,simulation_identity_breach_multiplier,low,90000467,privileged_system,1.26808516
intermediate_capacity,simulation_identity_breach_multiplier,low,90000557,privileged_system,1.27112883
intermediate_capacity,simulation_identity_breach_multiplier,low,90000487,privileged_system,1.28325136
intermediate_capacity,simulation_identity_breach_multiplier,low,90000442,privileged_system,1.29432158
intermediate_capacity,simulation_identity_breach_multiplier,low,90000612,privileged_system,1.31179232
intermediate_capacity,simulation_identity_breach_multiplier,low,90000432,privileged_system,1.33547481
intermediate_capacity,simulation_identity_breach_multiplier,low,90000797,privileged_system,1.33747731
intermediate_capacity,simulation_identity_breach_multiplier,low,90000502,privileged_system,1.36125654
intermediate_capacity,simulation_identity_breach_multiplier,low,90000732,privileged_system,1.40534687
intermediate_capacity,simulation_identity_breach_multiplier,low,90000412,privileged_system,1.41330553
intermediate_capacity,simulation_identity_breach_multiplier,low,90000532,privileged_system,1.41477002
intermediate_capacity,simulation_identity_breach_multiplier,low,90000562,privileged_system,1.43101848
intermediate_capacity,simulation_identity_breach_multiplier,low,90000577,privileged_system,1.43575976
intermediate_capacity,simulation_identity_breach_multiplier,low,90000652,privileged_system,1.43977814
intermediate_capacity,simulation_identity_breach_multiplier,low,90000572,privileged_system,1.46337996
intermediate_capacity,simulation_identity_breach_multiplier,low,90000457,privileged_system,1.47880488
intermediate_capacity,simulation_identity_breach_multiplier,low,90000644,vendor_connection,1.10989275
intermediate_capacity,simulation_identity_breach_multiplier,low,90000444,vendor_connection,1.11609862
intermediate_capacity,simulation_identity_breach_multiplier,low,90000539,vendor_connection,1.12138461
intermediate_capacity,simulation_identity_breach_multiplier,low,90000544,vendor_connection,1.13162267
intermediate_capacity,simulation_identity_breach_multiplier,low,90000459,vendor_connection,1.21659773
intermediate_capacity,simulation_identity_breach_multiplier,low,90000619,vendor_connection,1.23026151
intermediate_capacity,simulation_identity_breach_multiplier,low,90000614,vendor_connection,1.23898295
intermediate_capacity,simulation_identity_breach_multiplier,low,90000669,vendor_connection,1.24214093
intermediate_capacity,simulation_identity_breach_multiplier,low,90000659,vendor_connection,1.26379342
intermediate_capacity,simulation_identity_breach_multiplier,low,90000514,vendor_connection,1.28323457
intermediate_capacity,simulation_identity_breach_multiplier,low,90000704,vendor_connection,1.29533688
intermediate_capacity,simulation_identity_breach_multiplier,low,90000734,vendor_connection,1.3023562
intermediate_capacity,simulation_identity_breach_multiplier,low,90000549,vendor_connection,1.30787956
intermediate_capacity,simulation_identity_breach_multiplier,low,90000639,vendor_connection,1.31411899
intermediate_capacity,simulation_identity_breach_multiplier,low,90000709,vendor_connection,1.31601741
intermediate_capacity,simulation_identity_breach_multiplier,low,90000589,vendor_connection,1.34406687
intermediate_capacity,simulation_identity_breach_multiplier,low,90000604,vendor_connection,1.34581337
intermediate_capacity,simulation_identity_breach_multiplier,low,90000584,vendor_connection,1.35026908
intermediate_capacity,simulation_identity_breach_multiplier,low,90000799,vendor_connection,1.35688767
intermediate_capacity,simulation_identity_breach_multiplier,low,90000689,vendor_connection,1.36408251
intermediate_capacity,simulation_identity_breach_multiplier,low,90000699,vendor_connection,1.38319801
intermediate_capacity,simulation_identity_breach_multiplier,low,90000499,vendor_connection,1.39464652
intermediate_capacity,simulation_identity_breach_multiplier,low,90000484,vendor_connection,1.4117433
intermediate_capacity,simulation_identity_breach_multiplier,low,90000664,vendor_connection,1.4148047
intermediate_capacity,simulation_identity_breach_multiplier,low,90000479,vendor_connection,1.42045533
intermediate_capacity,simulation_identity_breach_multiplier,low,90000504,vendor_connection,1.46873366
intermediate_capacity,simulation_identity_breach_multiplier,low,90000640,workstation,1.1103413
intermediate_capacity,simulation_identity_breach_multiplier,low,90000575,workstation,1.11108907
intermediate_capacity,simulation_identity_breach_multiplier,low,90000635,workstation,1.11307449
intermediate_capacity,simulation_identity_breach_multiplier,low,90000685,workstation,1.13148564
intermediate_capacity,simulation_identity_breach_multiplier,low,90000600,workstation,1.16229852
intermediate_capacity,simulation_identity_breach_multiplier,low,90000520,workstation,1.16962324
intermediate_capacity,simulation_identity_breach_multiplier,low,90000415,workstation,1.1821355
intermediate_capacity,simulation_identity_breach_multiplier,low,90000550,workstation,1.20112902
intermediate_capacity,simulation_identity_breach_multiplier,low,90000590,workstation,1.20908468
intermediate_capacity,simulation_identity_breach_multiplier,low,90000760,workstation,1.22757715
intermediate_capacity,simulation_identity_breach_multiplier,low,90000780,workstation,1.27772196
intermediate_capacity,simulation_identity_breach_multiplier,low,90000710,workstation,1.2873151
intermediate_capacity,simulation_identity_breach_multiplier,low,90000620,workstation,1.32815334
intermediate_capacity,simulation_identity_breach_multiplier,low,90000675,workstation,1.32839552
intermediate_capacity,simulation_identity_breach_multiplier,low,90000750,workstation,1.33570623
intermediate_capacity,simulation_identity_breach_multiplier,low,90000630,workstation,1.35239656
intermediate_capacity,simulation_identity_breach_multiplier,low,90000450,workstation,1.38256956
intermediate_capacity,simulation_identity_breach_multiplier,low,90000425,workstation,1.39191578
intermediate_capacity,simulation_identity_breach_multiplier,low,90000430,workstation,1.44629239
intermediate_capacity,simulation_identity_breach_multiplier,low,90000510,workstation,1.45620634
intermediate_capacity,simulation_identity_breach_multiplier,low,90000405,workstation,1.46805474
intermediate_capacity,simulation_identity_breach_multiplier,low,90000585,workstation,1.47308099
intermediate_capacity,simulation_identity_breach_multiplier,low,90000670,workstation,1.47551531
intermediate_capacity,simulation_identity_breach_multiplier,low,90000595,workstation,1.49314587
intermediate_capacity,simulation_identity_breach_multiplier,low,90000455,workstation,1.52934771
intermediate_capacity,simulation_identity_breach_multiplier,low,90000545,workstation,1.57968065
intermediate_capacity,simulation_identity_breach_multiplier,high,90000591,internet_facing,2.10187058
intermediate_capacity,simulation_identity_breach_multiplier,high,90000666,internet_facing,2.11996882
intermediate_capacity,simulation_identity_breach_multiplier,high,90000636,internet_facing,2.15289321
intermediate_capacity,simulation_identity_breach_multiplier,high,90000746,internet_facing,2.15424661
intermediate_capacity,simulation_identity_breach_multiplier,high,90000411,internet_facing,2.15575928
intermediate_capacity,simulation_identity_breach_multiplier,high,90000451,internet_facing,2.18650468
intermediate_capacity,simulation_identity_breach_multiplier,high,90000646,internet_facing,2.22346477
intermediate_capacity,simulation_identity_breach_multiplier,high,90000486,internet_facing,2.25963722
intermediate_capacity,simulation_identity_breach_multiplier,high,90000586,internet_facing,2.26006614
intermediate_capacity,simulation_identity_breach_multiplier,high,90000681,internet_facing,2.28097618
intermediate_capacity,simulation_identity_breach_multiplier,high,90000531,internet_facing,2.28147128
intermediate_capacity,simulation_identity_breach_multiplier,high,90000431,internet_facing,2.28265042
intermediate_capacity,simulation_identity_breach_multiplier,high,90000781,internet_facing,2.31366884
intermediate_capacity,simulation_identity_breach_multiplier,high,90000516,internet_facing,2.32796879
intermediate_capacity,simulation_identity_breach_multiplier,high,90000581,internet_facing,2.35570583
intermediate_capacity,simulation_identity_breach_multiplier,high,90000731,internet_facing,2.35751835
intermediate_capacity,simulation_identity_breach_multiplier,high,90000541,internet_facing,2.35844869
intermediate_capacity,simulation_identity_breach_multiplier,high,90000606,internet_facing,2.37472651
intermediate_capacity,simulation_identity_breach_multiplier,high,90000426,internet_facing,2.3823271
intermediate_capacity,simulation_identity_breach_multiplier,high,90000741,internet_facing,2.42250151
intermediate_capacity,simulation_identity_breach_multiplier,high,90000506,internet_facing,2.44472719
intermediate_capacity,simulation_identity_breach_multiplier,high,90000766,internet_facing,2.45325082
intermediate_capacity,simulation_identity_breach_multiplier,high,90000406,internet_facing,2.46139931
intermediate_capacity,simulation_identity_breach_multiplier,high,90000716,internet_facing,2.46432893
intermediate_capacity,simulation_identity_breach_multiplier,high,90000791,internet_facing,2.49151094
intermediate_capacity,simulation_identity_breach_multiplier,high,90000491,internet_facing,2.49235161
intermediate_capacity,simulation_identity_breach_multiplier,high,90000478,medical_device,2.16410241
intermediate_capacity,simulation_identity_breach_multiplier,high,90000658,medical_device,2.2127325
intermediate_capacity,simulation_identity_breach_multiplier,high,90000443,medical_device,2.21577353
intermediate_capacity,simulation_identity_breach_multiplier,high,90000458,medical_device,2.2159525
intermediate_capacity,simulation_identity_breach_multiplier,high,90000643,medical_device,2.23155742
intermediate_capacity,simulation_identity_breach_multiplier,high,90000663,medical_device,2.2541751
intermediate_capacity,simulation_identity_breach_multiplier,high,90000403,medical_device,2.25820587
intermediate_capacity,simulation_identity_breach_multiplier,high,90000553,medical_device,2.27123254
intermediate_capacity,simulation_identity_breach_multiplier,high,90000488,medical_device,2.28104652
intermediate_capacity,simulation_identity_breach_multiplier,high,90000743,medical_device,2.28391116
intermediate_capacity,simulation_identity_breach_multiplier,high,90000753,medical_device,2.28977175
intermediate_capacity,simulation_identity_breach_multiplier,high,90000508,medical_device,2.29799042
intermediate_capacity,simulation_identity_breach_multiplier,high,90000738,medical_device,2.30581398
intermediate_capacity,simulation_identity_breach_multiplier,high,90000763,medical_device,2.32289837
intermediate_capacity,simulation_identity_breach_multiplier,high,90000583,medical_device,2.32632498
intermediate_capacity,simulation_identity_breach_multiplier,high,90000423,medical_device,2.34080636
intermediate_capacity,simulation_identity_breach_multiplier,high,90000718,medical_device,2.34234667
intermediate_capacity,simulation_identity_breach_multiplier,high,90000543,medical_device,2.35869628
intermediate_capacity,simulation_identity_breach_multiplier,high,90000503,medical_device,2.36003016
intermediate_capacity,simulation_identity_breach_multiplier,high,90000608,medical_device,2.40154183
intermediate_capacity,simulation_identity_breach_multiplier,high,90000533,medical_device,2.42481224
intermediate_capacity,simulation_identity_breach_multiplier,high,90000778,medical_device,2.43667178
intermediate_capacity,simulation_identity_breach_multiplier,high,90000638,medical_device,2.45821705
intermediate_capacity,simulation_identity_breach_multiplier,high,90000573,medical_device,2.46750959
intermediate_capacity,simulation_identity_breach_multiplier,high,90000748,medical_device,2.46787235
intermediate_capacity,simulation_identity_breach_multiplier,high,90000593,medical_device,2.48600305
intermediate_capacity,simulation_identity_breach_multiplier,high,90000762,privileged_system,1.98737456
intermediate_capacity,simulation_identity_breach_multiplier,high,90000617,privileged_system,2.00936586
intermediate_capacity,simulation_identity_breach_multiplier,high,90000492,privileged_system,2.02042883
intermediate_capacity,simulation_identity_breach_multiplier,high,90000622,privileged_system,2.0528351
intermediate_capacity,simulation_identity_breach_multiplier,high,90000587,privileged_system,2.07659063
intermediate_capacity,simulation_identity_breach_multiplier,high,90000662,privileged_system,2.10517588
intermediate_capacity,simulation_identity_breach_multiplier,high,90000477,privileged_system,2.14154779
intermediate_capacity,simulation_identity_breach_multiplier,high,90000462,privileged_system,2.1425507
intermediate_capacity,simulation_identity_breach_multiplier,high,90000447,privileged_system,2.15671065
intermediate_capacity,simulation_identity_breach_multiplier,high,90000497,privileged_system,2.1643535
intermediate_capacity,simulation_identity_breach_multiplier,high,90000422,privileged_system,2.17629228
intermediate_capacity,simulation_identity_breach_multiplier,high,90000752,privileged_system,2.26275466
intermediate_capacity,simulation_identity_breach_multiplier,high,90000597,privileged_system,2.28101367
intermediate_capacity,simulation_identity_breach_multiplier,high,90000642,privileged_system,2.30315428
intermediate_capacity,simulation_identity_breach_multiplier,high,90000727,privileged_system,2.3280938
intermediate_capacity,simulation_identity_breach_multiplier,high,90000407,privileged_system,2.33553488
intermediate_capacity,simulation_identity_breach_multiplier,high,90000687,privileged_system,2.3450471
intermediate_capacity,simulation_identity_breach_multiplier,high,90000567,privileged_system,2.34608832
intermediate_capacity,simulation_identity_breach_multiplier,high,90000777,privileged_system,2.37669284
intermediate_capacity,simulation_identity_breach_multiplier,high,90000482,privileged_system,2.40730354
intermediate_capacity,simulation_identity_breach_multiplier,high,90000717,privileged_system,2.4098331
intermediate_capacity,simulation_identity_breach_multiplier,high,90000542,privileged_system,2.42538616
intermediate_capacity,simulation_identity_breach_multiplier,high,90000607,privileged_system,2.426413
intermediate_capacity,simulation_identity_breach_multiplier,high,90000737,privileged_system,2.46078681
intermediate_capacity,simulation_identity_breach_multiplier,high,90000582,privileged_system,2.46717542
intermediate_capacity,simulation_identity_breach_multiplier,high,90000697,privileged_system,2.47513637
intermediate_capacity,simulation_identity_breach_multiplier,high,90000494,vendor_connection,1.921459
intermediate_capacity,simulation_identity_breach_multiplier,high,90000779,vendor_connection,1.96894095
intermediate_capacity,simulation_identity_breach_multiplier,high,90000564,vendor_connection,1.97883561
intermediate_capacity,simulation_identity_breach_multiplier,high,90000419,vendor_connection,1.99711828
intermediate_capacity,simulation_identity_breach_multiplier,high,90000729,vendor_connection,2.02333588
intermediate_capacity,simulation_identity_breach_multiplier,high,90000439,vendor_connection,2.06014076
intermediate_capacity,simulation_identity_breach_multiplier,high,90000759,vendor_connection,2.0942644
intermediate_capacity,simulation_identity_breach_multiplier,high,90000524,vendor_connection,2.13197949
intermediate_capacity,simulation_identity_breach_multiplier,high,90000739,vendor_connection,2.1579826
intermediate_capacity,simulation_identity_breach_multiplier,high,90000649,vendor_connection,2.18510673
intermediate_capacity,simulation_identity_breach_multiplier,high,90000754,vendor_connection,2.19264105
intermediate_capacity,simulation_identity_breach_multiplier,high,90000719,vendor_connection,2.27979494
intermediate_capacity,simulation_identity_breach_multiplier,high,90000679,vendor_connection,2.28597394
intermediate_capacity,simulation_identity_breach_multiplier,high,90000694,vendor_connection,2.28837689
intermediate_capacity,simulation_identity_breach_multiplier,high,90000449,vendor_connection,2.30115268
intermediate_capacity,simulation_identity_breach_multiplier,high,90000794,vendor_connection,2.3169828
intermediate_capacity,simulation_identity_breach_multiplier,high,90000749,vendor_connection,2.32599284
intermediate_capacity,simulation_identity_breach_multiplier,high,90000409,vendor_connection,2.32685975
intermediate_capacity,simulation_identity_breach_multiplier,high,90000609,vendor_connection,2.34310939
intermediate_capacity,simulation_identity_breach_multiplier,high,90000464,vendor_connection,2.35702064
intermediate_capacity,simulation_identity_breach_multiplier,high,90000714,vendor_connection,2.38286014
intermediate_capacity,simulation_identity_breach_multiplier,high,90000634,vendor_connection,2.38878278
intermediate_capacity,simulation_identity_breach_multiplier,high,90000429,vendor_connection,2.44572181
intermediate_capacity,simulation_identity_breach_multiplier,high,90000594,vendor_connection,2.46351056
intermediate_capacity,simulation_identity_breach_multiplier,high,90000569,vendor_connection,2.47128329
intermediate_capacity,simulation_identity_breach_multiplier,high,90000474,vendor_connection,2.47466307
intermediate_capacity,simulation_identity_breach_multiplier,high,90000420,workstation,2.08479905
intermediate_capacity,simulation_identity_breach_multiplier,high,90000705,workstation,2.11416087
intermediate_capacity,simulation_identity_breach_multiplier,high,90000740,workstation,2.13416053
intermediate_capacity,simulation_identity_breach_multiplier,high,90000660,workstation,2.13556123
intermediate_capacity,simulation_identity_breach_multiplier,high,90000605,workstation,2.14623878
intermediate_capacity,simulation_identity_breach_multiplier,high,90000755,workstation,2.15565974
intermediate_capacity,simulation_identity_breach_multiplier,high,90000535,workstation,2.16302547
intermediate_capacity,simulation_identity_breach_multiplier,high,90000785,workstation,2.18581994
intermediate_capacity,simulation_identity_breach_multiplier,high,90000790,workstation,2.22165123
intermediate_capacity,simulation_identity_breach_multiplier,high,90000700,workstation,2.24122068
intermediate_capacity,simulation_identity_breach_multiplier,high,90000725,workstation,2.24294993
intermediate_capacity,simulation_identity_breach_multiplier,high,90000715,workstation,2.24665928
intermediate_capacity,simulation_identity_breach_multiplier,high,90000795,workstation,2.31568683
intermediate_capacity,simulation_identity_breach_multiplier,high,90000580,workstation,2.31806705
intermediate_capacity,simulation_identity_breach_multiplier,high,90000475,workstation,2.36311223
intermediate_capacity,simulation_identity_breach_multiplier,high,90000565,workstation,2.36465277
intermediate_capacity,simulation_identity_breach_multiplier,high,90000555,workstation,2.36522013
intermediate_capacity,simulation_identity_breach_multiplier,high,90000435,workstation,2.36757824
intermediate_capacity,simulation_identity_breach_multiplier,high,90000650,workstation,2.37121355
intermediate_capacity,simulation_identity_breach_multiplier,high,90000515,workstation,2.38326939
intermediate_capacity,simulation_identity_breach_multiplier,high,90000540,workstation,2.39115798
intermediate_capacity,simulation_identity_breach_multiplier,high,90000665,workstation,2.41975692
intermediate_capacity,simulation_identity_breach_multiplier,high,90000480,workstation,2.4442743
intermediate_capacity,simulation_identity_breach_multiplier,high,90000495,workstation,2.44528183
intermediate_capacity,simulation_identity_breach_multiplier,high,90000470,workstation,2.45999104
intermediate_capacity,simulation_identity_breach_multiplier,high,90000655,workstation,2.47588231
intermediate_capacity,simulation_identity_control_coverage,low,90000531,internet_facing,0.61336571
intermediate_capacity,simulation_identity_control_coverage,low,90000616,internet_facing,0.6145081
intermediate_capacity,simulation_identity_control_coverage,low,90000701,internet_facing,0.63074963
intermediate_capacity,simulation_identity_control_coverage,low,90000546,internet_facing,0.63736733
intermediate_capacity,simulation_identity_control_coverage,low,90000401,internet_facing,0.63818702
intermediate_capacity,simulation_identity_control_coverage,low,90000671,internet_facing,0.64243942
intermediate_capacity,simulation_identity_control_coverage,low,90000551,internet_facing,0.64336469
intermediate_capacity,simulation_identity_control_coverage,low,90000591,internet_facing,0.649231
intermediate_capacity,simulation_identity_control_coverage,low,90000686,internet_facing,0.64945835
intermediate_capacity,simulation_identity_control_coverage,low,90000576,internet_facing,0.65075539
intermediate_capacity,simulation_identity_control_coverage,low,90000441,internet_facing,0.65498121
intermediate_capacity,simulation_identity_control_coverage,low,90000511,internet_facing,0.66119989
intermediate_capacity,simulation_identity_control_coverage,low,90000466,internet_facing,0.66564241
intermediate_capacity,simulation_identity_control_coverage,low,90000541,internet_facing,0.66623577
intermediate_capacity,simulation_identity_control_coverage,low,90000561,internet_facing,0.67261801
intermediate_capacity,simulation_identity_control_coverage,low,90000446,internet_facing,0.67684661
intermediate_capacity,simulation_identity_control_coverage,low,90000721,internet_facing,0.67793636
intermediate_capacity,simulation_identity_control_coverage,low,90000681,internet_facing,0.68400677
intermediate_capacity,simulation_identity_control_coverage,low,90000716,internet_facing,0.69086291
intermediate_capacity,simulation_identity_control_coverage,low,90000556,internet_facing,0.70206518
intermediate_capacity,simulation_identity_control_coverage,low,90000476,internet_facing,0.70353767
intermediate_capacity,simulation_identity_control_coverage,low,90000486,internet_facing,0.70603451
intermediate_capacity,simulation_identity_control_coverage,low,90000771,internet_facing,0.70792004
intermediate_capacity,simulation_identity_control_coverage,low,90000586,internet_facing,0.70954644
intermediate_capacity,simulation_identity_control_coverage,low,90000601,internet_facing,0.71622398
intermediate_capacity,simulation_identity_control_coverage,low,90000606,internet_facing,0.72431434
intermediate_capacity,simulation_identity_control_coverage,low,90000668,medical_device,0.60475942
intermediate_capacity,simulation_identity_control_coverage,low,90000453,medical_device,0.60530221
intermediate_capacity,simulation_identity_control_coverage,low,90000583,medical_device,0.60656675
intermediate_capacity,simulation_identity_control_coverage,low,90000473,medical_device,0.6118498
intermediate_capacity,simulation_identity_control_coverage,low,90000548,medical_device,0.61474785
intermediate_capacity,simulation_identity_control_coverage,low,90000653,medical_device,0.61653006
intermediate_capacity,simulation_identity_control_coverage,low,90000533,medical_device,0.61821679
intermediate_capacity,simulation_identity_control_coverage,low,90000708,medical_device,0.61832864
intermediate_capacity,simulation_identity_control_coverage,low,90000593,medical_device,0.61849586
intermediate_capacity,simulation_identity_control_coverage,low,90000643,medical_device,0.61924488
intermediate_capacity,simulation_identity_control_coverage,low,90000493,medical_device,0.62474292
intermediate_capacity,simulation_identity_control_coverage,low,90000603,medical_device,0.63775317
intermediate_capacity,simulation_identity_control_coverage,low,90000683,medical_device,0.64160006
intermediate_capacity,simulation_identity_control_coverage,low,90000598,medical_device,0.64300599
intermediate_capacity,simulation_identity_control_coverage,low,90000788,medical_device,0.65151753
intermediate_capacity,simulation_identity_control_coverage,low,90000618,medical_device,0.65269221
intermediate_capacity,simulation_identity_control_coverage,low,90000608,medical_device,0.65751253
intermediate_capacity,simulation_identity_control_coverage,low,90000798,medical_device,0.66273313
intermediate_capacity,simulation_identity_control_coverage,low,90000513,medical_device,0.67562292
intermediate_capacity,simulation_identity_control_coverage,low,90000663,medical_device,0.67948782
intermediate_capacity,simulation_identity_control_coverage,low,90000763,medical_device,0.68657972
intermediate_capacity,simulation_identity_control_coverage,low,90000568,medical_device,0.69847867
intermediate_capacity,simulation_identity_control_coverage,low,90000783,medical_device,0.69977582
intermediate_capacity,simulation_identity_control_coverage,low,90000713,medical_device,0.70434057
intermediate_capacity,simulation_identity_control_coverage,low,90000563,medical_device,0.70490887
intermediate_capacity,simulation_identity_control_coverage,low,90000403,medical_device,0.71160196
intermediate_capacity,simulation_identity_control_coverage,low,90000612,privileged_system,0.6018039
intermediate_capacity,simulation_identity_control_coverage,low,90000747,privileged_system,0.60755897
intermediate_capacity,simulation_identity_control_coverage,low,90000432,privileged_system,0.60850874
intermediate_capacity,simulation_identity_control_coverage,low,90000642,privileged_system,0.60884416
intermediate_capacity,simulation_identity_control_coverage,low,90000682,privileged_system,0.61374127
intermediate_capacity,simulation_identity_control_coverage,low,90000552,privileged_system,0.6171747
intermediate_capacity,simulation_identity_control_coverage,low,90000592,privileged_system,0.62039811
intermediate_capacity,simulation_identity_control_coverage,low,90000427,privileged_system,0.62147583
intermediate_capacity,simulation_identity_control_coverage,low,90000467,privileged_system,0.63623458
intermediate_capacity,simulation_identity_control_coverage,low,90000607,privileged_system,0.6438796
intermediate_capacity,simulation_identity_control_coverage,low,90000792,privileged_system,0.64646299
intermediate_capacity,simulation_identity_control_coverage,low,90000492,privileged_system,0.64649749
intermediate_capacity,simulation_identity_control_coverage,low,90000692,privileged_system,0.65801656
intermediate_capacity,simulation_identity_control_coverage,low,90000512,privileged_system,0.67076312
intermediate_capacity,simulation_identity_control_coverage,low,90000417,privileged_system,0.6759067
intermediate_capacity,simulation_identity_control_coverage,low,90000722,privileged_system,0.68020349
intermediate_capacity,simulation_identity_control_coverage,low,90000797,privileged_system,0.68238789
intermediate_capacity,simulation_identity_control_coverage,low,90000772,privileged_system,0.68300881
intermediate_capacity,simulation_identity_control_coverage,low,90000717,privileged_system,0.68443709
intermediate_capacity,simulation_identity_control_coverage,low,90000622,privileged_system,0.68505124
intermediate_capacity,simulation_identity_control_coverage,low,90000437,privileged_system,0.68627271
intermediate_capacity,simulation_identity_control_coverage,low,90000742,privileged_system,0.69049578
intermediate_capacity,simulation_identity_control_coverage,low,90000757,privileged_system,0.69108831
intermediate_capacity,simulation_identity_control_coverage,low,90000452,privileged_system,0.69472948
intermediate_capacity,simulation_identity_control_coverage,low,90000697,privileged_system,0.69759997
intermediate_capacity,simulation_identity_control_coverage,low,90000447,privileged_system,0.6993708
intermediate_capacity,simulation_identity_control_coverage,low,90000514,vendor_connection,0.60036711
intermediate_capacity,simulation_identity_control_coverage,low,90000629,vendor_connection,0.60093173
intermediate_capacity,simulation_identity_control_coverage,low,90000484,vendor_connection,0.61031711
intermediate_capacity,simulation_identity_control_coverage,low,90000584,vendor_connection,0.62050533
intermediate_capacity,simulation_identity_control_coverage,low,90000579,vendor_connection,0.62499095
intermediate_capacity,simulation_identity_control_coverage,low,90000689,vendor_connection,0.62517952
intermediate_capacity,simulation_identity_control_coverage,low,90000589,vendor_connection,0.62523732
intermediate_capacity,simulation_identity_control_coverage,low,90000489,vendor_connection,0.62925298
intermediate_capacity,simulation_identity_control_coverage,low,90000464,vendor_connection,0.63072077
intermediate_capacity,simulation_identity_control_coverage,low,90000724,vendor_connection,0.63384072
intermediate_capacity,simulation_identity_control_coverage,low,90000684,vendor_connection,0.63402933
intermediate_capacity,simulation_identity_control_coverage,low,90000719,vendor_connection,0.63717748
intermediate_capacity,simulation_identity_control_coverage,low,90000569,vendor_connection,0.64221408
intermediate_capacity,simulation_identity_control_coverage,low,90000674,vendor_connection,0.6459391
intermediate_capacity,simulation_identity_control_coverage,low,90000709,vendor_connection,0.65373492
intermediate_capacity,simulation_identity_control_coverage,low,90000729,vendor_connection,0.65780027
intermediate_capacity,simulation_identity_control_coverage,low,90000604,vendor_connection,0.66169158
intermediate_capacity,simulation_identity_control_coverage,low,90000649,vendor_connection,0.66465484
intermediate_capacity,simulation_identity_control_coverage,low,90000524,vendor_connection,0.66983624
intermediate_capacity,simulation_identity_control_coverage,low,90000404,vendor_connection,0.67744582
intermediate_capacity,simulation_identity_control_coverage,low,90000609,vendor_connection,0.68195584
intermediate_capacity,simulation_identity_control_coverage,low,90000639,vendor_connection,0.68485645
intermediate_capacity,simulation_identity_control_coverage,low,90000694,vendor_connection,0.68974467
intermediate_capacity,simulation_identity_control_coverage,low,90000654,vendor_connection,0.69218585
intermediate_capacity,simulation_identity_control_coverage,low,90000679,vendor_connection,0.70459177
intermediate_capacity,simulation_identity_control_coverage,low,90000594,vendor_connection,0.70590966
intermediate_capacity,simulation_identity_control_coverage,low,90000610,workstation,0.60189994
intermediate_capacity,simulation_identity_control_coverage,low,90000520,workstation,0.60317263
intermediate_capacity,simulation_identity_control_coverage,low,90000635,workstation,0.61403912
intermediate_capacity,simulation_identity_control_coverage,low,90000710,workstation,0.62870132
intermediate_capacity,simulation_identity_control_coverage,low,90000495,workstation,0.63035539
intermediate_capacity,simulation_identity_control_coverage,low,90000775,workstation,0.63103684
intermediate_capacity,simulation_identity_control_coverage,low,90000560,workstation,0.63145599
intermediate_capacity,simulation_identity_control_coverage,low,90000535,workstation,0.6329332
intermediate_capacity,simulation_identity_control_coverage,low,90000680,workstation,0.63346621
intermediate_capacity,simulation_identity_control_coverage,low,90000665,workstation,0.64645743
intermediate_capacity,simulation_identity_control_coverage,low,90000590,workstation,0.65024061
intermediate_capacity,simulation_identity_control_coverage,low,90000515,workstation,0.66584522
intermediate_capacity,simulation_identity_control_coverage,low,90000450,workstation,0.66610522
intermediate_capacity,simulation_identity_control_coverage,low,90000660,workstation,0.67466329
intermediate_capacity,simulation_identity_control_coverage,low,90000735,workstation,0.6798056
intermediate_capacity,simulation_identity_control_coverage,low,90000420,workstation,0.68254779
intermediate_capacity,simulation_identity_control_coverage,low,90000700,workstation,0.68944659
intermediate_capacity,simulation_identity_control_coverage,low,90000615,workstation,0.68979613
intermediate_capacity,simulation_identity_control_coverage,low,90000600,workstation,0.69109427
intermediate_capacity,simulation_identity_control_coverage,low,90000605,workstation,0.69952484
intermediate_capacity,simulation_identity_control_coverage,low,90000625,workstation,0.70099678
intermediate_capacity,simulation_identity_control_coverage,low,90000740,workstation,0.7021945
intermediate_capacity,simulation_identity_control_coverage,low,90000500,workstation,0.702525
intermediate_capacity,simulation_identity_control_coverage,low,90000435,workstation,0.71104293
intermediate_capacity,simulation_identity_control_coverage,low,90000630,workstation,0.71754392
intermediate_capacity,simulation_identity_control_coverage,low,90000655,workstation,0.72428899
intermediate_capacity,simulation_identity_control_coverage,high,90000481,internet_facing,0.83455697
intermediate_capacity,simulation_identity_control_coverage,high,90000571,internet_facing,0.84155315
intermediate_capacity,simulation_identity_control_coverage,high,90000421,internet_facing,0.84556546
intermediate_capacity,simulation_identity_control_coverage,high,90000596,internet_facing,0.84614355
intermediate_capacity,simulation_identity_control_coverage,high,90000741,internet_facing,0.84668147
intermediate_capacity,simulation_identity_control_coverage,high,90000646,internet_facing,0.8524402
intermediate_capacity,simulation_identity_control_coverage,high,90000746,internet_facing,0.85432254
intermediate_capacity,simulation_identity_control_coverage,high,90000756,internet_facing,0.85445289
intermediate_capacity,simulation_identity_control_coverage,high,90000416,internet_facing,0.85881085
intermediate_capacity,simulation_identity_control_coverage,high,90000461,internet_facing,0.8618098
intermediate_capacity,simulation_identity_control_coverage,high,90000636,internet_facing,0.86638102
intermediate_capacity,simulation_identity_control_coverage,high,90000536,internet_facing,0.86983826
intermediate_capacity,simulation_identity_control_coverage,high,90000761,internet_facing,0.8724636
intermediate_capacity,simulation_identity_control_coverage,high,90000451,internet_facing,0.87480236
intermediate_capacity,simulation_identity_control_coverage,high,90000781,internet_facing,0.87780363
intermediate_capacity,simulation_identity_control_coverage,high,90000501,internet_facing,0.88348988
intermediate_capacity,simulation_identity_control_coverage,high,90000666,internet_facing,0.88608712
intermediate_capacity,simulation_identity_control_coverage,high,90000626,internet_facing,0.88928433
intermediate_capacity,simulation_identity_control_coverage,high,90000706,internet_facing,0.89297315
intermediate_capacity,simulation_identity_control_coverage,high,90000516,internet_facing,0.90504913
intermediate_capacity,simulation_identity_control_coverage,high,90000456,internet_facing,0.90934086
intermediate_capacity,simulation_identity_control_coverage,high,90000411,internet_facing,0.91284572
intermediate_capacity,simulation_identity_control_coverage,high,90000526,internet_facing,0.92278176
intermediate_capacity,simulation_identity_control_coverage,high,90000751,internet_facing,0.93063158
intermediate_capacity,simulation_identity_control_coverage,high,90000736,internet_facing,0.93899697
intermediate_capacity,simulation_identity_control_coverage,high,90000731,internet_facing,0.94198846
intermediate_capacity,simulation_identity_control_coverage,high,90000753,medical_device,0.86069273
intermediate_capacity,simulation_identity_control_coverage,high,90000613,medical_device,0.86375636
intermediate_capacity,simulation_identity_control_coverage,high,90000648,medical_device,0.86737128
intermediate_capacity,simulation_identity_control_coverage,high,90000588,medical_device,0.8702138
intermediate_capacity,simulation_identity_control_coverage,high,90000728,medical_device,0.87346101
intermediate_capacity,simulation_identity_control_coverage,high,90000528,medical_device,0.87698173
intermediate_capacity,simulation_identity_control_coverage,high,90000718,medical_device,0.87845451
intermediate_capacity,simulation_identity_control_coverage,high,90000723,medical_device,0.8806041
intermediate_capacity,simulation_identity_control_coverage,high,90000438,medical_device,0.88124613
intermediate_capacity,simulation_identity_control_coverage,high,90000488,medical_device,0.88945766
intermediate_capacity,simulation_identity_control_coverage,high,90000638,medical_device,0.89080323
intermediate_capacity,simulation_identity_control_coverage,high,90000743,medical_device,0.89189435
intermediate_capacity,simulation_identity_control_coverage,high,90000478,medical_device,0.90348042
intermediate_capacity,simulation_identity_control_coverage,high,90000573,medical_device,0.90701712
intermediate_capacity,simulation_identity_control_coverage,high,90000458,medical_device,0.91236914
intermediate_capacity,simulation_identity_control_coverage,high,90000698,medical_device,0.91314408
intermediate_capacity,simulation_identity_control_coverage,high,90000623,medical_device,0.91873768
intermediate_capacity,simulation_identity_control_coverage,high,90000523,medical_device,0.92024792
intermediate_capacity,simulation_identity_control_coverage,high,90000733,medical_device,0.92147639
intermediate_capacity,simulation_identity_control_coverage,high,90000518,medical_device,0.92299463
intermediate_capacity,simulation_identity_control_coverage,high,90000793,medical_device,0.92537575
intermediate_capacity,simulation_identity_control_coverage,high,90000483,medical_device,0.92872729
intermediate_capacity,simulation_identity_control_coverage,high,90000633,medical_device,0.944044
intermediate_capacity,simulation_identity_control_coverage,high,90000448,medical_device,0.94491214
intermediate_capacity,simulation_identity_control_coverage,high,90000538,medical_device,0.94569355
intermediate_capacity,simulation_identity_control_coverage,high,90000553,medical_device,0.94706653
intermediate_capacity,simulation_identity_control_coverage,high,90000662,privileged_system,0.80414962
intermediate_capacity,simulation_identity_control_coverage,high,90000787,privileged_system,0.81948526
intermediate_capacity,simulation_identity_control_coverage,high,90000517,privileged_system,0.82179204
intermediate_capacity,simulation_identity_control_coverage,high,90000557,privileged_system,0.82268775
intermediate_capacity,simulation_identity_control_coverage,high,90000677,privileged_system,0.82576562
intermediate_capacity,simulation_identity_control_coverage,high,90000562,privileged_system,0.82912626
intermediate_capacity,simulation_identity_control_coverage,high,90000477,privileged_system,0.83625778
intermediate_capacity,simulation_identity_control_coverage,high,90000472,privileged_system,0.83939059
intermediate_capacity,simulation_identity_control_coverage,high,90000572,privileged_system,0.84858121
intermediate_capacity,simulation_identity_control_coverage,high,90000487,privileged_system,0.8537634
intermediate_capacity,simulation_identity_control_coverage,high,90000597,privileged_system,0.85540793
intermediate_capacity,simulation_identity_control_coverage,high,90000507,privileged_system,0.8571549
intermediate_capacity,simulation_identity_control_coverage,high,90000667,privileged_system,0.86379335
intermediate_capacity,simulation_identity_control_coverage,high,90000702,privileged_system,0.86705281
intermediate_capacity,simulation_identity_control_coverage,high,90000617,privileged_system,0.87484868
intermediate_capacity,simulation_identity_control_coverage,high,90000752,privileged_system,0.87573827
intermediate_capacity,simulation_identity_control_coverage,high,90000582,privileged_system,0.88145476
intermediate_capacity,simulation_identity_control_coverage,high,90000532,privileged_system,0.88868872
intermediate_capacity,simulation_identity_control_coverage,high,90000712,privileged_system,0.89204194
intermediate_capacity,simulation_identity_control_coverage,high,90000502,privileged_system,0.892454
intermediate_capacity,simulation_identity_control_coverage,high,90000462,privileged_system,0.8974089
intermediate_capacity,simulation_identity_control_coverage,high,90000637,privileged_system,0.9121442
intermediate_capacity,simulation_identity_control_coverage,high,90000602,privileged_system,0.92322433
intermediate_capacity,simulation_identity_control_coverage,high,90000777,privileged_system,0.92327936
intermediate_capacity,simulation_identity_control_coverage,high,90000627,privileged_system,0.93774513
intermediate_capacity,simulation_identity_control_coverage,high,90000632,privileged_system,0.94923855
intermediate_capacity,simulation_identity_control_coverage,high,90000779,vendor_connection,0.83485083
intermediate_capacity,simulation_identity_control_coverage,high,90000509,vendor_connection,0.83793399
intermediate_capacity,simulation_identity_control_coverage,high,90000634,vendor_connection,0.83921538
intermediate_capacity,simulation_identity_control_coverage,high,90000459,vendor_connection,0.8435142
intermediate_capacity,simulation_identity_control_coverage,high,90000474,vendor_connection,0.84879012
intermediate_capacity,simulation_identity_control_coverage,high,90000409,vendor_connection,0.85032389
intermediate_capacity,simulation_identity_control_coverage,high,90000799,vendor_connection,0.85366215
intermediate_capacity,simulation_identity_control_coverage,high,90000774,vendor_connection,0.85591913
intermediate_capacity,simulation_identity_control_coverage,high,90000519,vendor_connection,0.85728405
intermediate_capacity,simulation_identity_control_coverage,high,90000794,vendor_connection,0.85782335
intermediate_capacity,simulation_identity_control_coverage,high,90000544,vendor_connection,0.86598828
intermediate_capacity,simulation_identity_control_coverage,high,90000659,vendor_connection,0.8660204
intermediate_capacity,simulation_identity_control_coverage,high,90000454,vendor_connection,0.88682159
intermediate_capacity,simulation_identity_control_coverage,high,90000559,vendor_connection,0.8906226
intermediate_capacity,simulation_identity_control_coverage,high,90000619,vendor_connection,0.89375826
intermediate_capacity,simulation_identity_control_coverage,high,90000599,vendor_connection,0.90120839
intermediate_capacity,simulation_identity_control_coverage,high,90000534,vendor_connection,0.902585
intermediate_capacity,simulation_identity_control_coverage,high,90000504,vendor_connection,0.90649184
intermediate_capacity,simulation_identity_control_coverage,high,90000469,vendor_connection,0.91202991
intermediate_capacity,simulation_identity_control_coverage,high,90000539,vendor_connection,0.92038636
intermediate_capacity,simulation_identity_control_coverage,high,90000714,vendor_connection,0.93273007
intermediate_capacity,simulation_identity_control_coverage,high,90000444,vendor_connection,0.9365011
intermediate_capacity,simulation_identity_control_coverage,high,90000784,vendor_connection,0.94260951
intermediate_capacity,simulation_identity_control_coverage,high,90000624,vendor_connection,0.94322395
intermediate_capacity,simulation_identity_control_coverage,high,90000744,vendor_connection,0.94622101
intermediate_capacity,simulation_identity_control_coverage,high,90000434,vendor_connection,0.94688041
intermediate_capacity,simulation_identity_control_coverage,high,90000475,workstation,0.86881693
intermediate_capacity,simulation_identity_control_coverage,high,90000670,workstation,0.87124146
intermediate_capacity,simulation_identity_control_coverage,high,90000510,workstation,0.87162571
intermediate_capacity,simulation_identity_control_coverage,high,90000480,workstation,0.87174825
intermediate_capacity,simulation_identity_control_coverage,high,90000580,workstation,0.87564865
intermediate_capacity,simulation_identity_control_coverage,high,90000685,workstation,0.8780055
intermediate_capacity,simulation_identity_control_coverage,high,90000565,workstation,0.87858427
intermediate_capacity,simulation_identity_control_coverage,high,90000675,workstation,0.88869087
intermediate_capacity,simulation_identity_control_coverage,high,90000640,workstation,0.89054154
intermediate_capacity,simulation_identity_control_coverage,high,90000795,workstation,0.89390433
intermediate_capacity,simulation_identity_control_coverage,high,90000410,workstation,0.89718902
intermediate_capacity,simulation_identity_control_coverage,high,90000570,workstation,0.90253299
intermediate_capacity,simulation_identity_control_coverage,high,90000470,workstation,0.90255718
intermediate_capacity,simulation_identity_control_coverage,high,90000785,workstation,0.90799847
intermediate_capacity,simulation_identity_control_coverage,high,90000585,workstation,0.91194421
intermediate_capacity,simulation_identity_control_coverage,high,90000455,workstation,0.91558654
intermediate_capacity,simulation_identity_control_coverage,high,90000400,workstation,0.9191195
intermediate_capacity,simulation_identity_control_coverage,high,90000505,workstation,0.919689
intermediate_capacity,simulation_identity_control_coverage,high,90000715,workstation,0.92496992
intermediate_capacity,simulation_identity_control_coverage,high,90000790,workstation,0.93233117
intermediate_capacity,simulation_identity_control_coverage,high,90000430,workstation,0.93588126
intermediate_capacity,simulation_identity_control_coverage,high,90000465,workstation,0.93791088
intermediate_capacity,simulation_identity_control_coverage,high,90000405,workstation,0.93952601
intermediate_capacity,simulation_identity_control_coverage,high,90000445,workstation,0.94334604
intermediate_capacity,simulation_identity_control_coverage,high,90000750,workstation,0.94672317
intermediate_capacity,simulation_identity_control_coverage,high,90000490,workstation,0.94881021
intermediate_capacity,simulation_identity_control_effectiveness,low,90000561,internet_facing,0.40167849
intermediate_capacity,simulation_identity_control_effectiveness,low,90000596,internet_facing,0.40172155
intermediate_capacity,simulation_identity_control_effectiveness,low,90000506,internet_facing,0.40358006
intermediate_capacity,simulation_identity_control_effectiveness,low,90000716,internet_facing,0.40748321
intermediate_capacity,simulation_identity_control_effectiveness,low,90000721,internet_facing,0.4081888
intermediate_capacity,simulation_identity_control_effectiveness,low,90000691,internet_facing,0.41598692
intermediate_capacity,simulation_identity_control_effectiveness,low,90000566,internet_facing,0.41790452
intermediate_capacity,simulation_identity_control_effectiveness,low,90000586,internet_facing,0.42467249
intermediate_capacity,simulation_identity_control_effectiveness,low,90000446,internet_facing,0.43010433
intermediate_capacity,simulation_identity_control_effectiveness,low,90000501,internet_facing,0.43087894
intermediate_capacity,simulation_identity_control_effectiveness,low,90000651,internet_facing,0.43308924
intermediate_capacity,simulation_identity_control_effectiveness,low,90000611,internet_facing,0.43582318
intermediate_capacity,simulation_identity_control_effectiveness,low,90000521,internet_facing,0.44618205
intermediate_capacity,simulation_identity_control_effectiveness,low,90000576,internet_facing,0.44989351
intermediate_capacity,simulation_identity_control_effectiveness,low,90000706,internet_facing,0.4710743
intermediate_capacity,simulation_identity_control_effectiveness,low,90000701,internet_facing,0.48012955
intermediate_capacity,simulation_identity_control_effectiveness,low,90000686,internet_facing,0.48478701
intermediate_capacity,simulation_identity_control_effectiveness,low,90000476,internet_facing,0.49074473
intermediate_capacity,simulation_identity_control_effectiveness,low,90000441,internet_facing,0.49172356
intermediate_capacity,simulation_identity_control_effectiveness,low,90000486,internet_facing,0.49735973
intermediate_capacity,simulation_identity_control_effectiveness,low,90000676,internet_facing,0.50430807
intermediate_capacity,simulation_identity_control_effectiveness,low,90000621,internet_facing,0.5055706
intermediate_capacity,simulation_identity_control_effectiveness,low,90000766,internet_facing,0.51242343
intermediate_capacity,simulation_identity_control_effectiveness,low,90000661,internet_facing,0.52098409
intermediate_capacity,simulation_identity_control_effectiveness,low,90000681,internet_facing,0.52390884
intermediate_capacity,simulation_identity_control_effectiveness,low,90000741,internet_facing,0.5283443
intermediate_capacity,simulation_identity_control_effectiveness,low,90000698,medical_device,0.40745942
intermediate_capacity,simulation_identity_control_effectiveness,low,90000503,medical_device,0.41905755
intermediate_capacity,simulation_identity_control_effectiveness,low,90000538,medical_device,0.4238726
intermediate_capacity,simulation_identity_control_effectiveness,low,90000728,medical_device,0.42694401
intermediate_capacity,simulation_identity_control_effectiveness,low,90000713,medical_device,0.42867837
intermediate_capacity,simulation_identity_control_effectiveness,low,90000593,medical_device,0.42904973
intermediate_capacity,simulation_identity_control_effectiveness,low,90000513,medical_device,0.4382241
intermediate_capacity,simulation_identity_control_effectiveness,low,90000613,medical_device,0.43903471
intermediate_capacity,simulation_identity_control_effectiveness,low,90000683,medical_device,0.44218955
intermediate_capacity,simulation_identity_control_effectiveness,low,90000448,medical_device,0.44537337
intermediate_capacity,simulation_identity_control_effectiveness,low,90000658,medical_device,0.4467007
intermediate_capacity,simulation_identity_control_effectiveness,low,90000673,medical_device,0.45270776
intermediate_capacity,simulation_identity_control_effectiveness,low,90000553,medical_device,0.45372472
intermediate_capacity,simulation_identity_control_effectiveness,low,90000798,medical_device,0.45748218
intermediate_capacity,simulation_identity_control_effectiveness,low,90000693,medical_device,0.46153976
intermediate_capacity,simulation_identity_control_effectiveness,low,90000568,medical_device,0.46414213
intermediate_capacity,simulation_identity_control_effectiveness,low,90000403,medical_device,0.48351759
intermediate_capacity,simulation_identity_control_effectiveness,low,90000458,medical_device,0.48585449
intermediate_capacity,simulation_identity_control_effectiveness,low,90000523,medical_device,0.48927766
intermediate_capacity,simulation_identity_control_effectiveness,low,90000428,medical_device,0.49164378
intermediate_capacity,simulation_identity_control_effectiveness,low,90000463,medical_device,0.49558384
intermediate_capacity,simulation_identity_control_effectiveness,low,90000423,medical_device,0.50566423
intermediate_capacity,simulation_identity_control_effectiveness,low,90000408,medical_device,0.50577122
intermediate_capacity,simulation_identity_control_effectiveness,low,90000598,medical_device,0.51388347
intermediate_capacity,simulation_identity_control_effectiveness,low,90000653,medical_device,0.52077663
intermediate_capacity,simulation_identity_control_effectiveness,low,90000558,medical_device,0.52493964
intermediate_capacity,simulation_identity_control_effectiveness,low,90000542,privileged_system,0.40799992
intermediate_capacity,simulation_identity_control_effectiveness,low,90000567,privileged_system,0.40830415
intermediate_capacity,simulation_identity_control_effectiveness,low,90000402,privileged_system,0.41165189
intermediate_capacity,simulation_identity_control_effectiveness,low,90000757,privileged_system,0.41759631
intermediate_capacity,simulation_identity_control_effectiveness,low,90000517,privileged_system,0.41791922
intermediate_capacity,simulation_identity_control_effectiveness,low,90000412,privileged_system,0.44024516
intermediate_capacity,simulation_identity_control_effectiveness,low,90000737,privileged_system,0.44206508
intermediate_capacity,simulation_identity_control_effectiveness,low,90000462,privileged_system,0.44234386
intermediate_capacity,simulation_identity_control_effectiveness,low,90000597,privileged_system,0.44759263
intermediate_capacity,simulation_identity_control_effectiveness,low,90000667,privileged_system,0.45137386
intermediate_capacity,simulation_identity_control_effectiveness,low,90000797,privileged_system,0.45604363
intermediate_capacity,simulation_identity_control_effectiveness,low,90000547,privileged_system,0.45744023
intermediate_capacity,simulation_identity_control_effectiveness,low,90000677,privileged_system,0.4601163
intermediate_capacity,simulation_identity_control_effectiveness,low,90000767,privileged_system,0.46938322
intermediate_capacity,simulation_identity_control_effectiveness,low,90000697,privileged_system,0.47561799
intermediate_capacity,simulation_identity_control_effectiveness,low,90000532,privileged_system,0.48347251
intermediate_capacity,simulation_identity_control_effectiveness,low,90000472,privileged_system,0.48884715
intermediate_capacity,simulation_identity_control_effectiveness,low,90000577,privileged_system,0.49345355
intermediate_capacity,simulation_identity_control_effectiveness,low,90000537,privileged_system,0.49636838
intermediate_capacity,simulation_identity_control_effectiveness,low,90000592,privileged_system,0.50729549
intermediate_capacity,simulation_identity_control_effectiveness,low,90000487,privileged_system,0.51287487
intermediate_capacity,simulation_identity_control_effectiveness,low,90000447,privileged_system,0.51815949
intermediate_capacity,simulation_identity_control_effectiveness,low,90000772,privileged_system,0.52477081
intermediate_capacity,simulation_identity_control_effectiveness,low,90000452,privileged_system,0.53176708
intermediate_capacity,simulation_identity_control_effectiveness,low,90000622,privileged_system,0.54270843
intermediate_capacity,simulation_identity_control_effectiveness,low,90000422,privileged_system,0.54737707
intermediate_capacity,simulation_identity_control_effectiveness,low,90000724,vendor_connection,0.40552936
intermediate_capacity,simulation_identity_control_effectiveness,low,90000734,vendor_connection,0.41787234
intermediate_capacity,simulation_identity_control_effectiveness,low,90000474,vendor_connection,0.42013189
intermediate_capacity,simulation_identity_control_effectiveness,low,90000514,vendor_connection,0.44319353
intermediate_capacity,simulation_identity_control_effectiveness,low,90000469,vendor_connection,0.44651048
intermediate_capacity,simulation_identity_control_effectiveness,low,90000799,vendor_connection,0.45137725
intermediate_capacity,simulation_identity_control_effectiveness,low,90000539,vendor_connection,0.47786577
intermediate_capacity,simulation_identity_control_effectiveness,low,90000419,vendor_connection,0.47928336
intermediate_capacity,simulation_identity_control_effectiveness,low,90000569,vendor_connection,0.48291478
intermediate_capacity,simulation_identity_control_effectiveness,low,90000534,vendor_connection,0.48969395
intermediate_capacity,simulation_identity_control_effectiveness,low,90000659,vendor_connection,0.50499466
intermediate_capacity,simulation_identity_control_effectiveness,low,90000589,vendor_connection,0.50587858
intermediate_capacity,simulation_identity_control_effectiveness,low,90000744,vendor_connection,0.50697763
intermediate_capacity,simulation_identity_control_effectiveness,low,90000454,vendor_connection,0.50876915
intermediate_capacity,simulation_identity_control_effectiveness,low,90000714,vendor_connection,0.52622337
intermediate_capacity,simulation_identity_control_effectiveness,low,90000439,vendor_connection,0.53034713
intermediate_capacity,simulation_identity_control_effectiveness,low,90000564,vendor_connection,0.545824
intermediate_capacity,simulation_identity_control_effectiveness,low,90000584,vendor_connection,0.55075631
intermediate_capacity,simulation_identity_control_effectiveness,low,90000759,vendor_connection,0.55574187
intermediate_capacity,simulation_identity_control_effectiveness,low,90000754,vendor_connection,0.55715323
intermediate_capacity,simulation_identity_control_effectiveness,low,90000719,vendor_connection,0.55884141
intermediate_capacity,simulation_identity_control_effectiveness,low,90000559,vendor_connection,0.57150051
intermediate_capacity,simulation_identity_control_effectiveness,low,90000424,vendor_connection,0.58168735
intermediate_capacity,simulation_identity_control_effectiveness,low,90000664,vendor_connection,0.58196129
intermediate_capacity,simulation_identity_control_effectiveness,low,90000404,vendor_connection,0.58227145
intermediate_capacity,simulation_identity_control_effectiveness,low,90000619,vendor_connection,0.58480483
intermediate_capacity,simulation_identity_control_effectiveness,low,90000735,workstation,0.40095676
intermediate_capacity,simulation_identity_control_effectiveness,low,90000500,workstation,0.4061553
intermediate_capacity,simulation_identity_control_effectiveness,low,90000660,workstation,0.40756888
intermediate_capacity,simulation_identity_control_effectiveness,low,90000690,workstation,0.40981581
intermediate_capacity,simulation_identity_control_effectiveness,low,90000770,workstation,0.41457361
intermediate_capacity,simulation_identity_control_effectiveness,low,90000720,workstation,0.41752868
intermediate_capacity,simulation_identity_control_effectiveness,low,90000765,workstation,0.4251865
intermediate_capacity,simulation_identity_control_effectiveness,low,90000615,workstation,0.4270924
intermediate_capacity,simulation_identity_control_effectiveness,low,90000485,workstation,0.44355899
intermediate_capacity,simulation_identity_control_effectiveness,low,90000590,workstation,0.45934763
intermediate_capacity,simulation_identity_control_effectiveness,low,90000625,workstation,0.46468401
intermediate_capacity,simulation_identity_control_effectiveness,low,90000540,workstation,0.46649446
intermediate_capacity,simulation_identity_control_effectiveness,low,90000655,workstation,0.47221668
intermediate_capacity,simulation_identity_control_effectiveness,low,90000585,workstation,0.47242862
intermediate_capacity,simulation_identity_control_effectiveness,low,90000645,workstation,0.47530303
intermediate_capacity,simulation_identity_control_effectiveness,low,90000445,workstation,0.47558416
intermediate_capacity,simulation_identity_control_effectiveness,low,90000610,workstation,0.48458057
intermediate_capacity,simulation_identity_control_effectiveness,low,90000695,workstation,0.50898995
intermediate_capacity,simulation_identity_control_effectiveness,low,90000760,workstation,0.51607223
intermediate_capacity,simulation_identity_control_effectiveness,low,90000755,workstation,0.52605139
intermediate_capacity,simulation_identity_control_effectiveness,low,90000515,workstation,0.53879194
intermediate_capacity,simulation_identity_control_effectiveness,low,90000785,workstation,0.54027794
intermediate_capacity,simulation_identity_control_effectiveness,low,90000435,workstation,0.54287059
intermediate_capacity,simulation_identity_control_effectiveness,low,90000620,workstation,0.54347287
intermediate_capacity,simulation_identity_control_effectiveness,low,90000705,workstation,0.55225693
intermediate_capacity,simulation_identity_control_effectiveness,low,90000750,workstation,0.55420243
intermediate_capacity,simulation_identity_control_effectiveness,high,90000551,internet_facing,0.70934106
intermediate_capacity,simulation_identity_control_effectiveness,high,90000481,internet_facing,0.7108518
intermediate_capacity,simulation_identity_control_effectiveness,high,90000431,internet_facing,0.7320098
intermediate_capacity,simulation_identity_control_effectiveness,high,90000626,internet_facing,0.73291549
intermediate_capacity,simulation_identity_control_effectiveness,high,90000466,internet_facing,0.73951287
intermediate_capacity,simulation_identity_control_effectiveness,high,90000541,internet_facing,0.74153251
intermediate_capacity,simulation_identity_control_effectiveness,high,90000636,internet_facing,0.76492813
intermediate_capacity,simulation_identity_control_effectiveness,high,90000786,internet_facing,0.76744403
intermediate_capacity,simulation_identity_control_effectiveness,high,90000456,internet_facing,0.77042323
intermediate_capacity,simulation_identity_control_effectiveness,high,90000451,internet_facing,0.7791299
intermediate_capacity,simulation_identity_control_effectiveness,high,90000761,internet_facing,0.78662278
intermediate_capacity,simulation_identity_control_effectiveness,high,90000406,internet_facing,0.78921919
intermediate_capacity,simulation_identity_control_effectiveness,high,90000556,internet_facing,0.79169844
intermediate_capacity,simulation_identity_control_effectiveness,high,90000581,internet_facing,0.79193425
intermediate_capacity,simulation_identity_control_effectiveness,high,90000796,internet_facing,0.80296965
intermediate_capacity,simulation_identity_control_effectiveness,high,90000646,internet_facing,0.81857112
intermediate_capacity,simulation_identity_control_effectiveness,high,90000401,internet_facing,0.82273492
intermediate_capacity,simulation_identity_control_effectiveness,high,90000671,internet_facing,0.82790117
intermediate_capacity,simulation_identity_control_effectiveness,high,90000516,internet_facing,0.82803075
intermediate_capacity,simulation_identity_control_effectiveness,high,90000711,internet_facing,0.83942514
intermediate_capacity,simulation_identity_control_effectiveness,high,90000641,internet_facing,0.8522563
intermediate_capacity,simulation_identity_control_effectiveness,high,90000416,internet_facing,0.86119619
intermediate_capacity,simulation_identity_control_effectiveness,high,90000776,internet_facing,0.87341614
intermediate_capacity,simulation_identity_control_effectiveness,high,90000666,internet_facing,0.88219199
intermediate_capacity,simulation_identity_control_effectiveness,high,90000571,internet_facing,0.88551602
intermediate_capacity,simulation_identity_control_effectiveness,high,90000591,internet_facing,0.89040099
intermediate_capacity,simulation_identity_control_effectiveness,high,90000648,medical_device,0.72471416
intermediate_capacity,simulation_identity_control_effectiveness,high,90000793,medical_device,0.73945033
intermediate_capacity,simulation_identity_control_effectiveness,high,90000733,medical_device,0.74527443
intermediate_capacity,simulation_identity_control_effectiveness,high,90000563,medical_device,0.75555092
intermediate_capacity,simulation_identity_control_effectiveness,high,90000413,medical_device,0.76538964
intermediate_capacity,simulation_identity_control_effectiveness,high,90000763,medical_device,0.76607752
intermediate_capacity,simulation_identity_control_effectiveness,high,90000743,medical_device,0.76705745
intermediate_capacity,simulation_identity_control_effectiveness,high,90000433,medical_device,0.77495113
intermediate_capacity,simulation_identity_control_effectiveness,high,90000438,medical_device,0.78425959
intermediate_capacity,simulation_identity_control_effectiveness,high,90000478,medical_device,0.79931166
intermediate_capacity,simulation_identity_control_effectiveness,high,90000468,medical_device,0.8046242
intermediate_capacity,simulation_identity_control_effectiveness,high,90000533,medical_device,0.81445978
intermediate_capacity,simulation_identity_control_effectiveness,high,90000483,medical_device,0.82253081
intermediate_capacity,simulation_identity_control_effectiveness,high,90000498,medical_device,0.82260646
intermediate_capacity,simulation_identity_control_effectiveness,high,90000703,medical_device,0.82286789
intermediate_capacity,simulation_identity_control_effectiveness,high,90000543,medical_device,0.83118973
intermediate_capacity,simulation_identity_control_effectiveness,high,90000663,medical_device,0.83456177
intermediate_capacity,simulation_identity_control_effectiveness,high,90000758,medical_device,0.84303894
intermediate_capacity,simulation_identity_control_effectiveness,high,90000603,medical_device,0.84952304
intermediate_capacity,simulation_identity_control_effectiveness,high,90000688,medical_device,0.85405124
intermediate_capacity,simulation_identity_control_effectiveness,high,90000473,medical_device,0.86702396
intermediate_capacity,simulation_identity_control_effectiveness,high,90000588,medical_device,0.86877835
intermediate_capacity,simulation_identity_control_effectiveness,high,90000708,medical_device,0.8773804
intermediate_capacity,simulation_identity_control_effectiveness,high,90000453,medical_device,0.88487806
intermediate_capacity,simulation_identity_control_effectiveness,high,90000788,medical_device,0.88703711
intermediate_capacity,simulation_identity_control_effectiveness,high,90000508,medical_device,0.8962238
intermediate_capacity,simulation_identity_control_effectiveness,high,90000432,privileged_system,0.73166635
intermediate_capacity,simulation_identity_control_effectiveness,high,90000742,privileged_system,0.73231125
intermediate_capacity,simulation_identity_control_effectiveness,high,90000747,privileged_system,0.7338666
intermediate_capacity,simulation_identity_control_effectiveness,high,90000642,privileged_system,0.7339974
intermediate_capacity,simulation_identity_control_effectiveness,high,90000407,privileged_system,0.74082264
intermediate_capacity,simulation_identity_control_effectiveness,high,90000492,privileged_system,0.74279909
intermediate_capacity,simulation_identity_control_effectiveness,high,90000712,privileged_system,0.75446238
intermediate_capacity,simulation_identity_control_effectiveness,high,90000657,privileged_system,0.76034506
intermediate_capacity,simulation_identity_control_effectiveness,high,90000732,privileged_system,0.77529071
intermediate_capacity,simulation_identity_control_effectiveness,high,90000522,privileged_system,0.77768488
intermediate_capacity,simulation_identity_control_effectiveness,high,90000482,privileged_system,0.7870426
intermediate_capacity,simulation_identity_control_effectiveness,high,90000557,privileged_system,0.79411058
intermediate_capacity,simulation_identity_control_effectiveness,high,90000507,privileged_system,0.79888447
intermediate_capacity,simulation_identity_control_effectiveness,high,90000687,privileged_system,0.8155283
intermediate_capacity,simulation_identity_control_effectiveness,high,90000722,privileged_system,0.82460868
intermediate_capacity,simulation_identity_control_effectiveness,high,90000792,privileged_system,0.8376812
intermediate_capacity,simulation_identity_control_effectiveness,high,90000497,privileged_system,0.84035848
intermediate_capacity,simulation_identity_control_effectiveness,high,90000662,privileged_system,0.84392716
intermediate_capacity,simulation_identity_control_effectiveness,high,90000787,privileged_system,0.86156341
intermediate_capacity,simulation_identity_control_effectiveness,high,90000582,privileged_system,0.86582756
intermediate_capacity,simulation_identity_control_effectiveness,high,90000652,privileged_system,0.87548368
intermediate_capacity,simulation_identity_control_effectiveness,high,90000762,privileged_system,0.87780932
intermediate_capacity,simulation_identity_control_effectiveness,high,90000502,privileged_system,0.88059048
intermediate_capacity,simulation_identity_control_effectiveness,high,90000777,privileged_system,0.88637084
intermediate_capacity,simulation_identity_control_effectiveness,high,90000612,privileged_system,0.89457168
intermediate_capacity,simulation_identity_control_effectiveness,high,90000637,privileged_system,0.89895393
intermediate_capacity,simulation_identity_control_effectiveness,high,90000769,vendor_connection,0.77596589
intermediate_capacity,simulation_identity_control_effectiveness,high,90000649,vendor_connection,0.79523965
intermediate_capacity,simulation_identity_control_effectiveness,high,90000739,vendor_connection,0.81052857
intermediate_capacity,simulation_identity_control_effectiveness,high,90000434,vendor_connection,0.81197508
intermediate_capacity,simulation_identity_control_effectiveness,high,90000609,vendor_connection,0.82895211
intermediate_capacity,simulation_identity_control_effectiveness,high,90000414,vendor_connection,0.82996478
intermediate_capacity,simulation_identity_control_effectiveness,high,90000699,vendor_connection,0.83299385
intermediate_capacity,simulation_identity_control_effectiveness,high,90000444,vendor_connection,0.83743373
intermediate_capacity,simulation_identity_control_effectiveness,high,90000604,vendor_connection,0.84345587
intermediate_capacity,simulation_identity_control_effectiveness,high,90000704,vendor_connection,0.84458218
intermediate_capacity,simulation_identity_control_effectiveness,high,90000644,vendor_connection,0.84645132
intermediate_capacity,simulation_identity_control_effectiveness,high,90000789,vendor_connection,0.84783503
intermediate_capacity,simulation_identity_control_effectiveness,high,90000494,vendor_connection,0.8518738
intermediate_capacity,simulation_identity_control_effectiveness,high,90000674,vendor_connection,0.85277168
intermediate_capacity,simulation_identity_control_effectiveness,high,90000464,vendor_connection,0.86126494
intermediate_capacity,simulation_identity_control_effectiveness,high,90000554,vendor_connection,0.86486994
intermediate_capacity,simulation_identity_control_effectiveness,high,90000429,vendor_connection,0.86505061
intermediate_capacity,simulation_identity_control_effectiveness,high,90000784,vendor_connection,0.8660825
intermediate_capacity,simulation_identity_control_effectiveness,high,90000634,vendor_connection,0.86685352
intermediate_capacity,simulation_identity_control_effectiveness,high,90000629,vendor_connection,0.8684652
intermediate_capacity,simulation_identity_control_effectiveness,high,90000499,vendor_connection,0.86971686
intermediate_capacity,simulation_identity_control_effectiveness,high,90000729,vendor_connection,0.87509958
intermediate_capacity,simulation_identity_control_effectiveness,high,90000544,vendor_connection,0.88121537
intermediate_capacity,simulation_identity_control_effectiveness,high,90000669,vendor_connection,0.88122573
intermediate_capacity,simulation_identity_control_effectiveness,high,90000679,vendor_connection,0.8874178
intermediate_capacity,simulation_identity_control_effectiveness,high,90000529,vendor_connection,0.89169231
intermediate_capacity,simulation_identity_control_effectiveness,high,90000640,workstation,0.771761
intermediate_capacity,simulation_identity_control_effectiveness,high,90000565,workstation,0.7739789
intermediate_capacity,simulation_identity_control_effectiveness,high,90000535,workstation,0.77420376
intermediate_capacity,simulation_identity_control_effectiveness,high,90000775,workstation,0.78021844
intermediate_capacity,simulation_identity_control_effectiveness,high,90000505,workstation,0.7826179
intermediate_capacity,simulation_identity_control_effectiveness,high,90000510,workstation,0.78365363
intermediate_capacity,simulation_identity_control_effectiveness,high,90000410,workstation,0.78404609
intermediate_capacity,simulation_identity_control_effectiveness,high,90000580,workstation,0.78573701
intermediate_capacity,simulation_identity_control_effectiveness,high,90000795,workstation,0.79367489
intermediate_capacity,simulation_identity_control_effectiveness,high,90000780,workstation,0.80297279
intermediate_capacity,simulation_identity_control_effectiveness,high,90000440,workstation,0.80357191
intermediate_capacity,simulation_identity_control_effectiveness,high,90000530,workstation,0.80651809
intermediate_capacity,simulation_identity_control_effectiveness,high,90000790,workstation,0.81816128
intermediate_capacity,simulation_identity_control_effectiveness,high,90000680,workstation,0.82062355
intermediate_capacity,simulation_identity_control_effectiveness,high,90000415,workstation,0.83014945
intermediate_capacity,simulation_identity_control_effectiveness,high,90000450,workstation,0.83059349
intermediate_capacity,simulation_identity_control_effectiveness,high,90000685,workstation,0.83079449
intermediate_capacity,simulation_identity_control_effectiveness,high,90000545,workstation,0.84750725
intermediate_capacity,simulation_identity_control_effectiveness,high,90000480,workstation,0.85039361
intermediate_capacity,simulation_identity_control_effectiveness,high,90000465,workstation,0.8604414
intermediate_capacity,simulation_identity_control_effectiveness,high,90000490,workstation,0.86093172
intermediate_capacity,simulation_identity_control_effectiveness,high,90000525,workstation,0.86686359
intermediate_capacity,simulation_identity_control_effectiveness,high,90000455,workstation,0.87776679
intermediate_capacity,simulation_identity_control_effectiveness,high,90000400,workstation,0.88017138
intermediate_capacity,simulation_identity_control_effectiveness,high,90000745,workstation,0.88659748
intermediate_capacity,simulation_identity_control_effectiveness,high,90000700,workstation,0.89431181
intermediate_capacity,simulation_patch_effectiveness,low,90000711,internet_facing,0.50482217
intermediate_capacity,simulation_patch_effectiveness,low,90000456,internet_facing,0.51006466
intermediate_capacity,simulation_patch_effectiveness,low,90000746,internet_facing,0.52193259
intermediate_capacity,simulation_patch_effectiveness,low,90000661,internet_facing,0.5390409
intermediate_capacity,simulation_patch_effectiveness,low,90000751,internet_facing,0.54972112
intermediate_capacity,simulation_patch_effectiveness,low,90000561,internet_facing,0.55381081
intermediate_capacity,simulation_patch_effectiveness,low,90000481,internet_facing,0.56331469
intermediate_capacity,simulation_patch_effectiveness,low,90000731,internet_facing,0.56362351
intermediate_capacity,simulation_patch_effectiveness,low,90000616,internet_facing,0.56767132
intermediate_capacity,simulation_patch_effectiveness,low,90000516,internet_facing,0.5715649
intermediate_capacity,simulation_patch_effectiveness,low,90000781,internet_facing,0.57538794
intermediate_capacity,simulation_patch_effectiveness,low,90000521,internet_facing,0.57718343
intermediate_capacity,simulation_patch_effectiveness,low,90000626,internet_facing,0.58986768
intermediate_capacity,simulation_patch_effectiveness,low,90000796,internet_facing,0.60023852
intermediate_capacity,simulation_patch_effectiveness,low,90000501,internet_facing,0.60671267
intermediate_capacity,simulation_patch_effectiveness,low,90000771,internet_facing,0.61407024
intermediate_capacity,simulation_patch_effectiveness,low,90000691,internet_facing,0.61903532
intermediate_capacity,simulation_patch_effectiveness,low,90000526,internet_facing,0.62790886
intermediate_capacity,simulation_patch_effectiveness,low,90000761,internet_facing,0.62879258
intermediate_capacity,simulation_patch_effectiveness,low,90000531,internet_facing,0.63762903
intermediate_capacity,simulation_patch_effectiveness,low,90000571,internet_facing,0.64524043
intermediate_capacity,simulation_patch_effectiveness,low,90000621,internet_facing,0.64869401
intermediate_capacity,simulation_patch_effectiveness,low,90000551,internet_facing,0.65880167
intermediate_capacity,simulation_patch_effectiveness,low,90000536,internet_facing,0.66023447
intermediate_capacity,simulation_patch_effectiveness,low,90000791,internet_facing,0.66291014
intermediate_capacity,simulation_patch_effectiveness,low,90000671,internet_facing,0.66314507
intermediate_capacity,simulation_patch_effectiveness,low,90000548,medical_device,0.51777794
intermediate_capacity,simulation_patch_effectiveness,low,90000688,medical_device,0.52059884
intermediate_capacity,simulation_patch_effectiveness,low,90000613,medical_device,0.52815194
intermediate_capacity,simulation_patch_effectiveness,low,90000783,medical_device,0.52939693
intermediate_capacity,simulation_patch_effectiveness,low,90000718,medical_device,0.53347375
intermediate_capacity,simulation_patch_effectiveness,low,90000748,medical_device,0.53366132
intermediate_capacity,simulation_patch_effectiveness,low,90000498,medical_device,0.53775222
intermediate_capacity,simulation_patch_effectiveness,low,90000598,medical_device,0.53875716
intermediate_capacity,simulation_patch_effectiveness,low,90000433,medical_device,0.5413037
intermediate_capacity,simulation_patch_effectiveness,low,90000623,medical_device,0.54457463
intermediate_capacity,simulation_patch_effectiveness,low,90000698,medical_device,0.54520419
intermediate_capacity,simulation_patch_effectiveness,low,90000553,medical_device,0.54630279
intermediate_capacity,simulation_patch_effectiveness,low,90000458,medical_device,0.54749894
intermediate_capacity,simulation_patch_effectiveness,low,90000778,medical_device,0.55768502
intermediate_capacity,simulation_patch_effectiveness,low,90000463,medical_device,0.56907596
intermediate_capacity,simulation_patch_effectiveness,low,90000438,medical_device,0.57155108
intermediate_capacity,simulation_patch_effectiveness,low,90000793,medical_device,0.5789747
intermediate_capacity,simulation_patch_effectiveness,low,90000528,medical_device,0.59262239
intermediate_capacity,simulation_patch_effectiveness,low,90000733,medical_device,0.59560176
intermediate_capacity,simulation_patch_effectiveness,low,90000648,medical_device,0.59651452
intermediate_capacity,simulation_patch_effectiveness,low,90000578,medical_device,0.60073093
intermediate_capacity,simulation_patch_effectiveness,low,90000403,medical_device,0.60613064
intermediate_capacity,simulation_patch_effectiveness,low,90000538,medical_device,0.60666041
intermediate_capacity,simulation_patch_effectiveness,low,90000713,medical_device,0.61989535
intermediate_capacity,simulation_patch_effectiveness,low,90000518,medical_device,0.62293594
intermediate_capacity,simulation_patch_effectiveness,low,90000413,medical_device,0.63785237
intermediate_capacity,simulation_patch_effectiveness,low,90000682,privileged_system,0.50086906
intermediate_capacity,simulation_patch_effectiveness,low,90000627,privileged_system,0.50592119
intermediate_capacity,simulation_patch_effectiveness,low,90000562,privileged_system,0.51242843
intermediate_capacity,simulation_patch_effectiveness,low,90000767,privileged_system,0.52599965
intermediate_capacity,simulation_patch_effectiveness,low,90000702,privileged_system,0.52983201
intermediate_capacity,simulation_patch_effectiveness,low,90000517,privileged_system,0.53076211
intermediate_capacity,simulation_patch_effectiveness,low,90000697,privileged_system,0.53518144
intermediate_capacity,simulation_patch_effectiveness,low,90000597,privileged_system,0.55041019
intermediate_capacity,simulation_patch_effectiveness,low,90000527,privileged_system,0.55208686
intermediate_capacity,simulation_patch_effectiveness,low,90000717,privileged_system,0.55280541
intermediate_capacity,simulation_patch_effectiveness,low,90000687,privileged_system,0.55373141
intermediate_capacity,simulation_patch_effectiveness,low,90000582,privileged_system,0.55537357
intermediate_capacity,simulation_patch_effectiveness,low,90000647,privileged_system,0.56466128
intermediate_capacity,simulation_patch_effectiveness,low,90000567,privileged_system,0.5672487
intermediate_capacity,simulation_patch_effectiveness,low,90000732,privileged_system,0.5859054
intermediate_capacity,simulation_patch_effectiveness,low,90000712,privileged_system,0.58630273
intermediate_capacity,simulation_patch_effectiveness,low,90000797,privileged_system,0.58731188
intermediate_capacity,simulation_patch_effectiveness,low,90000637,privileged_system,0.59585353
intermediate_capacity,simulation_patch_effectiveness,low,90000547,privileged_system,0.5982205
intermediate_capacity,simulation_patch_effectiveness,low,90000752,privileged_system,0.60034352
intermediate_capacity,simulation_patch_effectiveness,low,90000782,privileged_system,0.60259819
intermediate_capacity,simulation_patch_effectiveness,low,90000542,privileged_system,0.61012351
intermediate_capacity,simulation_patch_effectiveness,low,90000552,privileged_system,0.62048513
intermediate_capacity,simulation_patch_effectiveness,low,90000422,privileged_system,0.62568264
intermediate_capacity,simulation_patch_effectiveness,low,90000772,privileged_system,0.64649782
intermediate_capacity,simulation_patch_effectiveness,low,90000727,privileged_system,0.64899967
intermediate_capacity,simulation_patch_effectiveness,low,90000469,vendor_connection,0.50085017
intermediate_capacity,simulation_patch_effectiveness,low,90000764,vendor_connection,0.51321507
intermediate_capacity,simulation_patch_effectiveness,low,90000709,vendor_connection,0.51523493
intermediate_capacity,simulation_patch_effectiveness,low,90000604,vendor_connection,0.51868461
intermediate_capacity,simulation_patch_effectiveness,low,90000689,vendor_connection,0.51876692
intermediate_capacity,simulation_patch_effectiveness,low,90000569,vendor_connection,0.52229491
intermediate_capacity,simulation_patch_effectiveness,low,90000574,vendor_connection,0.53203346
intermediate_capacity,simulation_patch_effectiveness,low,90000519,vendor_connection,0.53707117
intermediate_capacity,simulation_patch_effectiveness,low,90000754,vendor_connection,0.53741451
intermediate_capacity,simulation_patch_effectiveness,low,90000504,vendor_connection,0.53837181
intermediate_capacity,simulation_patch_effectiveness,low,90000644,vendor_connection,0.54211341
intermediate_capacity,simulation_patch_effectiveness,low,90000599,vendor_connection,0.54408117
intermediate_capacity,simulation_patch_effectiveness,low,90000544,vendor_connection,0.54875863
intermediate_capacity,simulation_patch_effectiveness,low,90000759,vendor_connection,0.55672081
intermediate_capacity,simulation_patch_effectiveness,low,90000524,vendor_connection,0.55673711
intermediate_capacity,simulation_patch_effectiveness,low,90000474,vendor_connection,0.56012229
intermediate_capacity,simulation_patch_effectiveness,low,90000749,vendor_connection,0.56037538
intermediate_capacity,simulation_patch_effectiveness,low,90000624,vendor_connection,0.56571515
intermediate_capacity,simulation_patch_effectiveness,low,90000534,vendor_connection,0.56691988
intermediate_capacity,simulation_patch_effectiveness,low,90000424,vendor_connection,0.56698971
intermediate_capacity,simulation_patch_effectiveness,low,90000514,vendor_connection,0.57227881
intermediate_capacity,simulation_patch_effectiveness,low,90000789,vendor_connection,0.57684074
intermediate_capacity,simulation_patch_effectiveness,low,90000459,vendor_connection,0.5776213
intermediate_capacity,simulation_patch_effectiveness,low,90000614,vendor_connection,0.57893087
intermediate_capacity,simulation_patch_effectiveness,low,90000489,vendor_connection,0.58180454
intermediate_capacity,simulation_patch_effectiveness,low,90000539,vendor_connection,0.58926397
intermediate_capacity,simulation_patch_effectiveness,low,90000585,workstation,0.50954284
intermediate_capacity,simulation_patch_effectiveness,low,90000460,workstation,0.51337003
intermediate_capacity,simulation_patch_effectiveness,low,90000795,workstation,0.51487128
intermediate_capacity,simulation_patch_effectiveness,low,90000565,workstation,0.52866089
intermediate_capacity,simulation_patch_effectiveness,low,90000430,workstation,0.53779203
intermediate_capacity,simulation_patch_effectiveness,low,90000615,workstation,0.54673614
intermediate_capacity,simulation_patch_effectiveness,low,90000640,workstation,0.54698757
intermediate_capacity,simulation_patch_effectiveness,low,90000740,workstation,0.54791911
intermediate_capacity,simulation_patch_effectiveness,low,90000520,workstation,0.5522718
intermediate_capacity,simulation_patch_effectiveness,low,90000705,workstation,0.56263579
intermediate_capacity,simulation_patch_effectiveness,low,90000675,workstation,0.56536226
intermediate_capacity,simulation_patch_effectiveness,low,90000480,workstation,0.58154992
intermediate_capacity,simulation_patch_effectiveness,low,90000440,workstation,0.58219221
intermediate_capacity,simulation_patch_effectiveness,low,90000415,workstation,0.59079227
intermediate_capacity,simulation_patch_effectiveness,low,90000625,workstation,0.59181845
intermediate_capacity,simulation_patch_effectiveness,low,90000690,workstation,0.59887882
intermediate_capacity,simulation_patch_effectiveness,low,90000560,workstation,0.60187882
intermediate_capacity,simulation_patch_effectiveness,low,90000445,workstation,0.60995666
intermediate_capacity,simulation_patch_effectiveness,low,90000600,workstation,0.61500594
intermediate_capacity,simulation_patch_effectiveness,low,90000665,workstation,0.62856069
intermediate_capacity,simulation_patch_effectiveness,low,90000605,workstation,0.63100912
intermediate_capacity,simulation_patch_effectiveness,low,90000745,workstation,0.63236675
intermediate_capacity,simulation_patch_effectiveness,low,90000780,workstation,0.6361796
intermediate_capacity,simulation_patch_effectiveness,low,90000550,workstation,0.63724267
intermediate_capacity,simulation_patch_effectiveness,low,90000455,workstation,0.64367402
intermediate_capacity,simulation_patch_effectiveness,low,90000500,workstation,0.64555921
intermediate_capacity,simulation_patch_effectiveness,high,90000591,internet_facing,0.78794578
intermediate_capacity,simulation_patch_effectiveness,high,90000606,internet_facing,0.78836715
intermediate_capacity,simulation_patch_effectiveness,high,90000666,internet_facing,0.79224045
intermediate_capacity,simulation_patch_effectiveness,high,90000576,internet_facing,0.79694435
intermediate_capacity,simulation_patch_effectiveness,high,90000756,internet_facing,0.80035696
intermediate_capacity,simulation_patch_effectiveness,high,90000421,internet_facing,0.81491701
intermediate_capacity,simulation_patch_effectiveness,high,90000741,internet_facing,0.81750281
intermediate_capacity,simulation_patch_effectiveness,high,90000636,internet_facing,0.82092957
intermediate_capacity,simulation_patch_effectiveness,high,90000676,internet_facing,0.83410463
intermediate_capacity,simulation_patch_effectiveness,high,90000541,internet_facing,0.84237896
intermediate_capacity,simulation_patch_effectiveness,high,90000496,internet_facing,0.84715197
intermediate_capacity,simulation_patch_effectiveness,high,90000641,internet_facing,0.87477795
intermediate_capacity,simulation_patch_effectiveness,high,90000611,internet_facing,0.8801942
intermediate_capacity,simulation_patch_effectiveness,high,90000701,internet_facing,0.88165092
intermediate_capacity,simulation_patch_effectiveness,high,90000766,internet_facing,0.8828473
intermediate_capacity,simulation_patch_effectiveness,high,90000506,internet_facing,0.89516476
intermediate_capacity,simulation_patch_effectiveness,high,90000686,internet_facing,0.89672475
intermediate_capacity,simulation_patch_effectiveness,high,90000556,internet_facing,0.89719423
intermediate_capacity,simulation_patch_effectiveness,high,90000401,internet_facing,0.89734374
intermediate_capacity,simulation_patch_effectiveness,high,90000696,internet_facing,0.90653916
intermediate_capacity,simulation_patch_effectiveness,high,90000411,internet_facing,0.91217128
intermediate_capacity,simulation_patch_effectiveness,high,90000451,internet_facing,0.9135261
intermediate_capacity,simulation_patch_effectiveness,high,90000736,internet_facing,0.92450305
intermediate_capacity,simulation_patch_effectiveness,high,90000646,internet_facing,0.94107122
intermediate_capacity,simulation_patch_effectiveness,high,90000726,internet_facing,0.94322512
intermediate_capacity,simulation_patch_effectiveness,high,90000601,internet_facing,0.94363376
intermediate_capacity,simulation_patch_effectiveness,high,90000673,medical_device,0.78483148
intermediate_capacity,simulation_patch_effectiveness,high,90000483,medical_device,0.81280044
intermediate_capacity,simulation_patch_effectiveness,high,90000523,medical_device,0.82133602
intermediate_capacity,simulation_patch_effectiveness,high,90000563,medical_device,0.82429637
intermediate_capacity,simulation_patch_effectiveness,high,90000773,medical_device,0.82717107
intermediate_capacity,simulation_patch_effectiveness,high,90000513,medical_device,0.83264733
intermediate_capacity,simulation_patch_effectiveness,high,90000543,medical_device,0.83968735
intermediate_capacity,simulation_patch_effectiveness,high,90000588,medical_device,0.84196236
intermediate_capacity,simulation_patch_effectiveness,high,90000583,medical_device,0.84394582
intermediate_capacity,simulation_patch_effectiveness,high,90000678,medical_device,0.85202388
intermediate_capacity,simulation_patch_effectiveness,high,90000558,medical_device,0.85365394
intermediate_capacity,simulation_patch_effectiveness,high,90000723,medical_device,0.85586868
intermediate_capacity,simulation_patch_effectiveness,high,90000628,medical_device,0.85960741
intermediate_capacity,simulation_patch_effectiveness,high,90000493,medical_device,0.87944463
intermediate_capacity,simulation_patch_effectiveness,high,90000423,medical_device,0.88316121
intermediate_capacity,simulation_patch_effectiveness,high,90000568,medical_device,0.90338799
intermediate_capacity,simulation_patch_effectiveness,high,90000408,medical_device,0.91848984
intermediate_capacity,simulation_patch_effectiveness,high,90000738,medical_device,0.92020607
intermediate_capacity,simulation_patch_effectiveness,high,90000443,medical_device,0.92054707
intermediate_capacity,simulation_patch_effectiveness,high,90000768,medical_device,0.92075528
intermediate_capacity,simulation_patch_effectiveness,high,90000658,medical_device,0.92197011
intermediate_capacity,simulation_patch_effectiveness,high,90000708,medical_device,0.93012427
intermediate_capacity,simulation_patch_effectiveness,high,90000653,medical_device,0.93091281
intermediate_capacity,simulation_patch_effectiveness,high,90000468,medical_device,0.9324598
intermediate_capacity,simulation_patch_effectiveness,high,90000753,medical_device,0.93580623
intermediate_capacity,simulation_patch_effectiveness,high,90000503,medical_device,0.94696398
intermediate_capacity,simulation_patch_effectiveness,high,90000482,privileged_system,0.82512071
intermediate_capacity,simulation_patch_effectiveness,high,90000657,privileged_system,0.83155198
intermediate_capacity,simulation_patch_effectiveness,high,90000507,privileged_system,0.83794912
intermediate_capacity,simulation_patch_effectiveness,high,90000622,privileged_system,0.84222726
intermediate_capacity,simulation_patch_effectiveness,high,90000572,privileged_system,0.84715702
intermediate_capacity,simulation_patch_effectiveness,high,90000677,privileged_system,0.84915891
intermediate_capacity,simulation_patch_effectiveness,high,90000742,privileged_system,0.85398906
intermediate_capacity,simulation_patch_effectiveness,high,90000537,privileged_system,0.86096151
intermediate_capacity,simulation_patch_effectiveness,high,90000602,privileged_system,0.86609102
intermediate_capacity,simulation_patch_effectiveness,high,90000442,privileged_system,0.86736184
intermediate_capacity,simulation_patch_effectiveness,high,90000737,privileged_system,0.86865943
intermediate_capacity,simulation_patch_effectiveness,high,90000467,privileged_system,0.87359732
intermediate_capacity,simulation_patch_effectiveness,high,90000557,privileged_system,0.87566348
intermediate_capacity,simulation_patch_effectiveness,high,90000667,privileged_system,0.87625924
intermediate_capacity,simulation_patch_effectiveness,high,90000722,privileged_system,0.88381955
intermediate_capacity,simulation_patch_effectiveness,high,90000787,privileged_system,0.88459507
intermediate_capacity,simulation_patch_effectiveness,high,90000402,privileged_system,0.88681015
intermediate_capacity,simulation_patch_effectiveness,high,90000792,privileged_system,0.89282289
intermediate_capacity,simulation_patch_effectiveness,high,90000762,privileged_system,0.8999547
intermediate_capacity,simulation_patch_effectiveness,high,90000487,privileged_system,0.92094794
intermediate_capacity,simulation_patch_effectiveness,high,90000532,privileged_system,0.92570574
intermediate_capacity,simulation_patch_effectiveness,high,90000462,privileged_system,0.93171102
intermediate_capacity,simulation_patch_effectiveness,high,90000412,privileged_system,0.93748653
intermediate_capacity,simulation_patch_effectiveness,high,90000502,privileged_system,0.93818447
intermediate_capacity,simulation_patch_effectiveness,high,90000592,privileged_system,0.94033254
intermediate_capacity,simulation_patch_effectiveness,high,90000447,privileged_system,0.9447202
intermediate_capacity,simulation_patch_effectiveness,high,90000649,vendor_connection,0.76409662
intermediate_capacity,simulation_patch_effectiveness,high,90000669,vendor_connection,0.76537475
intermediate_capacity,simulation_patch_effectiveness,high,90000659,vendor_connection,0.77088542
intermediate_capacity,simulation_patch_effectiveness,high,90000419,vendor_connection,0.77692014
intermediate_capacity,simulation_patch_effectiveness,high,90000404,vendor_connection,0.78231711
intermediate_capacity,simulation_patch_effectiveness,high,90000409,vendor_connection,0.80268024
intermediate_capacity,simulation_patch_effectiveness,high,90000584,vendor_connection,0.80330657
intermediate_capacity,simulation_patch_effectiveness,high,90000704,vendor_connection,0.81199312
intermediate_capacity,simulation_patch_effectiveness,high,90000719,vendor_connection,0.81220699
intermediate_capacity,simulation_patch_effectiveness,high,90000429,vendor_connection,0.8137475
intermediate_capacity,simulation_patch_effectiveness,high,90000654,vendor_connection,0.83636888
intermediate_capacity,simulation_patch_effectiveness,high,90000454,vendor_connection,0.85512433
intermediate_capacity,simulation_patch_effectiveness,high,90000799,vendor_connection,0.8588786
intermediate_capacity,simulation_patch_effectiveness,high,90000639,vendor_connection,0.85971689
intermediate_capacity,simulation_patch_effectiveness,high,90000784,vendor_connection,0.86401518
intermediate_capacity,simulation_patch_effectiveness,high,90000439,vendor_connection,0.86894182
intermediate_capacity,simulation_patch_effectiveness,high,90000434,vendor_connection,0.86939784
intermediate_capacity,simulation_patch_effectiveness,high,90000579,vendor_connection,0.8765501
intermediate_capacity,simulation_patch_effectiveness,high,90000594,vendor_connection,0.87815665
intermediate_capacity,simulation_patch_effectiveness,high,90000794,vendor_connection,0.88585014
intermediate_capacity,simulation_patch_effectiveness,high,90000729,vendor_connection,0.89315494
intermediate_capacity,simulation_patch_effectiveness,high,90000499,vendor_connection,0.89482621
intermediate_capacity,simulation_patch_effectiveness,high,90000679,vendor_connection,0.91404508
intermediate_capacity,simulation_patch_effectiveness,high,90000629,vendor_connection,0.91615027
intermediate_capacity,simulation_patch_effectiveness,high,90000549,vendor_connection,0.9180209
intermediate_capacity,simulation_patch_effectiveness,high,90000684,vendor_connection,0.9456884
intermediate_capacity,simulation_patch_effectiveness,high,90000450,workstation,0.82689111
intermediate_capacity,simulation_patch_effectiveness,high,90000525,workstation,0.83038368
intermediate_capacity,simulation_patch_effectiveness,high,90000720,workstation,0.83227393
intermediate_capacity,simulation_patch_effectiveness,high,90000595,workstation,0.83995742
intermediate_capacity,simulation_patch_effectiveness,high,90000790,workstation,0.8478003
intermediate_capacity,simulation_patch_effectiveness,high,90000670,workstation,0.8494853
intermediate_capacity,simulation_patch_effectiveness,high,90000435,workstation,0.8523654
intermediate_capacity,simulation_patch_effectiveness,high,90000680,workstation,0.85323219
intermediate_capacity,simulation_patch_effectiveness,high,90000580,workstation,0.87480454
intermediate_capacity,simulation_patch_effectiveness,high,90000760,workstation,0.9083305
intermediate_capacity,simulation_patch_effectiveness,high,90000570,workstation,0.90884885
intermediate_capacity,simulation_patch_effectiveness,high,90000700,workstation,0.90890855
intermediate_capacity,simulation_patch_effectiveness,high,90000650,workstation,0.91276037
intermediate_capacity,simulation_patch_effectiveness,high,90000685,workstation,0.91388077
intermediate_capacity,simulation_patch_effectiveness,high,90000515,workstation,0.91747466
intermediate_capacity,simulation_patch_effectiveness,high,90000610,workstation,0.92790376
intermediate_capacity,simulation_patch_effectiveness,high,90000575,workstation,0.93193228
intermediate_capacity,simulation_patch_effectiveness,high,90000545,workstation,0.93291605
intermediate_capacity,simulation_patch_effectiveness,high,90000715,workstation,0.93435622
intermediate_capacity,simulation_patch_effectiveness,high,90000410,workstation,0.93589323
intermediate_capacity,simulation_patch_effectiveness,high,90000750,workstation,0.93617296
intermediate_capacity,simulation_patch_effectiveness,high,90000535,workstation,0.94057986
intermediate_capacity,simulation_patch_effectiveness,high,90000755,workstation,0.94222091
intermediate_capacity,simulation_patch_effectiveness,high,90000695,workstation,0.94241064
intermediate_capacity,simulation_patch_effectiveness,high,90000765,workstation,0.94246721
intermediate_capacity,simulation_patch_effectiveness,high,90000785,workstation,0.94911091
intermediate_capacity,simulation_patch_effectiveness_vendor,low,90000696,internet_facing,0.05173148
intermediate_capacity,simulation_patch_effectiveness_vendor,low,90000791,internet_facing,0.05348139
intermediate_capacity,simulation_patch_effectiveness_vendor,low,90000756,internet_facing,0.06064975
intermediate_capacity,simulation_patch_effectiveness_vendor,low,90000621,internet_facing,0.06518525
intermediate_capacity,simulation_patch_effectiveness_vendor,low,90000581,internet_facing,0.06915704
intermediate_capacity,simulation_patch_effectiveness_vendor,low,90000481,internet_facing,0.0820334
intermediate_capacity,simulation_patch_effectiveness_vendor,low,90000711,internet_facing,0.08204541
intermediate_capacity,simulation_patch_effectiveness_vendor,low,90000601,internet_facing,0.0829624
intermediate_capacity,simulation_patch_effectiveness_vendor,low,90000656,internet_facing,0.0852281
intermediate_capacity,simulation_patch_effectiveness_vendor,low,90000626,internet_facing,0.08851228
intermediate_capacity,simulation_patch_effectiveness_vendor,low,90000401,internet_facing,0.09107522
intermediate_capacity,simulation_patch_effectiveness_vendor,low,90000766,internet_facing,0.09257897
intermediate_capacity,simulation_patch_effectiveness_vendor,low,90000491,internet_facing,0.09378311
intermediate_capacity,simulation_patch_effectiveness_vendor,low,90000426,internet_facing,0.09780058
intermediate_capacity,simulation_patch_effectiveness_vendor,low,90000506,internet_facing,0.10239347
intermediate_capacity,simulation_patch_effectiveness_vendor,low,90000571,internet_facing,0.10543874
intermediate_capacity,simulation_patch_effectiveness_vendor,low,90000561,internet_facing,0.10874518
intermediate_capacity,simulation_patch_effectiveness_vendor,low,90000731,internet_facing,0.10959267
intermediate_capacity,simulation_patch_effectiveness_vendor,low,90000486,internet_facing,0.11111765
intermediate_capacity,simulation_patch_effectiveness_vendor,low,90000536,internet_facing,0.1118197
intermediate_capacity,simulation_patch_effectiveness_vendor,low,90000501,internet_facing,0.11242249
intermediate_capacity,simulation_patch_effectiveness_vendor,low,90000631,internet_facing,0.11344376
intermediate_capacity,simulation_patch_effectiveness_vendor,low,90000471,internet_facing,0.1174537
intermediate_capacity,simulation_patch_effectiveness_vendor,low,90000576,internet_facing,0.1290755
intermediate_capacity,simulation_patch_effectiveness_vendor,low,90000671,internet_facing,0.13769569
intermediate_capacity,simulation_patch_effectiveness_vendor,low,90000551,internet_facing,0.14452897
intermediate_capacity,simulation_patch_effectiveness_vendor,low,90000408,medical_device,0.0507313
intermediate_capacity,simulation_patch_effectiveness_vendor,low,90000483,medical_device,0.0553569
intermediate_capacity,simulation_patch_effectiveness_vendor,low,90000403,medical_device,0.06118076
intermediate_capacity,simulation_patch_effectiveness_vendor,low,90000758,medical_device,0.07632967
intermediate_capacity,simulation_patch_effectiveness_vendor,low,90000528,medical_device,0.07654744
intermediate_capacity,simulation_patch_effectiveness_vendor,low,90000548,medical_device,0.07932792
intermediate_capacity,simulation_patch_effectiveness_vendor,low,90000598,medical_device,0.08572382
intermediate_capacity,simulation_patch_effectiveness_vendor,low,90000713,medical_device,0.09678433
intermediate_capacity,simulation_patch_effectiveness_vendor,low,90000543,medical_device,0.10641405
intermediate_capacity,simulation_patch_effectiveness_vendor,low,90000573,medical_device,0.11146946
intermediate_capacity,simulation_patch_effectiveness_vendor,low,90000453,medical_device,0.11821088
intermediate_capacity,simulation_patch_effectiveness_vendor,low,90000438,medical_device,0.12582393
intermediate_capacity,simulation_patch_effectiveness_vendor,low,90000443,medical_device,0.13338744
intermediate_capacity,simulation_patch_effectiveness_vendor,low,90000728,medical_device,0.13880399
intermediate_capacity,simulation_patch_effectiveness_vendor,low,90000498,medical_device,0.14668187
intermediate_capacity,simulation_patch_effectiveness_vendor,low,90000433,medical_device,0.15418839
intermediate_capacity,simulation_patch_effectiveness_vendor,low,90000553,medical_device,0.17265662
intermediate_capacity,simulation_patch_effectiveness_vendor,low,90000673,medical_device,0.17903746
intermediate_capacity,simulation_patch_effectiveness_vendor,low,90000613,medical_device,0.18219969
intermediate_capacity,simulation_patch_effectiveness_vendor,low,90000418,medical_device,0.19199344
intermediate_capacity,simulation_patch_effectiveness_vendor,low,90000623,medical_device,0.19388481
intermediate_capacity,simulation_patch_effectiveness_vendor,low,90000458,medical_device,0.20380625
intermediate_capacity,simulation_patch_effectiveness_vendor,low,90000753,medical_device,0.20538911
intermediate_capacity,simulation_patch_effectiveness_vendor,low,90000653,medical_device,0.21261017
intermediate_capacity,simulation_patch_effectiveness_vendor,low,90000663,medical_device,0.21800098
intermediate_capacity,simulation_patch_effectiveness_vendor,low,90000708,medical_device,0.22007463
intermediate_capacity,simulation_patch_effectiveness_vendor,low,90000752,privileged_system,0.05255787
intermediate_capacity,simulation_patch_effectiveness_vendor,low,90000792,privileged_system,0.06221603
intermediate_capacity,simulation_patch_effectiveness_vendor,low,90000662,privileged_system,0.06939942
intermediate_capacity,simulation_patch_effectiveness_vendor,low,90000587,privileged_system,0.06976246
intermediate_capacity,simulation_patch_effectiveness_vendor,low,90000552,privileged_system,0.0767844
intermediate_capacity,simulation_patch_effectiveness_vendor,low,90000602,privileged_system,0.10226932
intermediate_capacity,simulation_patch_effectiveness_vendor,low,90000572,privileged_system,0.10480311
intermediate_capacity,simulation_patch_effectiveness_vendor,low,90000612,privileged_system,0.11461065
intermediate_capacity,simulation_patch_effectiveness_vendor,low,90000442,privileged_system,0.11488503
intermediate_capacity,simulation_patch_effectiveness_vendor,low,90000622,privileged_system,0.11551504
intermediate_capacity,simulation_patch_effectiveness_vendor,low,90000607,privileged_system,0.11610918
intermediate_capacity,simulation_patch_effectiveness_vendor,low,90000527,privileged_system,0.11957917
intermediate_capacity,simulation_patch_effectiveness_vendor,low,90000652,privileged_system,0.13291642
intermediate_capacity,simulation_patch_effectiveness_vendor,low,90000522,privileged_system,0.13397186
intermediate_capacity,simulation_patch_effectiveness_vendor,low,90000682,privileged_system,0.135345
intermediate_capacity,simulation_patch_effectiveness_vendor,low,90000512,privileged_system,0.13776978
intermediate_capacity,simulation_patch_effectiveness_vendor,low,90000577,privileged_system,0.1454701
intermediate_capacity,simulation_patch_effectiveness_vendor,low,90000737,privileged_system,0.1463853
intermediate_capacity,simulation_patch_effectiveness_vendor,low,90000667,privileged_system,0.15731725
intermediate_capacity,simulation_patch_effectiveness_vendor,low,90000507,privileged_system,0.16075425
intermediate_capacity,simulation_patch_effectiveness_vendor,low,90000697,privileged_system,0.16388482
intermediate_capacity,simulation_patch_effectiveness_vendor,low,90000627,privileged_system,0.16567505
intermediate_capacity,simulation_patch_effectiveness_vendor,low,90000712,privileged_system,0.17226278
intermediate_capacity,simulation_patch_effectiveness_vendor,low,90000427,privileged_system,0.17697516
intermediate_capacity,simulation_patch_effectiveness_vendor,low,90000777,privileged_system,0.17705216
intermediate_capacity,simulation_patch_effectiveness_vendor,low,90000567,privileged_system,0.18737481
intermediate_capacity,simulation_patch_effectiveness_vendor,low,90000594,vendor_connection,0.06076222
intermediate_capacity,simulation_patch_effectiveness_vendor,low,90000679,vendor_connection,0.06244392
intermediate_capacity,simulation_patch_effectiveness_vendor,low,90000629,vendor_connection,0.08401812
intermediate_capacity,simulation_patch_effectiveness_vendor,low,90000489,vendor_connection,0.08521429
intermediate_capacity,simulation_patch_effectiveness_vendor,low,90000484,vendor_connection,0.09335263
intermediate_capacity,simulation_patch_effectiveness_vendor,low,90000534,vendor_connection,0.09650694
intermediate_capacity,simulation_patch_effectiveness_vendor,low,90000764,vendor_connection,0.09705313
intermediate_capacity,simulation_patch_effectiveness_vendor,low,90000744,vendor_connection,0.09800111
intermediate_capacity,simulation_patch_effectiveness_vendor,low,90000689,vendor_connection,0.0987149
intermediate_capacity,simulation_patch_effectiveness_vendor,low,90000734,vendor_connection,0.09968047
intermediate_capacity,simulation_patch_effectiveness_vendor,low,90000684,vendor_connection,0.10187537
intermediate_capacity,simulation_patch_effectiveness_vendor,low,90000599,vendor_connection,0.11599166
intermediate_capacity,simulation_patch_effectiveness_vendor,low,90000754,vendor_connection,0.11746743
intermediate_capacity,simulation_patch_effectiveness_vendor,low,90000604,vendor_connection,0.11762736
intermediate_capacity,simulation_patch_effectiveness_vendor,low,90000439,vendor_connection,0.12281527
intermediate_capacity,simulation_patch_effectiveness_vendor,low,90000794,vendor_connection,0.12615161
intermediate_capacity,simulation_patch_effectiveness_vendor,low,90000449,vendor_connection,0.13316554
intermediate_capacity,simulation_patch_effectiveness_vendor,low,90000474,vendor_connection,0.13774124
intermediate_capacity,simulation_patch_effectiveness_vendor,low,90000644,vendor_connection,0.1467208
intermediate_capacity,simulation_patch_effectiveness_vendor,low,90000519,vendor_connection,0.15035898
intermediate_capacity,simulation_patch_effectiveness_vendor,low,90000469,vendor_connection,0.15829814
intermediate_capacity,simulation_patch_effectiveness_vendor,low,90000549,vendor_connection,0.17823376
intermediate_capacity,simulation_patch_effectiveness_vendor,low,90000434,vendor_connection,0.17991222
intermediate_capacity,simulation_patch_effectiveness_vendor,low,90000464,vendor_connection,0.18834538
intermediate_capacity,simulation_patch_effectiveness_vendor,low,90000789,vendor_connection,0.19249539
intermediate_capacity,simulation_patch_effectiveness_vendor,low,90000724,vendor_connection,0.20490681
intermediate_capacity,simulation_patch_effectiveness_vendor,low,90000670,workstation,0.05333611
intermediate_capacity,simulation_patch_effectiveness_vendor,low,90000730,workstation,0.06034452
intermediate_capacity,simulation_patch_effectiveness_vendor,low,90000430,workstation,0.0611477
intermediate_capacity,simulation_patch_effectiveness_vendor,low,90000665,workstation,0.06726368
intermediate_capacity,simulation_patch_effectiveness_vendor,low,90000605,workstation,0.07154681
intermediate_capacity,simulation_patch_effectiveness_vendor,low,90000455,workstation,0.07341511
intermediate_capacity,simulation_patch_effectiveness_vendor,low,90000445,workstation,0.07485946
intermediate_capacity,simulation_patch_effectiveness_vendor,low,90000525,workstation,0.08051387
intermediate_capacity,simulation_patch_effectiveness_vendor,low,90000475,workstation,0.0810841
intermediate_capacity,simulation_patch_effectiveness_vendor,low,90000740,workstation,0.08467796
intermediate_capacity,simulation_patch_effectiveness_vendor,low,90000540,workstation,0.08557145
intermediate_capacity,simulation_patch_effectiveness_vendor,low,90000560,workstation,0.09253975
intermediate_capacity,simulation_patch_effectiveness_vendor,low,90000775,workstation,0.105927
intermediate_capacity,simulation_patch_effectiveness_vendor,low,90000615,workstation,0.10704925
intermediate_capacity,simulation_patch_effectiveness_vendor,low,90000465,workstation,0.10794432
intermediate_capacity,simulation_patch_effectiveness_vendor,low,90000715,workstation,0.11066558
intermediate_capacity,simulation_patch_effectiveness_vendor,low,90000640,workstation,0.11124607
intermediate_capacity,simulation_patch_effectiveness_vendor,low,90000470,workstation,0.11508908
intermediate_capacity,simulation_patch_effectiveness_vendor,low,90000580,workstation,0.11750125
intermediate_capacity,simulation_patch_effectiveness_vendor,low,90000410,workstation,0.12215525
intermediate_capacity,simulation_patch_effectiveness_vendor,low,90000655,workstation,0.12698102
intermediate_capacity,simulation_patch_effectiveness_vendor,low,90000685,workstation,0.13993383
intermediate_capacity,simulation_patch_effectiveness_vendor,low,90000735,workstation,0.1463002
intermediate_capacity,simulation_patch_effectiveness_vendor,low,90000680,workstation,0.15090139
intermediate_capacity,simulation_patch_effectiveness_vendor,low,90000490,workstation,0.15997422
intermediate_capacity,simulation_patch_effectiveness_vendor,low,90000415,workstation,0.16535027
intermediate_capacity,simulation_patch_effectiveness_vendor,high,90000786,internet_facing,0.30589821
intermediate_capacity,simulation_patch_effectiveness_vendor,high,90000646,internet_facing,0.3070666
intermediate_capacity,simulation_patch_effectiveness_vendor,high,90000741,internet_facing,0.31175545
intermediate_capacity,simulation_patch_effectiveness_vendor,high,90000431,internet_facing,0.31419735
intermediate_capacity,simulation_patch_effectiveness_vendor,high,90000531,internet_facing,0.32094357
intermediate_capacity,simulation_patch_effectiveness_vendor,high,90000446,internet_facing,0.32112207
intermediate_capacity,simulation_patch_effectiveness_vendor,high,90000726,internet_facing,0.32851492
intermediate_capacity,simulation_patch_effectiveness_vendor,high,90000676,internet_facing,0.33375014
intermediate_capacity,simulation_patch_effectiveness_vendor,high,90000701,internet_facing,0.34796676
intermediate_capacity,simulation_patch_effectiveness_vendor,high,90000716,internet_facing,0.35038393
intermediate_capacity,simulation_patch_effectiveness_vendor,high,90000591,internet_facing,0.35915937
intermediate_capacity,simulation_patch_effectiveness_vendor,high,90000586,internet_facing,0.36572306
intermediate_capacity,simulation_patch_effectiveness_vendor,high,90000771,internet_facing,0.37558453
intermediate_capacity,simulation_patch_effectiveness_vendor,high,90000781,internet_facing,0.38017112
intermediate_capacity,simulation_patch_effectiveness_vendor,high,90000691,internet_facing,0.39132921
intermediate_capacity,simulation_patch_effectiveness_vendor,high,90000641,internet_facing,0.39548022
intermediate_capacity,simulation_patch_effectiveness_vendor,high,90000651,internet_facing,0.40906679
intermediate_capacity,simulation_patch_effectiveness_vendor,high,90000496,internet_facing,0.41346556
intermediate_capacity,simulation_patch_effectiveness_vendor,high,90000451,internet_facing,0.41368881
intermediate_capacity,simulation_patch_effectiveness_vendor,high,90000526,internet_facing,0.4211198
intermediate_capacity,simulation_patch_effectiveness_vendor,high,90000456,internet_facing,0.42401804
intermediate_capacity,simulation_patch_effectiveness_vendor,high,90000681,internet_facing,0.42427712
intermediate_capacity,simulation_patch_effectiveness_vendor,high,90000721,internet_facing,0.42651821
intermediate_capacity,simulation_patch_effectiveness_vendor,high,90000521,internet_facing,0.43663867
intermediate_capacity,simulation_patch_effectiveness_vendor,high,90000686,internet_facing,0.43885242
intermediate_capacity,simulation_patch_effectiveness_vendor,high,90000436,internet_facing,0.44496171
intermediate_capacity,simulation_patch_effectiveness_vendor,high,90000503,medical_device,0.35118356
intermediate_capacity,simulation_patch_effectiveness_vendor,high,90000748,medical_device,0.35547458
intermediate_capacity,simulation_patch_effectiveness_vendor,high,90000588,medical_device,0.35816743
intermediate_capacity,simulation_patch_effectiveness_vendor,high,90000648,medical_device,0.35907576
intermediate_capacity,simulation_patch_effectiveness_vendor,high,90000513,medical_device,0.36028327
intermediate_capacity,simulation_patch_effectiveness_vendor,high,90000773,medical_device,0.36458123
intermediate_capacity,simulation_patch_effectiveness_vendor,high,90000798,medical_device,0.36570277
intermediate_capacity,simulation_patch_effectiveness_vendor,high,90000463,medical_device,0.37410334
intermediate_capacity,simulation_patch_effectiveness_vendor,high,90000688,medical_device,0.37791603
intermediate_capacity,simulation_patch_effectiveness_vendor,high,90000478,medical_device,0.38083293
intermediate_capacity,simulation_patch_effectiveness_vendor,high,90000683,medical_device,0.38091602
intermediate_capacity,simulation_patch_effectiveness_vendor,high,90000488,medical_device,0.38095845
intermediate_capacity,simulation_patch_effectiveness_vendor,high,90000643,medical_device,0.38363871
intermediate_capacity,simulation_patch_effectiveness_vendor,high,90000413,medical_device,0.39047932
intermediate_capacity,simulation_patch_effectiveness_vendor,high,90000768,medical_device,0.39087542
intermediate_capacity,simulation_patch_effectiveness_vendor,high,90000793,medical_device,0.39333911
intermediate_capacity,simulation_patch_effectiveness_vendor,high,90000693,medical_device,0.39351617
intermediate_capacity,simulation_patch_effectiveness_vendor,high,90000468,medical_device,0.3968821
intermediate_capacity,simulation_patch_effectiveness_vendor,high,90000583,medical_device,0.40151003
intermediate_capacity,simulation_patch_effectiveness_vendor,high,90000608,medical_device,0.40225138
intermediate_capacity,simulation_patch_effectiveness_vendor,high,90000568,medical_device,0.40590737
intermediate_capacity,simulation_patch_effectiveness_vendor,high,90000423,medical_device,0.41565879
intermediate_capacity,simulation_patch_effectiveness_vendor,high,90000508,medical_device,0.42164685
intermediate_capacity,simulation_patch_effectiveness_vendor,high,90000668,medical_device,0.42515397
intermediate_capacity,simulation_patch_effectiveness_vendor,high,90000738,medical_device,0.43368547
intermediate_capacity,simulation_patch_effectiveness_vendor,high,90000638,medical_device,0.4471745
intermediate_capacity,simulation_patch_effectiveness_vendor,high,90000477,privileged_system,0.30733823
intermediate_capacity,simulation_patch_effectiveness_vendor,high,90000757,privileged_system,0.31144582
intermediate_capacity,simulation_patch_effectiveness_vendor,high,90000492,privileged_system,0.31780972
intermediate_capacity,simulation_patch_effectiveness_vendor,high,90000707,privileged_system,0.32372828
intermediate_capacity,simulation_patch_effectiveness_vendor,high,90000542,privileged_system,0.32635706
intermediate_capacity,simulation_patch_effectiveness_vendor,high,90000447,privileged_system,0.32779784
intermediate_capacity,simulation_patch_effectiveness_vendor,high,90000742,privileged_system,0.3317123
intermediate_capacity,simulation_patch_effectiveness_vendor,high,90000402,privileged_system,0.33454297
intermediate_capacity,simulation_patch_effectiveness_vendor,high,90000617,privileged_system,0.33759565
intermediate_capacity,simulation_patch_effectiveness_vendor,high,90000687,privileged_system,0.34017339
intermediate_capacity,simulation_patch_effectiveness_vendor,high,90000782,privileged_system,0.34253058
intermediate_capacity,simulation_patch_effectiveness_vendor,high,90000717,privileged_system,0.34978723
intermediate_capacity,simulation_patch_effectiveness_vendor,high,90000657,privileged_system,0.35211152
intermediate_capacity,simulation_patch_effectiveness_vendor,high,90000582,privileged_system,0.35735315
intermediate_capacity,simulation_patch_effectiveness_vendor,high,90000472,privileged_system,0.36827852
intermediate_capacity,simulation_patch_effectiveness_vendor,high,90000462,privileged_system,0.37518815
intermediate_capacity,simulation_patch_effectiveness_vendor,high,90000487,privileged_system,0.37929943
intermediate_capacity,simulation_patch_effectiveness_vendor,high,90000547,privileged_system,0.38049168
intermediate_capacity,simulation_patch_effectiveness_vendor,high,90000727,privileged_system,0.38209896
intermediate_capacity,simulation_patch_effectiveness_vendor,high,90000637,privileged_system,0.38500581
intermediate_capacity,simulation_patch_effectiveness_vendor,high,90000482,privileged_system,0.39026289
intermediate_capacity,simulation_patch_effectiveness_vendor,high,90000497,privileged_system,0.41949203
intermediate_capacity,simulation_patch_effectiveness_vendor,high,90000767,privileged_system,0.42874967
intermediate_capacity,simulation_patch_effectiveness_vendor,high,90000677,privileged_system,0.43731255
intermediate_capacity,simulation_patch_effectiveness_vendor,high,90000412,privileged_system,0.4415919
intermediate_capacity,simulation_patch_effectiveness_vendor,high,90000517,privileged_system,0.44616918
intermediate_capacity,simulation_patch_effectiveness_vendor,high,90000419,vendor_connection,0.30717533
intermediate_capacity,simulation_patch_effectiveness_vendor,high,90000529,vendor_connection,0.30971492
intermediate_capacity,simulation_patch_effectiveness_vendor,high,90000674,vendor_connection,0.31270527
intermediate_capacity,simulation_patch_effectiveness_vendor,high,90000609,vendor_connection,0.31361192
intermediate_capacity,simulation_patch_effectiveness_vendor,high,90000504,vendor_connection,0.31906569
intermediate_capacity,simulation_patch_effectiveness_vendor,high,90000659,vendor_connection,0.32309683
intermediate_capacity,simulation_patch_effectiveness_vendor,high,90000759,vendor_connection,0.32800959
intermediate_capacity,simulation_patch_effectiveness_vendor,high,90000454,vendor_connection,0.34763147
intermediate_capacity,simulation_patch_effectiveness_vendor,high,90000584,vendor_connection,0.35038702
intermediate_capacity,simulation_patch_effectiveness_vendor,high,90000654,vendor_connection,0.36490336
intermediate_capacity,simulation_patch_effectiveness_vendor,high,90000404,vendor_connection,0.38444792
intermediate_capacity,simulation_patch_effectiveness_vendor,high,90000499,vendor_connection,0.38701796
intermediate_capacity,simulation_patch_effectiveness_vendor,high,90000479,vendor_connection,0.387813
intermediate_capacity,simulation_patch_effectiveness_vendor,high,90000509,vendor_connection,0.40903635
intermediate_capacity,simulation_patch_effectiveness_vendor,high,90000799,vendor_connection,0.41086308
intermediate_capacity,simulation_patch_effectiveness_vendor,high,90000409,vendor_connection,0.411096
intermediate_capacity,simulation_patch_effectiveness_vendor,high,90000784,vendor_connection,0.4114481
intermediate_capacity,simulation_patch_effectiveness_vendor,high,90000514,vendor_connection,0.42287375
intermediate_capacity,simulation_patch_effectiveness_vendor,high,90000774,vendor_connection,0.42333837
intermediate_capacity,simulation_patch_effectiveness_vendor,high,90000559,vendor_connection,0.42603557
intermediate_capacity,simulation_patch_effectiveness_vendor,high,90000634,vendor_connection,0.42633596
intermediate_capacity,simulation_patch_effectiveness_vendor,high,90000429,vendor_connection,0.43035645
intermediate_capacity,simulation_patch_effectiveness_vendor,high,90000719,vendor_connection,0.43860442
intermediate_capacity,simulation_patch_effectiveness_vendor,high,90000414,vendor_connection,0.44040457
intermediate_capacity,simulation_patch_effectiveness_vendor,high,90000444,vendor_connection,0.44067328
intermediate_capacity,simulation_patch_effectiveness_vendor,high,90000624,vendor_connection,0.44120228
intermediate_capacity,simulation_patch_effectiveness_vendor,high,90000460,workstation,0.31432406
intermediate_capacity,simulation_patch_effectiveness_vendor,high,90000750,workstation,0.32111021
intermediate_capacity,simulation_patch_effectiveness_vendor,high,90000565,workstation,0.32506175
intermediate_capacity,simulation_patch_effectiveness_vendor,high,90000495,workstation,0.34371495
intermediate_capacity,simulation_patch_effectiveness_vendor,high,90000765,workstation,0.35213333
intermediate_capacity,simulation_patch_effectiveness_vendor,high,90000425,workstation,0.36432572
intermediate_capacity,simulation_patch_effectiveness_vendor,high,90000480,workstation,0.36485412
intermediate_capacity,simulation_patch_effectiveness_vendor,high,90000505,workstation,0.36602052
intermediate_capacity,simulation_patch_effectiveness_vendor,high,90000620,workstation,0.36852952
intermediate_capacity,simulation_patch_effectiveness_vendor,high,90000500,workstation,0.373195
intermediate_capacity,simulation_patch_effectiveness_vendor,high,90000590,workstation,0.38325342
intermediate_capacity,simulation_patch_effectiveness_vendor,high,90000720,workstation,0.38431647
intermediate_capacity,simulation_patch_effectiveness_vendor,high,90000690,workstation,0.39062606
intermediate_capacity,simulation_patch_effectiveness_vendor,high,90000595,workstation,0.3922047
intermediate_capacity,simulation_patch_effectiveness_vendor,high,90000645,workstation,0.39254835
intermediate_capacity,simulation_patch_effectiveness_vendor,high,90000440,workstation,0.39772393
intermediate_capacity,simulation_patch_effectiveness_vendor,high,90000400,workstation,0.39837034
intermediate_capacity,simulation_patch_effectiveness_vendor,high,90000695,workstation,0.41188492
intermediate_capacity,simulation_patch_effectiveness_vendor,high,90000555,workstation,0.41796823
intermediate_capacity,simulation_patch_effectiveness_vendor,high,90000530,workstation,0.42187171
intermediate_capacity,simulation_patch_effectiveness_vendor,high,90000535,workstation,0.42435758
intermediate_capacity,simulation_patch_effectiveness_vendor,high,90000515,workstation,0.42674422
intermediate_capacity,simulation_patch_effectiveness_vendor,high,90000700,workstation,0.42870954
intermediate_capacity,simulation_patch_effectiveness_vendor,high,90000790,workstation,0.43055411
intermediate_capacity,simulation_patch_effectiveness_vendor,high,90000510,workstation,0.44198051
intermediate_capacity,simulation_patch_effectiveness_vendor,high,90000785,workstation,0.44482226
intermediate_capacity,simulation_rapid_isolation_success,low,90000401,internet_facing,0.40133411
intermediate_capacity,simulation_rapid_isolation_success,low,90000576,internet_facing,0.40223025
intermediate_capacity,simulation_rapid_isolation_success,low,90000551,internet_facing,0.4025718
intermediate_capacity,simulation_rapid_isolation_success,low,90000641,internet_facing,0.40541868
intermediate_capacity,simulation_rapid_isolation_success,low,90000691,internet_facing,0.40966183
intermediate_capacity,simulation_rapid_isolation_success,low,90000731,internet_facing,0.41649171
intermediate_capacity,simulation_rapid_isolation_success,low,90000646,internet_facing,0.41886535
intermediate_capacity,simulation_rapid_isolation_success,low,90000771,internet_facing,0.43154968
intermediate_capacity,simulation_rapid_isolation_success,low,90000711,internet_facing,0.43607219
intermediate_capacity,simulation_rapid_isolation_success,low,90000606,internet_facing,0.45721109
intermediate_capacity,simulation_rapid_isolation_success,low,90000676,internet_facing,0.45823525
intermediate_capacity,simulation_rapid_isolation_success,low,90000611,internet_facing,0.46084242
intermediate_capacity,simulation_rapid_isolation_success,low,90000536,internet_facing,0.46625031
intermediate_capacity,simulation_rapid_isolation_success,low,90000486,internet_facing,0.46789428
intermediate_capacity,simulation_rapid_isolation_success,low,90000661,internet_facing,0.47474715
intermediate_capacity,simulation_rapid_isolation_success,low,90000451,internet_facing,0.49028485
intermediate_capacity,simulation_rapid_isolation_success,low,90000581,internet_facing,0.4972719
intermediate_capacity,simulation_rapid_isolation_success,low,90000411,internet_facing,0.50097941
intermediate_capacity,simulation_rapid_isolation_success,low,90000521,internet_facing,0.50394972
intermediate_capacity,simulation_rapid_isolation_success,low,90000716,internet_facing,0.51264241
intermediate_capacity,simulation_rapid_isolation_success,low,90000741,internet_facing,0.52211678
intermediate_capacity,simulation_rapid_isolation_success,low,90000751,internet_facing,0.52386236
intermediate_capacity,simulation_rapid_isolation_success,low,90000781,internet_facing,0.54902075
intermediate_capacity,simulation_rapid_isolation_success,low,90000566,internet_facing,0.55296333
intermediate_capacity,simulation_rapid_isolation_success,low,90000416,internet_facing,0.56173936
intermediate_capacity,simulation_rapid_isolation_success,low,90000686,internet_facing,0.57842855
intermediate_capacity,simulation_rapid_isolation_success,low,90000688,medical_device,0.40064528
intermediate_capacity,simulation_rapid_isolation_success,low,90000693,medical_device,0.40096214
intermediate_capacity,simulation_rapid_isolation_success,low,90000613,medical_device,0.4123748
intermediate_capacity,simulation_rapid_isolation_success,low,90000683,medical_device,0.41289701
intermediate_capacity,simulation_rapid_isolation_success,low,90000598,medical_device,0.42015267
intermediate_capacity,simulation_rapid_isolation_success,low,90000488,medical_device,0.42018523
intermediate_capacity,simulation_rapid_isolation_success,low,90000518,medical_device,0.44130948
intermediate_capacity,simulation_rapid_isolation_success,low,90000738,medical_device,0.44979782
intermediate_capacity,simulation_rapid_isolation_success,low,90000658,medical_device,0.46439372
intermediate_capacity,simulation_rapid_isolation_success,low,90000473,medical_device,0.46579173
intermediate_capacity,simulation_rapid_isolation_success,low,90000768,medical_device,0.4677767
intermediate_capacity,simulation_rapid_isolation_success,low,90000713,medical_device,0.47018546
intermediate_capacity,simulation_rapid_isolation_success,low,90000428,medical_device,0.47466404
intermediate_capacity,simulation_rapid_isolation_success,low,90000538,medical_device,0.47686467
intermediate_capacity,simulation_rapid_isolation_success,low,90000603,medical_device,0.47708244
intermediate_capacity,simulation_rapid_isolation_success,low,90000493,medical_device,0.47977404
intermediate_capacity,simulation_rapid_isolation_success,low,90000678,medical_device,0.48125881
intermediate_capacity,simulation_rapid_isolation_success,low,90000578,medical_device,0.48343337
intermediate_capacity,simulation_rapid_isolation_success,low,90000643,medical_device,0.49061948
intermediate_capacity,simulation_rapid_isolation_success,low,90000753,medical_device,0.49773007
intermediate_capacity,simulation_rapid_isolation_success,low,90000438,medical_device,0.49816179
intermediate_capacity,simulation_rapid_isolation_success,low,90000563,medical_device,0.51504307
intermediate_capacity,simulation_rapid_isolation_success,low,90000558,medical_device,0.51534716
intermediate_capacity,simulation_rapid_isolation_success,low,90000413,medical_device,0.51673415
intermediate_capacity,simulation_rapid_isolation_success,low,90000748,medical_device,0.52750054
intermediate_capacity,simulation_rapid_isolation_success,low,90000703,medical_device,0.52975092
intermediate_capacity,simulation_rapid_isolation_success,low,90000777,privileged_system,0.40302651
intermediate_capacity,simulation_rapid_isolation_success,low,90000467,privileged_system,0.40520302
intermediate_capacity,simulation_rapid_isolation_success,low,90000617,privileged_system,0.4092479
intermediate_capacity,simulation_rapid_isolation_success,low,90000492,privileged_system,0.41052891
intermediate_capacity,simulation_rapid_isolation_success,low,90000477,privileged_system,0.43010426
intermediate_capacity,simulation_rapid_isolation_success,low,90000432,privileged_system,0.43556742
intermediate_capacity,simulation_rapid_isolation_success,low,90000612,privileged_system,0.43685333
intermediate_capacity,simulation_rapid_isolation_success,low,90000587,privileged_system,0.4389836
intermediate_capacity,simulation_rapid_isolation_success,low,90000577,privileged_system,0.43984246
intermediate_capacity,simulation_rapid_isolation_success,low,90000727,privileged_system,0.44677943
intermediate_capacity,simulation_rapid_isolation_success,low,90000757,privileged_system,0.45019719
intermediate_capacity,simulation_rapid_isolation_success,low,90000522,privileged_system,0.45108787
intermediate_capacity,simulation_rapid_isolation_success,low,90000417,privileged_system,0.45183377
intermediate_capacity,simulation_rapid_isolation_success,low,90000717,privileged_system,0.46217803
intermediate_capacity,simulation_rapid_isolation_success,low,90000447,privileged_system,0.46463963
intermediate_capacity,simulation_rapid_isolation_success,low,90000442,privileged_system,0.48201568
intermediate_capacity,simulation_rapid_isolation_success,low,90000422,privileged_system,0.48286066
intermediate_capacity,simulation_rapid_isolation_success,low,90000762,privileged_system,0.48737686
intermediate_capacity,simulation_rapid_isolation_success,low,90000567,privileged_system,0.50293455
intermediate_capacity,simulation_rapid_isolation_success,low,90000767,privileged_system,0.50934918
intermediate_capacity,simulation_rapid_isolation_success,low,90000632,privileged_system,0.51108725
intermediate_capacity,simulation_rapid_isolation_success,low,90000607,privileged_system,0.51667942
intermediate_capacity,simulation_rapid_isolation_success,low,90000562,privileged_system,0.52227634
intermediate_capacity,simulation_rapid_isolation_success,low,90000627,privileged_system,0.54550178
intermediate_capacity,simulation_rapid_isolation_success,low,90000537,privileged_system,0.55022301
intermediate_capacity,simulation_rapid_isolation_success,low,90000512,privileged_system,0.55518119
intermediate_capacity,simulation_rapid_isolation_success,low,90000724,vendor_connection,0.4011131
intermediate_capacity,simulation_rapid_isolation_success,low,90000644,vendor_connection,0.40340529
intermediate_capacity,simulation_rapid_isolation_success,low,90000619,vendor_connection,0.40499876
intermediate_capacity,simulation_rapid_isolation_success,low,90000629,vendor_connection,0.4134176
intermediate_capacity,simulation_rapid_isolation_success,low,90000624,vendor_connection,0.41907021
intermediate_capacity,simulation_rapid_isolation_success,low,90000494,vendor_connection,0.4318384
intermediate_capacity,simulation_rapid_isolation_success,low,90000544,vendor_connection,0.4404255
intermediate_capacity,simulation_rapid_isolation_success,low,90000614,vendor_connection,0.44687427
intermediate_capacity,simulation_rapid_isolation_success,low,90000464,vendor_connection,0.45204972
intermediate_capacity,simulation_rapid_isolation_success,low,90000444,vendor_connection,0.46802516
intermediate_capacity,simulation_rapid_isolation_success,low,90000609,vendor_connection,0.46980109
intermediate_capacity,simulation_rapid_isolation_success,low,90000679,vendor_connection,0.47104795
intermediate_capacity,simulation_rapid_isolation_success,low,90000514,vendor_connection,0.47640839
intermediate_capacity,simulation_rapid_isolation_success,low,90000709,vendor_connection,0.47914533
intermediate_capacity,simulation_rapid_isolation_success,low,90000779,vendor_connection,0.48037075
intermediate_capacity,simulation_rapid_isolation_success,low,90000404,vendor_connection,0.48094031
intermediate_capacity,simulation_rapid_isolation_success,low,90000524,vendor_connection,0.48156924
intermediate_capacity,simulation_rapid_isolation_success,low,90000584,vendor_connection,0.48157238
intermediate_capacity,simulation_rapid_isolation_success,low,90000564,vendor_connection,0.50009572
intermediate_capacity,simulation_rapid_isolation_success,low,90000554,vendor_connection,0.50112007
intermediate_capacity,simulation_rapid_isolation_success,low,90000769,vendor_connection,0.50882689
intermediate_capacity,simulation_rapid_isolation_success,low,90000689,vendor_connection,0.51768567
intermediate_capacity,simulation_rapid_isolation_success,low,90000754,vendor_connection,0.52210617
intermediate_capacity,simulation_rapid_isolation_success,low,90000774,vendor_connection,0.5227587
intermediate_capacity,simulation_rapid_isolation_success,low,90000574,vendor_connection,0.54303005
intermediate_capacity,simulation_rapid_isolation_success,low,90000454,vendor_connection,0.5452943
intermediate_capacity,simulation_rapid_isolation_success,low,90000575,workstation,0.4070343
intermediate_capacity,simulation_rapid_isolation_success,low,90000460,workstation,0.42290185
intermediate_capacity,simulation_rapid_isolation_success,low,90000440,workstation,0.42368401
intermediate_capacity,simulation_rapid_isolation_success,low,90000685,workstation,0.42573575
intermediate_capacity,simulation_rapid_isolation_success,low,90000630,workstation,0.42612668
intermediate_capacity,simulation_rapid_isolation_success,low,90000500,workstation,0.43002364
intermediate_capacity,simulation_rapid_isolation_success,low,90000760,workstation,0.43858596
intermediate_capacity,simulation_rapid_isolation_success,low,90000525,workstation,0.43895604
intermediate_capacity,simulation_rapid_isolation_success,low,90000530,workstation,0.43929897
intermediate_capacity,simulation_rapid_isolation_success,low,90000520,workstation,0.44423869
intermediate_capacity,simulation_rapid_isolation_success,low,90000715,workstation,0.444779
intermediate_capacity,simulation_rapid_isolation_success,low,90000570,workstation,0.44484458
intermediate_capacity,simulation_rapid_isolation_success,low,90000425,workstation,0.44878762
intermediate_capacity,simulation_rapid_isolation_success,low,90000405,workstation,0.45160434
intermediate_capacity,simulation_rapid_isolation_success,low,90000485,workstation,0.45518292
intermediate_capacity,simulation_rapid_isolation_success,low,90000775,workstation,0.45621863
intermediate_capacity,simulation_rapid_isolation_success,low,90000780,workstation,0.46280246
intermediate_capacity,simulation_rapid_isolation_success,low,90000670,workstation,0.46729271
intermediate_capacity,simulation_rapid_isolation_success,low,90000695,workstation,0.47582553
intermediate_capacity,simulation_rapid_isolation_success,low,90000590,workstation,0.47765638
intermediate_capacity,simulation_rapid_isolation_success,low,90000585,workstation,0.47953822
intermediate_capacity,simulation_rapid_isolation_success,low,90000725,workstation,0.49222306
intermediate_capacity,simulation_rapid_isolation_success,low,90000495,workstation,0.49944519
intermediate_capacity,simulation_rapid_isolation_success,low,90000465,workstation,0.49997785
intermediate_capacity,simulation_rapid_isolation_success,low,90000785,workstation,0.50269799
intermediate_capacity,simulation_rapid_isolation_success,low,90000660,workstation,0.52078412
intermediate_capacity,simulation_rapid_isolation_success,high,90000461,internet_facing,0.75122524
intermediate_capacity,simulation_rapid_isolation_success,high,90000706,internet_facing,0.75396076
intermediate_capacity,simulation_rapid_isolation_success,high,90000556,internet_facing,0.75671207
intermediate_capacity,simulation_rapid_isolation_success,high,90000756,internet_facing,0.7632911
intermediate_capacity,simulation_rapid_isolation_success,high,90000496,internet_facing,0.76782066
intermediate_capacity,simulation_rapid_isolation_success,high,90000596,internet_facing,0.76886512
intermediate_capacity,simulation_rapid_isolation_success,high,90000681,internet_facing,0.76954449
intermediate_capacity,simulation_rapid_isolation_success,high,90000571,internet_facing,0.77018397
intermediate_capacity,simulation_rapid_isolation_success,high,90000541,internet_facing,0.77619466
intermediate_capacity,simulation_rapid_isolation_success,high,90000786,internet_facing,0.77642727
intermediate_capacity,simulation_rapid_isolation_success,high,90000586,internet_facing,0.78923399
intermediate_capacity,simulation_rapid_isolation_success,high,90000476,internet_facing,0.79687228
intermediate_capacity,simulation_rapid_isolation_success,high,90000651,internet_facing,0.80246379
intermediate_capacity,simulation_rapid_isolation_success,high,90000481,internet_facing,0.80565152
intermediate_capacity,simulation_rapid_isolation_success,high,90000736,internet_facing,0.80821476
intermediate_capacity,simulation_rapid_isolation_success,high,90000616,internet_facing,0.80979455
intermediate_capacity,simulation_rapid_isolation_success,high,90000636,internet_facing,0.81727497
intermediate_capacity,simulation_rapid_isolation_success,high,90000766,internet_facing,0.81948655
intermediate_capacity,simulation_rapid_isolation_success,high,90000721,internet_facing,0.8201647
intermediate_capacity,simulation_rapid_isolation_success,high,90000491,internet_facing,0.8256197
intermediate_capacity,simulation_rapid_isolation_success,high,90000531,internet_facing,0.82676754
intermediate_capacity,simulation_rapid_isolation_success,high,90000441,internet_facing,0.82744225
intermediate_capacity,simulation_rapid_isolation_success,high,90000701,internet_facing,0.83087039
intermediate_capacity,simulation_rapid_isolation_success,high,90000431,internet_facing,0.83183146
intermediate_capacity,simulation_rapid_isolation_success,high,90000466,internet_facing,0.83632692
intermediate_capacity,simulation_rapid_isolation_success,high,90000406,internet_facing,0.8425472
intermediate_capacity,simulation_rapid_isolation_success,high,90000618,medical_device,0.69864054
intermediate_capacity,simulation_rapid_isolation_success,high,90000788,medical_device,0.71032231
intermediate_capacity,simulation_rapid_isolation_success,high,90000583,medical_device,0.71447917
intermediate_capacity,simulation_rapid_isolation_success,high,90000543,medical_device,0.72494212
intermediate_capacity,simulation_rapid_isolation_success,high,90000708,medical_device,0.73179244
intermediate_capacity,simulation_rapid_isolation_success,high,90000648,medical_device,0.73375054
intermediate_capacity,simulation_rapid_isolation_success,high,90000408,medical_device,0.73954028
intermediate_capacity,simulation_rapid_isolation_success,high,90000743,medical_device,0.75292748
intermediate_capacity,simulation_rapid_isolation_success,high,90000528,medical_device,0.75348116
intermediate_capacity,simulation_rapid_isolation_success,high,90000773,medical_device,0.75673591
intermediate_capacity,simulation_rapid_isolation_success,high,90000668,medical_device,0.75792803
intermediate_capacity,simulation_rapid_isolation_success,high,90000523,medical_device,0.77312944
intermediate_capacity,simulation_rapid_isolation_success,high,90000573,medical_device,0.77772535
intermediate_capacity,simulation_rapid_isolation_success,high,90000498,medical_device,0.77836802
intermediate_capacity,simulation_rapid_isolation_success,high,90000403,medical_device,0.78196653
intermediate_capacity,simulation_rapid_isolation_success,high,90000698,medical_device,0.79156243
intermediate_capacity,simulation_rapid_isolation_success,high,90000468,medical_device,0.79288239
intermediate_capacity,simulation_rapid_isolation_success,high,90000588,medical_device,0.80139658
intermediate_capacity,simulation_rapid_isolation_success,high,90000623,medical_device,0.80306977
intermediate_capacity,simulation_rapid_isolation_success,high,90000718,medical_device,0.8133076
intermediate_capacity,simulation_rapid_isolation_success,high,90000453,medical_device,0.81432249
intermediate_capacity,simulation_rapid_isolation_success,high,90000448,medical_device,0.81982422
intermediate_capacity,simulation_rapid_isolation_success,high,90000608,medical_device,0.82005348
intermediate_capacity,simulation_rapid_isolation_success,high,90000783,medical_device,0.82862009
intermediate_capacity,simulation_rapid_isolation_success,high,90000418,medical_device,0.83362943
intermediate_capacity,simulation_rapid_isolation_success,high,90000653,medical_device,0.84524192
intermediate_capacity,simulation_rapid_isolation_success,high,90000507,privileged_system,0.70041501
intermediate_capacity,simulation_rapid_isolation_success,high,90000557,privileged_system,0.72149422
intermediate_capacity,simulation_rapid_isolation_success,high,90000672,privileged_system,0.72779325
intermediate_capacity,simulation_rapid_isolation_success,high,90000677,privileged_system,0.73409328
intermediate_capacity,simulation_rapid_isolation_success,high,90000572,privileged_system,0.73888376
intermediate_capacity,simulation_rapid_isolation_success,high,90000482,privileged_system,0.74881051
intermediate_capacity,simulation_rapid_isolation_success,high,90000742,privileged_system,0.74971663
intermediate_capacity,simulation_rapid_isolation_success,high,90000642,privileged_system,0.75424734
intermediate_capacity,simulation_rapid_isolation_success,high,90000502,privileged_system,0.76145001
intermediate_capacity,simulation_rapid_isolation_success,high,90000752,privileged_system,0.76195746
intermediate_capacity,simulation_rapid_isolation_success,high,90000772,privileged_system,0.77535244
intermediate_capacity,simulation_rapid_isolation_success,high,90000437,privileged_system,0.78101775
intermediate_capacity,simulation_rapid_isolation_success,high,90000702,privileged_system,0.78482017
intermediate_capacity,simulation_rapid_isolation_success,high,90000787,privileged_system,0.78504389
intermediate_capacity,simulation_rapid_isolation_success,high,90000452,privileged_system,0.78614015
intermediate_capacity,simulation_rapid_isolation_success,high,90000732,privileged_system,0.7919335
intermediate_capacity,simulation_rapid_isolation_success,high,90000782,privileged_system,0.81328216
intermediate_capacity,simulation_rapid_isolation_success,high,90000722,privileged_system,0.8140051
intermediate_capacity,simulation_rapid_isolation_success,high,90000457,privileged_system,0.8248182
intermediate_capacity,simulation_rapid_isolation_success,high,90000797,privileged_system,0.82670452
intermediate_capacity,simulation_rapid_isolation_success,high,90000687,privileged_system,0.8281816
intermediate_capacity,simulation_rapid_isolation_success,high,90000792,privileged_system,0.83183195
intermediate_capacity,simulation_rapid_isolation_success,high,90000657,privileged_system,0.83474881
intermediate_capacity,simulation_rapid_isolation_success,high,90000592,privileged_system,0.83475813
intermediate_capacity,simulation_rapid_isolation_success,high,90000692,privileged_system,0.83616166
intermediate_capacity,simulation_rapid_isolation_success,high,90000547,privileged_system,0.83962424
intermediate_capacity,simulation_rapid_isolation_success,high,90000744,vendor_connection,0.70687583
intermediate_capacity,simulation_rapid_isolation_success,high,90000419,vendor_connection,0.71184474
intermediate_capacity,simulation_rapid_isolation_success,high,90000534,vendor_connection,0.71712104
intermediate_capacity,simulation_rapid_isolation_success,high,90000789,vendor_connection,0.71856449
intermediate_capacity,simulation_rapid_isolation_success,high,90000459,vendor_connection,0.73800343
intermediate_capacity,simulation_rapid_isolation_success,high,90000664,vendor_connection,0.73942918
intermediate_capacity,simulation_rapid_isolation_success,high,90000594,vendor_connection,0.74193389
intermediate_capacity,simulation_rapid_isolation_success,high,90000559,vendor_connection,0.74336421
intermediate_capacity,simulation_rapid_isolation_success,high,90000699,vendor_connection,0.74395912
intermediate_capacity,simulation_rapid_isolation_success,high,90000439,vendor_connection,0.75036168
intermediate_capacity,simulation_rapid_isolation_success,high,90000504,vendor_connection,0.76291718
intermediate_capacity,simulation_rapid_isolation_success,high,90000759,vendor_connection,0.76934134
intermediate_capacity,simulation_rapid_isolation_success,high,90000694,vendor_connection,0.7871918
intermediate_capacity,simulation_rapid_isolation_success,high,90000799,vendor_connection,0.79179203
intermediate_capacity,simulation_rapid_isolation_success,high,90000684,vendor_connection,0.79624073
intermediate_capacity,simulation_rapid_isolation_success,high,90000599,vendor_connection,0.79868557
intermediate_capacity,simulation_rapid_isolation_success,high,90000659,vendor_connection,0.79895122
intermediate_capacity,simulation_rapid_isolation_success,high,90000729,vendor_connection,0.81145616
intermediate_capacity,simulation_rapid_isolation_success,high,90000634,vendor_connection,0.81311772
intermediate_capacity,simulation_rapid_isolation_success,high,90000549,vendor_connection,0.82345721
intermediate_capacity,simulation_rapid_isolation_success,high,90000704,vendor_connection,0.82627684
intermediate_capacity,simulation_rapid_isolation_success,high,90000654,vendor_connection,0.83860714
intermediate_capacity,simulation_rapid_isolation_success,high,90000489,vendor_connection,0.83979874
intermediate_capacity,simulation_rapid_isolation_success,high,90000509,vendor_connection,0.84171591
intermediate_capacity,simulation_rapid_isolation_success,high,90000499,vendor_connection,0.84548692
intermediate_capacity,simulation_rapid_isolation_success,high,90000714,vendor_connection,0.84831756
intermediate_capacity,simulation_rapid_isolation_success,high,90000680,workstation,0.69989146
intermediate_capacity,simulation_rapid_isolation_success,high,90000505,workstation,0.70498619
intermediate_capacity,simulation_rapid_isolation_success,high,90000755,workstation,0.7183493
intermediate_capacity,simulation_rapid_isolation_success,high,90000510,workstation,0.72067513
intermediate_capacity,simulation_rapid_isolation_success,high,90000720,workstation,0.73621599
intermediate_capacity,simulation_rapid_isolation_success,high,90000665,workstation,0.74151913
intermediate_capacity,simulation_rapid_isolation_success,high,90000445,workstation,0.75686379
intermediate_capacity,simulation_rapid_isolation_success,high,90000790,workstation,0.76092492
intermediate_capacity,simulation_rapid_isolation_success,high,90000705,workstation,0.76256469
intermediate_capacity,simulation_rapid_isolation_success,high,90000735,workstation,0.76575596
intermediate_capacity,simulation_rapid_isolation_success,high,90000555,workstation,0.76882555
intermediate_capacity,simulation_rapid_isolation_success,high,90000435,workstation,0.77215891
intermediate_capacity,simulation_rapid_isolation_success,high,90000595,workstation,0.77437971
intermediate_capacity,simulation_rapid_isolation_success,high,90000645,workstation,0.77854738
intermediate_capacity,simulation_rapid_isolation_success,high,90000415,workstation,0.77892199
intermediate_capacity,simulation_rapid_isolation_success,high,90000750,workstation,0.78481706
intermediate_capacity,simulation_rapid_isolation_success,high,90000635,workstation,0.79075544
intermediate_capacity,simulation_rapid_isolation_success,high,90000625,workstation,0.79390808
intermediate_capacity,simulation_rapid_isolation_success,high,90000620,workstation,0.79640865
intermediate_capacity,simulation_rapid_isolation_success,high,90000560,workstation,0.81824547
intermediate_capacity,simulation_rapid_isolation_success,high,90000420,workstation,0.81844377
intermediate_capacity,simulation_rapid_isolation_success,high,90000745,workstation,0.82845806
intermediate_capacity,simulation_rapid_isolation_success,high,90000770,workstation,0.83219882
intermediate_capacity,simulation_rapid_isolation_success,high,90000765,workstation,0.84292204
intermediate_capacity,simulation_rapid_isolation_success,high,90000690,workstation,0.84818154
intermediate_capacity,simulation_rapid_isolation_success,high,90000610,workstation,0.84943047
intermediate_capacity,simulation_restore_rate_fraction,low,90000766,internet_facing,0.00220446
intermediate_capacity,simulation_restore_rate_fraction,low,90000411,internet_facing,0.00229958
intermediate_capacity,simulation_restore_rate_fraction,low,90000451,internet_facing,0.00242564
intermediate_capacity,simulation_restore_rate_fraction,low,90000526,internet_facing,0.00263309
intermediate_capacity,simulation_restore_rate_fraction,low,90000686,internet_facing,0.00280161
intermediate_capacity,simulation_restore_rate_fraction,low,90000556,internet_facing,0.00295452
intermediate_capacity,simulation_restore_rate_fraction,low,90000656,internet_facing,0.00336253
intermediate_capacity,simulation_restore_rate_fraction,low,90000736,internet_facing,0.00337817
intermediate_capacity,simulation_restore_rate_fraction,low,90000726,internet_facing,0.00400406
intermediate_capacity,simulation_restore_rate_fraction,low,90000446,internet_facing,0.0041412
intermediate_capacity,simulation_restore_rate_fraction,low,90000741,internet_facing,0.00418393
intermediate_capacity,simulation_restore_rate_fraction,low,90000676,internet_facing,0.00422584
intermediate_capacity,simulation_restore_rate_fraction,low,90000571,internet_facing,0.00428447
intermediate_capacity,simulation_restore_rate_fraction,low,90000516,internet_facing,0.00481686
intermediate_capacity,simulation_restore_rate_fraction,low,90000701,internet_facing,0.00514285
intermediate_capacity,simulation_restore_rate_fraction,low,90000546,internet_facing,0.00520166
intermediate_capacity,simulation_restore_rate_fraction,low,90000716,internet_facing,0.00524054
intermediate_capacity,simulation_restore_rate_fraction,low,90000646,internet_facing,0.00533351
intermediate_capacity,simulation_restore_rate_fraction,low,90000771,internet_facing,0.00557344
intermediate_capacity,simulation_restore_rate_fraction,low,90000681,internet_facing,0.00573948
intermediate_capacity,simulation_restore_rate_fraction,low,90000696,internet_facing,0.00578166
intermediate_capacity,simulation_restore_rate_fraction,low,90000496,internet_facing,0.00582132
intermediate_capacity,simulation_restore_rate_fraction,low,90000421,internet_facing,0.00593642
intermediate_capacity,simulation_restore_rate_fraction,low,90000436,internet_facing,0.00601143
intermediate_capacity,simulation_restore_rate_fraction,low,90000561,internet_facing,0.00609372
intermediate_capacity,simulation_restore_rate_fraction,low,90000401,internet_facing,0.00610395
intermediate_capacity,simulation_restore_rate_fraction,low,90000718,medical_device,0.00210259
intermediate_capacity,simulation_restore_rate_fraction,low,90000583,medical_device,0.00227087
intermediate_capacity,simulation_restore_rate_fraction,low,90000538,medical_device,0.00234138
intermediate_capacity,simulation_restore_rate_fraction,low,90000678,medical_device,0.00239031
intermediate_capacity,simulation_restore_rate_fraction,low,90000673,medical_device,0.00239116
intermediate_capacity,simulation_restore_rate_fraction,low,90000403,medical_device,0.00253053
intermediate_capacity,simulation_restore_rate_fraction,low,90000723,medical_device,0.00263595
intermediate_capacity,simulation_restore_rate_fraction,low,90000788,medical_device,0.002879
intermediate_capacity,simulation_restore_rate_fraction,low,90000553,medical_device,0.00294308
intermediate_capacity,simulation_restore_rate_fraction,low,90000798,medical_device,0.00317695
intermediate_capacity,simulation_restore_rate_fraction,low,90000613,medical_device,0.00317775
intermediate_capacity,simulation_restore_rate_fraction,low,90000668,medical_device,0.00335905
intermediate_capacity,simulation_restore_rate_fraction,low,90000458,medical_device,0.00337615
intermediate_capacity,simulation_restore_rate_fraction,low,90000433,medical_device,0.00341706
intermediate_capacity,simulation_restore_rate_fraction,low,90000423,medical_device,0.00348009
intermediate_capacity,simulation_restore_rate_fraction,low,90000548,medical_device,0.00382007
intermediate_capacity,simulation_restore_rate_fraction,low,90000573,medical_device,0.00412059
intermediate_capacity,simulation_restore_rate_fraction,low,90000443,medical_device,0.00426798
intermediate_capacity,simulation_restore_rate_fraction,low,90000528,medical_device,0.00456346
intermediate_capacity,simulation_restore_rate_fraction,low,90000508,medical_device,0.00458617
intermediate_capacity,simulation_restore_rate_fraction,low,90000558,medical_device,0.00461065
intermediate_capacity,simulation_restore_rate_fraction,low,90000693,medical_device,0.00480197
intermediate_capacity,simulation_restore_rate_fraction,low,90000408,medical_device,0.00512508
intermediate_capacity,simulation_restore_rate_fraction,low,90000793,medical_device,0.0052435
intermediate_capacity,simulation_restore_rate_fraction,low,90000578,medical_device,0.00559478
intermediate_capacity,simulation_restore_rate_fraction,low,90000518,medical_device,0.00570386
intermediate_capacity,simulation_restore_rate_fraction,low,90000427,privileged_system,0.00224968
intermediate_capacity,simulation_restore_rate_fraction,low,90000442,privileged_system,0.00254491
intermediate_capacity,simulation_restore_rate_fraction,low,90000612,privileged_system,0.00278687
intermediate_capacity,simulation_restore_rate_fraction,low,90000462,privileged_system,0.00282892
intermediate_capacity,simulation_restore_rate_fraction,low,90000512,privileged_system,0.0028546
intermediate_capacity,simulation_restore_rate_fraction,low,90000782,privileged_system,0.00318342
intermediate_capacity,simulation_restore_rate_fraction,low,90000487,privileged_system,0.00320467
intermediate_capacity,simulation_restore_rate_fraction,low,90000532,privileged_system,0.00408144
intermediate_capacity,simulation_restore_rate_fraction,low,90000722,privileged_system,0.00424145
intermediate_capacity,simulation_restore_rate_fraction,low,90000697,privileged_system,0.00429271
intermediate_capacity,simulation_restore_rate_fraction,low,90000727,privileged_system,0.00437498
intermediate_capacity,simulation_restore_rate_fraction,low,90000562,privileged_system,0.00459352
intermediate_capacity,simulation_restore_rate_fraction,low,90000792,privileged_system,0.00471523
intermediate_capacity,simulation_restore_rate_fraction,low,90000692,privileged_system,0.00474947
intermediate_capacity,simulation_restore_rate_fraction,low,90000467,privileged_system,0.00480579
intermediate_capacity,simulation_restore_rate_fraction,low,90000637,privileged_system,0.00503221
intermediate_capacity,simulation_restore_rate_fraction,low,90000662,privileged_system,0.0051449
intermediate_capacity,simulation_restore_rate_fraction,low,90000702,privileged_system,0.00540732
intermediate_capacity,simulation_restore_rate_fraction,low,90000557,privileged_system,0.00548259
intermediate_capacity,simulation_restore_rate_fraction,low,90000507,privileged_system,0.00556291
intermediate_capacity,simulation_restore_rate_fraction,low,90000472,privileged_system,0.00557306
intermediate_capacity,simulation_restore_rate_fraction,low,90000417,privileged_system,0.00563924
intermediate_capacity,simulation_restore_rate_fraction,low,90000657,privileged_system,0.00570618
intermediate_capacity,simulation_restore_rate_fraction,low,90000762,privileged_system,0.00575823
intermediate_capacity,simulation_restore_rate_fraction,low,90000667,privileged_system,0.00606072
intermediate_capacity,simulation_restore_rate_fraction,low,90000432,privileged_system,0.00660593
intermediate_capacity,simulation_restore_rate_fraction,low,90000554,vendor_connection,0.00227216
intermediate_capacity,simulation_restore_rate_fraction,low,90000459,vendor_connection,0.00234039
intermediate_capacity,simulation_restore_rate_fraction,low,90000504,vendor_connection,0.00257161
intermediate_capacity,simulation_restore_rate_fraction,low,90000409,vendor_connection,0.00298708
intermediate_capacity,simulation_restore_rate_fraction,low,90000609,vendor_connection,0.00361026
intermediate_capacity,simulation_restore_rate_fraction,low,90000704,vendor_connection,0.00404682
intermediate_capacity,simulation_restore_rate_fraction,low,90000564,vendor_connection,0.00415244
intermediate_capacity,simulation_restore_rate_fraction,low,90000784,vendor_connection,0.00427783
intermediate_capacity,simulation_restore_rate_fraction,low,90000664,vendor_connection,0.00433547
intermediate_capacity,simulation_restore_rate_fraction,low,90000614,vendor_connection,0.00446492
intermediate_capacity,simulation_restore_rate_fraction,low,90000749,vendor_connection,0.00459809
intermediate_capacity,simulation_restore_rate_fraction,low,90000474,vendor_connection,0.00473545
intermediate_capacity,simulation_restore_rate_fraction,low,90000559,vendor_connection,0.00478273
intermediate_capacity,simulation_restore_rate_fraction,low,90000644,vendor_connection,0.0049056
intermediate_capacity,simulation_restore_rate_fraction,low,90000779,vendor_connection,0.00503945
intermediate_capacity,simulation_restore_rate_fraction,low,90000419,vendor_connection,0.00513724
intermediate_capacity,simulation_restore_rate_fraction,low,90000529,vendor_connection,0.00515679
intermediate_capacity,simulation_restore_rate_fraction,low,90000484,vendor_connection,0.00538577
intermediate_capacity,simulation_restore_rate_fraction,low,90000489,vendor_connection,0.00559518
intermediate_capacity,simulation_restore_rate_fraction,low,90000629,vendor_connection,0.00601613
intermediate_capacity,simulation_restore_rate_fraction,low,90000549,vendor_connection,0.00622359
intermediate_capacity,simulation_restore_rate_fraction,low,90000654,vendor_connection,0.00622517
intermediate_capacity,simulation_restore_rate_fraction,low,90000534,vendor_connection,0.00632219
intermediate_capacity,simulation_restore_rate_fraction,low,90000469,vendor_connection,0.00658389
intermediate_capacity,simulation_restore_rate_fraction,low,90000599,vendor_connection,0.00668628
intermediate_capacity,simulation_restore_rate_fraction,low,90000444,vendor_connection,0.00689643
intermediate_capacity,simulation_restore_rate_fraction,low,90000795,workstation,0.00223348
intermediate_capacity,simulation_restore_rate_fraction,low,90000570,workstation,0.00228465
intermediate_capacity,simulation_restore_rate_fraction,low,90000455,workstation,0.00248566
intermediate_capacity,simulation_restore_rate_fraction,low,90000760,workstation,0.00255241
intermediate_capacity,simulation_restore_rate_fraction,low,90000645,workstation,0.00256831
intermediate_capacity,simulation_restore_rate_fraction,low,90000555,workstation,0.0028673
intermediate_capacity,simulation_restore_rate_fraction,low,90000500,workstation,0.0028888
intermediate_capacity,simulation_restore_rate_fraction,low,90000490,workstation,0.00294818
intermediate_capacity,simulation_restore_rate_fraction,low,90000470,workstation,0.00306152
intermediate_capacity,simulation_restore_rate_fraction,low,90000740,workstation,0.003143
intermediate_capacity,simulation_restore_rate_fraction,low,90000435,workstation,0.00350466
intermediate_capacity,simulation_restore_rate_fraction,low,90000625,workstation,0.00360903
intermediate_capacity,simulation_restore_rate_fraction,low,90000630,workstation,0.00381988
intermediate_capacity,simulation_restore_rate_fraction,low,90000405,workstation,0.00383582
intermediate_capacity,simulation_restore_rate_fraction,low,90000670,workstation,0.00383747
intermediate_capacity,simulation_restore_rate_fraction,low,90000575,workstation,0.00388115
intermediate_capacity,simulation_restore_rate_fraction,low,90000615,workstation,0.00424648
intermediate_capacity,simulation_restore_rate_fraction,low,90000475,workstation,0.00448909
intermediate_capacity,simulation_restore_rate_fraction,low,90000660,workstation,0.00472925
intermediate_capacity,simulation_restore_rate_fraction,low,90000605,workstation,0.0054387
intermediate_capacity,simulation_restore_rate_fraction,low,90000590,workstation,0.00561662
intermediate_capacity,simulation_restore_rate_fraction,low,90000545,workstation,0.00565473
intermediate_capacity,simulation_restore_rate_fraction,low,90000725,workstation,0.00595697
intermediate_capacity,simulation_restore_rate_fraction,low,90000715,workstation,0.00596428
intermediate_capacity,simulation_restore_rate_fraction,low,90000705,workstation,0.00607686
intermediate_capacity,simulation_restore_rate_fraction,low,90000485,workstation,0.00633688
intermediate_capacity,simulation_restore_rate_fraction,high,90000456,internet_facing,0.01085091
intermediate_capacity,simulation_restore_rate_fraction,high,90000506,internet_facing,0.01096142
intermediate_capacity,simulation_restore_rate_fraction,high,90000671,internet_facing,0.01106562
intermediate_capacity,simulation_restore_rate_fraction,high,90000666,internet_facing,0.01114542
intermediate_capacity,simulation_restore_rate_fraction,high,90000786,internet_facing,0.01143923
intermediate_capacity,simulation_restore_rate_fraction,high,90000441,internet_facing,0.0115573
intermediate_capacity,simulation_restore_rate_fraction,high,90000606,internet_facing,0.01168185
intermediate_capacity,simulation_restore_rate_fraction,high,90000706,internet_facing,0.01199604
intermediate_capacity,simulation_restore_rate_fraction,high,90000636,internet_facing,0.01227101
intermediate_capacity,simulation_restore_rate_fraction,high,90000581,internet_facing,0.012435
intermediate_capacity,simulation_restore_rate_fraction,high,90000756,internet_facing,0.0124652
intermediate_capacity,simulation_restore_rate_fraction,high,90000536,internet_facing,0.01261407
intermediate_capacity,simulation_restore_rate_fraction,high,90000416,internet_facing,0.01267172
intermediate_capacity,simulation_restore_rate_fraction,high,90000631,internet_facing,0.01282197
intermediate_capacity,simulation_restore_rate_fraction,high,90000601,internet_facing,0.01309167
intermediate_capacity,simulation_restore_rate_fraction,high,90000476,internet_facing,0.01321038
intermediate_capacity,simulation_restore_rate_fraction,high,90000641,internet_facing,0.01351634
intermediate_capacity,simulation_restore_rate_fraction,high,90000651,internet_facing,0.01358428
intermediate_capacity,simulation_restore_rate_fraction,high,90000611,internet_facing,0.01359276
intermediate_capacity,simulation_restore_rate_fraction,high,90000796,internet_facing,0.01412209
intermediate_capacity,simulation_restore_rate_fraction,high,90000661,internet_facing,0.01413547
intermediate_capacity,simulation_restore_rate_fraction,high,90000576,internet_facing,0.0141803
intermediate_capacity,simulation_restore_rate_fraction,high,90000501,internet_facing,0.01446662
intermediate_capacity,simulation_restore_rate_fraction,high,90000566,internet_facing,0.01448532
intermediate_capacity,simulation_restore_rate_fraction,high,90000691,internet_facing,0.01483456
intermediate_capacity,simulation_restore_rate_fraction,high,90000461,internet_facing,0.01499093
intermediate_capacity,simulation_restore_rate_fraction,high,90000523,medical_device,0.01031882
intermediate_capacity,simulation_restore_rate_fraction,high,90000618,medical_device,0.01044811
intermediate_capacity,simulation_restore_rate_fraction,high,90000643,medical_device,0.01045838
intermediate_capacity,simulation_restore_rate_fraction,high,90000483,medical_device,0.01052436
intermediate_capacity,simulation_restore_rate_fraction,high,90000628,medical_device,0.01074273
intermediate_capacity,simulation_restore_rate_fraction,high,90000413,medical_device,0.01122805
intermediate_capacity,simulation_restore_rate_fraction,high,90000478,medical_device,0.01142052
intermediate_capacity,simulation_restore_rate_fraction,high,90000493,medical_device,0.01146067
intermediate_capacity,simulation_restore_rate_fraction,high,90000418,medical_device,0.01163252
intermediate_capacity,simulation_restore_rate_fraction,high,90000698,medical_device,0.0118023
intermediate_capacity,simulation_restore_rate_fraction,high,90000568,medical_device,0.01198992
intermediate_capacity,simulation_restore_rate_fraction,high,90000633,medical_device,0.01200503
intermediate_capacity,simulation_restore_rate_fraction,high,90000603,medical_device,0.01216601
intermediate_capacity,simulation_restore_rate_fraction,high,90000623,medical_device,0.01224427
intermediate_capacity,simulation_restore_rate_fraction,high,90000728,medical_device,0.0122989
intermediate_capacity,simulation_restore_rate_fraction,high,90000428,medical_device,0.01235609
intermediate_capacity,simulation_restore_rate_fraction,high,90000748,medical_device,0.01245159
intermediate_capacity,simulation_restore_rate_fraction,high,90000753,medical_device,0.01275866
intermediate_capacity,simulation_restore_rate_fraction,high,90000758,medical_device,0.01292326
intermediate_capacity,simulation_restore_rate_fraction,high,90000663,medical_device,0.01308079
intermediate_capacity,simulation_restore_rate_fraction,high,90000688,medical_device,0.01334988
intermediate_capacity,simulation_restore_rate_fraction,high,90000503,medical_device,0.01347908
intermediate_capacity,simulation_restore_rate_fraction,high,90000453,medical_device,0.0138149
intermediate_capacity,simulation_restore_rate_fraction,high,90000533,medical_device,0.01409315
intermediate_capacity,simulation_restore_rate_fraction,high,90000468,medical_device,0.01421029
intermediate_capacity,simulation_restore_rate_fraction,high,90000463,medical_device,0.01478833
intermediate_capacity,simulation_restore_rate_fraction,high,90000412,privileged_system,0.01121692
intermediate_capacity,simulation_restore_rate_fraction,high,90000477,privileged_system,0.0116178
intermediate_capacity,simulation_restore_rate_fraction,high,90000632,privileged_system,0.0116183
intermediate_capacity,simulation_restore_rate_fraction,high,90000767,privileged_system,0.01166201
intermediate_capacity,simulation_restore_rate_fraction,high,90000437,privileged_system,0.01183785
intermediate_capacity,simulation_restore_rate_fraction,high,90000737,privileged_system,0.01192127
intermediate_capacity,simulation_restore_rate_fraction,high,90000447,privileged_system,0.01228184
intermediate_capacity,simulation_restore_rate_fraction,high,90000402,privileged_system,0.01229066
intermediate_capacity,simulation_restore_rate_fraction,high,90000422,privileged_system,0.01278735
intermediate_capacity,simulation_restore_rate_fraction,high,90000582,privileged_system,0.01284565
intermediate_capacity,simulation_restore_rate_fraction,high,90000552,privileged_system,0.01287334
intermediate_capacity,simulation_restore_rate_fraction,high,90000547,privileged_system,0.01291919
intermediate_capacity,simulation_restore_rate_fraction,high,90000752,privileged_system,0.01307568
intermediate_capacity,simulation_restore_rate_fraction,high,90000542,privileged_system,0.01313251
intermediate_capacity,simulation_restore_rate_fraction,high,90000747,privileged_system,0.01333628
intermediate_capacity,simulation_restore_rate_fraction,high,90000522,privileged_system,0.01385013
intermediate_capacity,simulation_restore_rate_fraction,high,90000687,privileged_system,0.01415698
intermediate_capacity,simulation_restore_rate_fraction,high,90000517,privileged_system,0.01429354
intermediate_capacity,simulation_restore_rate_fraction,high,90000592,privileged_system,0.01432337
intermediate_capacity,simulation_restore_rate_fraction,high,90000572,privileged_system,0.01436738
intermediate_capacity,simulation_restore_rate_fraction,high,90000607,privileged_system,0.0144672
intermediate_capacity,simulation_restore_rate_fraction,high,90000502,privileged_system,0.01455986
intermediate_capacity,simulation_restore_rate_fraction,high,90000577,privileged_system,0.01458326
intermediate_capacity,simulation_restore_rate_fraction,high,90000732,privileged_system,0.01465989
intermediate_capacity,simulation_restore_rate_fraction,high,90000602,privileged_system,0.01473022
intermediate_capacity,simulation_restore_rate_fraction,high,90000772,privileged_system,0.01475472
intermediate_capacity,simulation_restore_rate_fraction,high,90000424,vendor_connection,0.01082433
intermediate_capacity,simulation_restore_rate_fraction,high,90000754,vendor_connection,0.01099075
intermediate_capacity,simulation_restore_rate_fraction,high,90000524,vendor_connection,0.01121094
intermediate_capacity,simulation_restore_rate_fraction,high,90000674,vendor_connection,0.0112572
intermediate_capacity,simulation_restore_rate_fraction,high,90000404,vendor_connection,0.0113758
intermediate_capacity,simulation_restore_rate_fraction,high,90000734,vendor_connection,0.01147043
intermediate_capacity,simulation_restore_rate_fraction,high,90000479,vendor_connection,0.01150019
intermediate_capacity,simulation_restore_rate_fraction,high,90000724,vendor_connection,0.0116338
intermediate_capacity,simulation_restore_rate_fraction,high,90000679,vendor_connection,0.01176373
intermediate_capacity,simulation_restore_rate_fraction,high,90000689,vendor_connection,0.01179922
intermediate_capacity,simulation_restore_rate_fraction,high,90000494,vendor_connection,0.01234247
intermediate_capacity,simulation_restore_rate_fraction,high,90000744,vendor_connection,0.0123541
intermediate_capacity,simulation_restore_rate_fraction,high,90000759,vendor_connection,0.0127552
intermediate_capacity,simulation_restore_rate_fraction,high,90000649,vendor_connection,0.01288304
intermediate_capacity,simulation_restore_rate_fraction,high,90000714,vendor_connection,0.01297133
intermediate_capacity,simulation_restore_rate_fraction,high,90000539,vendor_connection,0.01298365
intermediate_capacity,simulation_restore_rate_fraction,high,90000449,vendor_connection,0.01302131
intermediate_capacity,simulation_restore_rate_fraction,high,90000774,vendor_connection,0.01306277
intermediate_capacity,simulation_restore_rate_fraction,high,90000589,vendor_connection,0.01314732
intermediate_capacity,simulation_restore_rate_fraction,high,90000619,vendor_connection,0.01321149
intermediate_capacity,simulation_restore_rate_fraction,high,90000604,vendor_connection,0.01356164
intermediate_capacity,simulation_restore_rate_fraction,high,90000739,vendor_connection,0.01368347
intermediate_capacity,simulation_restore_rate_fraction,high,90000719,vendor_connection,0.01373252
intermediate_capacity,simulation_restore_rate_fraction,high,90000519,vendor_connection,0.01398181
intermediate_capacity,simulation_restore_rate_fraction,high,90000574,vendor_connection,0.01425787
intermediate_capacity,simulation_restore_rate_fraction,high,90000769,vendor_connection,0.01483433
intermediate_capacity,simulation_restore_rate_fraction,high,90000710,workstation,0.01077541
intermediate_capacity,simulation_restore_rate_fraction,high,90000510,workstation,0.01083368
intermediate_capacity,simulation_restore_rate_fraction,high,90000460,workstation,0.01096834
intermediate_capacity,simulation_restore_rate_fraction,high,90000675,workstation,0.0114704
intermediate_capacity,simulation_restore_rate_fraction,high,90000635,workstation,0.01176955
intermediate_capacity,simulation_restore_rate_fraction,high,90000665,workstation,0.01177897
intermediate_capacity,simulation_restore_rate_fraction,high,90000465,workstation,0.01181985
intermediate_capacity,simulation_restore_rate_fraction,high,90000410,workstation,0.01187472
intermediate_capacity,simulation_restore_rate_fraction,high,90000440,workstation,0.01223137
intermediate_capacity,simulation_restore_rate_fraction,high,90000430,workstation,0.01233693
intermediate_capacity,simulation_restore_rate_fraction,high,90000770,workstation,0.0123719
intermediate_capacity,simulation_restore_rate_fraction,high,90000650,workstation,0.01256899
intermediate_capacity,simulation_restore_rate_fraction,high,90000525,workstation,0.01299224
intermediate_capacity,simulation_restore_rate_fraction,high,90000765,workstation,0.0134428
intermediate_capacity,simulation_restore_rate_fraction,high,90000495,workstation,0.01348641
intermediate_capacity,simulation_restore_rate_fraction,high,90000450,workstation,0.01357297
intermediate_capacity,simulation_restore_rate_fraction,high,90000540,workstation,0.01375022
intermediate_capacity,simulation_restore_rate_fraction,high,90000580,workstation,0.01376575
intermediate_capacity,simulation_restore_rate_fraction,high,90000730,workstation,0.01414589
intermediate_capacity,simulation_restore_rate_fraction,high,90000720,workstation,0.01422598
intermediate_capacity,simulation_restore_rate_fraction,high,90000790,workstation,0.01426648
intermediate_capacity,simulation_restore_rate_fraction,high,90000640,workstation,0.01432816
intermediate_capacity,simulation_restore_rate_fraction,high,90000680,workstation,0.01467205
intermediate_capacity,simulation_restore_rate_fraction,high,90000550,workstation,0.01471514
intermediate_capacity,simulation_restore_rate_fraction,high,90000600,workstation,0.01491133
intermediate_capacity,simulation_restore_rate_fraction,high,90000445,workstation,0.01499733
high_capacity,network_backup_isolation_lapse,low,90001161,internet_facing,0.02329517
high_capacity,network_backup_isolation_lapse,low,90000936,internet_facing,0.02396575
high_capacity,network_backup_isolation_lapse,low,90001146,internet_facing,0.02405998
high_capacity,network_backup_isolation_lapse,low,90001031,internet_facing,0.03048073
high_capacity,network_backup_isolation_lapse,low,90001061,internet_facing,0.03603926
high_capacity,network_backup_isolation_lapse,low,90000976,internet_facing,0.0372739
high_capacity,network_backup_isolation_lapse,low,90000921,internet_facing,0.0407699
high_capacity,network_backup_isolation_lapse,low,90001091,internet_facing,0.04325821
high_capacity,network_backup_isolation_lapse,low,90000871,internet_facing,0.04339632
high_capacity,network_backup_isolation_lapse,low,90001021,internet_facing,0.04623997
high_capacity,network_backup_isolation_lapse,low,90000996,internet_facing,0.04937898
high_capacity,network_backup_isolation_lapse,low,90000951,internet_facing,0.05233673
high_capacity,network_backup_isolation_lapse,low,90001131,internet_facing,0.05773393
high_capacity,network_backup_isolation_lapse,low,90000931,internet_facing,0.06003865
high_capacity,network_backup_isolation_lapse,low,90000966,internet_facing,0.06476614
high_capacity,network_backup_isolation_lapse,low,90001016,internet_facing,0.06508863
high_capacity,network_backup_isolation_lapse,low,90000816,internet_facing,0.06553949
high_capacity,network_backup_isolation_lapse,low,90000886,internet_facing,0.06717107
high_capacity,network_backup_isolation_lapse,low,90001106,internet_facing,0.07643632
high_capacity,network_backup_isolation_lapse,low,90000896,internet_facing,0.07902987
high_capacity,network_backup_isolation_lapse,low,90000891,internet_facing,0.08102514
high_capacity,network_backup_isolation_lapse,low,90001156,internet_facing,0.08567353
high_capacity,network_backup_isolation_lapse,low,90001166,internet_facing,0.0884796
high_capacity,network_backup_isolation_lapse,low,90000941,internet_facing,0.09442418
high_capacity,network_backup_isolation_lapse,low,90000916,internet_facing,0.09689616
high_capacity,network_backup_isolation_lapse,low,90001191,internet_facing,0.10083841
high_capacity,network_backup_isolation_lapse,low,90000988,medical_device,0.021455
high_capacity,network_backup_isolation_lapse,low,90001128,medical_device,0.02165726
high_capacity,network_backup_isolation_lapse,low,90001048,medical_device,0.02875172
high_capacity,network_backup_isolation_lapse,low,90001098,medical_device,0.02958127
high_capacity,network_backup_isolation_lapse,low,90001033,medical_device,0.03121061
high_capacity,network_backup_isolation_lapse,low,90000973,medical_device,0.03276168
high_capacity,network_backup_isolation_lapse,low,90001063,medical_device,0.03386472
high_capacity,network_backup_isolation_lapse,low,90001163,medical_device,0.03934451
high_capacity,network_backup_isolation_lapse,low,90000903,medical_device,0.03952629
high_capacity,network_backup_isolation_lapse,low,90001073,medical_device,0.03972474
high_capacity,network_backup_isolation_lapse,low,90001003,medical_device,0.04006536
high_capacity,network_backup_isolation_lapse,low,90000868,medical_device,0.04174889
high_capacity,network_backup_isolation_lapse,low,90000858,medical_device,0.04308136
high_capacity,network_backup_isolation_lapse,low,90000948,medical_device,0.0476958
high_capacity,network_backup_isolation_lapse,low,90001038,medical_device,0.04835139
high_capacity,network_backup_isolation_lapse,low,90001138,medical_device,0.04893218
high_capacity,network_backup_isolation_lapse,low,90000813,medical_device,0.05266152
high_capacity,network_backup_isolation_lapse,low,90001173,medical_device,0.05544682
high_capacity,network_backup_isolation_lapse,low,90000978,medical_device,0.05782199
high_capacity,network_backup_isolation_lapse,low,90000958,medical_device,0.05892097
high_capacity,network_backup_isolation_lapse,low,90001198,medical_device,0.06498153
high_capacity,network_backup_isolation_lapse,low,90000883,medical_device,0.06645005
high_capacity,network_backup_isolation_lapse,low,90001158,medical_device,0.06700603
high_capacity,network_backup_isolation_lapse,low,90000953,medical_device,0.07922344
high_capacity,network_backup_isolation_lapse,low,90001083,medical_device,0.08448126
high_capacity,network_backup_isolation_lapse,low,90001153,medical_device,0.089179
high_capacity,network_backup_isolation_lapse,low,90000912,privileged_system,0.02582653
high_capacity,network_backup_isolation_lapse,low,90000927,privileged_system,0.02692243
high_capacity,network_backup_isolation_lapse,low,90001157,privileged_system,0.0302205
high_capacity,network_backup_isolation_lapse,low,90000832,privileged_system,0.03206136
high_capacity,network_backup_isolation_lapse,low,90000952,privileged_system,0.03535916
high_capacity,network_backup_isolation_lapse,low,90001022,privileged_system,0.03634195
high_capacity,network_backup_isolation_lapse,low,90000872,privileged_system,0.04074478
high_capacity,network_backup_isolation_lapse,low,90000837,privileged_system,0.04782949
high_capacity,network_backup_isolation_lapse,low,90001077,privileged_system,0.05218048
high_capacity,network_backup_isolation_lapse,low,90001017,privileged_system,0.0553791
high_capacity,network_backup_isolation_lapse,low,90001182,privileged_system,0.05631425
high_capacity,network_backup_isolation_lapse,low,90001082,privileged_system,0.06534738
high_capacity,network_backup_isolation_lapse,low,90001037,privileged_system,0.06913898
high_capacity,network_backup_isolation_lapse,low,90001032,privileged_system,0.07198856
high_capacity,network_backup_isolation_lapse,low,90000947,privileged_system,0.07229158
high_capacity,network_backup_isolation_lapse,low,90001072,privileged_system,0.08138147
high_capacity,network_backup_isolation_lapse,low,90001047,privileged_system,0.08304526
high_capacity,network_backup_isolation_lapse,low,90000867,privileged_system,0.08320913
high_capacity,network_backup_isolation_lapse,low,90001097,privileged_system,0.08793853
high_capacity,network_backup_isolation_lapse,low,90000812,privileged_system,0.09104193
high_capacity,network_backup_isolation_lapse,low,90001062,privileged_system,0.09163579
high_capacity,network_backup_isolation_lapse,low,90000842,privileged_system,0.10380927
high_capacity,network_backup_isolation_lapse,low,90000982,privileged_system,0.10964967
high_capacity,network_backup_isolation_lapse,low,90001122,privileged_system,0.11046714
high_capacity,network_backup_isolation_lapse,low,90001192,privileged_system,0.11156813
high_capacity,network_backup_isolation_lapse,low,90001087,privileged_system,0.11562717
high_capacity,network_backup_isolation_lapse,low,90000864,vendor_connection,0.02356175
high_capacity,network_backup_isolation_lapse,low,90000889,vendor_connection,0.03993468
high_capacity,network_backup_isolation_lapse,low,90001009,vendor_connection,0.04562356
high_capacity,network_backup_isolation_lapse,low,90001109,vendor_connection,0.04761611
high_capacity,network_backup_isolation_lapse,low,90000969,vendor_connection,0.05146887
high_capacity,network_backup_isolation_lapse,low,90001174,vendor_connection,0.06092402
high_capacity,network_backup_isolation_lapse,low,90001089,vendor_connection,0.06280526
high_capacity,network_backup_isolation_lapse,low,90001129,vendor_connection,0.06328835
high_capacity,network_backup_isolation_lapse,low,90000939,vendor_connection,0.06601294
high_capacity,network_backup_isolation_lapse,low,90001154,vendor_connection,0.06969515
high_capacity,network_backup_isolation_lapse,low,90001024,vendor_connection,0.07367667
high_capacity,network_backup_isolation_lapse,low,90001059,vendor_connection,0.07399807
high_capacity,network_backup_isolation_lapse,low,90000844,vendor_connection,0.08141086
high_capacity,network_backup_isolation_lapse,low,90001094,vendor_connection,0.08593759
high_capacity,network_backup_isolation_lapse,low,90000834,vendor_connection,0.09641532
high_capacity,network_backup_isolation_lapse,low,90000924,vendor_connection,0.09708903
high_capacity,network_backup_isolation_lapse,low,90001029,vendor_connection,0.09983783
high_capacity,network_backup_isolation_lapse,low,90001084,vendor_connection,0.10078106
high_capacity,network_backup_isolation_lapse,low,90001124,vendor_connection,0.10366744
high_capacity,network_backup_isolation_lapse,low,90000869,vendor_connection,0.10425181
high_capacity,network_backup_isolation_lapse,low,90001119,vendor_connection,0.10608697
high_capacity,network_backup_isolation_lapse,low,90000934,vendor_connection,0.10750883
high_capacity,network_backup_isolation_lapse,low,90001169,vendor_connection,0.11077931
high_capacity,network_backup_isolation_lapse,low,90001069,vendor_connection,0.11275923
high_capacity,network_backup_isolation_lapse,low,90000819,vendor_connection,0.11430449
high_capacity,network_backup_isolation_lapse,low,90001149,vendor_connection,0.11506467
high_capacity,network_backup_isolation_lapse,low,90000890,workstation,0.02235205
high_capacity,network_backup_isolation_lapse,low,90001015,workstation,0.02652742
high_capacity,network_backup_isolation_lapse,low,90000990,workstation,0.02673797
high_capacity,network_backup_isolation_lapse,low,90001045,workstation,0.02759384
high_capacity,network_backup_isolation_lapse,low,90001085,workstation,0.03237263
high_capacity,network_backup_isolation_lapse,low,90001155,workstation,0.03277635
high_capacity,network_backup_isolation_lapse,low,90001040,workstation,0.03448113
high_capacity,network_backup_isolation_lapse,low,90001095,workstation,0.03638547
high_capacity,network_backup_isolation_lapse,low,90000820,workstation,0.04006469
high_capacity,network_backup_isolation_lapse,low,90000815,workstation,0.04558521
high_capacity,network_backup_isolation_lapse,low,90001125,workstation,0.05511171
high_capacity,network_backup_isolation_lapse,low,90001130,workstation,0.05881144
high_capacity,network_backup_isolation_lapse,low,90000980,workstation,0.06229188
high_capacity,network_backup_isolation_lapse,low,90000860,workstation,0.06488301
high_capacity,network_backup_isolation_lapse,low,90000865,workstation,0.06769131
high_capacity,network_backup_isolation_lapse,low,90001185,workstation,0.06788403
high_capacity,network_backup_isolation_lapse,low,90001000,workstation,0.06791238
high_capacity,network_backup_isolation_lapse,low,90001065,workstation,0.07445676
high_capacity,network_backup_isolation_lapse,low,90000940,workstation,0.07773132
high_capacity,network_backup_isolation_lapse,low,90000985,workstation,0.08322076
high_capacity,network_backup_isolation_lapse,low,90000945,workstation,0.08333032
high_capacity,network_backup_isolation_lapse,low,90001195,workstation,0.08369267
high_capacity,network_backup_isolation_lapse,low,90000955,workstation,0.08385499
high_capacity,network_backup_isolation_lapse,low,90001035,workstation,0.08392063
high_capacity,network_backup_isolation_lapse,low,90000965,workstation,0.08487335
high_capacity,network_backup_isolation_lapse,low,90000850,workstation,0.08571631
high_capacity,network_backup_isolation_lapse,high,90001181,internet_facing,0.17789864
high_capacity,network_backup_isolation_lapse,high,90001111,internet_facing,0.17938089
high_capacity,network_backup_isolation_lapse,high,90000971,internet_facing,0.18125279
high_capacity,network_backup_isolation_lapse,high,90001126,internet_facing,0.1893108
high_capacity,network_backup_isolation_lapse,high,90000826,internet_facing,0.19440523
high_capacity,network_backup_isolation_lapse,high,90000811,internet_facing,0.1963405
high_capacity,network_backup_isolation_lapse,high,90000901,internet_facing,0.19664562
high_capacity,network_backup_isolation_lapse,high,90000841,internet_facing,0.20585941
high_capacity,network_backup_isolation_lapse,high,90001176,internet_facing,0.20792364
high_capacity,network_backup_isolation_lapse,high,90001096,internet_facing,0.21011255
high_capacity,network_backup_isolation_lapse,high,90000981,internet_facing,0.21344586
high_capacity,network_backup_isolation_lapse,high,90001141,internet_facing,0.21555316
high_capacity,network_backup_isolation_lapse,high,90000986,internet_facing,0.21758837
high_capacity,network_backup_isolation_lapse,high,90001006,internet_facing,0.21962243
high_capacity,network_backup_isolation_lapse,high,90000836,internet_facing,0.22150862
high_capacity,network_backup_isolation_lapse,high,90001001,internet_facing,0.22159604
high_capacity,network_backup_isolation_lapse,high,90000961,internet_facing,0.22523875
high_capacity,network_backup_isolation_lapse,high,90000911,internet_facing,0.22595449
high_capacity,network_backup_isolation_lapse,high,90001136,internet_facing,0.22715747
high_capacity,network_backup_isolation_lapse,high,90000851,internet_facing,0.22731952
high_capacity,network_backup_isolation_lapse,high,90000831,internet_facing,0.23042175
high_capacity,network_backup_isolation_lapse,high,90000991,internet_facing,0.23436888
high_capacity,network_backup_isolation_lapse,high,90001011,internet_facing,0.23441396
high_capacity,network_backup_isolation_lapse,high,90001151,internet_facing,0.23487492
high_capacity,network_backup_isolation_lapse,high,90001186,internet_facing,0.24216302
high_capacity,network_backup_isolation_lapse,high,90001036,internet_facing,0.24737224
high_capacity,network_backup_isolation_lapse,high,90001123,medical_device,0.17140995
high_capacity,network_backup_isolation_lapse,high,90000993,medical_device,0.17445367
high_capacity,network_backup_isolation_lapse,high,90001093,medical_device,0.17466753
high_capacity,network_backup_isolation_lapse,high,90001008,medical_device,0.1795123
high_capacity,network_backup_isolation_lapse,high,90000983,medical_device,0.17953128
high_capacity,network_backup_isolation_lapse,high,90001113,medical_device,0.18067391
high_capacity,network_backup_isolation_lapse,high,90000943,medical_device,0.18542478
high_capacity,network_backup_isolation_lapse,high,90000853,medical_device,0.1866278
high_capacity,network_backup_isolation_lapse,high,90001118,medical_device,0.19117344
high_capacity,network_backup_isolation_lapse,high,90001013,medical_device,0.19309122
high_capacity,network_backup_isolation_lapse,high,90000878,medical_device,0.19686029
high_capacity,network_backup_isolation_lapse,high,90001053,medical_device,0.19968049
high_capacity,network_backup_isolation_lapse,high,90000863,medical_device,0.20114444
high_capacity,network_backup_isolation_lapse,high,90001168,medical_device,0.20400572
high_capacity,network_backup_isolation_lapse,high,90000828,medical_device,0.20639222
high_capacity,network_backup_isolation_lapse,high,90000918,medical_device,0.2064836
high_capacity,network_backup_isolation_lapse,high,90001108,medical_device,0.20800148
high_capacity,network_backup_isolation_lapse,high,90000963,medical_device,0.22360303
high_capacity,network_backup_isolation_lapse,high,90000808,medical_device,0.22723815
high_capacity,network_backup_isolation_lapse,high,90000838,medical_device,0.22950321
high_capacity,network_backup_isolation_lapse,high,90001043,medical_device,0.23359116
high_capacity,network_backup_isolation_lapse,high,90001148,medical_device,0.24684678
high_capacity,network_backup_isolation_lapse,high,90001018,medical_device,0.24780578
high_capacity,network_backup_isolation_lapse,high,90000998,medical_device,0.24832105
high_capacity,network_backup_isolation_lapse,high,90000818,medical_device,0.24934235
high_capacity,network_backup_isolation_lapse,high,90001023,medical_device,0.2497433
high_capacity,network_backup_isolation_lapse,high,90000932,privileged_system,0.17246032
high_capacity,network_backup_isolation_lapse,high,90000957,privileged_system,0.17368485
high_capacity,network_backup_isolation_lapse,high,90001102,privileged_system,0.18185357
high_capacity,network_backup_isolation_lapse,high,90000847,privileged_system,0.1856948
high_capacity,network_backup_isolation_lapse,high,90000897,privileged_system,0.18775424
high_capacity,network_backup_isolation_lapse,high,90000862,privileged_system,0.18852695
high_capacity,network_backup_isolation_lapse,high,90000802,privileged_system,0.19319103
high_capacity,network_backup_isolation_lapse,high,90000977,privileged_system,0.20128799
high_capacity,network_backup_isolation_lapse,high,90000997,privileged_system,0.20436872
high_capacity,network_backup_isolation_lapse,high,90001137,privileged_system,0.2052282
high_capacity,network_backup_isolation_lapse,high,90000827,privileged_system,0.20829926
high_capacity,network_backup_isolation_lapse,high,90001127,privileged_system,0.2096497
high_capacity,network_backup_isolation_lapse,high,90000822,privileged_system,0.21384744
high_capacity,network_backup_isolation_lapse,high,90000967,privileged_system,0.21400281
high_capacity,network_backup_isolation_lapse,high,90000877,privileged_system,0.21704096
high_capacity,network_backup_isolation_lapse,high,90001197,privileged_system,0.21752774
high_capacity,network_backup_isolation_lapse,high,90001172,privileged_system,0.21901824
high_capacity,network_backup_isolation_lapse,high,90001142,privileged_system,0.22557289
high_capacity,network_backup_isolation_lapse,high,90000992,privileged_system,0.22853508
high_capacity,network_backup_isolation_lapse,high,90000907,privileged_system,0.23084337
high_capacity,network_backup_isolation_lapse,high,90001042,privileged_system,0.23309137
high_capacity,network_backup_isolation_lapse,high,90000987,privileged_system,0.23853982
high_capacity,network_backup_isolation_lapse,high,90000892,privileged_system,0.23903168
high_capacity,network_backup_isolation_lapse,high,90000937,privileged_system,0.2401057
high_capacity,network_backup_isolation_lapse,high,90000882,privileged_system,0.24175287
high_capacity,network_backup_isolation_lapse,high,90000922,privileged_system,0.2442904
high_capacity,network_backup_isolation_lapse,high,90001004,vendor_connection,0.18082675
high_capacity,network_backup_isolation_lapse,high,90000994,vendor_connection,0.18117158
high_capacity,network_backup_isolation_lapse,high,90000874,vendor_connection,0.18286897
high_capacity,network_backup_isolation_lapse,high,90000894,vendor_connection,0.190758
high_capacity,network_backup_isolation_lapse,high,90001189,vendor_connection,0.19165896
high_capacity,network_backup_isolation_lapse,high,90000829,vendor_connection,0.19425089
high_capacity,network_backup_isolation_lapse,high,90000909,vendor_connection,0.20816701
high_capacity,network_backup_isolation_lapse,high,90000999,vendor_connection,0.20834649
high_capacity,network_backup_isolation_lapse,high,90000859,vendor_connection,0.21111376
high_capacity,network_backup_isolation_lapse,high,90001179,vendor_connection,0.21269538
high_capacity,network_backup_isolation_lapse,high,90001049,vendor_connection,0.2133768
high_capacity,network_backup_isolation_lapse,high,90000944,vendor_connection,0.21649807
high_capacity,network_backup_isolation_lapse,high,90001139,vendor_connection,0.21708783
high_capacity,network_backup_isolation_lapse,high,90000984,vendor_connection,0.22185181
high_capacity,network_backup_isolation_lapse,high,90001184,vendor_connection,0.22432467
high_capacity,network_backup_isolation_lapse,high,90001074,vendor_connection,0.2257429
high_capacity,network_backup_isolation_lapse,high,90000964,vendor_connection,0.22763008
high_capacity,network_backup_isolation_lapse,high,90000884,vendor_connection,0.22972574
high_capacity,network_backup_isolation_lapse,high,90001014,vendor_connection,0.23387098
high_capacity,network_backup_isolation_lapse,high,90000919,vendor_connection,0.23564514
high_capacity,network_backup_isolation_lapse,high,90000849,vendor_connection,0.23828717
high_capacity,network_backup_isolation_lapse,high,90001099,vendor_connection,0.24196246
high_capacity,network_backup_isolation_lapse,high,90000954,vendor_connection,0.24263194
high_capacity,network_backup_isolation_lapse,high,90000809,vendor_connection,0.24374242
high_capacity,network_backup_isolation_lapse,high,90001194,vendor_connection,0.24641279
high_capacity,network_backup_isolation_lapse,high,90000974,vendor_connection,0.2472957
high_capacity,network_backup_isolation_lapse,high,90001025,workstation,0.1643038
high_capacity,network_backup_isolation_lapse,high,90000870,workstation,0.16776465
high_capacity,network_backup_isolation_lapse,high,90001050,workstation,0.17100985
high_capacity,network_backup_isolation_lapse,high,90001165,workstation,0.17159129
high_capacity,network_backup_isolation_lapse,high,90000830,workstation,0.18284251
high_capacity,network_backup_isolation_lapse,high,90001080,workstation,0.18429551
high_capacity,network_backup_isolation_lapse,high,90000885,workstation,0.19568988
high_capacity,network_backup_isolation_lapse,high,90000930,workstation,0.19691482
high_capacity,network_backup_isolation_lapse,high,90000935,workstation,0.20040125
high_capacity,network_backup_isolation_lapse,high,90000875,workstation,0.20110726
high_capacity,network_backup_isolation_lapse,high,90001010,workstation,0.207319
high_capacity,network_backup_isolation_lapse,high,90000840,workstation,0.20962612
high_capacity,network_backup_isolation_lapse,high,90001160,workstation,0.21704777
high_capacity,network_backup_isolation_lapse,high,90001110,workstation,0.22034303
high_capacity,network_backup_isolation_lapse,high,90000800,workstation,0.22086341
high_capacity,network_backup_isolation_lapse,high,90001175,workstation,0.22536969
high_capacity,network_backup_isolation_lapse,high,90000950,workstation,0.22782152
high_capacity,network_backup_isolation_lapse,high,90000910,workstation,0.2351485
high_capacity,network_backup_isolation_lapse,high,90000995,workstation,0.23745521
high_capacity,network_backup_isolation_lapse,high,90000855,workstation,0.23822572
high_capacity,network_backup_isolation_lapse,high,90001135,workstation,0.23960392
high_capacity,network_backup_isolation_lapse,high,90001140,workstation,0.24307183
high_capacity,network_backup_isolation_lapse,high,90001090,workstation,0.2440964
high_capacity,network_backup_isolation_lapse,high,90000810,workstation,0.2444966
high_capacity,network_backup_isolation_lapse,high,90001115,workstation,0.24468125
high_capacity,network_backup_isolation_lapse,high,90001150,workstation,0.24743153
high_capacity,simulation_base_spread_rate,low,90000866,internet_facing,0.07156405
high_capacity,simulation_base_spread_rate,low,90000821,internet_facing,0.07231036
high_capacity,simulation_base_spread_rate,low,90001191,internet_facing,0.07281854
high_capacity,simulation_base_spread_rate,low,90000991,internet_facing,0.07295973
high_capacity,simulation_base_spread_rate,low,90000931,internet_facing,0.07728283
high_capacity,simulation_base_spread_rate,low,90000971,internet_facing,0.07883666
high_capacity,simulation_base_spread_rate,low,90001111,internet_facing,0.08009075
high_capacity,simulation_base_spread_rate,low,90001106,internet_facing,0.08015011
high_capacity,simulation_base_spread_rate,low,90000936,internet_facing,0.0835002
high_capacity,simulation_base_spread_rate,low,90001126,internet_facing,0.08976654
high_capacity,simulation_base_spread_rate,low,90000871,internet_facing,0.09283642
high_capacity,simulation_base_spread_rate,low,90001006,internet_facing,0.09690013
high_capacity,simulation_base_spread_rate,low,90000896,internet_facing,0.10030676
high_capacity,simulation_base_spread_rate,low,90000951,internet_facing,0.10081164
high_capacity,simulation_base_spread_rate,low,90001096,internet_facing,0.10187897
high_capacity,simulation_base_spread_rate,low,90001116,internet_facing,0.10229555
high_capacity,simulation_base_spread_rate,low,90001001,internet_facing,0.10346118
high_capacity,simulation_base_spread_rate,low,90001066,internet_facing,0.1036192
high_capacity,simulation_base_spread_rate,low,90001031,internet_facing,0.10662436
high_capacity,simulation_base_spread_rate,low,90000846,internet_facing,0.11187659
high_capacity,simulation_base_spread_rate,low,90000861,internet_facing,0.11355099
high_capacity,simulation_base_spread_rate,low,90001081,internet_facing,0.11372787
high_capacity,simulation_base_spread_rate,low,90001011,internet_facing,0.11421104
high_capacity,simulation_base_spread_rate,low,90001101,internet_facing,0.11539496
high_capacity,simulation_base_spread_rate,low,90001131,internet_facing,0.1185943
high_capacity,simulation_base_spread_rate,low,90001086,internet_facing,0.12172507
high_capacity,simulation_base_spread_rate,low,90000998,medical_device,0.07070503
high_capacity,simulation_base_spread_rate,low,90001108,medical_device,0.07205607
high_capacity,simulation_base_spread_rate,low,90000823,medical_device,0.07490696
high_capacity,simulation_base_spread_rate,low,90001023,medical_device,0.07697312
high_capacity,simulation_base_spread_rate,low,90000848,medical_device,0.07778534
high_capacity,simulation_base_spread_rate,low,90000923,medical_device,0.07913369
high_capacity,simulation_base_spread_rate,low,90001113,medical_device,0.08011938
high_capacity,simulation_base_spread_rate,low,90000933,medical_device,0.08086449
high_capacity,simulation_base_spread_rate,low,90000838,medical_device,0.08089292
high_capacity,simulation_base_spread_rate,low,90000973,medical_device,0.08180267
high_capacity,simulation_base_spread_rate,low,90000808,medical_device,0.08264843
high_capacity,simulation_base_spread_rate,low,90000903,medical_device,0.08283043
high_capacity,simulation_base_spread_rate,low,90000948,medical_device,0.08510416
high_capacity,simulation_base_spread_rate,low,90001028,medical_device,0.08613548
high_capacity,simulation_base_spread_rate,low,90000878,medical_device,0.08854217
high_capacity,simulation_base_spread_rate,low,90001038,medical_device,0.09132718
high_capacity,simulation_base_spread_rate,low,90001088,medical_device,0.09143985
high_capacity,simulation_base_spread_rate,low,90000958,medical_device,0.09373188
high_capacity,simulation_base_spread_rate,low,90000893,medical_device,0.09732679
high_capacity,simulation_base_spread_rate,low,90001133,medical_device,0.09948583
high_capacity,simulation_base_spread_rate,low,90000963,medical_device,0.10243771
high_capacity,simulation_base_spread_rate,low,90000928,medical_device,0.10262649
high_capacity,simulation_base_spread_rate,low,90001043,medical_device,0.10624662
high_capacity,simulation_base_spread_rate,low,90001013,medical_device,0.10803277
high_capacity,simulation_base_spread_rate,low,90000888,medical_device,0.11111076
high_capacity,simulation_base_spread_rate,low,90001048,medical_device,0.1126189
high_capacity,simulation_base_spread_rate,low,90000987,privileged_system,0.07841229
high_capacity,simulation_base_spread_rate,low,90001097,privileged_system,0.08032215
high_capacity,simulation_base_spread_rate,low,90000827,privileged_system,0.08254558
high_capacity,simulation_base_spread_rate,low,90001167,privileged_system,0.08278377
high_capacity,simulation_base_spread_rate,low,90000847,privileged_system,0.08309974
high_capacity,simulation_base_spread_rate,low,90000872,privileged_system,0.08348325
high_capacity,simulation_base_spread_rate,low,90001032,privileged_system,0.08379431
high_capacity,simulation_base_spread_rate,low,90001162,privileged_system,0.08477719
high_capacity,simulation_base_spread_rate,low,90000912,privileged_system,0.08592283
high_capacity,simulation_base_spread_rate,low,90001122,privileged_system,0.08823738
high_capacity,simulation_base_spread_rate,low,90001062,privileged_system,0.09004241
high_capacity,simulation_base_spread_rate,low,90000992,privileged_system,0.09208486
high_capacity,simulation_base_spread_rate,low,90001077,privileged_system,0.09395175
high_capacity,simulation_base_spread_rate,low,90000962,privileged_system,0.09493886
high_capacity,simulation_base_spread_rate,low,90001152,privileged_system,0.0958453
high_capacity,simulation_base_spread_rate,low,90001117,privileged_system,0.09586534
high_capacity,simulation_base_spread_rate,low,90001147,privileged_system,0.09631394
high_capacity,simulation_base_spread_rate,low,90000952,privileged_system,0.09695414
high_capacity,simulation_base_spread_rate,low,90000892,privileged_system,0.09741945
high_capacity,simulation_base_spread_rate,low,90001127,privileged_system,0.09794683
high_capacity,simulation_base_spread_rate,low,90000977,privileged_system,0.09969498
high_capacity,simulation_base_spread_rate,low,90001022,privileged_system,0.10040787
high_capacity,simulation_base_spread_rate,low,90000917,privileged_system,0.10068214
high_capacity,simulation_base_spread_rate,low,90000842,privileged_system,0.10271953
high_capacity,simulation_base_spread_rate,low,90000802,privileged_system,0.10276901
high_capacity,simulation_base_spread_rate,low,90001012,privileged_system,0.10682962
high_capacity,simulation_base_spread_rate,low,90001109,vendor_connection,0.07017135
high_capacity,simulation_base_spread_rate,low,90000879,vendor_connection,0.07384637
high_capacity,simulation_base_spread_rate,low,90001069,vendor_connection,0.07415149
high_capacity,simulation_base_spread_rate,low,90000939,vendor_connection,0.07588307
high_capacity,simulation_base_spread_rate,low,90000969,vendor_connection,0.07689645
high_capacity,simulation_base_spread_rate,low,90000984,vendor_connection,0.07769266
high_capacity,simulation_base_spread_rate,low,90001104,vendor_connection,0.08312003
high_capacity,simulation_base_spread_rate,low,90000839,vendor_connection,0.08350125
high_capacity,simulation_base_spread_rate,low,90000864,vendor_connection,0.08969481
high_capacity,simulation_base_spread_rate,low,90001094,vendor_connection,0.0902922
high_capacity,simulation_base_spread_rate,low,90001184,vendor_connection,0.0984245
high_capacity,simulation_base_spread_rate,low,90001169,vendor_connection,0.09964092
high_capacity,simulation_base_spread_rate,low,90001084,vendor_connection,0.10081147
high_capacity,simulation_base_spread_rate,low,90001004,vendor_connection,0.10182573
high_capacity,simulation_base_spread_rate,low,90000949,vendor_connection,0.10323682
high_capacity,simulation_base_spread_rate,low,90001159,vendor_connection,0.10349847
high_capacity,simulation_base_spread_rate,low,90001134,vendor_connection,0.10423809
high_capacity,simulation_base_spread_rate,low,90001014,vendor_connection,0.10543757
high_capacity,simulation_base_spread_rate,low,90001144,vendor_connection,0.10589471
high_capacity,simulation_base_spread_rate,low,90001074,vendor_connection,0.10605109
high_capacity,simulation_base_spread_rate,low,90001034,vendor_connection,0.10696178
high_capacity,simulation_base_spread_rate,low,90000914,vendor_connection,0.10894976
high_capacity,simulation_base_spread_rate,low,90001009,vendor_connection,0.11254506
high_capacity,simulation_base_spread_rate,low,90000869,vendor_connection,0.1140953
high_capacity,simulation_base_spread_rate,low,90000834,vendor_connection,0.11696417
high_capacity,simulation_base_spread_rate,low,90000904,vendor_connection,0.11727157
high_capacity,simulation_base_spread_rate,low,90001115,workstation,0.07327394
high_capacity,simulation_base_spread_rate,low,90000900,workstation,0.07971414
high_capacity,simulation_base_spread_rate,low,90001080,workstation,0.08038558
high_capacity,simulation_base_spread_rate,low,90001165,workstation,0.08295095
high_capacity,simulation_base_spread_rate,low,90001065,workstation,0.0841329
high_capacity,simulation_base_spread_rate,low,90001120,workstation,0.0870954
high_capacity,simulation_base_spread_rate,low,90001070,workstation,0.08719799
high_capacity,simulation_base_spread_rate,low,90000890,workstation,0.08834637
high_capacity,simulation_base_spread_rate,low,90001020,workstation,0.08852095
high_capacity,simulation_base_spread_rate,low,90001060,workstation,0.08898507
high_capacity,simulation_base_spread_rate,low,90000955,workstation,0.08938094
high_capacity,simulation_base_spread_rate,low,90000895,workstation,0.09014011
high_capacity,simulation_base_spread_rate,low,90000850,workstation,0.09032904
high_capacity,simulation_base_spread_rate,low,90000985,workstation,0.09037055
high_capacity,simulation_base_spread_rate,low,90001145,workstation,0.09339158
high_capacity,simulation_base_spread_rate,low,90001150,workstation,0.09482695
high_capacity,simulation_base_spread_rate,low,90000885,workstation,0.09493084
high_capacity,simulation_base_spread_rate,low,90001195,workstation,0.09500908
high_capacity,simulation_base_spread_rate,low,90001105,workstation,0.09745772
high_capacity,simulation_base_spread_rate,low,90001010,workstation,0.0985595
high_capacity,simulation_base_spread_rate,low,90001180,workstation,0.10148675
high_capacity,simulation_base_spread_rate,low,90000970,workstation,0.10149568
high_capacity,simulation_base_spread_rate,low,90001185,workstation,0.10261411
high_capacity,simulation_base_spread_rate,low,90001160,workstation,0.1049137
high_capacity,simulation_base_spread_rate,low,90000855,workstation,0.1065855
high_capacity,simulation_base_spread_rate,low,90001110,workstation,0.10715914
high_capacity,simulation_base_spread_rate,high,90000916,internet_facing,0.16206077
high_capacity,simulation_base_spread_rate,high,90001036,internet_facing,0.16294812
high_capacity,simulation_base_spread_rate,high,90000906,internet_facing,0.16341866
high_capacity,simulation_base_spread_rate,high,90001121,internet_facing,0.16475435
high_capacity,simulation_base_spread_rate,high,90000911,internet_facing,0.16518183
high_capacity,simulation_base_spread_rate,high,90001016,internet_facing,0.16690187
high_capacity,simulation_base_spread_rate,high,90001026,internet_facing,0.16813486
high_capacity,simulation_base_spread_rate,high,90000876,internet_facing,0.16815296
high_capacity,simulation_base_spread_rate,high,90000996,internet_facing,0.16828135
high_capacity,simulation_base_spread_rate,high,90000901,internet_facing,0.16914278
high_capacity,simulation_base_spread_rate,high,90001051,internet_facing,0.17140123
high_capacity,simulation_base_spread_rate,high,90001196,internet_facing,0.17370854
high_capacity,simulation_base_spread_rate,high,90001171,internet_facing,0.17521353
high_capacity,simulation_base_spread_rate,high,90000981,internet_facing,0.17670905
high_capacity,simulation_base_spread_rate,high,90001151,internet_facing,0.17674921
high_capacity,simulation_base_spread_rate,high,90001186,internet_facing,0.1787482
high_capacity,simulation_base_spread_rate,high,90000941,internet_facing,0.17917477
high_capacity,simulation_base_spread_rate,high,90000956,internet_facing,0.18062268
high_capacity,simulation_base_spread_rate,high,90001071,internet_facing,0.18213831
high_capacity,simulation_base_spread_rate,high,90001061,internet_facing,0.18344217
high_capacity,simulation_base_spread_rate,high,90000811,internet_facing,0.18613097
high_capacity,simulation_base_spread_rate,high,90000926,internet_facing,0.18667246
high_capacity,simulation_base_spread_rate,high,90000961,internet_facing,0.19407943
high_capacity,simulation_base_spread_rate,high,90001021,internet_facing,0.19675847
high_capacity,simulation_base_spread_rate,high,90000921,internet_facing,0.19845336
high_capacity,simulation_base_spread_rate,high,90001141,internet_facing,0.19896578
high_capacity,simulation_base_spread_rate,high,90000818,medical_device,0.16533492
high_capacity,simulation_base_spread_rate,high,90001148,medical_device,0.16872929
high_capacity,simulation_base_spread_rate,high,90001118,medical_device,0.16877745
high_capacity,simulation_base_spread_rate,high,90001128,medical_device,0.16993655
high_capacity,simulation_base_spread_rate,high,90001093,medical_device,0.17150633
high_capacity,simulation_base_spread_rate,high,90000993,medical_device,0.17215831
high_capacity,simulation_base_spread_rate,high,90000843,medical_device,0.17300676
high_capacity,simulation_base_spread_rate,high,90001143,medical_device,0.17400662
high_capacity,simulation_base_spread_rate,high,90001138,medical_device,0.17705762
high_capacity,simulation_base_spread_rate,high,90000858,medical_device,0.17806395
high_capacity,simulation_base_spread_rate,high,90000988,medical_device,0.17946537
high_capacity,simulation_base_spread_rate,high,90000883,medical_device,0.18013334
high_capacity,simulation_base_spread_rate,high,90000968,medical_device,0.18018442
high_capacity,simulation_base_spread_rate,high,90001178,medical_device,0.18166153
high_capacity,simulation_base_spread_rate,high,90001018,medical_device,0.18188627
high_capacity,simulation_base_spread_rate,high,90001123,medical_device,0.18222741
high_capacity,simulation_base_spread_rate,high,90000863,medical_device,0.18459983
high_capacity,simulation_base_spread_rate,high,90001173,medical_device,0.18574374
high_capacity,simulation_base_spread_rate,high,90000908,medical_device,0.18771403
high_capacity,simulation_base_spread_rate,high,90000868,medical_device,0.1884862
high_capacity,simulation_base_spread_rate,high,90000943,medical_device,0.18853675
high_capacity,simulation_base_spread_rate,high,90001158,medical_device,0.18912047
high_capacity,simulation_base_spread_rate,high,90001063,medical_device,0.19250654
high_capacity,simulation_base_spread_rate,high,90001193,medical_device,0.19742499
high_capacity,simulation_base_spread_rate,high,90000833,medical_device,0.19813692
high_capacity,simulation_base_spread_rate,high,90001003,medical_device,0.19865545
high_capacity,simulation_base_spread_rate,high,90001107,privileged_system,0.15279041
high_capacity,simulation_base_spread_rate,high,90001137,privileged_system,0.15404601
high_capacity,simulation_base_spread_rate,high,90001067,privileged_system,0.15561981
high_capacity,simulation_base_spread_rate,high,90000812,privileged_system,0.1571562
high_capacity,simulation_base_spread_rate,high,90000862,privileged_system,0.16256483
high_capacity,simulation_base_spread_rate,high,90001002,privileged_system,0.17186627
high_capacity,simulation_base_spread_rate,high,90000997,privileged_system,0.17270846
high_capacity,simulation_base_spread_rate,high,90000867,privileged_system,0.17302033
high_capacity,simulation_base_spread_rate,high,90001087,privileged_system,0.1756031
high_capacity,simulation_base_spread_rate,high,90001177,privileged_system,0.17829504
high_capacity,simulation_base_spread_rate,high,90001182,privileged_system,0.17848126
high_capacity,simulation_base_spread_rate,high,90000922,privileged_system,0.17848948
high_capacity,simulation_base_spread_rate,high,90000852,privileged_system,0.17959201
high_capacity,simulation_base_spread_rate,high,90001102,privileged_system,0.18117535
high_capacity,simulation_base_spread_rate,high,90000967,privileged_system,0.18175207
high_capacity,simulation_base_spread_rate,high,90000807,privileged_system,0.18357419
high_capacity,simulation_base_spread_rate,high,90001157,privileged_system,0.18939161
high_capacity,simulation_base_spread_rate,high,90000937,privileged_system,0.18963328
high_capacity,simulation_base_spread_rate,high,90000822,privileged_system,0.19153779
high_capacity,simulation_base_spread_rate,high,90000837,privileged_system,0.1922913
high_capacity,simulation_base_spread_rate,high,90000932,privileged_system,0.19432057
high_capacity,simulation_base_spread_rate,high,90001007,privileged_system,0.1966526
high_capacity,simulation_base_spread_rate,high,90001172,privileged_system,0.19719621
high_capacity,simulation_base_spread_rate,high,90000947,privileged_system,0.19800857
high_capacity,simulation_base_spread_rate,high,90001092,privileged_system,0.1981599
high_capacity,simulation_base_spread_rate,high,90001027,privileged_system,0.19837845
high_capacity,simulation_base_spread_rate,high,90000979,vendor_connection,0.15620806
high_capacity,simulation_base_spread_rate,high,90000974,vendor_connection,0.15704174
high_capacity,simulation_base_spread_rate,high,90001154,vendor_connection,0.16078771
high_capacity,simulation_base_spread_rate,high,90001024,vendor_connection,0.16100366
high_capacity,simulation_base_spread_rate,high,90000999,vendor_connection,0.16342531
high_capacity,simulation_base_spread_rate,high,90001079,vendor_connection,0.16637981
high_capacity,simulation_base_spread_rate,high,90000899,vendor_connection,0.16685161
high_capacity,simulation_base_spread_rate,high,90001199,vendor_connection,0.16733806
high_capacity,simulation_base_spread_rate,high,90000844,vendor_connection,0.16854817
high_capacity,simulation_base_spread_rate,high,90001139,vendor_connection,0.17255195
high_capacity,simulation_base_spread_rate,high,90001089,vendor_connection,0.17316513
high_capacity,simulation_base_spread_rate,high,90000994,vendor_connection,0.17475116
high_capacity,simulation_base_spread_rate,high,90000814,vendor_connection,0.17574546
high_capacity,simulation_base_spread_rate,high,90000909,vendor_connection,0.17997152
high_capacity,simulation_base_spread_rate,high,90000964,vendor_connection,0.18064661
high_capacity,simulation_base_spread_rate,high,90001119,vendor_connection,0.18221776
high_capacity,simulation_base_spread_rate,high,90001164,vendor_connection,0.18261548
high_capacity,simulation_base_spread_rate,high,90001044,vendor_connection,0.18346119
high_capacity,simulation_base_spread_rate,high,90000804,vendor_connection,0.18407847
high_capacity,simulation_base_spread_rate,high,90001054,vendor_connection,0.18679425
high_capacity,simulation_base_spread_rate,high,90001189,vendor_connection,0.18865116
high_capacity,simulation_base_spread_rate,high,90000919,vendor_connection,0.19322525
high_capacity,simulation_base_spread_rate,high,90001124,vendor_connection,0.19470596
high_capacity,simulation_base_spread_rate,high,90000924,vendor_connection,0.19496648
high_capacity,simulation_base_spread_rate,high,90000959,vendor_connection,0.19651358
high_capacity,simulation_base_spread_rate,high,90000819,vendor_connection,0.19989085
high_capacity,simulation_base_spread_rate,high,90000865,workstation,0.15542485
high_capacity,simulation_base_spread_rate,high,90001095,workstation,0.15579979
high_capacity,simulation_base_spread_rate,high,90000920,workstation,0.15713921
high_capacity,simulation_base_spread_rate,high,90000925,workstation,0.16129858
high_capacity,simulation_base_spread_rate,high,90000945,workstation,0.16210598
high_capacity,simulation_base_spread_rate,high,90001135,workstation,0.16972474
high_capacity,simulation_base_spread_rate,high,90001055,workstation,0.16981958
high_capacity,simulation_base_spread_rate,high,90001090,workstation,0.17117021
high_capacity,simulation_base_spread_rate,high,90000875,workstation,0.17276377
high_capacity,simulation_base_spread_rate,high,90000815,workstation,0.17287102
high_capacity,simulation_base_spread_rate,high,90001000,workstation,0.17349031
high_capacity,simulation_base_spread_rate,high,90001175,workstation,0.17540036
high_capacity,simulation_base_spread_rate,high,90000930,workstation,0.17591492
high_capacity,simulation_base_spread_rate,high,90000975,workstation,0.17602194
high_capacity,simulation_base_spread_rate,high,90001125,workstation,0.1768248
high_capacity,simulation_base_spread_rate,high,90000835,workstation,0.17776963
high_capacity,simulation_base_spread_rate,high,90001155,workstation,0.18099899
high_capacity,simulation_base_spread_rate,high,90001085,workstation,0.18265594
high_capacity,simulation_base_spread_rate,high,90001190,workstation,0.18532078
high_capacity,simulation_base_spread_rate,high,90000830,workstation,0.18711712
high_capacity,simulation_base_spread_rate,high,90001045,workstation,0.18763738
high_capacity,simulation_base_spread_rate,high,90001130,workstation,0.18947501
high_capacity,simulation_base_spread_rate,high,90001015,workstation,0.19060778
high_capacity,simulation_base_spread_rate,high,90001140,workstation,0.19123235
high_capacity,simulation_base_spread_rate,high,90000995,workstation,0.19374737
high_capacity,simulation_base_spread_rate,high,90000960,workstation,0.19543101
high_capacity,simulation_false_positive_rate,low,90001166,internet_facing,0.0002357
high_capacity,simulation_false_positive_rate,low,90000991,internet_facing,0.00023596
high_capacity,simulation_false_positive_rate,low,90000841,internet_facing,0.0002896
high_capacity,simulation_false_positive_rate,low,90000876,internet_facing,0.00029545
high_capacity,simulation_false_positive_rate,low,90001151,internet_facing,0.00031686
high_capacity,simulation_false_positive_rate,low,90000931,internet_facing,0.00032429
high_capacity,simulation_false_positive_rate,low,90001036,internet_facing,0.00034673
high_capacity,simulation_false_positive_rate,low,90000956,internet_facing,0.00036775
high_capacity,simulation_false_positive_rate,low,90001001,internet_facing,0.00038348
high_capacity,simulation_false_positive_rate,low,90000856,internet_facing,0.00039991
high_capacity,simulation_false_positive_rate,low,90000976,internet_facing,0.00048223
high_capacity,simulation_false_positive_rate,low,90001061,internet_facing,0.00051995
high_capacity,simulation_false_positive_rate,low,90000866,internet_facing,0.00052122
high_capacity,simulation_false_positive_rate,low,90000996,internet_facing,0.00053663
high_capacity,simulation_false_positive_rate,low,90000826,internet_facing,0.00054706
high_capacity,simulation_false_positive_rate,low,90000881,internet_facing,0.00059716
high_capacity,simulation_false_positive_rate,low,90001096,internet_facing,0.0006823
high_capacity,simulation_false_positive_rate,low,90000851,internet_facing,0.00068503
high_capacity,simulation_false_positive_rate,low,90001196,internet_facing,0.0007058
high_capacity,simulation_false_positive_rate,low,90001051,internet_facing,0.00072273
high_capacity,simulation_false_positive_rate,low,90000911,internet_facing,0.00077489
high_capacity,simulation_false_positive_rate,low,90001046,internet_facing,0.00078835
high_capacity,simulation_false_positive_rate,low,90000916,internet_facing,0.00081479
high_capacity,simulation_false_positive_rate,low,90000816,internet_facing,0.00083463
high_capacity,simulation_false_positive_rate,low,90001176,internet_facing,0.00083758
high_capacity,simulation_false_positive_rate,low,90000891,internet_facing,0.00087223
high_capacity,simulation_false_positive_rate,low,90001018,medical_device,0.00022504
high_capacity,simulation_false_positive_rate,low,90001123,medical_device,0.00024473
high_capacity,simulation_false_positive_rate,low,90000803,medical_device,0.00026522
high_capacity,simulation_false_positive_rate,low,90001183,medical_device,0.00028991
high_capacity,simulation_false_positive_rate,low,90000813,medical_device,0.00029354
high_capacity,simulation_false_positive_rate,low,90001068,medical_device,0.00033949
high_capacity,simulation_false_positive_rate,low,90000808,medical_device,0.0003588
high_capacity,simulation_false_positive_rate,low,90000953,medical_device,0.00036873
high_capacity,simulation_false_positive_rate,low,90001073,medical_device,0.00037158
high_capacity,simulation_false_positive_rate,low,90001093,medical_device,0.00037806
high_capacity,simulation_false_positive_rate,low,90001008,medical_device,0.00039844
high_capacity,simulation_false_positive_rate,low,90001083,medical_device,0.00041106
high_capacity,simulation_false_positive_rate,low,90001173,medical_device,0.00044639
high_capacity,simulation_false_positive_rate,low,90001058,medical_device,0.00045029
high_capacity,simulation_false_positive_rate,low,90001148,medical_device,0.00047192
high_capacity,simulation_false_positive_rate,low,90001003,medical_device,0.00050321
high_capacity,simulation_false_positive_rate,low,90001118,medical_device,0.00053076
high_capacity,simulation_false_positive_rate,low,90001013,medical_device,0.00061769
high_capacity,simulation_false_positive_rate,low,90000838,medical_device,0.00063907
high_capacity,simulation_false_positive_rate,low,90000888,medical_device,0.0006541
high_capacity,simulation_false_positive_rate,low,90001063,medical_device,0.00066506
high_capacity,simulation_false_positive_rate,low,90000933,medical_device,0.00067036
high_capacity,simulation_false_positive_rate,low,90000853,medical_device,0.00068892
high_capacity,simulation_false_positive_rate,low,90001163,medical_device,0.00068929
high_capacity,simulation_false_positive_rate,low,90000818,medical_device,0.00071973
high_capacity,simulation_false_positive_rate,low,90000883,medical_device,0.00076725
high_capacity,simulation_false_positive_rate,low,90000827,privileged_system,0.00020382
high_capacity,simulation_false_positive_rate,low,90001147,privileged_system,0.00021009
high_capacity,simulation_false_positive_rate,low,90001027,privileged_system,0.00021531
high_capacity,simulation_false_positive_rate,low,90000907,privileged_system,0.00024732
high_capacity,simulation_false_positive_rate,low,90001087,privileged_system,0.00025409
high_capacity,simulation_false_positive_rate,low,90001052,privileged_system,0.00027083
high_capacity,simulation_false_positive_rate,low,90001047,privileged_system,0.00029594
high_capacity,simulation_false_positive_rate,low,90001007,privileged_system,0.00033881
high_capacity,simulation_false_positive_rate,low,90001067,privileged_system,0.00036528
high_capacity,simulation_false_positive_rate,low,90000837,privileged_system,0.00038116
high_capacity,simulation_false_positive_rate,low,90001127,privileged_system,0.0004225
high_capacity,simulation_false_positive_rate,low,90001012,privileged_system,0.00045121
high_capacity,simulation_false_positive_rate,low,90001077,privileged_system,0.00047913
high_capacity,simulation_false_positive_rate,low,90000822,privileged_system,0.00049687
high_capacity,simulation_false_positive_rate,low,90001097,privileged_system,0.00050554
high_capacity,simulation_false_positive_rate,low,90000867,privileged_system,0.00050849
high_capacity,simulation_false_positive_rate,low,90001182,privileged_system,0.00053686
high_capacity,simulation_false_positive_rate,low,90001002,privileged_system,0.00054715
high_capacity,simulation_false_positive_rate,low,90000807,privileged_system,0.00058376
high_capacity,simulation_false_positive_rate,low,90000997,privileged_system,0.00059225
high_capacity,simulation_false_positive_rate,low,90001032,privileged_system,0.00062252
high_capacity,simulation_false_positive_rate,low,90000972,privileged_system,0.00062635
high_capacity,simulation_false_positive_rate,low,90001092,privileged_system,0.00063258
high_capacity,simulation_false_positive_rate,low,90000842,privileged_system,0.00063374
high_capacity,simulation_false_positive_rate,low,90000852,privileged_system,0.00068118
high_capacity,simulation_false_positive_rate,low,90000992,privileged_system,0.00068179
high_capacity,simulation_false_positive_rate,low,90000909,vendor_connection,0.00023905
high_capacity,simulation_false_positive_rate,low,90000914,vendor_connection,0.00026517
high_capacity,simulation_false_positive_rate,low,90000944,vendor_connection,0.00027132
high_capacity,simulation_false_positive_rate,low,90000904,vendor_connection,0.00029238
high_capacity,simulation_false_positive_rate,low,90000919,vendor_connection,0.00032326
high_capacity,simulation_false_positive_rate,low,90001199,vendor_connection,0.00032972
high_capacity,simulation_false_positive_rate,low,90001114,vendor_connection,0.00034439
high_capacity,simulation_false_positive_rate,low,90000814,vendor_connection,0.00037347
high_capacity,simulation_false_positive_rate,low,90001144,vendor_connection,0.00039365
high_capacity,simulation_false_positive_rate,low,90000974,vendor_connection,0.00041299
high_capacity,simulation_false_positive_rate,low,90000839,vendor_connection,0.00042113
high_capacity,simulation_false_positive_rate,low,90000849,vendor_connection,0.00044195
high_capacity,simulation_false_positive_rate,low,90001089,vendor_connection,0.00049493
high_capacity,simulation_false_positive_rate,low,90000924,vendor_connection,0.00050081
high_capacity,simulation_false_positive_rate,low,90001109,vendor_connection,0.00055383
high_capacity,simulation_false_positive_rate,low,90000869,vendor_connection,0.00056808
high_capacity,simulation_false_positive_rate,low,90000954,vendor_connection,0.00060043
high_capacity,simulation_false_positive_rate,low,90001169,vendor_connection,0.00060759
high_capacity,simulation_false_positive_rate,low,90001079,vendor_connection,0.00066486
high_capacity,simulation_false_positive_rate,low,90001099,vendor_connection,0.00067291
high_capacity,simulation_false_positive_rate,low,90000964,vendor_connection,0.0006758
high_capacity,simulation_false_positive_rate,low,90000864,vendor_connection,0.00071394
high_capacity,simulation_false_positive_rate,low,90001024,vendor_connection,0.00072046
high_capacity,simulation_false_positive_rate,low,90000824,vendor_connection,0.00074618
high_capacity,simulation_false_positive_rate,low,90000834,vendor_connection,0.0007691
high_capacity,simulation_false_positive_rate,low,90001019,vendor_connection,0.00078821
high_capacity,simulation_false_positive_rate,low,90001095,workstation,0.00023407
high_capacity,simulation_false_positive_rate,low,90001105,workstation,0.00024361
high_capacity,simulation_false_positive_rate,low,90000930,workstation,0.00024389
high_capacity,simulation_false_positive_rate,low,90001130,workstation,0.00027576
high_capacity,simulation_false_positive_rate,low,90000940,workstation,0.00030569
high_capacity,simulation_false_positive_rate,low,90000980,workstation,0.00032152
high_capacity,simulation_false_positive_rate,low,90001055,workstation,0.00033701
high_capacity,simulation_false_positive_rate,low,90000985,workstation,0.00041974
high_capacity,simulation_false_positive_rate,low,90000840,workstation,0.00043254
high_capacity,simulation_false_positive_rate,low,90001120,workstation,0.00046305
high_capacity,simulation_false_positive_rate,low,90000885,workstation,0.00049278
high_capacity,simulation_false_positive_rate,low,90000825,workstation,0.00049863
high_capacity,simulation_false_positive_rate,low,90001165,workstation,0.00052735
high_capacity,simulation_false_positive_rate,low,90001190,workstation,0.00054697
high_capacity,simulation_false_positive_rate,low,90000805,workstation,0.00057502
high_capacity,simulation_false_positive_rate,low,90000880,workstation,0.00059558
high_capacity,simulation_false_positive_rate,low,90000915,workstation,0.00059682
high_capacity,simulation_false_positive_rate,low,90001085,workstation,0.00063129
high_capacity,simulation_false_positive_rate,low,90000975,workstation,0.0006505
high_capacity,simulation_false_positive_rate,low,90001060,workstation,0.00066975
high_capacity,simulation_false_positive_rate,low,90001110,workstation,0.00068659
high_capacity,simulation_false_positive_rate,low,90000895,workstation,0.00071128
high_capacity,simulation_false_positive_rate,low,90001020,workstation,0.00073039
high_capacity,simulation_false_positive_rate,low,90001145,workstation,0.00074391
high_capacity,simulation_false_positive_rate,low,90001140,workstation,0.00074817
high_capacity,simulation_false_positive_rate,low,90000830,workstation,0.0007666
high_capacity,simulation_false_positive_rate,high,90001016,internet_facing,0.00149827
high_capacity,simulation_false_positive_rate,high,90000896,internet_facing,0.00153098
high_capacity,simulation_false_positive_rate,high,90001116,internet_facing,0.00153855
high_capacity,simulation_false_positive_rate,high,90000846,internet_facing,0.00158322
high_capacity,simulation_false_positive_rate,high,90000961,internet_facing,0.00159231
high_capacity,simulation_false_positive_rate,high,90001146,internet_facing,0.00159711
high_capacity,simulation_false_positive_rate,high,90001126,internet_facing,0.00162696
high_capacity,simulation_false_positive_rate,high,90001156,internet_facing,0.00164126
high_capacity,simulation_false_positive_rate,high,90001121,internet_facing,0.00164298
high_capacity,simulation_false_positive_rate,high,90000986,internet_facing,0.00166129
high_capacity,simulation_false_positive_rate,high,90001031,internet_facing,0.00167363
high_capacity,simulation_false_positive_rate,high,90001111,internet_facing,0.00168398
high_capacity,simulation_false_positive_rate,high,90001106,internet_facing,0.00169943
high_capacity,simulation_false_positive_rate,high,90001161,internet_facing,0.00169992
high_capacity,simulation_false_positive_rate,high,90000946,internet_facing,0.00171363
high_capacity,simulation_false_positive_rate,high,90001171,internet_facing,0.0017316
high_capacity,simulation_false_positive_rate,high,90001006,internet_facing,0.00173711
high_capacity,simulation_false_positive_rate,high,90001066,internet_facing,0.00174097
high_capacity,simulation_false_positive_rate,high,90000861,internet_facing,0.00174944
high_capacity,simulation_false_positive_rate,high,90001091,internet_facing,0.00177663
high_capacity,simulation_false_positive_rate,high,90000831,internet_facing,0.00184217
high_capacity,simulation_false_positive_rate,high,90001071,internet_facing,0.00186308
high_capacity,simulation_false_positive_rate,high,90001191,internet_facing,0.00187165
high_capacity,simulation_false_positive_rate,high,90000941,internet_facing,0.00188189
high_capacity,simulation_false_positive_rate,high,90001041,internet_facing,0.00193682
high_capacity,simulation_false_positive_rate,high,90000871,internet_facing,0.00195994
high_capacity,simulation_false_positive_rate,high,90000963,medical_device,0.00143561
high_capacity,simulation_false_positive_rate,high,90000928,medical_device,0.00145592
high_capacity,simulation_false_positive_rate,high,90000988,medical_device,0.00146954
high_capacity,simulation_false_positive_rate,high,90001108,medical_device,0.00148949
high_capacity,simulation_false_positive_rate,high,90000908,medical_device,0.00153033
high_capacity,simulation_false_positive_rate,high,90000968,medical_device,0.00153496
high_capacity,simulation_false_positive_rate,high,90001038,medical_device,0.00155272
high_capacity,simulation_false_positive_rate,high,90000893,medical_device,0.00158184
high_capacity,simulation_false_positive_rate,high,90000843,medical_device,0.00160843
high_capacity,simulation_false_positive_rate,high,90001178,medical_device,0.00161562
high_capacity,simulation_false_positive_rate,high,90000848,medical_device,0.00163151
high_capacity,simulation_false_positive_rate,high,90000868,medical_device,0.00165766
high_capacity,simulation_false_positive_rate,high,90000938,medical_device,0.00169813
high_capacity,simulation_false_positive_rate,high,90000943,medical_device,0.00170372
high_capacity,simulation_false_positive_rate,high,90000858,medical_device,0.00171221
high_capacity,simulation_false_positive_rate,high,90001198,medical_device,0.00173512
high_capacity,simulation_false_positive_rate,high,90000833,medical_device,0.00176828
high_capacity,simulation_false_positive_rate,high,90001153,medical_device,0.00184221
high_capacity,simulation_false_positive_rate,high,90000913,medical_device,0.0018682
high_capacity,simulation_false_positive_rate,high,90001078,medical_device,0.00189277
high_capacity,simulation_false_positive_rate,high,90001128,medical_device,0.00190059
high_capacity,simulation_false_positive_rate,high,90001188,medical_device,0.00190641
high_capacity,simulation_false_positive_rate,high,90001033,medical_device,0.00195218
high_capacity,simulation_false_positive_rate,high,90000948,medical_device,0.0019563
high_capacity,simulation_false_positive_rate,high,90000898,medical_device,0.00197224
high_capacity,simulation_false_positive_rate,high,90001133,medical_device,0.00199878
high_capacity,simulation_false_positive_rate,high,90001177,privileged_system,0.00144453
high_capacity,simulation_false_positive_rate,high,90001142,privileged_system,0.00147664
high_capacity,simulation_false_positive_rate,high,90000832,privileged_system,0.00148392
high_capacity,simulation_false_positive_rate,high,90001072,privileged_system,0.00149698
high_capacity,simulation_false_positive_rate,high,90000942,privileged_system,0.00152482
high_capacity,simulation_false_positive_rate,high,90000932,privileged_system,0.0015338
high_capacity,simulation_false_positive_rate,high,90001022,privileged_system,0.00154594
high_capacity,simulation_false_positive_rate,high,90000857,privileged_system,0.0015467
high_capacity,simulation_false_positive_rate,high,90000882,privileged_system,0.0015611
high_capacity,simulation_false_positive_rate,high,90000872,privileged_system,0.00156639
high_capacity,simulation_false_positive_rate,high,90001102,privileged_system,0.00158969
high_capacity,simulation_false_positive_rate,high,90001162,privileged_system,0.00159305
high_capacity,simulation_false_positive_rate,high,90001062,privileged_system,0.00161537
high_capacity,simulation_false_positive_rate,high,90000847,privileged_system,0.0016189
high_capacity,simulation_false_positive_rate,high,90000957,privileged_system,0.00164353
high_capacity,simulation_false_positive_rate,high,90000947,privileged_system,0.00165489
high_capacity,simulation_false_positive_rate,high,90000977,privileged_system,0.00167693
high_capacity,simulation_false_positive_rate,high,90000897,privileged_system,0.00171673
high_capacity,simulation_false_positive_rate,high,90000967,privileged_system,0.001741
high_capacity,simulation_false_positive_rate,high,90000802,privileged_system,0.00177381
high_capacity,simulation_false_positive_rate,high,90001137,privileged_system,0.00179018
high_capacity,simulation_false_positive_rate,high,90001192,privileged_system,0.00179489
high_capacity,simulation_false_positive_rate,high,90000982,privileged_system,0.00185548
high_capacity,simulation_false_positive_rate,high,90000937,privileged_system,0.00187616
high_capacity,simulation_false_positive_rate,high,90000927,privileged_system,0.00189864
high_capacity,simulation_false_positive_rate,high,90001167,privileged_system,0.00199799
high_capacity,simulation_false_positive_rate,high,90000939,vendor_connection,0.00131578
high_capacity,simulation_false_positive_rate,high,90000874,vendor_connection,0.00137424
high_capacity,simulation_false_positive_rate,high,90000804,vendor_connection,0.00144187
high_capacity,simulation_false_positive_rate,high,90001154,vendor_connection,0.00145108
high_capacity,simulation_false_positive_rate,high,90000994,vendor_connection,0.00145598
high_capacity,simulation_false_positive_rate,high,90000969,vendor_connection,0.00149217
high_capacity,simulation_false_positive_rate,high,90000844,vendor_connection,0.00152682
high_capacity,simulation_false_positive_rate,high,90001194,vendor_connection,0.00154963
high_capacity,simulation_false_positive_rate,high,90001129,vendor_connection,0.00156697
high_capacity,simulation_false_positive_rate,high,90001014,vendor_connection,0.00157314
high_capacity,simulation_false_positive_rate,high,90000859,vendor_connection,0.00161669
high_capacity,simulation_false_positive_rate,high,90001184,vendor_connection,0.00162303
high_capacity,simulation_false_positive_rate,high,90001064,vendor_connection,0.00164223
high_capacity,simulation_false_positive_rate,high,90001084,vendor_connection,0.00165407
high_capacity,simulation_false_positive_rate,high,90000989,vendor_connection,0.00165525
high_capacity,simulation_false_positive_rate,high,90001009,vendor_connection,0.00169562
high_capacity,simulation_false_positive_rate,high,90001029,vendor_connection,0.00173805
high_capacity,simulation_false_positive_rate,high,90000894,vendor_connection,0.00177158
high_capacity,simulation_false_positive_rate,high,90000899,vendor_connection,0.00184291
high_capacity,simulation_false_positive_rate,high,90001119,vendor_connection,0.00184555
high_capacity,simulation_false_positive_rate,high,90000984,vendor_connection,0.00191086
high_capacity,simulation_false_positive_rate,high,90000979,vendor_connection,0.00192936
high_capacity,simulation_false_positive_rate,high,90000854,vendor_connection,0.00194203
high_capacity,simulation_false_positive_rate,high,90000809,vendor_connection,0.00194451
high_capacity,simulation_false_positive_rate,high,90001134,vendor_connection,0.0019511
high_capacity,simulation_false_positive_rate,high,90001044,vendor_connection,0.00195939
high_capacity,simulation_false_positive_rate,high,90000970,workstation,0.00142592
high_capacity,simulation_false_positive_rate,high,90001000,workstation,0.00143532
high_capacity,simulation_false_positive_rate,high,90000845,workstation,0.00145785
high_capacity,simulation_false_positive_rate,high,90001045,workstation,0.00147107
high_capacity,simulation_false_positive_rate,high,90000955,workstation,0.00148323
high_capacity,simulation_false_positive_rate,high,90000900,workstation,0.0014911
high_capacity,simulation_false_positive_rate,high,90000870,workstation,0.00155729
high_capacity,simulation_false_positive_rate,high,90000945,workstation,0.00159783
high_capacity,simulation_false_positive_rate,high,90001090,workstation,0.00160905
high_capacity,simulation_false_positive_rate,high,90001150,workstation,0.00163384
high_capacity,simulation_false_positive_rate,high,90001180,workstation,0.00165981
high_capacity,simulation_false_positive_rate,high,90001185,workstation,0.00170479
high_capacity,simulation_false_positive_rate,high,90001010,workstation,0.00177871
high_capacity,simulation_false_positive_rate,high,90001100,workstation,0.00178175
high_capacity,simulation_false_positive_rate,high,90001175,workstation,0.00178232
high_capacity,simulation_false_positive_rate,high,90001160,workstation,0.00178437
high_capacity,simulation_false_positive_rate,high,90001075,workstation,0.00178903
high_capacity,simulation_false_positive_rate,high,90000860,workstation,0.00180203
high_capacity,simulation_false_positive_rate,high,90001050,workstation,0.00182414
high_capacity,simulation_false_positive_rate,high,90000920,workstation,0.00187956
high_capacity,simulation_false_positive_rate,high,90001035,workstation,0.00190269
high_capacity,simulation_false_positive_rate,high,90001155,workstation,0.00192368
high_capacity,simulation_false_positive_rate,high,90001170,workstation,0.00192964
high_capacity,simulation_false_positive_rate,high,90000835,workstation,0.00196756
high_capacity,simulation_false_positive_rate,high,90001135,workstation,0.00197481
high_capacity,simulation_false_positive_rate,high,90001040,workstation,0.00197835
high_capacity,simulation_identity_breach_multiplier,low,90000811,internet_facing,1.10145703
high_capacity,simulation_identity_breach_multiplier,low,90000841,internet_facing,1.10647559
high_capacity,simulation_identity_breach_multiplier,low,90001166,internet_facing,1.17111148
high_capacity,simulation_identity_breach_multiplier,low,90000991,internet_facing,1.18228116
high_capacity,simulation_identity_breach_multiplier,low,90001001,internet_facing,1.1824358
high_capacity,simulation_identity_breach_multiplier,low,90000806,internet_facing,1.1849495
high_capacity,simulation_identity_breach_multiplier,low,90000876,internet_facing,1.20122947
high_capacity,simulation_identity_breach_multiplier,low,90000931,internet_facing,1.20371166
high_capacity,simulation_identity_breach_multiplier,low,90000801,internet_facing,1.21202763
high_capacity,simulation_identity_breach_multiplier,low,90001126,internet_facing,1.21846889
high_capacity,simulation_identity_breach_multiplier,low,90000966,internet_facing,1.22996143
high_capacity,simulation_identity_breach_multiplier,low,90001181,internet_facing,1.23334098
high_capacity,simulation_identity_breach_multiplier,low,90001156,internet_facing,1.24167176
high_capacity,simulation_identity_breach_multiplier,low,90001006,internet_facing,1.24350492
high_capacity,simulation_identity_breach_multiplier,low,90000846,internet_facing,1.2465943
high_capacity,simulation_identity_breach_multiplier,low,90000951,internet_facing,1.25487217
high_capacity,simulation_identity_breach_multiplier,low,90001041,internet_facing,1.26762264
high_capacity,simulation_identity_breach_multiplier,low,90001191,internet_facing,1.26840831
high_capacity,simulation_identity_breach_multiplier,low,90000926,internet_facing,1.28258434
high_capacity,simulation_identity_breach_multiplier,low,90001021,internet_facing,1.34110876
high_capacity,simulation_identity_breach_multiplier,low,90001161,internet_facing,1.35126432
high_capacity,simulation_identity_breach_multiplier,low,90000921,internet_facing,1.35877684
high_capacity,simulation_identity_breach_multiplier,low,90001171,internet_facing,1.36241162
high_capacity,simulation_identity_breach_multiplier,low,90000891,internet_facing,1.39865879
high_capacity,simulation_identity_breach_multiplier,low,90001116,internet_facing,1.4013821
high_capacity,simulation_identity_breach_multiplier,low,90000826,internet_facing,1.46841792
high_capacity,simulation_identity_breach_multiplier,low,90000903,medical_device,1.10747073
high_capacity,simulation_identity_breach_multiplier,low,90000858,medical_device,1.13622061
high_capacity,simulation_identity_breach_multiplier,low,90000808,medical_device,1.15279025
high_capacity,simulation_identity_breach_multiplier,low,90001108,medical_device,1.17290943
high_capacity,simulation_identity_breach_multiplier,low,90001058,medical_device,1.21212658
high_capacity,simulation_identity_breach_multiplier,low,90001148,medical_device,1.21547943
high_capacity,simulation_identity_breach_multiplier,low,90001153,medical_device,1.21623427
high_capacity,simulation_identity_breach_multiplier,low,90001008,medical_device,1.23552685
high_capacity,simulation_identity_breach_multiplier,low,90001013,medical_device,1.23947543
high_capacity,simulation_identity_breach_multiplier,low,90001028,medical_device,1.25222135
high_capacity,simulation_identity_breach_multiplier,low,90001178,medical_device,1.26609486
high_capacity,simulation_identity_breach_multiplier,low,90000878,medical_device,1.29035898
high_capacity,simulation_identity_breach_multiplier,low,90001068,medical_device,1.30945922
high_capacity,simulation_identity_breach_multiplier,low,90000838,medical_device,1.31544619
high_capacity,simulation_identity_breach_multiplier,low,90000863,medical_device,1.34312457
high_capacity,simulation_identity_breach_multiplier,low,90001113,medical_device,1.35741181
high_capacity,simulation_identity_breach_multiplier,low,90001123,medical_device,1.36989722
high_capacity,simulation_identity_breach_multiplier,low,90000908,medical_device,1.37605596
high_capacity,simulation_identity_breach_multiplier,low,90000893,medical_device,1.40490016
high_capacity,simulation_identity_breach_multiplier,low,90001078,medical_device,1.41453358
high_capacity,simulation_identity_breach_multiplier,low,90000943,medical_device,1.41843932
high_capacity,simulation_identity_breach_multiplier,low,90000853,medical_device,1.43220751
high_capacity,simulation_identity_breach_multiplier,low,90000998,medical_device,1.43427965
high_capacity,simulation_identity_breach_multiplier,low,90001003,medical_device,1.43699111
high_capacity,simulation_identity_breach_multiplier,low,90001023,medical_device,1.43870006
high_capacity,simulation_identity_breach_multiplier,low,90000868,medical_device,1.44111073
high_capacity,simulation_identity_breach_multiplier,low,90000867,privileged_system,1.12507439
high_capacity,simulation_identity_breach_multiplier,low,90001077,privileged_system,1.12856039
high_capacity,simulation_identity_breach_multiplier,low,90000907,privileged_system,1.13280962
high_capacity,simulation_identity_breach_multiplier,low,90000812,privileged_system,1.15001627
high_capacity,simulation_identity_breach_multiplier,low,90000972,privileged_system,1.20031207
high_capacity,simulation_identity_breach_multiplier,low,90001022,privileged_system,1.20102919
high_capacity,simulation_identity_breach_multiplier,low,90000807,privileged_system,1.2166386
high_capacity,simulation_identity_breach_multiplier,low,90001032,privileged_system,1.23187639
high_capacity,simulation_identity_breach_multiplier,low,90001092,privileged_system,1.23968714
high_capacity,simulation_identity_breach_multiplier,low,90000982,privileged_system,1.26195695
high_capacity,simulation_identity_breach_multiplier,low,90001152,privileged_system,1.30216946
high_capacity,simulation_identity_breach_multiplier,low,90001057,privileged_system,1.32172
high_capacity,simulation_identity_breach_multiplier,low,90001067,privileged_system,1.32532843
high_capacity,simulation_identity_breach_multiplier,low,90000932,privileged_system,1.36091273
high_capacity,simulation_identity_breach_multiplier,low,90001182,privileged_system,1.37284535
high_capacity,simulation_identity_breach_multiplier,low,90001122,privileged_system,1.38458265
high_capacity,simulation_identity_breach_multiplier,low,90001047,privileged_system,1.38723371
high_capacity,simulation_identity_breach_multiplier,low,90001147,privileged_system,1.39610712
high_capacity,simulation_identity_breach_multiplier,low,90001137,privileged_system,1.43091066
high_capacity,simulation_identity_breach_multiplier,low,90000902,privileged_system,1.43621911
high_capacity,simulation_identity_breach_multiplier,low,90000987,privileged_system,1.46906621
high_capacity,simulation_identity_breach_multiplier,low,90000832,privileged_system,1.47835821
high_capacity,simulation_identity_breach_multiplier,low,90000862,privileged_system,1.52388287
high_capacity,simulation_identity_breach_multiplier,low,90000837,privileged_system,1.53605009
high_capacity,simulation_identity_breach_multiplier,low,90001102,privileged_system,1.5645273
high_capacity,simulation_identity_breach_multiplier,low,90001082,privileged_system,1.57098147
high_capacity,simulation_identity_breach_multiplier,low,90000994,vendor_connection,1.12810457
high_capacity,simulation_identity_breach_multiplier,low,90000909,vendor_connection,1.13206567
high_capacity,simulation_identity_breach_multiplier,low,90000884,vendor_connection,1.17590392
high_capacity,simulation_identity_breach_multiplier,low,90001074,vendor_connection,1.20407187
high_capacity,simulation_identity_breach_multiplier,low,90001129,vendor_connection,1.20993335
high_capacity,simulation_identity_breach_multiplier,low,90000979,vendor_connection,1.22822502
high_capacity,simulation_identity_breach_multiplier,low,90001174,vendor_connection,1.23501406
high_capacity,simulation_identity_breach_multiplier,low,90000974,vendor_connection,1.2925198
high_capacity,simulation_identity_breach_multiplier,low,90000964,vendor_connection,1.31001739
high_capacity,simulation_identity_breach_multiplier,low,90001184,vendor_connection,1.31959527
high_capacity,simulation_identity_breach_multiplier,low,90001044,vendor_connection,1.3249507
high_capacity,simulation_identity_breach_multiplier,low,90000854,vendor_connection,1.34443429
high_capacity,simulation_identity_breach_multiplier,low,90001099,vendor_connection,1.35091804
high_capacity,simulation_identity_breach_multiplier,low,90001039,vendor_connection,1.35301344
high_capacity,simulation_identity_breach_multiplier,low,90001069,vendor_connection,1.37108217
high_capacity,simulation_identity_breach_multiplier,low,90000919,vendor_connection,1.3841702
high_capacity,simulation_identity_breach_multiplier,low,90001084,vendor_connection,1.39464719
high_capacity,simulation_identity_breach_multiplier,low,90001059,vendor_connection,1.45358795
high_capacity,simulation_identity_breach_multiplier,low,90000889,vendor_connection,1.45605713
high_capacity,simulation_identity_breach_multiplier,low,90001159,vendor_connection,1.4749785
high_capacity,simulation_identity_breach_multiplier,low,90000904,vendor_connection,1.49641222
high_capacity,simulation_identity_breach_multiplier,low,90001004,vendor_connection,1.51511368
high_capacity,simulation_identity_breach_multiplier,low,90000879,vendor_connection,1.52130325
high_capacity,simulation_identity_breach_multiplier,low,90000999,vendor_connection,1.52913998
high_capacity,simulation_identity_breach_multiplier,low,90001154,vendor_connection,1.53377421
high_capacity,simulation_identity_breach_multiplier,low,90001164,vendor_connection,1.53884454
high_capacity,simulation_identity_breach_multiplier,low,90001195,workstation,1.14562968
high_capacity,simulation_identity_breach_multiplier,low,90000890,workstation,1.16522102
high_capacity,simulation_identity_breach_multiplier,low,90001190,workstation,1.16775634
high_capacity,simulation_identity_breach_multiplier,low,90001025,workstation,1.24638725
high_capacity,simulation_identity_breach_multiplier,low,90000860,workstation,1.24654208
high_capacity,simulation_identity_breach_multiplier,low,90000910,workstation,1.25092298
high_capacity,simulation_identity_breach_multiplier,low,90000845,workstation,1.27768847
high_capacity,simulation_identity_breach_multiplier,low,90001015,workstation,1.3018999
high_capacity,simulation_identity_breach_multiplier,low,90000955,workstation,1.30494191
high_capacity,simulation_identity_breach_multiplier,low,90000820,workstation,1.36137055
high_capacity,simulation_identity_breach_multiplier,low,90000870,workstation,1.36600192
high_capacity,simulation_identity_breach_multiplier,low,90001170,workstation,1.44251483
high_capacity,simulation_identity_breach_multiplier,low,90001075,workstation,1.4571344
high_capacity,simulation_identity_breach_multiplier,low,90000945,workstation,1.49432707
high_capacity,simulation_identity_breach_multiplier,low,90001085,workstation,1.50382419
high_capacity,simulation_identity_breach_multiplier,low,90001160,workstation,1.5162774
high_capacity,simulation_identity_breach_multiplier,low,90000840,workstation,1.52339846
high_capacity,simulation_identity_breach_multiplier,low,90000970,workstation,1.52516736
high_capacity,simulation_identity_breach_multiplier,low,90001120,workstation,1.55242867
high_capacity,simulation_identity_breach_multiplier,low,90000800,workstation,1.56443643
high_capacity,simulation_identity_breach_multiplier,low,90000865,workstation,1.57741311
high_capacity,simulation_identity_breach_multiplier,low,90000940,workstation,1.59214262
high_capacity,simulation_identity_breach_multiplier,low,90001175,workstation,1.598447
high_capacity,simulation_identity_breach_multiplier,low,90001110,workstation,1.61975503
high_capacity,simulation_identity_breach_multiplier,low,90001000,workstation,1.6312384
high_capacity,simulation_identity_breach_multiplier,low,90000985,workstation,1.65554281
high_capacity,simulation_identity_breach_multiplier,high,90001136,internet_facing,2.09068605
high_capacity,simulation_identity_breach_multiplier,high,90000866,internet_facing,2.1020141
high_capacity,simulation_identity_breach_multiplier,high,90000911,internet_facing,2.11562058
high_capacity,simulation_identity_breach_multiplier,high,90001151,internet_facing,2.11650776
high_capacity,simulation_identity_breach_multiplier,high,90000836,internet_facing,2.20156929
high_capacity,simulation_identity_breach_multiplier,high,90001036,internet_facing,2.23969662
high_capacity,simulation_identity_breach_multiplier,high,90001101,internet_facing,2.24343213
high_capacity,simulation_identity_breach_multiplier,high,90001196,internet_facing,2.26356943
high_capacity,simulation_identity_breach_multiplier,high,90001056,internet_facing,2.26977571
high_capacity,simulation_identity_breach_multiplier,high,90000996,internet_facing,2.28524
high_capacity,simulation_identity_breach_multiplier,high,90000956,internet_facing,2.29081697
high_capacity,simulation_identity_breach_multiplier,high,90000976,internet_facing,2.31111477
high_capacity,simulation_identity_breach_multiplier,high,90000901,internet_facing,2.33020416
high_capacity,simulation_identity_breach_multiplier,high,90001121,internet_facing,2.35606196
high_capacity,simulation_identity_breach_multiplier,high,90001081,internet_facing,2.36308368
high_capacity,simulation_identity_breach_multiplier,high,90000861,internet_facing,2.37033072
high_capacity,simulation_identity_breach_multiplier,high,90001051,internet_facing,2.37096974
high_capacity,simulation_identity_breach_multiplier,high,90001131,internet_facing,2.37586686
high_capacity,simulation_identity_breach_multiplier,high,90001031,internet_facing,2.39088185
high_capacity,simulation_identity_breach_multiplier,high,90000886,internet_facing,2.41779755
high_capacity,simulation_identity_breach_multiplier,high,90001146,internet_facing,2.4317064
high_capacity,simulation_identity_breach_multiplier,high,90001091,internet_facing,2.43958616
high_capacity,simulation_identity_breach_multiplier,high,90001061,internet_facing,2.44788219
high_capacity,simulation_identity_breach_multiplier,high,90001086,internet_facing,2.46229411
high_capacity,simulation_identity_breach_multiplier,high,90001096,internet_facing,2.48340654
high_capacity,simulation_identity_breach_multiplier,high,90000986,internet_facing,2.48560186
high_capacity,simulation_identity_breach_multiplier,high,90000848,medical_device,1.91379387
high_capacity,simulation_identity_breach_multiplier,high,90000918,medical_device,1.95641285
high_capacity,simulation_identity_breach_multiplier,high,90001053,medical_device,1.97014591
high_capacity,simulation_identity_breach_multiplier,high,90000948,medical_device,1.98435279
high_capacity,simulation_identity_breach_multiplier,high,90001038,medical_device,2.05349864
high_capacity,simulation_identity_breach_multiplier,high,90000973,medical_device,2.07388058
high_capacity,simulation_identity_breach_multiplier,high,90000993,medical_device,2.07921796
high_capacity,simulation_identity_breach_multiplier,high,90000883,medical_device,2.08408481
high_capacity,simulation_identity_breach_multiplier,high,90001088,medical_device,2.0965864
high_capacity,simulation_identity_breach_multiplier,high,90000923,medical_device,2.09805289
high_capacity,simulation_identity_breach_multiplier,high,90000938,medical_device,2.11475311
high_capacity,simulation_identity_breach_multiplier,high,90001083,medical_device,2.1396665
high_capacity,simulation_identity_breach_multiplier,high,90001093,medical_device,2.14468548
high_capacity,simulation_identity_breach_multiplier,high,90000898,medical_device,2.14605724
high_capacity,simulation_identity_breach_multiplier,high,90000988,medical_device,2.16605414
high_capacity,simulation_identity_breach_multiplier,high,90001063,medical_device,2.17321049
high_capacity,simulation_identity_breach_multiplier,high,90000803,medical_device,2.17560293
high_capacity,simulation_identity_breach_multiplier,high,90001103,medical_device,2.20144727
high_capacity,simulation_identity_breach_multiplier,high,90000823,medical_device,2.2120897
high_capacity,simulation_identity_breach_multiplier,high,90000968,medical_device,2.23825877
high_capacity,simulation_identity_breach_multiplier,high,90001033,medical_device,2.3015161
high_capacity,simulation_identity_breach_multiplier,high,90001073,medical_device,2.33512674
high_capacity,simulation_identity_breach_multiplier,high,90000958,medical_device,2.35257003
high_capacity,simulation_identity_breach_multiplier,high,90001143,medical_device,2.37200143
high_capacity,simulation_identity_breach_multiplier,high,90001183,medical_device,2.39272668
high_capacity,simulation_identity_breach_multiplier,high,90000828,medical_device,2.46045892
high_capacity,simulation_identity_breach_multiplier,high,90001187,privileged_system,2.06956231
high_capacity,simulation_identity_breach_multiplier,high,90001172,privileged_system,2.0718967
high_capacity,simulation_identity_breach_multiplier,high,90000872,privileged_system,2.08011619
high_capacity,simulation_identity_breach_multiplier,high,90001162,privileged_system,2.11362929
high_capacity,simulation_identity_breach_multiplier,high,90000887,privileged_system,2.11966073
high_capacity,simulation_identity_breach_multiplier,high,90000852,privileged_system,2.13114765
high_capacity,simulation_identity_breach_multiplier,high,90001192,privileged_system,2.15320718
high_capacity,simulation_identity_breach_multiplier,high,90000992,privileged_system,2.17161655
high_capacity,simulation_identity_breach_multiplier,high,90001062,privileged_system,2.19293816
high_capacity,simulation_identity_breach_multiplier,high,90001012,privileged_system,2.28527683
high_capacity,simulation_identity_breach_multiplier,high,90000802,privileged_system,2.31438576
high_capacity,simulation_identity_breach_multiplier,high,90001157,privileged_system,2.32551034
high_capacity,simulation_identity_breach_multiplier,high,90001097,privileged_system,2.34779222
high_capacity,simulation_identity_breach_multiplier,high,90000877,privileged_system,2.37039938
high_capacity,simulation_identity_breach_multiplier,high,90001197,privileged_system,2.38273564
high_capacity,simulation_identity_breach_multiplier,high,90000942,privileged_system,2.40727678
high_capacity,simulation_identity_breach_multiplier,high,90000977,privileged_system,2.40987096
high_capacity,simulation_identity_breach_multiplier,high,90000947,privileged_system,2.41345277
high_capacity,simulation_identity_breach_multiplier,high,90000912,privileged_system,2.41346819
high_capacity,simulation_identity_breach_multiplier,high,90000957,privileged_system,2.41377879
high_capacity,simulation_identity_breach_multiplier,high,90001037,privileged_system,2.41538208
high_capacity,simulation_identity_breach_multiplier,high,90000897,privileged_system,2.42628456
high_capacity,simulation_identity_breach_multiplier,high,90001052,privileged_system,2.45122821
high_capacity,simulation_identity_breach_multiplier,high,90001112,privileged_system,2.45361121
high_capacity,simulation_identity_breach_multiplier,high,90001107,privileged_system,2.46374252
high_capacity,simulation_identity_breach_multiplier,high,90000857,privileged_system,2.48923576
high_capacity,simulation_identity_breach_multiplier,high,90000954,vendor_connection,2.04336114
high_capacity,simulation_identity_breach_multiplier,high,90000914,vendor_connection,2.06874825
high_capacity,simulation_identity_breach_multiplier,high,90001124,vendor_connection,2.0725864
high_capacity,simulation_identity_breach_multiplier,high,90000984,vendor_connection,2.07725317
high_capacity,simulation_identity_breach_multiplier,high,90001014,vendor_connection,2.14055493
high_capacity,simulation_identity_breach_multiplier,high,90000874,vendor_connection,2.15307398
high_capacity,simulation_identity_breach_multiplier,high,90000969,vendor_connection,2.1634141
high_capacity,simulation_identity_breach_multiplier,high,90000929,vendor_connection,2.1893014
high_capacity,simulation_identity_breach_multiplier,high,90000849,vendor_connection,2.24882037
high_capacity,simulation_identity_breach_multiplier,high,90001079,vendor_connection,2.25612618
high_capacity,simulation_identity_breach_multiplier,high,90000959,vendor_connection,2.26580941
high_capacity,simulation_identity_breach_multiplier,high,90000864,vendor_connection,2.28099474
high_capacity,simulation_identity_breach_multiplier,high,90001049,vendor_connection,2.2925137
high_capacity,simulation_identity_breach_multiplier,high,90001104,vendor_connection,2.3035759
high_capacity,simulation_identity_breach_multiplier,high,90000834,vendor_connection,2.31843826
high_capacity,simulation_identity_breach_multiplier,high,90001114,vendor_connection,2.33265462
high_capacity,simulation_identity_breach_multiplier,high,90001054,vendor_connection,2.33939822
high_capacity,simulation_identity_breach_multiplier,high,90000804,vendor_connection,2.3474687
high_capacity,simulation_identity_breach_multiplier,high,90000859,vendor_connection,2.353686
high_capacity,simulation_identity_breach_multiplier,high,90001109,vendor_connection,2.36430137
high_capacity,simulation_identity_breach_multiplier,high,90000869,vendor_connection,2.37951443
high_capacity,simulation_identity_breach_multiplier,high,90001199,vendor_connection,2.40924468
high_capacity,simulation_identity_breach_multiplier,high,90001094,vendor_connection,2.42058768
high_capacity,simulation_identity_breach_multiplier,high,90001144,vendor_connection,2.42403772
high_capacity,simulation_identity_breach_multiplier,high,90000829,vendor_connection,2.42872005
high_capacity,simulation_identity_breach_multiplier,high,90001134,vendor_connection,2.43491896
high_capacity,simulation_identity_breach_multiplier,high,90001140,workstation,1.98501932
high_capacity,simulation_identity_breach_multiplier,high,90001180,workstation,1.98787554
high_capacity,simulation_identity_breach_multiplier,high,90001045,workstation,2.01936855
high_capacity,simulation_identity_breach_multiplier,high,90000930,workstation,2.0413331
high_capacity,simulation_identity_breach_multiplier,high,90000975,workstation,2.05363744
high_capacity,simulation_identity_breach_multiplier,high,90001105,workstation,2.07608828
high_capacity,simulation_identity_breach_multiplier,high,90000895,workstation,2.0802162
high_capacity,simulation_identity_breach_multiplier,high,90001020,workstation,2.08561018
high_capacity,simulation_identity_breach_multiplier,high,90001040,workstation,2.10659868
high_capacity,simulation_identity_breach_multiplier,high,90001165,workstation,2.10818996
high_capacity,simulation_identity_breach_multiplier,high,90001135,workstation,2.149153
high_capacity,simulation_identity_breach_multiplier,high,90000950,workstation,2.17302862
high_capacity,simulation_identity_breach_multiplier,high,90001155,workstation,2.17774464
high_capacity,simulation_identity_breach_multiplier,high,90000850,workstation,2.19493462
high_capacity,simulation_identity_breach_multiplier,high,90000885,workstation,2.2044942
high_capacity,simulation_identity_breach_multiplier,high,90001100,workstation,2.23348132
high_capacity,simulation_identity_breach_multiplier,high,90000905,workstation,2.24526793
high_capacity,simulation_identity_breach_multiplier,high,90000825,workstation,2.26203302
high_capacity,simulation_identity_breach_multiplier,high,90000990,workstation,2.26552143
high_capacity,simulation_identity_breach_multiplier,high,90000810,workstation,2.28451222
high_capacity,simulation_identity_breach_multiplier,high,90000875,workstation,2.31231442
high_capacity,simulation_identity_breach_multiplier,high,90001055,workstation,2.3595185
high_capacity,simulation_identity_breach_multiplier,high,90001010,workstation,2.41315159
high_capacity,simulation_identity_breach_multiplier,high,90000960,workstation,2.45663226
high_capacity,simulation_identity_breach_multiplier,high,90001035,workstation,2.48542959
high_capacity,simulation_identity_breach_multiplier,high,90001060,workstation,2.49279414
high_capacity,simulation_identity_control_coverage,low,90000836,internet_facing,0.60265551
high_capacity,simulation_identity_control_coverage,low,90001121,internet_facing,0.6062185
high_capacity,simulation_identity_control_coverage,low,90000811,internet_facing,0.61120681
high_capacity,simulation_identity_control_coverage,low,90000946,internet_facing,0.61477225
high_capacity,simulation_identity_control_coverage,low,90001131,internet_facing,0.61985871
high_capacity,simulation_identity_control_coverage,low,90001111,internet_facing,0.63292064
high_capacity,simulation_identity_control_coverage,low,90000846,internet_facing,0.63300047
high_capacity,simulation_identity_control_coverage,low,90000926,internet_facing,0.636992
high_capacity,simulation_identity_control_coverage,low,90001101,internet_facing,0.63737931
high_capacity,simulation_identity_control_coverage,low,90001151,internet_facing,0.63786337
high_capacity,simulation_identity_control_coverage,low,90001156,internet_facing,0.64303903
high_capacity,simulation_identity_control_coverage,low,90001166,internet_facing,0.64875121
high_capacity,simulation_identity_control_coverage,low,90001081,internet_facing,0.65033468
high_capacity,simulation_identity_control_coverage,low,90001036,internet_facing,0.65038811
high_capacity,simulation_identity_control_coverage,low,90001196,internet_facing,0.65430389
high_capacity,simulation_identity_control_coverage,low,90001011,internet_facing,0.6619597
high_capacity,simulation_identity_control_coverage,low,90000931,internet_facing,0.6711743
high_capacity,simulation_identity_control_coverage,low,90001066,internet_facing,0.68230486
high_capacity,simulation_identity_control_coverage,low,90000886,internet_facing,0.68264875
high_capacity,simulation_identity_control_coverage,low,90001091,internet_facing,0.68497537
high_capacity,simulation_identity_control_coverage,low,90000861,internet_facing,0.69449767
high_capacity,simulation_identity_control_coverage,low,90000981,internet_facing,0.70183142
high_capacity,simulation_identity_control_coverage,low,90000941,internet_facing,0.70525216
high_capacity,simulation_identity_control_coverage,low,90001171,internet_facing,0.71499554
high_capacity,simulation_identity_control_coverage,low,90000806,internet_facing,0.72086939
high_capacity,simulation_identity_control_coverage,low,90001046,internet_facing,0.72654256
high_capacity,simulation_identity_control_coverage,low,90001138,medical_device,0.6077885
high_capacity,simulation_identity_control_coverage,low,90001098,medical_device,0.61292402
high_capacity,simulation_identity_control_coverage,low,90000843,medical_device,0.61700233
high_capacity,simulation_identity_control_coverage,low,90000893,medical_device,0.6232551
high_capacity,simulation_identity_control_coverage,low,90000948,medical_device,0.62478007
high_capacity,simulation_identity_control_coverage,low,90001143,medical_device,0.62496205
high_capacity,simulation_identity_control_coverage,low,90000838,medical_device,0.62655941
high_capacity,simulation_identity_control_coverage,low,90001183,medical_device,0.62887598
high_capacity,simulation_identity_control_coverage,low,90001013,medical_device,0.64129577
high_capacity,simulation_identity_control_coverage,low,90000853,medical_device,0.64188457
high_capacity,simulation_identity_control_coverage,low,90000938,medical_device,0.64226165
high_capacity,simulation_identity_control_coverage,low,90000978,medical_device,0.64687461
high_capacity,simulation_identity_control_coverage,low,90000808,medical_device,0.64811243
high_capacity,simulation_identity_control_coverage,low,90001128,medical_device,0.65181711
high_capacity,simulation_identity_control_coverage,low,90001163,medical_device,0.65505031
high_capacity,simulation_identity_control_coverage,low,90001068,medical_device,0.6604759
high_capacity,simulation_identity_control_coverage,low,90001038,medical_device,0.66128063
high_capacity,simulation_identity_control_coverage,low,90000913,medical_device,0.66247071
high_capacity,simulation_identity_control_coverage,low,90000983,medical_device,0.66520721
high_capacity,simulation_identity_control_coverage,low,90000823,medical_device,0.67222991
high_capacity,simulation_identity_control_coverage,low,90001178,medical_device,0.67428293
high_capacity,simulation_identity_control_coverage,low,90001028,medical_device,0.6756517
high_capacity,simulation_identity_control_coverage,low,90001083,medical_device,0.67669347
high_capacity,simulation_identity_control_coverage,low,90001043,medical_device,0.67727962
high_capacity,simulation_identity_control_coverage,low,90001053,medical_device,0.6817773
high_capacity,simulation_identity_control_coverage,low,90000963,medical_device,0.69193771
high_capacity,simulation_identity_control_coverage,low,90001197,privileged_system,0.60363609
high_capacity,simulation_identity_control_coverage,low,90001167,privileged_system,0.60865201
high_capacity,simulation_identity_control_coverage,low,90000917,privileged_system,0.61561975
high_capacity,simulation_identity_control_coverage,low,90000972,privileged_system,0.61603312
high_capacity,simulation_identity_control_coverage,low,90001012,privileged_system,0.6173957
high_capacity,simulation_identity_control_coverage,low,90001162,privileged_system,0.6289738
high_capacity,simulation_identity_control_coverage,low,90001192,privileged_system,0.63390727
high_capacity,simulation_identity_control_coverage,low,90001102,privileged_system,0.63875578
high_capacity,simulation_identity_control_coverage,low,90001017,privileged_system,0.66688256
high_capacity,simulation_identity_control_coverage,low,90000887,privileged_system,0.67532903
high_capacity,simulation_identity_control_coverage,low,90001027,privileged_system,0.67979006
high_capacity,simulation_identity_control_coverage,low,90000902,privileged_system,0.68461459
high_capacity,simulation_identity_control_coverage,low,90001117,privileged_system,0.6869717
high_capacity,simulation_identity_control_coverage,low,90000837,privileged_system,0.6872787
high_capacity,simulation_identity_control_coverage,low,90000922,privileged_system,0.69292844
high_capacity,simulation_identity_control_coverage,low,90000997,privileged_system,0.70226381
high_capacity,simulation_identity_control_coverage,low,90001042,privileged_system,0.70820562
high_capacity,simulation_identity_control_coverage,low,90001032,privileged_system,0.70932771
high_capacity,simulation_identity_control_coverage,low,90000802,privileged_system,0.72334776
high_capacity,simulation_identity_control_coverage,low,90000812,privileged_system,0.72449288
high_capacity,simulation_identity_control_coverage,low,90001107,privileged_system,0.72845788
high_capacity,simulation_identity_control_coverage,low,90000982,privileged_system,0.73286207
high_capacity,simulation_identity_control_coverage,low,90000977,privileged_system,0.73393735
high_capacity,simulation_identity_control_coverage,low,90001142,privileged_system,0.7395725
high_capacity,simulation_identity_control_coverage,low,90000822,privileged_system,0.73963106
high_capacity,simulation_identity_control_coverage,low,90001112,privileged_system,0.74044794
high_capacity,simulation_identity_control_coverage,low,90001184,vendor_connection,0.60003344
high_capacity,simulation_identity_control_coverage,low,90001124,vendor_connection,0.60054965
high_capacity,simulation_identity_control_coverage,low,90000914,vendor_connection,0.60131144
high_capacity,simulation_identity_control_coverage,low,90001149,vendor_connection,0.60228618
high_capacity,simulation_identity_control_coverage,low,90001169,vendor_connection,0.61096726
high_capacity,simulation_identity_control_coverage,low,90001114,vendor_connection,0.62633254
high_capacity,simulation_identity_control_coverage,low,90000969,vendor_connection,0.62961145
high_capacity,simulation_identity_control_coverage,low,90001129,vendor_connection,0.63084736
high_capacity,simulation_identity_control_coverage,low,90001104,vendor_connection,0.63189321
high_capacity,simulation_identity_control_coverage,low,90000884,vendor_connection,0.63281911
high_capacity,simulation_identity_control_coverage,low,90000824,vendor_connection,0.63618494
high_capacity,simulation_identity_control_coverage,low,90001064,vendor_connection,0.63904297
high_capacity,simulation_identity_control_coverage,low,90000974,vendor_connection,0.64440679
high_capacity,simulation_identity_control_coverage,low,90000804,vendor_connection,0.64823887
high_capacity,simulation_identity_control_coverage,low,90001199,vendor_connection,0.64853154
high_capacity,simulation_identity_control_coverage,low,90001054,vendor_connection,0.65089022
high_capacity,simulation_identity_control_coverage,low,90001024,vendor_connection,0.65370805
high_capacity,simulation_identity_control_coverage,low,90000894,vendor_connection,0.65771325
high_capacity,simulation_identity_control_coverage,low,90000949,vendor_connection,0.66312184
high_capacity,simulation_identity_control_coverage,low,90001089,vendor_connection,0.6677142
high_capacity,simulation_identity_control_coverage,low,90001099,vendor_connection,0.6717244
high_capacity,simulation_identity_control_coverage,low,90000939,vendor_connection,0.67519771
high_capacity,simulation_identity_control_coverage,low,90000964,vendor_connection,0.68087916
high_capacity,simulation_identity_control_coverage,low,90000904,vendor_connection,0.68319348
high_capacity,simulation_identity_control_coverage,low,90000934,vendor_connection,0.6871222
high_capacity,simulation_identity_control_coverage,low,90001084,vendor_connection,0.68713646
high_capacity,simulation_identity_control_coverage,low,90001090,workstation,0.60202243
high_capacity,simulation_identity_control_coverage,low,90000985,workstation,0.61580764
high_capacity,simulation_identity_control_coverage,low,90001190,workstation,0.61706334
high_capacity,simulation_identity_control_coverage,low,90001195,workstation,0.61772952
high_capacity,simulation_identity_control_coverage,low,90001010,workstation,0.62594169
high_capacity,simulation_identity_control_coverage,low,90000960,workstation,0.62624884
high_capacity,simulation_identity_control_coverage,low,90001155,workstation,0.6288928
high_capacity,simulation_identity_control_coverage,low,90001080,workstation,0.63073177
high_capacity,simulation_identity_control_coverage,low,90001025,workstation,0.63642362
high_capacity,simulation_identity_control_coverage,low,90000975,workstation,0.6382503
high_capacity,simulation_identity_control_coverage,low,90000920,workstation,0.63903032
high_capacity,simulation_identity_control_coverage,low,90000845,workstation,0.63930185
high_capacity,simulation_identity_control_coverage,low,90001075,workstation,0.64439152
high_capacity,simulation_identity_control_coverage,low,90001105,workstation,0.6505141
high_capacity,simulation_identity_control_coverage,low,90001000,workstation,0.66151889
high_capacity,simulation_identity_control_coverage,low,90001125,workstation,0.66593725
high_capacity,simulation_identity_control_coverage,low,90001160,workstation,0.66918443
high_capacity,simulation_identity_control_coverage,low,90000880,workstation,0.67160466
high_capacity,simulation_identity_control_coverage,low,90001110,workstation,0.67848124
high_capacity,simulation_identity_control_coverage,low,90001035,workstation,0.68548719
high_capacity,simulation_identity_control_coverage,low,90001050,workstation,0.69081301
high_capacity,simulation_identity_control_coverage,low,90001065,workstation,0.69129616
high_capacity,simulation_identity_control_coverage,low,90000835,workstation,0.69203269
high_capacity,simulation_identity_control_coverage,low,90000970,workstation,0.69306271
high_capacity,simulation_identity_control_coverage,low,90000890,workstation,0.69600141
high_capacity,simulation_identity_control_coverage,low,90000905,workstation,0.69605016
high_capacity,simulation_identity_control_coverage,high,90000866,internet_facing,0.84821914
high_capacity,simulation_identity_control_coverage,high,90001041,internet_facing,0.85489637
high_capacity,simulation_identity_control_coverage,high,90001071,internet_facing,0.85506859
high_capacity,simulation_identity_control_coverage,high,90001061,internet_facing,0.85635002
high_capacity,simulation_identity_control_coverage,high,90001161,internet_facing,0.86684357
high_capacity,simulation_identity_control_coverage,high,90001096,internet_facing,0.8711015
high_capacity,simulation_identity_control_coverage,high,90001021,internet_facing,0.8730531
high_capacity,simulation_identity_control_coverage,high,90001116,internet_facing,0.88025028
high_capacity,simulation_identity_control_coverage,high,90001141,internet_facing,0.88092144
high_capacity,simulation_identity_control_coverage,high,90001146,internet_facing,0.8860006
high_capacity,simulation_identity_control_coverage,high,90000901,internet_facing,0.88727956
high_capacity,simulation_identity_control_coverage,high,90001056,internet_facing,0.89034534
high_capacity,simulation_identity_control_coverage,high,90001126,internet_facing,0.89452295
high_capacity,simulation_identity_control_coverage,high,90000821,internet_facing,0.89499578
high_capacity,simulation_identity_control_coverage,high,90001136,internet_facing,0.8997416
high_capacity,simulation_identity_control_coverage,high,90001051,internet_facing,0.90041458
high_capacity,simulation_identity_control_coverage,high,90001181,internet_facing,0.90275964
high_capacity,simulation_identity_control_coverage,high,90000871,internet_facing,0.92338942
high_capacity,simulation_identity_control_coverage,high,90001001,internet_facing,0.9271698
high_capacity,simulation_identity_control_coverage,high,90000951,internet_facing,0.92915977
high_capacity,simulation_identity_control_coverage,high,90000976,internet_facing,0.92952024
high_capacity,simulation_identity_control_coverage,high,90000801,internet_facing,0.93142268
high_capacity,simulation_identity_control_coverage,high,90000851,internet_facing,0.93245592
high_capacity,simulation_identity_control_coverage,high,90000881,internet_facing,0.93432987
high_capacity,simulation_identity_control_coverage,high,90000936,internet_facing,0.93880131
high_capacity,simulation_identity_control_coverage,high,90000956,internet_facing,0.94821852
high_capacity,simulation_identity_control_coverage,high,90000973,medical_device,0.8123256
high_capacity,simulation_identity_control_coverage,high,90000953,medical_device,0.82466853
high_capacity,simulation_identity_control_coverage,high,90001188,medical_device,0.8331437
high_capacity,simulation_identity_control_coverage,high,90000818,medical_device,0.83496364
high_capacity,simulation_identity_control_coverage,high,90001158,medical_device,0.84505634
high_capacity,simulation_identity_control_coverage,high,90000928,medical_device,0.84672566
high_capacity,simulation_identity_control_coverage,high,90000993,medical_device,0.85527596
high_capacity,simulation_identity_control_coverage,high,90000933,medical_device,0.85892148
high_capacity,simulation_identity_control_coverage,high,90001033,medical_device,0.86050798
high_capacity,simulation_identity_control_coverage,high,90001088,medical_device,0.86235292
high_capacity,simulation_identity_control_coverage,high,90000868,medical_device,0.86527279
high_capacity,simulation_identity_control_coverage,high,90001133,medical_device,0.87213423
high_capacity,simulation_identity_control_coverage,high,90000943,medical_device,0.87826932
high_capacity,simulation_identity_control_coverage,high,90000803,medical_device,0.88248635
high_capacity,simulation_identity_control_coverage,high,90000833,medical_device,0.88321515
high_capacity,simulation_identity_control_coverage,high,90000873,medical_device,0.88379313
high_capacity,simulation_identity_control_coverage,high,90001058,medical_device,0.88711483
high_capacity,simulation_identity_control_coverage,high,90001153,medical_device,0.89831668
high_capacity,simulation_identity_control_coverage,high,90000903,medical_device,0.90074596
high_capacity,simulation_identity_control_coverage,high,90000923,medical_device,0.90795599
high_capacity,simulation_identity_control_coverage,high,90000898,medical_device,0.93587189
high_capacity,simulation_identity_control_coverage,high,90000908,medical_device,0.93611037
high_capacity,simulation_identity_control_coverage,high,90000958,medical_device,0.93852331
high_capacity,simulation_identity_control_coverage,high,90001173,medical_device,0.93943142
high_capacity,simulation_identity_control_coverage,high,90001113,medical_device,0.94184484
high_capacity,simulation_identity_control_coverage,high,90000858,medical_device,0.94767351
high_capacity,simulation_identity_control_coverage,high,90000932,privileged_system,0.87092848
high_capacity,simulation_identity_control_coverage,high,90001122,privileged_system,0.87389828
high_capacity,simulation_identity_control_coverage,high,90001052,privileged_system,0.87396569
high_capacity,simulation_identity_control_coverage,high,90000847,privileged_system,0.87923907
high_capacity,simulation_identity_control_coverage,high,90001057,privileged_system,0.87931305
high_capacity,simulation_identity_control_coverage,high,90000967,privileged_system,0.88001667
high_capacity,simulation_identity_control_coverage,high,90001022,privileged_system,0.88167462
high_capacity,simulation_identity_control_coverage,high,90001072,privileged_system,0.88341654
high_capacity,simulation_identity_control_coverage,high,90001187,privileged_system,0.88381714
high_capacity,simulation_identity_control_coverage,high,90000992,privileged_system,0.8859873
high_capacity,simulation_identity_control_coverage,high,90001002,privileged_system,0.88627443
high_capacity,simulation_identity_control_coverage,high,90001062,privileged_system,0.8867981
high_capacity,simulation_identity_control_coverage,high,90001127,privileged_system,0.88874664
high_capacity,simulation_identity_control_coverage,high,90000962,privileged_system,0.88920778
high_capacity,simulation_identity_control_coverage,high,90000872,privileged_system,0.89798155
high_capacity,simulation_identity_control_coverage,high,90000807,privileged_system,0.90111501
high_capacity,simulation_identity_control_coverage,high,90001092,privileged_system,0.91664379
high_capacity,simulation_identity_control_coverage,high,90000907,privileged_system,0.92549778
high_capacity,simulation_identity_control_coverage,high,90000987,privileged_system,0.92932479
high_capacity,simulation_identity_control_coverage,high,90000892,privileged_system,0.93152436
high_capacity,simulation_identity_control_coverage,high,90000877,privileged_system,0.93394505
high_capacity,simulation_identity_control_coverage,high,90001097,privileged_system,0.93473098
high_capacity,simulation_identity_control_coverage,high,90001177,privileged_system,0.93796766
high_capacity,simulation_identity_control_coverage,high,90001067,privileged_system,0.94003206
high_capacity,simulation_identity_control_coverage,high,90001157,privileged_system,0.94237354
high_capacity,simulation_identity_control_coverage,high,90001087,privileged_system,0.94319256
high_capacity,simulation_identity_control_coverage,high,90001194,vendor_connection,0.82082893
high_capacity,simulation_identity_control_coverage,high,90000859,vendor_connection,0.82175419
high_capacity,simulation_identity_control_coverage,high,90000814,vendor_connection,0.83106442
high_capacity,simulation_identity_control_coverage,high,90001189,vendor_connection,0.83112569
high_capacity,simulation_identity_control_coverage,high,90000899,vendor_connection,0.83710856
high_capacity,simulation_identity_control_coverage,high,90001039,vendor_connection,0.83908131
high_capacity,simulation_identity_control_coverage,high,90000874,vendor_connection,0.84179117
high_capacity,simulation_identity_control_coverage,high,90000924,vendor_connection,0.85180349
high_capacity,simulation_identity_control_coverage,high,90001094,vendor_connection,0.85289506
high_capacity,simulation_identity_control_coverage,high,90000929,vendor_connection,0.86420929
high_capacity,simulation_identity_control_coverage,high,90000954,vendor_connection,0.87084986
high_capacity,simulation_identity_control_coverage,high,90001154,vendor_connection,0.87669649
high_capacity,simulation_identity_control_coverage,high,90000989,vendor_connection,0.88310505
high_capacity,simulation_identity_control_coverage,high,90000984,vendor_connection,0.88347576
high_capacity,simulation_identity_control_coverage,high,90001174,vendor_connection,0.89409728
high_capacity,simulation_identity_control_coverage,high,90000994,vendor_connection,0.89505342
high_capacity,simulation_identity_control_coverage,high,90000959,vendor_connection,0.90390742
high_capacity,simulation_identity_control_coverage,high,90000919,vendor_connection,0.90724953
high_capacity,simulation_identity_control_coverage,high,90001034,vendor_connection,0.91461982
high_capacity,simulation_identity_control_coverage,high,90001079,vendor_connection,0.91472422
high_capacity,simulation_identity_control_coverage,high,90000979,vendor_connection,0.91837292
high_capacity,simulation_identity_control_coverage,high,90001009,vendor_connection,0.92550737
high_capacity,simulation_identity_control_coverage,high,90000844,vendor_connection,0.93074109
high_capacity,simulation_identity_control_coverage,high,90000864,vendor_connection,0.93810477
high_capacity,simulation_identity_control_coverage,high,90001139,vendor_connection,0.93826839
high_capacity,simulation_identity_control_coverage,high,90000834,vendor_connection,0.94983125
high_capacity,simulation_identity_control_coverage,high,90001015,workstation,0.84533126
high_capacity,simulation_identity_control_coverage,high,90001100,workstation,0.84605809
high_capacity,simulation_identity_control_coverage,high,90000980,workstation,0.84906658
high_capacity,simulation_identity_control_coverage,high,90000965,workstation,0.85185086
high_capacity,simulation_identity_control_coverage,high,90000915,workstation,0.85355622
high_capacity,simulation_identity_control_coverage,high,90001085,workstation,0.86487441
high_capacity,simulation_identity_control_coverage,high,90000815,workstation,0.8660145
high_capacity,simulation_identity_control_coverage,high,90001180,workstation,0.88254251
high_capacity,simulation_identity_control_coverage,high,90001020,workstation,0.88543058
high_capacity,simulation_identity_control_coverage,high,90000945,workstation,0.88760709
high_capacity,simulation_identity_control_coverage,high,90000995,workstation,0.88978905
high_capacity,simulation_identity_control_coverage,high,90000895,workstation,0.89383373
high_capacity,simulation_identity_control_coverage,high,90000850,workstation,0.90151336
high_capacity,simulation_identity_control_coverage,high,90001030,workstation,0.90650733
high_capacity,simulation_identity_control_coverage,high,90001145,workstation,0.90691355
high_capacity,simulation_identity_control_coverage,high,90001005,workstation,0.91521112
high_capacity,simulation_identity_control_coverage,high,90001130,workstation,0.91570421
high_capacity,simulation_identity_control_coverage,high,90000810,workstation,0.92091172
high_capacity,simulation_identity_control_coverage,high,90000870,workstation,0.92494127
high_capacity,simulation_identity_control_coverage,high,90000990,workstation,0.93670488
high_capacity,simulation_identity_control_coverage,high,90000875,workstation,0.9406794
high_capacity,simulation_identity_control_coverage,high,90000865,workstation,0.94293593
high_capacity,simulation_identity_control_coverage,high,90000930,workstation,0.94405761
high_capacity,simulation_identity_control_coverage,high,90001120,workstation,0.94556846
high_capacity,simulation_identity_control_coverage,high,90000900,workstation,0.94573947
high_capacity,simulation_identity_control_coverage,high,90001055,workstation,0.94875053
high_capacity,simulation_identity_control_effectiveness,low,90000836,internet_facing,0.42648167
high_capacity,simulation_identity_control_effectiveness,low,90001056,internet_facing,0.42788155
high_capacity,simulation_identity_control_effectiveness,low,90001026,internet_facing,0.43186788
high_capacity,simulation_identity_control_effectiveness,low,90000821,internet_facing,0.43221701
high_capacity,simulation_identity_control_effectiveness,low,90001081,internet_facing,0.43818448
high_capacity,simulation_identity_control_effectiveness,low,90000946,internet_facing,0.44635716
high_capacity,simulation_identity_control_effectiveness,low,90000976,internet_facing,0.46560059
high_capacity,simulation_identity_control_effectiveness,low,90000956,internet_facing,0.47150393
high_capacity,simulation_identity_control_effectiveness,low,90000916,internet_facing,0.47360888
high_capacity,simulation_identity_control_effectiveness,low,90000861,internet_facing,0.49025644
high_capacity,simulation_identity_control_effectiveness,low,90000841,internet_facing,0.50194934
high_capacity,simulation_identity_control_effectiveness,low,90000896,internet_facing,0.51008585
high_capacity,simulation_identity_control_effectiveness,low,90000806,internet_facing,0.51159873
high_capacity,simulation_identity_control_effectiveness,low,90001121,internet_facing,0.51461442
high_capacity,simulation_identity_control_effectiveness,low,90000926,internet_facing,0.51595706
high_capacity,simulation_identity_control_effectiveness,low,90001071,internet_facing,0.52225789
high_capacity,simulation_identity_control_effectiveness,low,90001196,internet_facing,0.5235675
high_capacity,simulation_identity_control_effectiveness,low,90001036,internet_facing,0.54578081
high_capacity,simulation_identity_control_effectiveness,low,90001106,internet_facing,0.5507811
high_capacity,simulation_identity_control_effectiveness,low,90001101,internet_facing,0.55714622
high_capacity,simulation_identity_control_effectiveness,low,90001181,internet_facing,0.56055936
high_capacity,simulation_identity_control_effectiveness,low,90001086,internet_facing,0.58284802
high_capacity,simulation_identity_control_effectiveness,low,90000866,internet_facing,0.58711743
high_capacity,simulation_identity_control_effectiveness,low,90001151,internet_facing,0.59272954
high_capacity,simulation_identity_control_effectiveness,low,90001186,internet_facing,0.60032956
high_capacity,simulation_identity_control_effectiveness,low,90000881,internet_facing,0.61305295
high_capacity,simulation_identity_control_effectiveness,low,90000833,medical_device,0.4071085
high_capacity,simulation_identity_control_effectiveness,low,90001053,medical_device,0.40778567
high_capacity,simulation_identity_control_effectiveness,low,90001198,medical_device,0.40917248
high_capacity,simulation_identity_control_effectiveness,low,90000978,medical_device,0.41305111
high_capacity,simulation_identity_control_effectiveness,low,90001153,medical_device,0.41835393
high_capacity,simulation_identity_control_effectiveness,low,90000898,medical_device,0.41893223
high_capacity,simulation_identity_control_effectiveness,low,90000968,medical_device,0.42132424
high_capacity,simulation_identity_control_effectiveness,low,90001058,medical_device,0.4216181
high_capacity,simulation_identity_control_effectiveness,low,90001128,medical_device,0.42680091
high_capacity,simulation_identity_control_effectiveness,low,90001088,medical_device,0.43109012
high_capacity,simulation_identity_control_effectiveness,low,90000843,medical_device,0.43866592
high_capacity,simulation_identity_control_effectiveness,low,90000808,medical_device,0.43880615
high_capacity,simulation_identity_control_effectiveness,low,90000993,medical_device,0.44696838
high_capacity,simulation_identity_control_effectiveness,low,90000903,medical_device,0.44938352
high_capacity,simulation_identity_control_effectiveness,low,90001048,medical_device,0.45390678
high_capacity,simulation_identity_control_effectiveness,low,90001083,medical_device,0.46123978
high_capacity,simulation_identity_control_effectiveness,low,90000818,medical_device,0.4638207
high_capacity,simulation_identity_control_effectiveness,low,90001133,medical_device,0.4673141
high_capacity,simulation_identity_control_effectiveness,low,90001108,medical_device,0.50726067
high_capacity,simulation_identity_control_effectiveness,low,90001193,medical_device,0.53201947
high_capacity,simulation_identity_control_effectiveness,low,90000953,medical_device,0.53841478
high_capacity,simulation_identity_control_effectiveness,low,90000823,medical_device,0.55108775
high_capacity,simulation_identity_control_effectiveness,low,90000963,medical_device,0.57508747
high_capacity,simulation_identity_control_effectiveness,low,90001148,medical_device,0.57764265
high_capacity,simulation_identity_control_effectiveness,low,90000853,medical_device,0.58566298
high_capacity,simulation_identity_control_effectiveness,low,90000863,medical_device,0.59661395
high_capacity,simulation_identity_control_effectiveness,low,90000927,privileged_system,0.40605488
high_capacity,simulation_identity_control_effectiveness,low,90000827,privileged_system,0.41831521
high_capacity,simulation_identity_control_effectiveness,low,90000807,privileged_system,0.42575902
high_capacity,simulation_identity_control_effectiveness,low,90000942,privileged_system,0.42616212
high_capacity,simulation_identity_control_effectiveness,low,90001187,privileged_system,0.42835572
high_capacity,simulation_identity_control_effectiveness,low,90001132,privileged_system,0.43253496
high_capacity,simulation_identity_control_effectiveness,low,90000972,privileged_system,0.43948113
high_capacity,simulation_identity_control_effectiveness,low,90001002,privileged_system,0.45811305
high_capacity,simulation_identity_control_effectiveness,low,90000872,privileged_system,0.45862891
high_capacity,simulation_identity_control_effectiveness,low,90000842,privileged_system,0.46304591
high_capacity,simulation_identity_control_effectiveness,low,90000882,privileged_system,0.46352143
high_capacity,simulation_identity_control_effectiveness,low,90001192,privileged_system,0.46806506
high_capacity,simulation_identity_control_effectiveness,low,90001032,privileged_system,0.46829438
high_capacity,simulation_identity_control_effectiveness,low,90001062,privileged_system,0.4817905
high_capacity,simulation_identity_control_effectiveness,low,90000877,privileged_system,0.49366821
high_capacity,simulation_identity_control_effectiveness,low,90000962,privileged_system,0.49718422
high_capacity,simulation_identity_control_effectiveness,low,90001087,privileged_system,0.51723924
high_capacity,simulation_identity_control_effectiveness,low,90001177,privileged_system,0.52121256
high_capacity,simulation_identity_control_effectiveness,low,90000802,privileged_system,0.54340772
high_capacity,simulation_identity_control_effectiveness,low,90000992,privileged_system,0.54559358
high_capacity,simulation_identity_control_effectiveness,low,90000862,privileged_system,0.55192496
high_capacity,simulation_identity_control_effectiveness,low,90000892,privileged_system,0.564262
high_capacity,simulation_identity_control_effectiveness,low,90001037,privileged_system,0.56432019
high_capacity,simulation_identity_control_effectiveness,low,90001027,privileged_system,0.57533483
high_capacity,simulation_identity_control_effectiveness,low,90000817,privileged_system,0.57773631
high_capacity,simulation_identity_control_effectiveness,low,90000837,privileged_system,0.57890938
high_capacity,simulation_identity_control_effectiveness,low,90000934,vendor_connection,0.4016915
high_capacity,simulation_identity_control_effectiveness,low,90001024,vendor_connection,0.40975124
high_capacity,simulation_identity_control_effectiveness,low,90000874,vendor_connection,0.42127648
high_capacity,simulation_identity_control_effectiveness,low,90001129,vendor_connection,0.4232688
high_capacity,simulation_identity_control_effectiveness,low,90001189,vendor_connection,0.43336463
high_capacity,simulation_identity_control_effectiveness,low,90000974,vendor_connection,0.43412453
high_capacity,simulation_identity_control_effectiveness,low,90001144,vendor_connection,0.43935515
high_capacity,simulation_identity_control_effectiveness,low,90000859,vendor_connection,0.44651472
high_capacity,simulation_identity_control_effectiveness,low,90000804,vendor_connection,0.45009862
high_capacity,simulation_identity_control_effectiveness,low,90001104,vendor_connection,0.45821017
high_capacity,simulation_identity_control_effectiveness,low,90000824,vendor_connection,0.46084755
high_capacity,simulation_identity_control_effectiveness,low,90000889,vendor_connection,0.46224859
high_capacity,simulation_identity_control_effectiveness,low,90000954,vendor_connection,0.46570379
high_capacity,simulation_identity_control_effectiveness,low,90000919,vendor_connection,0.47607806
high_capacity,simulation_identity_control_effectiveness,low,90001034,vendor_connection,0.4896013
high_capacity,simulation_identity_control_effectiveness,low,90000944,vendor_connection,0.49197567
high_capacity,simulation_identity_control_effectiveness,low,90000869,vendor_connection,0.49252686
high_capacity,simulation_identity_control_effectiveness,low,90001079,vendor_connection,0.49565666
high_capacity,simulation_identity_control_effectiveness,low,90001084,vendor_connection,0.5000988
high_capacity,simulation_identity_control_effectiveness,low,90000884,vendor_connection,0.50024409
high_capacity,simulation_identity_control_effectiveness,low,90000809,vendor_connection,0.51251499
high_capacity,simulation_identity_control_effectiveness,low,90000994,vendor_connection,0.51594391
high_capacity,simulation_identity_control_effectiveness,low,90000864,vendor_connection,0.52503664
high_capacity,simulation_identity_control_effectiveness,low,90000924,vendor_connection,0.53509112
high_capacity,simulation_identity_control_effectiveness,low,90001074,vendor_connection,0.53688498
high_capacity,simulation_identity_control_effectiveness,low,90001154,vendor_connection,0.54394409
high_capacity,simulation_identity_control_effectiveness,low,90000885,workstation,0.40785556
high_capacity,simulation_identity_control_effectiveness,low,90000995,workstation,0.40849915
high_capacity,simulation_identity_control_effectiveness,low,90000805,workstation,0.41770056
high_capacity,simulation_identity_control_effectiveness,low,90001180,workstation,0.41780162
high_capacity,simulation_identity_control_effectiveness,low,90001020,workstation,0.43228551
high_capacity,simulation_identity_control_effectiveness,low,90000875,workstation,0.43349895
high_capacity,simulation_identity_control_effectiveness,low,90000945,workstation,0.44075043
high_capacity,simulation_identity_control_effectiveness,low,90001195,workstation,0.44200628
high_capacity,simulation_identity_control_effectiveness,low,90000970,workstation,0.45103718
high_capacity,simulation_identity_control_effectiveness,low,90000865,workstation,0.46876949
high_capacity,simulation_identity_control_effectiveness,low,90000940,workstation,0.48677314
high_capacity,simulation_identity_control_effectiveness,low,90001065,workstation,0.50504182
high_capacity,simulation_identity_control_effectiveness,low,90001105,workstation,0.51334884
high_capacity,simulation_identity_control_effectiveness,low,90000895,workstation,0.52995373
high_capacity,simulation_identity_control_effectiveness,low,90001025,workstation,0.53214336
high_capacity,simulation_identity_control_effectiveness,low,90000930,workstation,0.53422409
high_capacity,simulation_identity_control_effectiveness,low,90000890,workstation,0.55509873
high_capacity,simulation_identity_control_effectiveness,low,90000830,workstation,0.5565446
high_capacity,simulation_identity_control_effectiveness,low,90000985,workstation,0.55979915
high_capacity,simulation_identity_control_effectiveness,low,90001045,workstation,0.57625693
high_capacity,simulation_identity_control_effectiveness,low,90001110,workstation,0.58371141
high_capacity,simulation_identity_control_effectiveness,low,90001175,workstation,0.58416647
high_capacity,simulation_identity_control_effectiveness,low,90001000,workstation,0.59100596
high_capacity,simulation_identity_control_effectiveness,low,90001010,workstation,0.59127728
high_capacity,simulation_identity_control_effectiveness,low,90001070,workstation,0.59391604
high_capacity,simulation_identity_control_effectiveness,low,90000910,workstation,0.60324329
high_capacity,simulation_identity_control_effectiveness,high,90000856,internet_facing,0.77845122
high_capacity,simulation_identity_control_effectiveness,high,90000911,internet_facing,0.78289314
high_capacity,simulation_identity_control_effectiveness,high,90000886,internet_facing,0.78602206
high_capacity,simulation_identity_control_effectiveness,high,90000931,internet_facing,0.79102824
high_capacity,simulation_identity_control_effectiveness,high,90001166,internet_facing,0.79321965
high_capacity,simulation_identity_control_effectiveness,high,90001116,internet_facing,0.79736396
high_capacity,simulation_identity_control_effectiveness,high,90000961,internet_facing,0.79989204
high_capacity,simulation_identity_control_effectiveness,high,90001111,internet_facing,0.81015417
high_capacity,simulation_identity_control_effectiveness,high,90001171,internet_facing,0.83081542
high_capacity,simulation_identity_control_effectiveness,high,90000936,internet_facing,0.83209965
high_capacity,simulation_identity_control_effectiveness,high,90000921,internet_facing,0.83283781
high_capacity,simulation_identity_control_effectiveness,high,90001016,internet_facing,0.83382421
high_capacity,simulation_identity_control_effectiveness,high,90000801,internet_facing,0.83848247
high_capacity,simulation_identity_control_effectiveness,high,90001176,internet_facing,0.84895288
high_capacity,simulation_identity_control_effectiveness,high,90000826,internet_facing,0.8495882
high_capacity,simulation_identity_control_effectiveness,high,90001156,internet_facing,0.85083661
high_capacity,simulation_identity_control_effectiveness,high,90001076,internet_facing,0.85560002
high_capacity,simulation_identity_control_effectiveness,high,90001126,internet_facing,0.8591295
high_capacity,simulation_identity_control_effectiveness,high,90000971,internet_facing,0.86030913
high_capacity,simulation_identity_control_effectiveness,high,90001006,internet_facing,0.87218798
high_capacity,simulation_identity_control_effectiveness,high,90000986,internet_facing,0.87384606
high_capacity,simulation_identity_control_effectiveness,high,90000901,internet_facing,0.8766489
high_capacity,simulation_identity_control_effectiveness,high,90001161,internet_facing,0.87954379
high_capacity,simulation_identity_control_effectiveness,high,90001011,internet_facing,0.879559
high_capacity,simulation_identity_control_effectiveness,high,90001191,internet_facing,0.88997086
high_capacity,simulation_identity_control_effectiveness,high,90000906,internet_facing,0.89503852
high_capacity,simulation_identity_control_effectiveness,high,90001158,medical_device,0.72950884
high_capacity,simulation_identity_control_effectiveness,high,90001078,medical_device,0.7413936
high_capacity,simulation_identity_control_effectiveness,high,90000928,medical_device,0.74224973
high_capacity,simulation_identity_control_effectiveness,high,90000938,medical_device,0.74233954
high_capacity,simulation_identity_control_effectiveness,high,90000868,medical_device,0.75346984
high_capacity,simulation_identity_control_effectiveness,high,90001168,medical_device,0.75825209
high_capacity,simulation_identity_control_effectiveness,high,90000998,medical_device,0.76279084
high_capacity,simulation_identity_control_effectiveness,high,90001143,medical_device,0.76804702
high_capacity,simulation_identity_control_effectiveness,high,90000893,medical_device,0.77102023
high_capacity,simulation_identity_control_effectiveness,high,90000958,medical_device,0.77426847
high_capacity,simulation_identity_control_effectiveness,high,90000878,medical_device,0.7815306
high_capacity,simulation_identity_control_effectiveness,high,90001103,medical_device,0.78381126
high_capacity,simulation_identity_control_effectiveness,high,90000838,medical_device,0.80512322
high_capacity,simulation_identity_control_effectiveness,high,90000943,medical_device,0.81293003
high_capacity,simulation_identity_control_effectiveness,high,90000803,medical_device,0.82799565
high_capacity,simulation_identity_control_effectiveness,high,90000848,medical_device,0.83330563
high_capacity,simulation_identity_control_effectiveness,high,90001123,medical_device,0.83891295
high_capacity,simulation_identity_control_effectiveness,high,90000973,medical_device,0.84165015
high_capacity,simulation_identity_control_effectiveness,high,90001173,medical_device,0.84356535
high_capacity,simulation_identity_control_effectiveness,high,90001118,medical_device,0.84779006
high_capacity,simulation_identity_control_effectiveness,high,90000813,medical_device,0.85077532
high_capacity,simulation_identity_control_effectiveness,high,90000908,medical_device,0.86778901
high_capacity,simulation_identity_control_effectiveness,high,90001183,medical_device,0.87814283
high_capacity,simulation_identity_control_effectiveness,high,90001003,medical_device,0.8901935
high_capacity,simulation_identity_control_effectiveness,high,90000873,medical_device,0.89176066
high_capacity,simulation_identity_control_effectiveness,high,90000888,medical_device,0.8997699
high_capacity,simulation_identity_control_effectiveness,high,90000897,privileged_system,0.77196471
high_capacity,simulation_identity_control_effectiveness,high,90001102,privileged_system,0.77598041
high_capacity,simulation_identity_control_effectiveness,high,90001052,privileged_system,0.78711723
high_capacity,simulation_identity_control_effectiveness,high,90001182,privileged_system,0.78807491
high_capacity,simulation_identity_control_effectiveness,high,90000957,privileged_system,0.79693705
high_capacity,simulation_identity_control_effectiveness,high,90001142,privileged_system,0.8027103
high_capacity,simulation_identity_control_effectiveness,high,90001147,privileged_system,0.80609534
high_capacity,simulation_identity_control_effectiveness,high,90001007,privileged_system,0.81164475
high_capacity,simulation_identity_control_effectiveness,high,90001172,privileged_system,0.81359251
high_capacity,simulation_identity_control_effectiveness,high,90000822,privileged_system,0.81756505
high_capacity,simulation_identity_control_effectiveness,high,90000867,privileged_system,0.81760225
high_capacity,simulation_identity_control_effectiveness,high,90000982,privileged_system,0.82170777
high_capacity,simulation_identity_control_effectiveness,high,90001127,privileged_system,0.82441129
high_capacity,simulation_identity_control_effectiveness,high,90000937,privileged_system,0.84037691
high_capacity,simulation_identity_control_effectiveness,high,90000857,privileged_system,0.84139133
high_capacity,simulation_identity_control_effectiveness,high,90000997,privileged_system,0.84262392
high_capacity,simulation_identity_control_effectiveness,high,90000952,privileged_system,0.84821611
high_capacity,simulation_identity_control_effectiveness,high,90000847,privileged_system,0.85028139
high_capacity,simulation_identity_control_effectiveness,high,90000902,privileged_system,0.85629278
high_capacity,simulation_identity_control_effectiveness,high,90001117,privileged_system,0.85682483
high_capacity,simulation_identity_control_effectiveness,high,90000922,privileged_system,0.85863062
high_capacity,simulation_identity_control_effectiveness,high,90001082,privileged_system,0.8695192
high_capacity,simulation_identity_control_effectiveness,high,90001122,privileged_system,0.878293
high_capacity,simulation_identity_control_effectiveness,high,90000917,privileged_system,0.87890785
high_capacity,simulation_identity_control_effectiveness,high,90001112,privileged_system,0.88668245
high_capacity,simulation_identity_control_effectiveness,high,90000967,privileged_system,0.89258805
high_capacity,simulation_identity_control_effectiveness,high,90001039,vendor_connection,0.72446186
high_capacity,simulation_identity_control_effectiveness,high,90000929,vendor_connection,0.7285933
high_capacity,simulation_identity_control_effectiveness,high,90001174,vendor_connection,0.74450123
high_capacity,simulation_identity_control_effectiveness,high,90001179,vendor_connection,0.75812733
high_capacity,simulation_identity_control_effectiveness,high,90001149,vendor_connection,0.77705204
high_capacity,simulation_identity_control_effectiveness,high,90001099,vendor_connection,0.78910068
high_capacity,simulation_identity_control_effectiveness,high,90001094,vendor_connection,0.7913004
high_capacity,simulation_identity_control_effectiveness,high,90001119,vendor_connection,0.79367175
high_capacity,simulation_identity_control_effectiveness,high,90001049,vendor_connection,0.79436416
high_capacity,simulation_identity_control_effectiveness,high,90001019,vendor_connection,0.79517958
high_capacity,simulation_identity_control_effectiveness,high,90001054,vendor_connection,0.80185227
high_capacity,simulation_identity_control_effectiveness,high,90001139,vendor_connection,0.80338333
high_capacity,simulation_identity_control_effectiveness,high,90001009,vendor_connection,0.80983293
high_capacity,simulation_identity_control_effectiveness,high,90001169,vendor_connection,0.81065605
high_capacity,simulation_identity_control_effectiveness,high,90000979,vendor_connection,0.82261409
high_capacity,simulation_identity_control_effectiveness,high,90001114,vendor_connection,0.82390537
high_capacity,simulation_identity_control_effectiveness,high,90001069,vendor_connection,0.82527795
high_capacity,simulation_identity_control_effectiveness,high,90001004,vendor_connection,0.84618991
high_capacity,simulation_identity_control_effectiveness,high,90000964,vendor_connection,0.85099048
high_capacity,simulation_identity_control_effectiveness,high,90000829,vendor_connection,0.86488889
high_capacity,simulation_identity_control_effectiveness,high,90001064,vendor_connection,0.87324064
high_capacity,simulation_identity_control_effectiveness,high,90000814,vendor_connection,0.87989224
high_capacity,simulation_identity_control_effectiveness,high,90000969,vendor_connection,0.88202098
high_capacity,simulation_identity_control_effectiveness,high,90000949,vendor_connection,0.88353816
high_capacity,simulation_identity_control_effectiveness,high,90001044,vendor_connection,0.88709947
high_capacity,simulation_identity_control_effectiveness,high,90000914,vendor_connection,0.88904517
high_capacity,simulation_identity_control_effectiveness,high,90001005,workstation,0.77116305
high_capacity,simulation_identity_control_effectiveness,high,90000960,workstation,0.77790405
high_capacity,simulation_identity_control_effectiveness,high,90001055,workstation,0.78367387
high_capacity,simulation_identity_control_effectiveness,high,90000980,workstation,0.78490458
high_capacity,simulation_identity_control_effectiveness,high,90000820,workstation,0.79130931
high_capacity,simulation_identity_control_effectiveness,high,90000925,workstation,0.7972976
high_capacity,simulation_identity_control_effectiveness,high,90001030,workstation,0.7974266
high_capacity,simulation_identity_control_effectiveness,high,90001125,workstation,0.80857344
high_capacity,simulation_identity_control_effectiveness,high,90000880,workstation,0.81290169
high_capacity,simulation_identity_control_effectiveness,high,90001080,workstation,0.81778217
high_capacity,simulation_identity_control_effectiveness,high,90001090,workstation,0.82016706
high_capacity,simulation_identity_control_effectiveness,high,90000835,workstation,0.8202763
high_capacity,simulation_identity_control_effectiveness,high,90000870,workstation,0.82036487
high_capacity,simulation_identity_control_effectiveness,high,90001170,workstation,0.84510245
high_capacity,simulation_identity_control_effectiveness,high,90000845,workstation,0.84648428
high_capacity,simulation_identity_control_effectiveness,high,90001050,workstation,0.84696725
high_capacity,simulation_identity_control_effectiveness,high,90000955,workstation,0.8514776
high_capacity,simulation_identity_control_effectiveness,high,90000900,workstation,0.85349956
high_capacity,simulation_identity_control_effectiveness,high,90000975,workstation,0.85635221
high_capacity,simulation_identity_control_effectiveness,high,90001085,workstation,0.86392311
high_capacity,simulation_identity_control_effectiveness,high,90000950,workstation,0.86750547
high_capacity,simulation_identity_control_effectiveness,high,90001115,workstation,0.86780529
high_capacity,simulation_identity_control_effectiveness,high,90000825,workstation,0.88346019
high_capacity,simulation_identity_control_effectiveness,high,90001100,workstation,0.89357995
high_capacity,simulation_identity_control_effectiveness,high,90000810,workstation,0.89438463
high_capacity,simulation_identity_control_effectiveness,high,90000920,workstation,0.89636897
high_capacity,simulation_patch_effectiveness,low,90001061,internet_facing,0.50154973
high_capacity,simulation_patch_effectiveness,low,90000886,internet_facing,0.50869152
high_capacity,simulation_patch_effectiveness,low,90000921,internet_facing,0.51027029
high_capacity,simulation_patch_effectiveness,low,90001016,internet_facing,0.51183162
high_capacity,simulation_patch_effectiveness,low,90000966,internet_facing,0.51333154
high_capacity,simulation_patch_effectiveness,low,90001106,internet_facing,0.51531075
high_capacity,simulation_patch_effectiveness,low,90000806,internet_facing,0.5198416
high_capacity,simulation_patch_effectiveness,low,90001116,internet_facing,0.53712927
high_capacity,simulation_patch_effectiveness,low,90001151,internet_facing,0.5383102
high_capacity,simulation_patch_effectiveness,low,90001121,internet_facing,0.53914379
high_capacity,simulation_patch_effectiveness,low,90000871,internet_facing,0.55677372
high_capacity,simulation_patch_effectiveness,low,90001091,internet_facing,0.55779567
high_capacity,simulation_patch_effectiveness,low,90001036,internet_facing,0.5652081
high_capacity,simulation_patch_effectiveness,low,90000846,internet_facing,0.56538368
high_capacity,simulation_patch_effectiveness,low,90001076,internet_facing,0.56626839
high_capacity,simulation_patch_effectiveness,low,90000856,internet_facing,0.56654513
high_capacity,simulation_patch_effectiveness,low,90000841,internet_facing,0.56702626
high_capacity,simulation_patch_effectiveness,low,90001136,internet_facing,0.57375581
high_capacity,simulation_patch_effectiveness,low,90001046,internet_facing,0.57693786
high_capacity,simulation_patch_effectiveness,low,90001066,internet_facing,0.58078465
high_capacity,simulation_patch_effectiveness,low,90000936,internet_facing,0.58141845
high_capacity,simulation_patch_effectiveness,low,90001171,internet_facing,0.5927147
high_capacity,simulation_patch_effectiveness,low,90001011,internet_facing,0.59377063
high_capacity,simulation_patch_effectiveness,low,90000836,internet_facing,0.60810902
high_capacity,simulation_patch_effectiveness,low,90001031,internet_facing,0.61364503
high_capacity,simulation_patch_effectiveness,low,90000986,internet_facing,0.61524822
high_capacity,simulation_patch_effectiveness,low,90000858,medical_device,0.5178263
high_capacity,simulation_patch_effectiveness,low,90000983,medical_device,0.52432432
high_capacity,simulation_patch_effectiveness,low,90001108,medical_device,0.53053682
high_capacity,simulation_patch_effectiveness,low,90000913,medical_device,0.53391178
high_capacity,simulation_patch_effectiveness,low,90000988,medical_device,0.54177618
high_capacity,simulation_patch_effectiveness,low,90001178,medical_device,0.54197019
high_capacity,simulation_patch_effectiveness,low,90001128,medical_device,0.54342641
high_capacity,simulation_patch_effectiveness,low,90000803,medical_device,0.54342812
high_capacity,simulation_patch_effectiveness,low,90001033,medical_device,0.54379702
high_capacity,simulation_patch_effectiveness,low,90000833,medical_device,0.54546591
high_capacity,simulation_patch_effectiveness,low,90001018,medical_device,0.54777131
high_capacity,simulation_patch_effectiveness,low,90001153,medical_device,0.54955857
high_capacity,simulation_patch_effectiveness,low,90000893,medical_device,0.55253796
high_capacity,simulation_patch_effectiveness,low,90001038,medical_device,0.56815113
high_capacity,simulation_patch_effectiveness,low,90001198,medical_device,0.58885051
high_capacity,simulation_patch_effectiveness,low,90001008,medical_device,0.59111255
high_capacity,simulation_patch_effectiveness,low,90001193,medical_device,0.59169125
high_capacity,simulation_patch_effectiveness,low,90000883,medical_device,0.59512299
high_capacity,simulation_patch_effectiveness,low,90001138,medical_device,0.59637454
high_capacity,simulation_patch_effectiveness,low,90000933,medical_device,0.59695816
high_capacity,simulation_patch_effectiveness,low,90000823,medical_device,0.60477402
high_capacity,simulation_patch_effectiveness,low,90001123,medical_device,0.6103853
high_capacity,simulation_patch_effectiveness,low,90000918,medical_device,0.61167024
high_capacity,simulation_patch_effectiveness,low,90000888,medical_device,0.61862212
high_capacity,simulation_patch_effectiveness,low,90000898,medical_device,0.62921677
high_capacity,simulation_patch_effectiveness,low,90000958,medical_device,0.6292426
high_capacity,simulation_patch_effectiveness,low,90000807,privileged_system,0.50311299
high_capacity,simulation_patch_effectiveness,low,90000997,privileged_system,0.50538792
high_capacity,simulation_patch_effectiveness,low,90000927,privileged_system,0.50546598
high_capacity,simulation_patch_effectiveness,low,90001112,privileged_system,0.51761056
high_capacity,simulation_patch_effectiveness,low,90000967,privileged_system,0.52002493
high_capacity,simulation_patch_effectiveness,low,90000812,privileged_system,0.52629323
high_capacity,simulation_patch_effectiveness,low,90001027,privileged_system,0.52673857
high_capacity,simulation_patch_effectiveness,low,90000872,privileged_system,0.53188893
high_capacity,simulation_patch_effectiveness,low,90001062,privileged_system,0.53690173
high_capacity,simulation_patch_effectiveness,low,90000842,privileged_system,0.54140369
high_capacity,simulation_patch_effectiveness,low,90000877,privileged_system,0.54638107
high_capacity,simulation_patch_effectiveness,low,90001022,privileged_system,0.54696517
high_capacity,simulation_patch_effectiveness,low,90001162,privileged_system,0.55744948
high_capacity,simulation_patch_effectiveness,low,90001197,privileged_system,0.56070937
high_capacity,simulation_patch_effectiveness,low,90000827,privileged_system,0.56744864
high_capacity,simulation_patch_effectiveness,low,90001042,privileged_system,0.57941191
high_capacity,simulation_patch_effectiveness,low,90001187,privileged_system,0.5820504
high_capacity,simulation_patch_effectiveness,low,90001097,privileged_system,0.5963704
high_capacity,simulation_patch_effectiveness,low,90000802,privileged_system,0.5979924
high_capacity,simulation_patch_effectiveness,low,90000977,privileged_system,0.59851985
high_capacity,simulation_patch_effectiveness,low,90000847,privileged_system,0.60488828
high_capacity,simulation_patch_effectiveness,low,90000987,privileged_system,0.61467845
high_capacity,simulation_patch_effectiveness,low,90001167,privileged_system,0.62436379
high_capacity,simulation_patch_effectiveness,low,90000852,privileged_system,0.62782598
high_capacity,simulation_patch_effectiveness,low,90000917,privileged_system,0.63014668
high_capacity,simulation_patch_effectiveness,low,90000922,privileged_system,0.63769243
high_capacity,simulation_patch_effectiveness,low,90001139,vendor_connection,0.50444218
high_capacity,simulation_patch_effectiveness,low,90001189,vendor_connection,0.50655104
high_capacity,simulation_patch_effectiveness,low,90001134,vendor_connection,0.51298292
high_capacity,simulation_patch_effectiveness,low,90000949,vendor_connection,0.51338324
high_capacity,simulation_patch_effectiveness,low,90001059,vendor_connection,0.51998619
high_capacity,simulation_patch_effectiveness,low,90001114,vendor_connection,0.54707111
high_capacity,simulation_patch_effectiveness,low,90001034,vendor_connection,0.55781566
high_capacity,simulation_patch_effectiveness,low,90000884,vendor_connection,0.56328133
high_capacity,simulation_patch_effectiveness,low,90001174,vendor_connection,0.56352526
high_capacity,simulation_patch_effectiveness,low,90001029,vendor_connection,0.57224519
high_capacity,simulation_patch_effectiveness,low,90000889,vendor_connection,0.57376817
high_capacity,simulation_patch_effectiveness,low,90001119,vendor_connection,0.57384631
high_capacity,simulation_patch_effectiveness,low,90000944,vendor_connection,0.58065022
high_capacity,simulation_patch_effectiveness,low,90000989,vendor_connection,0.58236204
high_capacity,simulation_patch_effectiveness,low,90001044,vendor_connection,0.58910559
high_capacity,simulation_patch_effectiveness,low,90001149,vendor_connection,0.60055856
high_capacity,simulation_patch_effectiveness,low,90001009,vendor_connection,0.60284287
high_capacity,simulation_patch_effectiveness,low,90000854,vendor_connection,0.60586475
high_capacity,simulation_patch_effectiveness,low,90001104,vendor_connection,0.60759438
high_capacity,simulation_patch_effectiveness,low,90000839,vendor_connection,0.61998503
high_capacity,simulation_patch_effectiveness,low,90000909,vendor_connection,0.62924288
high_capacity,simulation_patch_effectiveness,low,90000879,vendor_connection,0.6398503
high_capacity,simulation_patch_effectiveness,low,90000894,vendor_connection,0.64328276
high_capacity,simulation_patch_effectiveness,low,90000969,vendor_connection,0.64765241
high_capacity,simulation_patch_effectiveness,low,90001124,vendor_connection,0.64886129
high_capacity,simulation_patch_effectiveness,low,90001019,vendor_connection,0.66268224
high_capacity,simulation_patch_effectiveness,low,90001185,workstation,0.51361344
high_capacity,simulation_patch_effectiveness,low,90000900,workstation,0.51550105
high_capacity,simulation_patch_effectiveness,low,90000840,workstation,0.52531786
high_capacity,simulation_patch_effectiveness,low,90000815,workstation,0.53350328
high_capacity,simulation_patch_effectiveness,low,90001135,workstation,0.53479422
high_capacity,simulation_patch_effectiveness,low,90000950,workstation,0.53520761
high_capacity,simulation_patch_effectiveness,low,90000860,workstation,0.55712788
high_capacity,simulation_patch_effectiveness,low,90001125,workstation,0.56432106
high_capacity,simulation_patch_effectiveness,low,90001105,workstation,0.56736289
high_capacity,simulation_patch_effectiveness,low,90001045,workstation,0.57754193
high_capacity,simulation_patch_effectiveness,low,90001035,workstation,0.57785183
high_capacity,simulation_patch_effectiveness,low,90000915,workstation,0.58031215
high_capacity,simulation_patch_effectiveness,low,90001040,workstation,0.58423195
high_capacity,simulation_patch_effectiveness,low,90000955,workstation,0.58455471
high_capacity,simulation_patch_effectiveness,low,90000890,workstation,0.59552656
high_capacity,simulation_patch_effectiveness,low,90001175,workstation,0.59626216
high_capacity,simulation_patch_effectiveness,low,90001025,workstation,0.60172464
high_capacity,simulation_patch_effectiveness,low,90001050,workstation,0.60184581
high_capacity,simulation_patch_effectiveness,low,90000965,workstation,0.60414683
high_capacity,simulation_patch_effectiveness,low,90000945,workstation,0.60664992
high_capacity,simulation_patch_effectiveness,low,90000975,workstation,0.60986345
high_capacity,simulation_patch_effectiveness,low,90000805,workstation,0.61590608
high_capacity,simulation_patch_effectiveness,low,90001130,workstation,0.61912521
high_capacity,simulation_patch_effectiveness,low,90000810,workstation,0.62056975
high_capacity,simulation_patch_effectiveness,low,90000970,workstation,0.62235829
high_capacity,simulation_patch_effectiveness,low,90000830,workstation,0.62721588
high_capacity,simulation_patch_effectiveness,high,90001096,internet_facing,0.85211132
high_capacity,simulation_patch_effectiveness,high,90000881,internet_facing,0.86138791
high_capacity,simulation_patch_effectiveness,high,90000996,internet_facing,0.86549622
high_capacity,simulation_patch_effectiveness,high,90000896,internet_facing,0.8711843
high_capacity,simulation_patch_effectiveness,high,90001141,internet_facing,0.87436814
high_capacity,simulation_patch_effectiveness,high,90001111,internet_facing,0.87522326
high_capacity,simulation_patch_effectiveness,high,90000891,internet_facing,0.88326324
high_capacity,simulation_patch_effectiveness,high,90000801,internet_facing,0.8895883
high_capacity,simulation_patch_effectiveness,high,90001186,internet_facing,0.89433571
high_capacity,simulation_patch_effectiveness,high,90000976,internet_facing,0.89834388
high_capacity,simulation_patch_effectiveness,high,90001191,internet_facing,0.90325376
high_capacity,simulation_patch_effectiveness,high,90000811,internet_facing,0.90556175
high_capacity,simulation_patch_effectiveness,high,90001176,internet_facing,0.90752618
high_capacity,simulation_patch_effectiveness,high,90001081,internet_facing,0.90999549
high_capacity,simulation_patch_effectiveness,high,90000911,internet_facing,0.9130763
high_capacity,simulation_patch_effectiveness,high,90001181,internet_facing,0.91536606
high_capacity,simulation_patch_effectiveness,high,90001006,internet_facing,0.91712273
high_capacity,simulation_patch_effectiveness,high,90000876,internet_facing,0.9183623
high_capacity,simulation_patch_effectiveness,high,90001056,internet_facing,0.92047637
high_capacity,simulation_patch_effectiveness,high,90000981,internet_facing,0.93211271
high_capacity,simulation_patch_effectiveness,high,90000826,internet_facing,0.93410633
high_capacity,simulation_patch_effectiveness,high,90001026,internet_facing,0.93961791
high_capacity,simulation_patch_effectiveness,high,90000901,internet_facing,0.93994585
high_capacity,simulation_patch_effectiveness,high,90001001,internet_facing,0.94218908
high_capacity,simulation_patch_effectiveness,high,90001071,internet_facing,0.94340785
high_capacity,simulation_patch_effectiveness,high,90000956,internet_facing,0.94673001
high_capacity,simulation_patch_effectiveness,high,90001053,medical_device,0.7879719
high_capacity,simulation_patch_effectiveness,high,90000973,medical_device,0.79226279
high_capacity,simulation_patch_effectiveness,high,90000963,medical_device,0.79287274
high_capacity,simulation_patch_effectiveness,high,90001163,medical_device,0.79309445
high_capacity,simulation_patch_effectiveness,high,90001183,medical_device,0.79802869
high_capacity,simulation_patch_effectiveness,high,90000943,medical_device,0.80890059
high_capacity,simulation_patch_effectiveness,high,90001068,medical_device,0.81206412
high_capacity,simulation_patch_effectiveness,high,90001148,medical_device,0.81852902
high_capacity,simulation_patch_effectiveness,high,90000853,medical_device,0.81881659
high_capacity,simulation_patch_effectiveness,high,90000998,medical_device,0.82893585
high_capacity,simulation_patch_effectiveness,high,90000948,medical_device,0.84070201
high_capacity,simulation_patch_effectiveness,high,90000878,medical_device,0.84110115
high_capacity,simulation_patch_effectiveness,high,90001078,medical_device,0.84520774
high_capacity,simulation_patch_effectiveness,high,90001188,medical_device,0.84843416
high_capacity,simulation_patch_effectiveness,high,90000868,medical_device,0.85541767
high_capacity,simulation_patch_effectiveness,high,90000813,medical_device,0.87566231
high_capacity,simulation_patch_effectiveness,high,90001173,medical_device,0.88090109
high_capacity,simulation_patch_effectiveness,high,90001098,medical_device,0.88154313
high_capacity,simulation_patch_effectiveness,high,90000838,medical_device,0.88492595
high_capacity,simulation_patch_effectiveness,high,90001043,medical_device,0.89654748
high_capacity,simulation_patch_effectiveness,high,90000818,medical_device,0.89866632
high_capacity,simulation_patch_effectiveness,high,90001083,medical_device,0.91462738
high_capacity,simulation_patch_effectiveness,high,90000938,medical_device,0.92376118
high_capacity,simulation_patch_effectiveness,high,90001063,medical_device,0.92909786
high_capacity,simulation_patch_effectiveness,high,90001028,medical_device,0.93820589
high_capacity,simulation_patch_effectiveness,high,90000993,medical_device,0.94353897
high_capacity,simulation_patch_effectiveness,high,90000972,privileged_system,0.80330729
high_capacity,simulation_patch_effectiveness,high,90001057,privileged_system,0.80508677
high_capacity,simulation_patch_effectiveness,high,90001012,privileged_system,0.80696955
high_capacity,simulation_patch_effectiveness,high,90001127,privileged_system,0.81119962
high_capacity,simulation_patch_effectiveness,high,90001047,privileged_system,0.82910552
high_capacity,simulation_patch_effectiveness,high,90000882,privileged_system,0.83206617
high_capacity,simulation_patch_effectiveness,high,90001117,privileged_system,0.83706589
high_capacity,simulation_patch_effectiveness,high,90000862,privileged_system,0.84679011
high_capacity,simulation_patch_effectiveness,high,90001137,privileged_system,0.85759598
high_capacity,simulation_patch_effectiveness,high,90001157,privileged_system,0.85838467
high_capacity,simulation_patch_effectiveness,high,90001092,privileged_system,0.8654978
high_capacity,simulation_patch_effectiveness,high,90000887,privileged_system,0.86581059
high_capacity,simulation_patch_effectiveness,high,90000867,privileged_system,0.86871199
high_capacity,simulation_patch_effectiveness,high,90000902,privileged_system,0.88138811
high_capacity,simulation_patch_effectiveness,high,90001192,privileged_system,0.88393909
high_capacity,simulation_patch_effectiveness,high,90001102,privileged_system,0.88666081
high_capacity,simulation_patch_effectiveness,high,90000892,privileged_system,0.88968489
high_capacity,simulation_patch_effectiveness,high,90000912,privileged_system,0.89688511
high_capacity,simulation_patch_effectiveness,high,90001152,privileged_system,0.90040097
high_capacity,simulation_patch_effectiveness,high,90001132,privileged_system,0.90912114
high_capacity,simulation_patch_effectiveness,high,90001172,privileged_system,0.9104482
high_capacity,simulation_patch_effectiveness,high,90001147,privileged_system,0.91243418
high_capacity,simulation_patch_effectiveness,high,90000982,privileged_system,0.92612592
high_capacity,simulation_patch_effectiveness,high,90001177,privileged_system,0.9361355
high_capacity,simulation_patch_effectiveness,high,90000952,privileged_system,0.93898363
high_capacity,simulation_patch_effectiveness,high,90001077,privileged_system,0.94139121
high_capacity,simulation_patch_effectiveness,high,90000959,vendor_connection,0.81057126
high_capacity,simulation_patch_effectiveness,high,90000834,vendor_connection,0.8112522
high_capacity,simulation_patch_effectiveness,high,90000869,vendor_connection,0.82959466
high_capacity,simulation_patch_effectiveness,high,90000899,vendor_connection,0.830853
high_capacity,simulation_patch_effectiveness,high,90000814,vendor_connection,0.83517144
high_capacity,simulation_patch_effectiveness,high,90001069,vendor_connection,0.83528383
high_capacity,simulation_patch_effectiveness,high,90001179,vendor_connection,0.83852355
high_capacity,simulation_patch_effectiveness,high,90000874,vendor_connection,0.83897845
high_capacity,simulation_patch_effectiveness,high,90000999,vendor_connection,0.84729059
high_capacity,simulation_patch_effectiveness,high,90001199,vendor_connection,0.85747426
high_capacity,simulation_patch_effectiveness,high,90001159,vendor_connection,0.85900271
high_capacity,simulation_patch_effectiveness,high,90000819,vendor_connection,0.87342804
high_capacity,simulation_patch_effectiveness,high,90000904,vendor_connection,0.87424136
high_capacity,simulation_patch_effectiveness,high,90000924,vendor_connection,0.88753399
high_capacity,simulation_patch_effectiveness,high,90000844,vendor_connection,0.89113344
high_capacity,simulation_patch_effectiveness,high,90000829,vendor_connection,0.89854435
high_capacity,simulation_patch_effectiveness,high,90000934,vendor_connection,0.90310983
high_capacity,simulation_patch_effectiveness,high,90001154,vendor_connection,0.90853712
high_capacity,simulation_patch_effectiveness,high,90001164,vendor_connection,0.91689781
high_capacity,simulation_patch_effectiveness,high,90001094,vendor_connection,0.91934864
high_capacity,simulation_patch_effectiveness,high,90000974,vendor_connection,0.92081539
high_capacity,simulation_patch_effectiveness,high,90000864,vendor_connection,0.92224
high_capacity,simulation_patch_effectiveness,high,90000914,vendor_connection,0.93631256
high_capacity,simulation_patch_effectiveness,high,90000939,vendor_connection,0.93694617
high_capacity,simulation_patch_effectiveness,high,90001074,vendor_connection,0.94443625
high_capacity,simulation_patch_effectiveness,high,90001129,vendor_connection,0.94619755
high_capacity,simulation_patch_effectiveness,high,90000845,workstation,0.80328315
high_capacity,simulation_patch_effectiveness,high,90001065,workstation,0.8080746
high_capacity,simulation_patch_effectiveness,high,90000990,workstation,0.80930765
high_capacity,simulation_patch_effectiveness,high,90000855,workstation,0.82465213
high_capacity,simulation_patch_effectiveness,high,90001120,workstation,0.83236165
high_capacity,simulation_patch_effectiveness,high,90000960,workstation,0.8445484
high_capacity,simulation_patch_effectiveness,high,90001020,workstation,0.84753079
high_capacity,simulation_patch_effectiveness,high,90001190,workstation,0.86268573
high_capacity,simulation_patch_effectiveness,high,90001155,workstation,0.86788247
high_capacity,simulation_patch_effectiveness,high,90000885,workstation,0.87608434
high_capacity,simulation_patch_effectiveness,high,90000930,workstation,0.88135509
high_capacity,simulation_patch_effectiveness,high,90001030,workstation,0.88504352
high_capacity,simulation_patch_effectiveness,high,90001005,workstation,0.88700644
high_capacity,simulation_patch_effectiveness,high,90001075,workstation,0.88990619
high_capacity,simulation_patch_effectiveness,high,90001000,workstation,0.8913074
high_capacity,simulation_patch_effectiveness,high,90001055,workstation,0.9058654
high_capacity,simulation_patch_effectiveness,high,90001170,workstation,0.90588603
high_capacity,simulation_patch_effectiveness,high,90000910,workstation,0.91115703
high_capacity,simulation_patch_effectiveness,high,90000895,workstation,0.91127319
high_capacity,simulation_patch_effectiveness,high,90001145,workstation,0.92050046
high_capacity,simulation_patch_effectiveness,high,90000865,workstation,0.92415716
high_capacity,simulation_patch_effectiveness,high,90000985,workstation,0.92471454
high_capacity,simulation_patch_effectiveness,high,90001195,workstation,0.92637519
high_capacity,simulation_patch_effectiveness,high,90001085,workstation,0.94532947
high_capacity,simulation_patch_effectiveness,high,90001100,workstation,0.94576129
high_capacity,simulation_patch_effectiveness,high,90001080,workstation,0.94688452
high_capacity,simulation_patch_effectiveness_vendor,low,90000811,internet_facing,0.06104905
high_capacity,simulation_patch_effectiveness_vendor,low,90001151,internet_facing,0.06132971
high_capacity,simulation_patch_effectiveness_vendor,low,90001091,internet_facing,0.06346017
high_capacity,simulation_patch_effectiveness_vendor,low,90000976,internet_facing,0.06393243
high_capacity,simulation_patch_effectiveness_vendor,low,90000951,internet_facing,0.06579379
high_capacity,simulation_patch_effectiveness_vendor,low,90000991,internet_facing,0.06980576
high_capacity,simulation_patch_effectiveness_vendor,low,90000856,internet_facing,0.07448463
high_capacity,simulation_patch_effectiveness_vendor,low,90001136,internet_facing,0.07802993
high_capacity,simulation_patch_effectiveness_vendor,low,90000891,internet_facing,0.08471463
high_capacity,simulation_patch_effectiveness_vendor,low,90000886,internet_facing,0.09497217
high_capacity,simulation_patch_effectiveness_vendor,low,90000931,internet_facing,0.10413474
high_capacity,simulation_patch_effectiveness_vendor,low,90001196,internet_facing,0.10925322
high_capacity,simulation_patch_effectiveness_vendor,low,90001181,internet_facing,0.12195358
high_capacity,simulation_patch_effectiveness_vendor,low,90000916,internet_facing,0.12223883
high_capacity,simulation_patch_effectiveness_vendor,low,90001186,internet_facing,0.12359075
high_capacity,simulation_patch_effectiveness_vendor,low,90001016,internet_facing,0.12499385
high_capacity,simulation_patch_effectiveness_vendor,low,90000971,internet_facing,0.13100068
high_capacity,simulation_patch_effectiveness_vendor,low,90000836,internet_facing,0.13564478
high_capacity,simulation_patch_effectiveness_vendor,low,90000911,internet_facing,0.13770499
high_capacity,simulation_patch_effectiveness_vendor,low,90001061,internet_facing,0.13992195
high_capacity,simulation_patch_effectiveness_vendor,low,90000946,internet_facing,0.14211308
high_capacity,simulation_patch_effectiveness_vendor,low,90001031,internet_facing,0.14696266
high_capacity,simulation_patch_effectiveness_vendor,low,90001141,internet_facing,0.16018753
high_capacity,simulation_patch_effectiveness_vendor,low,90001191,internet_facing,0.16741245
high_capacity,simulation_patch_effectiveness_vendor,low,90001001,internet_facing,0.17287829
high_capacity,simulation_patch_effectiveness_vendor,low,90000961,internet_facing,0.17467421
high_capacity,simulation_patch_effectiveness_vendor,low,90000823,medical_device,0.06512105
high_capacity,simulation_patch_effectiveness_vendor,low,90000988,medical_device,0.06611208
high_capacity,simulation_patch_effectiveness_vendor,low,90000968,medical_device,0.07003469
high_capacity,simulation_patch_effectiveness_vendor,low,90000893,medical_device,0.07575526
high_capacity,simulation_patch_effectiveness_vendor,low,90000868,medical_device,0.08086153
high_capacity,simulation_patch_effectiveness_vendor,low,90000898,medical_device,0.08339427
high_capacity,simulation_patch_effectiveness_vendor,low,90000973,medical_device,0.0895989
high_capacity,simulation_patch_effectiveness_vendor,low,90001038,medical_device,0.08982994
high_capacity,simulation_patch_effectiveness_vendor,low,90000908,medical_device,0.10538069
high_capacity,simulation_patch_effectiveness_vendor,low,90001008,medical_device,0.10654114
high_capacity,simulation_patch_effectiveness_vendor,low,90001163,medical_device,0.11289749
high_capacity,simulation_patch_effectiveness_vendor,low,90001133,medical_device,0.1189805
high_capacity,simulation_patch_effectiveness_vendor,low,90001043,medical_device,0.13108337
high_capacity,simulation_patch_effectiveness_vendor,low,90001003,medical_device,0.13173608
high_capacity,simulation_patch_effectiveness_vendor,low,90001193,medical_device,0.1368066
high_capacity,simulation_patch_effectiveness_vendor,low,90000993,medical_device,0.1376209
high_capacity,simulation_patch_effectiveness_vendor,low,90001113,medical_device,0.13942757
high_capacity,simulation_patch_effectiveness_vendor,low,90000918,medical_device,0.1403652
high_capacity,simulation_patch_effectiveness_vendor,low,90001118,medical_device,0.15481296
high_capacity,simulation_patch_effectiveness_vendor,low,90000848,medical_device,0.15937534
high_capacity,simulation_patch_effectiveness_vendor,low,90000813,medical_device,0.16581494
high_capacity,simulation_patch_effectiveness_vendor,low,90001108,medical_device,0.16962135
high_capacity,simulation_patch_effectiveness_vendor,low,90001073,medical_device,0.17034971
high_capacity,simulation_patch_effectiveness_vendor,low,90001083,medical_device,0.17272043
high_capacity,simulation_patch_effectiveness_vendor,low,90000818,medical_device,0.17514351
high_capacity,simulation_patch_effectiveness_vendor,low,90001078,medical_device,0.17773697
high_capacity,simulation_patch_effectiveness_vendor,low,90000977,privileged_system,0.05447825
high_capacity,simulation_patch_effectiveness_vendor,low,90000877,privileged_system,0.05798401
high_capacity,simulation_patch_effectiveness_vendor,low,90001117,privileged_system,0.06063241
high_capacity,simulation_patch_effectiveness_vendor,low,90000867,privileged_system,0.06883627
high_capacity,simulation_patch_effectiveness_vendor,low,90000832,privileged_system,0.0771127
high_capacity,simulation_patch_effectiveness_vendor,low,90000802,privileged_system,0.07767183
high_capacity,simulation_patch_effectiveness_vendor,low,90001032,privileged_system,0.07989453
high_capacity,simulation_patch_effectiveness_vendor,low,90000987,privileged_system,0.08326547
high_capacity,simulation_patch_effectiveness_vendor,low,90001187,privileged_system,0.0986569
high_capacity,simulation_patch_effectiveness_vendor,low,90001192,privileged_system,0.10380059
high_capacity,simulation_patch_effectiveness_vendor,low,90000937,privileged_system,0.11067729
high_capacity,simulation_patch_effectiveness_vendor,low,90000967,privileged_system,0.12448841
high_capacity,simulation_patch_effectiveness_vendor,low,90000892,privileged_system,0.12642529
high_capacity,simulation_patch_effectiveness_vendor,low,90001027,privileged_system,0.12713858
high_capacity,simulation_patch_effectiveness_vendor,low,90001097,privileged_system,0.13130425
high_capacity,simulation_patch_effectiveness_vendor,low,90000997,privileged_system,0.13339223
high_capacity,simulation_patch_effectiveness_vendor,low,90001057,privileged_system,0.13450768
high_capacity,simulation_patch_effectiveness_vendor,low,90000852,privileged_system,0.13631147
high_capacity,simulation_patch_effectiveness_vendor,low,90001082,privileged_system,0.14441535
high_capacity,simulation_patch_effectiveness_vendor,low,90000897,privileged_system,0.14597176
high_capacity,simulation_patch_effectiveness_vendor,low,90001157,privileged_system,0.14989536
high_capacity,simulation_patch_effectiveness_vendor,low,90000957,privileged_system,0.16031815
high_capacity,simulation_patch_effectiveness_vendor,low,90001162,privileged_system,0.16125668
high_capacity,simulation_patch_effectiveness_vendor,low,90001067,privileged_system,0.16578832
high_capacity,simulation_patch_effectiveness_vendor,low,90000912,privileged_system,0.17336726
high_capacity,simulation_patch_effectiveness_vendor,low,90001022,privileged_system,0.18646635
high_capacity,simulation_patch_effectiveness_vendor,low,90001139,vendor_connection,0.05177437
high_capacity,simulation_patch_effectiveness_vendor,low,90000999,vendor_connection,0.05256362
high_capacity,simulation_patch_effectiveness_vendor,low,90001124,vendor_connection,0.06134925
high_capacity,simulation_patch_effectiveness_vendor,low,90000899,vendor_connection,0.06969972
high_capacity,simulation_patch_effectiveness_vendor,low,90000819,vendor_connection,0.07119918
high_capacity,simulation_patch_effectiveness_vendor,low,90000834,vendor_connection,0.07511129
high_capacity,simulation_patch_effectiveness_vendor,low,90001089,vendor_connection,0.07725235
high_capacity,simulation_patch_effectiveness_vendor,low,90000994,vendor_connection,0.08234626
high_capacity,simulation_patch_effectiveness_vendor,low,90001114,vendor_connection,0.08435238
high_capacity,simulation_patch_effectiveness_vendor,low,90001014,vendor_connection,0.0859435
high_capacity,simulation_patch_effectiveness_vendor,low,90000874,vendor_connection,0.09605964
high_capacity,simulation_patch_effectiveness_vendor,low,90001009,vendor_connection,0.09609956
high_capacity,simulation_patch_effectiveness_vendor,low,90000854,vendor_connection,0.10125798
high_capacity,simulation_patch_effectiveness_vendor,low,90001184,vendor_connection,0.10533525
high_capacity,simulation_patch_effectiveness_vendor,low,90001064,vendor_connection,0.10976355
high_capacity,simulation_patch_effectiveness_vendor,low,90001074,vendor_connection,0.12017542
high_capacity,simulation_patch_effectiveness_vendor,low,90000904,vendor_connection,0.12585488
high_capacity,simulation_patch_effectiveness_vendor,low,90001054,vendor_connection,0.1382304
high_capacity,simulation_patch_effectiveness_vendor,low,90000914,vendor_connection,0.14609989
high_capacity,simulation_patch_effectiveness_vendor,low,90000804,vendor_connection,0.14762665
high_capacity,simulation_patch_effectiveness_vendor,low,90000979,vendor_connection,0.15936357
high_capacity,simulation_patch_effectiveness_vendor,low,90001129,vendor_connection,0.16322889
high_capacity,simulation_patch_effectiveness_vendor,low,90000909,vendor_connection,0.16330683
high_capacity,simulation_patch_effectiveness_vendor,low,90000919,vendor_connection,0.16336345
high_capacity,simulation_patch_effectiveness_vendor,low,90000829,vendor_connection,0.1800422
high_capacity,simulation_patch_effectiveness_vendor,low,90000949,vendor_connection,0.18598117
high_capacity,simulation_patch_effectiveness_vendor,low,90001065,workstation,0.06240168
high_capacity,simulation_patch_effectiveness_vendor,low,90000960,workstation,0.06320818
high_capacity,simulation_patch_effectiveness_vendor,low,90000970,workstation,0.06366897
high_capacity,simulation_patch_effectiveness_vendor,low,90001155,workstation,0.06767945
high_capacity,simulation_patch_effectiveness_vendor,low,90001040,workstation,0.07311035
high_capacity,simulation_patch_effectiveness_vendor,low,90001150,workstation,0.07343705
high_capacity,simulation_patch_effectiveness_vendor,low,90001110,workstation,0.07579284
high_capacity,simulation_patch_effectiveness_vendor,low,90001090,workstation,0.07605417
high_capacity,simulation_patch_effectiveness_vendor,low,90001025,workstation,0.08210085
high_capacity,simulation_patch_effectiveness_vendor,low,90001130,workstation,0.0836785
high_capacity,simulation_patch_effectiveness_vendor,low,90001000,workstation,0.09974851
high_capacity,simulation_patch_effectiveness_vendor,low,90001010,workstation,0.10064701
high_capacity,simulation_patch_effectiveness_vendor,low,90001195,workstation,0.11115909
high_capacity,simulation_patch_effectiveness_vendor,low,90000935,workstation,0.11908274
high_capacity,simulation_patch_effectiveness_vendor,low,90000885,workstation,0.11969089
high_capacity,simulation_patch_effectiveness_vendor,low,90000820,workstation,0.12420915
high_capacity,simulation_patch_effectiveness_vendor,low,90000925,workstation,0.12615572
high_capacity,simulation_patch_effectiveness_vendor,low,90000945,workstation,0.13235353
high_capacity,simulation_patch_effectiveness_vendor,low,90000825,workstation,0.1424519
high_capacity,simulation_patch_effectiveness_vendor,low,90001020,workstation,0.1452496
high_capacity,simulation_patch_effectiveness_vendor,low,90000955,workstation,0.1520783
high_capacity,simulation_patch_effectiveness_vendor,low,90001115,workstation,0.16037073
high_capacity,simulation_patch_effectiveness_vendor,low,90000835,workstation,0.16945173
high_capacity,simulation_patch_effectiveness_vendor,low,90000975,workstation,0.17459887
high_capacity,simulation_patch_effectiveness_vendor,low,90001095,workstation,0.17637248
high_capacity,simulation_patch_effectiveness_vendor,low,90000965,workstation,0.17991828
high_capacity,simulation_patch_effectiveness_vendor,high,90000901,internet_facing,0.32563418
high_capacity,simulation_patch_effectiveness_vendor,high,90000986,internet_facing,0.32847664
high_capacity,simulation_patch_effectiveness_vendor,high,90001096,internet_facing,0.32949224
high_capacity,simulation_patch_effectiveness_vendor,high,90000921,internet_facing,0.32976933
high_capacity,simulation_patch_effectiveness_vendor,high,90000801,internet_facing,0.33950517
high_capacity,simulation_patch_effectiveness_vendor,high,90000831,internet_facing,0.34052949
high_capacity,simulation_patch_effectiveness_vendor,high,90001166,internet_facing,0.34443118
high_capacity,simulation_patch_effectiveness_vendor,high,90000851,internet_facing,0.34635774
high_capacity,simulation_patch_effectiveness_vendor,high,90001126,internet_facing,0.36847026
high_capacity,simulation_patch_effectiveness_vendor,high,90001036,internet_facing,0.37872555
high_capacity,simulation_patch_effectiveness_vendor,high,90001021,internet_facing,0.39271649
high_capacity,simulation_patch_effectiveness_vendor,high,90000876,internet_facing,0.39466286
high_capacity,simulation_patch_effectiveness_vendor,high,90000866,internet_facing,0.39520045
high_capacity,simulation_patch_effectiveness_vendor,high,90001071,internet_facing,0.39614708
high_capacity,simulation_patch_effectiveness_vendor,high,90001066,internet_facing,0.40506372
high_capacity,simulation_patch_effectiveness_vendor,high,90000861,internet_facing,0.40937219
high_capacity,simulation_patch_effectiveness_vendor,high,90000936,internet_facing,0.41139567
high_capacity,simulation_patch_effectiveness_vendor,high,90001026,internet_facing,0.42243209
high_capacity,simulation_patch_effectiveness_vendor,high,90001106,internet_facing,0.42620937
high_capacity,simulation_patch_effectiveness_vendor,high,90000981,internet_facing,0.42963107
high_capacity,simulation_patch_effectiveness_vendor,high,90000966,internet_facing,0.43169188
high_capacity,simulation_patch_effectiveness_vendor,high,90001051,internet_facing,0.43535131
high_capacity,simulation_patch_effectiveness_vendor,high,90001056,internet_facing,0.43855776
high_capacity,simulation_patch_effectiveness_vendor,high,90001161,internet_facing,0.43863461
high_capacity,simulation_patch_effectiveness_vendor,high,90001176,internet_facing,0.44204263
high_capacity,simulation_patch_effectiveness_vendor,high,90001101,internet_facing,0.4473188
high_capacity,simulation_patch_effectiveness_vendor,high,90000903,medical_device,0.33828076
high_capacity,simulation_patch_effectiveness_vendor,high,90000878,medical_device,0.34266305
high_capacity,simulation_patch_effectiveness_vendor,high,90001048,medical_device,0.3428876
high_capacity,simulation_patch_effectiveness_vendor,high,90000983,medical_device,0.34371943
high_capacity,simulation_patch_effectiveness_vendor,high,90000843,medical_device,0.34652205
high_capacity,simulation_patch_effectiveness_vendor,high,90000933,medical_device,0.37322161
high_capacity,simulation_patch_effectiveness_vendor,high,90000838,medical_device,0.37638901
high_capacity,simulation_patch_effectiveness_vendor,high,90001158,medical_device,0.37698695
high_capacity,simulation_patch_effectiveness_vendor,high,90000928,medical_device,0.37806124
high_capacity,simulation_patch_effectiveness_vendor,high,90000863,medical_device,0.38083028
high_capacity,simulation_patch_effectiveness_vendor,high,90001188,medical_device,0.38152489
high_capacity,simulation_patch_effectiveness_vendor,high,90000923,medical_device,0.38572036
high_capacity,simulation_patch_effectiveness_vendor,high,90000828,medical_device,0.3908419
high_capacity,simulation_patch_effectiveness_vendor,high,90001148,medical_device,0.39203007
high_capacity,simulation_patch_effectiveness_vendor,high,90001068,medical_device,0.39228274
high_capacity,simulation_patch_effectiveness_vendor,high,90000888,medical_device,0.39450371
high_capacity,simulation_patch_effectiveness_vendor,high,90001058,medical_device,0.39775795
high_capacity,simulation_patch_effectiveness_vendor,high,90000948,medical_device,0.40135242
high_capacity,simulation_patch_effectiveness_vendor,high,90000858,medical_device,0.40824101
high_capacity,simulation_patch_effectiveness_vendor,high,90000953,medical_device,0.40836546
high_capacity,simulation_patch_effectiveness_vendor,high,90001028,medical_device,0.43116395
high_capacity,simulation_patch_effectiveness_vendor,high,90001173,medical_device,0.43391183
high_capacity,simulation_patch_effectiveness_vendor,high,90001198,medical_device,0.44364522
high_capacity,simulation_patch_effectiveness_vendor,high,90001063,medical_device,0.44720395
high_capacity,simulation_patch_effectiveness_vendor,high,90001033,medical_device,0.44899058
high_capacity,simulation_patch_effectiveness_vendor,high,90001153,medical_device,0.44984633
high_capacity,simulation_patch_effectiveness_vendor,high,90000922,privileged_system,0.31898458
high_capacity,simulation_patch_effectiveness_vendor,high,90000837,privileged_system,0.32229987
high_capacity,simulation_patch_effectiveness_vendor,high,90000807,privileged_system,0.32388533
high_capacity,simulation_patch_effectiveness_vendor,high,90000862,privileged_system,0.33042574
high_capacity,simulation_patch_effectiveness_vendor,high,90000872,privileged_system,0.33359692
high_capacity,simulation_patch_effectiveness_vendor,high,90000907,privileged_system,0.33492067
high_capacity,simulation_patch_effectiveness_vendor,high,90001007,privileged_system,0.33979312
high_capacity,simulation_patch_effectiveness_vendor,high,90001172,privileged_system,0.34123778
high_capacity,simulation_patch_effectiveness_vendor,high,90000842,privileged_system,0.34171737
high_capacity,simulation_patch_effectiveness_vendor,high,90001002,privileged_system,0.34565543
high_capacity,simulation_patch_effectiveness_vendor,high,90001012,privileged_system,0.35806466
high_capacity,simulation_patch_effectiveness_vendor,high,90000982,privileged_system,0.35840102
high_capacity,simulation_patch_effectiveness_vendor,high,90001142,privileged_system,0.36313901
high_capacity,simulation_patch_effectiveness_vendor,high,90000902,privileged_system,0.37418507
high_capacity,simulation_patch_effectiveness_vendor,high,90000917,privileged_system,0.37468244
high_capacity,simulation_patch_effectiveness_vendor,high,90001137,privileged_system,0.37525014
high_capacity,simulation_patch_effectiveness_vendor,high,90000972,privileged_system,0.3764281
high_capacity,simulation_patch_effectiveness_vendor,high,90000942,privileged_system,0.38352374
high_capacity,simulation_patch_effectiveness_vendor,high,90001047,privileged_system,0.3901104
high_capacity,simulation_patch_effectiveness_vendor,high,90000822,privileged_system,0.39314602
high_capacity,simulation_patch_effectiveness_vendor,high,90000932,privileged_system,0.4031958
high_capacity,simulation_patch_effectiveness_vendor,high,90000992,privileged_system,0.41079767
high_capacity,simulation_patch_effectiveness_vendor,high,90001167,privileged_system,0.41385268
high_capacity,simulation_patch_effectiveness_vendor,high,90001077,privileged_system,0.4441836
high_capacity,simulation_patch_effectiveness_vendor,high,90000952,privileged_system,0.44659933
high_capacity,simulation_patch_effectiveness_vendor,high,90001092,privileged_system,0.44756364
high_capacity,simulation_patch_effectiveness_vendor,high,90001174,vendor_connection,0.33027615
high_capacity,simulation_patch_effectiveness_vendor,high,90000924,vendor_connection,0.33216601
high_capacity,simulation_patch_effectiveness_vendor,high,90000894,vendor_connection,0.33543419
high_capacity,simulation_patch_effectiveness_vendor,high,90000849,vendor_connection,0.33731957
high_capacity,simulation_patch_effectiveness_vendor,high,90001099,vendor_connection,0.35794237
high_capacity,simulation_patch_effectiveness_vendor,high,90001164,vendor_connection,0.35855372
high_capacity,simulation_patch_effectiveness_vendor,high,90001159,vendor_connection,0.36070353
high_capacity,simulation_patch_effectiveness_vendor,high,90001104,vendor_connection,0.36446423
high_capacity,simulation_patch_effectiveness_vendor,high,90000879,vendor_connection,0.36563619
high_capacity,simulation_patch_effectiveness_vendor,high,90000884,vendor_connection,0.36953768
high_capacity,simulation_patch_effectiveness_vendor,high,90001189,vendor_connection,0.39048307
high_capacity,simulation_patch_effectiveness_vendor,high,90001084,vendor_connection,0.39765489
high_capacity,simulation_patch_effectiveness_vendor,high,90000959,vendor_connection,0.39828302
high_capacity,simulation_patch_effectiveness_vendor,high,90000859,vendor_connection,0.40315202
high_capacity,simulation_patch_effectiveness_vendor,high,90001199,vendor_connection,0.40553416
high_capacity,simulation_patch_effectiveness_vendor,high,90000974,vendor_connection,0.4080244
high_capacity,simulation_patch_effectiveness_vendor,high,90001004,vendor_connection,0.41776774
high_capacity,simulation_patch_effectiveness_vendor,high,90001034,vendor_connection,0.42491998
high_capacity,simulation_patch_effectiveness_vendor,high,90000944,vendor_connection,0.42784895
high_capacity,simulation_patch_effectiveness_vendor,high,90001039,vendor_connection,0.43361534
high_capacity,simulation_patch_effectiveness_vendor,high,90001134,vendor_connection,0.43581369
high_capacity,simulation_patch_effectiveness_vendor,high,90001154,vendor_connection,0.44032533
high_capacity,simulation_patch_effectiveness_vendor,high,90000939,vendor_connection,0.44388583
high_capacity,simulation_patch_effectiveness_vendor,high,90000964,vendor_connection,0.44409385
high_capacity,simulation_patch_effectiveness_vendor,high,90000824,vendor_connection,0.44624671
high_capacity,simulation_patch_effectiveness_vendor,high,90000809,vendor_connection,0.4472961
high_capacity,simulation_patch_effectiveness_vendor,high,90001075,workstation,0.31738403
high_capacity,simulation_patch_effectiveness_vendor,high,90001080,workstation,0.32254074
high_capacity,simulation_patch_effectiveness_vendor,high,90001035,workstation,0.32848616
high_capacity,simulation_patch_effectiveness_vendor,high,90001105,workstation,0.33118609
high_capacity,simulation_patch_effectiveness_vendor,high,90000890,workstation,0.33929711
high_capacity,simulation_patch_effectiveness_vendor,high,90000845,workstation,0.34070686
high_capacity,simulation_patch_effectiveness_vendor,high,90000940,workstation,0.3453349
high_capacity,simulation_patch_effectiveness_vendor,high,90001160,workstation,0.34972519
high_capacity,simulation_patch_effectiveness_vendor,high,90000800,workstation,0.35015488
high_capacity,simulation_patch_effectiveness_vendor,high,90000870,workstation,0.35348003
high_capacity,simulation_patch_effectiveness_vendor,high,90001015,workstation,0.35990069
high_capacity,simulation_patch_effectiveness_vendor,high,90000905,workstation,0.36035709
high_capacity,simulation_patch_effectiveness_vendor,high,90000920,workstation,0.36075914
high_capacity,simulation_patch_effectiveness_vendor,high,90001030,workstation,0.36100801
high_capacity,simulation_patch_effectiveness_vendor,high,90001180,workstation,0.36530855
high_capacity,simulation_patch_effectiveness_vendor,high,90001050,workstation,0.3738656
high_capacity,simulation_patch_effectiveness_vendor,high,90000895,workstation,0.37475065
high_capacity,simulation_patch_effectiveness_vendor,high,90001085,workstation,0.37529519
high_capacity,simulation_patch_effectiveness_vendor,high,90000950,workstation,0.38854116
high_capacity,simulation_patch_effectiveness_vendor,high,90001190,workstation,0.39076453
high_capacity,simulation_patch_effectiveness_vendor,high,90000810,workstation,0.39642069
high_capacity,simulation_patch_effectiveness_vendor,high,90000980,workstation,0.42686321
high_capacity,simulation_patch_effectiveness_vendor,high,90000840,workstation,0.43072418
high_capacity,simulation_patch_effectiveness_vendor,high,90000805,workstation,0.43392369
high_capacity,simulation_patch_effectiveness_vendor,high,90000850,workstation,0.43538091
high_capacity,simulation_patch_effectiveness_vendor,high,90000985,workstation,0.43930637
high_capacity,simulation_rapid_isolation_success,low,90001026,internet_facing,0.40462228
high_capacity,simulation_rapid_isolation_success,low,90001021,internet_facing,0.40652896
high_capacity,simulation_rapid_isolation_success,low,90001051,internet_facing,0.40713738
high_capacity,simulation_rapid_isolation_success,low,90000801,internet_facing,0.41588698
high_capacity,simulation_rapid_isolation_success,low,90001161,internet_facing,0.42755526
high_capacity,simulation_rapid_isolation_success,low,90000941,internet_facing,0.43872054
high_capacity,simulation_rapid_isolation_success,low,90001126,internet_facing,0.43903968
high_capacity,simulation_rapid_isolation_success,low,90000866,internet_facing,0.44419807
high_capacity,simulation_rapid_isolation_success,low,90000921,internet_facing,0.44856038
high_capacity,simulation_rapid_isolation_success,low,90001071,internet_facing,0.45707464
high_capacity,simulation_rapid_isolation_success,low,90000946,internet_facing,0.46123984
high_capacity,simulation_rapid_isolation_success,low,90000926,internet_facing,0.46129557
high_capacity,simulation_rapid_isolation_success,low,90001081,internet_facing,0.46301703
high_capacity,simulation_rapid_isolation_success,low,90001101,internet_facing,0.46822222
high_capacity,simulation_rapid_isolation_success,low,90001086,internet_facing,0.47044542
high_capacity,simulation_rapid_isolation_success,low,90001156,internet_facing,0.47117096
high_capacity,simulation_rapid_isolation_success,low,90001006,internet_facing,0.47979224
high_capacity,simulation_rapid_isolation_success,low,90001011,internet_facing,0.49438416
high_capacity,simulation_rapid_isolation_success,low,90000916,internet_facing,0.50852681
high_capacity,simulation_rapid_isolation_success,low,90000991,internet_facing,0.51584512
high_capacity,simulation_rapid_isolation_success,low,90001046,internet_facing,0.52347717
high_capacity,simulation_rapid_isolation_success,low,90000966,internet_facing,0.52381523
high_capacity,simulation_rapid_isolation_success,low,90000956,internet_facing,0.5238307
high_capacity,simulation_rapid_isolation_success,low,90001036,internet_facing,0.53658377
high_capacity,simulation_rapid_isolation_success,low,90001151,internet_facing,0.53806021
high_capacity,simulation_rapid_isolation_success,low,90001106,internet_facing,0.54716372
high_capacity,simulation_rapid_isolation_success,low,90000998,medical_device,0.40092188
high_capacity,simulation_rapid_isolation_success,low,90000963,medical_device,0.4011447
high_capacity,simulation_rapid_isolation_success,low,90000973,medical_device,0.403432
high_capacity,simulation_rapid_isolation_success,low,90000933,medical_device,0.4059469
high_capacity,simulation_rapid_isolation_success,low,90000903,medical_device,0.426252
high_capacity,simulation_rapid_isolation_success,low,90001003,medical_device,0.42628864
high_capacity,simulation_rapid_isolation_success,low,90000888,medical_device,0.43482013
high_capacity,simulation_rapid_isolation_success,low,90001008,medical_device,0.44524817
high_capacity,simulation_rapid_isolation_success,low,90001033,medical_device,0.44579288
high_capacity,simulation_rapid_isolation_success,low,90001038,medical_device,0.45155352
high_capacity,simulation_rapid_isolation_success,low,90000898,medical_device,0.45207374
high_capacity,simulation_rapid_isolation_success,low,90001133,medical_device,0.45317197
high_capacity,simulation_rapid_isolation_success,low,90001148,medical_device,0.45588983
high_capacity,simulation_rapid_isolation_success,low,90000828,medical_device,0.46347639
high_capacity,simulation_rapid_isolation_success,low,90000948,medical_device,0.46789195
high_capacity,simulation_rapid_isolation_success,low,90000838,medical_device,0.4798383
high_capacity,simulation_rapid_isolation_success,low,90000848,medical_device,0.48110632
high_capacity,simulation_rapid_isolation_success,low,90001093,medical_device,0.48704405
high_capacity,simulation_rapid_isolation_success,low,90000978,medical_device,0.49097501
high_capacity,simulation_rapid_isolation_success,low,90000878,medical_device,0.50521633
high_capacity,simulation_rapid_isolation_success,low,90001013,medical_device,0.50669146
high_capacity,simulation_rapid_isolation_success,low,90000863,medical_device,0.50751568
high_capacity,simulation_rapid_isolation_success,low,90000913,medical_device,0.51429864
high_capacity,simulation_rapid_isolation_success,low,90001128,medical_device,0.52484786
high_capacity,simulation_rapid_isolation_success,low,90001163,medical_device,0.52635777
high_capacity,simulation_rapid_isolation_success,low,90000853,medical_device,0.527111
high_capacity,simulation_rapid_isolation_success,low,90001162,privileged_system,0.41373829
high_capacity,simulation_rapid_isolation_success,low,90001047,privileged_system,0.42287981
high_capacity,simulation_rapid_isolation_success,low,90000837,privileged_system,0.42311793
high_capacity,simulation_rapid_isolation_success,low,90001017,privileged_system,0.42405009
high_capacity,simulation_rapid_isolation_success,low,90001147,privileged_system,0.42773652
high_capacity,simulation_rapid_isolation_success,low,90000852,privileged_system,0.42944423
high_capacity,simulation_rapid_isolation_success,low,90000862,privileged_system,0.43998598
high_capacity,simulation_rapid_isolation_success,low,90000942,privileged_system,0.44231664
high_capacity,simulation_rapid_isolation_success,low,90000902,privileged_system,0.44338851
high_capacity,simulation_rapid_isolation_success,low,90001172,privileged_system,0.4478468
high_capacity,simulation_rapid_isolation_success,low,90000842,privileged_system,0.45680337
high_capacity,simulation_rapid_isolation_success,low,90000997,privileged_system,0.4616185
high_capacity,simulation_rapid_isolation_success,low,90001092,privileged_system,0.47163592
high_capacity,simulation_rapid_isolation_success,low,90001002,privileged_system,0.479767
high_capacity,simulation_rapid_isolation_success,low,90000892,privileged_system,0.48736257
high_capacity,simulation_rapid_isolation_success,low,90001152,privileged_system,0.49422385
high_capacity,simulation_rapid_isolation_success,low,90000812,privileged_system,0.49509895
high_capacity,simulation_rapid_isolation_success,low,90000857,privileged_system,0.50461678
high_capacity,simulation_rapid_isolation_success,low,90000897,privileged_system,0.51190058
high_capacity,simulation_rapid_isolation_success,low,90001052,privileged_system,0.52298695
high_capacity,simulation_rapid_isolation_success,low,90001132,privileged_system,0.52581276
high_capacity,simulation_rapid_isolation_success,low,90001042,privileged_system,0.52711949
high_capacity,simulation_rapid_isolation_success,low,90001192,privileged_system,0.52751672
high_capacity,simulation_rapid_isolation_success,low,90001087,privileged_system,0.53043166
high_capacity,simulation_rapid_isolation_success,low,90001062,privileged_system,0.53266738
high_capacity,simulation_rapid_isolation_success,low,90000827,privileged_system,0.54171598
high_capacity,simulation_rapid_isolation_success,low,90001114,vendor_connection,0.40979186
high_capacity,simulation_rapid_isolation_success,low,90001174,vendor_connection,0.41042919
high_capacity,simulation_rapid_isolation_success,low,90000954,vendor_connection,0.41048837
high_capacity,simulation_rapid_isolation_success,low,90001109,vendor_connection,0.41539796
high_capacity,simulation_rapid_isolation_success,low,90001039,vendor_connection,0.42743683
high_capacity,simulation_rapid_isolation_success,low,90000974,vendor_connection,0.43493576
high_capacity,simulation_rapid_isolation_success,low,90000969,vendor_connection,0.44068993
high_capacity,simulation_rapid_isolation_success,low,90001124,vendor_connection,0.45295619
high_capacity,simulation_rapid_isolation_success,low,90001099,vendor_connection,0.45417292
high_capacity,simulation_rapid_isolation_success,low,90001129,vendor_connection,0.46455279
high_capacity,simulation_rapid_isolation_success,low,90001049,vendor_connection,0.47267143
high_capacity,simulation_rapid_isolation_success,low,90001044,vendor_connection,0.47726987
high_capacity,simulation_rapid_isolation_success,low,90000844,vendor_connection,0.47884607
high_capacity,simulation_rapid_isolation_success,low,90000899,vendor_connection,0.48048125
high_capacity,simulation_rapid_isolation_success,low,90001014,vendor_connection,0.49617217
high_capacity,simulation_rapid_isolation_success,low,90000804,vendor_connection,0.50474317
high_capacity,simulation_rapid_isolation_success,low,90001194,vendor_connection,0.5050958
high_capacity,simulation_rapid_isolation_success,low,90000949,vendor_connection,0.50649884
high_capacity,simulation_rapid_isolation_success,low,90000964,vendor_connection,0.51417846
high_capacity,simulation_rapid_isolation_success,low,90001024,vendor_connection,0.52449061
high_capacity,simulation_rapid_isolation_success,low,90001079,vendor_connection,0.52634864
high_capacity,simulation_rapid_isolation_success,low,90001154,vendor_connection,0.53265504
high_capacity,simulation_rapid_isolation_success,low,90001179,vendor_connection,0.53778586
high_capacity,simulation_rapid_isolation_success,low,90000869,vendor_connection,0.54104913
high_capacity,simulation_rapid_isolation_success,low,90000814,vendor_connection,0.54304502
high_capacity,simulation_rapid_isolation_success,low,90001029,vendor_connection,0.54813958
high_capacity,simulation_rapid_isolation_success,low,90000895,workstation,0.40691905
high_capacity,simulation_rapid_isolation_success,low,90000990,workstation,0.41144992
high_capacity,simulation_rapid_isolation_success,low,90000950,workstation,0.41191712
high_capacity,simulation_rapid_isolation_success,low,90000930,workstation,0.41288757
high_capacity,simulation_rapid_isolation_success,low,90000920,workstation,0.42248572
high_capacity,simulation_rapid_isolation_success,low,90000955,workstation,0.42440078
high_capacity,simulation_rapid_isolation_success,low,90001040,workstation,0.42484541
high_capacity,simulation_rapid_isolation_success,low,90001195,workstation,0.42714025
high_capacity,simulation_rapid_isolation_success,low,90000840,workstation,0.42943254
high_capacity,simulation_rapid_isolation_success,low,90000915,workstation,0.44124131
high_capacity,simulation_rapid_isolation_success,low,90001020,workstation,0.44223517
high_capacity,simulation_rapid_isolation_success,low,90001005,workstation,0.44436955
high_capacity,simulation_rapid_isolation_success,low,90000965,workstation,0.45922411
high_capacity,simulation_rapid_isolation_success,low,90001035,workstation,0.45983155
high_capacity,simulation_rapid_isolation_success,low,90001015,workstation,0.46153985
high_capacity,simulation_rapid_isolation_success,low,90001160,workstation,0.46629253
high_capacity,simulation_rapid_isolation_success,low,90000995,workstation,0.46636271
high_capacity,simulation_rapid_isolation_success,low,90001070,workstation,0.46893009
high_capacity,simulation_rapid_isolation_success,low,90000865,workstation,0.4724997
high_capacity,simulation_rapid_isolation_success,low,90000810,workstation,0.47500947
high_capacity,simulation_rapid_isolation_success,low,90001055,workstation,0.47658948
high_capacity,simulation_rapid_isolation_success,low,90001180,workstation,0.48924182
high_capacity,simulation_rapid_isolation_success,low,90000960,workstation,0.49657825
high_capacity,simulation_rapid_isolation_success,low,90001065,workstation,0.49842833
high_capacity,simulation_rapid_isolation_success,low,90001125,workstation,0.50625859
high_capacity,simulation_rapid_isolation_success,low,90000805,workstation,0.5253349
high_capacity,simulation_rapid_isolation_success,high,90000976,internet_facing,0.71490702
high_capacity,simulation_rapid_isolation_success,high,90000891,internet_facing,0.72753595
high_capacity,simulation_rapid_isolation_success,high,90000861,internet_facing,0.73274203
high_capacity,simulation_rapid_isolation_success,high,90001056,internet_facing,0.74097705
high_capacity,simulation_rapid_isolation_success,high,90000836,internet_facing,0.74748794
high_capacity,simulation_rapid_isolation_success,high,90001111,internet_facing,0.74998114
high_capacity,simulation_rapid_isolation_success,high,90000811,internet_facing,0.75409569
high_capacity,simulation_rapid_isolation_success,high,90001001,internet_facing,0.75695733
high_capacity,simulation_rapid_isolation_success,high,90001091,internet_facing,0.7672236
high_capacity,simulation_rapid_isolation_success,high,90000881,internet_facing,0.76857443
high_capacity,simulation_rapid_isolation_success,high,90000886,internet_facing,0.77405735
high_capacity,simulation_rapid_isolation_success,high,90000986,internet_facing,0.77674907
high_capacity,simulation_rapid_isolation_success,high,90000826,internet_facing,0.78248168
high_capacity,simulation_rapid_isolation_success,high,90000846,internet_facing,0.78537302
high_capacity,simulation_rapid_isolation_success,high,90000876,internet_facing,0.79592433
high_capacity,simulation_rapid_isolation_success,high,90001146,internet_facing,0.797293
high_capacity,simulation_rapid_isolation_success,high,90001096,internet_facing,0.8061627
high_capacity,simulation_rapid_isolation_success,high,90001121,internet_facing,0.82415617
high_capacity,simulation_rapid_isolation_success,high,90000856,internet_facing,0.82451939
high_capacity,simulation_rapid_isolation_success,high,90001041,internet_facing,0.82599237
high_capacity,simulation_rapid_isolation_success,high,90001136,internet_facing,0.83132687
high_capacity,simulation_rapid_isolation_success,high,90000906,internet_facing,0.83416986
high_capacity,simulation_rapid_isolation_success,high,90000971,internet_facing,0.83823767
high_capacity,simulation_rapid_isolation_success,high,90000821,internet_facing,0.83939277
high_capacity,simulation_rapid_isolation_success,high,90000831,internet_facing,0.84381902
high_capacity,simulation_rapid_isolation_success,high,90001131,internet_facing,0.84513052
high_capacity,simulation_rapid_isolation_success,high,90001028,medical_device,0.73388732
high_capacity,simulation_rapid_isolation_success,high,90000813,medical_device,0.73542355
high_capacity,simulation_rapid_isolation_success,high,90000928,medical_device,0.73682443
high_capacity,simulation_rapid_isolation_success,high,90001018,medical_device,0.73720116
high_capacity,simulation_rapid_isolation_success,high,90001153,medical_device,0.73957328
high_capacity,simulation_rapid_isolation_success,high,90001123,medical_device,0.74517038
high_capacity,simulation_rapid_isolation_success,high,90001043,medical_device,0.75016228
high_capacity,simulation_rapid_isolation_success,high,90001173,medical_device,0.7533501
high_capacity,simulation_rapid_isolation_success,high,90000868,medical_device,0.75884349
high_capacity,simulation_rapid_isolation_success,high,90000953,medical_device,0.75896839
high_capacity,simulation_rapid_isolation_success,high,90000988,medical_device,0.77675515
high_capacity,simulation_rapid_isolation_success,high,90001178,medical_device,0.77854582
high_capacity,simulation_rapid_isolation_success,high,90000843,medical_device,0.77926048
high_capacity,simulation_rapid_isolation_success,high,90001068,medical_device,0.77980951
high_capacity,simulation_rapid_isolation_success,high,90001083,medical_device,0.7821427
high_capacity,simulation_rapid_isolation_success,high,90001113,medical_device,0.78314841
high_capacity,simulation_rapid_isolation_success,high,90001138,medical_device,0.78458453
high_capacity,simulation_rapid_isolation_success,high,90001158,medical_device,0.79060669
high_capacity,simulation_rapid_isolation_success,high,90000908,medical_device,0.79367986
high_capacity,simulation_rapid_isolation_success,high,90001198,medical_device,0.79929157
high_capacity,simulation_rapid_isolation_success,high,90001098,medical_device,0.80021542
high_capacity,simulation_rapid_isolation_success,high,90000938,medical_device,0.81930284
high_capacity,simulation_rapid_isolation_success,high,90000968,medical_device,0.83738061
high_capacity,simulation_rapid_isolation_success,high,90000858,medical_device,0.83784832
high_capacity,simulation_rapid_isolation_success,high,90001143,medical_device,0.8418431
high_capacity,simulation_rapid_isolation_success,high,90001078,medical_device,0.84514543
high_capacity,simulation_rapid_isolation_success,high,90001097,privileged_system,0.71545796
high_capacity,simulation_rapid_isolation_success,high,90001117,privileged_system,0.71556698
high_capacity,simulation_rapid_isolation_success,high,90001077,privileged_system,0.72537832
high_capacity,simulation_rapid_isolation_success,high,90000847,privileged_system,0.73238509
high_capacity,simulation_rapid_isolation_success,high,90000992,privileged_system,0.73805068
high_capacity,simulation_rapid_isolation_success,high,90001197,privileged_system,0.74807931
high_capacity,simulation_rapid_isolation_success,high,90001107,privileged_system,0.75669764
high_capacity,simulation_rapid_isolation_success,high,90001122,privileged_system,0.75696579
high_capacity,simulation_rapid_isolation_success,high,90000917,privileged_system,0.75770563
high_capacity,simulation_rapid_isolation_success,high,90001112,privileged_system,0.76624663
high_capacity,simulation_rapid_isolation_success,high,90000967,privileged_system,0.77364007
high_capacity,simulation_rapid_isolation_success,high,90000937,privileged_system,0.7748648
high_capacity,simulation_rapid_isolation_success,high,90000817,privileged_system,0.77635176
high_capacity,simulation_rapid_isolation_success,high,90001007,privileged_system,0.7776093
high_capacity,simulation_rapid_isolation_success,high,90001157,privileged_system,0.78325094
high_capacity,simulation_rapid_isolation_success,high,90000977,privileged_system,0.78659187
high_capacity,simulation_rapid_isolation_success,high,90001032,privileged_system,0.79455917
high_capacity,simulation_rapid_isolation_success,high,90000867,privileged_system,0.79841973
high_capacity,simulation_rapid_isolation_success,high,90000882,privileged_system,0.79859901
high_capacity,simulation_rapid_isolation_success,high,90000982,privileged_system,0.81102652
high_capacity,simulation_rapid_isolation_success,high,90000877,privileged_system,0.81173164
high_capacity,simulation_rapid_isolation_success,high,90001177,privileged_system,0.81470785
high_capacity,simulation_rapid_isolation_success,high,90001127,privileged_system,0.82366721
high_capacity,simulation_rapid_isolation_success,high,90000932,privileged_system,0.8299043
high_capacity,simulation_rapid_isolation_success,high,90000972,privileged_system,0.83164947
high_capacity,simulation_rapid_isolation_success,high,90001037,privileged_system,0.83591565
high_capacity,simulation_rapid_isolation_success,high,90000939,vendor_connection,0.71424923
high_capacity,simulation_rapid_isolation_success,high,90001134,vendor_connection,0.71600443
high_capacity,simulation_rapid_isolation_success,high,90000919,vendor_connection,0.71740292
high_capacity,simulation_rapid_isolation_success,high,90001199,vendor_connection,0.72840532
high_capacity,simulation_rapid_isolation_success,high,90001149,vendor_connection,0.73218014
high_capacity,simulation_rapid_isolation_success,high,90000994,vendor_connection,0.73251974
high_capacity,simulation_rapid_isolation_success,high,90001184,vendor_connection,0.73445684
high_capacity,simulation_rapid_isolation_success,high,90001119,vendor_connection,0.75267268
high_capacity,simulation_rapid_isolation_success,high,90000849,vendor_connection,0.75889225
high_capacity,simulation_rapid_isolation_success,high,90000839,vendor_connection,0.76034425
high_capacity,simulation_rapid_isolation_success,high,90001089,vendor_connection,0.76801501
high_capacity,simulation_rapid_isolation_success,high,90000929,vendor_connection,0.7748654
high_capacity,simulation_rapid_isolation_success,high,90001164,vendor_connection,0.79364587
high_capacity,simulation_rapid_isolation_success,high,90000914,vendor_connection,0.79797782
high_capacity,simulation_rapid_isolation_success,high,90000884,vendor_connection,0.79887548
high_capacity,simulation_rapid_isolation_success,high,90000979,vendor_connection,0.80280503
high_capacity,simulation_rapid_isolation_success,high,90001019,vendor_connection,0.80784568
high_capacity,simulation_rapid_isolation_success,high,90000829,vendor_connection,0.81212305
high_capacity,simulation_rapid_isolation_success,high,90000864,vendor_connection,0.81512873
high_capacity,simulation_rapid_isolation_success,high,90001009,vendor_connection,0.81993447
high_capacity,simulation_rapid_isolation_success,high,90000989,vendor_connection,0.82662254
high_capacity,simulation_rapid_isolation_success,high,90000904,vendor_connection,0.82992202
high_capacity,simulation_rapid_isolation_success,high,90001159,vendor_connection,0.83481371
high_capacity,simulation_rapid_isolation_success,high,90000959,vendor_connection,0.83779795
high_capacity,simulation_rapid_isolation_success,high,90001069,vendor_connection,0.8439417
high_capacity,simulation_rapid_isolation_success,high,90000834,vendor_connection,0.84966066
high_capacity,simulation_rapid_isolation_success,high,90000825,workstation,0.69469563
high_capacity,simulation_rapid_isolation_success,high,90000860,workstation,0.6976525
high_capacity,simulation_rapid_isolation_success,high,90000900,workstation,0.7180915
high_capacity,simulation_rapid_isolation_success,high,90000875,workstation,0.71965607
high_capacity,simulation_rapid_isolation_success,high,90000980,workstation,0.72269359
high_capacity,simulation_rapid_isolation_success,high,90000945,workstation,0.73661785
high_capacity,simulation_rapid_isolation_success,high,90000845,workstation,0.73965799
high_capacity,simulation_rapid_isolation_success,high,90001190,workstation,0.74196288
high_capacity,simulation_rapid_isolation_success,high,90001075,workstation,0.75534321
high_capacity,simulation_rapid_isolation_success,high,90001045,workstation,0.76539846
high_capacity,simulation_rapid_isolation_success,high,90001115,workstation,0.78442349
high_capacity,simulation_rapid_isolation_success,high,90000890,workstation,0.78753912
high_capacity,simulation_rapid_isolation_success,high,90001175,workstation,0.80051431
high_capacity,simulation_rapid_isolation_success,high,90001145,workstation,0.80424106
high_capacity,simulation_rapid_isolation_success,high,90001100,workstation,0.80431439
high_capacity,simulation_rapid_isolation_success,high,90001165,workstation,0.80569139
high_capacity,simulation_rapid_isolation_success,high,90001010,workstation,0.80820212
high_capacity,simulation_rapid_isolation_success,high,90001050,workstation,0.80962886
high_capacity,simulation_rapid_isolation_success,high,90000885,workstation,0.81148632
high_capacity,simulation_rapid_isolation_success,high,90000910,workstation,0.8253828
high_capacity,simulation_rapid_isolation_success,high,90001135,workstation,0.827607
high_capacity,simulation_rapid_isolation_success,high,90001155,workstation,0.83086625
high_capacity,simulation_rapid_isolation_success,high,90001150,workstation,0.83183236
high_capacity,simulation_rapid_isolation_success,high,90001085,workstation,0.83201679
high_capacity,simulation_rapid_isolation_success,high,90001140,workstation,0.84055976
high_capacity,simulation_rapid_isolation_success,high,90001120,workstation,0.84075685
high_capacity,simulation_restore_rate_fraction,low,90001166,internet_facing,0.00202239
high_capacity,simulation_restore_rate_fraction,low,90001161,internet_facing,0.00242797
high_capacity,simulation_restore_rate_fraction,low,90001136,internet_facing,0.00253986
high_capacity,simulation_restore_rate_fraction,low,90000871,internet_facing,0.00256385
high_capacity,simulation_restore_rate_fraction,low,90001186,internet_facing,0.00295773
high_capacity,simulation_restore_rate_fraction,low,90001141,internet_facing,0.00307394
high_capacity,simulation_restore_rate_fraction,low,90001196,internet_facing,0.00317203
high_capacity,simulation_restore_rate_fraction,low,90000926,internet_facing,0.00327243
high_capacity,simulation_restore_rate_fraction,low,90001126,internet_facing,0.00327905
high_capacity,simulation_restore_rate_fraction,low,90001026,internet_facing,0.00343682
high_capacity,simulation_restore_rate_fraction,low,90001071,internet_facing,0.00366505
high_capacity,simulation_restore_rate_fraction,low,90001081,internet_facing,0.00385608
high_capacity,simulation_restore_rate_fraction,low,90001006,internet_facing,0.00400199
high_capacity,simulation_restore_rate_fraction,low,90000996,internet_facing,0.00488178
high_capacity,simulation_restore_rate_fraction,low,90001021,internet_facing,0.00489342
high_capacity,simulation_restore_rate_fraction,low,90000941,internet_facing,0.00491934
high_capacity,simulation_restore_rate_fraction,low,90001061,internet_facing,0.00506427
high_capacity,simulation_restore_rate_fraction,low,90000836,internet_facing,0.00510994
high_capacity,simulation_restore_rate_fraction,low,90000931,internet_facing,0.00515147
high_capacity,simulation_restore_rate_fraction,low,90000841,internet_facing,0.00528488
high_capacity,simulation_restore_rate_fraction,low,90000951,internet_facing,0.00582532
high_capacity,simulation_restore_rate_fraction,low,90000991,internet_facing,0.00585247
high_capacity,simulation_restore_rate_fraction,low,90000911,internet_facing,0.0060514
high_capacity,simulation_restore_rate_fraction,low,90000956,internet_facing,0.00606167
high_capacity,simulation_restore_rate_fraction,low,90001151,internet_facing,0.00616829
high_capacity,simulation_restore_rate_fraction,low,90000816,internet_facing,0.00620893
high_capacity,simulation_restore_rate_fraction,low,90000803,medical_device,0.00207365
high_capacity,simulation_restore_rate_fraction,low,90001033,medical_device,0.00212031
high_capacity,simulation_restore_rate_fraction,low,90000948,medical_device,0.00221981
high_capacity,simulation_restore_rate_fraction,low,90001188,medical_device,0.00244551
high_capacity,simulation_restore_rate_fraction,low,90001003,medical_device,0.00255848
high_capacity,simulation_restore_rate_fraction,low,90001123,medical_device,0.00291653
high_capacity,simulation_restore_rate_fraction,low,90001178,medical_device,0.00295789
high_capacity,simulation_restore_rate_fraction,low,90000893,medical_device,0.00300229
high_capacity,simulation_restore_rate_fraction,low,90000868,medical_device,0.0031736
high_capacity,simulation_restore_rate_fraction,low,90000848,medical_device,0.00335831
high_capacity,simulation_restore_rate_fraction,low,90001063,medical_device,0.00371776
high_capacity,simulation_restore_rate_fraction,low,90000833,medical_device,0.0042106
high_capacity,simulation_restore_rate_fraction,low,90001143,medical_device,0.00437667
high_capacity,simulation_restore_rate_fraction,low,90001028,medical_device,0.00449331
high_capacity,simulation_restore_rate_fraction,low,90001133,medical_device,0.00459431
high_capacity,simulation_restore_rate_fraction,low,90001163,medical_device,0.00470008
high_capacity,simulation_restore_rate_fraction,low,90000978,medical_device,0.00474205
high_capacity,simulation_restore_rate_fraction,low,90000903,medical_device,0.00491787
high_capacity,simulation_restore_rate_fraction,low,90001158,medical_device,0.00493033
high_capacity,simulation_restore_rate_fraction,low,90001198,medical_device,0.00518663
high_capacity,simulation_restore_rate_fraction,low,90001173,medical_device,0.00530724
high_capacity,simulation_restore_rate_fraction,low,90000828,medical_device,0.0055416
high_capacity,simulation_restore_rate_fraction,low,90001183,medical_device,0.0063665
high_capacity,simulation_restore_rate_fraction,low,90001093,medical_device,0.00647087
high_capacity,simulation_restore_rate_fraction,low,90001088,medical_device,0.0067711
high_capacity,simulation_restore_rate_fraction,low,90001108,medical_device,0.00695745
high_capacity,simulation_restore_rate_fraction,low,90000882,privileged_system,0.00208238
high_capacity,simulation_restore_rate_fraction,low,90001117,privileged_system,0.00215892
high_capacity,simulation_restore_rate_fraction,low,90000922,privileged_system,0.0022179
high_capacity,simulation_restore_rate_fraction,low,90000997,privileged_system,0.0023874
high_capacity,simulation_restore_rate_fraction,low,90000962,privileged_system,0.00243146
high_capacity,simulation_restore_rate_fraction,low,90001072,privileged_system,0.0027164
high_capacity,simulation_restore_rate_fraction,low,90001037,privileged_system,0.00324788
high_capacity,simulation_restore_rate_fraction,low,90001112,privileged_system,0.00336975
high_capacity,simulation_restore_rate_fraction,low,90000987,privileged_system,0.00348736
high_capacity,simulation_restore_rate_fraction,low,90001167,privileged_system,0.00355007
high_capacity,simulation_restore_rate_fraction,low,90000807,privileged_system,0.00400287
high_capacity,simulation_restore_rate_fraction,low,90000952,privileged_system,0.00436789
high_capacity,simulation_restore_rate_fraction,low,90001017,privileged_system,0.00493767
high_capacity,simulation_restore_rate_fraction,low,90000822,privileged_system,0.00502632
high_capacity,simulation_restore_rate_fraction,low,90001052,privileged_system,0.00514619
high_capacity,simulation_restore_rate_fraction,low,90001132,privileged_system,0.00525254
high_capacity,simulation_restore_rate_fraction,low,90001092,privileged_system,0.00533199
high_capacity,simulation_restore_rate_fraction,low,90000897,privileged_system,0.00535845
high_capacity,simulation_restore_rate_fraction,low,90001127,privileged_system,0.00571567
high_capacity,simulation_restore_rate_fraction,low,90001082,privileged_system,0.0057377
high_capacity,simulation_restore_rate_fraction,low,90001007,privileged_system,0.00602851
high_capacity,simulation_restore_rate_fraction,low,90000927,privileged_system,0.00614045
high_capacity,simulation_restore_rate_fraction,low,90001172,privileged_system,0.00620138
high_capacity,simulation_restore_rate_fraction,low,90000907,privileged_system,0.00632218
high_capacity,simulation_restore_rate_fraction,low,90001057,privileged_system,0.00635879
high_capacity,simulation_restore_rate_fraction,low,90000812,privileged_system,0.00641197
high_capacity,simulation_restore_rate_fraction,low,90000984,vendor_connection,0.00221714
high_capacity,simulation_restore_rate_fraction,low,90001099,vendor_connection,0.0022865
high_capacity,simulation_restore_rate_fraction,low,90001114,vendor_connection,0.00231003
high_capacity,simulation_restore_rate_fraction,low,90001109,vendor_connection,0.00239082
high_capacity,simulation_restore_rate_fraction,low,90001149,vendor_connection,0.00256811
high_capacity,simulation_restore_rate_fraction,low,90000974,vendor_connection,0.0027019
high_capacity,simulation_restore_rate_fraction,low,90001094,vendor_connection,0.0027554
high_capacity,simulation_restore_rate_fraction,low,90001124,vendor_connection,0.00290536
high_capacity,simulation_restore_rate_fraction,low,90000979,vendor_connection,0.0033206
high_capacity,simulation_restore_rate_fraction,low,90001154,vendor_connection,0.00353312
high_capacity,simulation_restore_rate_fraction,low,90000994,vendor_connection,0.00362819
high_capacity,simulation_restore_rate_fraction,low,90000899,vendor_connection,0.00363535
high_capacity,simulation_restore_rate_fraction,low,90000824,vendor_connection,0.0036526
high_capacity,simulation_restore_rate_fraction,low,90001184,vendor_connection,0.00365977
high_capacity,simulation_restore_rate_fraction,low,90001194,vendor_connection,0.00406176
high_capacity,simulation_restore_rate_fraction,low,90000819,vendor_connection,0.00407275
high_capacity,simulation_restore_rate_fraction,low,90001084,vendor_connection,0.00427413
high_capacity,simulation_restore_rate_fraction,low,90001189,vendor_connection,0.00436671
high_capacity,simulation_restore_rate_fraction,low,90000829,vendor_connection,0.00443509
high_capacity,simulation_restore_rate_fraction,low,90000959,vendor_connection,0.00456264
high_capacity,simulation_restore_rate_fraction,low,90001044,vendor_connection,0.00463913
high_capacity,simulation_restore_rate_fraction,low,90000809,vendor_connection,0.00481864
high_capacity,simulation_restore_rate_fraction,low,90001024,vendor_connection,0.00513331
high_capacity,simulation_restore_rate_fraction,low,90000884,vendor_connection,0.00548998
high_capacity,simulation_restore_rate_fraction,low,90001104,vendor_connection,0.00579327
high_capacity,simulation_restore_rate_fraction,low,90000924,vendor_connection,0.006011
high_capacity,simulation_restore_rate_fraction,low,90001185,workstation,0.00266321
high_capacity,simulation_restore_rate_fraction,low,90000865,workstation,0.00330594
high_capacity,simulation_restore_rate_fraction,low,90001015,workstation,0.00351101
high_capacity,simulation_restore_rate_fraction,low,90000825,workstation,0.00357221
high_capacity,simulation_restore_rate_fraction,low,90001030,workstation,0.00358462
high_capacity,simulation_restore_rate_fraction,low,90001175,workstation,0.00365698
high_capacity,simulation_restore_rate_fraction,low,90001125,workstation,0.00365888
high_capacity,simulation_restore_rate_fraction,low,90000845,workstation,0.00393057
high_capacity,simulation_restore_rate_fraction,low,90000855,workstation,0.00401634
high_capacity,simulation_restore_rate_fraction,low,90001010,workstation,0.00415373
high_capacity,simulation_restore_rate_fraction,low,90001110,workstation,0.00445561
high_capacity,simulation_restore_rate_fraction,low,90001100,workstation,0.00453431
high_capacity,simulation_restore_rate_fraction,low,90000840,workstation,0.00459866
high_capacity,simulation_restore_rate_fraction,low,90001130,workstation,0.00463271
high_capacity,simulation_restore_rate_fraction,low,90000920,workstation,0.00467195
high_capacity,simulation_restore_rate_fraction,low,90001155,workstation,0.00510857
high_capacity,simulation_restore_rate_fraction,low,90000805,workstation,0.00522615
high_capacity,simulation_restore_rate_fraction,low,90001090,workstation,0.00528148
high_capacity,simulation_restore_rate_fraction,low,90001055,workstation,0.0054085
high_capacity,simulation_restore_rate_fraction,low,90000870,workstation,0.00543359
high_capacity,simulation_restore_rate_fraction,low,90000955,workstation,0.00554335
high_capacity,simulation_restore_rate_fraction,low,90001070,workstation,0.00572014
high_capacity,simulation_restore_rate_fraction,low,90000925,workstation,0.00579413
high_capacity,simulation_restore_rate_fraction,low,90001020,workstation,0.00620037
high_capacity,simulation_restore_rate_fraction,low,90001040,workstation,0.00631184
high_capacity,simulation_restore_rate_fraction,low,90000895,workstation,0.00633757
high_capacity,simulation_restore_rate_fraction,high,90001041,internet_facing,0.01146077
high_capacity,simulation_restore_rate_fraction,high,90000876,internet_facing,0.01163308
high_capacity,simulation_restore_rate_fraction,high,90001106,internet_facing,0.0119426
high_capacity,simulation_restore_rate_fraction,high,90000851,internet_facing,0.01218951
high_capacity,simulation_restore_rate_fraction,high,90001116,internet_facing,0.01219848
high_capacity,simulation_restore_rate_fraction,high,90000881,internet_facing,0.01240112
high_capacity,simulation_restore_rate_fraction,high,90000981,internet_facing,0.0126037
high_capacity,simulation_restore_rate_fraction,high,90000861,internet_facing,0.01262015
high_capacity,simulation_restore_rate_fraction,high,90001001,internet_facing,0.01279678
high_capacity,simulation_restore_rate_fraction,high,90000826,internet_facing,0.0128261
high_capacity,simulation_restore_rate_fraction,high,90001046,internet_facing,0.01284742
high_capacity,simulation_restore_rate_fraction,high,90000936,internet_facing,0.01285759
high_capacity,simulation_restore_rate_fraction,high,90001056,internet_facing,0.01289384
high_capacity,simulation_restore_rate_fraction,high,90000986,internet_facing,0.01346818
high_capacity,simulation_restore_rate_fraction,high,90001076,internet_facing,0.01355513
high_capacity,simulation_restore_rate_fraction,high,90001066,internet_facing,0.01368634
high_capacity,simulation_restore_rate_fraction,high,90001176,internet_facing,0.01369423
high_capacity,simulation_restore_rate_fraction,high,90000846,internet_facing,0.01391729
high_capacity,simulation_restore_rate_fraction,high,90001086,internet_facing,0.0141982
high_capacity,simulation_restore_rate_fraction,high,90000811,internet_facing,0.01421701
high_capacity,simulation_restore_rate_fraction,high,90001031,internet_facing,0.01432975
high_capacity,simulation_restore_rate_fraction,high,90000801,internet_facing,0.01441025
high_capacity,simulation_restore_rate_fraction,high,90001171,internet_facing,0.01447448
high_capacity,simulation_restore_rate_fraction,high,90000866,internet_facing,0.01459734
high_capacity,simulation_restore_rate_fraction,high,90001016,internet_facing,0.01466926
high_capacity,simulation_restore_rate_fraction,high,90001096,internet_facing,0.01477096
high_capacity,simulation_restore_rate_fraction,high,90000843,medical_device,0.0109459
high_capacity,simulation_restore_rate_fraction,high,90000853,medical_device,0.01095205
high_capacity,simulation_restore_rate_fraction,high,90001138,medical_device,0.01112715
high_capacity,simulation_restore_rate_fraction,high,90001043,medical_device,0.01115637
high_capacity,simulation_restore_rate_fraction,high,90000858,medical_device,0.01156668
high_capacity,simulation_restore_rate_fraction,high,90000878,medical_device,0.01162678
high_capacity,simulation_restore_rate_fraction,high,90001073,medical_device,0.01185634
high_capacity,simulation_restore_rate_fraction,high,90000913,medical_device,0.01198095
high_capacity,simulation_restore_rate_fraction,high,90000973,medical_device,0.01200326
high_capacity,simulation_restore_rate_fraction,high,90001058,medical_device,0.01208596
high_capacity,simulation_restore_rate_fraction,high,90001098,medical_device,0.01244661
high_capacity,simulation_restore_rate_fraction,high,90001128,medical_device,0.01265292
high_capacity,simulation_restore_rate_fraction,high,90001078,medical_device,0.01269447
high_capacity,simulation_restore_rate_fraction,high,90001083,medical_device,0.01271888
high_capacity,simulation_restore_rate_fraction,high,90000998,medical_device,0.01277976
high_capacity,simulation_restore_rate_fraction,high,90000963,medical_device,0.01309418
high_capacity,simulation_restore_rate_fraction,high,90000838,medical_device,0.0132109
high_capacity,simulation_restore_rate_fraction,high,90000958,medical_device,0.01387424
high_capacity,simulation_restore_rate_fraction,high,90000818,medical_device,0.013916
high_capacity,simulation_restore_rate_fraction,high,90001113,medical_device,0.01436423
high_capacity,simulation_restore_rate_fraction,high,90001038,medical_device,0.01443453
high_capacity,simulation_restore_rate_fraction,high,90000873,medical_device,0.01450443
high_capacity,simulation_restore_rate_fraction,high,90001153,medical_device,0.01457776
high_capacity,simulation_restore_rate_fraction,high,90000928,medical_device,0.01477076
high_capacity,simulation_restore_rate_fraction,high,90000938,medical_device,0.01478727
high_capacity,simulation_restore_rate_fraction,high,90001048,medical_device,0.0148843
high_capacity,simulation_restore_rate_fraction,high,90001062,privileged_system,0.01142583
high_capacity,simulation_restore_rate_fraction,high,90000977,privileged_system,0.01143036
high_capacity,simulation_restore_rate_fraction,high,90001142,privileged_system,0.01162772
high_capacity,simulation_restore_rate_fraction,high,90000802,privileged_system,0.01171362
high_capacity,simulation_restore_rate_fraction,high,90000917,privileged_system,0.01174173
high_capacity,simulation_restore_rate_fraction,high,90001177,privileged_system,0.01192918
high_capacity,simulation_restore_rate_fraction,high,90001122,privileged_system,0.01196527
high_capacity,simulation_restore_rate_fraction,high,90000817,privileged_system,0.01202227
high_capacity,simulation_restore_rate_fraction,high,90000982,privileged_system,0.01210868
high_capacity,simulation_restore_rate_fraction,high,90000942,privileged_system,0.0121816
high_capacity,simulation_restore_rate_fraction,high,90000827,privileged_system,0.01253374
high_capacity,simulation_restore_rate_fraction,high,90000912,privileged_system,0.01253887
high_capacity,simulation_restore_rate_fraction,high,90001192,privileged_system,0.01262463
high_capacity,simulation_restore_rate_fraction,high,90001152,privileged_system,0.01266986
high_capacity,simulation_restore_rate_fraction,high,90001022,privileged_system,0.01270244
high_capacity,simulation_restore_rate_fraction,high,90000887,privileged_system,0.0129106
high_capacity,simulation_restore_rate_fraction,high,90001067,privileged_system,0.01292697
high_capacity,simulation_restore_rate_fraction,high,90001157,privileged_system,0.01300146
high_capacity,simulation_restore_rate_fraction,high,90000902,privileged_system,0.01344114
high_capacity,simulation_restore_rate_fraction,high,90001002,privileged_system,0.01385073
high_capacity,simulation_restore_rate_fraction,high,90001097,privileged_system,0.01403035
high_capacity,simulation_restore_rate_fraction,high,90001042,privileged_system,0.01414855
high_capacity,simulation_restore_rate_fraction,high,90001197,privileged_system,0.01426623
high_capacity,simulation_restore_rate_fraction,high,90000937,privileged_system,0.014578
high_capacity,simulation_restore_rate_fraction,high,90000947,privileged_system,0.01479391
high_capacity,simulation_restore_rate_fraction,high,90000857,privileged_system,0.01485894
high_capacity,simulation_restore_rate_fraction,high,90000859,vendor_connection,0.00958935
high_capacity,simulation_restore_rate_fraction,high,90000904,vendor_connection,0.00973198
high_capacity,simulation_restore_rate_fraction,high,90001079,vendor_connection,0.00979611
high_capacity,simulation_restore_rate_fraction,high,90001009,vendor_connection,0.00979952
high_capacity,simulation_restore_rate_fraction,high,90000874,vendor_connection,0.00981466
high_capacity,simulation_restore_rate_fraction,high,90001049,vendor_connection,0.01018065
high_capacity,simulation_restore_rate_fraction,high,90000914,vendor_connection,0.01088804
high_capacity,simulation_restore_rate_fraction,high,90001069,vendor_connection,0.01119966
high_capacity,simulation_restore_rate_fraction,high,90001139,vendor_connection,0.01129403
high_capacity,simulation_restore_rate_fraction,high,90001039,vendor_connection,0.01144643
high_capacity,simulation_restore_rate_fraction,high,90000839,vendor_connection,0.01150855
high_capacity,simulation_restore_rate_fraction,high,90001074,vendor_connection,0.01162097
high_capacity,simulation_restore_rate_fraction,high,90000864,vendor_connection,0.01194767
high_capacity,simulation_restore_rate_fraction,high,90001054,vendor_connection,0.01213433
high_capacity,simulation_restore_rate_fraction,high,90000834,vendor_connection,0.0122732
high_capacity,simulation_restore_rate_fraction,high,90000909,vendor_connection,0.01296416
high_capacity,simulation_restore_rate_fraction,high,90001119,vendor_connection,0.01297199
high_capacity,simulation_restore_rate_fraction,high,90001059,vendor_connection,0.01302282
high_capacity,simulation_restore_rate_fraction,high,90000999,vendor_connection,0.01334609
high_capacity,simulation_restore_rate_fraction,high,90000854,vendor_connection,0.0133761
high_capacity,simulation_restore_rate_fraction,high,90001159,vendor_connection,0.01358151
high_capacity,simulation_restore_rate_fraction,high,90001014,vendor_connection,0.01382078
high_capacity,simulation_restore_rate_fraction,high,90000894,vendor_connection,0.01388124
high_capacity,simulation_restore_rate_fraction,high,90001144,vendor_connection,0.01428371
high_capacity,simulation_restore_rate_fraction,high,90000949,vendor_connection,0.0143318
high_capacity,simulation_restore_rate_fraction,high,90001199,vendor_connection,0.01476164
high_capacity,simulation_restore_rate_fraction,high,90001075,workstation,0.01162703
high_capacity,simulation_restore_rate_fraction,high,90001150,workstation,0.01180533
high_capacity,simulation_restore_rate_fraction,high,90001195,workstation,0.01184832
high_capacity,simulation_restore_rate_fraction,high,90001045,workstation,0.01189214
high_capacity,simulation_restore_rate_fraction,high,90001035,workstation,0.01194958
high_capacity,simulation_restore_rate_fraction,high,90001050,workstation,0.01219387
high_capacity,simulation_restore_rate_fraction,high,90001115,workstation,0.01225992
high_capacity,simulation_restore_rate_fraction,high,90001120,workstation,0.01226337
high_capacity,simulation_restore_rate_fraction,high,90001190,workstation,0.01277557
high_capacity,simulation_restore_rate_fraction,high,90001095,workstation,0.01280678
high_capacity,simulation_restore_rate_fraction,high,90000995,workstation,0.01306786
high_capacity,simulation_restore_rate_fraction,high,90000960,workstation,0.01318318
high_capacity,simulation_restore_rate_fraction,high,90000950,workstation,0.01333116
high_capacity,simulation_restore_rate_fraction,high,90000820,workstation,0.01337956
high_capacity,simulation_restore_rate_fraction,high,90000935,workstation,0.0134888
high_capacity,simulation_restore_rate_fraction,high,90000975,workstation,0.01382562
high_capacity,simulation_restore_rate_fraction,high,90001065,workstation,0.01387937
high_capacity,simulation_restore_rate_fraction,high,90000930,workstation,0.0140895
high_capacity,simulation_restore_rate_fraction,high,90001180,workstation,0.01427347
high_capacity,simulation_restore_rate_fraction,high,90000910,workstation,0.0144505
high_capacity,simulation_restore_rate_fraction,high,90000890,workstation,0.01454835
high_capacity,simulation_restore_rate_fraction,high,90000915,workstation,0.01461217
high_capacity,simulation_restore_rate_fraction,high,90001140,workstation,0.01474341
high_capacity,simulation_restore_rate_fraction,high,90000940,workstation,0.01481697
high_capacity,simulation_restore_rate_fraction,high,90001005,workstation,0.01492888
high_capacity,simulation_restore_rate_fraction,high,90001085,workstation,0.01493344
