defender,attacker,adaptive,episode,seed,strategy,reward,impacts,steps,impact_fraction,breached
sleep,b_line,False,0,20261002,b_line,-224.8,16,30,0.5333333333,True
sleep,b_line,False,1,20261003,b_line,-223.8,16,30,0.5333333333,True
sleep,b_line,False,2,20261004,b_line,-223.8,16,30,0.5333333333,True
sleep,b_line,False,3,20261005,b_line,-223.8,16,30,0.5333333333,True
sleep,b_line,False,4,20261006,b_line,-223.7,16,30,0.5333333333,True
sleep,b_line,False,5,20261007,b_line,-223.8,16,30,0.5333333333,True
sleep,b_line,False,6,20261008,b_line,-223.8,16,30,0.5333333333,True
sleep,b_line,False,7,20261009,b_line,-223.8,16,30,0.5333333333,True
sleep,b_line,False,8,20261010,b_line,-223.7,16,30,0.5333333333,True
sleep,b_line,False,9,20261011,b_line,-223.8,16,30,0.5333333333,True
sleep,b_line,False,10,20261012,b_line,-223.8,16,30,0.5333333333,True
sleep,b_line,False,11,20261013,b_line,-223.8,16,30,0.5333333333,True
sleep,b_line,False,12,20261014,b_line,-171.7,12,30,0.4,True
sleep,b_line,False,13,20261015,b_line,-223.8,16,30,0.5333333333,True
sleep,b_line,False,14,20261016,b_line,-223.7,16,30,0.5333333333,True
sleep,b_line,False,15,20261017,b_line,-223.8,16,30,0.5333333333,True
sleep,b_line,False,16,20261018,b_line,-223.7,16,30,0.5333333333,True
sleep,b_line,False,17,20261019,b_line,-223.7,16,30,0.5333333333,True
sleep,b_line,False,18,20261020,b_line,-223.8,16,30,0.5333333333,True
sleep,b_line,False,19,20261021,b_line,-224.8,16,30,0.5333333333,True
sleep,b_line,False,20,20261022,b_line,-223.8,16,30,0.5333333333,True
sleep,b_line,False,21,20261023,b_line,-224.8,16,30,0.5333333333,True
sleep,b_line,False,22,20261024,b_line,-223.8,16,30,0.5333333333,True
sleep,b_line,False,23,20261025,b_line,-223.8,16,30,0.5333333333,True
sleep,b_line,False,24,20261026,b_line,-210.7,15,30,0.5,True
sleep,b_line,False,25,20261027,b_line,-223.7,16,30,0.5333333333,True
sleep,b_line,False,26,20261028,b_line,-223.8,16,30,0.5333333333,True
sleep,b_line,False,27,20261029,b_line,-223.8,16,30,0.5333333333,True
sleep,b_line,False,28,20261030,b_line,-223.8,16,30,0.5333333333,True
sleep,b_line,False,29,20261031,b_line,-224.8,16,30,0.5333333333,True
sleep,b_line,False,30,20261032,b_line,-163.8,11,30,0.3666666667,True
sleep,b_line,False,31,20261033,b_line,-223.8,16,30,0.5333333333,True
sleep,b_line,False,32,20261034,b_line,-224.8,16,30,0.5333333333,True
sleep,b_line,False,33,20261035,b_line,-164.8,11,30,0.3666666667,True
sleep,b_line,False,34,20261036,b_line,-223.8,16,30,0.5333333333,True
sleep,b_line,False,35,20261037,b_line,-224.8,16,30,0.5333333333,True
sleep,b_line,False,36,20261038,b_line,-223.8,16,30,0.5333333333,True
sleep,b_line,False,37,20261039,b_line,-224.8,16,30,0.5333333333,True
sleep,b_line,False,38,20261040,b_line,-224.7,16,30,0.5333333333,True
sleep,b_line,False,39,20261041,b_line,-223.8,16,30,0.5333333333,True
sleep,b_line,False,40,20261042,b_line,-223.8,16,30,0.5333333333,True
sleep,b_line,False,41,20261043,b_line,-223.8,16,30,0.5333333333,True
sleep,b_line,False,42,20261044,b_line,-163.8,11,30,0.3666666667,True
sleep,b_line,False,43,20261045,b_line,-224.8,16,30,0.5333333333,True
sleep,b_line,False,44,20261046,b_line,-224.8,16,30,0.5333333333,True
sleep,b_line,False,45,20261047,b_line,-223.8,16,30,0.5333333333,True
sleep,b_line,False,46,20261048,b_line,-223.8,16,30,0.5333333333,True
sleep,b_line,False,47,20261049,b_line,-223.7,16,30,0.5333333333,True
sleep,b_line,False,48,20261050,b_line,-223.8,16,30,0.5333333333,True
sleep,b_line,False,49,20261051,b_line,-223.8,16,30,0.5333333333,True
sleep,b_line,False,50,20261052,b_line,-223.8,16,30,0.5333333333,True
sleep,b_line,False,51,20261053,b_line,-223.7,16,30,0.5333333333,True
sleep,b_line,False,52,20261054,b_line,-223.7,16,30,0.5333333333,True
sleep,b_line,False,53,20261055,b_line,-223.8,16,30,0.5333333333,True
sleep,b_line,False,54,20261056,b_line,-223.7,16,30,0.5333333333,True
sleep,b_line,False,55,20261057,b_line,-223.8,16,30,0.5333333333,True
sleep,b_line,False,56,20261058,b_line,-223.8,16,30,0.5333333333,True
sleep,b_line,False,57,20261059,b_line,-224.7,16,30,0.5333333333,True
sleep,b_line,False,58,20261060,b_line,-223.7,16,30,0.5333333333,True
sleep,b_line,False,59,20261061,b_line,-163.8,11,30,0.3666666667,True
sleep,b_line,False,60,20261062,b_line,-224.8,16,30,0.5333333333,True
sleep,b_line,False,61,20261063,b_line,-223.7,16,30,0.5333333333,True
sleep,b_line,False,62,20261064,b_line,-223.7,16,30,0.5333333333,True
sleep,b_line,False,63,20261065,b_line,-223.7,16,30,0.5333333333,True
sleep,b_line,False,64,20261066,b_line,-223.8,16,30,0.5333333333,True
sleep,b_line,False,65,20261067,b_line,-223.8,16,30,0.5333333333,True
sleep,b_line,False,66,20261068,b_line,-223.8,16,30,0.5333333333,True
sleep,b_line,False,67,20261069,b_line,-223.8,16,30,0.5333333333,True
sleep,b_line,False,68,20261070,b_line,-163.8,11,30,0.3666666667,True
sleep,b_line,False,69,20261071,b_line,-223.8,16,30,0.5333333333,True
sleep,b_line,False,70,20261072,b_line,-27.7,0,30,0,False
sleep,b_line,False,71,20261073,b_line,-223.8,16,30,0.5333333333,True
sleep,b_line,False,72,20261074,b_line,-223.8,16,30,0.5333333333,True
sleep,b_line,False,73,20261075,b_line,-223.8,16,30,0.5333333333,True
sleep,b_line,False,74,20261076,b_line,-223.8,16,30,0.5333333333,True
sleep,b_line,False,75,20261077,b_line,-223.7,16,30,0.5333333333,True
sleep,b_line,False,76,20261078,b_line,-223.7,16,30,0.5333333333,True
sleep,b_line,False,77,20261079,b_line,-223.7,16,30,0.5333333333,True
sleep,b_line,False,78,20261080,b_line,-224.8,16,30,0.5333333333,True
sleep,b_line,False,79,20261081,b_line,-223.8,16,30,0.5333333333,True
sleep,b_line,False,80,20261082,b_line,-223.8,16,30,0.5333333333,True
sleep,b_line,False,81,20261083,b_line,-223.8,16,30,0.5333333333,True
sleep,b_line,False,82,20261084,b_line,-223.8,16,30,0.5333333333,True
sleep,b_line,False,83,20261085,b_line,-224.8,16,30,0.5333333333,True
sleep,b_line,False,84,20261086,b_line,-223.8,16,30,0.5333333333,True
sleep,b_line,False,85,20261087,b_line,-210.6,15,30,0.5,True
sleep,b_line,False,86,20261088,b_line,-223.8,16,30,0.5333333333,True
sleep,b_line,False,87,20261089,b_line,-223.8,16,30,0.5333333333,True
sleep,b_line,False,88,20261090,b_line,-223.8,16,30,0.5333333333,True
sleep,b_line,False,89,20261091,b_line,-223.7,16,30,0.5333333333,True
sleep,b_line,False,90,20261092,b_line,-223.8,16,30,0.5333333333,True
sleep,b_line,False,91,20261093,b_line,-223.8,16,30,0.5333333333,True
sleep,b_line,False,92,20261094,b_line,-223.8,16,30,0.5333333333,True
sleep,b_line,False,93,20261095,b_line,-171.7,12,30,0.4,True
sleep,b_line,False,94,20261096,b_line,-223.7,16,30,0.5333333333,True
sleep,b_line,False,95,20261097,b_line,-163.8,11,30,0.3666666667,True
sleep,b_line,False,96,20261098,b_line,-223.8,16,30,0.5333333333,True
sleep,b_line,False,97,20261099,b_line,-223.7,16,30,0.5333333333,True
sleep,b_line,False,98,20261100,b_line,-223.8,16,30,0.5333333333,True
sleep,b_line,False,99,20261101,b_line,-223.8,16,30,0.5333333333,True
sleep,b_line,False,100,20261102,b_line,-223.8,16,30,0.5333333333,True
sleep,b_line,False,101,20261103,b_line,-223.8,16,30,0.5333333333,True
sleep,b_line,False,102,20261104,b_line,-164.8,11,30,0.3666666667,True
sleep,b_line,False,103,20261105,b_line,-223.8,16,30,0.5333333333,True
sleep,b_line,False,104,20261106,b_line,-225.7,16,30,0.5333333333,True
sleep,b_line,False,105,20261107,b_line,-223.8,16,30,0.5333333333,True
sleep,b_line,False,106,20261108,b_line,-223.7,16,30,0.5333333333,True
sleep,b_line,False,107,20261109,b_line,-163.8,11,30,0.3666666667,True
sleep,b_line,False,108,20261110,b_line,-223.8,16,30,0.5333333333,True
sleep,b_line,False,109,20261111,b_line,-223.8,16,30,0.5333333333,True
sleep,b_line,False,110,20261112,b_line,-223.8,16,30,0.5333333333,True
sleep,b_line,False,111,20261113,b_line,-223.7,16,30,0.5333333333,True
sleep,b_line,False,112,20261114,b_line,-223.7,16,30,0.5333333333,True
sleep,b_line,False,113,20261115,b_line,-223.8,16,30,0.5333333333,True
sleep,b_line,False,114,20261116,b_line,-223.8,16,30,0.5333333333,True
sleep,b_line,False,115,20261117,b_line,-223.8,16,30,0.5333333333,True
sleep,b_line,False,116,20261118,b_line,-223.8,16,30,0.5333333333,True
sleep,b_line,False,117,20261119,b_line,-223.8,16,30,0.5333333333,True
sleep,b_line,False,118,20261120,b_line,-223.7,16,30,0.5333333333,True
sleep,b_line,False,119,20261121,b_line,-223.8,16,30,0.5333333333,True
sleep,b_line,False,120,20261122,b_line,-223.8,16,30,0.5333333333,True
sleep,b_line,False,121,20261123,b_line,-223.8,16,30,0.5333333333,True
sleep,b_line,False,122,20261124,b_line,-223.8,16,30,0.5333333333,True
sleep,b_line,False,123,20261125,b_line,-223.8,16,30,0.5333333333,True
sleep,b_line,False,124,20261126,b_line,-223.7,16,30,0.5333333333,True
sleep,b_line,False,125,20261127,b_line,-223.8,16,30,0.5333333333,True
sleep,b_line,False,126,20261128,b_line,-223.7,16,30,0.5333333333,True
sleep,b_line,False,127,20261129,b_line,-223.8,16,30,0.5333333333,True
sleep,b_line,False,128,20261130,b_line,-223.7,16,30,0.5333333333,True
sleep,b_line,False,129,20261131,b_line,-223.8,16,30,0.5333333333,True
sleep,b_line,False,130,20261132,b_line,-223.8,16,30,0.5333333333,True
sleep,b_line,False,131,20261133,b_line,-223.8,16,30,0.5333333333,True
sleep,b_line,False,132,20261134,b_line,-223.8,16,30,0.5333333333,True
sleep,b_line,False,133,20261135,b_line,-163.8,11,30,0.3666666667,True
sleep,b_line,False,134,20261136,b_line,-223.8,16,30,0.5333333333,True
sleep,b_line,False,135,20261137,b_line,-223.8,16,30,0.5333333333,True
sleep,b_line,False,136,20261138,b_line,-223.7,16,30,0.5333333333,True
sleep,b_line,False,137,20261139,b_line,-223.7,16,30,0.5333333333,True
sleep,b_line,False,138,20261140,b_line,-223.8,16,30,0.5333333333,True
sleep,b_line,False,139,20261141,b_line,-163.8,11,30,0.3666666667,True
sleep,b_line,False,140,20261142,b_line,-223.8,16,30,0.5333333333,True
sleep,b_line,False,141,20261143,b_line,-223.7,16,30,0.5333333333,True
sleep,b_line,False,142,20261144,b_line,-223.8,16,30,0.5333333333,True
sleep,b_line,False,143,20261145,b_line,-103.7,6,30,0.2,True
sleep,b_line,False,144,20261146,b_line,-224.8,16,30,0.5333333333,True
sleep,b_line,False,145,20261147,b_line,-223.8,16,30,0.5333333333,True
sleep,b_line,False,146,20261148,b_line,-223.8,16,30,0.5333333333,True
sleep,b_line,False,147,20261149,b_line,-223.8,16,30,0.5333333333,True
sleep,b_line,False,148,20261150,b_line,-223.8,16,30,0.5333333333,True
sleep,b_line,False,149,20261151,b_line,-210.7,15,30,0.5,True
sleep,b_line,False,150,20261152,b_line,-223.8,16,30,0.5333333333,True
sleep,b_line,False,151,20261153,b_line,-223.7,16,30,0.5333333333,True
sleep,b_line,False,152,20261154,b_line,-223.8,16,30,0.5333333333,True
sleep,b_line,False,153,20261155,b_line,-223.8,16,30,0.5333333333,True
sleep,b_line,False,154,20261156,b_line,-223.8,16,30,0.5333333333,True
sleep,b_line,False,155,20261157,b_line,-223.8,16,30,0.5333333333,True
sleep,b_line,False,156,20261158,b_line,-223.8,16,30,0.5333333333,True
sleep,b_line,False,157,20261159,b_line,-223.7,16,30,0.5333333333,True
sleep,b_line,False,158,20261160,b_line,-223.8,16,30,0.5333333333,True
sleep,b_line,False,159,20261161,b_line,-224.8,16,30,0.5333333333,True
sleep,b_line,False,160,20261162,b_line,-223.7,16,30,0.5333333333,True
sleep,b_line,False,161,20261163,b_line,-223.7,16,30,0.5333333333,True
sleep,b_line,False,162,20261164,b_line,-223.8,16,30,0.5333333333,True
sleep,b_line,False,163,20261165,b_line,-223.8,16,30,0.5333333333,True
sleep,b_line,False,164,20261166,b_line,-223.8,16,30,0.5333333333,True
sleep,b_line,False,165,20261167,b_line,-224.7,16,30,0.5333333333,True
sleep,b_line,False,166,20261168,b_line,-223.8,16,30,0.5333333333,True
sleep,b_line,False,167,20261169,b_line,-223.7,16,30,0.5333333333,True
sleep,b_line,False,168,20261170,b_line,-223.8,16,30,0.5333333333,True
sleep,b_line,False,169,20261171,b_line,-223.7,16,30,0.5333333333,True
sleep,b_line,False,170,20261172,b_line,-223.8,16,30,0.5333333333,True
sleep,b_line,False,171,20261173,b_line,-172.8,12,30,0.4,True
sleep,b_line,False,172,20261174,b_line,-223.8,16,30,0.5333333333,True
sleep,b_line,False,173,20261175,b_line,-223.7,16,30,0.5333333333,True
sleep,b_line,False,174,20261176,b_line,-223.8,16,30,0.5333333333,True
sleep,b_line,False,175,20261177,b_line,-223.8,16,30,0.5333333333,True
sleep,b_line,False,176,20261178,b_line,-223.8,16,30,0.5333333333,True
sleep,b_line,False,177,20261179,b_line,-171.8,12,30,0.4,True
sleep,b_line,False,178,20261180,b_line,-224.8,16,30,0.5333333333,True
sleep,b_line,False,179,20261181,b_line,-223.8,16,30,0.5333333333,True
sleep,b_line,False,180,20261182,b_line,-223.8,16,30,0.5333333333,True
sleep,b_line,False,181,20261183,b_line,-223.8,16,30,0.5333333333,True
sleep,b_line,False,182,20261184,b_line,-223.8,16,30,0.5333333333,True
sleep,b_line,False,183,20261185,b_line,-224.8,16,30,0.5333333333,True
sleep,b_line,False,184,20261186,b_line,-223.8,16,30,0.5333333333,True
sleep,b_line,False,185,20261187,b_line,-224.8,16,30,0.5333333333,True
sleep,b_line,False,186,20261188,b_line,-223.7,16,30,0.5333333333,True
sleep,b_line,False,187,20261189,b_line,-223.8,16,30,0.5333333333,True
sleep,b_line,False,188,20261190,b_line,-223.8,16,30,0.5333333333,True
sleep,b_line,False,189,20261191,b_line,-223.8,16,30,0.5333333333,True
sleep,b_line,False,190,20261192,b_line,-223.8,16,30,0.5333333333,True
sleep,b_line,False,191,20261193,b_line,-223.8,16,30,0.5333333333,True
sleep,b_line,False,192,20261194,b_line,-223.8,16,30,0.5333333333,True
sleep,b_line,False,193,20261195,b_line,-210.6,15,30,0.5,True
sleep,b_line,False,194,20261196,b_line,-224.7,16,30,0.5333333333,True
sleep,b_line,False,195,20261197,b_line,-223.7,16,30,0.5333333333,True
sleep,b_line,False,196,20261198,b_line,-223.8,16,30,0.5333333333,True
sleep,b_line,False,197,20261199,b_line,-163.8,11,30,0.3666666667,True
sleep,b_line,False,198,20261200,b_line,-223.7,16,30,0.5333333333,True
sleep,b_line,False,199,20261201,b_line,-163.8,11,30,0.3666666667,True
sleep,meander,False,0,20261002,meander,-34.8,0,30,0,False
sleep,meander,False,1,20261003,meander,-54.3,2,30,0.06666666667,True
sleep,meander,False,2,20261004,meander,-27.4,0,30,0,False
sleep,meander,False,3,20261005,meander,-26.3,0,30,0,False
sleep,meander,False,4,20261006,meander,-68.7,2,30,0.06666666667,True
sleep,meander,False,5,20261007,meander,-35.5,0,30,0,False
sleep,meander,False,6,20261008,meander,-41,0,30,0,False
sleep,meander,False,7,20261009,meander,-27,0,30,0,False
sleep,meander,False,8,20261010,meander,-28,0,30,0,False
sleep,meander,False,9,20261011,meander,-30.7,0,30,0,False
sleep,meander,False,10,20261012,meander,-74,4,30,0.1333333333,True
sleep,meander,False,11,20261013,meander,-27.4,0,30,0,False
sleep,meander,False,12,20261014,meander,-32.4,0,30,0,False
sleep,meander,False,13,20261015,meander,-28.2,0,30,0,False
sleep,meander,False,14,20261016,meander,-26.3,0,30,0,False
sleep,meander,False,15,20261017,meander,-25.1,0,30,0,False
sleep,meander,False,16,20261018,meander,-47.2,2,30,0.06666666667,True
sleep,meander,False,17,20261019,meander,-27.9,0,30,0,False
sleep,meander,False,18,20261020,meander,-31.2,0,30,0,False
sleep,meander,False,19,20261021,meander,-47.3,2,30,0.06666666667,True
sleep,meander,False,20,20261022,meander,-25.1,0,30,0,False
sleep,meander,False,21,20261023,meander,-23.3,0,30,0,False
sleep,meander,False,22,20261024,meander,-21.9,0,30,0,False
sleep,meander,False,23,20261025,meander,-30,0,30,0,False
sleep,meander,False,24,20261026,meander,-31.5,0,30,0,False
sleep,meander,False,25,20261027,meander,-32,0,30,0,False
sleep,meander,False,26,20261028,meander,-41.4,1,30,0.03333333333,True
sleep,meander,False,27,20261029,meander,-31.4,0,30,0,False
sleep,meander,False,28,20261030,meander,-29.2,0,30,0,False
sleep,meander,False,29,20261031,meander,-28.6,0,30,0,False
sleep,meander,False,30,20261032,meander,-30.3,0,30,0,False
sleep,meander,False,31,20261033,meander,-23.4,0,30,0,False
sleep,meander,False,32,20261034,meander,-31.7,0,30,0,False
sleep,meander,False,33,20261035,meander,-100.2,6,30,0.2,True
sleep,meander,False,34,20261036,meander,-25.8,0,30,0,False
sleep,meander,False,35,20261037,meander,-44.9,0,30,0,False
sleep,meander,False,36,20261038,meander,-26.8,0,30,0,False
sleep,meander,False,37,20261039,meander,-35.2,0,30,0,False
sleep,meander,False,38,20261040,meander,-26.7,0,30,0,False
sleep,meander,False,39,20261041,meander,-74.1,4,30,0.1333333333,True
sleep,meander,False,40,20261042,meander,-34.3,0,30,0,False
sleep,meander,False,41,20261043,meander,-39.2,0,30,0,False
sleep,meander,False,42,20261044,meander,-25.6,0,30,0,False
sleep,meander,False,43,20261045,meander,-34.2,0,30,0,False
sleep,meander,False,44,20261046,meander,-75.3,4,30,0.1333333333,True
sleep,meander,False,45,20261047,meander,-45,1,30,0.03333333333,True
sleep,meander,False,46,20261048,meander,-34.5,0,30,0,False
sleep,meander,False,47,20261049,meander,-23.9,0,30,0,False
sleep,meander,False,48,20261050,meander,-50.9,1,30,0.03333333333,True
sleep,meander,False,49,20261051,meander,-31,0,30,0,False
sleep,meander,False,50,20261052,meander,-24.6,0,30,0,False
sleep,meander,False,51,20261053,meander,-28,0,30,0,False
sleep,meander,False,52,20261054,meander,-22.6,0,30,0,False
sleep,meander,False,53,20261055,meander,-66.1,3,30,0.1,True
sleep,meander,False,54,20261056,meander,-29.4,0,30,0,False
sleep,meander,False,55,20261057,meander,-30.7,0,30,0,False
sleep,meander,False,56,20261058,meander,-47.7,2,30,0.06666666667,True
sleep,meander,False,57,20261059,meander,-27.3,0,30,0,False
sleep,meander,False,58,20261060,meander,-31.3,0,30,0,False
sleep,meander,False,59,20261061,meander,-23.1,0,30,0,False
sleep,meander,False,60,20261062,meander,-57.4,2,30,0.06666666667,True
sleep,meander,False,61,20261063,meander,-26.1,0,30,0,False
sleep,meander,False,62,20261064,meander,-31.5,0,30,0,False
sleep,meander,False,63,20261065,meander,-34.7,0,30,0,False
sleep,meander,False,64,20261066,meander,-91,4,30,0.1333333333,True
sleep,meander,False,65,20261067,meander,-47.3,1,30,0.03333333333,True
sleep,meander,False,66,20261068,meander,-36,0,30,0,False
sleep,meander,False,67,20261069,meander,-24.7,0,30,0,False
sleep,meander,False,68,20261070,meander,-29.9,0,30,0,False
sleep,meander,False,69,20261071,meander,-31.4,0,30,0,False
sleep,meander,False,70,20261072,meander,-84.7,4,30,0.1333333333,True
sleep,meander,False,71,20261073,meander,-72.1,4,30,0.1333333333,True
sleep,meander,False,72,20261074,meander,-43.5,1,30,0.03333333333,True
sleep,meander,False,73,20261075,meander,-19.1,0,30,0,False
sleep,meander,False,74,20261076,meander,-41.9,1,30,0.03333333333,True
sleep,meander,False,75,20261077,meander,-30.8,0,30,0,False
sleep,meander,False,76,20261078,meander,-21.8,0,30,0,False
sleep,meander,False,77,20261079,meander,-85.2,5,30,0.1666666667,True
sleep,meander,False,78,20261080,meander,-79.2,3,30,0.1,True
sleep,meander,False,79,20261081,meander,-46.3,1,30,0.03333333333,True
sleep,meander,False,80,20261082,meander,-42.6,1,30,0.03333333333,True
sleep,meander,False,81,20261083,meander,-56.1,2,30,0.06666666667,True
sleep,meander,False,82,20261084,meander,-33.4,0,30,0,False
sleep,meander,False,83,20261085,meander,-25.2,0,30,0,False
sleep,meander,False,84,20261086,meander,-31.4,0,30,0,False
sleep,meander,False,85,20261087,meander,-35.1,0,30,0,False
sleep,meander,False,86,20261088,meander,-26.1,0,30,0,False
sleep,meander,False,87,20261089,meander,-27,0,30,0,False
sleep,meander,False,88,20261090,meander,-38,0,30,0,False
sleep,meander,False,89,20261091,meander,-27.5,0,30,0,False
sleep,meander,False,90,20261092,meander,-29.5,0,30,0,False
sleep,meander,False,91,20261093,meander,-88.2,5,30,0.1666666667,True
sleep,meander,False,92,20261094,meander,-36.3,1,30,0.03333333333,True
sleep,meander,False,93,20261095,meander,-26.2,0,30,0,False
sleep,meander,False,94,20261096,meander,-56,2,30,0.06666666667,True
sleep,meander,False,95,20261097,meander,-34.2,0,30,0,False
sleep,meander,False,96,20261098,meander,-32.9,0,30,0,False
sleep,meander,False,97,20261099,meander,-37.9,0,30,0,False
sleep,meander,False,98,20261100,meander,-77.3,3,30,0.1,True
sleep,meander,False,99,20261101,meander,-109.2,7,30,0.2333333333,True
sleep,meander,False,100,20261102,meander,-52.2,1,30,0.03333333333,True
sleep,meander,False,101,20261103,meander,-30.5,0,30,0,False
sleep,meander,False,102,20261104,meander,-61.2,3,30,0.1,True
sleep,meander,False,103,20261105,meander,-30.3,0,30,0,False
sleep,meander,False,104,20261106,meander,-81.1,4,30,0.1333333333,True
sleep,meander,False,105,20261107,meander,-71.9,4,30,0.1333333333,True
sleep,meander,False,106,20261108,meander,-31.5,0,30,0,False
sleep,meander,False,107,20261109,meander,-22,0,30,0,False
sleep,meander,False,108,20261110,meander,-32.3,0,30,0,False
sleep,meander,False,109,20261111,meander,-31.4,0,30,0,False
sleep,meander,False,110,20261112,meander,-25.7,0,30,0,False
sleep,meander,False,111,20261113,meander,-32.1,0,30,0,False
sleep,meander,False,112,20261114,meander,-32.9,0,30,0,False
sleep,meander,False,113,20261115,meander,-56.3,2,30,0.06666666667,True
sleep,meander,False,114,20261116,meander,-47,1,30,0.03333333333,True
sleep,meander,False,115,20261117,meander,-25.1,0,30,0,False
sleep,meander,False,116,20261118,meander,-31.6,0,30,0,False
sleep,meander,False,117,20261119,meander,-34.1,0,30,0,False
sleep,meander,False,118,20261120,meander,-23.2,0,30,0,False
sleep,meander,False,119,20261121,meander,-30.1,0,30,0,False
sleep,meander,False,120,20261122,meander,-85.1,5,30,0.1666666667,True
sleep,meander,False,121,20261123,meander,-36,0,30,0,False
sleep,meander,False,122,20261124,meander,-112.6,7,30,0.2333333333,True
sleep,meander,False,123,20261125,meander,-37.4,1,30,0.03333333333,True
sleep,meander,False,124,20261126,meander,-31.5,0,30,0,False
sleep,meander,False,125,20261127,meander,-30.9,0,30,0,False
sleep,meander,False,126,20261128,meander,-83.2,4,30,0.1333333333,True
sleep,meander,False,127,20261129,meander,-28.3,0,30,0,False
sleep,meander,False,128,20261130,meander,-26.8,0,30,0,False
sleep,meander,False,129,20261131,meander,-37.1,0,30,0,False
sleep,meander,False,130,20261132,meander,-28,0,30,0,False
sleep,meander,False,131,20261133,meander,-23.6,0,30,0,False
sleep,meander,False,132,20261134,meander,-29.9,0,30,0,False
sleep,meander,False,133,20261135,meander,-30.9,0,30,0,False
sleep,meander,False,134,20261136,meander,-35.5,0,30,0,False
sleep,meander,False,135,20261137,meander,-36.3,0,30,0,False
sleep,meander,False,136,20261138,meander,-30.9,0,30,0,False
sleep,meander,False,137,20261139,meander,-28.8,0,30,0,False
sleep,meander,False,138,20261140,meander,-28.5,0,30,0,False
sleep,meander,False,139,20261141,meander,-28.5,0,30,0,False
sleep,meander,False,140,20261142,meander,-28.6,0,30,0,False
sleep,meander,False,141,20261143,meander,-29.3,0,30,0,False
sleep,meander,False,142,20261144,meander,-28.5,0,30,0,False
sleep,meander,False,143,20261145,meander,-45,1,30,0.03333333333,True
sleep,meander,False,144,20261146,meander,-24.9,0,30,0,False
sleep,meander,False,145,20261147,meander,-37.8,0,30,0,False
sleep,meander,False,146,20261148,meander,-42.5,1,30,0.03333333333,True
sleep,meander,False,147,20261149,meander,-35.2,1,30,0.03333333333,True
sleep,meander,False,148,20261150,meander,-36.3,0,30,0,False
sleep,meander,False,149,20261151,meander,-71.5,3,30,0.1,True
sleep,meander,False,150,20261152,meander,-53.5,2,30,0.06666666667,True
sleep,meander,False,151,20261153,meander,-24.2,0,30,0,False
sleep,meander,False,152,20261154,meander,-26.4,0,30,0,False
sleep,meander,False,153,20261155,meander,-28.3,0,30,0,False
sleep,meander,False,154,20261156,meander,-25.2,0,30,0,False
sleep,meander,False,155,20261157,meander,-20.5,0,30,0,False
sleep,meander,False,156,20261158,meander,-60.9,3,30,0.1,True
sleep,meander,False,157,20261159,meander,-37.5,0,30,0,False
sleep,meander,False,158,20261160,meander,-59,2,30,0.06666666667,True
sleep,meander,False,159,20261161,meander,-22.4,0,30,0,False
sleep,meander,False,160,20261162,meander,-57.1,2,30,0.06666666667,True
sleep,meander,False,161,20261163,meander,-37,0,30,0,False
sleep,meander,False,162,20261164,meander,-21.6,0,30,0,False
sleep,meander,False,163,20261165,meander,-25.8,0,30,0,False
sleep,meander,False,164,20261166,meander,-26.9,0,30,0,False
sleep,meander,False,165,20261167,meander,-26.7,0,30,0,False
sleep,meander,False,166,20261168,meander,-34.4,0,30,0,False
sleep,meander,False,167,20261169,meander,-37.1,0,30,0,False
sleep,meander,False,168,20261170,meander,-32,0,30,0,False
sleep,meander,False,169,20261171,meander,-59.8,2,30,0.06666666667,True
sleep,meander,False,170,20261172,meander,-55.6,2,30,0.06666666667,True
sleep,meander,False,171,20261173,meander,-20.2,0,30,0,False
sleep,meander,False,172,20261174,meander,-109.3,7,30,0.2333333333,True
sleep,meander,False,173,20261175,meander,-32.4,0,30,0,False
sleep,meander,False,174,20261176,meander,-32.2,0,30,0,False
sleep,meander,False,175,20261177,meander,-39.2,0,30,0,False
sleep,meander,False,176,20261178,meander,-36.5,0,30,0,False
sleep,meander,False,177,20261179,meander,-38.6,0,30,0,False
sleep,meander,False,178,20261180,meander,-24.1,0,30,0,False
sleep,meander,False,179,20261181,meander,-26.6,0,30,0,False
sleep,meander,False,180,20261182,meander,-71.7,4,30,0.1333333333,True
sleep,meander,False,181,20261183,meander,-30.9,0,30,0,False
sleep,meander,False,182,20261184,meander,-41,0,30,0,False
sleep,meander,False,183,20261185,meander,-37.3,0,30,0,False
sleep,meander,False,184,20261186,meander,-18.5,0,30,0,False
sleep,meander,False,185,20261187,meander,-38,0,30,0,False
sleep,meander,False,186,20261188,meander,-35.9,1,30,0.03333333333,True
sleep,meander,False,187,20261189,meander,-18.3,0,30,0,False
sleep,meander,False,188,20261190,meander,-33.7,0,30,0,False
sleep,meander,False,189,20261191,meander,-21.9,0,30,0,False
sleep,meander,False,190,20261192,meander,-30.5,0,30,0,False
sleep,meander,False,191,20261193,meander,-31.6,0,30,0,False
sleep,meander,False,192,20261194,meander,-98.2,6,30,0.2,True
sleep,meander,False,193,20261195,meander,-33.1,0,30,0,False
sleep,meander,False,194,20261196,meander,-113.3,7,30,0.2333333333,True
sleep,meander,False,195,20261197,meander,-123.3,7,30,0.2333333333,True
sleep,meander,False,196,20261198,meander,-31.3,0,30,0,False
sleep,meander,False,197,20261199,meander,-37.9,1,30,0.03333333333,True
sleep,meander,False,198,20261200,meander,-23.8,0,30,0,False
sleep,meander,False,199,20261201,meander,-76.4,3,30,0.1,True
sleep,delayed_b_line,False,0,20261002,delayed_b_line,-184.5,13,30,0.4333333333,True
sleep,delayed_b_line,False,1,20261003,delayed_b_line,-197.6,14,30,0.4666666667,True
sleep,delayed_b_line,False,2,20261004,delayed_b_line,-184.5,13,30,0.4333333333,True
sleep,delayed_b_line,False,3,20261005,delayed_b_line,-184.5,13,30,0.4333333333,True
sleep,delayed_b_line,False,4,20261006,delayed_b_line,-210.7,15,30,0.5,True
sleep,delayed_b_line,False,5,20261007,delayed_b_line,-184.5,13,30,0.4333333333,True
sleep,delayed_b_line,False,6,20261008,delayed_b_line,-184.5,13,30,0.4333333333,True
sleep,delayed_b_line,False,7,20261009,delayed_b_line,-197.6,14,30,0.4666666667,True
sleep,delayed_b_line,False,8,20261010,delayed_b_line,-197.5,14,30,0.4666666667,True
sleep,delayed_b_line,False,9,20261011,delayed_b_line,-171.4,12,30,0.4,True
sleep,delayed_b_line,False,10,20261012,delayed_b_line,-210.7,15,30,0.5,True
sleep,delayed_b_line,False,11,20261013,delayed_b_line,-210.7,15,30,0.5,True
sleep,delayed_b_line,False,12,20261014,delayed_b_line,-212.6,15,30,0.5,True
sleep,delayed_b_line,False,13,20261015,delayed_b_line,-171.4,12,30,0.4,True
sleep,delayed_b_line,False,14,20261016,delayed_b_line,-171.3,12,30,0.4,True
sleep,delayed_b_line,False,15,20261017,delayed_b_line,-158.7,11,30,0.3666666667,True
sleep,delayed_b_line,False,16,20261018,delayed_b_line,-210.7,15,30,0.5,True
sleep,delayed_b_line,False,17,20261019,delayed_b_line,-210.7,15,30,0.5,True
sleep,delayed_b_line,False,18,20261020,delayed_b_line,-210.7,15,30,0.5,True
sleep,delayed_b_line,False,19,20261021,delayed_b_line,-198.6,14,30,0.4666666667,True
sleep,delayed_b_line,False,20,20261022,delayed_b_line,-210.6,15,30,0.5,True
sleep,delayed_b_line,False,21,20261023,delayed_b_line,-198.6,14,30,0.4666666667,True
sleep,delayed_b_line,False,22,20261024,delayed_b_line,-198.6,14,30,0.4666666667,True
sleep,delayed_b_line,False,23,20261025,delayed_b_line,-197.6,14,30,0.4666666667,True
sleep,delayed_b_line,False,24,20261026,delayed_b_line,-184.4,13,30,0.4333333333,True
sleep,delayed_b_line,False,25,20261027,delayed_b_line,-158.3,11,30,0.3666666667,True
sleep,delayed_b_line,False,26,20261028,delayed_b_line,-158.3,11,30,0.3666666667,True
sleep,delayed_b_line,False,27,20261029,delayed_b_line,-171.4,12,30,0.4,True
sleep,delayed_b_line,False,28,20261030,delayed_b_line,-171.4,12,30,0.4,True
sleep,delayed_b_line,False,29,20261031,delayed_b_line,-197.6,14,30,0.4666666667,True
sleep,delayed_b_line,False,30,20261032,delayed_b_line,-171.3,12,30,0.4,True
sleep,delayed_b_line,False,31,20261033,delayed_b_line,-197.6,14,30,0.4666666667,True
sleep,delayed_b_line,False,32,20261034,delayed_b_line,-198.6,14,30,0.4666666667,True
sleep,delayed_b_line,False,33,20261035,delayed_b_line,-210.6,15,30,0.5,True
sleep,delayed_b_line,False,34,20261036,delayed_b_line,-145.6,10,30,0.3333333333,True
sleep,delayed_b_line,False,35,20261037,delayed_b_line,-184.4,13,30,0.4333333333,True
sleep,delayed_b_line,False,36,20261038,delayed_b_line,-171.4,12,30,0.4,True
sleep,delayed_b_line,False,37,20261039,delayed_b_line,-159.3,11,30,0.3666666667,True
sleep,delayed_b_line,False,38,20261040,delayed_b_line,-159.2,11,30,0.3666666667,True
sleep,delayed_b_line,False,39,20261041,delayed_b_line,-158.3,11,30,0.3666666667,True
sleep,delayed_b_line,False,40,20261042,delayed_b_line,-210.7,15,30,0.5,True
sleep,delayed_b_line,False,41,20261043,delayed_b_line,-184.5,13,30,0.4333333333,True
sleep,delayed_b_line,False,42,20261044,delayed_b_line,-98.3,6,30,0.2,True
sleep,delayed_b_line,False,43,20261045,delayed_b_line,-158.3,11,30,0.3666666667,True
sleep,delayed_b_line,False,44,20261046,delayed_b_line,-159.3,11,30,0.3666666667,True
sleep,delayed_b_line,False,45,20261047,delayed_b_line,-158.3,11,30,0.3666666667,True
sleep,delayed_b_line,False,46,20261048,delayed_b_line,-171.4,12,30,0.4,True
sleep,delayed_b_line,False,47,20261049,delayed_b_line,-172.4,12,30,0.4,True
sleep,delayed_b_line,False,48,20261050,delayed_b_line,-158.3,11,30,0.3666666667,True
sleep,delayed_b_line,False,49,20261051,delayed_b_line,-184.5,13,30,0.4333333333,True
sleep,delayed_b_line,False,50,20261052,delayed_b_line,-158.2,11,30,0.3666666667,True
sleep,delayed_b_line,False,51,20261053,delayed_b_line,-210.7,15,30,0.5,True
sleep,delayed_b_line,False,52,20261054,delayed_b_line,-171.3,12,30,0.4,True
sleep,delayed_b_line,False,53,20261055,delayed_b_line,-171.3,12,30,0.4,True
sleep,delayed_b_line,False,54,20261056,delayed_b_line,-197.5,14,30,0.4666666667,True
sleep,delayed_b_line,False,55,20261057,delayed_b_line,-171.4,12,30,0.4,True
sleep,delayed_b_line,False,56,20261058,delayed_b_line,-184.5,13,30,0.4333333333,True
sleep,delayed_b_line,False,57,20261059,delayed_b_line,-132.5,9,30,0.3,True
sleep,delayed_b_line,False,58,20261060,delayed_b_line,-210.7,15,30,0.5,True
sleep,delayed_b_line,False,59,20261061,delayed_b_line,-184.5,13,30,0.4333333333,True
sleep,delayed_b_line,False,60,20261062,delayed_b_line,-159.2,11,30,0.3666666667,True
sleep,delayed_b_line,False,61,20261063,delayed_b_line,-158.2,11,30,0.3666666667,True
sleep,delayed_b_line,False,62,20261064,delayed_b_line,-197.5,14,30,0.4666666667,True
sleep,delayed_b_line,False,63,20261065,delayed_b_line,-197.6,14,30,0.4666666667,True
sleep,delayed_b_line,False,64,20261066,delayed_b_line,-158.3,11,30,0.3666666667,True
sleep,delayed_b_line,False,65,20261067,delayed_b_line,-210.6,15,30,0.5,True
sleep,delayed_b_line,False,66,20261068,delayed_b_line,-158.3,11,30,0.3666666667,True
sleep,delayed_b_line,False,67,20261069,delayed_b_line,-171.4,12,30,0.4,True
sleep,delayed_b_line,False,68,20261070,delayed_b_line,-173.3,12,30,0.4,True
sleep,delayed_b_line,False,69,20261071,delayed_b_line,-197.6,14,30,0.4666666667,True
sleep,delayed_b_line,False,70,20261072,delayed_b_line,-210.7,15,30,0.5,True
sleep,delayed_b_line,False,71,20261073,delayed_b_line,-197.6,14,30,0.4666666667,True
sleep,delayed_b_line,False,72,20261074,delayed_b_line,-197.6,14,30,0.4666666667,True
sleep,delayed_b_line,False,73,20261075,delayed_b_line,-158.2,11,30,0.3666666667,True
sleep,delayed_b_line,False,74,20261076,delayed_b_line,-210.7,15,30,0.5,True
sleep,delayed_b_line,False,75,20261077,delayed_b_line,-184.5,13,30,0.4333333333,True
sleep,delayed_b_line,False,76,20261078,delayed_b_line,-210.7,15,30,0.5,True
sleep,delayed_b_line,False,77,20261079,delayed_b_line,-171.3,12,30,0.4,True
sleep,delayed_b_line,False,78,20261080,delayed_b_line,-138.5,9,30,0.3,True
sleep,delayed_b_line,False,79,20261081,delayed_b_line,-184.5,13,30,0.4333333333,True
sleep,delayed_b_line,False,80,20261082,delayed_b_line,-171.4,12,30,0.4,True
sleep,delayed_b_line,False,81,20261083,delayed_b_line,-210.6,15,30,0.5,True
sleep,delayed_b_line,False,82,20261084,delayed_b_line,-184.5,13,30,0.4333333333,True
sleep,delayed_b_line,False,83,20261085,delayed_b_line,-210.7,15,30,0.5,True
sleep,delayed_b_line,False,84,20261086,delayed_b_line,-197.6,14,30,0.4666666667,True
sleep,delayed_b_line,False,85,20261087,delayed_b_line,-158.3,11,30,0.3666666667,True
sleep,delayed_b_line,False,86,20261088,delayed_b_line,-171.3,12,30,0.4,True
sleep,delayed_b_line,False,87,20261089,delayed_b_line,-184.5,13,30,0.4333333333,True
sleep,delayed_b_line,False,88,20261090,delayed_b_line,-111.4,7,30,0.2333333333,True
sleep,delayed_b_line,False,89,20261091,delayed_b_line,-184.4,13,30,0.4333333333,True
sleep,delayed_b_line,False,90,20261092,delayed_b_line,-210.7,15,30,0.5,True
sleep,delayed_b_line,False,91,20261093,delayed_b_line,-158.3,11,30,0.3666666667,True
sleep,delayed_b_line,False,92,20261094,delayed_b_line,-210.6,15,30,0.5,True
sleep,delayed_b_line,False,93,20261095,delayed_b_line,-210.7,15,30,0.5,True
sleep,delayed_b_line,False,94,20261096,delayed_b_line,-197.6,14,30,0.4666666667,True
sleep,delayed_b_line,False,95,20261097,delayed_b_line,-184.5,13,30,0.4333333333,True
sleep,delayed_b_line,False,96,20261098,delayed_b_line,-171.4,12,30,0.4,True
sleep,delayed_b_line,False,97,20261099,delayed_b_line,-184.4,13,30,0.4333333333,True
sleep,delayed_b_line,False,98,20261100,delayed_b_line,-171.4,12,30,0.4,True
sleep,delayed_b_line,False,99,20261101,delayed_b_line,-210.7,15,30,0.5,True
sleep,delayed_b_line,False,100,20261102,delayed_b_line,-184.5,13,30,0.4333333333,True
sleep,delayed_b_line,False,101,20261103,delayed_b_line,-172.3,12,30,0.4,True
sleep,delayed_b_line,False,102,20261104,delayed_b_line,-210.7,15,30,0.5,True
sleep,delayed_b_line,False,103,20261105,delayed_b_line,-210.7,15,30,0.5,True
sleep,delayed_b_line,False,104,20261106,delayed_b_line,-210.6,15,30,0.5,True
sleep,delayed_b_line,False,105,20261107,delayed_b_line,-158.3,11,30,0.3666666667,True
sleep,delayed_b_line,False,106,20261108,delayed_b_line,-158.3,11,30,0.3666666667,True
sleep,delayed_b_line,False,107,20261109,delayed_b_line,-98.3,6,30,0.2,True
sleep,delayed_b_line,False,108,20261110,delayed_b_line,-210.6,15,30,0.5,True
sleep,delayed_b_line,False,109,20261111,delayed_b_line,-198.6,14,30,0.4666666667,True
sleep,delayed_b_line,False,110,20261112,delayed_b_line,-197.5,14,30,0.4666666667,True
sleep,delayed_b_line,False,111,20261113,delayed_b_line,-158.2,11,30,0.3666666667,True
sleep,delayed_b_line,False,112,20261114,delayed_b_line,-171.3,12,30,0.4,True
sleep,delayed_b_line,False,113,20261115,delayed_b_line,-171.4,12,30,0.4,True
sleep,delayed_b_line,False,114,20261116,delayed_b_line,-158.3,11,30,0.3666666667,True
sleep,delayed_b_line,False,115,20261117,delayed_b_line,-184.4,13,30,0.4333333333,True
sleep,delayed_b_line,False,116,20261118,delayed_b_line,-171.4,12,30,0.4,True
sleep,delayed_b_line,False,117,20261119,delayed_b_line,-64.5,3,30,0.1,True
sleep,delayed_b_line,False,118,20261120,delayed_b_line,-197.6,14,30,0.4666666667,True
sleep,delayed_b_line,False,119,20261121,delayed_b_line,-158.3,11,30,0.3666666667,True
sleep,delayed_b_line,False,120,20261122,delayed_b_line,-184.4,13,30,0.4333333333,True
sleep,delayed_b_line,False,121,20261123,delayed_b_line,-197.6,14,30,0.4666666667,True
sleep,delayed_b_line,False,122,20261124,delayed_b_line,-171.4,12,30,0.4,True
sleep,delayed_b_line,False,123,20261125,delayed_b_line,-210.7,15,30,0.5,True
sleep,delayed_b_line,False,124,20261126,delayed_b_line,-171.3,12,30,0.4,True
sleep,delayed_b_line,False,125,20261127,delayed_b_line,-158.3,11,30,0.3666666667,True
sleep,delayed_b_line,False,126,20261128,delayed_b_line,-197.5,14,30,0.4666666667,True
sleep,delayed_b_line,False,127,20261129,delayed_b_line,-171.4,12,30,0.4,True
sleep,delayed_b_line,False,128,20261130,delayed_b_line,-111.4,7,30,0.2333333333,True
sleep,delayed_b_line,False,129,20261131,delayed_b_line,-210.7,15,30,0.5,True
sleep,delayed_b_line,False,130,20261132,delayed_b_line,-185.4,13,30,0.4333333333,True
sleep,delayed_b_line,False,131,20261133,delayed_b_line,-197.6,14,30,0.4666666667,True
sleep,delayed_b_line,False,132,20261134,delayed_b_line,-210.6,15,30,0.5,True
sleep,delayed_b_line,False,133,20261135,delayed_b_line,-210.7,15,30,0.5,True
sleep,delayed_b_line,False,134,20261136,delayed_b_line,-184.5,13,30,0.4333333333,True
sleep,delayed_b_line,False,135,20261137,delayed_b_line,-185.5,13,30,0.4333333333,True
sleep,delayed_b_line,False,136,20261138,delayed_b_line,-171.4,12,30,0.4,True
sleep,delayed_b_line,False,137,20261139,delayed_b_line,-158.2,11,30,0.3666666667,True
sleep,delayed_b_line,False,138,20261140,delayed_b_line,-171.4,12,30,0.4,True
sleep,delayed_b_line,False,139,20261141,delayed_b_line,-98.3,6,30,0.2,True
sleep,delayed_b_line,False,140,20261142,delayed_b_line,-197.5,14,30,0.4666666667,True
sleep,delayed_b_line,False,141,20261143,delayed_b_line,-197.6,14,30,0.4666666667,True
sleep,delayed_b_line,False,142,20261144,delayed_b_line,-210.7,15,30,0.5,True
sleep,delayed_b_line,False,143,20261145,delayed_b_line,-210.7,15,30,0.5,True
sleep,delayed_b_line,False,144,20261146,delayed_b_line,-210.7,15,30,0.5,True
sleep,delayed_b_line,False,145,20261147,delayed_b_line,-171.4,12,30,0.4,True
sleep,delayed_b_line,False,146,20261148,delayed_b_line,-184.5,13,30,0.4333333333,True
sleep,delayed_b_line,False,147,20261149,delayed_b_line,-184.5,13,30,0.4333333333,True
sleep,delayed_b_line,False,148,20261150,delayed_b_line,-198.6,14,30,0.4666666667,True
sleep,delayed_b_line,False,149,20261151,delayed_b_line,-145.2,10,30,0.3333333333,True
sleep,delayed_b_line,False,150,20261152,delayed_b_line,-171.4,12,30,0.4,True
sleep,delayed_b_line,False,151,20261153,delayed_b_line,-210.7,15,30,0.5,True
sleep,delayed_b_line,False,152,20261154,delayed_b_line,-197.5,14,30,0.4666666667,True
sleep,delayed_b_line,False,153,20261155,delayed_b_line,-210.7,15,30,0.5,True
sleep,delayed_b_line,False,154,20261156,delayed_b_line,-171.4,12,30,0.4,True
sleep,delayed_b_line,False,155,20261157,delayed_b_line,-158.3,11,30,0.3666666667,True
sleep,delayed_b_line,False,156,20261158,delayed_b_line,-158.3,11,30,0.3666666667,True
sleep,delayed_b_line,False,157,20261159,delayed_b_line,-197.6,14,30,0.4666666667,True
sleep,delayed_b_line,False,158,20261160,delayed_b_line,-210.7,15,30,0.5,True
sleep,delayed_b_line,False,159,20261161,delayed_b_line,-172.4,12,30,0.4,True
sleep,delayed_b_line,False,160,20261162,delayed_b_line,-171.4,12,30,0.4,True
sleep,delayed_b_line,False,161,20261163,delayed_b_line,-197.5,14,30,0.4666666667,True
sleep,delayed_b_line,False,162,20261164,delayed_b_line,-171.4,12,30,0.4,True
sleep,delayed_b_line,False,163,20261165,delayed_b_line,-158.7,11,30,0.3666666667,True
sleep,delayed_b_line,False,164,20261166,delayed_b_line,-158.3,11,30,0.3666666667,True
sleep,delayed_b_line,False,165,20261167,delayed_b_line,-171.4,12,30,0.4,True
sleep,delayed_b_line,False,166,20261168,delayed_b_line,-158.3,11,30,0.3666666667,True
sleep,delayed_b_line,False,167,20261169,delayed_b_line,-184.5,13,30,0.4333333333,True
sleep,delayed_b_line,False,168,20261170,delayed_b_line,-184.4,13,30,0.4333333333,True
sleep,delayed_b_line,False,169,20261171,delayed_b_line,-171.4,12,30,0.4,True
sleep,delayed_b_line,False,170,20261172,delayed_b_line,-158.3,11,30,0.3666666667,True
sleep,delayed_b_line,False,171,20261173,delayed_b_line,-210.7,15,30,0.5,True
sleep,delayed_b_line,False,172,20261174,delayed_b_line,-158.3,11,30,0.3666666667,True
sleep,delayed_b_line,False,173,20261175,delayed_b_line,-197.6,14,30,0.4666666667,True
sleep,delayed_b_line,False,174,20261176,delayed_b_line,-158.3,11,30,0.3666666667,True
sleep,delayed_b_line,False,175,20261177,delayed_b_line,-210.7,15,30,0.5,True
sleep,delayed_b_line,False,176,20261178,delayed_b_line,-158.3,11,30,0.3666666667,True
sleep,delayed_b_line,False,177,20261179,delayed_b_line,-197.6,14,30,0.4666666667,True
sleep,delayed_b_line,False,178,20261180,delayed_b_line,-198.6,14,30,0.4666666667,True
sleep,delayed_b_line,False,179,20261181,delayed_b_line,-171.4,12,30,0.4,True
sleep,delayed_b_line,False,180,20261182,delayed_b_line,-210.7,15,30,0.5,True
sleep,delayed_b_line,False,181,20261183,delayed_b_line,-171.3,12,30,0.4,True
sleep,delayed_b_line,False,182,20261184,delayed_b_line,-184.5,13,30,0.4333333333,True
sleep,delayed_b_line,False,183,20261185,delayed_b_line,-184.5,13,30,0.4333333333,True
sleep,delayed_b_line,False,184,20261186,delayed_b_line,-158.3,11,30,0.3666666667,True
sleep,delayed_b_line,False,185,20261187,delayed_b_line,-197.5,14,30,0.4666666667,True
sleep,delayed_b_line,False,186,20261188,delayed_b_line,-158.3,11,30,0.3666666667,True
sleep,delayed_b_line,False,187,20261189,delayed_b_line,-171.4,12,30,0.4,True
sleep,delayed_b_line,False,188,20261190,delayed_b_line,-158.3,11,30,0.3666666667,True
sleep,delayed_b_line,False,189,20261191,delayed_b_line,-67.4,4,30,0.1333333333,True
sleep,delayed_b_line,False,190,20261192,delayed_b_line,-184.5,13,30,0.4333333333,True
sleep,delayed_b_line,False,191,20261193,delayed_b_line,-210.6,15,30,0.5,True
sleep,delayed_b_line,False,192,20261194,delayed_b_line,-197.5,14,30,0.4666666667,True
sleep,delayed_b_line,False,193,20261195,delayed_b_line,-184.5,13,30,0.4333333333,True
sleep,delayed_b_line,False,194,20261196,delayed_b_line,-185.5,13,30,0.4333333333,True
sleep,delayed_b_line,False,195,20261197,delayed_b_line,-197.5,14,30,0.4666666667,True
sleep,delayed_b_line,False,196,20261198,delayed_b_line,-197.6,14,30,0.4666666667,True
sleep,delayed_b_line,False,197,20261199,delayed_b_line,-184.5,13,30,0.4333333333,True
sleep,delayed_b_line,False,198,20261200,delayed_b_line,-171.3,12,30,0.4,True
sleep,delayed_b_line,False,199,20261201,delayed_b_line,-211.6,15,30,0.5,True
sleep,meander_then_b_line,False,0,20261002,meander_then_b_line,-171.3,12,30,0.4,True
sleep,meander_then_b_line,False,1,20261003,meander_then_b_line,-119.4,8,30,0.2666666667,True
sleep,meander_then_b_line,False,2,20261004,meander_then_b_line,-171.3,12,30,0.4,True
sleep,meander_then_b_line,False,3,20261005,meander_then_b_line,-172.4,12,30,0.4,True
sleep,meander_then_b_line,False,4,20261006,meander_then_b_line,-171.4,12,30,0.4,True
sleep,meander_then_b_line,False,5,20261007,meander_then_b_line,-171.4,12,30,0.4,True
sleep,meander_then_b_line,False,6,20261008,meander_then_b_line,-171.4,12,30,0.4,True
sleep,meander_then_b_line,False,7,20261009,meander_then_b_line,-172.4,12,30,0.4,True
sleep,meander_then_b_line,False,8,20261010,meander_then_b_line,-171.4,12,30,0.4,True
sleep,meander_then_b_line,False,9,20261011,meander_then_b_line,-171.4,12,30,0.4,True
sleep,meander_then_b_line,False,10,20261012,meander_then_b_line,-171.4,12,30,0.4,True
sleep,meander_then_b_line,False,11,20261013,meander_then_b_line,-171.4,12,30,0.4,True
sleep,meander_then_b_line,False,12,20261014,meander_then_b_line,-171.4,12,30,0.4,True
sleep,meander_then_b_line,False,13,20261015,meander_then_b_line,-171.3,12,30,0.4,True
sleep,meander_then_b_line,False,14,20261016,meander_then_b_line,-171.3,12,30,0.4,True
sleep,meander_then_b_line,False,15,20261017,meander_then_b_line,-171.4,12,30,0.4,True
sleep,meander_then_b_line,False,16,20261018,meander_then_b_line,-171.4,12,30,0.4,True
sleep,meander_then_b_line,False,17,20261019,meander_then_b_line,-171.4,12,30,0.4,True
sleep,meander_then_b_line,False,18,20261020,meander_then_b_line,-171.4,12,30,0.4,True
sleep,meander_then_b_line,False,19,20261021,meander_then_b_line,-171.4,12,30,0.4,True
sleep,meander_then_b_line,False,20,20261022,meander_then_b_line,-171.3,12,30,0.4,True
sleep,meander_then_b_line,False,21,20261023,meander_then_b_line,-171.4,12,30,0.4,True
sleep,meander_then_b_line,False,22,20261024,meander_then_b_line,-171.3,12,30,0.4,True
sleep,meander_then_b_line,False,23,20261025,meander_then_b_line,-171.4,12,30,0.4,True
sleep,meander_then_b_line,False,24,20261026,meander_then_b_line,-171.4,12,30,0.4,True
sleep,meander_then_b_line,False,25,20261027,meander_then_b_line,-111.4,7,30,0.2333333333,True
sleep,meander_then_b_line,False,26,20261028,meander_then_b_line,-172.3,12,30,0.4,True
sleep,meander_then_b_line,False,27,20261029,meander_then_b_line,-172.4,12,30,0.4,True
sleep,meander_then_b_line,False,28,20261030,meander_then_b_line,-172.4,12,30,0.4,True
sleep,meander_then_b_line,False,29,20261031,meander_then_b_line,-171.4,12,30,0.4,True
sleep,meander_then_b_line,False,30,20261032,meander_then_b_line,-171.4,12,30,0.4,True
sleep,meander_then_b_line,False,31,20261033,meander_then_b_line,-171.4,12,30,0.4,True
sleep,meander_then_b_line,False,32,20261034,meander_then_b_line,-171.4,12,30,0.4,True
sleep,meander_then_b_line,False,33,20261035,meander_then_b_line,-172.4,12,30,0.4,True
sleep,meander_then_b_line,False,34,20261036,meander_then_b_line,-158.3,11,30,0.3666666667,True
sleep,meander_then_b_line,False,35,20261037,meander_then_b_line,-171.4,12,30,0.4,True
sleep,meander_then_b_line,False,36,20261038,meander_then_b_line,-63.4,3,30,0.1,True
sleep,meander_then_b_line,False,37,20261039,meander_then_b_line,-171.4,12,30,0.4,True
sleep,meander_then_b_line,False,38,20261040,meander_then_b_line,-171.4,12,30,0.4,True
sleep,meander_then_b_line,False,39,20261041,meander_then_b_line,-171.4,12,30,0.4,True
sleep,meander_then_b_line,False,40,20261042,meander_then_b_line,-171.4,12,30,0.4,True
sleep,meander_then_b_line,False,41,20261043,meander_then_b_line,-171.4,12,30,0.4,True
sleep,meander_then_b_line,False,42,20261044,meander_then_b_line,-171.3,12,30,0.4,True
sleep,meander_then_b_line,False,43,20261045,meander_then_b_line,-171.4,12,30,0.4,True
sleep,meander_then_b_line,False,44,20261046,meander_then_b_line,-171.4,12,30,0.4,True
sleep,meander_then_b_line,False,45,20261047,meander_then_b_line,-171.4,12,30,0.4,True
sleep,meander_then_b_line,False,46,20261048,meander_then_b_line,-159.2,11,30,0.3666666667,True
sleep,meander_then_b_line,False,47,20261049,meander_then_b_line,-172.4,12,30,0.4,True
sleep,meander_then_b_line,False,48,20261050,meander_then_b_line,-171.4,12,30,0.4,True
sleep,meander_then_b_line,False,49,20261051,meander_then_b_line,-171.4,12,30,0.4,True
sleep,meander_then_b_line,False,50,20261052,meander_then_b_line,-172.4,12,30,0.4,True
sleep,meander_then_b_line,False,51,20261053,meander_then_b_line,-171.4,12,30,0.4,True
sleep,meander_then_b_line,False,52,20261054,meander_then_b_line,-171.4,12,30,0.4,True
sleep,meander_then_b_line,False,53,20261055,meander_then_b_line,-171.4,12,30,0.4,True
sleep,meander_then_b_line,False,54,20261056,meander_then_b_line,-171.3,12,30,0.4,True
sleep,meander_then_b_line,False,55,20261057,meander_then_b_line,-172.4,12,30,0.4,True
sleep,meander_then_b_line,False,56,20261058,meander_then_b_line,-119.4,8,30,0.2666666667,True
sleep,meander_then_b_line,False,57,20261059,meander_then_b_line,-171.4,12,30,0.4,True
sleep,meander_then_b_line,False,58,20261060,meander_then_b_line,-171.4,12,30,0.4,True
sleep,meander_then_b_line,False,59,20261061,meander_then_b_line,-172.4,12,30,0.4,True
sleep,meander_then_b_line,False,60,20261062,meander_then_b_line,-158.3,11,30,0.3666666667,True
sleep,meander_then_b_line,False,61,20261063,meander_then_b_line,-111.3,7,30,0.2333333333,True
sleep,meander_then_b_line,False,62,20261064,meander_then_b_line,-171.4,12,30,0.4,True
sleep,meander_then_b_line,False,63,20261065,meander_then_b_line,-171.4,12,30,0.4,True
sleep,meander_then_b_line,False,64,20261066,meander_then_b_line,-171.4,12,30,0.4,True
sleep,meander_then_b_line,False,65,20261067,meander_then_b_line,-171.4,12,30,0.4,True
sleep,meander_then_b_line,False,66,20261068,meander_then_b_line,-171.4,12,30,0.4,True
sleep,meander_then_b_line,False,67,20261069,meander_then_b_line,-171.4,12,30,0.4,True
sleep,meander_then_b_line,False,68,20261070,meander_then_b_line,-111.4,7,30,0.2333333333,True
sleep,meander_then_b_line,False,69,20261071,meander_then_b_line,-111.4,7,30,0.2333333333,True
sleep,meander_then_b_line,False,70,20261072,meander_then_b_line,-172.3,12,30,0.4,True
sleep,meander_then_b_line,False,71,20261073,meander_then_b_line,-171.4,12,30,0.4,True
sleep,meander_then_b_line,False,72,20261074,meander_then_b_line,-171.4,12,30,0.4,True
sleep,meander_then_b_line,False,73,20261075,meander_then_b_line,-171.4,12,30,0.4,True
sleep,meander_then_b_line,False,74,20261076,meander_then_b_line,-171.4,12,30,0.4,True
sleep,meander_then_b_line,False,75,20261077,meander_then_b_line,-171.4,12,30,0.4,True
sleep,meander_then_b_line,False,76,20261078,meander_then_b_line,-172.3,12,30,0.4,True
sleep,meander_then_b_line,False,77,20261079,meander_then_b_line,-171.4,12,30,0.4,True
sleep,meander_then_b_line,False,78,20261080,meander_then_b_line,-171.3,12,30,0.4,True
sleep,meander_then_b_line,False,79,20261081,meander_then_b_line,-171.4,12,30,0.4,True
sleep,meander_then_b_line,False,80,20261082,meander_then_b_line,-171.4,12,30,0.4,True
sleep,meander_then_b_line,False,81,20261083,meander_then_b_line,-171.4,12,30,0.4,True
sleep,meander_then_b_line,False,82,20261084,meander_then_b_line,-171.4,12,30,0.4,True
sleep,meander_then_b_line,False,83,20261085,meander_then_b_line,-171.4,12,30,0.4,True
sleep,meander_then_b_line,False,84,20261086,meander_then_b_line,-171.3,12,30,0.4,True
sleep,meander_then_b_line,False,85,20261087,meander_then_b_line,-171.4,12,30,0.4,True
sleep,meander_then_b_line,False,86,20261088,meander_then_b_line,-171.4,12,30,0.4,True
sleep,meander_then_b_line,False,87,20261089,meander_then_b_line,-111.4,7,30,0.2333333333,True
sleep,meander_then_b_line,False,88,20261090,meander_then_b_line,-171.4,12,30,0.4,True
sleep,meander_then_b_line,False,89,20261091,meander_then_b_line,-171.4,12,30,0.4,True
sleep,meander_then_b_line,False,90,20261092,meander_then_b_line,-171.4,12,30,0.4,True
sleep,meander_then_b_line,False,91,20261093,meander_then_b_line,-171.4,12,30,0.4,True
sleep,meander_then_b_line,False,92,20261094,meander_then_b_line,-171.3,12,30,0.4,True
sleep,meander_then_b_line,False,93,20261095,meander_then_b_line,-171.4,12,30,0.4,True
sleep,meander_then_b_line,False,94,20261096,meander_then_b_line,-171.4,12,30,0.4,True
sleep,meander_then_b_line,False,95,20261097,meander_then_b_line,-171.4,12,30,0.4,True
sleep,meander_then_b_line,False,96,20261098,meander_then_b_line,-171.4,12,30,0.4,True
sleep,meander_then_b_line,False,97,20261099,meander_then_b_line,-171.4,12,30,0.4,True
sleep,meander_then_b_line,False,98,20261100,meander_then_b_line,-171.4,12,30,0.4,True
sleep,meander_then_b_line,False,99,20261101,meander_then_b_line,-171.4,12,30,0.4,True
sleep,meander_then_b_line,False,100,20261102,meander_then_b_line,-171.4,12,30,0.4,True
sleep,meander_then_b_line,False,101,20261103,meander_then_b_line,-171.3,12,30,0.4,True
sleep,meander_then_b_line,False,102,20261104,meander_then_b_line,-171.4,12,30,0.4,True
sleep,meander_then_b_line,False,103,20261105,meander_then_b_line,-172.4,12,30,0.4,True
sleep,meander_then_b_line,False,104,20261106,meander_then_b_line,-171.4,12,30,0.4,True
sleep,meander_then_b_line,False,105,20261107,meander_then_b_line,-111.4,7,30,0.2333333333,True
sleep,meander_then_b_line,False,106,20261108,meander_then_b_line,-171.4,12,30,0.4,True
sleep,meander_then_b_line,False,107,20261109,meander_then_b_line,-171.4,12,30,0.4,True
sleep,meander_then_b_line,False,108,20261110,meander_then_b_line,-171.4,12,30,0.4,True
sleep,meander_then_b_line,False,109,20261111,meander_then_b_line,-171.3,12,30,0.4,True
sleep,meander_then_b_line,False,110,20261112,meander_then_b_line,-171.4,12,30,0.4,True
sleep,meander_then_b_line,False,111,20261113,meander_then_b_line,-171.4,12,30,0.4,True
sleep,meander_then_b_line,False,112,20261114,meander_then_b_line,-171.4,12,30,0.4,True
sleep,meander_then_b_line,False,113,20261115,meander_then_b_line,-171.4,12,30,0.4,True
sleep,meander_then_b_line,False,114,20261116,meander_then_b_line,-171.4,12,30,0.4,True
sleep,meander_then_b_line,False,115,20261117,meander_then_b_line,-171.3,12,30,0.4,True
sleep,meander_then_b_line,False,116,20261118,meander_then_b_line,-171.4,12,30,0.4,True
sleep,meander_then_b_line,False,117,20261119,meander_then_b_line,-172.4,12,30,0.4,True
sleep,meander_then_b_line,False,118,20261120,meander_then_b_line,-171.4,12,30,0.4,True
sleep,meander_then_b_line,False,119,20261121,meander_then_b_line,-171.4,12,30,0.4,True
sleep,meander_then_b_line,False,120,20261122,meander_then_b_line,-171.4,12,30,0.4,True
sleep,meander_then_b_line,False,121,20261123,meander_then_b_line,-171.4,12,30,0.4,True
sleep,meander_then_b_line,False,122,20261124,meander_then_b_line,-171.4,12,30,0.4,True
sleep,meander_then_b_line,False,123,20261125,meander_then_b_line,-171.4,12,30,0.4,True
sleep,meander_then_b_line,False,124,20261126,meander_then_b_line,-171.3,12,30,0.4,True
sleep,meander_then_b_line,False,125,20261127,meander_then_b_line,-171.4,12,30,0.4,True
sleep,meander_then_b_line,False,126,20261128,meander_then_b_line,-171.4,12,30,0.4,True
sleep,meander_then_b_line,False,127,20261129,meander_then_b_line,-171.4,12,30,0.4,True
sleep,meander_then_b_line,False,128,20261130,meander_then_b_line,-171.3,12,30,0.4,True
sleep,meander_then_b_line,False,129,20261131,meander_then_b_line,-171.3,12,30,0.4,True
sleep,meander_then_b_line,False,130,20261132,meander_then_b_line,-171.4,12,30,0.4,True
sleep,meander_then_b_line,False,131,20261133,meander_then_b_line,-171.4,12,30,0.4,True
sleep,meander_then_b_line,False,132,20261134,meander_then_b_line,-171.4,12,30,0.4,True
sleep,meander_then_b_line,False,133,20261135,meander_then_b_line,-171.3,12,30,0.4,True
sleep,meander_then_b_line,False,134,20261136,meander_then_b_line,-171.4,12,30,0.4,True
sleep,meander_then_b_line,False,135,20261137,meander_then_b_line,-171.4,12,30,0.4,True
sleep,meander_then_b_line,False,136,20261138,meander_then_b_line,-171.4,12,30,0.4,True
sleep,meander_then_b_line,False,137,20261139,meander_then_b_line,-171.4,12,30,0.4,True
sleep,meander_then_b_line,False,138,20261140,meander_then_b_line,-171.4,12,30,0.4,True
sleep,meander_then_b_line,False,139,20261141,meander_then_b_line,-172.4,12,30,0.4,True
sleep,meander_then_b_line,False,140,20261142,meander_then_b_line,-171.4,12,30,0.4,True
sleep,meander_then_b_line,False,141,20261143,meander_then_b_line,-171.3,12,30,0.4,True
sleep,meander_then_b_line,False,142,20261144,meander_then_b_line,-158.3,11,30,0.3666666667,True
sleep,meander_then_b_line,False,143,20261145,meander_then_b_line,-111.4,7,30,0.2333333333,True
sleep,meander_then_b_line,False,144,20261146,meander_then_b_line,-171.4,12,30,0.4,True
sleep,meander_then_b_line,False,145,20261147,meander_then_b_line,-171.4,12,30,0.4,True
sleep,meander_then_b_line,False,146,20261148,meander_then_b_line,-119.3,8,30,0.2666666667,True
sleep,meander_then_b_line,False,147,20261149,meander_then_b_line,-172.3,12,30,0.4,True
sleep,meander_then_b_line,False,148,20261150,meander_then_b_line,-171.4,12,30,0.4,True
sleep,meander_then_b_line,False,149,20261151,meander_then_b_line,-171.4,12,30,0.4,True
sleep,meander_then_b_line,False,150,20261152,meander_then_b_line,-171.4,12,30,0.4,True
sleep,meander_then_b_line,False,151,20261153,meander_then_b_line,-171.4,12,30,0.4,True
sleep,meander_then_b_line,False,152,20261154,meander_then_b_line,-171.4,12,30,0.4,True
sleep,meander_then_b_line,False,153,20261155,meander_then_b_line,-171.4,12,30,0.4,True
sleep,meander_then_b_line,False,154,20261156,meander_then_b_line,-171.4,12,30,0.4,True
sleep,meander_then_b_line,False,155,20261157,meander_then_b_line,-171.3,12,30,0.4,True
sleep,meander_then_b_line,False,156,20261158,meander_then_b_line,-171.4,12,30,0.4,True
sleep,meander_then_b_line,False,157,20261159,meander_then_b_line,-171.3,12,30,0.4,True
sleep,meander_then_b_line,False,158,20261160,meander_then_b_line,-171.4,12,30,0.4,True
sleep,meander_then_b_line,False,159,20261161,meander_then_b_line,-171.4,12,30,0.4,True
sleep,meander_then_b_line,False,160,20261162,meander_then_b_line,-171.3,12,30,0.4,True
sleep,meander_then_b_line,False,161,20261163,meander_then_b_line,-171.3,12,30,0.4,True
sleep,meander_then_b_line,False,162,20261164,meander_then_b_line,-171.4,12,30,0.4,True
sleep,meander_then_b_line,False,163,20261165,meander_then_b_line,-172.3,12,30,0.4,True
sleep,meander_then_b_line,False,164,20261166,meander_then_b_line,-112.4,7,30,0.2333333333,True
sleep,meander_then_b_line,False,165,20261167,meander_then_b_line,-171.3,12,30,0.4,True
sleep,meander_then_b_line,False,166,20261168,meander_then_b_line,-171.4,12,30,0.4,True
sleep,meander_then_b_line,False,167,20261169,meander_then_b_line,-119.3,8,30,0.2666666667,True
sleep,meander_then_b_line,False,168,20261170,meander_then_b_line,-171.4,12,30,0.4,True
sleep,meander_then_b_line,False,169,20261171,meander_then_b_line,-171.4,12,30,0.4,True
sleep,meander_then_b_line,False,170,20261172,meander_then_b_line,-171.4,12,30,0.4,True
sleep,meander_then_b_line,False,171,20261173,meander_then_b_line,-171.4,12,30,0.4,True
sleep,meander_then_b_line,False,172,20261174,meander_then_b_line,-171.3,12,30,0.4,True
sleep,meander_then_b_line,False,173,20261175,meander_then_b_line,-111.4,7,30,0.2333333333,True
sleep,meander_then_b_line,False,174,20261176,meander_then_b_line,-111.4,7,30,0.2333333333,True
sleep,meander_then_b_line,False,175,20261177,meander_then_b_line,-171.4,12,30,0.4,True
sleep,meander_then_b_line,False,176,20261178,meander_then_b_line,-172.3,12,30,0.4,True
sleep,meander_then_b_line,False,177,20261179,meander_then_b_line,-171.4,12,30,0.4,True
sleep,meander_then_b_line,False,178,20261180,meander_then_b_line,-171.3,12,30,0.4,True
sleep,meander_then_b_line,False,179,20261181,meander_then_b_line,-171.3,12,30,0.4,True
sleep,meander_then_b_line,False,180,20261182,meander_then_b_line,-171.4,12,30,0.4,True
sleep,meander_then_b_line,False,181,20261183,meander_then_b_line,-171.4,12,30,0.4,True
sleep,meander_then_b_line,False,182,20261184,meander_then_b_line,-119.4,8,30,0.2666666667,True
sleep,meander_then_b_line,False,183,20261185,meander_then_b_line,-171.4,12,30,0.4,True
sleep,meander_then_b_line,False,184,20261186,meander_then_b_line,-171.4,12,30,0.4,True
sleep,meander_then_b_line,False,185,20261187,meander_then_b_line,-172.3,12,30,0.4,True
sleep,meander_then_b_line,False,186,20261188,meander_then_b_line,-171.4,12,30,0.4,True
sleep,meander_then_b_line,False,187,20261189,meander_then_b_line,-171.4,12,30,0.4,True
sleep,meander_then_b_line,False,188,20261190,meander_then_b_line,-171.4,12,30,0.4,True
sleep,meander_then_b_line,False,189,20261191,meander_then_b_line,-171.4,12,30,0.4,True
sleep,meander_then_b_line,False,190,20261192,meander_then_b_line,-171.4,12,30,0.4,True
sleep,meander_then_b_line,False,191,20261193,meander_then_b_line,-171.3,12,30,0.4,True
sleep,meander_then_b_line,False,192,20261194,meander_then_b_line,-171.4,12,30,0.4,True
sleep,meander_then_b_line,False,193,20261195,meander_then_b_line,-171.4,12,30,0.4,True
sleep,meander_then_b_line,False,194,20261196,meander_then_b_line,-171.3,12,30,0.4,True
sleep,meander_then_b_line,False,195,20261197,meander_then_b_line,-171.3,12,30,0.4,True
sleep,meander_then_b_line,False,196,20261198,meander_then_b_line,-158.3,11,30,0.3666666667,True
sleep,meander_then_b_line,False,197,20261199,meander_then_b_line,-119.3,8,30,0.2666666667,True
sleep,meander_then_b_line,False,198,20261200,meander_then_b_line,-171.4,12,30,0.4,True
sleep,meander_then_b_line,False,199,20261201,meander_then_b_line,-171.4,12,30,0.4,True
sleep,adaptive,True,0,20271002,b_line,-223.8,16,30,0.5333333333,True
sleep,adaptive,True,1,20271003,b_line,-223.8,16,30,0.5333333333,True
sleep,adaptive,True,2,20271004,b_line,-223.8,16,30,0.5333333333,True
sleep,adaptive,True,3,20271005,meander_then_b_line,-171.4,12,30,0.4,True
sleep,adaptive,True,4,20271006,meander_then_b_line,-63.4,3,30,0.1,True
sleep,adaptive,True,5,20271007,delayed_b_line,-171.4,12,30,0.4,True
sleep,adaptive,True,6,20271008,delayed_b_line,-160.2,11,30,0.3666666667,True
sleep,adaptive,True,7,20271009,delayed_b_line,-210.7,15,30,0.5,True
sleep,adaptive,True,8,20271010,meander_then_b_line,-171.4,12,30,0.4,True
sleep,adaptive,True,9,20271011,b_line,-223.8,16,30,0.5333333333,True
sleep,adaptive,True,10,20271012,delayed_b_line,-184.5,13,30,0.4333333333,True
sleep,adaptive,True,11,20271013,delayed_b_line,-158.3,11,30,0.3666666667,True
sleep,adaptive,True,12,20271014,meander_then_b_line,-67.4,4,30,0.1333333333,True
sleep,adaptive,True,13,20271015,delayed_b_line,-171.4,12,30,0.4,True
sleep,adaptive,True,14,20271016,delayed_b_line,-210.7,15,30,0.5,True
sleep,adaptive,True,15,20271017,delayed_b_line,-210.6,15,30,0.5,True
sleep,adaptive,True,16,20271018,delayed_b_line,-171.4,12,30,0.4,True
sleep,adaptive,True,17,20271019,b_line,-223.8,16,30,0.5333333333,True
sleep,adaptive,True,18,20271020,meander,-31.6,0,30,0,False
sleep,adaptive,True,19,20271021,meander_then_b_line,-171.3,12,30,0.4,True
sleep,adaptive,True,20,20271022,b_line,-223.8,16,30,0.5333333333,True
sleep,adaptive,True,21,20271023,meander_then_b_line,-171.4,12,30,0.4,True
sleep,adaptive,True,22,20271024,b_line,-223.8,16,30,0.5333333333,True
sleep,adaptive,True,23,20271025,b_line,-223.8,16,30,0.5333333333,True
sleep,adaptive,True,24,20271026,meander_then_b_line,-112.4,7,30,0.2333333333,True
sleep,adaptive,True,25,20271027,meander_then_b_line,-171.4,12,30,0.4,True
sleep,adaptive,True,26,20271028,b_line,-223.8,16,30,0.5333333333,True
sleep,adaptive,True,27,20271029,meander_then_b_line,-171.3,12,30,0.4,True
sleep,adaptive,True,28,20271030,delayed_b_line,-197.6,14,30,0.4666666667,True
sleep,adaptive,True,29,20271031,delayed_b_line,-210.7,15,30,0.5,True
sleep,adaptive,True,30,20271032,delayed_b_line,-184.5,13,30,0.4333333333,True
sleep,adaptive,True,31,20271033,b_line,-223.8,16,30,0.5333333333,True
sleep,adaptive,True,32,20271034,b_line,-223.8,16,30,0.5333333333,True
sleep,adaptive,True,33,20271035,meander,-34.2,0,30,0,False
sleep,adaptive,True,34,20271036,delayed_b_line,-210.7,15,30,0.5,True
sleep,adaptive,True,35,20271037,b_line,-224.7,16,30,0.5333333333,True
sleep,adaptive,True,36,20271038,meander_then_b_line,-171.4,12,30,0.4,True
sleep,adaptive,True,37,20271039,meander,-29.5,0,30,0,False
sleep,adaptive,True,38,20271040,b_line,-223.8,16,30,0.5333333333,True
sleep,adaptive,True,39,20271041,meander_then_b_line,-171.4,12,30,0.4,True
sleep,adaptive,True,40,20271042,delayed_b_line,-171.3,12,30,0.4,True
sleep,adaptive,True,41,20271043,b_line,-224.8,16,30,0.5333333333,True
sleep,adaptive,True,42,20271044,meander_then_b_line,-171.4,12,30,0.4,True
sleep,adaptive,True,43,20271045,delayed_b_line,-184.4,13,30,0.4333333333,True
sleep,adaptive,True,44,20271046,delayed_b_line,-171.4,12,30,0.4,True
sleep,adaptive,True,45,20271047,delayed_b_line,-77.5,4,30,0.1333333333,True
sleep,adaptive,True,46,20271048,b_line,-223.8,16,30,0.5333333333,True
sleep,adaptive,True,47,20271049,b_line,-223.8,16,30,0.5333333333,True
sleep,adaptive,True,48,20271050,delayed_b_line,-197.6,14,30,0.4666666667,True
sleep,adaptive,True,49,20271051,delayed_b_line,-158.3,11,30,0.3666666667,True
sleep,adaptive,True,50,20271052,meander_then_b_line,-171.4,12,30,0.4,True
sleep,adaptive,True,51,20271053,delayed_b_line,-171.3,12,30,0.4,True
sleep,adaptive,True,52,20271054,delayed_b_line,-211.7,15,30,0.5,True
sleep,adaptive,True,53,20271055,b_line,-224.7,16,30,0.5333333333,True
sleep,adaptive,True,54,20271056,meander_then_b_line,-171.3,12,30,0.4,True
sleep,adaptive,True,55,20271057,meander_then_b_line,-172.4,12,30,0.4,True
sleep,adaptive,True,56,20271058,b_line,-163.8,11,30,0.3666666667,True
sleep,adaptive,True,57,20271059,b_line,-223.8,16,30,0.5333333333,True
sleep,adaptive,True,58,20271060,b_line,-223.8,16,30,0.5333333333,True
sleep,adaptive,True,59,20271061,b_line,-223.8,16,30,0.5333333333,True
sleep,adaptive,True,60,20271062,meander,-35.6,0,30,0,False
sleep,adaptive,True,61,20271063,delayed_b_line,-210.7,15,30,0.5,True
sleep,adaptive,True,62,20271064,b_line,-223.8,16,30,0.5333333333,True
sleep,adaptive,True,63,20271065,delayed_b_line,-211.6,15,30,0.5,True
sleep,adaptive,True,64,20271066,meander_then_b_line,-171.4,12,30,0.4,True
sleep,adaptive,True,65,20271067,delayed_b_line,-210.7,15,30,0.5,True
sleep,adaptive,True,66,20271068,b_line,-223.8,16,30,0.5333333333,True
sleep,adaptive,True,67,20271069,meander_then_b_line,-171.3,12,30,0.4,True
sleep,adaptive,True,68,20271070,b_line,-223.8,16,30,0.5333333333,True
sleep,adaptive,True,69,20271071,b_line,-224.8,16,30,0.5333333333,True
sleep,adaptive,True,70,20271072,b_line,-223.8,16,30,0.5333333333,True
sleep,adaptive,True,71,20271073,meander,-35.3,0,30,0,False
sleep,adaptive,True,72,20271074,b_line,-223.7,16,30,0.5333333333,True
sleep,adaptive,True,73,20271075,b_line,-223.8,16,30,0.5333333333,True
sleep,adaptive,True,74,20271076,meander_then_b_line,-171.4,12,30,0.4,True
sleep,adaptive,True,75,20271077,b_line,-223.8,16,30,0.5333333333,True
sleep,adaptive,True,76,20271078,b_line,-163.8,11,30,0.3666666667,True
sleep,adaptive,True,77,20271079,b_line,-223.8,16,30,0.5333333333,True
sleep,adaptive,True,78,20271080,b_line,-223.8,16,30,0.5333333333,True
sleep,adaptive,True,79,20271081,meander,-31,0,30,0,False
sleep,adaptive,True,80,20271082,delayed_b_line,-210.7,15,30,0.5,True
sleep,adaptive,True,81,20271083,meander,-21.1,0,30,0,False
sleep,adaptive,True,82,20271084,delayed_b_line,-184.5,13,30,0.4333333333,True
sleep,adaptive,True,83,20271085,b_line,-223.7,16,30,0.5333333333,True
sleep,adaptive,True,84,20271086,meander,-32.7,0,30,0,False
sleep,adaptive,True,85,20271087,b_line,-223.8,16,30,0.5333333333,True
sleep,adaptive,True,86,20271088,delayed_b_line,-210.6,15,30,0.5,True
sleep,adaptive,True,87,20271089,meander_then_b_line,-172.4,12,30,0.4,True
sleep,adaptive,True,88,20271090,b_line,-223.8,16,30,0.5333333333,True
sleep,adaptive,True,89,20271091,delayed_b_line,-184.4,13,30,0.4333333333,True
sleep,adaptive,True,90,20271092,meander,-30.2,0,30,0,False
sleep,adaptive,True,91,20271093,meander_then_b_line,-172.4,12,30,0.4,True
sleep,adaptive,True,92,20271094,delayed_b_line,-111.4,7,30,0.2333333333,True
sleep,adaptive,True,93,20271095,delayed_b_line,-197.6,14,30,0.4666666667,True
sleep,adaptive,True,94,20271096,delayed_b_line,-210.7,15,30,0.5,True
sleep,adaptive,True,95,20271097,b_line,-223.8,16,30,0.5333333333,True
sleep,adaptive,True,96,20271098,meander_then_b_line,-171.4,12,30,0.4,True
sleep,adaptive,True,97,20271099,meander_then_b_line,-171.4,12,30,0.4,True
sleep,adaptive,True,98,20271100,b_line,-223.7,16,30,0.5333333333,True
sleep,adaptive,True,99,20271101,delayed_b_line,-210.6,15,30,0.5,True
sleep,adaptive,True,100,20271102,b_line,-223.7,16,30,0.5333333333,True
sleep,adaptive,True,101,20271103,b_line,-223.8,16,30,0.5333333333,True
sleep,adaptive,True,102,20271104,meander_then_b_line,-171.4,12,30,0.4,True
sleep,adaptive,True,103,20271105,delayed_b_line,-210.7,15,30,0.5,True
sleep,adaptive,True,104,20271106,b_line,-223.8,16,30,0.5333333333,True
sleep,adaptive,True,105,20271107,b_line,-223.7,16,30,0.5333333333,True
sleep,adaptive,True,106,20271108,meander_then_b_line,-171.3,12,30,0.4,True
sleep,adaptive,True,107,20271109,meander_then_b_line,-171.4,12,30,0.4,True
sleep,adaptive,True,108,20271110,b_line,-224.8,16,30,0.5333333333,True
sleep,adaptive,True,109,20271111,b_line,-223.7,16,30,0.5333333333,True
sleep,adaptive,True,110,20271112,b_line,-223.7,16,30,0.5333333333,True
sleep,adaptive,True,111,20271113,delayed_b_line,-171.3,12,30,0.4,True
sleep,adaptive,True,112,20271114,b_line,-223.8,16,30,0.5333333333,True
sleep,adaptive,True,113,20271115,b_line,-223.8,16,30,0.5333333333,True
sleep,adaptive,True,114,20271116,b_line,-223.8,16,30,0.5333333333,True
sleep,adaptive,True,115,20271117,meander,-43.3,1,30,0.03333333333,True
sleep,adaptive,True,116,20271118,b_line,-223.8,16,30,0.5333333333,True
sleep,adaptive,True,117,20271119,delayed_b_line,-210.7,15,30,0.5,True
sleep,adaptive,True,118,20271120,b_line,-223.7,16,30,0.5333333333,True
sleep,adaptive,True,119,20271121,b_line,-223.7,16,30,0.5333333333,True
sleep,adaptive,True,120,20271122,b_line,-223.8,16,30,0.5333333333,True
sleep,adaptive,True,121,20271123,b_line,-223.8,16,30,0.5333333333,True
sleep,adaptive,True,122,20271124,meander,-27.1,0,30,0,False
sleep,adaptive,True,123,20271125,b_line,-223.8,16,30,0.5333333333,True
sleep,adaptive,True,124,20271126,meander,-30.3,0,30,0,False
sleep,adaptive,True,125,20271127,meander_then_b_line,-171.3,12,30,0.4,True
sleep,adaptive,True,126,20271128,b_line,-223.8,16,30,0.5333333333,True
sleep,adaptive,True,127,20271129,b_line,-223.8,16,30,0.5333333333,True
sleep,adaptive,True,128,20271130,meander_then_b_line,-172.3,12,30,0.4,True
sleep,adaptive,True,129,20271131,delayed_b_line,-158.3,11,30,0.3666666667,True
sleep,adaptive,True,130,20271132,b_line,-223.8,16,30,0.5333333333,True
sleep,adaptive,True,131,20271133,meander,-19.5,0,30,0,False
sleep,adaptive,True,132,20271134,meander_then_b_line,-172.4,12,30,0.4,True
sleep,adaptive,True,133,20271135,meander,-32.5,0,30,0,False
sleep,adaptive,True,134,20271136,meander_then_b_line,-171.3,12,30,0.4,True
sleep,adaptive,True,135,20271137,b_line,-111.7,7,30,0.2333333333,True
sleep,adaptive,True,136,20271138,delayed_b_line,-158.3,11,30,0.3666666667,True
sleep,adaptive,True,137,20271139,meander_then_b_line,-171.4,12,30,0.4,True
sleep,adaptive,True,138,20271140,delayed_b_line,-197.6,14,30,0.4666666667,True
sleep,adaptive,True,139,20271141,b_line,-223.8,16,30,0.5333333333,True
sleep,adaptive,True,140,20271142,b_line,-223.8,16,30,0.5333333333,True
sleep,adaptive,True,141,20271143,b_line,-223.7,16,30,0.5333333333,True
sleep,adaptive,True,142,20271144,b_line,-223.8,16,30,0.5333333333,True
sleep,adaptive,True,143,20271145,delayed_b_line,-184.5,13,30,0.4333333333,True
sleep,adaptive,True,144,20271146,delayed_b_line,-184.4,13,30,0.4333333333,True
sleep,adaptive,True,145,20271147,delayed_b_line,-197.6,14,30,0.4666666667,True
sleep,adaptive,True,146,20271148,delayed_b_line,-184.5,13,30,0.4333333333,True
sleep,adaptive,True,147,20271149,b_line,-223.8,16,30,0.5333333333,True
sleep,adaptive,True,148,20271150,delayed_b_line,-158.3,11,30,0.3666666667,True
sleep,adaptive,True,149,20271151,meander_then_b_line,-172.4,12,30,0.4,True
sleep,adaptive,True,150,20271152,b_line,-223.8,16,30,0.5333333333,True
sleep,adaptive,True,151,20271153,delayed_b_line,-184.5,13,30,0.4333333333,True
sleep,adaptive,True,152,20271154,b_line,-223.8,16,30,0.5333333333,True
sleep,adaptive,True,153,20271155,delayed_b_line,-158.3,11,30,0.3666666667,True
sleep,adaptive,True,154,20271156,delayed_b_line,-210.7,15,30,0.5,True
sleep,adaptive,True,155,20271157,delayed_b_line,-197.6,14,30,0.4666666667,True
sleep,adaptive,True,156,20271158,meander,-23.3,0,30,0,False
sleep,adaptive,True,157,20271159,meander_then_b_line,-172.3,12,30,0.4,True
sleep,adaptive,True,158,20271160,b_line,-223.8,16,30,0.5333333333,True
sleep,adaptive,True,159,20271161,delayed_b_line,-197.6,14,30,0.4666666667,True
sleep,adaptive,True,160,20271162,meander_then_b_line,-171.4,12,30,0.4,True
sleep,adaptive,True,161,20271163,meander_then_b_line,-111.4,7,30,0.2333333333,True
sleep,adaptive,True,162,20271164,meander_then_b_line,-132.1,9,30,0.3,True
sleep,adaptive,True,163,20271165,b_line,-223.7,16,30,0.5333333333,True
sleep,adaptive,True,164,20271166,delayed_b_line,-197.6,14,30,0.4666666667,True
sleep,adaptive,True,165,20271167,b_line,-223.8,16,30,0.5333333333,True
sleep,adaptive,True,166,20271168,delayed_b_line,-210.7,15,30,0.5,True
sleep,adaptive,True,167,20271169,b_line,-223.7,16,30,0.5333333333,True
sleep,adaptive,True,168,20271170,b_line,-210.7,15,30,0.5,True
sleep,adaptive,True,169,20271171,b_line,-223.7,16,30,0.5333333333,True
sleep,adaptive,True,170,20271172,b_line,-223.8,16,30,0.5333333333,True
sleep,adaptive,True,171,20271173,delayed_b_line,-171.4,12,30,0.4,True
sleep,adaptive,True,172,20271174,meander_then_b_line,-172.3,12,30,0.4,True
sleep,adaptive,True,173,20271175,delayed_b_line,-184.4,13,30,0.4333333333,True
sleep,adaptive,True,174,20271176,b_line,-223.8,16,30,0.5333333333,True
sleep,adaptive,True,175,20271177,delayed_b_line,-197.5,14,30,0.4666666667,True
sleep,adaptive,True,176,20271178,delayed_b_line,-184.5,13,30,0.4333333333,True
sleep,adaptive,True,177,20271179,delayed_b_line,-111.4,7,30,0.2333333333,True
sleep,adaptive,True,178,20271180,b_line,-223.7,16,30,0.5333333333,True
sleep,adaptive,True,179,20271181,b_line,-223.8,16,30,0.5333333333,True
sleep,adaptive,True,180,20271182,b_line,-223.8,16,30,0.5333333333,True
sleep,adaptive,True,181,20271183,delayed_b_line,-185.5,13,30,0.4333333333,True
sleep,adaptive,True,182,20271184,b_line,-224.8,16,30,0.5333333333,True
sleep,adaptive,True,183,20271185,b_line,-224.8,16,30,0.5333333333,True
sleep,adaptive,True,184,20271186,delayed_b_line,-158.3,11,30,0.3666666667,True
sleep,adaptive,True,185,20271187,meander_then_b_line,-171.4,12,30,0.4,True
sleep,adaptive,True,186,20271188,b_line,-223.7,16,30,0.5333333333,True
sleep,adaptive,True,187,20271189,b_line,-223.8,16,30,0.5333333333,True
sleep,adaptive,True,188,20271190,delayed_b_line,-171.4,12,30,0.4,True
sleep,adaptive,True,189,20271191,delayed_b_line,-210.7,15,30,0.5,True
sleep,adaptive,True,190,20271192,delayed_b_line,-197.6,14,30,0.4666666667,True
sleep,adaptive,True,191,20271193,b_line,-223.8,16,30,0.5333333333,True
sleep,adaptive,True,192,20271194,delayed_b_line,-184.4,13,30,0.4333333333,True
sleep,adaptive,True,193,20271195,meander_then_b_line,-171.3,12,30,0.4,True
sleep,adaptive,True,194,20271196,b_line,-224.8,16,30,0.5333333333,True
sleep,adaptive,True,195,20271197,delayed_b_line,-210.7,15,30,0.5,True
sleep,adaptive,True,196,20271198,delayed_b_line,-184.5,13,30,0.4333333333,True
sleep,adaptive,True,197,20271199,delayed_b_line,-158.3,11,30,0.3666666667,True
sleep,adaptive,True,198,20271200,meander_then_b_line,-171.4,12,30,0.4,True
sleep,adaptive,True,199,20271201,b_line,-223.8,16,30,0.5333333333,True
react-remove,b_line,False,0,20261002,b_line,-175.8,12,30,0.4,True
react-remove,b_line,False,1,20261003,b_line,-174.8,12,30,0.4,True
react-remove,b_line,False,2,20261004,b_line,-200.8,14,30,0.4666666667,True
react-remove,b_line,False,3,20261005,b_line,-116.8,7,30,0.2333333333,True
react-remove,b_line,False,4,20261006,b_line,-19.7,0,30,0,False
react-remove,b_line,False,5,20261007,b_line,-151.8,10,30,0.3333333333,True
react-remove,b_line,False,6,20261008,b_line,-151.8,10,30,0.3333333333,True
react-remove,b_line,False,7,20261009,b_line,-198.8,14,30,0.4666666667,True
react-remove,b_line,False,8,20261010,b_line,-15.6,0,30,0,False
react-remove,b_line,False,9,20261011,b_line,-28.8,0,30,0,False
react-remove,b_line,False,10,20261012,b_line,-27.8,0,30,0,False
react-remove,b_line,False,11,20261013,b_line,-26.8,0,30,0,False
react-remove,b_line,False,12,20261014,b_line,-2.7,0,30,0,False
react-remove,b_line,False,13,20261015,b_line,-223.8,16,30,0.5333333333,True
react-remove,b_line,False,14,20261016,b_line,-114.6,7,30,0.2333333333,True
react-remove,b_line,False,15,20261017,b_line,-5.8,0,30,0,False
react-remove,b_line,False,16,20261018,b_line,-173.7,12,30,0.4,True
react-remove,b_line,False,17,20261019,b_line,-103.7,6,30,0.2,True
react-remove,b_line,False,18,20261020,b_line,-198.8,14,30,0.4666666667,True
react-remove,b_line,False,19,20261021,b_line,-12.8,0,30,0,False
react-remove,b_line,False,20,20261022,b_line,-151.8,10,30,0.3333333333,True
react-remove,b_line,False,21,20261023,b_line,-43.8,2,30,0.06666666667,True
react-remove,b_line,False,22,20261024,b_line,-27.8,0,30,0,False
react-remove,b_line,False,23,20261025,b_line,-152.8,10,30,0.3333333333,True
react-remove,b_line,False,24,20261026,b_line,-210.7,15,30,0.5,True
react-remove,b_line,False,25,20261027,b_line,-223.7,16,30,0.5333333333,True
react-remove,b_line,False,26,20261028,b_line,-12.8,0,30,0,False
react-remove,b_line,False,27,20261029,b_line,-103.8,6,30,0.2,True
react-remove,b_line,False,28,20261030,b_line,-223.8,16,30,0.5333333333,True
react-remove,b_line,False,29,20261031,b_line,-139.8,9,30,0.3,True
react-remove,b_line,False,30,20261032,b_line,-43.8,1,30,0.03333333333,True
react-remove,b_line,False,31,20261033,b_line,-12.8,0,30,0,False
react-remove,b_line,False,32,20261034,b_line,-2.8,0,30,0,False
react-remove,b_line,False,33,20261035,b_line,-14.8,0,30,0,False
react-remove,b_line,False,34,20261036,b_line,-2.8,0,30,0,False
react-remove,b_line,False,35,20261037,b_line,-224.8,16,30,0.5333333333,True
react-remove,b_line,False,36,20261038,b_line,-224.8,16,30,0.5333333333,True
react-remove,b_line,False,37,20261039,b_line,-23.8,0,30,0,False
react-remove,b_line,False,38,20261040,b_line,-29.6,0,30,0,False
react-remove,b_line,False,39,20261041,b_line,-18.8,0,30,0,False
react-remove,b_line,False,40,20261042,b_line,-8.8,0,30,0,False
react-remove,b_line,False,41,20261043,b_line,-26.8,0,30,0,False
react-remove,b_line,False,42,20261044,b_line,-103.8,6,30,0.2,True
react-remove,b_line,False,43,20261045,b_line,-224.8,16,30,0.5333333333,True
react-remove,b_line,False,44,20261046,b_line,-140.8,9,30,0.3,True
react-remove,b_line,False,45,20261047,b_line,-175.8,12,30,0.4,True
react-remove,b_line,False,46,20261048,b_line,-27.8,0,30,0,False
react-remove,b_line,False,47,20261049,b_line,-2.7,0,30,0,False
react-remove,b_line,False,48,20261050,b_line,-7.8,0,30,0,False
react-remove,b_line,False,49,20261051,b_line,-152.8,10,30,0.3333333333,True
react-remove,b_line,False,50,20261052,b_line,-151.8,10,30,0.3333333333,True
react-remove,b_line,False,51,20261053,b_line,-21.7,0,30,0,False
react-remove,b_line,False,52,20261054,b_line,-24.6,0,30,0,False
react-remove,b_line,False,53,20261055,b_line,-26.8,0,30,0,False
react-remove,b_line,False,54,20261056,b_line,-115.7,7,30,0.2333333333,True
react-remove,b_line,False,55,20261057,b_line,-14.8,0,30,0,False
react-remove,b_line,False,56,20261058,b_line,-223.8,16,30,0.5333333333,True
react-remove,b_line,False,57,20261059,b_line,-25.6,0,30,0,False
react-remove,b_line,False,58,20261060,b_line,-42.7,2,30,0.06666666667,True
react-remove,b_line,False,59,20261061,b_line,-116.8,7,30,0.2333333333,True
react-remove,b_line,False,60,20261062,b_line,-3.8,0,30,0,False
react-remove,b_line,False,61,20261063,b_line,-122.2,8,30,0.2666666667,True
react-remove,b_line,False,62,20261064,b_line,-124.7,8,30,0.2666666667,True
react-remove,b_line,False,63,20261065,b_line,-12.6,0,30,0,False
react-remove,b_line,False,64,20261066,b_line,-103.8,6,30,0.2,True
react-remove,b_line,False,65,20261067,b_line,-2.8,0,30,0,False
react-remove,b_line,False,66,20261068,b_line,-10.8,0,30,0,False
react-remove,b_line,False,67,20261069,b_line,-67.8,4,30,0.1333333333,True
react-remove,b_line,False,68,20261070,b_line,-26.8,0,30,0,False
react-remove,b_line,False,69,20261071,b_line,-26.8,0,30,0,False
react-remove,b_line,False,70,20261072,b_line,-2.7,0,30,0,False
react-remove,b_line,False,71,20261073,b_line,-24.8,0,30,0,False
react-remove,b_line,False,72,20261074,b_line,-10.8,0,30,0,False
react-remove,b_line,False,73,20261075,b_line,-97.8,6,30,0.2,True
react-remove,b_line,False,74,20261076,b_line,-126.8,8,30,0.2666666667,True
react-remove,b_line,False,75,20261077,b_line,-2.6,0,30,0,False
react-remove,b_line,False,76,20261078,b_line,-18.7,0,30,0,False
react-remove,b_line,False,77,20261079,b_line,-78.6,4,30,0.1333333333,True
react-remove,b_line,False,78,20261080,b_line,-2.8,0,30,0,False
react-remove,b_line,False,79,20261081,b_line,-31.8,0,30,0,False
react-remove,b_line,False,80,20261082,b_line,-199.8,14,30,0.4666666667,True
react-remove,b_line,False,81,20261083,b_line,-172.8,12,30,0.4,True
react-remove,b_line,False,82,20261084,b_line,-223.8,16,30,0.5333333333,True
react-remove,b_line,False,83,20261085,b_line,-152.8,10,30,0.3333333333,True
react-remove,b_line,False,84,20261086,b_line,-29.8,0,30,0,False
react-remove,b_line,False,85,20261087,b_line,-137.5,9,30,0.3,True
react-remove,b_line,False,86,20261088,b_line,-79.8,4,30,0.1333333333,True
react-remove,b_line,False,87,20261089,b_line,-55.8,2,30,0.06666666667,True
react-remove,b_line,False,88,20261090,b_line,-22.8,0,30,0,False
react-remove,b_line,False,89,20261091,b_line,-101.6,6,30,0.2,True
react-remove,b_line,False,90,20261092,b_line,-91.8,5,30,0.1666666667,True
react-remove,b_line,False,91,20261093,b_line,-224.8,16,30,0.5333333333,True
react-remove,b_line,False,92,20261094,b_line,-199.8,14,30,0.4666666667,True
react-remove,b_line,False,93,20261095,b_line,-2.2,0,30,0,False
react-remove,b_line,False,94,20261096,b_line,-146.6,10,30,0.3333333333,True
react-remove,b_line,False,95,20261097,b_line,-26.8,0,30,0,False
react-remove,b_line,False,96,20261098,b_line,-26.8,0,30,0,False
react-remove,b_line,False,97,20261099,b_line,-150.6,10,30,0.3333333333,True
react-remove,b_line,False,98,20261100,b_line,-26.8,0,30,0,False
react-remove,b_line,False,99,20261101,b_line,-24.8,0,30,0,False
react-remove,b_line,False,100,20261102,b_line,-199.8,14,30,0.4666666667,True
react-remove,b_line,False,101,20261103,b_line,-91.8,5,30,0.1666666667,True
react-remove,b_line,False,102,20261104,b_line,-199.8,14,30,0.4666666667,True
react-remove,b_line,False,103,20261105,b_line,-198.8,14,30,0.4666666667,True
react-remove,b_line,False,104,20261106,b_line,-57.7,2,30,0.06666666667,True
react-remove,b_line,False,105,20261107,b_line,-4.8,0,30,0,False
react-remove,b_line,False,106,20261108,b_line,-24.6,0,30,0,False
react-remove,b_line,False,107,20261109,b_line,-199.8,14,30,0.4666666667,True
react-remove,b_line,False,108,20261110,b_line,-26.8,0,30,0,False
react-remove,b_line,False,109,20261111,b_line,-173.8,12,30,0.4,True
react-remove,b_line,False,110,20261112,b_line,-150.8,10,30,0.3333333333,True
react-remove,b_line,False,111,20261113,b_line,-24.6,0,30,0,False
react-remove,b_line,False,112,20261114,b_line,-71.6,4,30,0.1333333333,True
react-remove,b_line,False,113,20261115,b_line,-26.8,0,30,0,False
react-remove,b_line,False,114,20261116,b_line,-22.8,0,30,0,False
react-remove,b_line,False,115,20261117,b_line,-176.8,12,30,0.4,True
react-remove,b_line,False,116,20261118,b_line,-27.8,0,30,0,False
react-remove,b_line,False,117,20261119,b_line,-26.8,0,30,0,False
react-remove,b_line,False,118,20261120,b_line,-26.7,0,30,0,False
react-remove,b_line,False,119,20261121,b_line,-176.8,12,30,0.4,True
react-remove,b_line,False,120,20261122,b_line,-175.8,12,30,0.4,True
react-remove,b_line,False,121,20261123,b_line,-128.8,8,30,0.2666666667,True
react-remove,b_line,False,122,20261124,b_line,-26.8,0,30,0,False
react-remove,b_line,False,123,20261125,b_line,-16.8,0,30,0,False
react-remove,b_line,False,124,20261126,b_line,-151.7,10,30,0.3333333333,True
react-remove,b_line,False,125,20261127,b_line,-45.8,2,30,0.06666666667,True
react-remove,b_line,False,126,20261128,b_line,-26.7,0,30,0,False
react-remove,b_line,False,127,20261129,b_line,-28.8,0,30,0,False
react-remove,b_line,False,128,20261130,b_line,-53.6,2,30,0.06666666667,True
react-remove,b_line,False,129,20261131,b_line,-223.8,16,30,0.5333333333,True
react-remove,b_line,False,130,20261132,b_line,-224.8,16,30,0.5333333333,True
react-remove,b_line,False,131,20261133,b_line,-121.8,8,30,0.2666666667,True
react-remove,b_line,False,132,20261134,b_line,-104.8,6,30,0.2,True
react-remove,b_line,False,133,20261135,b_line,-3.8,0,30,0,False
react-remove,b_line,False,134,20261136,b_line,-139.8,9,30,0.3,True
react-remove,b_line,False,135,20261137,b_line,-26.8,0,30,0,False
react-remove,b_line,False,136,20261138,b_line,-198.6,14,30,0.4666666667,True
react-remove,b_line,False,137,20261139,b_line,-173.6,12,30,0.4,True
react-remove,b_line,False,138,20261140,b_line,-151.8,10,30,0.3333333333,True
react-remove,b_line,False,139,20261141,b_line,-120.8,8,30,0.2666666667,True
react-remove,b_line,False,140,20261142,b_line,-199.8,14,30,0.4666666667,True
react-remove,b_line,False,141,20261143,b_line,-68.6,4,30,0.1333333333,True
react-remove,b_line,False,142,20261144,b_line,-223.8,16,30,0.5333333333,True
react-remove,b_line,False,143,20261145,b_line,-6.7,0,30,0,False
react-remove,b_line,False,144,20261146,b_line,-14.8,0,30,0,False
react-remove,b_line,False,145,20261147,b_line,-223.8,16,30,0.5333333333,True
react-remove,b_line,False,146,20261148,b_line,-43.8,1,30,0.03333333333,True
react-remove,b_line,False,147,20261149,b_line,-223.8,16,30,0.5333333333,True
react-remove,b_line,False,148,20261150,b_line,-197.8,14,30,0.4666666667,True
react-remove,b_line,False,149,20261151,b_line,-43.7,1,30,0.03333333333,True
react-remove,b_line,False,150,20261152,b_line,-80.8,4,30,0.1333333333,True
react-remove,b_line,False,151,20261153,b_line,-101.7,6,30,0.2,True
react-remove,b_line,False,152,20261154,b_line,-17.8,0,30,0,False
react-remove,b_line,False,153,20261155,b_line,-80.8,4,30,0.1333333333,True
react-remove,b_line,False,154,20261156,b_line,-175.8,12,30,0.4,True
react-remove,b_line,False,155,20261157,b_line,-93.8,6,30,0.2,True
react-remove,b_line,False,156,20261158,b_line,-199.8,14,30,0.4666666667,True
react-remove,b_line,False,157,20261159,b_line,-122.4,8,30,0.2666666667,True
react-remove,b_line,False,158,20261160,b_line,-152.8,10,30,0.3333333333,True
react-remove,b_line,False,159,20261161,b_line,-224.8,16,30,0.5333333333,True
react-remove,b_line,False,160,20261162,b_line,-24.6,0,30,0,False
react-remove,b_line,False,161,20261163,b_line,-93.6,6,30,0.2,True
react-remove,b_line,False,162,20261164,b_line,-128.8,8,30,0.2666666667,True
react-remove,b_line,False,163,20261165,b_line,-69.8,4,30,0.1333333333,True
react-remove,b_line,False,164,20261166,b_line,-43.8,1,30,0.03333333333,True
react-remove,b_line,False,165,20261167,b_line,-10.6,0,30,0,False
react-remove,b_line,False,166,20261168,b_line,-8.8,0,30,0,False
react-remove,b_line,False,167,20261169,b_line,-2.6,0,30,0,False
react-remove,b_line,False,168,20261170,b_line,-26.8,0,30,0,False
react-remove,b_line,False,169,20261171,b_line,-26.7,0,30,0,False
react-remove,b_line,False,170,20261172,b_line,-200.8,14,30,0.4666666667,True
react-remove,b_line,False,171,20261173,b_line,-224.8,16,30,0.5333333333,True
react-remove,b_line,False,172,20261174,b_line,-223.8,16,30,0.5333333333,True
react-remove,b_line,False,173,20261175,b_line,-41.6,1,30,0.03333333333,True
react-remove,b_line,False,174,20261176,b_line,-28.8,0,30,0,False
react-remove,b_line,False,175,20261177,b_line,-152.8,10,30,0.3333333333,True
react-remove,b_line,False,176,20261178,b_line,-2.8,0,30,0,False
react-remove,b_line,False,177,20261179,b_line,-2.8,0,30,0,False
react-remove,b_line,False,178,20261180,b_line,-16.8,0,30,0,False
react-remove,b_line,False,179,20261181,b_line,-223.8,16,30,0.5333333333,True
react-remove,b_line,False,180,20261182,b_line,-47.8,2,30,0.06666666667,True
react-remove,b_line,False,181,20261183,b_line,-175.8,12,30,0.4,True
react-remove,b_line,False,182,20261184,b_line,-26.8,0,30,0,False
react-remove,b_line,False,183,20261185,b_line,-223.8,16,30,0.5333333333,True
react-remove,b_line,False,184,20261186,b_line,-223.8,16,30,0.5333333333,True
react-remove,b_line,False,185,20261187,b_line,-27.8,0,30,0,False
react-remove,b_line,False,186,20261188,b_line,-23.5,0,30,0,False
react-remove,b_line,False,187,20261189,b_line,-32.8,0,30,0,False
react-remove,b_line,False,188,20261190,b_line,-163.8,11,30,0.3666666667,True
react-remove,b_line,False,189,20261191,b_line,-151.8,10,30,0.3333333333,True
react-remove,b_line,False,190,20261192,b_line,-152.8,10,30,0.3333333333,True
react-remove,b_line,False,191,20261193,b_line,-175.8,12,30,0.4,True
react-remove,b_line,False,192,20261194,b_line,-26.8,0,30,0,False
react-remove,b_line,False,193,20261195,b_line,-160.5,11,30,0.3666666667,True
react-remove,b_line,False,194,20261196,b_line,-66.6,3,30,0.1,True
react-remove,b_line,False,195,20261197,b_line,-45.6,2,30,0.06666666667,True
react-remove,b_line,False,196,20261198,b_line,-13.8,0,30,0,False
react-remove,b_line,False,197,20261199,b_line,-13.8,0,30,0,False
react-remove,b_line,False,198,20261200,b_line,-174.5,12,30,0.4,True
react-remove,b_line,False,199,20261201,b_line,-2.8,0,30,0,False
react-remove,meander,False,0,20261002,meander,-21.2,0,30,0,False
react-remove,meander,False,1,20261003,meander,-22.3,0,30,0,False
react-remove,meander,False,2,20261004,meander,-16.1,0,30,0,False
react-remove,meander,False,3,20261005,meander,-18.7,0,30,0,False
react-remove,meander,False,4,20261006,meander,-14,0,30,0,False
react-remove,meander,False,5,20261007,meander,-12.2,0,30,0,False
react-remove,meander,False,6,20261008,meander,-22.3,0,30,0,False
react-remove,meander,False,7,20261009,meander,-17.7,0,30,0,False
react-remove,meander,False,8,20261010,meander,-26,0,30,0,False
react-remove,meander,False,9,20261011,meander,-17.5,0,30,0,False
react-remove,meander,False,10,20261012,meander,-14.6,0,30,0,False
react-remove,meander,False,11,20261013,meander,-15.7,0,30,0,False
react-remove,meander,False,12,20261014,meander,-17,0,30,0,False
react-remove,meander,False,13,20261015,meander,-24.6,0,30,0,False
react-remove,meander,False,14,20261016,meander,-24.3,0,30,0,False
react-remove,meander,False,15,20261017,meander,-17.9,0,30,0,False
react-remove,meander,False,16,20261018,meander,-12.8,0,30,0,False
react-remove,meander,False,17,20261019,meander,-16.1,0,30,0,False
react-remove,meander,False,18,20261020,meander,-12.5,0,30,0,False
react-remove,meander,False,19,20261021,meander,-20.6,0,30,0,False
react-remove,meander,False,20,20261022,meander,-17.2,0,30,0,False
react-remove,meander,False,21,20261023,meander,-17.3,0,30,0,False
react-remove,meander,False,22,20261024,meander,-29.9,0,30,0,False
react-remove,meander,False,23,20261025,meander,-18.2,0,30,0,False
react-remove,meander,False,24,20261026,meander,-16.7,0,30,0,False
react-remove,meander,False,25,20261027,meander,-20.9,0,30,0,False
react-remove,meander,False,26,20261028,meander,-22.1,0,30,0,False
react-remove,meander,False,27,20261029,meander,-12.8,0,30,0,False
react-remove,meander,False,28,20261030,meander,-25.2,0,30,0,False
react-remove,meander,False,29,20261031,meander,-19.1,0,30,0,False
react-remove,meander,False,30,20261032,meander,-27.1,0,30,0,False
react-remove,meander,False,31,20261033,meander,-6.5,0,30,0,False
react-remove,meander,False,32,20261034,meander,-17,0,30,0,False
react-remove,meander,False,33,20261035,meander,-11.3,0,30,0,False
react-remove,meander,False,34,20261036,meander,-22.9,0,30,0,False
react-remove,meander,False,35,20261037,meander,-14.9,0,30,0,False
react-remove,meander,False,36,20261038,meander,-10.1,0,30,0,False
react-remove,meander,False,37,20261039,meander,-18.3,0,30,0,False
react-remove,meander,False,38,20261040,meander,-31.4,0,30,0,False
react-remove,meander,False,39,20261041,meander,-20.1,0,30,0,False
react-remove,meander,False,40,20261042,meander,-17,0,30,0,False
react-remove,meander,False,41,20261043,meander,-35.8,0,30,0,False
react-remove,meander,False,42,20261044,meander,-18.1,0,30,0,False
react-remove,meander,False,43,20261045,meander,-30.2,0,30,0,False
react-remove,meander,False,44,20261046,meander,-20.1,0,30,0,False
react-remove,meander,False,45,20261047,meander,-17.7,0,30,0,False
react-remove,meander,False,46,20261048,meander,-17.9,0,30,0,False
react-remove,meander,False,47,20261049,meander,-15.1,0,30,0,False
react-remove,meander,False,48,20261050,meander,-22.3,0,30,0,False
react-remove,meander,False,49,20261051,meander,-22,0,30,0,False
react-remove,meander,False,50,20261052,meander,-27.1,0,30,0,False
react-remove,meander,False,51,20261053,meander,-17.5,0,30,0,False
react-remove,meander,False,52,20261054,meander,-19.5,0,30,0,False
react-remove,meander,False,53,20261055,meander,-21.1,0,30,0,False
react-remove,meander,False,54,20261056,meander,-15.6,0,30,0,False
react-remove,meander,False,55,20261057,meander,-24.7,0,30,0,False
react-remove,meander,False,56,20261058,meander,-14.6,0,30,0,False
react-remove,meander,False,57,20261059,meander,-16.4,0,30,0,False
react-remove,meander,False,58,20261060,meander,-19.5,0,30,0,False
react-remove,meander,False,59,20261061,meander,-22.1,0,30,0,False
react-remove,meander,False,60,20261062,meander,-76.9,4,30,0.1333333333,True
react-remove,meander,False,61,20261063,meander,-21.1,0,30,0,False
react-remove,meander,False,62,20261064,meander,-20.7,0,30,0,False
react-remove,meander,False,63,20261065,meander,-16.1,0,30,0,False
react-remove,meander,False,64,20261066,meander,-10.9,0,30,0,False
react-remove,meander,False,65,20261067,meander,-9.7,0,30,0,False
react-remove,meander,False,66,20261068,meander,-22.8,0,30,0,False
react-remove,meander,False,67,20261069,meander,-27.7,0,30,0,False
react-remove,meander,False,68,20261070,meander,-12.8,0,30,0,False
react-remove,meander,False,69,20261071,meander,-27.7,0,30,0,False
react-remove,meander,False,70,20261072,meander,-22.7,0,30,0,False
react-remove,meander,False,71,20261073,meander,-16.6,0,30,0,False
react-remove,meander,False,72,20261074,meander,-18,0,30,0,False
react-remove,meander,False,73,20261075,meander,-16.1,0,30,0,False
react-remove,meander,False,74,20261076,meander,-19.6,0,30,0,False
react-remove,meander,False,75,20261077,meander,-20.8,0,30,0,False
react-remove,meander,False,76,20261078,meander,-16,0,30,0,False
react-remove,meander,False,77,20261079,meander,-16.8,0,30,0,False
react-remove,meander,False,78,20261080,meander,-15.1,0,30,0,False
react-remove,meander,False,79,20261081,meander,-14.8,0,30,0,False
react-remove,meander,False,80,20261082,meander,-17.9,0,30,0,False
react-remove,meander,False,81,20261083,meander,-20.1,0,30,0,False
react-remove,meander,False,82,20261084,meander,-13.9,0,30,0,False
react-remove,meander,False,83,20261085,meander,-21.3,0,30,0,False
react-remove,meander,False,84,20261086,meander,-15.9,0,30,0,False
react-remove,meander,False,85,20261087,meander,-15.2,0,30,0,False
react-remove,meander,False,86,20261088,meander,-4.6,0,30,0,False
react-remove,meander,False,87,20261089,meander,-14.7,0,30,0,False
react-remove,meander,False,88,20261090,meander,-22,0,30,0,False
react-remove,meander,False,89,20261091,meander,-19.2,0,30,0,False
react-remove,meander,False,90,20261092,meander,-14.9,0,30,0,False
react-remove,meander,False,91,20261093,meander,-19.3,0,30,0,False
react-remove,meander,False,92,20261094,meander,-11.6,0,30,0,False
react-remove,meander,False,93,20261095,meander,-16.1,0,30,0,False
react-remove,meander,False,94,20261096,meander,-20.8,0,30,0,False
react-remove,meander,False,95,20261097,meander,-26.5,0,30,0,False
react-remove,meander,False,96,20261098,meander,-16.3,0,30,0,False
react-remove,meander,False,97,20261099,meander,-23.6,0,30,0,False
react-remove,meander,False,98,20261100,meander,-40.3,0,30,0,False
react-remove,meander,False,99,20261101,meander,-15.7,0,30,0,False
react-remove,meander,False,100,20261102,meander,-22.4,0,30,0,False
react-remove,meander,False,101,20261103,meander,-23.5,0,30,0,False
react-remove,meander,False,102,20261104,meander,-17.2,0,30,0,False
react-remove,meander,False,103,20261105,meander,-23.5,0,30,0,False
react-remove,meander,False,104,20261106,meander,-14.8,0,30,0,False
react-remove,meander,False,105,20261107,meander,-18.9,0,30,0,False
react-remove,meander,False,106,20261108,meander,-21.1,0,30,0,False
react-remove,meander,False,107,20261109,meander,-24.9,0,30,0,False
react-remove,meander,False,108,20261110,meander,-18.4,0,30,0,False
react-remove,meander,False,109,20261111,meander,-30.9,0,30,0,False
react-remove,meander,False,110,20261112,meander,-6.5,0,30,0,False
react-remove,meander,False,111,20261113,meander,-18.8,0,30,0,False
react-remove,meander,False,112,20261114,meander,-15.8,0,30,0,False
react-remove,meander,False,113,20261115,meander,-21,0,30,0,False
react-remove,meander,False,114,20261116,meander,-19.1,0,30,0,False
react-remove,meander,False,115,20261117,meander,-21.7,0,30,0,False
react-remove,meander,False,116,20261118,meander,-22.4,0,30,0,False
react-remove,meander,False,117,20261119,meander,-21.5,0,30,0,False
react-remove,meander,False,118,20261120,meander,-18.2,0,30,0,False
react-remove,meander,False,119,20261121,meander,-17.2,0,30,0,False
react-remove,meander,False,120,20261122,meander,-20.8,0,30,0,False
react-remove,meander,False,121,20261123,meander,-14.4,0,30,0,False
react-remove,meander,False,122,20261124,meander,-13.9,0,30,0,False
react-remove,meander,False,123,20261125,meander,-15.2,0,30,0,False
react-remove,meander,False,124,20261126,meander,-14.5,0,30,0,False
react-remove,meander,False,125,20261127,meander,-14.2,0,30,0,False
react-remove,meander,False,126,20261128,meander,-17.2,0,30,0,False
react-remove,meander,False,127,20261129,meander,-10.3,0,30,0,False
react-remove,meander,False,128,20261130,meander,-20.3,0,30,0,False
react-remove,meander,False,129,20261131,meander,-32.7,1,30,0.03333333333,True
react-remove,meander,False,130,20261132,meander,-18.5,0,30,0,False
react-remove,meander,False,131,20261133,meander,-12,0,30,0,False
react-remove,meander,False,132,20261134,meander,-14.5,0,30,0,False
react-remove,meander,False,133,20261135,meander,-17.4,0,30,0,False
react-remove,meander,False,134,20261136,meander,-16.1,0,30,0,False
react-remove,meander,False,135,20261137,meander,-21.5,0,30,0,False
react-remove,meander,False,136,20261138,meander,-19.7,0,30,0,False
react-remove,meander,False,137,20261139,meander,-21.3,0,30,0,False
react-remove,meander,False,138,20261140,meander,-19.5,0,30,0,False
react-remove,meander,False,139,20261141,meander,-19,0,30,0,False
react-remove,meander,False,140,20261142,meander,-21.3,0,30,0,False
react-remove,meander,False,141,20261143,meander,-18.3,0,30,0,False
react-remove,meander,False,142,20261144,meander,-13.6,0,30,0,False
react-remove,meander,False,143,20261145,meander,-20.8,0,30,0,False
react-remove,meander,False,144,20261146,meander,-27.7,0,30,0,False
react-remove,meander,False,145,20261147,meander,-22.1,0,30,0,False
react-remove,meander,False,146,20261148,meander,-36.9,0,30,0,False
react-remove,meander,False,147,20261149,meander,-18.7,0,30,0,False
react-remove,meander,False,148,20261150,meander,-15,0,30,0,False
react-remove,meander,False,149,20261151,meander,-15.4,0,30,0,False
react-remove,meander,False,150,20261152,meander,-16,0,30,0,False
react-remove,meander,False,151,20261153,meander,-16.7,0,30,0,False
react-remove,meander,False,152,20261154,meander,-13.1,0,30,0,False
react-remove,meander,False,153,20261155,meander,-21.2,0,30,0,False
react-remove,meander,False,154,20261156,meander,-24.2,0,30,0,False
react-remove,meander,False,155,20261157,meander,-18.1,0,30,0,False
react-remove,meander,False,156,20261158,meander,-13.6,0,30,0,False
react-remove,meander,False,157,20261159,meander,-21.5,0,30,0,False
react-remove,meander,False,158,20261160,meander,-27.5,0,30,0,False
react-remove,meander,False,159,20261161,meander,-22.5,0,30,0,False
react-remove,meander,False,160,20261162,meander,-20.7,0,30,0,False
react-remove,meander,False,161,20261163,meander,-16.9,0,30,0,False
react-remove,meander,False,162,20261164,meander,-16.1,0,30,0,False
react-remove,meander,False,163,20261165,meander,-23.4,0,30,0,False
react-remove,meander,False,164,20261166,meander,-20.5,0,30,0,False
react-remove,meander,False,165,20261167,meander,-20.3,0,30,0,False
react-remove,meander,False,166,20261168,meander,-15,0,30,0,False
react-remove,meander,False,167,20261169,meander,-14.5,0,30,0,False
react-remove,meander,False,168,20261170,meander,-30.1,0,30,0,False
react-remove,meander,False,169,20261171,meander,-15.9,0,30,0,False
react-remove,meander,False,170,20261172,meander,-10.1,0,30,0,False
react-remove,meander,False,171,20261173,meander,-19.3,0,30,0,False
react-remove,meander,False,172,20261174,meander,-23,0,30,0,False
react-remove,meander,False,173,20261175,meander,-16.8,0,30,0,False
react-remove,meander,False,174,20261176,meander,-14.6,0,30,0,False
react-remove,meander,False,175,20261177,meander,-23.5,0,30,0,False
react-remove,meander,False,176,20261178,meander,-21.5,0,30,0,False
react-remove,meander,False,177,20261179,meander,-31.5,0,30,0,False
react-remove,meander,False,178,20261180,meander,-21.1,0,30,0,False
react-remove,meander,False,179,20261181,meander,-16.3,0,30,0,False
react-remove,meander,False,180,20261182,meander,-8.1,0,30,0,False
react-remove,meander,False,181,20261183,meander,-30.9,0,30,0,False
react-remove,meander,False,182,20261184,meander,-24.7,0,30,0,False
react-remove,meander,False,183,20261185,meander,-21,0,30,0,False
react-remove,meander,False,184,20261186,meander,-14.5,0,30,0,False
react-remove,meander,False,185,20261187,meander,-16.3,0,30,0,False
react-remove,meander,False,186,20261188,meander,-56.8,2,30,0.06666666667,True
react-remove,meander,False,187,20261189,meander,-19.2,0,30,0,False
react-remove,meander,False,188,20261190,meander,-14.6,0,30,0,False
react-remove,meander,False,189,20261191,meander,-35.2,0,30,0,False
react-remove,meander,False,190,20261192,meander,-16.4,0,30,0,False
react-remove,meander,False,191,20261193,meander,-10.2,0,30,0,False
react-remove,meander,False,192,20261194,meander,-5.7,0,30,0,False
react-remove,meander,False,193,20261195,meander,-14.9,0,30,0,False
react-remove,meander,False,194,20261196,meander,-20.2,0,30,0,False
react-remove,meander,False,195,20261197,meander,-9.3,0,30,0,False
react-remove,meander,False,196,20261198,meander,-15.8,0,30,0,False
react-remove,meander,False,197,20261199,meander,-19.6,0,30,0,False
react-remove,meander,False,198,20261200,meander,-16.1,0,30,0,False
react-remove,meander,False,199,20261201,meander,-24.1,0,30,0,False
react-remove,delayed_b_line,False,0,20261002,delayed_b_line,-15.5,0,30,0,False
react-remove,delayed_b_line,False,1,20261003,delayed_b_line,-174.6,12,30,0.4,True
react-remove,delayed_b_line,False,2,20261004,delayed_b_line,-185.5,13,30,0.4333333333,True
react-remove,delayed_b_line,False,3,20261005,delayed_b_line,-77.5,4,30,0.1333333333,True
react-remove,delayed_b_line,False,4,20261006,delayed_b_line,-139.7,9,30,0.3,True
react-remove,delayed_b_line,False,5,20261007,delayed_b_line,-113.5,7,30,0.2333333333,True
react-remove,delayed_b_line,False,6,20261008,delayed_b_line,-17.5,0,30,0,False
react-remove,delayed_b_line,False,7,20261009,delayed_b_line,-24.6,0,30,0,False
react-remove,delayed_b_line,False,8,20261010,delayed_b_line,-123.4,8,30,0.2666666667,True
react-remove,delayed_b_line,False,9,20261011,delayed_b_line,-172.4,12,30,0.4,True
react-remove,delayed_b_line,False,10,20261012,delayed_b_line,-19.7,0,30,0,False
react-remove,delayed_b_line,False,11,20261013,delayed_b_line,-163.7,11,30,0.3666666667,True
react-remove,delayed_b_line,False,12,20261014,delayed_b_line,-12.5,0,30,0,False
react-remove,delayed_b_line,False,13,20261015,delayed_b_line,-18.4,0,30,0,False
react-remove,delayed_b_line,False,14,20261016,delayed_b_line,-5.3,0,30,0,False
react-remove,delayed_b_line,False,15,20261017,delayed_b_line,-25.7,0,30,0,False
react-remove,delayed_b_line,False,16,20261018,delayed_b_line,-21.7,0,30,0,False
react-remove,delayed_b_line,False,17,20261019,delayed_b_line,-66.7,3,30,0.1,True
react-remove,delayed_b_line,False,18,20261020,delayed_b_line,-20.7,0,30,0,False
react-remove,delayed_b_line,False,19,20261021,delayed_b_line,-10.6,0,30,0,False
react-remove,delayed_b_line,False,20,20261022,delayed_b_line,-19.6,0,30,0,False
react-remove,delayed_b_line,False,21,20261023,delayed_b_line,-17.6,0,30,0,False
react-remove,delayed_b_line,False,22,20261024,delayed_b_line,-126.6,8,30,0.2666666667,True
react-remove,delayed_b_line,False,23,20261025,delayed_b_line,-16.6,0,30,0,False
react-remove,delayed_b_line,False,24,20261026,delayed_b_line,-159.3,11,30,0.3666666667,True
react-remove,delayed_b_line,False,25,20261027,delayed_b_line,-21.3,0,30,0,False
react-remove,delayed_b_line,False,26,20261028,delayed_b_line,-7.3,0,30,0,False
react-remove,delayed_b_line,False,27,20261029,delayed_b_line,-148.4,10,30,0.3333333333,True
react-remove,delayed_b_line,False,28,20261030,delayed_b_line,-121.4,8,30,0.2666666667,True
react-remove,delayed_b_line,False,29,20261031,delayed_b_line,-173.6,12,30,0.4,True
react-remove,delayed_b_line,False,30,20261032,delayed_b_line,-148.3,10,30,0.3333333333,True
react-remove,delayed_b_line,False,31,20261033,delayed_b_line,-77.6,4,30,0.1333333333,True
react-remove,delayed_b_line,False,32,20261034,delayed_b_line,-2.6,0,30,0,False
react-remove,delayed_b_line,False,33,20261035,delayed_b_line,-97.2,6,30,0.2,True
react-remove,delayed_b_line,False,34,20261036,delayed_b_line,-197.6,14,30,0.4666666667,True
react-remove,delayed_b_line,False,35,20261037,delayed_b_line,-109.3,7,30,0.2333333333,True
react-remove,delayed_b_line,False,36,20261038,delayed_b_line,-148.4,10,30,0.3333333333,True
react-remove,delayed_b_line,False,37,20261039,delayed_b_line,-18.3,0,30,0,False
react-remove,delayed_b_line,False,38,20261040,delayed_b_line,-19.1,0,30,0,False
react-remove,delayed_b_line,False,39,20261041,delayed_b_line,-16.3,0,30,0,False
react-remove,delayed_b_line,False,40,20261042,delayed_b_line,-162.7,11,30,0.3666666667,True
react-remove,delayed_b_line,False,41,20261043,delayed_b_line,-8.5,0,30,0,False
react-remove,delayed_b_line,False,42,20261044,delayed_b_line,-38.3,1,30,0.03333333333,True
react-remove,delayed_b_line,False,43,20261045,delayed_b_line,-85.3,5,30,0.1666666667,True
react-remove,delayed_b_line,False,44,20261046,delayed_b_line,-75.3,4,30,0.1333333333,True
react-remove,delayed_b_line,False,45,20261047,delayed_b_line,-110.3,7,30,0.2333333333,True
react-remove,delayed_b_line,False,46,20261048,delayed_b_line,-172.4,12,30,0.4,True
react-remove,delayed_b_line,False,47,20261049,delayed_b_line,-172.4,12,30,0.4,True
react-remove,delayed_b_line,False,48,20261050,delayed_b_line,-59.3,3,30,0.1,True
react-remove,delayed_b_line,False,49,20261051,delayed_b_line,-14.5,0,30,0,False
react-remove,delayed_b_line,False,50,20261052,delayed_b_line,-11.1,0,30,0,False
react-remove,delayed_b_line,False,51,20261053,delayed_b_line,-210.7,15,30,0.5,True
react-remove,delayed_b_line,False,52,20261054,delayed_b_line,-20.2,0,30,0,False
react-remove,delayed_b_line,False,53,20261055,delayed_b_line,-121.3,8,30,0.2666666667,True
react-remove,delayed_b_line,False,54,20261056,delayed_b_line,-22.4,0,30,0,False
react-remove,delayed_b_line,False,55,20261057,delayed_b_line,-2.4,0,30,0,False
react-remove,delayed_b_line,False,56,20261058,delayed_b_line,-2.5,0,30,0,False
react-remove,delayed_b_line,False,57,20261059,delayed_b_line,-24.5,0,30,0,False
react-remove,delayed_b_line,False,58,20261060,delayed_b_line,-186.7,13,30,0.4333333333,True
react-remove,delayed_b_line,False,59,20261061,delayed_b_line,-13.5,0,30,0,False
react-remove,delayed_b_line,False,60,20261062,delayed_b_line,-22.2,0,30,0,False
react-remove,delayed_b_line,False,61,20261063,delayed_b_line,-56.7,3,30,0.1,True
react-remove,delayed_b_line,False,62,20261064,delayed_b_line,-124.4,8,30,0.2666666667,True
react-remove,delayed_b_line,False,63,20261065,delayed_b_line,-24.6,0,30,0,False
react-remove,delayed_b_line,False,64,20261066,delayed_b_line,-62.3,3,30,0.1,True
react-remove,delayed_b_line,False,65,20261067,delayed_b_line,-19.5,0,30,0,False
react-remove,delayed_b_line,False,66,20261068,delayed_b_line,-5.3,0,30,0,False
react-remove,delayed_b_line,False,67,20261069,delayed_b_line,-74.4,4,30,0.1333333333,True
react-remove,delayed_b_line,False,68,20261070,delayed_b_line,-2.2,0,30,0,False
react-remove,delayed_b_line,False,69,20261071,delayed_b_line,-24.6,0,30,0,False
react-remove,delayed_b_line,False,70,20261072,delayed_b_line,-54.7,2,30,0.06666666667,True
react-remove,delayed_b_line,False,71,20261073,delayed_b_line,-22.6,0,30,0,False
react-remove,delayed_b_line,False,72,20261074,delayed_b_line,-197.6,14,30,0.4666666667,True
react-remove,delayed_b_line,False,73,20261075,delayed_b_line,-29.1,1,30,0.03333333333,True
react-remove,delayed_b_line,False,74,20261076,delayed_b_line,-28.7,0,30,0,False
react-remove,delayed_b_line,False,75,20261077,delayed_b_line,-160.5,11,30,0.3666666667,True
react-remove,delayed_b_line,False,76,20261078,delayed_b_line,-186.7,13,30,0.4333333333,True
react-remove,delayed_b_line,False,77,20261079,delayed_b_line,-58.9,3,30,0.1,True
react-remove,delayed_b_line,False,78,20261080,delayed_b_line,-10.5,0,30,0,False
react-remove,delayed_b_line,False,79,20261081,delayed_b_line,-6.5,0,30,0,False
react-remove,delayed_b_line,False,80,20261082,delayed_b_line,-7.4,0,30,0,False
react-remove,delayed_b_line,False,81,20261083,delayed_b_line,-185.6,13,30,0.4333333333,True
react-remove,delayed_b_line,False,82,20261084,delayed_b_line,-184.5,13,30,0.4333333333,True
react-remove,delayed_b_line,False,83,20261085,delayed_b_line,-16.7,0,30,0,False
react-remove,delayed_b_line,False,84,20261086,delayed_b_line,-24.6,0,30,0,False
react-remove,delayed_b_line,False,85,20261087,delayed_b_line,-4.3,0,30,0,False
react-remove,delayed_b_line,False,86,20261088,delayed_b_line,-21.2,0,30,0,False
react-remove,delayed_b_line,False,87,20261089,delayed_b_line,-26.5,0,30,0,False
react-remove,delayed_b_line,False,88,20261090,delayed_b_line,-18.4,0,30,0,False
react-remove,delayed_b_line,False,89,20261091,delayed_b_line,-62.3,3,30,0.1,True
react-remove,delayed_b_line,False,90,20261092,delayed_b_line,-25.7,0,30,0,False
react-remove,delayed_b_line,False,91,20261093,delayed_b_line,-159.3,11,30,0.3666666667,True
react-remove,delayed_b_line,False,92,20261094,delayed_b_line,-158.6,11,30,0.3666666667,True
react-remove,delayed_b_line,False,93,20261095,delayed_b_line,-186.7,13,30,0.4333333333,True
react-remove,delayed_b_line,False,94,20261096,delayed_b_line,-46.6,2,30,0.06666666667,True
react-remove,delayed_b_line,False,95,20261097,delayed_b_line,-124.5,8,30,0.2666666667,True
react-remove,delayed_b_line,False,96,20261098,delayed_b_line,-75.4,4,30,0.1333333333,True
react-remove,delayed_b_line,False,97,20261099,delayed_b_line,-111.3,7,30,0.2333333333,True
react-remove,delayed_b_line,False,98,20261100,delayed_b_line,-22.4,0,30,0,False
react-remove,delayed_b_line,False,99,20261101,delayed_b_line,-43.7,1,30,0.03333333333,True
react-remove,delayed_b_line,False,100,20261102,delayed_b_line,-184.5,13,30,0.4333333333,True
react-remove,delayed_b_line,False,101,20261103,delayed_b_line,-24.3,0,30,0,False
react-remove,delayed_b_line,False,102,20261104,delayed_b_line,-187.7,13,30,0.4333333333,True
react-remove,delayed_b_line,False,103,20261105,delayed_b_line,-28.7,0,30,0,False
react-remove,delayed_b_line,False,104,20261106,delayed_b_line,-41.5,1,30,0.03333333333,True
react-remove,delayed_b_line,False,105,20261107,delayed_b_line,-2.3,0,30,0,False
react-remove,delayed_b_line,False,106,20261108,delayed_b_line,-21.3,0,30,0,False
react-remove,delayed_b_line,False,107,20261109,delayed_b_line,-134.3,9,30,0.3,True
react-remove,delayed_b_line,False,108,20261110,delayed_b_line,-159.5,11,30,0.3666666667,True
react-remove,delayed_b_line,False,109,20261111,delayed_b_line,-26.6,0,30,0,False
react-remove,delayed_b_line,False,110,20261112,delayed_b_line,-15,0,30,0,False
react-remove,delayed_b_line,False,111,20261113,delayed_b_line,-19.1,0,30,0,False
react-remove,delayed_b_line,False,112,20261114,delayed_b_line,-25.3,0,30,0,False
react-remove,delayed_b_line,False,113,20261115,delayed_b_line,-17.4,0,30,0,False
react-remove,delayed_b_line,False,114,20261116,delayed_b_line,-17.3,0,30,0,False
react-remove,delayed_b_line,False,115,20261117,delayed_b_line,-135.3,9,30,0.3,True
react-remove,delayed_b_line,False,116,20261118,delayed_b_line,-22.4,0,30,0,False
react-remove,delayed_b_line,False,117,20261119,delayed_b_line,-23.5,0,30,0,False
react-remove,delayed_b_line,False,118,20261120,delayed_b_line,-22.6,0,30,0,False
react-remove,delayed_b_line,False,119,20261121,delayed_b_line,-111.3,7,30,0.2333333333,True
react-remove,delayed_b_line,False,120,20261122,delayed_b_line,-77.4,4,30,0.1333333333,True
react-remove,delayed_b_line,False,121,20261123,delayed_b_line,-15.6,0,30,0,False
react-remove,delayed_b_line,False,122,20261124,delayed_b_line,-22.4,0,30,0,False
react-remove,delayed_b_line,False,123,20261125,delayed_b_line,-161.7,11,30,0.3666666667,True
react-remove,delayed_b_line,False,124,20261126,delayed_b_line,-99.3,6,30,0.2,True
react-remove,delayed_b_line,False,125,20261127,delayed_b_line,-12.3,0,30,0,False
react-remove,delayed_b_line,False,126,20261128,delayed_b_line,-2.5,0,30,0,False
react-remove,delayed_b_line,False,127,20261129,delayed_b_line,-22.4,0,30,0,False
react-remove,delayed_b_line,False,128,20261130,delayed_b_line,-51.4,2,30,0.06666666667,True
react-remove,delayed_b_line,False,129,20261131,delayed_b_line,-66.7,3,30,0.1,True
react-remove,delayed_b_line,False,130,20261132,delayed_b_line,-159.3,11,30,0.3666666667,True
react-remove,delayed_b_line,False,131,20261133,delayed_b_line,-89.6,5,30,0.1666666667,True
react-remove,delayed_b_line,False,132,20261134,delayed_b_line,-91.6,5,30,0.1666666667,True
react-remove,delayed_b_line,False,133,20261135,delayed_b_line,-210.7,15,30,0.5,True
react-remove,delayed_b_line,False,134,20261136,delayed_b_line,-12.5,0,30,0,False
react-remove,delayed_b_line,False,135,20261137,delayed_b_line,-185.5,13,30,0.4333333333,True
react-remove,delayed_b_line,False,136,20261138,delayed_b_line,-172.4,12,30,0.4,True
react-remove,delayed_b_line,False,137,20261139,delayed_b_line,-108.1,7,30,0.2333333333,True
react-remove,delayed_b_line,False,138,20261140,delayed_b_line,-6.4,0,30,0,False
react-remove,delayed_b_line,False,139,20261141,delayed_b_line,-55.3,3,30,0.1,True
react-remove,delayed_b_line,False,140,20261142,delayed_b_line,-43.4,2,30,0.06666666667,True
react-remove,delayed_b_line,False,141,20261143,delayed_b_line,-102.6,6,30,0.2,True
react-remove,delayed_b_line,False,142,20261144,delayed_b_line,-24.7,0,30,0,False
react-remove,delayed_b_line,False,143,20261145,delayed_b_line,-26.7,0,30,0,False
react-remove,delayed_b_line,False,144,20261146,delayed_b_line,-163.7,11,30,0.3666666667,True
react-remove,delayed_b_line,False,145,20261147,delayed_b_line,-172.4,12,30,0.4,True
react-remove,delayed_b_line,False,146,20261148,delayed_b_line,-5.5,0,30,0,False
react-remove,delayed_b_line,False,147,20261149,delayed_b_line,-22.5,0,30,0,False
react-remove,delayed_b_line,False,148,20261150,delayed_b_line,-199.6,14,30,0.4666666667,True
react-remove,delayed_b_line,False,149,20261151,delayed_b_line,-21.2,0,30,0,False
react-remove,delayed_b_line,False,150,20261152,delayed_b_line,-28.4,0,30,0,False
react-remove,delayed_b_line,False,151,20261153,delayed_b_line,-163.7,11,30,0.3666666667,True
react-remove,delayed_b_line,False,152,20261154,delayed_b_line,-20.2,0,30,0,False
react-remove,delayed_b_line,False,153,20261155,delayed_b_line,-67.7,3,30,0.1,True
react-remove,delayed_b_line,False,154,20261156,delayed_b_line,-22.4,0,30,0,False
react-remove,delayed_b_line,False,155,20261157,delayed_b_line,-159.3,11,30,0.3666666667,True
react-remove,delayed_b_line,False,156,20261158,delayed_b_line,-134.3,9,30,0.3,True
react-remove,delayed_b_line,False,157,20261159,delayed_b_line,-173.6,12,30,0.4,True
react-remove,delayed_b_line,False,158,20261160,delayed_b_line,-2.7,0,30,0,False
react-remove,delayed_b_line,False,159,20261161,delayed_b_line,-2.4,0,30,0,False
react-remove,delayed_b_line,False,160,20261162,delayed_b_line,-148.4,10,30,0.3333333333,True
react-remove,delayed_b_line,False,161,20261163,delayed_b_line,-147.4,10,30,0.3333333333,True
react-remove,delayed_b_line,False,162,20261164,delayed_b_line,-76.4,4,30,0.1333333333,True
react-remove,delayed_b_line,False,163,20261165,delayed_b_line,-85.7,5,30,0.1666666667,True
react-remove,delayed_b_line,False,164,20261166,delayed_b_line,-23.3,0,30,0,False
react-remove,delayed_b_line,False,165,20261167,delayed_b_line,-2.4,0,30,0,False
react-remove,delayed_b_line,False,166,20261168,delayed_b_line,-3.3,0,30,0,False
react-remove,delayed_b_line,False,167,20261169,delayed_b_line,-76.5,4,30,0.1333333333,True
react-remove,delayed_b_line,False,168,20261170,delayed_b_line,-21.3,0,30,0,False
react-remove,delayed_b_line,False,169,20261171,delayed_b_line,-24.4,0,30,0,False
react-remove,delayed_b_line,False,170,20261172,delayed_b_line,-135.3,9,30,0.3,True
react-remove,delayed_b_line,False,171,20261173,delayed_b_line,-186.7,13,30,0.4333333333,True
react-remove,delayed_b_line,False,172,20261174,delayed_b_line,-158.3,11,30,0.3666666667,True
react-remove,delayed_b_line,False,173,20261175,delayed_b_line,-14.6,0,30,0,False
react-remove,delayed_b_line,False,174,20261176,delayed_b_line,-21.3,0,30,0,False
react-remove,delayed_b_line,False,175,20261177,delayed_b_line,-12.7,0,30,0,False
react-remove,delayed_b_line,False,176,20261178,delayed_b_line,-2.3,0,30,0,False
react-remove,delayed_b_line,False,177,20261179,delayed_b_line,-174.6,12,30,0.4,True
react-remove,delayed_b_line,False,178,20261180,delayed_b_line,-42.6,1,30,0.03333333333,True
react-remove,delayed_b_line,False,179,20261181,delayed_b_line,-171.4,12,30,0.4,True
react-remove,delayed_b_line,False,180,20261182,delayed_b_line,-210.7,15,30,0.5,True
react-remove,delayed_b_line,False,181,20261183,delayed_b_line,-17.3,0,30,0,False
react-remove,delayed_b_line,False,182,20261184,delayed_b_line,-53.5,2,30,0.06666666667,True
react-remove,delayed_b_line,False,183,20261185,delayed_b_line,-184.5,13,30,0.4333333333,True
react-remove,delayed_b_line,False,184,20261186,delayed_b_line,-158.3,11,30,0.3666666667,True
react-remove,delayed_b_line,False,185,20261187,delayed_b_line,-23.5,0,30,0,False
react-remove,delayed_b_line,False,186,20261188,delayed_b_line,-2.3,0,30,0,False
react-remove,delayed_b_line,False,187,20261189,delayed_b_line,-23.4,0,30,0,False
react-remove,delayed_b_line,False,188,20261190,delayed_b_line,-8.3,0,30,0,False
react-remove,delayed_b_line,False,189,20261191,delayed_b_line,-17.4,0,30,0,False
react-remove,delayed_b_line,False,190,20261192,delayed_b_line,-160.5,11,30,0.3666666667,True
react-remove,delayed_b_line,False,191,20261193,delayed_b_line,-22.4,0,30,0,False
react-remove,delayed_b_line,False,192,20261194,delayed_b_line,-99.4,6,30,0.2,True
react-remove,delayed_b_line,False,193,20261195,delayed_b_line,-136.5,9,30,0.3,True
react-remove,delayed_b_line,False,194,20261196,delayed_b_line,-2.5,0,30,0,False
react-remove,delayed_b_line,False,195,20261197,delayed_b_line,-45.5,2,30,0.06666666667,True
react-remove,delayed_b_line,False,196,20261198,delayed_b_line,-78.6,4,30,0.1333333333,True
react-remove,delayed_b_line,False,197,20261199,delayed_b_line,-48.5,2,30,0.06666666667,True
react-remove,delayed_b_line,False,198,20261200,delayed_b_line,-122.1,8,30,0.2666666667,True
react-remove,delayed_b_line,False,199,20261201,delayed_b_line,-23.6,0,30,0,False
react-remove,meander_then_b_line,False,0,20261002,meander_then_b_line,-2.3,0,30,0,False
react-remove,meander_then_b_line,False,1,20261003,meander_then_b_line,-3.4,0,30,0,False
react-remove,meander_then_b_line,False,2,20261004,meander_then_b_line,-69,4,30,0.1333333333,True
react-remove,meander_then_b_line,False,3,20261005,meander_then_b_line,-147.4,10,30,0.3333333333,True
react-remove,meander_then_b_line,False,4,20261006,meander_then_b_line,-6.4,0,30,0,False
react-remove,meander_then_b_line,False,5,20261007,meander_then_b_line,-11.4,0,30,0,False
react-remove,meander_then_b_line,False,6,20261008,meander_then_b_line,-97.4,6,30,0.2,True
react-remove,meander_then_b_line,False,7,20261009,meander_then_b_line,-22.4,0,30,0,False
react-remove,meander_then_b_line,False,8,20261010,meander_then_b_line,-148.4,10,30,0.3333333333,True
react-remove,meander_then_b_line,False,9,20261011,meander_then_b_line,-15.4,0,30,0,False
react-remove,meander_then_b_line,False,10,20261012,meander_then_b_line,-25.4,0,30,0,False
react-remove,meander_then_b_line,False,11,20261013,meander_then_b_line,-122.4,8,30,0.2666666667,True
react-remove,meander_then_b_line,False,12,20261014,meander_then_b_line,-171.4,12,30,0.4,True
react-remove,meander_then_b_line,False,13,20261015,meander_then_b_line,-10,0,30,0,False
react-remove,meander_then_b_line,False,14,20261016,meander_then_b_line,-5.3,0,30,0,False
react-remove,meander_then_b_line,False,15,20261017,meander_then_b_line,-101.4,6,30,0.2,True
react-remove,meander_then_b_line,False,16,20261018,meander_then_b_line,-25.4,0,30,0,False
react-remove,meander_then_b_line,False,17,20261019,meander_then_b_line,-147.4,10,30,0.3333333333,True
react-remove,meander_then_b_line,False,18,20261020,meander_then_b_line,-22.4,0,30,0,False
react-remove,meander_then_b_line,False,19,20261021,meander_then_b_line,-24.4,0,30,0,False
react-remove,meander_then_b_line,False,20,20261022,meander_then_b_line,-122.2,8,30,0.2666666667,True
react-remove,meander_then_b_line,False,21,20261023,meander_then_b_line,-123.4,8,30,0.2666666667,True
react-remove,meander_then_b_line,False,22,20261024,meander_then_b_line,-17.3,0,30,0,False
react-remove,meander_then_b_line,False,23,20261025,meander_then_b_line,-87.4,5,30,0.1666666667,True
react-remove,meander_then_b_line,False,24,20261026,meander_then_b_line,-22.4,0,30,0,False
react-remove,meander_then_b_line,False,25,20261027,meander_then_b_line,-94.4,6,30,0.2,True
react-remove,meander_then_b_line,False,26,20261028,meander_then_b_line,-20.3,0,30,0,False
react-remove,meander_then_b_line,False,27,20261029,meander_then_b_line,-18.4,0,30,0,False
react-remove,meander_then_b_line,False,28,20261030,meander_then_b_line,-35.4,1,30,0.03333333333,True
react-remove,meander_then_b_line,False,29,20261031,meander_then_b_line,-171.4,12,30,0.4,True
react-remove,meander_then_b_line,False,30,20261032,meander_then_b_line,-100.4,6,30,0.2,True
react-remove,meander_then_b_line,False,31,20261033,meander_then_b_line,-26.4,0,30,0,False
react-remove,meander_then_b_line,False,32,20261034,meander_then_b_line,-123.4,8,30,0.2666666667,True
react-remove,meander_then_b_line,False,33,20261035,meander_then_b_line,-172.4,12,30,0.4,True
react-remove,meander_then_b_line,False,34,20261036,meander_then_b_line,-21.3,0,30,0,False
react-remove,meander_then_b_line,False,35,20261037,meander_then_b_line,-96.4,6,30,0.2,True
react-remove,meander_then_b_line,False,36,20261038,meander_then_b_line,-2.4,0,30,0,False
react-remove,meander_then_b_line,False,37,20261039,meander_then_b_line,-22.4,0,30,0,False
react-remove,meander_then_b_line,False,38,20261040,meander_then_b_line,-14.4,0,30,0,False
react-remove,meander_then_b_line,False,39,20261041,meander_then_b_line,-147.4,10,30,0.3333333333,True
react-remove,meander_then_b_line,False,40,20261042,meander_then_b_line,-17.4,0,30,0,False
react-remove,meander_then_b_line,False,41,20261043,meander_then_b_line,-71.4,4,30,0.1333333333,True
react-remove,meander_then_b_line,False,42,20261044,meander_then_b_line,-4.2,0,30,0,False
react-remove,meander_then_b_line,False,43,20261045,meander_then_b_line,-171.4,12,30,0.4,True
react-remove,meander_then_b_line,False,44,20261046,meander_then_b_line,-171.4,12,30,0.4,True
react-remove,meander_then_b_line,False,45,20261047,meander_then_b_line,-124.4,8,30,0.2666666667,True
react-remove,meander_then_b_line,False,46,20261048,meander_then_b_line,-36,1,30,0.03333333333,True
react-remove,meander_then_b_line,False,47,20261049,meander_then_b_line,-149.4,10,30,0.3333333333,True
react-remove,meander_then_b_line,False,48,20261050,meander_then_b_line,-22.4,0,30,0,False
react-remove,meander_then_b_line,False,49,20261051,meander_then_b_line,-99.4,6,30,0.2,True
react-remove,meander_then_b_line,False,50,20261052,meander_then_b_line,-28.4,0,30,0,False
react-remove,meander_then_b_line,False,51,20261053,meander_then_b_line,-22.4,0,30,0,False
react-remove,meander_then_b_line,False,52,20261054,meander_then_b_line,-2.4,0,30,0,False
react-remove,meander_then_b_line,False,53,20261055,meander_then_b_line,-2.4,0,30,0,False
react-remove,meander_then_b_line,False,54,20261056,meander_then_b_line,-8.2,0,30,0,False
react-remove,meander_then_b_line,False,55,20261057,meander_then_b_line,-173.4,12,30,0.4,True
react-remove,meander_then_b_line,False,56,20261058,meander_then_b_line,-2.4,0,30,0,False
react-remove,meander_then_b_line,False,57,20261059,meander_then_b_line,-22.4,0,30,0,False
react-remove,meander_then_b_line,False,58,20261060,meander_then_b_line,-147.4,10,30,0.3333333333,True
react-remove,meander_then_b_line,False,59,20261061,meander_then_b_line,-22.4,0,30,0,False
react-remove,meander_then_b_line,False,60,20261062,meander_then_b_line,-158.3,11,30,0.3666666667,True
react-remove,meander_then_b_line,False,61,20261063,meander_then_b_line,-17.2,0,30,0,False
react-remove,meander_then_b_line,False,62,20261064,meander_then_b_line,-76.4,4,30,0.1333333333,True
react-remove,meander_then_b_line,False,63,20261065,meander_then_b_line,-171.4,12,30,0.4,True
react-remove,meander_then_b_line,False,64,20261066,meander_then_b_line,-22.4,0,30,0,False
react-remove,meander_then_b_line,False,65,20261067,meander_then_b_line,-5.4,0,30,0,False
react-remove,meander_then_b_line,False,66,20261068,meander_then_b_line,-8.4,0,30,0,False
react-remove,meander_then_b_line,False,67,20261069,meander_then_b_line,-19.4,0,30,0,False
react-remove,meander_then_b_line,False,68,20261070,meander_then_b_line,-75.4,4,30,0.1333333333,True
react-remove,meander_then_b_line,False,69,20261071,meander_then_b_line,-25.4,0,30,0,False
react-remove,meander_then_b_line,False,70,20261072,meander_then_b_line,-172.3,12,30,0.4,True
react-remove,meander_then_b_line,False,71,20261073,meander_then_b_line,-28.4,0,30,0,False
react-remove,meander_then_b_line,False,72,20261074,meander_then_b_line,-22.4,0,30,0,False
react-remove,meander_then_b_line,False,73,20261075,meander_then_b_line,-172.4,12,30,0.4,True
react-remove,meander_then_b_line,False,74,20261076,meander_then_b_line,-99.4,6,30,0.2,True
react-remove,meander_then_b_line,False,75,20261077,meander_then_b_line,-22.4,0,30,0,False
react-remove,meander_then_b_line,False,76,20261078,meander_then_b_line,-19.3,0,30,0,False
react-remove,meander_then_b_line,False,77,20261079,meander_then_b_line,-22.4,0,30,0,False
react-remove,meander_then_b_line,False,78,20261080,meander_then_b_line,-2.3,0,30,0,False
react-remove,meander_then_b_line,False,79,20261081,meander_then_b_line,-15.4,0,30,0,False
react-remove,meander_then_b_line,False,80,20261082,meander_then_b_line,-22.4,0,30,0,False
react-remove,meander_then_b_line,False,81,20261083,meander_then_b_line,-123.4,8,30,0.2666666667,True
react-remove,meander_then_b_line,False,82,20261084,meander_then_b_line,-76.4,4,30,0.1333333333,True
react-remove,meander_then_b_line,False,83,20261085,meander_then_b_line,-22.4,0,30,0,False
react-remove,meander_then_b_line,False,84,20261086,meander_then_b_line,-124.3,8,30,0.2666666667,True
react-remove,meander_then_b_line,False,85,20261087,meander_then_b_line,-74.4,4,30,0.1333333333,True
react-remove,meander_then_b_line,False,86,20261088,meander_then_b_line,-124.4,8,30,0.2666666667,True
react-remove,meander_then_b_line,False,87,20261089,meander_then_b_line,-147.4,10,30,0.3333333333,True
react-remove,meander_then_b_line,False,88,20261090,meander_then_b_line,-75.4,4,30,0.1333333333,True
react-remove,meander_then_b_line,False,89,20261091,meander_then_b_line,-147.4,10,30,0.3333333333,True
react-remove,meander_then_b_line,False,90,20261092,meander_then_b_line,-95.4,6,30,0.2,True
react-remove,meander_then_b_line,False,91,20261093,meander_then_b_line,-23.4,0,30,0,False
react-remove,meander_then_b_line,False,92,20261094,meander_then_b_line,-20.2,0,30,0,False
react-remove,meander_then_b_line,False,93,20261095,meander_then_b_line,-27.4,0,30,0,False
react-remove,meander_then_b_line,False,94,20261096,meander_then_b_line,-123.4,8,30,0.2666666667,True
react-remove,meander_then_b_line,False,95,20261097,meander_then_b_line,-171.4,12,30,0.4,True
react-remove,meander_then_b_line,False,96,20261098,meander_then_b_line,-2.4,0,30,0,False
react-remove,meander_then_b_line,False,97,20261099,meander_then_b_line,-22.4,0,30,0,False
react-remove,meander_then_b_line,False,98,20261100,meander_then_b_line,-7.4,0,30,0,False
react-remove,meander_then_b_line,False,99,20261101,meander_then_b_line,-22.4,0,30,0,False
react-remove,meander_then_b_line,False,100,20261102,meander_then_b_line,-148.4,10,30,0.3333333333,True
react-remove,meander_then_b_line,False,101,20261103,meander_then_b_line,-43.8,2,30,0.06666666667,True
react-remove,meander_then_b_line,False,102,20261104,meander_then_b_line,-3.4,0,30,0,False
react-remove,meander_then_b_line,False,103,20261105,meander_then_b_line,-100.4,6,30,0.2,True
react-remove,meander_then_b_line,False,104,20261106,meander_then_b_line,-123.4,8,30,0.2666666667,True
react-remove,meander_then_b_line,False,105,20261107,meander_then_b_line,-22.4,0,30,0,False
react-remove,meander_then_b_line,False,106,20261108,meander_then_b_line,-22.4,0,30,0,False
react-remove,meander_then_b_line,False,107,20261109,meander_then_b_line,-23.4,0,30,0,False
react-remove,meander_then_b_line,False,108,20261110,meander_then_b_line,-41.4,1,30,0.03333333333,True
react-remove,meander_then_b_line,False,109,20261111,meander_then_b_line,-14.2,0,30,0,False
react-remove,meander_then_b_line,False,110,20261112,meander_then_b_line,-96.4,6,30,0.2,True
react-remove,meander_then_b_line,False,111,20261113,meander_then_b_line,-22.4,0,30,0,False
react-remove,meander_then_b_line,False,112,20261114,meander_then_b_line,-15.4,0,30,0,False
react-remove,meander_then_b_line,False,113,20261115,meander_then_b_line,-87.4,5,30,0.1666666667,True
react-remove,meander_then_b_line,False,114,20261116,meander_then_b_line,-2.4,0,30,0,False
react-remove,meander_then_b_line,False,115,20261117,meander_then_b_line,-20.2,0,30,0,False
react-remove,meander_then_b_line,False,116,20261118,meander_then_b_line,-25.4,0,30,0,False
react-remove,meander_then_b_line,False,117,20261119,meander_then_b_line,-8.4,0,30,0,False
react-remove,meander_then_b_line,False,118,20261120,meander_then_b_line,-99.4,6,30,0.2,True
react-remove,meander_then_b_line,False,119,20261121,meander_then_b_line,-20.4,0,30,0,False
react-remove,meander_then_b_line,False,120,20261122,meander_then_b_line,-22.4,0,30,0,False
react-remove,meander_then_b_line,False,121,20261123,meander_then_b_line,-171.4,12,30,0.4,True
react-remove,meander_then_b_line,False,122,20261124,meander_then_b_line,-124.4,8,30,0.2666666667,True
react-remove,meander_then_b_line,False,123,20261125,meander_then_b_line,-22.4,0,30,0,False
react-remove,meander_then_b_line,False,124,20261126,meander_then_b_line,-76.3,4,30,0.1333333333,True
react-remove,meander_then_b_line,False,125,20261127,meander_then_b_line,-123.4,8,30,0.2666666667,True
react-remove,meander_then_b_line,False,126,20261128,meander_then_b_line,-2.4,0,30,0,False
react-remove,meander_then_b_line,False,127,20261129,meander_then_b_line,-75.4,4,30,0.1333333333,True
react-remove,meander_then_b_line,False,128,20261130,meander_then_b_line,-121.2,8,30,0.2666666667,True
react-remove,meander_then_b_line,False,129,20261131,meander_then_b_line,-21.2,0,30,0,False
react-remove,meander_then_b_line,False,130,20261132,meander_then_b_line,-93.4,6,30,0.2,True
react-remove,meander_then_b_line,False,131,20261133,meander_then_b_line,-23.4,0,30,0,False
react-remove,meander_then_b_line,False,132,20261134,meander_then_b_line,-25.4,0,30,0,False
react-remove,meander_then_b_line,False,133,20261135,meander_then_b_line,-12,0,30,0,False
react-remove,meander_then_b_line,False,134,20261136,meander_then_b_line,-22.4,0,30,0,False
react-remove,meander_then_b_line,False,135,20261137,meander_then_b_line,-70.4,4,30,0.1333333333,True
react-remove,meander_then_b_line,False,136,20261138,meander_then_b_line,-171.4,12,30,0.4,True
react-remove,meander_then_b_line,False,137,20261139,meander_then_b_line,-27.4,0,30,0,False
react-remove,meander_then_b_line,False,138,20261140,meander_then_b_line,-26.4,0,30,0,False
react-remove,meander_then_b_line,False,139,20261141,meander_then_b_line,-4.4,0,30,0,False
react-remove,meander_then_b_line,False,140,20261142,meander_then_b_line,-52.4,2,30,0.06666666667,True
react-remove,meander_then_b_line,False,141,20261143,meander_then_b_line,-122.2,8,30,0.2666666667,True
react-remove,meander_then_b_line,False,142,20261144,meander_then_b_line,-62.3,3,30,0.1,True
react-remove,meander_then_b_line,False,143,20261145,meander_then_b_line,-121.4,8,30,0.2666666667,True
react-remove,meander_then_b_line,False,144,20261146,meander_then_b_line,-22.4,0,30,0,False
react-remove,meander_then_b_line,False,145,20261147,meander_then_b_line,-148.4,10,30,0.3333333333,True
react-remove,meander_then_b_line,False,146,20261148,meander_then_b_line,-2.3,0,30,0,False
react-remove,meander_then_b_line,False,147,20261149,meander_then_b_line,-172.3,12,30,0.4,True
react-remove,meander_then_b_line,False,148,20261150,meander_then_b_line,-28.4,0,30,0,False
react-remove,meander_then_b_line,False,149,20261151,meander_then_b_line,-25.4,0,30,0,False
react-remove,meander_then_b_line,False,150,20261152,meander_then_b_line,-64.4,3,30,0.1,True
react-remove,meander_then_b_line,False,151,20261153,meander_then_b_line,-6.4,0,30,0,False
react-remove,meander_then_b_line,False,152,20261154,meander_then_b_line,-75.4,4,30,0.1333333333,True
react-remove,meander_then_b_line,False,153,20261155,meander_then_b_line,-3.4,0,30,0,False
react-remove,meander_then_b_line,False,154,20261156,meander_then_b_line,-39.4,1,30,0.03333333333,True
react-remove,meander_then_b_line,False,155,20261157,meander_then_b_line,-98.2,6,30,0.2,True
react-remove,meander_then_b_line,False,156,20261158,meander_then_b_line,-147.4,10,30,0.3333333333,True
react-remove,meander_then_b_line,False,157,20261159,meander_then_b_line,-18.3,0,30,0,False
react-remove,meander_then_b_line,False,158,20261160,meander_then_b_line,-2.4,0,30,0,False
react-remove,meander_then_b_line,False,159,20261161,meander_then_b_line,-99.4,6,30,0.2,True
react-remove,meander_then_b_line,False,160,20261162,meander_then_b_line,-20.2,0,30,0,False
react-remove,meander_then_b_line,False,161,20261163,meander_then_b_line,-19.2,0,30,0,False
react-remove,meander_then_b_line,False,162,20261164,meander_then_b_line,-22.4,0,30,0,False
react-remove,meander_then_b_line,False,163,20261165,meander_then_b_line,-121.2,8,30,0.2666666667,True
react-remove,meander_then_b_line,False,164,20261166,meander_then_b_line,-120.4,8,30,0.2666666667,True
react-remove,meander_then_b_line,False,165,20261167,meander_then_b_line,-21.2,0,30,0,False
react-remove,meander_then_b_line,False,166,20261168,meander_then_b_line,-22.4,0,30,0,False
react-remove,meander_then_b_line,False,167,20261169,meander_then_b_line,-4,0,30,0,False
react-remove,meander_then_b_line,False,168,20261170,meander_then_b_line,-63.4,3,30,0.1,True
react-remove,meander_then_b_line,False,169,20261171,meander_then_b_line,-15.4,0,30,0,False
react-remove,meander_then_b_line,False,170,20261172,meander_then_b_line,-13.4,0,30,0,False
react-remove,meander_then_b_line,False,171,20261173,meander_then_b_line,-2.4,0,30,0,False
react-remove,meander_then_b_line,False,172,20261174,meander_then_b_line,-13.2,0,30,0,False
react-remove,meander_then_b_line,False,173,20261175,meander_then_b_line,-123.4,8,30,0.2666666667,True
react-remove,meander_then_b_line,False,174,20261176,meander_then_b_line,-42.4,2,30,0.06666666667,True
react-remove,meander_then_b_line,False,175,20261177,meander_then_b_line,-75.4,4,30,0.1333333333,True
react-remove,meander_then_b_line,False,176,20261178,meander_then_b_line,-172.3,12,30,0.4,True
react-remove,meander_then_b_line,False,177,20261179,meander_then_b_line,-8.4,0,30,0,False
react-remove,meander_then_b_line,False,178,20261180,meander_then_b_line,-2.3,0,30,0,False
react-remove,meander_then_b_line,False,179,20261181,meander_then_b_line,-19,0,30,0,False
react-remove,meander_then_b_line,False,180,20261182,meander_then_b_line,-16.4,0,30,0,False
react-remove,meander_then_b_line,False,181,20261183,meander_then_b_line,-10.4,0,30,0,False
react-remove,meander_then_b_line,False,182,20261184,meander_then_b_line,-173.4,12,30,0.4,True
react-remove,meander_then_b_line,False,183,20261185,meander_then_b_line,-22.4,0,30,0,False
react-remove,meander_then_b_line,False,184,20261186,meander_then_b_line,-124.4,8,30,0.2666666667,True
react-remove,meander_then_b_line,False,185,20261187,meander_then_b_line,-172.3,12,30,0.4,True
react-remove,meander_then_b_line,False,186,20261188,meander_then_b_line,-24.4,0,30,0,False
react-remove,meander_then_b_line,False,187,20261189,meander_then_b_line,-44.4,2,30,0.06666666667,True
react-remove,meander_then_b_line,False,188,20261190,meander_then_b_line,-17.4,0,30,0,False
react-remove,meander_then_b_line,False,189,20261191,meander_then_b_line,-22.4,0,30,0,False
react-remove,meander_then_b_line,False,190,20261192,meander_then_b_line,-18.4,0,30,0,False
react-remove,meander_then_b_line,False,191,20261193,meander_then_b_line,-121.2,8,30,0.2666666667,True
react-remove,meander_then_b_line,False,192,20261194,meander_then_b_line,-23.4,0,30,0,False
react-remove,meander_then_b_line,False,193,20261195,meander_then_b_line,-22.4,0,30,0,False
react-remove,meander_then_b_line,False,194,20261196,meander_then_b_line,-12.2,0,30,0,False
react-remove,meander_then_b_line,False,195,20261197,meander_then_b_line,-6.3,0,30,0,False
react-remove,meander_then_b_line,False,196,20261198,meander_then_b_line,-21.3,0,30,0,False
react-remove,meander_then_b_line,False,197,20261199,meander_then_b_line,-62.2,3,30,0.1,True
react-remove,meander_then_b_line,False,198,20261200,meander_then_b_line,-121.4,8,30,0.2666666667,True
react-remove,meander_then_b_line,False,199,20261201,meander_then_b_line,-21.4,0,30,0,False
react-remove,adaptive,True,0,20271002,b_line,-2.8,0,30,0,False
react-remove,adaptive,True,1,20271003,b_line,-128.8,8,30,0.2666666667,True
react-remove,adaptive,True,2,20271004,b_line,-223.8,16,30,0.5333333333,True
react-remove,adaptive,True,3,20271005,meander_then_b_line,-123.4,8,30,0.2666666667,True
react-remove,adaptive,True,4,20271006,meander_then_b_line,-145.4,10,30,0.3333333333,True
react-remove,adaptive,True,5,20271007,delayed_b_line,-43.4,2,30,0.06666666667,True
react-remove,adaptive,True,6,20271008,delayed_b_line,-159.2,11,30,0.3666666667,True
react-remove,adaptive,True,7,20271009,delayed_b_line,-25.7,0,30,0,False
react-remove,adaptive,True,8,20271010,meander_then_b_line,-147.4,10,30,0.3333333333,True
react-remove,adaptive,True,9,20271011,meander,-83,5,30,0.1666666667,True
react-remove,adaptive,True,10,20271012,delayed_b_line,-88.5,5,30,0.1666666667,True
react-remove,adaptive,True,11,20271013,delayed_b_line,-135.3,9,30,0.3,True
react-remove,adaptive,True,12,20271014,meander_then_b_line,-172.4,12,30,0.4,True
react-remove,adaptive,True,13,20271015,delayed_b_line,-21.4,0,30,0,False
react-remove,adaptive,True,14,20271016,delayed_b_line,-31.7,0,30,0,False
react-remove,adaptive,True,15,20271017,delayed_b_line,-31.6,1,30,0.03333333333,True
react-remove,adaptive,True,16,20271018,delayed_b_line,-24.4,0,30,0,False
react-remove,adaptive,True,17,20271019,b_line,-26.8,0,30,0,False
react-remove,adaptive,True,18,20271020,meander,-13.7,0,30,0,False
react-remove,adaptive,True,19,20271021,meander_then_b_line,-2.2,0,30,0,False
react-remove,adaptive,True,20,20271022,b_line,-200.8,14,30,0.4666666667,True
react-remove,adaptive,True,21,20271023,meander_then_b_line,-22.4,0,30,0,False
react-remove,adaptive,True,22,20271024,b_line,-91.8,5,30,0.1666666667,True
react-remove,adaptive,True,23,20271025,b_line,-29.8,0,30,0,False
react-remove,adaptive,True,24,20271026,meander_then_b_line,-21.4,0,30,0,False
react-remove,adaptive,True,25,20271027,meander_then_b_line,-15.4,0,30,0,False
react-remove,adaptive,True,26,20271028,b_line,-127.8,8,30,0.2666666667,True
react-remove,adaptive,True,27,20271029,meander_then_b_line,-20.3,0,30,0,False
react-remove,adaptive,True,28,20271030,delayed_b_line,-24.6,0,30,0,False
react-remove,adaptive,True,29,20271031,delayed_b_line,-102.7,6,30,0.2,True
react-remove,adaptive,True,30,20271032,delayed_b_line,-161.5,11,30,0.3666666667,True
react-remove,adaptive,True,31,20271033,b_line,-26.8,0,30,0,False
react-remove,adaptive,True,32,20271034,b_line,-200.8,14,30,0.4666666667,True
react-remove,adaptive,True,33,20271035,meander,-16.8,0,30,0,False
react-remove,adaptive,True,34,20271036,delayed_b_line,-25.7,0,30,0,False
react-remove,adaptive,True,35,20271037,b_line,-23.4,0,30,0,False
react-remove,adaptive,True,36,20271038,meander_then_b_line,-18.4,0,30,0,False
react-remove,adaptive,True,37,20271039,meander,-9.7,0,30,0,False
react-remove,adaptive,True,38,20271040,b_line,-103.8,6,30,0.2,True
react-remove,adaptive,True,39,20271041,meander_then_b_line,-22.4,0,30,0,False
react-remove,adaptive,True,40,20271042,delayed_b_line,-121.2,8,30,0.2666666667,True
react-remove,adaptive,True,41,20271043,b_line,-17.8,0,30,0,False
react-remove,adaptive,True,42,20271044,meander_then_b_line,-45.4,2,30,0.06666666667,True
react-remove,adaptive,True,43,20271045,delayed_b_line,-158.3,11,30,0.3666666667,True
react-remove,adaptive,True,44,20271046,meander,-7.3,0,30,0,False
react-remove,adaptive,True,45,20271047,delayed_b_line,-99.4,6,30,0.2,True
react-remove,adaptive,True,46,20271048,b_line,-23.8,0,30,0,False
react-remove,adaptive,True,47,20271049,b_line,-224.8,16,30,0.5333333333,True
react-remove,adaptive,True,48,20271050,meander,-19.7,0,30,0,False
react-remove,adaptive,True,49,20271051,delayed_b_line,-14.3,0,30,0,False
react-remove,adaptive,True,50,20271052,meander_then_b_line,-147.4,10,30,0.3333333333,True
react-remove,adaptive,True,51,20271053,delayed_b_line,-69.3,4,30,0.1333333333,True
react-remove,adaptive,True,52,20271054,delayed_b_line,-158.7,11,30,0.3666666667,True
react-remove,adaptive,True,53,20271055,b_line,-102.6,6,30,0.2,True
react-remove,adaptive,True,54,20271056,meander_then_b_line,-2.3,0,30,0,False
react-remove,adaptive,True,55,20271057,meander_then_b_line,-100.4,6,30,0.2,True
react-remove,adaptive,True,56,20271058,b_line,-43.8,1,30,0.03333333333,True
react-remove,adaptive,True,57,20271059,b_line,-128.8,8,30,0.2666666667,True
react-remove,adaptive,True,58,20271060,b_line,-176.8,12,30,0.4,True
react-remove,adaptive,True,59,20271061,meander,-22.9,0,30,0,False
react-remove,adaptive,True,60,20271062,meander,-4.3,0,30,0,False
react-remove,adaptive,True,61,20271063,delayed_b_line,-27.7,0,30,0,False
react-remove,adaptive,True,62,20271064,b_line,-10.8,0,30,0,False
react-remove,adaptive,True,63,20271065,delayed_b_line,-14.6,0,30,0,False
react-remove,adaptive,True,64,20271066,meander_then_b_line,-22.4,0,30,0,False
react-remove,adaptive,True,65,20271067,delayed_b_line,-210.7,15,30,0.5,True
react-remove,adaptive,True,66,20271068,meander,-15.3,0,30,0,False
react-remove,adaptive,True,67,20271069,meander_then_b_line,-12.3,0,30,0,False
react-remove,adaptive,True,68,20271070,meander,-19.2,0,30,0,False
react-remove,adaptive,True,69,20271071,b_line,-224.8,16,30,0.5333333333,True
react-remove,adaptive,True,70,20271072,b_line,-26.8,0,30,0,False
react-remove,adaptive,True,71,20271073,meander,-21.7,0,30,0,False
react-remove,adaptive,True,72,20271074,b_line,-126.6,8,30,0.2666666667,True
react-remove,adaptive,True,73,20271075,meander,-19.3,0,30,0,False
react-remove,adaptive,True,74,20271076,meander_then_b_line,-76.4,4,30,0.1333333333,True
react-remove,adaptive,True,75,20271077,meander,-16.3,0,30,0,False
react-remove,adaptive,True,76,20271078,b_line,-10.8,0,30,0,False
react-remove,adaptive,True,77,20271079,b_line,-12.8,0,30,0,False
react-remove,adaptive,True,78,20271080,meander,-26.3,0,30,0,False
react-remove,adaptive,True,79,20271081,meander,-22.7,0,30,0,False
react-remove,adaptive,True,80,20271082,delayed_b_line,-138.7,9,30,0.3,True
react-remove,adaptive,True,81,20271083,meander,-24.9,0,30,0,False
react-remove,adaptive,True,82,20271084,delayed_b_line,-65.5,3,30,0.1,True
react-remove,adaptive,True,83,20271085,b_line,-24.6,0,30,0,False
react-remove,adaptive,True,84,20271086,meander,-13.2,0,30,0,False
react-remove,adaptive,True,85,20271087,b_line,-223.8,16,30,0.5333333333,True
react-remove,adaptive,True,86,20271088,delayed_b_line,-9.6,0,30,0,False
react-remove,adaptive,True,87,20271089,meander_then_b_line,-22.4,0,30,0,False
react-remove,adaptive,True,88,20271090,b_line,-199.8,14,30,0.4666666667,True
react-remove,adaptive,True,89,20271091,delayed_b_line,-7.3,0,30,0,False
react-remove,adaptive,True,90,20271092,meander,-16.3,0,30,0,False
react-remove,adaptive,True,91,20271093,meander_then_b_line,-172.4,12,30,0.4,True
react-remove,adaptive,True,92,20271094,delayed_b_line,-16.4,0,30,0,False
react-remove,adaptive,True,93,20271095,delayed_b_line,-125.6,8,30,0.2666666667,True
react-remove,adaptive,True,94,20271096,delayed_b_line,-111.7,7,30,0.2333333333,True
react-remove,adaptive,True,95,20271097,b_line,-21.8,0,30,0,False
react-remove,adaptive,True,96,20271098,meander_then_b_line,-2.4,0,30,0,False
react-remove,adaptive,True,97,20271099,meander_then_b_line,-147.4,10,30,0.3333333333,True
react-remove,adaptive,True,98,20271100,meander,-19.5,0,30,0,False
react-remove,adaptive,True,99,20271101,delayed_b_line,-23.5,0,30,0,False
react-remove,adaptive,True,100,20271102,b_line,-77.6,4,30,0.1333333333,True
react-remove,adaptive,True,101,20271103,b_line,-152.8,10,30,0.3333333333,True
react-remove,adaptive,True,102,20271104,meander_then_b_line,-22.4,0,30,0,False
react-remove,adaptive,True,103,20271105,delayed_b_line,-54.7,2,30,0.06666666667,True
react-remove,adaptive,True,104,20271106,b_line,-26.8,0,30,0,False
react-remove,adaptive,True,105,20271107,b_line,-8.7,0,30,0,False
react-remove,adaptive,True,106,20271108,meander_then_b_line,-26.2,0,30,0,False
react-remove,adaptive,True,107,20271109,meander_then_b_line,-21.4,0,30,0,False
react-remove,adaptive,True,108,20271110,meander,-20.8,0,30,0,False
react-remove,adaptive,True,109,20271111,meander,-18.8,0,30,0,False
react-remove,adaptive,True,110,20271112,b_line,-24.6,0,30,0,False
react-remove,adaptive,True,111,20271113,delayed_b_line,-2.3,0,30,0,False
react-remove,adaptive,True,112,20271114,b_line,-27.8,0,30,0,False
react-remove,adaptive,True,113,20271115,b_line,-27.8,0,30,0,False
react-remove,adaptive,True,114,20271116,meander,-22.7,0,30,0,False
react-remove,adaptive,True,115,20271117,delayed_b_line,-111.3,7,30,0.2333333333,True
react-remove,adaptive,True,116,20271118,b_line,-224.8,16,30,0.5333333333,True
react-remove,adaptive,True,117,20271119,delayed_b_line,-211.7,15,30,0.5,True
react-remove,adaptive,True,118,20271120,meander,-15.2,0,30,0,False
react-remove,adaptive,True,119,20271121,b_line,-197.6,14,30,0.4666666667,True
react-remove,adaptive,True,120,20271122,b_line,-175.8,12,30,0.4,True
react-remove,adaptive,True,121,20271123,meander,-18.6,0,30,0,False
react-remove,adaptive,True,122,20271124,delayed_b_line,-88.5,5,30,0.1666666667,True
react-remove,adaptive,True,123,20271125,b_line,-19.8,0,30,0,False
react-remove,adaptive,True,124,20271126,delayed_b_line,-25.7,0,30,0,False
react-remove,adaptive,True,125,20271127,meander_then_b_line,-94,6,30,0.2,True
react-remove,adaptive,True,126,20271128,b_line,-223.8,16,30,0.5333333333,True
react-remove,adaptive,True,127,20271129,b_line,-127.8,8,30,0.2666666667,True
react-remove,adaptive,True,128,20271130,meander_then_b_line,-21.2,0,30,0,False
react-remove,adaptive,True,129,20271131,delayed_b_line,-75.3,4,30,0.1333333333,True
react-remove,adaptive,True,130,20271132,meander,-28.6,0,30,0,False
react-remove,adaptive,True,131,20271133,delayed_b_line,-39.3,1,30,0.03333333333,True
react-remove,adaptive,True,132,20271134,meander_then_b_line,-39.4,1,30,0.03333333333,True
react-remove,adaptive,True,133,20271135,delayed_b_line,-97.4,6,30,0.2,True
react-remove,adaptive,True,134,20271136,meander_then_b_line,-146.2,10,30,0.3333333333,True
react-remove,adaptive,True,135,20271137,b_line,-2.6,0,30,0,False
react-remove,adaptive,True,136,20271138,delayed_b_line,-36.3,1,30,0.03333333333,True
react-remove,adaptive,True,137,20271139,meander_then_b_line,-12.4,0,30,0,False
react-remove,adaptive,True,138,20271140,delayed_b_line,-17.6,0,30,0,False
react-remove,adaptive,True,139,20271141,b_line,-139.8,9,30,0.3,True
react-remove,adaptive,True,140,20271142,meander,-16.2,0,30,0,False
react-remove,adaptive,True,141,20271143,b_line,-197.6,14,30,0.4666666667,True
react-remove,adaptive,True,142,20271144,meander,-15.8,0,30,0,False
react-remove,adaptive,True,143,20271145,delayed_b_line,-161.5,11,30,0.3666666667,True
react-remove,adaptive,True,144,20271146,delayed_b_line,-134.3,9,30,0.3,True
react-remove,adaptive,True,145,20271147,delayed_b_line,-150.6,10,30,0.3333333333,True
react-remove,adaptive,True,146,20271148,delayed_b_line,-19.5,0,30,0,False
react-remove,adaptive,True,147,20271149,b_line,-10.8,0,30,0,False
react-remove,adaptive,True,148,20271150,delayed_b_line,-2.3,0,30,0,False
react-remove,adaptive,True,149,20271151,meander_then_b_line,-44.4,2,30,0.06666666667,True
react-remove,adaptive,True,150,20271152,b_line,-103.8,6,30,0.2,True
react-remove,adaptive,True,151,20271153,delayed_b_line,-161.5,11,30,0.3666666667,True
react-remove,adaptive,True,152,20271154,meander,-19.1,0,30,0,False
react-remove,adaptive,True,153,20271155,delayed_b_line,-158.3,11,30,0.3666666667,True
react-remove,adaptive,True,154,20271156,delayed_b_line,-43.7,1,30,0.03333333333,True
react-remove,adaptive,True,155,20271157,delayed_b_line,-125.6,8,30,0.2666666667,True
react-remove,adaptive,True,156,20271158,meander,-21.1,0,30,0,False
react-remove,adaptive,True,157,20271159,meander_then_b_line,-17,0,30,0,False
react-remove,adaptive,True,158,20271160,b_line,-151.8,10,30,0.3333333333,True
react-remove,adaptive,True,159,20271161,delayed_b_line,-25.6,0,30,0,False
react-remove,adaptive,True,160,20271162,meander_then_b_line,-25.4,0,30,0,False
react-remove,adaptive,True,161,20271163,meander_then_b_line,-14.4,0,30,0,False
react-remove,adaptive,True,162,20271164,meander_then_b_line,-19.1,0,30,0,False
react-remove,adaptive,True,163,20271165,meander,-23.2,0,30,0,False
react-remove,adaptive,True,164,20271166,delayed_b_line,-65.6,3,30,0.1,True
react-remove,adaptive,True,165,20271167,b_line,-223.8,16,30,0.5333333333,True
react-remove,adaptive,True,166,20271168,delayed_b_line,-210.7,15,30,0.5,True
react-remove,adaptive,True,167,20271169,meander,-12.8,0,30,0,False
react-remove,adaptive,True,168,20271170,b_line,-210.7,15,30,0.5,True
react-remove,adaptive,True,169,20271171,meander,-16.1,0,30,0,False
react-remove,adaptive,True,170,20271172,b_line,-146.8,10,30,0.3333333333,True
react-remove,adaptive,True,171,20271173,delayed_b_line,-22.4,0,30,0,False
react-remove,adaptive,True,172,20271174,meander_then_b_line,-16.2,0,30,0,False
react-remove,adaptive,True,173,20271175,delayed_b_line,-2.4,0,30,0,False
react-remove,adaptive,True,174,20271176,b_line,-223.8,16,30,0.5333333333,True
react-remove,adaptive,True,175,20271177,delayed_b_line,-22.4,0,30,0,False
react-remove,adaptive,True,176,20271178,delayed_b_line,-13.5,0,30,0,False
react-remove,adaptive,True,177,20271179,delayed_b_line,-22.4,0,30,0,False
react-remove,adaptive,True,178,20271180,b_line,-2.6,0,30,0,False
react-remove,adaptive,True,179,20271181,meander,-5.2,0,30,0,False
react-remove,adaptive,True,180,20271182,b_line,-224.8,16,30,0.5333333333,True
react-remove,adaptive,True,181,20271183,delayed_b_line,-185.5,13,30,0.4333333333,True
react-remove,adaptive,True,182,20271184,b_line,-174.8,12,30,0.4,True
react-remove,adaptive,True,183,20271185,meander,-22.5,0,30,0,False
react-remove,adaptive,True,184,20271186,meander_then_b_line,-134.3,9,30,0.3,True
react-remove,adaptive,True,185,20271187,meander_then_b_line,-2.4,0,30,0,False
react-remove,adaptive,True,186,20271188,meander,-11.4,0,30,0,False
react-remove,adaptive,True,187,20271189,b_line,-14.8,0,30,0,False
react-remove,adaptive,True,188,20271190,delayed_b_line,-123.4,8,30,0.2666666667,True
react-remove,adaptive,True,189,20271191,delayed_b_line,-31.7,1,30,0.03333333333,True
react-remove,adaptive,True,190,20271192,meander_then_b_line,-119.4,8,30,0.2666666667,True
react-remove,adaptive,True,191,20271193,b_line,-31.8,0,30,0,False
react-remove,adaptive,True,192,20271194,delayed_b_line,-63.3,3,30,0.1,True
react-remove,adaptive,True,193,20271195,meander_then_b_line,-38.2,1,30,0.03333333333,True
react-remove,adaptive,True,194,20271196,b_line,-5.8,0,30,0,False
react-remove,adaptive,True,195,20271197,delayed_b_line,-90.7,5,30,0.1666666667,True
react-remove,adaptive,True,196,20271198,delayed_b_line,-41.5,1,30,0.03333333333,True
react-remove,adaptive,True,197,20271199,delayed_b_line,-14.3,0,30,0,False
react-remove,adaptive,True,198,20271200,meander_then_b_line,-23.4,0,30,0,False
react-remove,adaptive,True,199,20271201,meander,-24.4,0,30,0,False
react-restore,b_line,False,0,20261002,b_line,-15.4,0,30,0,False
react-restore,b_line,False,1,20261003,b_line,-14.9,0,30,0,False
react-restore,b_line,False,2,20261004,b_line,-14.6,0,30,0,False
react-restore,b_line,False,3,20261005,b_line,-14.2,0,30,0,False
react-restore,b_line,False,4,20261006,b_line,-12.1,0,30,0,False
react-restore,b_line,False,5,20261007,b_line,-15.2,0,30,0,False
react-restore,b_line,False,6,20261008,b_line,-148.5,10,30,0.3333333333,True
react-restore,b_line,False,7,20261009,b_line,-13.7,0,30,0,False
react-restore,b_line,False,8,20261010,b_line,-13.4,0,30,0,False
react-restore,b_line,False,9,20261011,b_line,-16.3,0,30,0,False
react-restore,b_line,False,10,20261012,b_line,-22.4,0,30,0,False
react-restore,b_line,False,11,20261013,b_line,-19.3,0,30,0,False
react-restore,b_line,False,12,20261014,b_line,-13.5,0,30,0,False
react-restore,b_line,False,13,20261015,b_line,-34.6,0,30,0,False
react-restore,b_line,False,14,20261016,b_line,-15,0,30,0,False
react-restore,b_line,False,15,20261017,b_line,-15.4,0,30,0,False
react-restore,b_line,False,16,20261018,b_line,-13.3,0,30,0,False
react-restore,b_line,False,17,20261019,b_line,-108.7,6,30,0.2,True
react-restore,b_line,False,18,20261020,b_line,-21.2,0,30,0,False
react-restore,b_line,False,19,20261021,b_line,-13.8,0,30,0,False
react-restore,b_line,False,20,20261022,b_line,-24.4,0,30,0,False
react-restore,b_line,False,21,20261023,b_line,-13.3,0,30,0,False
react-restore,b_line,False,22,20261024,b_line,-14.6,0,30,0,False
react-restore,b_line,False,23,20261025,b_line,-31.4,0,30,0,False
react-restore,b_line,False,24,20261026,b_line,-112.4,7,30,0.2333333333,True
react-restore,b_line,False,25,20261027,b_line,-223.7,16,30,0.5333333333,True
react-restore,b_line,False,26,20261028,b_line,-23.6,0,30,0,False
react-restore,b_line,False,27,20261029,b_line,-17.6,0,30,0,False
react-restore,b_line,False,28,20261030,b_line,-223.8,16,30,0.5333333333,True
react-restore,b_line,False,29,20261031,b_line,-13.1,0,30,0,False
react-restore,b_line,False,30,20261032,b_line,-48.8,1,30,0.03333333333,True
react-restore,b_line,False,31,20261033,b_line,-15.7,0,30,0,False
react-restore,b_line,False,32,20261034,b_line,-15.1,0,30,0,False
react-restore,b_line,False,33,20261035,b_line,-15.3,0,30,0,False
react-restore,b_line,False,34,20261036,b_line,-14,0,30,0,False
react-restore,b_line,False,35,20261037,b_line,-17.7,0,30,0,False
react-restore,b_line,False,36,20261038,b_line,-15.3,0,30,0,False
react-restore,b_line,False,37,20261039,b_line,-15.1,0,30,0,False
react-restore,b_line,False,38,20261040,b_line,-47.9,2,30,0.06666666667,True
react-restore,b_line,False,39,20261041,b_line,-15.1,0,30,0,False
react-restore,b_line,False,40,20261042,b_line,-25.6,0,30,0,False
react-restore,b_line,False,41,20261043,b_line,-13.9,0,30,0,False
react-restore,b_line,False,42,20261044,b_line,-102.5,6,30,0.2,True
react-restore,b_line,False,43,20261045,b_line,-18.9,0,30,0,False
react-restore,b_line,False,44,20261046,b_line,-13.1,0,30,0,False
react-restore,b_line,False,45,20261047,b_line,-85.2,5,30,0.1666666667,True
react-restore,b_line,False,46,20261048,b_line,-14.1,0,30,0,False
react-restore,b_line,False,47,20261049,b_line,-10.6,0,30,0,False
react-restore,b_line,False,48,20261050,b_line,-16.3,0,30,0,False
react-restore,b_line,False,49,20261051,b_line,-15.2,0,30,0,False
react-restore,b_line,False,50,20261052,b_line,-127.6,8,30,0.2666666667,True
react-restore,b_line,False,51,20261053,b_line,-26.7,0,30,0,False
react-restore,b_line,False,52,20261054,b_line,-30.4,0,30,0,False
react-restore,b_line,False,53,20261055,b_line,-14.2,0,30,0,False
react-restore,b_line,False,54,20261056,b_line,-21.7,0,30,0,False
react-restore,b_line,False,55,20261057,b_line,-26.5,0,30,0,False
react-restore,b_line,False,56,20261058,b_line,-15.2,0,30,0,False
react-restore,b_line,False,57,20261059,b_line,-15.1,0,30,0,False
react-restore,b_line,False,58,20261060,b_line,-21.7,0,30,0,False
react-restore,b_line,False,59,20261061,b_line,-24,0,30,0,False
react-restore,b_line,False,60,20261062,b_line,-33.5,0,30,0,False
react-restore,b_line,False,61,20261063,b_line,-17.6,0,30,0,False
react-restore,b_line,False,62,20261064,b_line,-34.7,0,30,0,False
react-restore,b_line,False,63,20261065,b_line,-15.2,0,30,0,False
react-restore,b_line,False,64,20261066,b_line,-15.2,0,30,0,False
react-restore,b_line,False,65,20261067,b_line,-13.5,0,30,0,False
react-restore,b_line,False,66,20261068,b_line,-15,0,30,0,False
react-restore,b_line,False,67,20261069,b_line,-14.9,0,30,0,False
react-restore,b_line,False,68,20261070,b_line,-34.7,0,30,0,False
react-restore,b_line,False,69,20261071,b_line,-14.3,0,30,0,False
react-restore,b_line,False,70,20261072,b_line,-10.3,0,30,0,False
react-restore,b_line,False,71,20261073,b_line,-15.3,0,30,0,False
react-restore,b_line,False,72,20261074,b_line,-15.1,0,30,0,False
react-restore,b_line,False,73,20261075,b_line,-51.2,2,30,0.06666666667,True
react-restore,b_line,False,74,20261076,b_line,-46.6,1,30,0.03333333333,True
react-restore,b_line,False,75,20261077,b_line,-13.4,0,30,0,False
react-restore,b_line,False,76,20261078,b_line,-21.7,0,30,0,False
react-restore,b_line,False,77,20261079,b_line,-15.3,0,30,0,False
react-restore,b_line,False,78,20261080,b_line,-15,0,30,0,False
react-restore,b_line,False,79,20261081,b_line,-12.4,0,30,0,False
react-restore,b_line,False,80,20261082,b_line,-15.1,0,30,0,False
react-restore,b_line,False,81,20261083,b_line,-20.2,0,30,0,False
react-restore,b_line,False,82,20261084,b_line,-14.2,0,30,0,False
react-restore,b_line,False,83,20261085,b_line,-27.6,0,30,0,False
react-restore,b_line,False,84,20261086,b_line,-14.8,0,30,0,False
react-restore,b_line,False,85,20261087,b_line,-94.5,5,30,0.1666666667,True
react-restore,b_line,False,86,20261088,b_line,-14.4,0,30,0,False
react-restore,b_line,False,87,20261089,b_line,-13.3,0,30,0,False
react-restore,b_line,False,88,20261090,b_line,-30.5,0,30,0,False
react-restore,b_line,False,89,20261091,b_line,-18.7,0,30,0,False
react-restore,b_line,False,90,20261092,b_line,-14.7,0,30,0,False
react-restore,b_line,False,91,20261093,b_line,-14.6,0,30,0,False
react-restore,b_line,False,92,20261094,b_line,-16.4,0,30,0,False
react-restore,b_line,False,93,20261095,b_line,-14.9,0,30,0,False
react-restore,b_line,False,94,20261096,b_line,-19.2,0,30,0,False
react-restore,b_line,False,95,20261097,b_line,-14.2,0,30,0,False
react-restore,b_line,False,96,20261098,b_line,-14.2,0,30,0,False
react-restore,b_line,False,97,20261099,b_line,-104.4,6,30,0.2,True
react-restore,b_line,False,98,20261100,b_line,-27.2,0,30,0,False
react-restore,b_line,False,99,20261101,b_line,-14.6,0,30,0,False
react-restore,b_line,False,100,20261102,b_line,-28.2,0,30,0,False
react-restore,b_line,False,101,20261103,b_line,-92.7,5,30,0.1666666667,True
react-restore,b_line,False,102,20261104,b_line,-12,0,30,0,False
react-restore,b_line,False,103,20261105,b_line,-12.1,0,30,0,False
react-restore,b_line,False,104,20261106,b_line,-20.7,0,30,0,False
react-restore,b_line,False,105,20261107,b_line,-14.6,0,30,0,False
react-restore,b_line,False,106,20261108,b_line,-26.1,0,30,0,False
react-restore,b_line,False,107,20261109,b_line,-31.5,0,30,0,False
react-restore,b_line,False,108,20261110,b_line,-33.5,0,30,0,False
react-restore,b_line,False,109,20261111,b_line,-13.1,0,30,0,False
react-restore,b_line,False,110,20261112,b_line,-13.5,0,30,0,False
react-restore,b_line,False,111,20261113,b_line,-15.1,0,30,0,False
react-restore,b_line,False,112,20261114,b_line,-14.4,0,30,0,False
react-restore,b_line,False,113,20261115,b_line,-12.4,0,30,0,False
react-restore,b_line,False,114,20261116,b_line,-10.8,0,30,0,False
react-restore,b_line,False,115,20261117,b_line,-102.4,6,30,0.2,True
react-restore,b_line,False,116,20261118,b_line,-15,0,30,0,False
react-restore,b_line,False,117,20261119,b_line,-14.3,0,30,0,False
react-restore,b_line,False,118,20261120,b_line,-13.4,0,30,0,False
react-restore,b_line,False,119,20261121,b_line,-27,0,30,0,False
react-restore,b_line,False,120,20261122,b_line,-14.1,0,30,0,False
react-restore,b_line,False,121,20261123,b_line,-17.6,0,30,0,False
react-restore,b_line,False,122,20261124,b_line,-32.6,0,30,0,False
react-restore,b_line,False,123,20261125,b_line,-16.4,0,30,0,False
react-restore,b_line,False,124,20261126,b_line,-154.7,10,30,0.3333333333,True
react-restore,b_line,False,125,20261127,b_line,-11.8,0,30,0,False
react-restore,b_line,False,126,20261128,b_line,-36.7,0,30,0,False
react-restore,b_line,False,127,20261129,b_line,-37.8,0,30,0,False
react-restore,b_line,False,128,20261130,b_line,-13,0,30,0,False
react-restore,b_line,False,129,20261131,b_line,-14.1,0,30,0,False
react-restore,b_line,False,130,20261132,b_line,-14.3,0,30,0,False
react-restore,b_line,False,131,20261133,b_line,-19.3,0,30,0,False
react-restore,b_line,False,132,20261134,b_line,-15.4,0,30,0,False
react-restore,b_line,False,133,20261135,b_line,-27.6,0,30,0,False
react-restore,b_line,False,134,20261136,b_line,-14.9,0,30,0,False
react-restore,b_line,False,135,20261137,b_line,-14.3,0,30,0,False
react-restore,b_line,False,136,20261138,b_line,-15,0,30,0,False
react-restore,b_line,False,137,20261139,b_line,-14.2,0,30,0,False
react-restore,b_line,False,138,20261140,b_line,-15.2,0,30,0,False
react-restore,b_line,False,139,20261141,b_line,-15,0,30,0,False
react-restore,b_line,False,140,20261142,b_line,-31.6,0,30,0,False
react-restore,b_line,False,141,20261143,b_line,-14.9,0,30,0,False
react-restore,b_line,False,142,20261144,b_line,-20.8,0,30,0,False
react-restore,b_line,False,143,20261145,b_line,-16.7,0,30,0,False
react-restore,b_line,False,144,20261146,b_line,-14.3,0,30,0,False
react-restore,b_line,False,145,20261147,b_line,-103.4,6,30,0.2,True
react-restore,b_line,False,146,20261148,b_line,-65.4,3,30,0.1,True
react-restore,b_line,False,147,20261149,b_line,-14.2,0,30,0,False
react-restore,b_line,False,148,20261150,b_line,-25.2,0,30,0,False
react-restore,b_line,False,149,20261151,b_line,-36.7,0,30,0,False
react-restore,b_line,False,150,20261152,b_line,-25.2,0,30,0,False
react-restore,b_line,False,151,20261153,b_line,-106.7,6,30,0.2,True
react-restore,b_line,False,152,20261154,b_line,-15.1,0,30,0,False
react-restore,b_line,False,153,20261155,b_line,-12.9,0,30,0,False
react-restore,b_line,False,154,20261156,b_line,-27.4,0,30,0,False
react-restore,b_line,False,155,20261157,b_line,-14.2,0,30,0,False
react-restore,b_line,False,156,20261158,b_line,-15.5,0,30,0,False
react-restore,b_line,False,157,20261159,b_line,-14.6,0,30,0,False
react-restore,b_line,False,158,20261160,b_line,-14.2,0,30,0,False
react-restore,b_line,False,159,20261161,b_line,-15.4,0,30,0,False
react-restore,b_line,False,160,20261162,b_line,-125.4,8,30,0.2666666667,True
react-restore,b_line,False,161,20261163,b_line,-15,0,30,0,False
react-restore,b_line,False,162,20261164,b_line,-32.6,0,30,0,False
react-restore,b_line,False,163,20261165,b_line,-22.2,0,30,0,False
react-restore,b_line,False,164,20261166,b_line,-15.2,0,30,0,False
react-restore,b_line,False,165,20261167,b_line,-13.7,0,30,0,False
react-restore,b_line,False,166,20261168,b_line,-13.7,0,30,0,False
react-restore,b_line,False,167,20261169,b_line,-15,0,30,0,False
react-restore,b_line,False,168,20261170,b_line,-22.2,0,30,0,False
react-restore,b_line,False,169,20261171,b_line,-34.7,0,30,0,False
react-restore,b_line,False,170,20261172,b_line,-19.9,0,30,0,False
react-restore,b_line,False,171,20261173,b_line,-14.3,0,30,0,False
react-restore,b_line,False,172,20261174,b_line,-32.7,0,30,0,False
react-restore,b_line,False,173,20261175,b_line,-14.2,0,30,0,False
react-restore,b_line,False,174,20261176,b_line,-35.8,0,30,0,False
react-restore,b_line,False,175,20261177,b_line,-29.2,0,30,0,False
react-restore,b_line,False,176,20261178,b_line,-23.6,0,30,0,False
react-restore,b_line,False,177,20261179,b_line,-15.2,0,30,0,False
react-restore,b_line,False,178,20261180,b_line,-15.3,0,30,0,False
react-restore,b_line,False,179,20261181,b_line,-20,0,30,0,False
react-restore,b_line,False,180,20261182,b_line,-79.4,4,30,0.1333333333,True
react-restore,b_line,False,181,20261183,b_line,-15.3,0,30,0,False
react-restore,b_line,False,182,20261184,b_line,-15.2,0,30,0,False
react-restore,b_line,False,183,20261185,b_line,-15,0,30,0,False
react-restore,b_line,False,184,20261186,b_line,-15.5,0,30,0,False
react-restore,b_line,False,185,20261187,b_line,-15.4,0,30,0,False
react-restore,b_line,False,186,20261188,b_line,-13,0,30,0,False
react-restore,b_line,False,187,20261189,b_line,-12.3,0,30,0,False
react-restore,b_line,False,188,20261190,b_line,-14,0,30,0,False
react-restore,b_line,False,189,20261191,b_line,-15.2,0,30,0,False
react-restore,b_line,False,190,20261192,b_line,-14,0,30,0,False
react-restore,b_line,False,191,20261193,b_line,-14.2,0,30,0,False
react-restore,b_line,False,192,20261194,b_line,-14.4,0,30,0,False
react-restore,b_line,False,193,20261195,b_line,-29.3,0,30,0,False
react-restore,b_line,False,194,20261196,b_line,-20.7,0,30,0,False
react-restore,b_line,False,195,20261197,b_line,-15.1,0,30,0,False
react-restore,b_line,False,196,20261198,b_line,-13.8,0,30,0,False
react-restore,b_line,False,197,20261199,b_line,-15.1,0,30,0,False
react-restore,b_line,False,198,20261200,b_line,-34.5,0,30,0,False
react-restore,b_line,False,199,20261201,b_line,-22.6,0,30,0,False
react-restore,meander,False,0,20261002,meander,-10.4,0,30,0,False
react-restore,meander,False,1,20261003,meander,-11.9,0,30,0,False
react-restore,meander,False,2,20261004,meander,-10,0,30,0,False
react-restore,meander,False,3,20261005,meander,-11.8,0,30,0,False
react-restore,meander,False,4,20261006,meander,-12,0,30,0,False
react-restore,meander,False,5,20261007,meander,-10.5,0,30,0,False
react-restore,meander,False,6,20261008,meander,-11.8,0,30,0,False
react-restore,meander,False,7,20261009,meander,-11.2,0,30,0,False
react-restore,meander,False,8,20261010,meander,-10.5,0,30,0,False
react-restore,meander,False,9,20261011,meander,-9.9,0,30,0,False
react-restore,meander,False,10,20261012,meander,-25.6,0,30,0,False
react-restore,meander,False,11,20261013,meander,-10.1,0,30,0,False
react-restore,meander,False,12,20261014,meander,-10.1,0,30,0,False
react-restore,meander,False,13,20261015,meander,-10.3,0,30,0,False
react-restore,meander,False,14,20261016,meander,-11.9,0,30,0,False
react-restore,meander,False,15,20261017,meander,-11.5,0,30,0,False
react-restore,meander,False,16,20261018,meander,-19.3,0,30,0,False
react-restore,meander,False,17,20261019,meander,-20.3,0,30,0,False
react-restore,meander,False,18,20261020,meander,-14.7,0,30,0,False
react-restore,meander,False,19,20261021,meander,-10.2,0,30,0,False
react-restore,meander,False,20,20261022,meander,-9.9,0,30,0,False
react-restore,meander,False,21,20261023,meander,-12.8,0,30,0,False
react-restore,meander,False,22,20261024,meander,-20.5,0,30,0,False
react-restore,meander,False,23,20261025,meander,-12,0,30,0,False
react-restore,meander,False,24,20261026,meander,-20.3,0,30,0,False
react-restore,meander,False,25,20261027,meander,-10.9,0,30,0,False
react-restore,meander,False,26,20261028,meander,-11.3,0,30,0,False
react-restore,meander,False,27,20261029,meander,-11.9,0,30,0,False
react-restore,meander,False,28,20261030,meander,-11.9,0,30,0,False
react-restore,meander,False,29,20261031,meander,-10.3,0,30,0,False
react-restore,meander,False,30,20261032,meander,-22.7,0,30,0,False
react-restore,meander,False,31,20261033,meander,-10.2,0,30,0,False
react-restore,meander,False,32,20261034,meander,-11,0,30,0,False
react-restore,meander,False,33,20261035,meander,-10.2,0,30,0,False
react-restore,meander,False,34,20261036,meander,-17.6,0,30,0,False
react-restore,meander,False,35,20261037,meander,-11,0,30,0,False
react-restore,meander,False,36,20261038,meander,-11.1,0,30,0,False
react-restore,meander,False,37,20261039,meander,-10.5,0,30,0,False
react-restore,meander,False,38,20261040,meander,-10.1,0,30,0,False
react-restore,meander,False,39,20261041,meander,-10.8,0,30,0,False
react-restore,meander,False,40,20261042,meander,-10.9,0,30,0,False
react-restore,meander,False,41,20261043,meander,-18.3,0,30,0,False
react-restore,meander,False,42,20261044,meander,-14.4,0,30,0,False
react-restore,meander,False,43,20261045,meander,-12.5,0,30,0,False
react-restore,meander,False,44,20261046,meander,-11.1,0,30,0,False
react-restore,meander,False,45,20261047,meander,-11.9,0,30,0,False
react-restore,meander,False,46,20261048,meander,-22.6,0,30,0,False
react-restore,meander,False,47,20261049,meander,-11.9,0,30,0,False
react-restore,meander,False,48,20261050,meander,-22.3,0,30,0,False
react-restore,meander,False,49,20261051,meander,-23.5,0,30,0,False
react-restore,meander,False,50,20261052,meander,-12.1,0,30,0,False
react-restore,meander,False,51,20261053,meander,-14.1,0,30,0,False
react-restore,meander,False,52,20261054,meander,-13.8,0,30,0,False
react-restore,meander,False,53,20261055,meander,-10.7,0,30,0,False
react-restore,meander,False,54,20261056,meander,-10.9,0,30,0,False
react-restore,meander,False,55,20261057,meander,-23.2,0,30,0,False
react-restore,meander,False,56,20261058,meander,-14.3,0,30,0,False
react-restore,meander,False,57,20261059,meander,-16,0,30,0,False
react-restore,meander,False,58,20261060,meander,-10.2,0,30,0,False
react-restore,meander,False,59,20261061,meander,-12,0,30,0,False
react-restore,meander,False,60,20261062,meander,-10.7,0,30,0,False
react-restore,meander,False,61,20261063,meander,-11.8,0,30,0,False
react-restore,meander,False,62,20261064,meander,-11.9,0,30,0,False
react-restore,meander,False,63,20261065,meander,-23.2,0,30,0,False
react-restore,meander,False,64,20261066,meander,-11.8,0,30,0,False
react-restore,meander,False,65,20261067,meander,-11.7,0,30,0,False
react-restore,meander,False,66,20261068,meander,-25.4,0,30,0,False
react-restore,meander,False,67,20261069,meander,-18.3,0,30,0,False
react-restore,meander,False,68,20261070,meander,-12,0,30,0,False
react-restore,meander,False,69,20261071,meander,-11.7,0,30,0,False
react-restore,meander,False,70,20261072,meander,-11.5,0,30,0,False
react-restore,meander,False,71,20261073,meander,-16.4,0,30,0,False
react-restore,meander,False,72,20261074,meander,-10,0,30,0,False
react-restore,meander,False,73,20261075,meander,-12.7,0,30,0,False
react-restore,meander,False,74,20261076,meander,-10.1,0,30,0,False
react-restore,meander,False,75,20261077,meander,-16.8,0,30,0,False
react-restore,meander,False,76,20261078,meander,-10.9,0,30,0,False
react-restore,meander,False,77,20261079,meander,-15,0,30,0,False
react-restore,meander,False,78,20261080,meander,-11.4,0,30,0,False
react-restore,meander,False,79,20261081,meander,-10.8,0,30,0,False
react-restore,meander,False,80,20261082,meander,-11.1,0,30,0,False
react-restore,meander,False,81,20261083,meander,-10.1,0,30,0,False
react-restore,meander,False,82,20261084,meander,-11.1,0,30,0,False
react-restore,meander,False,83,20261085,meander,-12.1,0,30,0,False
react-restore,meander,False,84,20261086,meander,-11,0,30,0,False
react-restore,meander,False,85,20261087,meander,-11.4,0,30,0,False
react-restore,meander,False,86,20261088,meander,-10.9,0,30,0,False
react-restore,meander,False,87,20261089,meander,-10.8,0,30,0,False
react-restore,meander,False,88,20261090,meander,-11.8,0,30,0,False
react-restore,meander,False,89,20261091,meander,-10.2,0,30,0,False
react-restore,meander,False,90,20261092,meander,-10.7,0,30,0,False
react-restore,meander,False,91,20261093,meander,-10.8,0,30,0,False
react-restore,meander,False,92,20261094,meander,-10,0,30,0,False
react-restore,meander,False,93,20261095,meander,-11.8,0,30,0,False
react-restore,meander,False,94,20261096,meander,-17.4,0,30,0,False
react-restore,meander,False,95,20261097,meander,-11.3,0,30,0,False
react-restore,meander,False,96,20261098,meander,-9.3,0,30,0,False
react-restore,meander,False,97,20261099,meander,-12,0,30,0,False
react-restore,meander,False,98,20261100,meander,-38.5,0,30,0,False
react-restore,meander,False,99,20261101,meander,-11.9,0,30,0,False
react-restore,meander,False,100,20261102,meander,-10.5,0,30,0,False
react-restore,meander,False,101,20261103,meander,-13.3,0,30,0,False
react-restore,meander,False,102,20261104,meander,-10.1,0,30,0,False
react-restore,meander,False,103,20261105,meander,-20.8,0,30,0,False
react-restore,meander,False,104,20261106,meander,-12.2,0,30,0,False
react-restore,meander,False,105,20261107,meander,-17.9,0,30,0,False
react-restore,meander,False,106,20261108,meander,-12.5,0,30,0,False
react-restore,meander,False,107,20261109,meander,-10.2,0,30,0,False
react-restore,meander,False,108,20261110,meander,-11.1,0,30,0,False
react-restore,meander,False,109,20261111,meander,-11.9,0,30,0,False
react-restore,meander,False,110,20261112,meander,-23.4,0,30,0,False
react-restore,meander,False,111,20261113,meander,-11.4,0,30,0,False
react-restore,meander,False,112,20261114,meander,-11.5,0,30,0,False
react-restore,meander,False,113,20261115,meander,-10.9,0,30,0,False
react-restore,meander,False,114,20261116,meander,-11.5,0,30,0,False
react-restore,meander,False,115,20261117,meander,-11.9,0,30,0,False
react-restore,meander,False,116,20261118,meander,-10.7,0,30,0,False
react-restore,meander,False,117,20261119,meander,-10.6,0,30,0,False
react-restore,meander,False,118,20261120,meander,-11.6,0,30,0,False
react-restore,meander,False,119,20261121,meander,-16.9,0,30,0,False
react-restore,meander,False,120,20261122,meander,-19.5,0,30,0,False
react-restore,meander,False,121,20261123,meander,-21.2,0,30,0,False
react-restore,meander,False,122,20261124,meander,-11.7,0,30,0,False
react-restore,meander,False,123,20261125,meander,-9.7,0,30,0,False
react-restore,meander,False,124,20261126,meander,-22.9,0,30,0,False
react-restore,meander,False,125,20261127,meander,-10.1,0,30,0,False
react-restore,meander,False,126,20261128,meander,-11.7,0,30,0,False
react-restore,meander,False,127,20261129,meander,-11.5,0,30,0,False
react-restore,meander,False,128,20261130,meander,-10.1,0,30,0,False
react-restore,meander,False,129,20261131,meander,-10.8,0,30,0,False
react-restore,meander,False,130,20261132,meander,-14.7,0,30,0,False
react-restore,meander,False,131,20261133,meander,-10.3,0,30,0,False
react-restore,meander,False,132,20261134,meander,-14.4,0,30,0,False
react-restore,meander,False,133,20261135,meander,-15.2,0,30,0,False
react-restore,meander,False,134,20261136,meander,-10.8,0,30,0,False
react-restore,meander,False,135,20261137,meander,-11.1,0,30,0,False
react-restore,meander,False,136,20261138,meander,-26.2,0,30,0,False
react-restore,meander,False,137,20261139,meander,-10.9,0,30,0,False
react-restore,meander,False,138,20261140,meander,-11.2,0,30,0,False
react-restore,meander,False,139,20261141,meander,-11.4,0,30,0,False
react-restore,meander,False,140,20261142,meander,-11,0,30,0,False
react-restore,meander,False,141,20261143,meander,-25.7,0,30,0,False
react-restore,meander,False,142,20261144,meander,-11,0,30,0,False
react-restore,meander,False,143,20261145,meander,-11.4,0,30,0,False
react-restore,meander,False,144,20261146,meander,-12.1,0,30,0,False
react-restore,meander,False,145,20261147,meander,-21.9,0,30,0,False
react-restore,meander,False,146,20261148,meander,-12.1,0,30,0,False
react-restore,meander,False,147,20261149,meander,-11.8,0,30,0,False
react-restore,meander,False,148,20261150,meander,-11.9,0,30,0,False
react-restore,meander,False,149,20261151,meander,-15.6,0,30,0,False
react-restore,meander,False,150,20261152,meander,-11.4,0,30,0,False
react-restore,meander,False,151,20261153,meander,-11.3,0,30,0,False
react-restore,meander,False,152,20261154,meander,-10.9,0,30,0,False
react-restore,meander,False,153,20261155,meander,-12.2,0,30,0,False
react-restore,meander,False,154,20261156,meander,-10.8,0,30,0,False
react-restore,meander,False,155,20261157,meander,-11.3,0,30,0,False
react-restore,meander,False,156,20261158,meander,-12.4,0,30,0,False
react-restore,meander,False,157,20261159,meander,-12,0,30,0,False
react-restore,meander,False,158,20261160,meander,-10.1,0,30,0,False
react-restore,meander,False,159,20261161,meander,-19,0,30,0,False
react-restore,meander,False,160,20261162,meander,-11.8,0,30,0,False
react-restore,meander,False,161,20261163,meander,-11.3,0,30,0,False
react-restore,meander,False,162,20261164,meander,-21.1,0,30,0,False
react-restore,meander,False,163,20261165,meander,-10.2,0,30,0,False
react-restore,meander,False,164,20261166,meander,-10.3,0,30,0,False
react-restore,meander,False,165,20261167,meander,-11.2,0,30,0,False
react-restore,meander,False,166,20261168,meander,-11.3,0,30,0,False
react-restore,meander,False,167,20261169,meander,-18.5,0,30,0,False
react-restore,meander,False,168,20261170,meander,-10.9,0,30,0,False
react-restore,meander,False,169,20261171,meander,-11,0,30,0,False
react-restore,meander,False,170,20261172,meander,-11.4,0,30,0,False
react-restore,meander,False,171,20261173,meander,-11.8,0,30,0,False
react-restore,meander,False,172,20261174,meander,-10.7,0,30,0,False
react-restore,meander,False,173,20261175,meander,-12,0,30,0,False
react-restore,meander,False,174,20261176,meander,-12,0,30,0,False
react-restore,meander,False,175,20261177,meander,-11.2,0,30,0,False
react-restore,meander,False,176,20261178,meander,-11.2,0,30,0,False
react-restore,meander,False,177,20261179,meander,-11,0,30,0,False
react-restore,meander,False,178,20261180,meander,-12.2,0,30,0,False
react-restore,meander,False,179,20261181,meander,-10.1,0,30,0,False
react-restore,meander,False,180,20261182,meander,-10.5,0,30,0,False
react-restore,meander,False,181,20261183,meander,-13,0,30,0,False
react-restore,meander,False,182,20261184,meander,-9.4,0,30,0,False
react-restore,meander,False,183,20261185,meander,-23.5,0,30,0,False
react-restore,meander,False,184,20261186,meander,-10.2,0,30,0,False
react-restore,meander,False,185,20261187,meander,-11.2,0,30,0,False
react-restore,meander,False,186,20261188,meander,-12.1,0,30,0,False
react-restore,meander,False,187,20261189,meander,-12,0,30,0,False
react-restore,meander,False,188,20261190,meander,-11.2,0,30,0,False
react-restore,meander,False,189,20261191,meander,-11.3,0,30,0,False
react-restore,meander,False,190,20261192,meander,-11.6,0,30,0,False
react-restore,meander,False,191,20261193,meander,-10.9,0,30,0,False
react-restore,meander,False,192,20261194,meander,-10.9,0,30,0,False
react-restore,meander,False,193,20261195,meander,-12.1,0,30,0,False
react-restore,meander,False,194,20261196,meander,-11.9,0,30,0,False
react-restore,meander,False,195,20261197,meander,-10.7,0,30,0,False
react-restore,meander,False,196,20261198,meander,-18.5,0,30,0,False
react-restore,meander,False,197,20261199,meander,-11.3,0,30,0,False
react-restore,meander,False,198,20261200,meander,-11.5,0,30,0,False
react-restore,meander,False,199,20261201,meander,-12,0,30,0,False
react-restore,delayed_b_line,False,0,20261002,delayed_b_line,-13.3,0,30,0,False
react-restore,delayed_b_line,False,1,20261003,delayed_b_line,-13.5,0,30,0,False
react-restore,delayed_b_line,False,2,20261004,delayed_b_line,-17.6,0,30,0,False
react-restore,delayed_b_line,False,3,20261005,delayed_b_line,-13,0,30,0,False
react-restore,delayed_b_line,False,4,20261006,delayed_b_line,-16.6,0,30,0,False
react-restore,delayed_b_line,False,5,20261007,delayed_b_line,-11.6,0,30,0,False
react-restore,delayed_b_line,False,6,20261008,delayed_b_line,-25.2,0,30,0,False
react-restore,delayed_b_line,False,7,20261009,delayed_b_line,-28.4,0,30,0,False
react-restore,delayed_b_line,False,8,20261010,delayed_b_line,-13.1,0,30,0,False
react-restore,delayed_b_line,False,9,20261011,delayed_b_line,-29.2,0,30,0,False
react-restore,delayed_b_line,False,10,20261012,delayed_b_line,-14,0,30,0,False
react-restore,delayed_b_line,False,11,20261013,delayed_b_line,-14.2,0,30,0,False
react-restore,delayed_b_line,False,12,20261014,delayed_b_line,-14.1,0,30,0,False
react-restore,delayed_b_line,False,13,20261015,delayed_b_line,-17.4,0,30,0,False
react-restore,delayed_b_line,False,14,20261016,delayed_b_line,-10.1,0,30,0,False
react-restore,delayed_b_line,False,15,20261017,delayed_b_line,-11.7,0,30,0,False
react-restore,delayed_b_line,False,16,20261018,delayed_b_line,-12.3,0,30,0,False
react-restore,delayed_b_line,False,17,20261019,delayed_b_line,-70.6,3,30,0.1,True
react-restore,delayed_b_line,False,18,20261020,delayed_b_line,-14,0,30,0,False
react-restore,delayed_b_line,False,19,20261021,delayed_b_line,-12.6,0,30,0,False
react-restore,delayed_b_line,False,20,20261022,delayed_b_line,-29.6,0,30,0,False
react-restore,delayed_b_line,False,21,20261023,delayed_b_line,-56.4,2,30,0.06666666667,True
react-restore,delayed_b_line,False,22,20261024,delayed_b_line,-13.5,0,30,0,False
react-restore,delayed_b_line,False,23,20261025,delayed_b_line,-13.2,0,30,0,False
react-restore,delayed_b_line,False,24,20261026,delayed_b_line,-86.1,5,30,0.1666666667,True
react-restore,delayed_b_line,False,25,20261027,delayed_b_line,-23,0,30,0,False
react-restore,delayed_b_line,False,26,20261028,delayed_b_line,-17,0,30,0,False
react-restore,delayed_b_line,False,27,20261029,delayed_b_line,-13.4,0,30,0,False
react-restore,delayed_b_line,False,28,20261030,delayed_b_line,-15,0,30,0,False
react-restore,delayed_b_line,False,29,20261031,delayed_b_line,-15.5,0,30,0,False
react-restore,delayed_b_line,False,30,20261032,delayed_b_line,-32.3,0,30,0,False
react-restore,delayed_b_line,False,31,20261033,delayed_b_line,-80.5,4,30,0.1333333333,True
react-restore,delayed_b_line,False,32,20261034,delayed_b_line,-14,0,30,0,False
react-restore,delayed_b_line,False,33,20261035,delayed_b_line,-16.4,0,30,0,False
react-restore,delayed_b_line,False,34,20261036,delayed_b_line,-13.3,0,30,0,False
react-restore,delayed_b_line,False,35,20261037,delayed_b_line,-12.3,0,30,0,False
react-restore,delayed_b_line,False,36,20261038,delayed_b_line,-27.4,0,30,0,False
react-restore,delayed_b_line,False,37,20261039,delayed_b_line,-11.9,0,30,0,False
react-restore,delayed_b_line,False,38,20261040,delayed_b_line,-14.4,0,30,0,False
react-restore,delayed_b_line,False,39,20261041,delayed_b_line,-22.1,0,30,0,False
react-restore,delayed_b_line,False,40,20261042,delayed_b_line,-14.1,0,30,0,False
react-restore,delayed_b_line,False,41,20261043,delayed_b_line,-12.1,0,30,0,False
react-restore,delayed_b_line,False,42,20261044,delayed_b_line,-37,1,30,0.03333333333,True
react-restore,delayed_b_line,False,43,20261045,delayed_b_line,-17,0,30,0,False
react-restore,delayed_b_line,False,44,20261046,delayed_b_line,-10.8,0,30,0,False
react-restore,delayed_b_line,False,45,20261047,delayed_b_line,-19.7,0,30,0,False
react-restore,delayed_b_line,False,46,20261048,delayed_b_line,-15.1,0,30,0,False
react-restore,delayed_b_line,False,47,20261049,delayed_b_line,-13,0,30,0,False
react-restore,delayed_b_line,False,48,20261050,delayed_b_line,-12.9,0,30,0,False
react-restore,delayed_b_line,False,49,20261051,delayed_b_line,-14.5,0,30,0,False
react-restore,delayed_b_line,False,50,20261052,delayed_b_line,-12.9,0,30,0,False
react-restore,delayed_b_line,False,51,20261053,delayed_b_line,-13.2,0,30,0,False
react-restore,delayed_b_line,False,52,20261054,delayed_b_line,-21.9,0,30,0,False
react-restore,delayed_b_line,False,53,20261055,delayed_b_line,-12.8,0,30,0,False
react-restore,delayed_b_line,False,54,20261056,delayed_b_line,-14.2,0,30,0,False
react-restore,delayed_b_line,False,55,20261057,delayed_b_line,-22.2,0,30,0,False
react-restore,delayed_b_line,False,56,20261058,delayed_b_line,-13.2,0,30,0,False
react-restore,delayed_b_line,False,57,20261059,delayed_b_line,-13.3,0,30,0,False
react-restore,delayed_b_line,False,58,20261060,delayed_b_line,-19.7,0,30,0,False
react-restore,delayed_b_line,False,59,20261061,delayed_b_line,-24.2,0,30,0,False
react-restore,delayed_b_line,False,60,20261062,delayed_b_line,-12.2,0,30,0,False
react-restore,delayed_b_line,False,61,20261063,delayed_b_line,-11.1,0,30,0,False
react-restore,delayed_b_line,False,62,20261064,delayed_b_line,-13.9,0,30,0,False
react-restore,delayed_b_line,False,63,20261065,delayed_b_line,-14.2,0,30,0,False
react-restore,delayed_b_line,False,64,20261066,delayed_b_line,-12,0,30,0,False
react-restore,delayed_b_line,False,65,20261067,delayed_b_line,-13.8,0,30,0,False
react-restore,delayed_b_line,False,66,20261068,delayed_b_line,-12.8,0,30,0,False
react-restore,delayed_b_line,False,67,20261069,delayed_b_line,-11.8,0,30,0,False
react-restore,delayed_b_line,False,68,20261070,delayed_b_line,-11,0,30,0,False
react-restore,delayed_b_line,False,69,20261071,delayed_b_line,-71.9,4,30,0.1333333333,True
react-restore,delayed_b_line,False,70,20261072,delayed_b_line,-25.1,0,30,0,False
react-restore,delayed_b_line,False,71,20261073,delayed_b_line,-14.2,0,30,0,False
react-restore,delayed_b_line,False,72,20261074,delayed_b_line,-14.1,0,30,0,False
react-restore,delayed_b_line,False,73,20261075,delayed_b_line,-11.8,0,30,0,False
react-restore,delayed_b_line,False,74,20261076,delayed_b_line,-11.9,0,30,0,False
react-restore,delayed_b_line,False,75,20261077,delayed_b_line,-12.3,0,30,0,False
react-restore,delayed_b_line,False,76,20261078,delayed_b_line,-13.8,0,30,0,False
react-restore,delayed_b_line,False,77,20261079,delayed_b_line,-11.9,0,30,0,False
react-restore,delayed_b_line,False,78,20261080,delayed_b_line,-19.5,0,30,0,False
react-restore,delayed_b_line,False,79,20261081,delayed_b_line,-12.9,0,30,0,False
react-restore,delayed_b_line,False,80,20261082,delayed_b_line,-13,0,30,0,False
react-restore,delayed_b_line,False,81,20261083,delayed_b_line,-65.6,3,30,0.1,True
react-restore,delayed_b_line,False,82,20261084,delayed_b_line,-13,0,30,0,False
react-restore,delayed_b_line,False,83,20261085,delayed_b_line,-26.5,0,30,0,False
react-restore,delayed_b_line,False,84,20261086,delayed_b_line,-15.4,0,30,0,False
react-restore,delayed_b_line,False,85,20261087,delayed_b_line,-11.9,0,30,0,False
react-restore,delayed_b_line,False,86,20261088,delayed_b_line,-12.9,0,30,0,False
react-restore,delayed_b_line,False,87,20261089,delayed_b_line,-13,0,30,0,False
react-restore,delayed_b_line,False,88,20261090,delayed_b_line,-11.3,0,30,0,False
react-restore,delayed_b_line,False,89,20261091,delayed_b_line,-13.4,0,30,0,False
react-restore,delayed_b_line,False,90,20261092,delayed_b_line,-13.6,0,30,0,False
react-restore,delayed_b_line,False,91,20261093,delayed_b_line,-12.1,0,30,0,False
react-restore,delayed_b_line,False,92,20261094,delayed_b_line,-160.6,11,30,0.3666666667,True
react-restore,delayed_b_line,False,93,20261095,delayed_b_line,-187.7,13,30,0.4333333333,True
react-restore,delayed_b_line,False,94,20261096,delayed_b_line,-13.9,0,30,0,False
react-restore,delayed_b_line,False,95,20261097,delayed_b_line,-29.4,0,30,0,False
react-restore,delayed_b_line,False,96,20261098,delayed_b_line,-79.4,4,30,0.1333333333,True
react-restore,delayed_b_line,False,97,20261099,delayed_b_line,-65.1,3,30,0.1,True
react-restore,delayed_b_line,False,98,20261100,delayed_b_line,-13,0,30,0,False
react-restore,delayed_b_line,False,99,20261101,delayed_b_line,-32.3,0,30,0,False
react-restore,delayed_b_line,False,100,20261102,delayed_b_line,-30.2,0,30,0,False
react-restore,delayed_b_line,False,101,20261103,delayed_b_line,-15,0,30,0,False
react-restore,delayed_b_line,False,102,20261104,delayed_b_line,-30.6,0,30,0,False
react-restore,delayed_b_line,False,103,20261105,delayed_b_line,-31.6,0,30,0,False
react-restore,delayed_b_line,False,104,20261106,delayed_b_line,-13.4,0,30,0,False
react-restore,delayed_b_line,False,105,20261107,delayed_b_line,-12.1,0,30,0,False
react-restore,delayed_b_line,False,106,20261108,delayed_b_line,-12.1,0,30,0,False
react-restore,delayed_b_line,False,107,20261109,delayed_b_line,-23,0,30,0,False
react-restore,delayed_b_line,False,108,20261110,delayed_b_line,-14.1,0,30,0,False
react-restore,delayed_b_line,False,109,20261111,delayed_b_line,-12.1,0,30,0,False
react-restore,delayed_b_line,False,110,20261112,delayed_b_line,-13.6,0,30,0,False
react-restore,delayed_b_line,False,111,20261113,delayed_b_line,-11.9,0,30,0,False
react-restore,delayed_b_line,False,112,20261114,delayed_b_line,-13.4,0,30,0,False
react-restore,delayed_b_line,False,113,20261115,delayed_b_line,-10.9,0,30,0,False
react-restore,delayed_b_line,False,114,20261116,delayed_b_line,-10.3,0,30,0,False
react-restore,delayed_b_line,False,115,20261117,delayed_b_line,-12.9,0,30,0,False
react-restore,delayed_b_line,False,116,20261118,delayed_b_line,-12.8,0,30,0,False
react-restore,delayed_b_line,False,117,20261119,delayed_b_line,-13.3,0,30,0,False
react-restore,delayed_b_line,False,118,20261120,delayed_b_line,-10.9,0,30,0,False
react-restore,delayed_b_line,False,119,20261121,delayed_b_line,-16.5,0,30,0,False
react-restore,delayed_b_line,False,120,20261122,delayed_b_line,-19.4,0,30,0,False
react-restore,delayed_b_line,False,121,20261123,delayed_b_line,-14.4,0,30,0,False
react-restore,delayed_b_line,False,122,20261124,delayed_b_line,-26.2,0,30,0,False
react-restore,delayed_b_line,False,123,20261125,delayed_b_line,-16.3,0,30,0,False
react-restore,delayed_b_line,False,124,20261126,delayed_b_line,-102.3,6,30,0.2,True
react-restore,delayed_b_line,False,125,20261127,delayed_b_line,-10.3,0,30,0,False
react-restore,delayed_b_line,False,126,20261128,delayed_b_line,-13.5,0,30,0,False
react-restore,delayed_b_line,False,127,20261129,delayed_b_line,-30.4,0,30,0,False
react-restore,delayed_b_line,False,128,20261130,delayed_b_line,-31.2,0,30,0,False
react-restore,delayed_b_line,False,129,20261131,delayed_b_line,-87.2,5,30,0.1666666667,True
react-restore,delayed_b_line,False,130,20261132,delayed_b_line,-13.1,0,30,0,False
react-restore,delayed_b_line,False,131,20261133,delayed_b_line,-21.9,0,30,0,False
react-restore,delayed_b_line,False,132,20261134,delayed_b_line,-36.6,0,30,0,False
react-restore,delayed_b_line,False,133,20261135,delayed_b_line,-28.2,0,30,0,False
react-restore,delayed_b_line,False,134,20261136,delayed_b_line,-12.9,0,30,0,False
react-restore,delayed_b_line,False,135,20261137,delayed_b_line,-116.5,7,30,0.2333333333,True
react-restore,delayed_b_line,False,136,20261138,delayed_b_line,-13,0,30,0,False
react-restore,delayed_b_line,False,137,20261139,delayed_b_line,-11.9,0,30,0,False
react-restore,delayed_b_line,False,138,20261140,delayed_b_line,-27.3,0,30,0,False
react-restore,delayed_b_line,False,139,20261141,delayed_b_line,-11.9,0,30,0,False
react-restore,delayed_b_line,False,140,20261142,delayed_b_line,-27.3,0,30,0,False
react-restore,delayed_b_line,False,141,20261143,delayed_b_line,-14.1,0,30,0,False
react-restore,delayed_b_line,False,142,20261144,delayed_b_line,-13.9,0,30,0,False
react-restore,delayed_b_line,False,143,20261145,delayed_b_line,-13.5,0,30,0,False
react-restore,delayed_b_line,False,144,20261146,delayed_b_line,-13.3,0,30,0,False
react-restore,delayed_b_line,False,145,20261147,delayed_b_line,-12.3,0,30,0,False
react-restore,delayed_b_line,False,146,20261148,delayed_b_line,-11.1,0,30,0,False
react-restore,delayed_b_line,False,147,20261149,delayed_b_line,-13,0,30,0,False
react-restore,delayed_b_line,False,148,20261150,delayed_b_line,-25.6,0,30,0,False
react-restore,delayed_b_line,False,149,20261151,delayed_b_line,-28.2,0,30,0,False
react-restore,delayed_b_line,False,150,20261152,delayed_b_line,-17.7,0,30,0,False
react-restore,delayed_b_line,False,151,20261153,delayed_b_line,-91.4,5,30,0.1666666667,True
react-restore,delayed_b_line,False,152,20261154,delayed_b_line,-12.9,0,30,0,False
react-restore,delayed_b_line,False,153,20261155,delayed_b_line,-60,3,30,0.1,True
react-restore,delayed_b_line,False,154,20261156,delayed_b_line,-23,0,30,0,False
react-restore,delayed_b_line,False,155,20261157,delayed_b_line,-14.5,0,30,0,False
react-restore,delayed_b_line,False,156,20261158,delayed_b_line,-11,0,30,0,False
react-restore,delayed_b_line,False,157,20261159,delayed_b_line,-21.9,0,30,0,False
react-restore,delayed_b_line,False,158,20261160,delayed_b_line,-11.1,0,30,0,False
react-restore,delayed_b_line,False,159,20261161,delayed_b_line,-25.2,0,30,0,False
react-restore,delayed_b_line,False,160,20261162,delayed_b_line,-26.1,0,30,0,False
react-restore,delayed_b_line,False,161,20261163,delayed_b_line,-14,0,30,0,False
react-restore,delayed_b_line,False,162,20261164,delayed_b_line,-11.9,0,30,0,False
react-restore,delayed_b_line,False,163,20261165,delayed_b_line,-112.5,7,30,0.2333333333,True
react-restore,delayed_b_line,False,164,20261166,delayed_b_line,-18.8,0,30,0,False
react-restore,delayed_b_line,False,165,20261167,delayed_b_line,-11.1,0,30,0,False
react-restore,delayed_b_line,False,166,20261168,delayed_b_line,-12.2,0,30,0,False
react-restore,delayed_b_line,False,167,20261169,delayed_b_line,-13,0,30,0,False
react-restore,delayed_b_line,False,168,20261170,delayed_b_line,-18.9,0,30,0,False
react-restore,delayed_b_line,False,169,20261171,delayed_b_line,-11.5,0,30,0,False
react-restore,delayed_b_line,False,170,20261172,delayed_b_line,-12.4,0,30,0,False
react-restore,delayed_b_line,False,171,20261173,delayed_b_line,-19.9,0,30,0,False
react-restore,delayed_b_line,False,172,20261174,delayed_b_line,-25.2,0,30,0,False
react-restore,delayed_b_line,False,173,20261175,delayed_b_line,-22.2,0,30,0,False
react-restore,delayed_b_line,False,174,20261176,delayed_b_line,-28.3,0,30,0,False
react-restore,delayed_b_line,False,175,20261177,delayed_b_line,-13.9,0,30,0,False
react-restore,delayed_b_line,False,176,20261178,delayed_b_line,-16.1,0,30,0,False
react-restore,delayed_b_line,False,177,20261179,delayed_b_line,-14.1,0,30,0,False
react-restore,delayed_b_line,False,178,20261180,delayed_b_line,-12.8,0,30,0,False
react-restore,delayed_b_line,False,179,20261181,delayed_b_line,-13.5,0,30,0,False
react-restore,delayed_b_line,False,180,20261182,delayed_b_line,-31.5,0,30,0,False
react-restore,delayed_b_line,False,181,20261183,delayed_b_line,-11.3,0,30,0,False
react-restore,delayed_b_line,False,182,20261184,delayed_b_line,-13.2,0,30,0,False
react-restore,delayed_b_line,False,183,20261185,delayed_b_line,-184.5,13,30,0.4333333333,True
react-restore,delayed_b_line,False,184,20261186,delayed_b_line,-11,0,30,0,False
react-restore,delayed_b_line,False,185,20261187,delayed_b_line,-14.5,0,30,0,False
react-restore,delayed_b_line,False,186,20261188,delayed_b_line,-12,0,30,0,False
react-restore,delayed_b_line,False,187,20261189,delayed_b_line,-12,0,30,0,False
react-restore,delayed_b_line,False,188,20261190,delayed_b_line,-10.5,0,30,0,False
react-restore,delayed_b_line,False,189,20261191,delayed_b_line,-13,0,30,0,False
react-restore,delayed_b_line,False,190,20261192,delayed_b_line,-161.5,11,30,0.3666666667,True
react-restore,delayed_b_line,False,191,20261193,delayed_b_line,-13,0,30,0,False
react-restore,delayed_b_line,False,192,20261194,delayed_b_line,-14.1,0,30,0,False
react-restore,delayed_b_line,False,193,20261195,delayed_b_line,-26.2,0,30,0,False
react-restore,delayed_b_line,False,194,20261196,delayed_b_line,-24.1,0,30,0,False
react-restore,delayed_b_line,False,195,20261197,delayed_b_line,-51.5,2,30,0.06666666667,True
react-restore,delayed_b_line,False,196,20261198,delayed_b_line,-16.7,0,30,0,False
react-restore,delayed_b_line,False,197,20261199,delayed_b_line,-13.1,0,30,0,False
react-restore,delayed_b_line,False,198,20261200,delayed_b_line,-30.1,0,30,0,False
react-restore,delayed_b_line,False,199,20261201,delayed_b_line,-33.6,0,30,0,False
react-restore,meander_then_b_line,False,0,20261002,meander_then_b_line,-12.2,0,30,0,False
react-restore,meander_then_b_line,False,1,20261003,meander_then_b_line,-11.4,0,30,0,False
react-restore,meander_then_b_line,False,2,20261004,meander_then_b_line,-11.7,0,30,0,False
react-restore,meander_then_b_line,False,3,20261005,meander_then_b_line,-12.7,0,30,0,False
react-restore,meander_then_b_line,False,4,20261006,meander_then_b_line,-11.3,0,30,0,False
react-restore,meander_then_b_line,False,5,20261007,meander_then_b_line,-12,0,30,0,False
react-restore,meander_then_b_line,False,6,20261008,meander_then_b_line,-13,0,30,0,False
react-restore,meander_then_b_line,False,7,20261009,meander_then_b_line,-17.6,0,30,0,False
react-restore,meander_then_b_line,False,8,20261010,meander_then_b_line,-19.8,0,30,0,False
react-restore,meander_then_b_line,False,9,20261011,meander_then_b_line,-10.3,0,30,0,False
react-restore,meander_then_b_line,False,10,20261012,meander_then_b_line,-13.1,0,30,0,False
react-restore,meander_then_b_line,False,11,20261013,meander_then_b_line,-19.7,0,30,0,False
react-restore,meander_then_b_line,False,12,20261014,meander_then_b_line,-13.1,0,30,0,False
react-restore,meander_then_b_line,False,13,20261015,meander_then_b_line,-12.9,0,30,0,False
react-restore,meander_then_b_line,False,14,20261016,meander_then_b_line,-12.3,0,30,0,False
react-restore,meander_then_b_line,False,15,20261017,meander_then_b_line,-11.4,0,30,0,False
react-restore,meander_then_b_line,False,16,20261018,meander_then_b_line,-10.2,0,30,0,False
react-restore,meander_then_b_line,False,17,20261019,meander_then_b_line,-21.8,0,30,0,False
react-restore,meander_then_b_line,False,18,20261020,meander_then_b_line,-12.1,0,30,0,False
react-restore,meander_then_b_line,False,19,20261021,meander_then_b_line,-9.7,0,30,0,False
react-restore,meander_then_b_line,False,20,20261022,meander_then_b_line,-12,0,30,0,False
react-restore,meander_then_b_line,False,21,20261023,meander_then_b_line,-17.6,0,30,0,False
react-restore,meander_then_b_line,False,22,20261024,meander_then_b_line,-9.7,0,30,0,False
react-restore,meander_then_b_line,False,23,20261025,meander_then_b_line,-12,0,30,0,False
react-restore,meander_then_b_line,False,24,20261026,meander_then_b_line,-10.7,0,30,0,False
react-restore,meander_then_b_line,False,25,20261027,meander_then_b_line,-13,0,30,0,False
react-restore,meander_then_b_line,False,26,20261028,meander_then_b_line,-28.3,0,30,0,False
react-restore,meander_then_b_line,False,27,20261029,meander_then_b_line,-11.6,0,30,0,False
react-restore,meander_then_b_line,False,28,20261030,meander_then_b_line,-13,0,30,0,False
react-restore,meander_then_b_line,False,29,20261031,meander_then_b_line,-98.2,6,30,0.2,True
react-restore,meander_then_b_line,False,30,20261032,meander_then_b_line,-11.4,0,30,0,False
react-restore,meander_then_b_line,False,31,20261033,meander_then_b_line,-12.3,0,30,0,False
react-restore,meander_then_b_line,False,32,20261034,meander_then_b_line,-12,0,30,0,False
react-restore,meander_then_b_line,False,33,20261035,meander_then_b_line,-23,0,30,0,False
react-restore,meander_then_b_line,False,34,20261036,meander_then_b_line,-12,0,30,0,False
react-restore,meander_then_b_line,False,35,20261037,meander_then_b_line,-13,0,30,0,False
react-restore,meander_then_b_line,False,36,20261038,meander_then_b_line,-12.9,0,30,0,False
react-restore,meander_then_b_line,False,37,20261039,meander_then_b_line,-12.2,0,30,0,False
react-restore,meander_then_b_line,False,38,20261040,meander_then_b_line,-12.6,0,30,0,False
react-restore,meander_then_b_line,False,39,20261041,meander_then_b_line,-12.1,0,30,0,False
react-restore,meander_then_b_line,False,40,20261042,meander_then_b_line,-13,0,30,0,False
react-restore,meander_then_b_line,False,41,20261043,meander_then_b_line,-12.7,0,30,0,False
react-restore,meander_then_b_line,False,42,20261044,meander_then_b_line,-12.3,0,30,0,False
react-restore,meander_then_b_line,False,43,20261045,meander_then_b_line,-121.1,8,30,0.2666666667,True
react-restore,meander_then_b_line,False,44,20261046,meander_then_b_line,-11.8,0,30,0,False
react-restore,meander_then_b_line,False,45,20261047,meander_then_b_line,-11.3,0,30,0,False
react-restore,meander_then_b_line,False,46,20261048,meander_then_b_line,-10.7,0,30,0,False
react-restore,meander_then_b_line,False,47,20261049,meander_then_b_line,-73.4,4,30,0.1333333333,True
react-restore,meander_then_b_line,False,48,20261050,meander_then_b_line,-12.1,0,30,0,False
react-restore,meander_then_b_line,False,49,20261051,meander_then_b_line,-20.8,0,30,0,False
react-restore,meander_then_b_line,False,50,20261052,meander_then_b_line,-13,0,30,0,False
react-restore,meander_then_b_line,False,51,20261053,meander_then_b_line,-13,0,30,0,False
react-restore,meander_then_b_line,False,52,20261054,meander_then_b_line,-12.1,0,30,0,False
react-restore,meander_then_b_line,False,53,20261055,meander_then_b_line,-12.8,0,30,0,False
react-restore,meander_then_b_line,False,54,20261056,meander_then_b_line,-13,0,30,0,False
react-restore,meander_then_b_line,False,55,20261057,meander_then_b_line,-12.9,0,30,0,False
react-restore,meander_then_b_line,False,56,20261058,meander_then_b_line,-11.8,0,30,0,False
react-restore,meander_then_b_line,False,57,20261059,meander_then_b_line,-17.6,0,30,0,False
react-restore,meander_then_b_line,False,58,20261060,meander_then_b_line,-12,0,30,0,False
react-restore,meander_then_b_line,False,59,20261061,meander_then_b_line,-12,0,30,0,False
react-restore,meander_then_b_line,False,60,20261062,meander_then_b_line,-63,3,30,0.1,True
react-restore,meander_then_b_line,False,61,20261063,meander_then_b_line,-25.2,0,30,0,False
react-restore,meander_then_b_line,False,62,20261064,meander_then_b_line,-13.4,0,30,0,False
react-restore,meander_then_b_line,False,63,20261065,meander_then_b_line,-12.9,0,30,0,False
react-restore,meander_then_b_line,False,64,20261066,meander_then_b_line,-121.2,8,30,0.2666666667,True
react-restore,meander_then_b_line,False,65,20261067,meander_then_b_line,-11.6,0,30,0,False
react-restore,meander_then_b_line,False,66,20261068,meander_then_b_line,-75.1,4,30,0.1333333333,True
react-restore,meander_then_b_line,False,67,20261069,meander_then_b_line,-28,0,30,0,False
react-restore,meander_then_b_line,False,68,20261070,meander_then_b_line,-14.4,0,30,0,False
react-restore,meander_then_b_line,False,69,20261071,meander_then_b_line,-55.2,2,30,0.06666666667,True
react-restore,meander_then_b_line,False,70,20261072,meander_then_b_line,-28.3,0,30,0,False
react-restore,meander_then_b_line,False,71,20261073,meander_then_b_line,-13.5,0,30,0,False
react-restore,meander_then_b_line,False,72,20261074,meander_then_b_line,-13.1,0,30,0,False
react-restore,meander_then_b_line,False,73,20261075,meander_then_b_line,-12.9,0,30,0,False
react-restore,meander_then_b_line,False,74,20261076,meander_then_b_line,-17.6,0,30,0,False
react-restore,meander_then_b_line,False,75,20261077,meander_then_b_line,-11.8,0,30,0,False
react-restore,meander_then_b_line,False,76,20261078,meander_then_b_line,-11,0,30,0,False
react-restore,meander_then_b_line,False,77,20261079,meander_then_b_line,-13.2,0,30,0,False
react-restore,meander_then_b_line,False,78,20261080,meander_then_b_line,-8,0,30,0,False
react-restore,meander_then_b_line,False,79,20261081,meander_then_b_line,-70.9,4,30,0.1333333333,True
react-restore,meander_then_b_line,False,80,20261082,meander_then_b_line,-12.2,0,30,0,False
react-restore,meander_then_b_line,False,81,20261083,meander_then_b_line,-98.2,6,30,0.2,True
react-restore,meander_then_b_line,False,82,20261084,meander_then_b_line,-12.1,0,30,0,False
react-restore,meander_then_b_line,False,83,20261085,meander_then_b_line,-11.9,0,30,0,False
react-restore,meander_then_b_line,False,84,20261086,meander_then_b_line,-31.3,0,30,0,False
react-restore,meander_then_b_line,False,85,20261087,meander_then_b_line,-12.9,0,30,0,False
react-restore,meander_then_b_line,False,86,20261088,meander_then_b_line,-13.5,0,30,0,False
react-restore,meander_then_b_line,False,87,20261089,meander_then_b_line,-17.9,0,30,0,False
react-restore,meander_then_b_line,False,88,20261090,meander_then_b_line,-12.2,0,30,0,False
react-restore,meander_then_b_line,False,89,20261091,meander_then_b_line,-75.2,4,30,0.1333333333,True
react-restore,meander_then_b_line,False,90,20261092,meander_then_b_line,-21,0,30,0,False
react-restore,meander_then_b_line,False,91,20261093,meander_then_b_line,-17.7,0,30,0,False
react-restore,meander_then_b_line,False,92,20261094,meander_then_b_line,-26.2,0,30,0,False
react-restore,meander_then_b_line,False,93,20261095,meander_then_b_line,-27.2,0,30,0,False
react-restore,meander_then_b_line,False,94,20261096,meander_then_b_line,-19.9,0,30,0,False
react-restore,meander_then_b_line,False,95,20261097,meander_then_b_line,-30.2,0,30,0,False
react-restore,meander_then_b_line,False,96,20261098,meander_then_b_line,-11.7,0,30,0,False
react-restore,meander_then_b_line,False,97,20261099,meander_then_b_line,-75.1,4,30,0.1333333333,True
react-restore,meander_then_b_line,False,98,20261100,meander_then_b_line,-11.7,0,30,0,False
react-restore,meander_then_b_line,False,99,20261101,meander_then_b_line,-13.2,0,30,0,False
react-restore,meander_then_b_line,False,100,20261102,meander_then_b_line,-101.3,6,30,0.2,True
react-restore,meander_then_b_line,False,101,20261103,meander_then_b_line,-12.5,0,30,0,False
react-restore,meander_then_b_line,False,102,20261104,meander_then_b_line,-12.3,0,30,0,False
react-restore,meander_then_b_line,False,103,20261105,meander_then_b_line,-18.5,0,30,0,False
react-restore,meander_then_b_line,False,104,20261106,meander_then_b_line,-11.7,0,30,0,False
react-restore,meander_then_b_line,False,105,20261107,meander_then_b_line,-13.1,0,30,0,False
react-restore,meander_then_b_line,False,106,20261108,meander_then_b_line,-13.2,0,30,0,False
react-restore,meander_then_b_line,False,107,20261109,meander_then_b_line,-13.2,0,30,0,False
react-restore,meander_then_b_line,False,108,20261110,meander_then_b_line,-11.6,0,30,0,False
react-restore,meander_then_b_line,False,109,20261111,meander_then_b_line,-14.4,0,30,0,False
react-restore,meander_then_b_line,False,110,20261112,meander_then_b_line,-11.2,0,30,0,False
react-restore,meander_then_b_line,False,111,20261113,meander_then_b_line,-13,0,30,0,False
react-restore,meander_then_b_line,False,112,20261114,meander_then_b_line,-12,0,30,0,False
react-restore,meander_then_b_line,False,113,20261115,meander_then_b_line,-12,0,30,0,False
react-restore,meander_then_b_line,False,114,20261116,meander_then_b_line,-13,0,30,0,False
react-restore,meander_then_b_line,False,115,20261117,meander_then_b_line,-12.2,0,30,0,False
react-restore,meander_then_b_line,False,116,20261118,meander_then_b_line,-31.2,0,30,0,False
react-restore,meander_then_b_line,False,117,20261119,meander_then_b_line,-12.5,0,30,0,False
react-restore,meander_then_b_line,False,118,20261120,meander_then_b_line,-11.9,0,30,0,False
react-restore,meander_then_b_line,False,119,20261121,meander_then_b_line,-26.2,0,30,0,False
react-restore,meander_then_b_line,False,120,20261122,meander_then_b_line,-13,0,30,0,False
react-restore,meander_then_b_line,False,121,20261123,meander_then_b_line,-12.2,0,30,0,False
react-restore,meander_then_b_line,False,122,20261124,meander_then_b_line,-73.1,4,30,0.1333333333,True
react-restore,meander_then_b_line,False,123,20261125,meander_then_b_line,-26,0,30,0,False
react-restore,meander_then_b_line,False,124,20261126,meander_then_b_line,-31.3,0,30,0,False
react-restore,meander_then_b_line,False,125,20261127,meander_then_b_line,-12.9,0,30,0,False
react-restore,meander_then_b_line,False,126,20261128,meander_then_b_line,-14.2,0,30,0,False
react-restore,meander_then_b_line,False,127,20261129,meander_then_b_line,-16.7,0,30,0,False
react-restore,meander_then_b_line,False,128,20261130,meander_then_b_line,-11.8,0,30,0,False
react-restore,meander_then_b_line,False,129,20261131,meander_then_b_line,-12.8,0,30,0,False
react-restore,meander_then_b_line,False,130,20261132,meander_then_b_line,-13,0,30,0,False
react-restore,meander_then_b_line,False,131,20261133,meander_then_b_line,-17,0,30,0,False
react-restore,meander_then_b_line,False,132,20261134,meander_then_b_line,-12.9,0,30,0,False
react-restore,meander_then_b_line,False,133,20261135,meander_then_b_line,-12.9,0,30,0,False
react-restore,meander_then_b_line,False,134,20261136,meander_then_b_line,-13.8,0,30,0,False
react-restore,meander_then_b_line,False,135,20261137,meander_then_b_line,-11.4,0,30,0,False
react-restore,meander_then_b_line,False,136,20261138,meander_then_b_line,-12.1,0,30,0,False
react-restore,meander_then_b_line,False,137,20261139,meander_then_b_line,-13.2,0,30,0,False
react-restore,meander_then_b_line,False,138,20261140,meander_then_b_line,-13.1,0,30,0,False
react-restore,meander_then_b_line,False,139,20261141,meander_then_b_line,-12.7,0,30,0,False
react-restore,meander_then_b_line,False,140,20261142,meander_then_b_line,-12.9,0,30,0,False
react-restore,meander_then_b_line,False,141,20261143,meander_then_b_line,-76.2,4,30,0.1333333333,True
react-restore,meander_then_b_line,False,142,20261144,meander_then_b_line,-12,0,30,0,False
react-restore,meander_then_b_line,False,143,20261145,meander_then_b_line,-22.2,0,30,0,False
react-restore,meander_then_b_line,False,144,20261146,meander_then_b_line,-17.6,0,30,0,False
react-restore,meander_then_b_line,False,145,20261147,meander_then_b_line,-12.1,0,30,0,False
react-restore,meander_then_b_line,False,146,20261148,meander_then_b_line,-10.1,0,30,0,False
react-restore,meander_then_b_line,False,147,20261149,meander_then_b_line,-31.3,0,30,0,False
react-restore,meander_then_b_line,False,148,20261150,meander_then_b_line,-27.1,0,30,0,False
react-restore,meander_then_b_line,False,149,20261151,meander_then_b_line,-11.2,0,30,0,False
react-restore,meander_then_b_line,False,150,20261152,meander_then_b_line,-12.3,0,30,0,False
react-restore,meander_then_b_line,False,151,20261153,meander_then_b_line,-15.2,0,30,0,False
react-restore,meander_then_b_line,False,152,20261154,meander_then_b_line,-21.9,0,30,0,False
react-restore,meander_then_b_line,False,153,20261155,meander_then_b_line,-13.1,0,30,0,False
react-restore,meander_then_b_line,False,154,20261156,meander_then_b_line,-17.6,0,30,0,False
react-restore,meander_then_b_line,False,155,20261157,meander_then_b_line,-12.2,0,30,0,False
react-restore,meander_then_b_line,False,156,20261158,meander_then_b_line,-146.3,10,30,0.3333333333,True
react-restore,meander_then_b_line,False,157,20261159,meander_then_b_line,-26.3,0,30,0,False
react-restore,meander_then_b_line,False,158,20261160,meander_then_b_line,-7.7,0,30,0,False
react-restore,meander_then_b_line,False,159,20261161,meander_then_b_line,-13.2,0,30,0,False
react-restore,meander_then_b_line,False,160,20261162,meander_then_b_line,-11.2,0,30,0,False
react-restore,meander_then_b_line,False,161,20261163,meander_then_b_line,-12.9,0,30,0,False
react-restore,meander_then_b_line,False,162,20261164,meander_then_b_line,-21.9,0,30,0,False
react-restore,meander_then_b_line,False,163,20261165,meander_then_b_line,-123.2,8,30,0.2666666667,True
react-restore,meander_then_b_line,False,164,20261166,meander_then_b_line,-12.7,0,30,0,False
react-restore,meander_then_b_line,False,165,20261167,meander_then_b_line,-12.8,0,30,0,False
react-restore,meander_then_b_line,False,166,20261168,meander_then_b_line,-17.6,0,30,0,False
react-restore,meander_then_b_line,False,167,20261169,meander_then_b_line,-12.9,0,30,0,False
react-restore,meander_then_b_line,False,168,20261170,meander_then_b_line,-65.4,3,30,0.1,True
react-restore,meander_then_b_line,False,169,20261171,meander_then_b_line,-11.4,0,30,0,False
react-restore,meander_then_b_line,False,170,20261172,meander_then_b_line,-12.9,0,30,0,False
react-restore,meander_then_b_line,False,171,20261173,meander_then_b_line,-13.2,0,30,0,False
react-restore,meander_then_b_line,False,172,20261174,meander_then_b_line,-12.1,0,30,0,False
react-restore,meander_then_b_line,False,173,20261175,meander_then_b_line,-12.3,0,30,0,False
react-restore,meander_then_b_line,False,174,20261176,meander_then_b_line,-11.2,0,30,0,False
react-restore,meander_then_b_line,False,175,20261177,meander_then_b_line,-12.1,0,30,0,False
react-restore,meander_then_b_line,False,176,20261178,meander_then_b_line,-53.3,2,30,0.06666666667,True
react-restore,meander_then_b_line,False,177,20261179,meander_then_b_line,-18.2,0,30,0,False
react-restore,meander_then_b_line,False,178,20261180,meander_then_b_line,-10.1,0,30,0,False
react-restore,meander_then_b_line,False,179,20261181,meander_then_b_line,-24.8,0,30,0,False
react-restore,meander_then_b_line,False,180,20261182,meander_then_b_line,-11.9,0,30,0,False
react-restore,meander_then_b_line,False,181,20261183,meander_then_b_line,-17.1,0,30,0,False
react-restore,meander_then_b_line,False,182,20261184,meander_then_b_line,-12.3,0,30,0,False
react-restore,meander_then_b_line,False,183,20261185,meander_then_b_line,-11.9,0,30,0,False
react-restore,meander_then_b_line,False,184,20261186,meander_then_b_line,-11.8,0,30,0,False
react-restore,meander_then_b_line,False,185,20261187,meander_then_b_line,-21.2,0,30,0,False
react-restore,meander_then_b_line,False,186,20261188,meander_then_b_line,-13,0,30,0,False
react-restore,meander_then_b_line,False,187,20261189,meander_then_b_line,-15.7,0,30,0,False
react-restore,meander_then_b_line,False,188,20261190,meander_then_b_line,-12.1,0,30,0,False
react-restore,meander_then_b_line,False,189,20261191,meander_then_b_line,-13.1,0,30,0,False
react-restore,meander_then_b_line,False,190,20261192,meander_then_b_line,-28.2,0,30,0,False
react-restore,meander_then_b_line,False,191,20261193,meander_then_b_line,-12.1,0,30,0,False
react-restore,meander_then_b_line,False,192,20261194,meander_then_b_line,-12.9,0,30,0,False
react-restore,meander_then_b_line,False,193,20261195,meander_then_b_line,-17.1,0,30,0,False
react-restore,meander_then_b_line,False,194,20261196,meander_then_b_line,-10.9,0,30,0,False
react-restore,meander_then_b_line,False,195,20261197,meander_then_b_line,-12.3,0,30,0,False
react-restore,meander_then_b_line,False,196,20261198,meander_then_b_line,-9.8,0,30,0,False
react-restore,meander_then_b_line,False,197,20261199,meander_then_b_line,-12.8,0,30,0,False
react-restore,meander_then_b_line,False,198,20261200,meander_then_b_line,-13.2,0,30,0,False
react-restore,meander_then_b_line,False,199,20261201,meander_then_b_line,-11.5,0,30,0,False
react-restore,adaptive,True,0,20271002,b_line,-12.3,0,30,0,False
react-restore,adaptive,True,1,20271003,b_line,-15.4,0,30,0,False
react-restore,adaptive,True,2,20271004,b_line,-26.4,0,30,0,False
react-restore,adaptive,True,3,20271005,meander_then_b_line,-12.1,0,30,0,False
react-restore,adaptive,True,4,20271006,meander_then_b_line,-13.1,0,30,0,False
react-restore,adaptive,True,5,20271007,delayed_b_line,-12.7,0,30,0,False
react-restore,adaptive,True,6,20271008,delayed_b_line,-134.2,9,30,0.3,True
react-restore,adaptive,True,7,20271009,delayed_b_line,-14.2,0,30,0,False
react-restore,adaptive,True,8,20271010,meander_then_b_line,-14.1,0,30,0,False
react-restore,adaptive,True,9,20271011,meander,-11.6,0,30,0,False
react-restore,adaptive,True,10,20271012,delayed_b_line,-13.1,0,30,0,False
react-restore,adaptive,True,11,20271013,delayed_b_line,-10.9,0,30,0,False
react-restore,adaptive,True,12,20271014,meander_then_b_line,-13.3,0,30,0,False
react-restore,adaptive,True,13,20271015,delayed_b_line,-12.4,0,30,0,False
react-restore,adaptive,True,14,20271016,delayed_b_line,-14.3,0,30,0,False
react-restore,adaptive,True,15,20271017,delayed_b_line,-17.2,0,30,0,False
react-restore,adaptive,True,16,20271018,delayed_b_line,-27.1,0,30,0,False
react-restore,adaptive,True,17,20271019,b_line,-14.6,0,30,0,False
react-restore,adaptive,True,18,20271020,meander,-15.1,0,30,0,False
react-restore,adaptive,True,19,20271021,meander_then_b_line,-13.7,0,30,0,False
react-restore,adaptive,True,20,20271022,b_line,-155.8,10,30,0.3333333333,True
react-restore,adaptive,True,21,20271023,meander_then_b_line,-11.2,0,30,0,False
react-restore,adaptive,True,22,20271024,b_line,-128.5,8,30,0.2666666667,True
react-restore,adaptive,True,23,20271025,b_line,-27,0,30,0,False
react-restore,adaptive,True,24,20271026,meander_then_b_line,-16.8,0,30,0,False
react-restore,adaptive,True,25,20271027,meander_then_b_line,-13.4,0,30,0,False
react-restore,adaptive,True,26,20271028,b_line,-14.1,0,30,0,False
react-restore,adaptive,True,27,20271029,meander_then_b_line,-25.3,0,30,0,False
react-restore,adaptive,True,28,20271030,delayed_b_line,-23.9,0,30,0,False
react-restore,adaptive,True,29,20271031,delayed_b_line,-14.2,0,30,0,False
react-restore,adaptive,True,30,20271032,delayed_b_line,-42.2,1,30,0.03333333333,True
react-restore,adaptive,True,31,20271033,b_line,-15.3,0,30,0,False
react-restore,adaptive,True,32,20271034,b_line,-29.4,0,30,0,False
react-restore,adaptive,True,33,20271035,meander,-11,0,30,0,False
react-restore,adaptive,True,34,20271036,delayed_b_line,-35.7,0,30,0,False
react-restore,adaptive,True,35,20271037,b_line,-13.5,0,30,0,False
react-restore,adaptive,True,36,20271038,meander_then_b_line,-12,0,30,0,False
react-restore,adaptive,True,37,20271039,meander,-13.2,0,30,0,False
react-restore,adaptive,True,38,20271040,b_line,-19.8,0,30,0,False
react-restore,adaptive,True,39,20271041,meander_then_b_line,-13.1,0,30,0,False
react-restore,adaptive,True,40,20271042,delayed_b_line,-21.8,0,30,0,False
react-restore,adaptive,True,41,20271043,b_line,-17.1,0,30,0,False
react-restore,adaptive,True,42,20271044,meander_then_b_line,-50.4,2,30,0.06666666667,True
react-restore,adaptive,True,43,20271045,delayed_b_line,-21.9,0,30,0,False
react-restore,adaptive,True,44,20271046,meander,-12.1,0,30,0,False
react-restore,adaptive,True,45,20271047,delayed_b_line,-12.8,0,30,0,False
react-restore,adaptive,True,46,20271048,b_line,-17.4,0,30,0,False
react-restore,adaptive,True,47,20271049,b_line,-20,0,30,0,False
react-restore,adaptive,True,48,20271050,meander,-12,0,30,0,False
react-restore,adaptive,True,49,20271051,delayed_b_line,-11.5,0,30,0,False
react-restore,adaptive,True,50,20271052,meander_then_b_line,-21.7,0,30,0,False
react-restore,adaptive,True,51,20271053,delayed_b_line,-73.3,4,30,0.1333333333,True
react-restore,adaptive,True,52,20271054,delayed_b_line,-15.2,0,30,0,False
react-restore,adaptive,True,53,20271055,b_line,-25,0,30,0,False
react-restore,adaptive,True,54,20271056,meander_then_b_line,-12,0,30,0,False
react-restore,adaptive,True,55,20271057,meander_then_b_line,-25.2,0,30,0,False
react-restore,adaptive,True,56,20271058,b_line,-14.4,0,30,0,False
react-restore,adaptive,True,57,20271059,b_line,-15.6,0,30,0,False
react-restore,adaptive,True,58,20271060,b_line,-25.4,0,30,0,False
react-restore,adaptive,True,59,20271061,meander,-14.1,0,30,0,False
react-restore,adaptive,True,60,20271062,meander,-11.2,0,30,0,False
react-restore,adaptive,True,61,20271063,delayed_b_line,-14.3,0,30,0,False
react-restore,adaptive,True,62,20271064,b_line,-13.9,0,30,0,False
react-restore,adaptive,True,63,20271065,delayed_b_line,-15.6,0,30,0,False
react-restore,adaptive,True,64,20271066,meander_then_b_line,-29.2,0,30,0,False
react-restore,adaptive,True,65,20271067,delayed_b_line,-14.2,0,30,0,False
react-restore,adaptive,True,66,20271068,meander,-11.9,0,30,0,False
react-restore,adaptive,True,67,20271069,meander_then_b_line,-20.3,0,30,0,False
react-restore,adaptive,True,68,20271070,meander,-17,0,30,0,False
react-restore,adaptive,True,69,20271071,meander,-13.7,0,30,0,False
react-restore,adaptive,True,70,20271072,b_line,-14,0,30,0,False
react-restore,adaptive,True,71,20271073,meander,-12,0,30,0,False
react-restore,adaptive,True,72,20271074,b_line,-36.6,0,30,0,False
react-restore,adaptive,True,73,20271075,meander,-11,0,30,0,False
react-restore,adaptive,True,74,20271076,meander_then_b_line,-13,0,30,0,False
react-restore,adaptive,True,75,20271077,meander,-11.9,0,30,0,False
react-restore,adaptive,True,76,20271078,b_line,-21.5,0,30,0,False
react-restore,adaptive,True,77,20271079,b_line,-14.8,0,30,0,False
react-restore,adaptive,True,78,20271080,meander,-12,0,30,0,False
react-restore,adaptive,True,79,20271081,meander,-12,0,30,0,False
react-restore,adaptive,True,80,20271082,delayed_b_line,-12,0,30,0,False
react-restore,adaptive,True,81,20271083,meander,-12.1,0,30,0,False
react-restore,adaptive,True,82,20271084,delayed_b_line,-70.5,3,30,0.1,True
react-restore,adaptive,True,83,20271085,b_line,-15.2,0,30,0,False
react-restore,adaptive,True,84,20271086,meander,-12.5,0,30,0,False
react-restore,adaptive,True,85,20271087,b_line,-79.5,4,30,0.1333333333,True
react-restore,adaptive,True,86,20271088,delayed_b_line,-19.6,0,30,0,False
react-restore,adaptive,True,87,20271089,meander_then_b_line,-13.2,0,30,0,False
react-restore,adaptive,True,88,20271090,meander,-13.9,0,30,0,False
react-restore,adaptive,True,89,20271091,delayed_b_line,-13,0,30,0,False
react-restore,adaptive,True,90,20271092,meander,-12.1,0,30,0,False
react-restore,adaptive,True,91,20271093,meander_then_b_line,-22.9,0,30,0,False
react-restore,adaptive,True,92,20271094,delayed_b_line,-11.8,0,30,0,False
react-restore,adaptive,True,93,20271095,delayed_b_line,-128.6,8,30,0.2666666667,True
react-restore,adaptive,True,94,20271096,delayed_b_line,-23.3,0,30,0,False
react-restore,adaptive,True,95,20271097,b_line,-14.1,0,30,0,False
react-restore,adaptive,True,96,20271098,meander_then_b_line,-9.9,0,30,0,False
react-restore,adaptive,True,97,20271099,meander_then_b_line,-148.4,10,30,0.3333333333,True
react-restore,adaptive,True,98,20271100,meander,-12.7,0,30,0,False
react-restore,adaptive,True,99,20271101,meander_then_b_line,-11.9,0,30,0,False
react-restore,adaptive,True,100,20271102,b_line,-81.4,4,30,0.1333333333,True
react-restore,adaptive,True,101,20271103,meander,-22,0,30,0,False
react-restore,adaptive,True,102,20271104,meander_then_b_line,-28.2,0,30,0,False
react-restore,adaptive,True,103,20271105,delayed_b_line,-12.3,0,30,0,False
react-restore,adaptive,True,104,20271106,b_line,-17.9,0,30,0,False
react-restore,adaptive,True,105,20271107,b_line,-18.7,0,30,0,False
react-restore,adaptive,True,106,20271108,meander_then_b_line,-19.6,0,30,0,False
react-restore,adaptive,True,107,20271109,meander_then_b_line,-11.4,0,30,0,False
react-restore,adaptive,True,108,20271110,meander,-11.2,0,30,0,False
react-restore,adaptive,True,109,20271111,meander,-11.6,0,30,0,False
react-restore,adaptive,True,110,20271112,b_line,-14,0,30,0,False
react-restore,adaptive,True,111,20271113,delayed_b_line,-9.8,0,30,0,False
react-restore,adaptive,True,112,20271114,b_line,-15.2,0,30,0,False
react-restore,adaptive,True,113,20271115,b_line,-13.1,0,30,0,False
react-restore,adaptive,True,114,20271116,meander,-11.9,0,30,0,False
react-restore,adaptive,True,115,20271117,delayed_b_line,-12,0,30,0,False
react-restore,adaptive,True,116,20271118,b_line,-14.3,0,30,0,False
react-restore,adaptive,True,117,20271119,delayed_b_line,-67.4,3,30,0.1,True
react-restore,adaptive,True,118,20271120,meander,-10.4,0,30,0,False
react-restore,adaptive,True,119,20271121,b_line,-198.6,14,30,0.4666666667,True
react-restore,adaptive,True,120,20271122,b_line,-14.1,0,30,0,False
react-restore,adaptive,True,121,20271123,meander,-11,0,30,0,False
react-restore,adaptive,True,122,20271124,delayed_b_line,-14.6,0,30,0,False
react-restore,adaptive,True,123,20271125,meander,-11.7,0,30,0,False
react-restore,adaptive,True,124,20271126,delayed_b_line,-14.1,0,30,0,False
react-restore,adaptive,True,125,20271127,meander_then_b_line,-11.3,0,30,0,False
react-restore,adaptive,True,126,20271128,b_line,-18.1,0,30,0,False
react-restore,adaptive,True,127,20271129,meander,-15.6,0,30,0,False
react-restore,adaptive,True,128,20271130,meander_then_b_line,-12.7,0,30,0,False
react-restore,adaptive,True,129,20271131,delayed_b_line,-11.9,0,30,0,False
react-restore,adaptive,True,130,20271132,meander,-11.2,0,30,0,False
react-restore,adaptive,True,131,20271133,delayed_b_line,-10.7,0,30,0,False
react-restore,adaptive,True,132,20271134,meander_then_b_line,-18.7,0,30,0,False
react-restore,adaptive,True,133,20271135,delayed_b_line,-17,0,30,0,False
react-restore,adaptive,True,134,20271136,meander_then_b_line,-12.7,0,30,0,False
react-restore,adaptive,True,135,20271137,meander,-13.3,0,30,0,False
react-restore,adaptive,True,136,20271138,delayed_b_line,-12.1,0,30,0,False
react-restore,adaptive,True,137,20271139,meander_then_b_line,-15.9,0,30,0,False
react-restore,adaptive,True,138,20271140,delayed_b_line,-13.3,0,30,0,False
react-restore,adaptive,True,139,20271141,b_line,-13.9,0,30,0,False
react-restore,adaptive,True,140,20271142,meander,-24.5,0,30,0,False
react-restore,adaptive,True,141,20271143,meander,-12,0,30,0,False
react-restore,adaptive,True,142,20271144,meander,-11.9,0,30,0,False
react-restore,adaptive,True,143,20271145,delayed_b_line,-109,7,30,0.2333333333,True
react-restore,adaptive,True,144,20271146,delayed_b_line,-13.1,0,30,0,False
react-restore,adaptive,True,145,20271147,delayed_b_line,-14,0,30,0,False
react-restore,adaptive,True,146,20271148,delayed_b_line,-13.1,0,30,0,False
react-restore,adaptive,True,147,20271149,meander,-10.8,0,30,0,False
react-restore,adaptive,True,148,20271150,delayed_b_line,-12.2,0,30,0,False
react-restore,adaptive,True,149,20271151,meander_then_b_line,-12.2,0,30,0,False
react-restore,adaptive,True,150,20271152,b_line,-15.3,0,30,0,False
react-restore,adaptive,True,151,20271153,delayed_b_line,-38.9,1,30,0.03333333333,True
react-restore,adaptive,True,152,20271154,meander,-20.2,0,30,0,False
react-restore,adaptive,True,153,20271155,delayed_b_line,-20.7,0,30,0,False
react-restore,adaptive,True,154,20271156,delayed_b_line,-14.2,0,30,0,False
react-restore,adaptive,True,155,20271157,delayed_b_line,-14.3,0,30,0,False
react-restore,adaptive,True,156,20271158,meander,-10.9,0,30,0,False
react-restore,adaptive,True,157,20271159,meander_then_b_line,-12.6,0,30,0,False
react-restore,adaptive,True,158,20271160,b_line,-24.6,0,30,0,False
react-restore,adaptive,True,159,20271161,delayed_b_line,-12.7,0,30,0,False
react-restore,adaptive,True,160,20271162,meander_then_b_line,-13,0,30,0,False
react-restore,adaptive,True,161,20271163,meander_then_b_line,-14.2,0,30,0,False
react-restore,adaptive,True,162,20271164,meander_then_b_line,-10.8,0,30,0,False
react-restore,adaptive,True,163,20271165,meander,-12,0,30,0,False
react-restore,adaptive,True,164,20271166,meander_then_b_line,-19.6,0,30,0,False
react-restore,adaptive,True,165,20271167,b_line,-15.2,0,30,0,False
react-restore,adaptive,True,166,20271168,delayed_b_line,-14.2,0,30,0,False
react-restore,adaptive,True,167,20271169,meander,-11,0,30,0,False
react-restore,adaptive,True,168,20271170,b_line,-28.2,0,30,0,False
react-restore,adaptive,True,169,20271171,meander,-11.9,0,30,0,False
react-restore,adaptive,True,170,20271172,b_line,-73.2,4,30,0.1333333333,True
react-restore,adaptive,True,171,20271173,delayed_b_line,-23,0,30,0,False
react-restore,adaptive,True,172,20271174,meander_then_b_line,-13,0,30,0,False
react-restore,adaptive,True,173,20271175,delayed_b_line,-12.2,0,30,0,False
react-restore,adaptive,True,174,20271176,b_line,-13.3,0,30,0,False
react-restore,adaptive,True,175,20271177,delayed_b_line,-20.9,0,30,0,False
react-restore,adaptive,True,176,20271178,delayed_b_line,-12.6,0,30,0,False
react-restore,adaptive,True,177,20271179,delayed_b_line,-24,0,30,0,False
react-restore,adaptive,True,178,20271180,b_line,-14.8,0,30,0,False
react-restore,adaptive,True,179,20271181,meander,-11.9,0,30,0,False
react-restore,adaptive,True,180,20271182,b_line,-73.5,4,30,0.1333333333,True
react-restore,adaptive,True,181,20271183,delayed_b_line,-12.8,0,30,0,False
react-restore,adaptive,True,182,20271184,meander,-12.6,0,30,0,False
react-restore,adaptive,True,183,20271185,meander,-12,0,30,0,False
react-restore,adaptive,True,184,20271186,meander_then_b_line,-11.9,0,30,0,False
react-restore,adaptive,True,185,20271187,meander_then_b_line,-12.7,0,30,0,False
react-restore,adaptive,True,186,20271188,meander,-14.1,0,30,0,False
react-restore,adaptive,True,187,20271189,meander,-22.2,0,30,0,False
react-restore,adaptive,True,188,20271190,meander_then_b_line,-12,0,30,0,False
react-restore,adaptive,True,189,20271191,delayed_b_line,-14.1,0,30,0,False
react-restore,adaptive,True,190,20271192,meander_then_b_line,-12.9,0,30,0,False
react-restore,adaptive,True,191,20271193,b_line,-15.4,0,30,0,False
react-restore,adaptive,True,192,20271194,delayed_b_line,-28.1,0,30,0,False
react-restore,adaptive,True,193,20271195,meander_then_b_line,-10.9,0,30,0,False
react-restore,adaptive,True,194,20271196,b_line,-15.5,0,30,0,False
react-restore,adaptive,True,195,20271197,delayed_b_line,-14.4,0,30,0,False
react-restore,adaptive,True,196,20271198,delayed_b_line,-12.9,0,30,0,False
react-restore,adaptive,True,197,20271199,meander_then_b_line,-11.9,0,30,0,False
react-restore,adaptive,True,198,20271200,meander_then_b_line,-13.1,0,30,0,False
react-restore,adaptive,True,199,20271201,meander,-13.3,0,30,0,False
