facility,profile,trial,policy,entry_point,weighted_service_hours_lost,recovery_step,pct_services_restored,total_compromised
small_clinic,resource_constrained,0,criticality,workstation,0.0,0,1.0,1
small_clinic,resource_constrained,0,mvr,workstation,0.0,0,1.0,1
small_clinic,resource_constrained,1,criticality,internet_facing,0.0,0,1.0,1
small_clinic,resource_constrained,1,mvr,internet_facing,0.0,0,1.0,1
small_clinic,resource_constrained,2,criticality,privileged_system,0.0,0,1.0,1
small_clinic,resource_constrained,2,mvr,privileged_system,0.0,0,1.0,1
small_clinic,resource_constrained,3,criticality,medical_device,3.2,72,1.0,5
small_clinic,resource_constrained,3,mvr,medical_device,3.2,72,1.0,5
small_clinic,resource_constrained,4,criticality,vendor_connection,1.2,0,1.0,2
small_clinic,resource_constrained,4,mvr,vendor_connection,1.2,0,1.0,2
small_clinic,resource_constrained,5,criticality,workstation,2.775,39,1.0,9
small_clinic,resource_constrained,5,mvr,workstation,2.775,39,1.0,9
small_clinic,resource_constrained,6,criticality,internet_facing,0.0,0,1.0,1
small_clinic,resource_constrained,6,mvr,internet_facing,0.0,0,1.0,1
small_clinic,resource_constrained,7,criticality,privileged_system,0.0,0,1.0,9
small_clinic,resource_constrained,7,mvr,privileged_system,0.0,0,1.0,9
small_clinic,resource_constrained,8,criticality,medical_device,27.974999999999998,96,1.0,7
small_clinic,resource_constrained,8,mvr,medical_device,27.974999999999998,96,1.0,7
small_clinic,resource_constrained,9,criticality,vendor_connection,0.0,0,1.0,1
small_clinic,resource_constrained,9,mvr,vendor_connection,0.0,0,1.0,1
small_clinic,resource_constrained,10,criticality,workstation,8.45,96,1.0,20
small_clinic,resource_constrained,10,mvr,workstation,8.45,96,1.0,20
small_clinic,resource_constrained,11,criticality,internet_facing,1.75,11,1.0,3
small_clinic,resource_constrained,11,mvr,internet_facing,1.75,11,1.0,3
small_clinic,resource_constrained,12,criticality,privileged_system,32.9,29,1.0,2
small_clinic,resource_constrained,12,mvr,privileged_system,32.9,29,1.0,2
small_clinic,resource_constrained,13,criticality,medical_device,3.0,44,1.0,2
small_clinic,resource_constrained,13,mvr,medical_device,3.0,44,1.0,2
small_clinic,resource_constrained,14,criticality,vendor_connection,0.0,0,1.0,1
small_clinic,resource_constrained,14,mvr,vendor_connection,0.0,0,1.0,1
small_clinic,resource_constrained,15,criticality,workstation,0.0,0,1.0,1
small_clinic,resource_constrained,15,mvr,workstation,0.0,0,1.0,1
small_clinic,resource_constrained,16,criticality,internet_facing,0.0,0,1.0,1
small_clinic,resource_constrained,16,mvr,internet_facing,0.0,0,1.0,1
small_clinic,resource_constrained,17,criticality,privileged_system,46.95,66,1.0,21
small_clinic,resource_constrained,17,mvr,privileged_system,45.87500000000001,65,1.0,21
small_clinic,resource_constrained,18,criticality,medical_device,9.4,10,1.0,1
small_clinic,resource_constrained,18,mvr,medical_device,9.4,10,1.0,1
small_clinic,resource_constrained,19,criticality,vendor_connection,0.0,0,1.0,2
small_clinic,resource_constrained,19,mvr,vendor_connection,0.0,0,1.0,2
small_clinic,resource_constrained,20,criticality,workstation,2.8,31,1.0,8
small_clinic,resource_constrained,20,mvr,workstation,2.8,31,1.0,8
small_clinic,resource_constrained,21,criticality,internet_facing,0.0,0,1.0,1
small_clinic,resource_constrained,21,mvr,internet_facing,0.0,0,1.0,1
small_clinic,resource_constrained,22,criticality,privileged_system,16.45,15,1.0,1
small_clinic,resource_constrained,22,mvr,privileged_system,16.45,15,1.0,1
small_clinic,resource_constrained,23,criticality,medical_device,4.0,72,1.0,8
small_clinic,resource_constrained,23,mvr,medical_device,4.0,72,1.0,8
small_clinic,resource_constrained,24,criticality,vendor_connection,9.4,18,1.0,2
small_clinic,resource_constrained,24,mvr,vendor_connection,9.4,18,1.0,2
small_clinic,resource_constrained,25,criticality,workstation,0.0,0,1.0,1
small_clinic,resource_constrained,25,mvr,workstation,0.0,0,1.0,1
small_clinic,resource_constrained,26,criticality,internet_facing,11.549999999999999,73,1.0,5
small_clinic,resource_constrained,26,mvr,internet_facing,11.549999999999999,73,1.0,5
small_clinic,resource_constrained,27,criticality,privileged_system,22.325000000000003,20,1.0,2
small_clinic,resource_constrained,27,mvr,privileged_system,22.325000000000003,20,1.0,2
small_clinic,resource_constrained,28,criticality,medical_device,1.2,0,1.0,2
small_clinic,resource_constrained,28,mvr,medical_device,1.2,0,1.0,2
small_clinic,resource_constrained,29,criticality,vendor_connection,1.9,0,1.0,4
small_clinic,resource_constrained,29,mvr,vendor_connection,1.8,0,1.0,4
small_clinic,resource_constrained,30,criticality,workstation,0.0,0,1.0,1
small_clinic,resource_constrained,30,mvr,workstation,0.0,0,1.0,1
small_clinic,resource_constrained,31,criticality,internet_facing,0.0,0,1.0,1
small_clinic,resource_constrained,31,mvr,internet_facing,0.0,0,1.0,1
small_clinic,resource_constrained,32,criticality,privileged_system,10.0,0,1.0,14
small_clinic,resource_constrained,32,mvr,privileged_system,10.0,0,1.0,14
small_clinic,resource_constrained,33,criticality,medical_device,1.6,34,1.0,1
small_clinic,resource_constrained,33,mvr,medical_device,1.6,34,1.0,1
small_clinic,resource_constrained,34,criticality,vendor_connection,0.0,0,1.0,1
small_clinic,resource_constrained,34,mvr,vendor_connection,0.0,0,1.0,1
small_clinic,resource_constrained,35,criticality,workstation,3.8,34,1.0,17
small_clinic,resource_constrained,35,mvr,workstation,3.8,34,1.0,17
small_clinic,resource_constrained,36,criticality,internet_facing,0.0,0,1.0,1
small_clinic,resource_constrained,36,mvr,internet_facing,0.0,0,1.0,1
small_clinic,resource_constrained,37,criticality,privileged_system,8.200000000000001,47,1.0,3
small_clinic,resource_constrained,37,mvr,privileged_system,8.200000000000001,47,1.0,3
small_clinic,resource_constrained,38,criticality,medical_device,3.2,36,1.0,2
small_clinic,resource_constrained,38,mvr,medical_device,3.2,36,1.0,2
small_clinic,resource_constrained,39,criticality,vendor_connection,0.0,0,1.0,1
small_clinic,resource_constrained,39,mvr,vendor_connection,0.0,0,1.0,1
small_clinic,resource_constrained,40,criticality,workstation,0.0,0,1.0,2
small_clinic,resource_constrained,40,mvr,workstation,0.0,0,1.0,2
small_clinic,resource_constrained,41,criticality,internet_facing,9.05,36,1.0,4
small_clinic,resource_constrained,41,mvr,internet_facing,9.05,36,1.0,4
small_clinic,resource_constrained,42,criticality,privileged_system,1.6,0,1.0,3
small_clinic,resource_constrained,42,mvr,privileged_system,1.6,0,1.0,3
small_clinic,resource_constrained,43,criticality,medical_device,0.0,0,1.0,1
small_clinic,resource_constrained,43,mvr,medical_device,0.0,0,1.0,1
small_clinic,resource_constrained,44,criticality,vendor_connection,26.724999999999998,64,1.0,5
small_clinic,resource_constrained,44,mvr,vendor_connection,26.724999999999998,64,1.0,5
small_clinic,resource_constrained,45,criticality,workstation,0.0,0,1.0,1
small_clinic,resource_constrained,45,mvr,workstation,0.0,0,1.0,1
small_clinic,resource_constrained,46,criticality,internet_facing,0.0,0,1.0,1
small_clinic,resource_constrained,46,mvr,internet_facing,0.0,0,1.0,1
small_clinic,resource_constrained,47,criticality,privileged_system,22.15,84,1.0,26
small_clinic,resource_constrained,47,mvr,privileged_system,22.0,85,1.0,26
small_clinic,resource_constrained,48,criticality,medical_device,2.9749999999999996,36,1.0,6
small_clinic,resource_constrained,48,mvr,medical_device,2.9749999999999996,36,1.0,6
small_clinic,resource_constrained,49,criticality,vendor_connection,1.8,22,1.0,3
small_clinic,resource_constrained,49,mvr,vendor_connection,1.8,22,1.0,3
small_clinic,resource_constrained,50,criticality,workstation,15.200000000000001,64,1.0,6
small_clinic,resource_constrained,50,mvr,workstation,15.200000000000001,64,1.0,6
small_clinic,resource_constrained,51,criticality,internet_facing,0.0,0,1.0,3
small_clinic,resource_constrained,51,mvr,internet_facing,0.0,0,1.0,3
small_clinic,resource_constrained,52,criticality,privileged_system,4.1,23,1.0,2
small_clinic,resource_constrained,52,mvr,privileged_system,4.1,23,1.0,2
small_clinic,resource_constrained,53,criticality,medical_device,0.0,0,1.0,1
small_clinic,resource_constrained,53,mvr,medical_device,0.0,0,1.0,1
small_clinic,resource_constrained,54,criticality,vendor_connection,20.375,62,1.0,6
small_clinic,resource_constrained,54,mvr,vendor_connection,20.375,62,1.0,6
small_clinic,resource_constrained,55,criticality,workstation,1.8,23,1.0,3
small_clinic,resource_constrained,55,mvr,workstation,1.8,23,1.0,3
small_clinic,resource_constrained,56,criticality,internet_facing,1.4,15,1.0,1
small_clinic,resource_constrained,56,mvr,internet_facing,1.4,15,1.0,1
small_clinic,resource_constrained,57,criticality,privileged_system,0.0,0,1.0,1
small_clinic,resource_constrained,57,mvr,privileged_system,0.0,0,1.0,1
small_clinic,resource_constrained,58,criticality,medical_device,0.0,0,1.0,1
small_clinic,resource_constrained,58,mvr,medical_device,0.0,0,1.0,1
small_clinic,resource_constrained,59,criticality,vendor_connection,0.0,0,1.0,2
small_clinic,resource_constrained,59,mvr,vendor_connection,0.0,0,1.0,2
small_clinic,resource_constrained,60,criticality,workstation,0.0,0,1.0,1
small_clinic,resource_constrained,60,mvr,workstation,0.0,0,1.0,1
small_clinic,resource_constrained,61,criticality,internet_facing,0.0,0,1.0,1
small_clinic,resource_constrained,61,mvr,internet_facing,0.0,0,1.0,1
small_clinic,resource_constrained,62,criticality,privileged_system,41.125,36,1.0,2
small_clinic,resource_constrained,62,mvr,privileged_system,41.125,36,1.0,2
small_clinic,resource_constrained,63,criticality,medical_device,0.0,0,1.0,1
small_clinic,resource_constrained,63,mvr,medical_device,0.0,0,1.0,1
small_clinic,resource_constrained,64,criticality,vendor_connection,40.55,123,1.0,9
small_clinic,resource_constrained,64,mvr,vendor_connection,40.55,123,1.0,9
small_clinic,resource_constrained,65,criticality,workstation,0.0,0,1.0,1
small_clinic,resource_constrained,65,mvr,workstation,0.0,0,1.0,1
small_clinic,resource_constrained,66,criticality,internet_facing,0.0,0,1.0,1
small_clinic,resource_constrained,66,mvr,internet_facing,0.0,0,1.0,1
small_clinic,resource_constrained,67,criticality,privileged_system,8.25,28,1.0,5
small_clinic,resource_constrained,67,mvr,privileged_system,8.25,28,1.0,5
small_clinic,resource_constrained,68,criticality,medical_device,4.6000000000000005,38,1.0,8
small_clinic,resource_constrained,68,mvr,medical_device,4.6000000000000005,38,1.0,8
small_clinic,resource_constrained,69,criticality,vendor_connection,12.500000000000002,24,1.0,2
small_clinic,resource_constrained,69,mvr,vendor_connection,12.500000000000002,24,1.0,2
small_clinic,resource_constrained,70,criticality,workstation,0.0,0,1.0,4
small_clinic,resource_constrained,70,mvr,workstation,0.0,0,1.0,4
small_clinic,resource_constrained,71,criticality,internet_facing,0.0,0,1.0,2
small_clinic,resource_constrained,71,mvr,internet_facing,0.0,0,1.0,2
small_clinic,resource_constrained,72,criticality,privileged_system,5.05,41,1.0,6
small_clinic,resource_constrained,72,mvr,privileged_system,5.05,41,1.0,6
small_clinic,resource_constrained,73,criticality,medical_device,2.0,0,1.0,1
small_clinic,resource_constrained,73,mvr,medical_device,2.0,0,1.0,1
small_clinic,resource_constrained,74,criticality,vendor_connection,0.0,0,1.0,2
small_clinic,resource_constrained,74,mvr,vendor_connection,0.0,0,1.0,2
small_clinic,resource_constrained,75,criticality,workstation,1.4,37,1.0,9
small_clinic,resource_constrained,75,mvr,workstation,1.4,37,1.0,9
small_clinic,resource_constrained,76,criticality,internet_facing,9.4,13,1.0,3
small_clinic,resource_constrained,76,mvr,internet_facing,9.4,13,1.0,3
small_clinic,resource_constrained,77,criticality,privileged_system,0.0,0,1.0,1
small_clinic,resource_constrained,77,mvr,privileged_system,0.0,0,1.0,1
small_clinic,resource_constrained,78,criticality,medical_device,0.8,0,1.0,3
small_clinic,resource_constrained,78,mvr,medical_device,0.8,0,1.0,3
small_clinic,resource_constrained,79,criticality,vendor_connection,0.0,0,1.0,2
small_clinic,resource_constrained,79,mvr,vendor_connection,0.0,0,1.0,2
small_clinic,resource_constrained,80,criticality,workstation,0.0,0,1.0,2
small_clinic,resource_constrained,80,mvr,workstation,0.0,0,1.0,2
small_clinic,resource_constrained,81,criticality,internet_facing,9.4,10,1.0,2
small_clinic,resource_constrained,81,mvr,internet_facing,9.4,10,1.0,2
small_clinic,resource_constrained,82,criticality,privileged_system,0.4,0,1.0,3
small_clinic,resource_constrained,82,mvr,privileged_system,0.4,0,1.0,3
small_clinic,resource_constrained,83,criticality,medical_device,3.6,58,1.0,5
small_clinic,resource_constrained,83,mvr,medical_device,3.6,58,1.0,5
small_clinic,resource_constrained,84,criticality,vendor_connection,4.199999999999999,43,1.0,4
small_clinic,resource_constrained,84,mvr,vendor_connection,4.199999999999999,43,1.0,4
small_clinic,resource_constrained,85,criticality,workstation,1.2,0,1.0,1
small_clinic,resource_constrained,85,mvr,workstation,1.2,0,1.0,1
small_clinic,resource_constrained,86,criticality,internet_facing,0.0,0,1.0,1
small_clinic,resource_constrained,86,mvr,internet_facing,0.0,0,1.0,1
small_clinic,resource_constrained,87,criticality,privileged_system,14.7,53,1.0,3
small_clinic,resource_constrained,87,mvr,privileged_system,14.65,52,1.0,3
small_clinic,resource_constrained,88,criticality,medical_device,2.0,0,1.0,3
small_clinic,resource_constrained,88,mvr,medical_device,2.0,0,1.0,3
small_clinic,resource_constrained,89,criticality,vendor_connection,0.0,0,1.0,1
small_clinic,resource_constrained,89,mvr,vendor_connection,0.0,0,1.0,1
small_clinic,resource_constrained,90,criticality,workstation,0.0,0,1.0,10
small_clinic,resource_constrained,90,mvr,workstation,0.0,0,1.0,10
small_clinic,resource_constrained,91,criticality,internet_facing,0.0,0,1.0,2
small_clinic,resource_constrained,91,mvr,internet_facing,0.0,0,1.0,2
small_clinic,resource_constrained,92,criticality,privileged_system,2.35,3,1.0,1
small_clinic,resource_constrained,92,mvr,privileged_system,2.35,3,1.0,1
small_clinic,resource_constrained,93,criticality,medical_device,0.8,0,1.0,2
small_clinic,resource_constrained,93,mvr,medical_device,0.8,0,1.0,2
small_clinic,resource_constrained,94,criticality,vendor_connection,0.0,0,1.0,1
small_clinic,resource_constrained,94,mvr,vendor_connection,0.0,0,1.0,1
small_clinic,resource_constrained,95,criticality,workstation,0.0,0,1.0,4
small_clinic,resource_constrained,95,mvr,workstation,0.0,0,1.0,4
small_clinic,resource_constrained,96,criticality,internet_facing,2.8000000000000003,9,1.0,3
small_clinic,resource_constrained,96,mvr,internet_facing,2.8000000000000003,9,1.0,3
small_clinic,resource_constrained,97,criticality,privileged_system,0.0,0,1.0,10
small_clinic,resource_constrained,97,mvr,privileged_system,0.0,0,1.0,10
small_clinic,resource_constrained,98,criticality,medical_device,5.95,40,1.0,7
small_clinic,resource_constrained,98,mvr,medical_device,5.95,40,1.0,7
small_clinic,resource_constrained,99,criticality,vendor_connection,8.75,74,1.0,4
small_clinic,resource_constrained,99,mvr,vendor_connection,8.75,74,1.0,4
small_clinic,resource_constrained,100,criticality,workstation,15.25,72,1.0,12
small_clinic,resource_constrained,100,mvr,workstation,15.25,72,1.0,12
small_clinic,resource_constrained,101,criticality,internet_facing,41.325,62,1.0,5
small_clinic,resource_constrained,101,mvr,internet_facing,41.325,62,1.0,5
small_clinic,resource_constrained,102,criticality,privileged_system,0.0,0,1.0,2
small_clinic,resource_constrained,102,mvr,privileged_system,0.0,0,1.0,2
small_clinic,resource_constrained,103,criticality,medical_device,0.0,0,1.0,5
small_clinic,resource_constrained,103,mvr,medical_device,0.0,0,1.0,5
small_clinic,resource_constrained,104,criticality,vendor_connection,2.0,15,1.0,1
small_clinic,resource_constrained,104,mvr,vendor_connection,2.0,15,1.0,1
small_clinic,resource_constrained,105,criticality,workstation,0.0,0,1.0,3
small_clinic,resource_constrained,105,mvr,workstation,0.0,0,1.0,3
small_clinic,resource_constrained,106,criticality,internet_facing,0.0,0,1.0,1
small_clinic,resource_constrained,106,mvr,internet_facing,0.0,0,1.0,1
small_clinic,resource_constrained,107,criticality,privileged_system,0.0,0,1.0,1
small_clinic,resource_constrained,107,mvr,privileged_system,0.0,0,1.0,1
small_clinic,resource_constrained,108,criticality,medical_device,6.824999999999999,46,1.0,5
small_clinic,resource_constrained,108,mvr,medical_device,6.824999999999999,46,1.0,5
small_clinic,resource_constrained,109,criticality,vendor_connection,0.0,0,1.0,2
small_clinic,resource_constrained,109,mvr,vendor_connection,0.0,0,1.0,2
small_clinic,resource_constrained,110,criticality,workstation,0.0,0,1.0,4
small_clinic,resource_constrained,110,mvr,workstation,0.0,0,1.0,4
small_clinic,resource_constrained,111,criticality,internet_facing,0.0,0,1.0,1
small_clinic,resource_constrained,111,mvr,internet_facing,0.0,0,1.0,1
small_clinic,resource_constrained,112,criticality,privileged_system,4.9,28,1.0,4
small_clinic,resource_constrained,112,mvr,privileged_system,4.9,28,1.0,4
small_clinic,resource_constrained,113,criticality,medical_device,1.8,15,1.0,1
small_clinic,resource_constrained,113,mvr,medical_device,1.8,15,1.0,1
small_clinic,resource_constrained,114,criticality,vendor_connection,0.0,0,1.0,1
small_clinic,resource_constrained,114,mvr,vendor_connection,0.0,0,1.0,1
small_clinic,resource_constrained,115,criticality,workstation,0.0,0,1.0,2
small_clinic,resource_constrained,115,mvr,workstation,0.0,0,1.0,2
small_clinic,resource_constrained,116,criticality,internet_facing,1.8,14,1.0,1
small_clinic,resource_constrained,116,mvr,internet_facing,1.8,14,1.0,1
small_clinic,resource_constrained,117,criticality,privileged_system,4.3,0,1.0,3
small_clinic,resource_constrained,117,mvr,privileged_system,4.3,0,1.0,3
small_clinic,resource_constrained,118,criticality,medical_device,0.0,0,1.0,1
small_clinic,resource_constrained,118,mvr,medical_device,0.0,0,1.0,1
small_clinic,resource_constrained,119,criticality,vendor_connection,41.125,40,1.0,3
small_clinic,resource_constrained,119,mvr,vendor_connection,41.125,40,1.0,3
small_clinic,intermediate_capacity,0,criticality,workstation,0.0,0,1.0,1
small_clinic,intermediate_capacity,0,mvr,workstation,0.0,0,1.0,1
small_clinic,intermediate_capacity,1,criticality,internet_facing,0.0,0,1.0,1
small_clinic,intermediate_capacity,1,mvr,internet_facing,0.0,0,1.0,1
small_clinic,intermediate_capacity,2,criticality,privileged_system,0.0,0,1.0,1
small_clinic,intermediate_capacity,2,mvr,privileged_system,0.0,0,1.0,1
small_clinic,intermediate_capacity,3,criticality,medical_device,0.0,0,1.0,1
small_clinic,intermediate_capacity,3,mvr,medical_device,0.0,0,1.0,1
small_clinic,intermediate_capacity,4,criticality,vendor_connection,0.0,0,1.0,2
small_clinic,intermediate_capacity,4,mvr,vendor_connection,0.0,0,1.0,2
small_clinic,intermediate_capacity,5,criticality,workstation,0.0,0,1.0,1
small_clinic,intermediate_capacity,5,mvr,workstation,0.0,0,1.0,1
small_clinic,intermediate_capacity,6,criticality,internet_facing,0.0,0,1.0,1
small_clinic,intermediate_capacity,6,mvr,internet_facing,0.0,0,1.0,1
small_clinic,intermediate_capacity,7,criticality,privileged_system,9.4,9,1.0,1
small_clinic,intermediate_capacity,7,mvr,privileged_system,9.4,9,1.0,1
small_clinic,intermediate_capacity,8,criticality,medical_device,7.05,53,1.0,4
small_clinic,intermediate_capacity,8,mvr,medical_device,7.05,53,1.0,4
small_clinic,intermediate_capacity,9,criticality,vendor_connection,0.0,0,1.0,1
small_clinic,intermediate_capacity,9,mvr,vendor_connection,0.0,0,1.0,1
small_clinic,intermediate_capacity,10,criticality,workstation,0.0,0,1.0,5
small_clinic,intermediate_capacity,10,mvr,workstation,0.0,0,1.0,5
small_clinic,intermediate_capacity,11,criticality,internet_facing,0.0,0,1.0,1
small_clinic,intermediate_capacity,11,mvr,internet_facing,0.0,0,1.0,1
small_clinic,intermediate_capacity,12,criticality,privileged_system,16.45,15,1.0,1
small_clinic,intermediate_capacity,12,mvr,privileged_system,16.45,15,1.0,1
small_clinic,intermediate_capacity,13,criticality,medical_device,1.2,0,1.0,1
small_clinic,intermediate_capacity,13,mvr,medical_device,1.2,0,1.0,1
small_clinic,intermediate_capacity,14,criticality,vendor_connection,0.0,0,1.0,1
small_clinic,intermediate_capacity,14,mvr,vendor_connection,0.0,0,1.0,1
small_clinic,intermediate_capacity,15,criticality,workstation,0.0,0,1.0,2
small_clinic,intermediate_capacity,15,mvr,workstation,0.0,0,1.0,2
small_clinic,intermediate_capacity,16,criticality,internet_facing,0.0,0,1.0,1
small_clinic,intermediate_capacity,16,mvr,internet_facing,0.0,0,1.0,1
small_clinic,intermediate_capacity,17,criticality,privileged_system,1.0,0,1.0,1
small_clinic,intermediate_capacity,17,mvr,privileged_system,1.0,0,1.0,1
small_clinic,intermediate_capacity,18,criticality,medical_device,9.4,10,1.0,1
small_clinic,intermediate_capacity,18,mvr,medical_device,9.4,10,1.0,1
small_clinic,intermediate_capacity,19,criticality,vendor_connection,0.0,0,1.0,1
small_clinic,intermediate_capacity,19,mvr,vendor_connection,0.0,0,1.0,1
small_clinic,intermediate_capacity,20,criticality,workstation,0.0,0,1.0,1
small_clinic,intermediate_capacity,20,mvr,workstation,0.0,0,1.0,1
small_clinic,intermediate_capacity,21,criticality,internet_facing,0.0,0,1.0,1
small_clinic,intermediate_capacity,21,mvr,internet_facing,0.0,0,1.0,1
small_clinic,intermediate_capacity,22,criticality,privileged_system,5.875,6,1.0,1
small_clinic,intermediate_capacity,22,mvr,privileged_system,5.875,6,1.0,1
small_clinic,intermediate_capacity,23,criticality,medical_device,0.0,0,1.0,2
small_clinic,intermediate_capacity,23,mvr,medical_device,0.0,0,1.0,2
small_clinic,intermediate_capacity,24,criticality,vendor_connection,0.0,0,1.0,1
small_clinic,intermediate_capacity,24,mvr,vendor_connection,0.0,0,1.0,1
small_clinic,intermediate_capacity,25,criticality,workstation,0.0,0,1.0,1
small_clinic,intermediate_capacity,25,mvr,workstation,0.0,0,1.0,1
small_clinic,intermediate_capacity,26,criticality,internet_facing,0.0,0,1.0,1
small_clinic,intermediate_capacity,26,mvr,internet_facing,0.0,0,1.0,1
small_clinic,intermediate_capacity,27,criticality,privileged_system,0.0,0,1.0,1
small_clinic,intermediate_capacity,27,mvr,privileged_system,0.0,0,1.0,1
small_clinic,intermediate_capacity,28,criticality,medical_device,2.4,0,1.0,3
small_clinic,intermediate_capacity,28,mvr,medical_device,2.4,0,1.0,3
small_clinic,intermediate_capacity,29,criticality,vendor_connection,0.0,0,1.0,1
small_clinic,intermediate_capacity,29,mvr,vendor_connection,0.0,0,1.0,1
small_clinic,intermediate_capacity,30,criticality,workstation,0.0,0,1.0,1
small_clinic,intermediate_capacity,30,mvr,workstation,0.0,0,1.0,1
small_clinic,intermediate_capacity,31,criticality,internet_facing,0.0,0,1.0,1
small_clinic,intermediate_capacity,31,mvr,internet_facing,0.0,0,1.0,1
small_clinic,intermediate_capacity,32,criticality,privileged_system,0.0,0,1.0,3
small_clinic,intermediate_capacity,32,mvr,privileged_system,0.0,0,1.0,3
small_clinic,intermediate_capacity,33,criticality,medical_device,1.6,34,1.0,1
small_clinic,intermediate_capacity,33,mvr,medical_device,1.6,34,1.0,1
small_clinic,intermediate_capacity,34,criticality,vendor_connection,0.0,0,1.0,1
small_clinic,intermediate_capacity,34,mvr,vendor_connection,0.0,0,1.0,1
small_clinic,intermediate_capacity,35,criticality,workstation,0.0,0,1.0,2
small_clinic,intermediate_capacity,35,mvr,workstation,0.0,0,1.0,2
small_clinic,intermediate_capacity,36,criticality,internet_facing,0.0,0,1.0,1
small_clinic,intermediate_capacity,36,mvr,internet_facing,0.0,0,1.0,1
small_clinic,intermediate_capacity,37,criticality,privileged_system,14.100000000000001,13,1.0,2
small_clinic,intermediate_capacity,37,mvr,privileged_system,14.100000000000001,13,1.0,2
small_clinic,intermediate_capacity,38,criticality,medical_device,1.4,13,1.0,2
small_clinic,intermediate_capacity,38,mvr,medical_device,1.4,13,1.0,2
small_clinic,intermediate_capacity,39,criticality,vendor_connection,0.0,0,1.0,1
small_clinic,intermediate_capacity,39,mvr,vendor_connection,0.0,0,1.0,1
small_clinic,intermediate_capacity,40,criticality,workstation,1.2,0,1.0,3
small_clinic,intermediate_capacity,40,mvr,workstation,1.2,0,1.0,3
small_clinic,intermediate_capacity,41,criticality,internet_facing,4.75,22,1.0,4
small_clinic,intermediate_capacity,41,mvr,internet_facing,4.75,22,1.0,4
small_clinic,intermediate_capacity,42,criticality,privileged_system,1.6,0,1.0,3
small_clinic,intermediate_capacity,42,mvr,privileged_system,1.6,0,1.0,3
small_clinic,intermediate_capacity,43,criticality,medical_device,0.0,0,1.0,1
small_clinic,intermediate_capacity,43,mvr,medical_device,0.0,0,1.0,1
small_clinic,intermediate_capacity,44,criticality,vendor_connection,1.75,15,1.0,4
small_clinic,intermediate_capacity,44,mvr,vendor_connection,1.75,15,1.0,4
small_clinic,intermediate_capacity,45,criticality,workstation,0.0,0,1.0,1
small_clinic,intermediate_capacity,45,mvr,workstation,0.0,0,1.0,1
small_clinic,intermediate_capacity,46,criticality,internet_facing,0.0,0,1.0,1
small_clinic,intermediate_capacity,46,mvr,internet_facing,0.0,0,1.0,1
small_clinic,intermediate_capacity,47,criticality,privileged_system,0.4,0,1.0,1
small_clinic,intermediate_capacity,47,mvr,privileged_system,0.4,0,1.0,1
small_clinic,intermediate_capacity,48,criticality,medical_device,0.0,0,1.0,2
small_clinic,intermediate_capacity,48,mvr,medical_device,0.0,0,1.0,2
small_clinic,intermediate_capacity,49,criticality,vendor_connection,0.0,0,1.0,2
small_clinic,intermediate_capacity,49,mvr,vendor_connection,0.0,0,1.0,2
small_clinic,intermediate_capacity,50,criticality,workstation,0.8,0,1.0,1
small_clinic,intermediate_capacity,50,mvr,workstation,0.8,0,1.0,1
small_clinic,intermediate_capacity,51,criticality,internet_facing,0.0,0,1.0,2
small_clinic,intermediate_capacity,51,mvr,internet_facing,0.0,0,1.0,2
small_clinic,intermediate_capacity,52,criticality,privileged_system,0.6000000000000001,0,1.0,2
small_clinic,intermediate_capacity,52,mvr,privileged_system,0.6000000000000001,0,1.0,2
small_clinic,intermediate_capacity,53,criticality,medical_device,1.2,0,1.0,3
small_clinic,intermediate_capacity,53,mvr,medical_device,1.2,0,1.0,3
small_clinic,intermediate_capacity,54,criticality,vendor_connection,1.8,25,1.0,1
small_clinic,intermediate_capacity,54,mvr,vendor_connection,1.8,25,1.0,1
small_clinic,intermediate_capacity,55,criticality,workstation,0.0,0,1.0,3
small_clinic,intermediate_capacity,55,mvr,workstation,0.0,0,1.0,3
small_clinic,intermediate_capacity,56,criticality,internet_facing,0.0,0,1.0,1
small_clinic,intermediate_capacity,56,mvr,internet_facing,0.0,0,1.0,1
small_clinic,intermediate_capacity,57,criticality,privileged_system,0.0,0,1.0,1
small_clinic,intermediate_capacity,57,mvr,privileged_system,0.0,0,1.0,1
small_clinic,intermediate_capacity,58,criticality,medical_device,0.0,0,1.0,1
small_clinic,intermediate_capacity,58,mvr,medical_device,0.0,0,1.0,1
small_clinic,intermediate_capacity,59,criticality,vendor_connection,0.0,0,1.0,2
small_clinic,intermediate_capacity,59,mvr,vendor_connection,0.0,0,1.0,2
small_clinic,intermediate_capacity,60,criticality,workstation,0.0,0,1.0,1
small_clinic,intermediate_capacity,60,mvr,workstation,0.0,0,1.0,1
small_clinic,intermediate_capacity,61,criticality,internet_facing,0.0,0,1.0,1
small_clinic,intermediate_capacity,61,mvr,internet_facing,0.0,0,1.0,1
small_clinic,intermediate_capacity,62,criticality,privileged_system,0.0,0,1.0,1
small_clinic,intermediate_capacity,62,mvr,privileged_system,0.0,0,1.0,1
small_clinic,intermediate_capacity,63,criticality,medical_device,0.0,0,1.0,1
small_clinic,intermediate_capacity,63,mvr,medical_device,0.0,0,1.0,1
small_clinic,intermediate_capacity,64,criticality,vendor_connection,13.250000000000002,36,1.0,4
small_clinic,intermediate_capacity,64,mvr,vendor_connection,13.250000000000002,36,1.0,4
small_clinic,intermediate_capacity,65,criticality,workstation,0.0,0,1.0,1
small_clinic,intermediate_capacity,65,mvr,workstation,0.0,0,1.0,1
small_clinic,intermediate_capacity,66,criticality,internet_facing,0.0,0,1.0,1
small_clinic,intermediate_capacity,66,mvr,internet_facing,0.0,0,1.0,1
small_clinic,intermediate_capacity,67,criticality,privileged_system,0.0,0,1.0,2
small_clinic,intermediate_capacity,67,mvr,privileged_system,0.0,0,1.0,2
small_clinic,intermediate_capacity,68,criticality,medical_device,0.0,0,1.0,1
small_clinic,intermediate_capacity,68,mvr,medical_device,0.0,0,1.0,1
small_clinic,intermediate_capacity,69,criticality,vendor_connection,0.0,0,1.0,3
small_clinic,intermediate_capacity,69,mvr,vendor_connection,0.0,0,1.0,3
small_clinic,intermediate_capacity,70,criticality,workstation,9.4,34,1.0,1
small_clinic,intermediate_capacity,70,mvr,workstation,9.4,34,1.0,1
small_clinic,intermediate_capacity,71,criticality,internet_facing,0.0,0,1.0,1
small_clinic,intermediate_capacity,71,mvr,internet_facing,0.0,0,1.0,1
small_clinic,intermediate_capacity,72,criticality,privileged_system,6.0,27,1.0,5
small_clinic,intermediate_capacity,72,mvr,privileged_system,6.0,27,1.0,5
small_clinic,intermediate_capacity,73,criticality,medical_device,1.2,0,1.0,1
small_clinic,intermediate_capacity,73,mvr,medical_device,1.2,0,1.0,1
small_clinic,intermediate_capacity,74,criticality,vendor_connection,0.0,0,1.0,1
small_clinic,intermediate_capacity,74,mvr,vendor_connection,0.0,0,1.0,1
small_clinic,intermediate_capacity,75,criticality,workstation,0.0,0,1.0,2
small_clinic,intermediate_capacity,75,mvr,workstation,0.0,0,1.0,2
small_clinic,intermediate_capacity,76,criticality,internet_facing,1.2,0,1.0,1
small_clinic,intermediate_capacity,76,mvr,internet_facing,1.2,0,1.0,1
small_clinic,intermediate_capacity,77,criticality,privileged_system,0.0,0,1.0,1
small_clinic,intermediate_capacity,77,mvr,privileged_system,0.0,0,1.0,1
small_clinic,intermediate_capacity,78,criticality,medical_device,0.8,0,1.0,3
small_clinic,intermediate_capacity,78,mvr,medical_device,0.8,0,1.0,3
small_clinic,intermediate_capacity,79,criticality,vendor_connection,0.0,0,1.0,1
small_clinic,intermediate_capacity,79,mvr,vendor_connection,0.0,0,1.0,1
small_clinic,intermediate_capacity,80,criticality,workstation,0.0,0,1.0,1
small_clinic,intermediate_capacity,80,mvr,workstation,0.0,0,1.0,1
small_clinic,intermediate_capacity,81,criticality,internet_facing,9.4,10,1.0,2
small_clinic,intermediate_capacity,81,mvr,internet_facing,9.4,10,1.0,2
small_clinic,intermediate_capacity,82,criticality,privileged_system,0.0,0,1.0,1
small_clinic,intermediate_capacity,82,mvr,privileged_system,0.0,0,1.0,1
small_clinic,intermediate_capacity,83,criticality,medical_device,0.0,0,1.0,1
small_clinic,intermediate_capacity,83,mvr,medical_device,0.0,0,1.0,1
small_clinic,intermediate_capacity,84,criticality,vendor_connection,0.0,0,1.0,1
small_clinic,intermediate_capacity,84,mvr,vendor_connection,0.0,0,1.0,1
small_clinic,intermediate_capacity,85,criticality,workstation,1.2,0,1.0,1
small_clinic,intermediate_capacity,85,mvr,workstation,1.2,0,1.0,1
small_clinic,intermediate_capacity,86,criticality,internet_facing,0.0,0,1.0,2
small_clinic,intermediate_capacity,86,mvr,internet_facing,0.0,0,1.0,2
small_clinic,intermediate_capacity,87,criticality,privileged_system,1.3,0,1.0,1
small_clinic,intermediate_capacity,87,mvr,privileged_system,1.3,0,1.0,1
small_clinic,intermediate_capacity,88,criticality,medical_device,10.625000000000002,16,1.0,3
small_clinic,intermediate_capacity,88,mvr,medical_device,10.625000000000002,16,1.0,3
small_clinic,intermediate_capacity,89,criticality,vendor_connection,0.0,0,1.0,1
small_clinic,intermediate_capacity,89,mvr,vendor_connection,0.0,0,1.0,1
small_clinic,intermediate_capacity,90,criticality,workstation,0.0,0,1.0,1
small_clinic,intermediate_capacity,90,mvr,workstation,0.0,0,1.0,1
small_clinic,intermediate_capacity,91,criticality,internet_facing,0.0,0,1.0,3
small_clinic,intermediate_capacity,91,mvr,internet_facing,0.0,0,1.0,3
small_clinic,intermediate_capacity,92,criticality,privileged_system,2.35,3,1.0,1
small_clinic,intermediate_capacity,92,mvr,privileged_system,2.35,3,1.0,1
small_clinic,intermediate_capacity,93,criticality,medical_device,0.0,0,1.0,2
small_clinic,intermediate_capacity,93,mvr,medical_device,0.0,0,1.0,2
small_clinic,intermediate_capacity,94,criticality,vendor_connection,0.0,0,1.0,1
small_clinic,intermediate_capacity,94,mvr,vendor_connection,0.0,0,1.0,1
small_clinic,intermediate_capacity,95,criticality,workstation,0.0,0,1.0,6
small_clinic,intermediate_capacity,95,mvr,workstation,0.0,0,1.0,6
small_clinic,intermediate_capacity,96,criticality,internet_facing,10.8,16,1.0,2
small_clinic,intermediate_capacity,96,mvr,internet_facing,10.8,16,1.0,2
small_clinic,intermediate_capacity,97,criticality,privileged_system,0.0,0,1.0,2
small_clinic,intermediate_capacity,97,mvr,privileged_system,0.0,0,1.0,2
small_clinic,intermediate_capacity,98,criticality,medical_device,0.0,0,1.0,2
small_clinic,intermediate_capacity,98,mvr,medical_device,0.0,0,1.0,2
small_clinic,intermediate_capacity,99,criticality,vendor_connection,0.0,0,1.0,2
small_clinic,intermediate_capacity,99,mvr,vendor_connection,0.0,0,1.0,2
small_clinic,intermediate_capacity,100,criticality,workstation,0.0,0,1.0,1
small_clinic,intermediate_capacity,100,mvr,workstation,0.0,0,1.0,1
small_clinic,intermediate_capacity,101,criticality,internet_facing,0.0,0,1.0,1
small_clinic,intermediate_capacity,101,mvr,internet_facing,0.0,0,1.0,1
small_clinic,intermediate_capacity,102,criticality,privileged_system,0.0,0,1.0,1
small_clinic,intermediate_capacity,102,mvr,privileged_system,0.0,0,1.0,1
small_clinic,intermediate_capacity,103,criticality,medical_device,8.1,42,1.0,6
small_clinic,intermediate_capacity,103,mvr,medical_device,8.1,42,1.0,6
small_clinic,intermediate_capacity,104,criticality,vendor_connection,0.0,0,1.0,1
small_clinic,intermediate_capacity,104,mvr,vendor_connection,0.0,0,1.0,1
small_clinic,intermediate_capacity,105,criticality,workstation,0.0,0,1.0,5
small_clinic,intermediate_capacity,105,mvr,workstation,0.0,0,1.0,5
small_clinic,intermediate_capacity,106,criticality,internet_facing,0.0,0,1.0,1
small_clinic,intermediate_capacity,106,mvr,internet_facing,0.0,0,1.0,1
small_clinic,intermediate_capacity,107,criticality,privileged_system,0.0,0,1.0,1
small_clinic,intermediate_capacity,107,mvr,privileged_system,0.0,0,1.0,1
small_clinic,intermediate_capacity,108,criticality,medical_device,9.4,58,1.0,2
small_clinic,intermediate_capacity,108,mvr,medical_device,9.4,58,1.0,2
small_clinic,intermediate_capacity,109,criticality,vendor_connection,0.0,0,1.0,1
small_clinic,intermediate_capacity,109,mvr,vendor_connection,0.0,0,1.0,1
small_clinic,intermediate_capacity,110,criticality,workstation,0.0,0,1.0,1
small_clinic,intermediate_capacity,110,mvr,workstation,0.0,0,1.0,1
small_clinic,intermediate_capacity,111,criticality,internet_facing,0.0,0,1.0,1
small_clinic,intermediate_capacity,111,mvr,internet_facing,0.0,0,1.0,1
small_clinic,intermediate_capacity,112,criticality,privileged_system,0.2,0,1.0,1
small_clinic,intermediate_capacity,112,mvr,privileged_system,0.2,0,1.0,1
small_clinic,intermediate_capacity,113,criticality,medical_device,1.8,15,1.0,1
small_clinic,intermediate_capacity,113,mvr,medical_device,1.8,15,1.0,1
small_clinic,intermediate_capacity,114,criticality,vendor_connection,0.0,0,1.0,1
small_clinic,intermediate_capacity,114,mvr,vendor_connection,0.0,0,1.0,1
small_clinic,intermediate_capacity,115,criticality,workstation,0.0,0,1.0,2
small_clinic,intermediate_capacity,115,mvr,workstation,0.0,0,1.0,2
small_clinic,intermediate_capacity,116,criticality,internet_facing,1.8,14,1.0,1
small_clinic,intermediate_capacity,116,mvr,internet_facing,1.8,14,1.0,1
small_clinic,intermediate_capacity,117,criticality,privileged_system,1.5,0,1.0,2
small_clinic,intermediate_capacity,117,mvr,privileged_system,1.5,0,1.0,2
small_clinic,intermediate_capacity,118,criticality,medical_device,0.0,0,1.0,1
small_clinic,intermediate_capacity,118,mvr,medical_device,0.0,0,1.0,1
small_clinic,intermediate_capacity,119,criticality,vendor_connection,0.0,0,1.0,1
small_clinic,intermediate_capacity,119,mvr,vendor_connection,0.0,0,1.0,1
small_clinic,high_capacity,0,criticality,workstation,0.0,0,1.0,1
small_clinic,high_capacity,0,mvr,workstation,0.0,0,1.0,1
small_clinic,high_capacity,1,criticality,internet_facing,0.0,0,1.0,1
small_clinic,high_capacity,1,mvr,internet_facing,0.0,0,1.0,1
small_clinic,high_capacity,2,criticality,privileged_system,0.0,0,1.0,1
small_clinic,high_capacity,2,mvr,privileged_system,0.0,0,1.0,1
small_clinic,high_capacity,3,criticality,medical_device,0.0,0,1.0,1
small_clinic,high_capacity,3,mvr,medical_device,0.0,0,1.0,1
small_clinic,high_capacity,4,criticality,vendor_connection,0.8,0,1.0,1
small_clinic,high_capacity,4,mvr,vendor_connection,0.8,0,1.0,1
small_clinic,high_capacity,5,criticality,workstation,0.0,0,1.0,1
small_clinic,high_capacity,5,mvr,workstation,0.0,0,1.0,1
small_clinic,high_capacity,6,criticality,internet_facing,0.0,0,1.0,1
small_clinic,high_capacity,6,mvr,internet_facing,0.0,0,1.0,1
small_clinic,high_capacity,7,criticality,privileged_system,2.35,3,1.0,1
small_clinic,high_capacity,7,mvr,privileged_system,2.35,3,1.0,1
small_clinic,high_capacity,8,criticality,medical_device,0.0,0,1.0,1
small_clinic,high_capacity,8,mvr,medical_device,0.0,0,1.0,1
small_clinic,high_capacity,9,criticality,vendor_connection,0.0,0,1.0,1
small_clinic,high_capacity,9,mvr,vendor_connection,0.0,0,1.0,1
small_clinic,high_capacity,10,criticality,workstation,1.2,0,1.0,2
small_clinic,high_capacity,10,mvr,workstation,1.2,0,1.0,2
small_clinic,high_capacity,11,criticality,internet_facing,0.0,0,1.0,1
small_clinic,high_capacity,11,mvr,internet_facing,0.0,0,1.0,1
small_clinic,high_capacity,12,criticality,privileged_system,2.35,3,1.0,1
small_clinic,high_capacity,12,mvr,privileged_system,2.35,3,1.0,1
small_clinic,high_capacity,13,criticality,medical_device,0.0,0,1.0,2
small_clinic,high_capacity,13,mvr,medical_device,0.0,0,1.0,2
small_clinic,high_capacity,14,criticality,vendor_connection,0.0,0,1.0,1
small_clinic,high_capacity,14,mvr,vendor_connection,0.0,0,1.0,1
small_clinic,high_capacity,15,criticality,workstation,0.0,0,1.0,1
small_clinic,high_capacity,15,mvr,workstation,0.0,0,1.0,1
small_clinic,high_capacity,16,criticality,internet_facing,0.8,0,1.0,1
small_clinic,high_capacity,16,mvr,internet_facing,0.8,0,1.0,1
small_clinic,high_capacity,17,criticality,privileged_system,0.30000000000000004,0,1.0,1
small_clinic,high_capacity,17,mvr,privileged_system,0.30000000000000004,0,1.0,1
small_clinic,high_capacity,18,criticality,medical_device,0.0,0,1.0,1
small_clinic,high_capacity,18,mvr,medical_device,0.0,0,1.0,1
small_clinic,high_capacity,19,criticality,vendor_connection,0.0,0,1.0,1
small_clinic,high_capacity,19,mvr,vendor_connection,0.0,0,1.0,1
small_clinic,high_capacity,20,criticality,workstation,0.0,0,1.0,1
small_clinic,high_capacity,20,mvr,workstation,0.0,0,1.0,1
small_clinic,high_capacity,21,criticality,internet_facing,0.0,0,1.0,1
small_clinic,high_capacity,21,mvr,internet_facing,0.0,0,1.0,1
small_clinic,high_capacity,22,criticality,privileged_system,0.0,0,1.0,1
small_clinic,high_capacity,22,mvr,privileged_system,0.0,0,1.0,1
small_clinic,high_capacity,23,criticality,medical_device,0.0,0,1.0,1
small_clinic,high_capacity,23,mvr,medical_device,0.0,0,1.0,1
small_clinic,high_capacity,24,criticality,vendor_connection,0.0,0,1.0,1
small_clinic,high_capacity,24,mvr,vendor_connection,0.0,0,1.0,1
small_clinic,high_capacity,25,criticality,workstation,0.0,0,1.0,1
small_clinic,high_capacity,25,mvr,workstation,0.0,0,1.0,1
small_clinic,high_capacity,26,criticality,internet_facing,0.0,0,1.0,1
small_clinic,high_capacity,26,mvr,internet_facing,0.0,0,1.0,1
small_clinic,high_capacity,27,criticality,privileged_system,0.0,0,1.0,1
small_clinic,high_capacity,27,mvr,privileged_system,0.0,0,1.0,1
small_clinic,high_capacity,28,criticality,medical_device,2.0,9,1.0,1
small_clinic,high_capacity,28,mvr,medical_device,2.0,9,1.0,1
small_clinic,high_capacity,29,criticality,vendor_connection,0.0,0,1.0,1
small_clinic,high_capacity,29,mvr,vendor_connection,0.0,0,1.0,1
small_clinic,high_capacity,30,criticality,workstation,0.0,0,1.0,1
small_clinic,high_capacity,30,mvr,workstation,0.0,0,1.0,1
small_clinic,high_capacity,31,criticality,internet_facing,0.0,0,1.0,1
small_clinic,high_capacity,31,mvr,internet_facing,0.0,0,1.0,1
small_clinic,high_capacity,32,criticality,privileged_system,2.35,3,1.0,1
small_clinic,high_capacity,32,mvr,privileged_system,2.35,3,1.0,1
small_clinic,high_capacity,33,criticality,medical_device,0.0,0,1.0,1
small_clinic,high_capacity,33,mvr,medical_device,0.0,0,1.0,1
small_clinic,high_capacity,34,criticality,vendor_connection,0.0,0,1.0,1
small_clinic,high_capacity,34,mvr,vendor_connection,0.0,0,1.0,1
small_clinic,high_capacity,35,criticality,workstation,0.0,0,1.0,2
small_clinic,high_capacity,35,mvr,workstation,0.0,0,1.0,2
small_clinic,high_capacity,36,criticality,internet_facing,0.0,0,1.0,1
small_clinic,high_capacity,36,mvr,internet_facing,0.0,0,1.0,1
small_clinic,high_capacity,37,criticality,privileged_system,0.0,0,1.0,1
small_clinic,high_capacity,37,mvr,privileged_system,0.0,0,1.0,1
small_clinic,high_capacity,38,criticality,medical_device,0.0,0,1.0,1
small_clinic,high_capacity,38,mvr,medical_device,0.0,0,1.0,1
small_clinic,high_capacity,39,criticality,vendor_connection,0.0,0,1.0,1
small_clinic,high_capacity,39,mvr,vendor_connection,0.0,0,1.0,1
small_clinic,high_capacity,40,criticality,workstation,1.6,11,1.0,1
small_clinic,high_capacity,40,mvr,workstation,1.6,11,1.0,1
small_clinic,high_capacity,41,criticality,internet_facing,0.0,0,1.0,1
small_clinic,high_capacity,41,mvr,internet_facing,0.0,0,1.0,1
small_clinic,high_capacity,42,criticality,privileged_system,11.000000000000002,24,1.0,1
small_clinic,high_capacity,42,mvr,privileged_system,11.000000000000002,24,1.0,1
small_clinic,high_capacity,43,criticality,medical_device,0.0,0,1.0,1
small_clinic,high_capacity,43,mvr,medical_device,0.0,0,1.0,1
small_clinic,high_capacity,44,criticality,vendor_connection,0.0,0,1.0,1
small_clinic,high_capacity,44,mvr,vendor_connection,0.0,0,1.0,1
small_clinic,high_capacity,45,criticality,workstation,0.0,0,1.0,1
small_clinic,high_capacity,45,mvr,workstation,0.0,0,1.0,1
small_clinic,high_capacity,46,criticality,internet_facing,0.0,0,1.0,1
small_clinic,high_capacity,46,mvr,internet_facing,0.0,0,1.0,1
small_clinic,high_capacity,47,criticality,privileged_system,0.0,0,1.0,1
small_clinic,high_capacity,47,mvr,privileged_system,0.0,0,1.0,1
small_clinic,high_capacity,48,criticality,medical_device,0.0,0,1.0,1
small_clinic,high_capacity,48,mvr,medical_device,0.0,0,1.0,1
small_clinic,high_capacity,49,criticality,vendor_connection,0.0,0,1.0,2
small_clinic,high_capacity,49,mvr,vendor_connection,0.0,0,1.0,2
small_clinic,high_capacity,50,criticality,workstation,0.0,0,1.0,1
small_clinic,high_capacity,50,mvr,workstation,0.0,0,1.0,1
small_clinic,high_capacity,51,criticality,internet_facing,0.0,0,1.0,1
small_clinic,high_capacity,51,mvr,internet_facing,0.0,0,1.0,1
small_clinic,high_capacity,52,criticality,privileged_system,2.35,3,1.0,1
small_clinic,high_capacity,52,mvr,privileged_system,2.35,3,1.0,1
small_clinic,high_capacity,53,criticality,medical_device,0.0,0,1.0,1
small_clinic,high_capacity,53,mvr,medical_device,0.0,0,1.0,1
small_clinic,high_capacity,54,criticality,vendor_connection,2.2,26,1.0,1
small_clinic,high_capacity,54,mvr,vendor_connection,2.2,26,1.0,1
small_clinic,high_capacity,55,criticality,workstation,0.0,0,1.0,1
small_clinic,high_capacity,55,mvr,workstation,0.0,0,1.0,1
small_clinic,high_capacity,56,criticality,internet_facing,0.0,0,1.0,1
small_clinic,high_capacity,56,mvr,internet_facing,0.0,0,1.0,1
small_clinic,high_capacity,57,criticality,privileged_system,0.8,0,1.0,1
small_clinic,high_capacity,57,mvr,privileged_system,0.8,0,1.0,1
small_clinic,high_capacity,58,criticality,medical_device,0.0,0,1.0,1
small_clinic,high_capacity,58,mvr,medical_device,0.0,0,1.0,1
small_clinic,high_capacity,59,criticality,vendor_connection,0.0,0,1.0,2
small_clinic,high_capacity,59,mvr,vendor_connection,0.0,0,1.0,2
small_clinic,high_capacity,60,criticality,workstation,0.0,0,1.0,1
small_clinic,high_capacity,60,mvr,workstation,0.0,0,1.0,1
small_clinic,high_capacity,61,criticality,internet_facing,0.0,0,1.0,1
small_clinic,high_capacity,61,mvr,internet_facing,0.0,0,1.0,1
small_clinic,high_capacity,62,criticality,privileged_system,0.0,0,1.0,1
small_clinic,high_capacity,62,mvr,privileged_system,0.0,0,1.0,1
small_clinic,high_capacity,63,criticality,medical_device,0.0,0,1.0,1
small_clinic,high_capacity,63,mvr,medical_device,0.0,0,1.0,1
small_clinic,high_capacity,64,criticality,vendor_connection,0.0,0,1.0,1
small_clinic,high_capacity,64,mvr,vendor_connection,0.0,0,1.0,1
small_clinic,high_capacity,65,criticality,workstation,0.0,0,1.0,1
small_clinic,high_capacity,65,mvr,workstation,0.0,0,1.0,1
small_clinic,high_capacity,66,criticality,internet_facing,0.0,0,1.0,1
small_clinic,high_capacity,66,mvr,internet_facing,0.0,0,1.0,1
small_clinic,high_capacity,67,criticality,privileged_system,0.0,0,1.0,1
small_clinic,high_capacity,67,mvr,privileged_system,0.0,0,1.0,1
small_clinic,high_capacity,68,criticality,medical_device,0.0,0,1.0,1
small_clinic,high_capacity,68,mvr,medical_device,0.0,0,1.0,1
small_clinic,high_capacity,69,criticality,vendor_connection,0.0,0,1.0,2
small_clinic,high_capacity,69,mvr,vendor_connection,0.0,0,1.0,2
small_clinic,high_capacity,70,criticality,workstation,0.0,0,1.0,1
small_clinic,high_capacity,70,mvr,workstation,0.0,0,1.0,1
small_clinic,high_capacity,71,criticality,internet_facing,0.0,0,1.0,1
small_clinic,high_capacity,71,mvr,internet_facing,0.0,0,1.0,1
small_clinic,high_capacity,72,criticality,privileged_system,3.2,14,1.0,1
small_clinic,high_capacity,72,mvr,privileged_system,3.2,14,1.0,1
small_clinic,high_capacity,73,criticality,medical_device,9.4,9,1.0,1
small_clinic,high_capacity,73,mvr,medical_device,9.4,9,1.0,1
small_clinic,high_capacity,74,criticality,vendor_connection,0.0,0,1.0,1
small_clinic,high_capacity,74,mvr,vendor_connection,0.0,0,1.0,1
small_clinic,high_capacity,75,criticality,workstation,0.0,0,1.0,1
small_clinic,high_capacity,75,mvr,workstation,0.0,0,1.0,1
small_clinic,high_capacity,76,criticality,internet_facing,0.0,0,1.0,1
small_clinic,high_capacity,76,mvr,internet_facing,0.0,0,1.0,1
small_clinic,high_capacity,77,criticality,privileged_system,2.35,3,1.0,1
small_clinic,high_capacity,77,mvr,privileged_system,2.35,3,1.0,1
small_clinic,high_capacity,78,criticality,medical_device,0.0,0,1.0,1
small_clinic,high_capacity,78,mvr,medical_device,0.0,0,1.0,1
small_clinic,high_capacity,79,criticality,vendor_connection,0.0,0,1.0,1
small_clinic,high_capacity,79,mvr,vendor_connection,0.0,0,1.0,1
small_clinic,high_capacity,80,criticality,workstation,0.0,0,1.0,1
small_clinic,high_capacity,80,mvr,workstation,0.0,0,1.0,1
small_clinic,high_capacity,81,criticality,internet_facing,0.0,0,1.0,2
small_clinic,high_capacity,81,mvr,internet_facing,0.0,0,1.0,2
small_clinic,high_capacity,82,criticality,privileged_system,0.0,0,1.0,1
small_clinic,high_capacity,82,mvr,privileged_system,0.0,0,1.0,1
small_clinic,high_capacity,83,criticality,medical_device,0.0,0,1.0,2
small_clinic,high_capacity,83,mvr,medical_device,0.0,0,1.0,2
small_clinic,high_capacity,84,criticality,vendor_connection,0.0,0,1.0,1
small_clinic,high_capacity,84,mvr,vendor_connection,0.0,0,1.0,1
small_clinic,high_capacity,85,criticality,workstation,0.0,0,1.0,1
small_clinic,high_capacity,85,mvr,workstation,0.0,0,1.0,1
small_clinic,high_capacity,86,criticality,internet_facing,0.0,0,1.0,1
small_clinic,high_capacity,86,mvr,internet_facing,0.0,0,1.0,1
small_clinic,high_capacity,87,criticality,privileged_system,2.35,3,1.0,1
small_clinic,high_capacity,87,mvr,privileged_system,2.35,3,1.0,1
small_clinic,high_capacity,88,criticality,medical_device,9.4,9,1.0,1
small_clinic,high_capacity,88,mvr,medical_device,9.4,9,1.0,1
small_clinic,high_capacity,89,criticality,vendor_connection,0.0,0,1.0,1
small_clinic,high_capacity,89,mvr,vendor_connection,0.0,0,1.0,1
small_clinic,high_capacity,90,criticality,workstation,0.0,0,1.0,1
small_clinic,high_capacity,90,mvr,workstation,0.0,0,1.0,1
small_clinic,high_capacity,91,criticality,internet_facing,0.0,0,1.0,1
small_clinic,high_capacity,91,mvr,internet_facing,0.0,0,1.0,1
small_clinic,high_capacity,92,criticality,privileged_system,0.0,0,1.0,1
small_clinic,high_capacity,92,mvr,privileged_system,0.0,0,1.0,1
small_clinic,high_capacity,93,criticality,medical_device,0.0,0,1.0,1
small_clinic,high_capacity,93,mvr,medical_device,0.0,0,1.0,1
small_clinic,high_capacity,94,criticality,vendor_connection,0.0,0,1.0,1
small_clinic,high_capacity,94,mvr,vendor_connection,0.0,0,1.0,1
small_clinic,high_capacity,95,criticality,workstation,0.0,0,1.0,1
small_clinic,high_capacity,95,mvr,workstation,0.0,0,1.0,1
small_clinic,high_capacity,96,criticality,internet_facing,2.8,9,1.0,1
small_clinic,high_capacity,96,mvr,internet_facing,2.8,9,1.0,1
small_clinic,high_capacity,97,criticality,privileged_system,0.0,0,1.0,1
small_clinic,high_capacity,97,mvr,privileged_system,0.0,0,1.0,1
small_clinic,high_capacity,98,criticality,medical_device,0.0,0,1.0,1
small_clinic,high_capacity,98,mvr,medical_device,0.0,0,1.0,1
small_clinic,high_capacity,99,criticality,vendor_connection,0.0,0,1.0,1
small_clinic,high_capacity,99,mvr,vendor_connection,0.0,0,1.0,1
small_clinic,high_capacity,100,criticality,workstation,0.0,0,1.0,1
small_clinic,high_capacity,100,mvr,workstation,0.0,0,1.0,1
small_clinic,high_capacity,101,criticality,internet_facing,0.0,0,1.0,1
small_clinic,high_capacity,101,mvr,internet_facing,0.0,0,1.0,1
small_clinic,high_capacity,102,criticality,privileged_system,0.0,0,1.0,1
small_clinic,high_capacity,102,mvr,privileged_system,0.0,0,1.0,1
small_clinic,high_capacity,103,criticality,medical_device,0.0,0,1.0,1
small_clinic,high_capacity,103,mvr,medical_device,0.0,0,1.0,1
small_clinic,high_capacity,104,criticality,vendor_connection,0.0,0,1.0,1
small_clinic,high_capacity,104,mvr,vendor_connection,0.0,0,1.0,1
small_clinic,high_capacity,105,criticality,workstation,0.0,0,1.0,2
small_clinic,high_capacity,105,mvr,workstation,0.0,0,1.0,2
small_clinic,high_capacity,106,criticality,internet_facing,0.0,0,1.0,1
small_clinic,high_capacity,106,mvr,internet_facing,0.0,0,1.0,1
small_clinic,high_capacity,107,criticality,privileged_system,7.050000000000001,7,1.0,2
small_clinic,high_capacity,107,mvr,privileged_system,7.050000000000001,7,1.0,2
small_clinic,high_capacity,108,criticality,medical_device,0.0,0,1.0,1
small_clinic,high_capacity,108,mvr,medical_device,0.0,0,1.0,1
small_clinic,high_capacity,109,criticality,vendor_connection,0.0,0,1.0,1
small_clinic,high_capacity,109,mvr,vendor_connection,0.0,0,1.0,1
small_clinic,high_capacity,110,criticality,workstation,0.0,0,1.0,1
small_clinic,high_capacity,110,mvr,workstation,0.0,0,1.0,1
small_clinic,high_capacity,111,criticality,internet_facing,0.0,0,1.0,1
small_clinic,high_capacity,111,mvr,internet_facing,0.0,0,1.0,1
small_clinic,high_capacity,112,criticality,privileged_system,0.0,0,1.0,1
small_clinic,high_capacity,112,mvr,privileged_system,0.0,0,1.0,1
small_clinic,high_capacity,113,criticality,medical_device,0.0,0,1.0,1
small_clinic,high_capacity,113,mvr,medical_device,0.0,0,1.0,1
small_clinic,high_capacity,114,criticality,vendor_connection,0.0,0,1.0,1
small_clinic,high_capacity,114,mvr,vendor_connection,0.0,0,1.0,1
small_clinic,high_capacity,115,criticality,workstation,0.0,0,1.0,1
small_clinic,high_capacity,115,mvr,workstation,0.0,0,1.0,1
small_clinic,high_capacity,116,criticality,internet_facing,9.4,14,1.0,1
small_clinic,high_capacity,116,mvr,internet_facing,9.4,14,1.0,1
small_clinic,high_capacity,117,criticality,privileged_system,0.0,0,1.0,1
small_clinic,high_capacity,117,mvr,privileged_system,0.0,0,1.0,1
small_clinic,high_capacity,118,criticality,medical_device,0.0,0,1.0,1
small_clinic,high_capacity,118,mvr,medical_device,0.0,0,1.0,1
small_clinic,high_capacity,119,criticality,vendor_connection,0.0,0,1.0,1
small_clinic,high_capacity,119,mvr,vendor_connection,0.0,0,1.0,1
regional_hospital,resource_constrained,0,criticality,workstation,0.0,0,1.0,2
regional_hospital,resource_constrained,0,mvr,workstation,0.0,0,1.0,2
regional_hospital,resource_constrained,1,criticality,internet_facing,0.0,0,1.0,1
regional_hospital,resource_constrained,1,mvr,internet_facing,0.0,0,1.0,1
regional_hospital,resource_constrained,2,criticality,privileged_system,34.9,145,1.0,79
regional_hospital,resource_constrained,2,mvr,privileged_system,34.9,145,1.0,79
regional_hospital,resource_constrained,3,criticality,medical_device,4.800000000000001,111,1.0,21
regional_hospital,resource_constrained,3,mvr,medical_device,4.800000000000001,111,1.0,21
regional_hospital,resource_constrained,4,criticality,vendor_connection,1.6,167,1.0,5
regional_hospital,resource_constrained,4,mvr,vendor_connection,1.6,167,1.0,5
regional_hospital,resource_constrained,5,criticality,workstation,0.0,0,1.0,1
regional_hospital,resource_constrained,5,mvr,workstation,0.0,0,1.0,1
regional_hospital,resource_constrained,6,criticality,internet_facing,0.0,0,1.0,1
regional_hospital,resource_constrained,6,mvr,internet_facing,0.0,0,1.0,1
regional_hospital,resource_constrained,7,criticality,privileged_system,0.0,0,1.0,1
regional_hospital,resource_constrained,7,mvr,privileged_system,0.0,0,1.0,1
regional_hospital,resource_constrained,8,criticality,medical_device,1.2,0,1.0,2
regional_hospital,resource_constrained,8,mvr,medical_device,1.2,0,1.0,2
regional_hospital,resource_constrained,9,criticality,vendor_connection,1.8,38,1.0,1
regional_hospital,resource_constrained,9,mvr,vendor_connection,1.8,38,1.0,1
regional_hospital,resource_constrained,10,criticality,workstation,11.2,192,1.0,11
regional_hospital,resource_constrained,10,mvr,workstation,11.2,192,1.0,11
regional_hospital,resource_constrained,11,criticality,internet_facing,16.6,174,1.0,6
regional_hospital,resource_constrained,11,mvr,internet_facing,16.6,174,1.0,6
regional_hospital,resource_constrained,12,criticality,privileged_system,9.900000000000002,9,1.0,1
regional_hospital,resource_constrained,12,mvr,privileged_system,9.900000000000002,9,1.0,1
regional_hospital,resource_constrained,13,criticality,medical_device,7.6,145,1.0,13
regional_hospital,resource_constrained,13,mvr,medical_device,7.6,145,1.0,13
regional_hospital,resource_constrained,14,criticality,vendor_connection,91.75000000000001,156,1.0,27
regional_hospital,resource_constrained,14,mvr,vendor_connection,91.75000000000001,156,1.0,27
regional_hospital,resource_constrained,15,criticality,workstation,0.0,0,1.0,2
regional_hospital,resource_constrained,15,mvr,workstation,0.0,0,1.0,2
regional_hospital,resource_constrained,16,criticality,internet_facing,5.175000000000001,-1,0.8571428571428571,1
regional_hospital,resource_constrained,16,mvr,internet_facing,5.175000000000001,-1,0.8571428571428571,1
regional_hospital,resource_constrained,17,criticality,privileged_system,16.3,161,1.0,14
regional_hospital,resource_constrained,17,mvr,privileged_system,16.3,161,1.0,14
regional_hospital,resource_constrained,18,criticality,medical_device,0.0,0,1.0,3
regional_hospital,resource_constrained,18,mvr,medical_device,0.0,0,1.0,3
regional_hospital,resource_constrained,19,criticality,vendor_connection,0.0,0,1.0,3
regional_hospital,resource_constrained,19,mvr,vendor_connection,0.0,0,1.0,3
regional_hospital,resource_constrained,20,criticality,workstation,3.2,50,1.0,1
regional_hospital,resource_constrained,20,mvr,workstation,3.2,50,1.0,1
regional_hospital,resource_constrained,21,criticality,internet_facing,1.2,0,1.0,5
regional_hospital,resource_constrained,21,mvr,internet_facing,1.2,0,1.0,5
regional_hospital,resource_constrained,22,criticality,privileged_system,0.0,0,1.0,4
regional_hospital,resource_constrained,22,mvr,privileged_system,0.0,0,1.0,4
regional_hospital,resource_constrained,23,criticality,medical_device,6.6000000000000005,121,1.0,2
regional_hospital,resource_constrained,23,mvr,medical_device,6.6000000000000005,121,1.0,2
regional_hospital,resource_constrained,24,criticality,vendor_connection,25.175,127,1.0,18
regional_hospital,resource_constrained,24,mvr,vendor_connection,25.175,127,1.0,18
regional_hospital,resource_constrained,25,criticality,workstation,1.8,20,1.0,1
regional_hospital,resource_constrained,25,mvr,workstation,1.8,20,1.0,1
regional_hospital,resource_constrained,26,criticality,internet_facing,0.0,0,1.0,2
regional_hospital,resource_constrained,26,mvr,internet_facing,0.0,0,1.0,2
regional_hospital,resource_constrained,27,criticality,privileged_system,0.0,0,1.0,36
regional_hospital,resource_constrained,27,mvr,privileged_system,0.0,0,1.0,36
regional_hospital,resource_constrained,28,criticality,medical_device,29.875,127,1.0,24
regional_hospital,resource_constrained,28,mvr,medical_device,29.875,127,1.0,24
regional_hospital,resource_constrained,29,criticality,vendor_connection,0.0,0,1.0,1
regional_hospital,resource_constrained,29,mvr,vendor_connection,0.0,0,1.0,1
regional_hospital,resource_constrained,30,criticality,workstation,0.8,0,1.0,24
regional_hospital,resource_constrained,30,mvr,workstation,0.8,0,1.0,24
regional_hospital,resource_constrained,31,criticality,internet_facing,0.8,0,1.0,3
regional_hospital,resource_constrained,31,mvr,internet_facing,0.8,0,1.0,3
regional_hospital,resource_constrained,32,criticality,privileged_system,20.3,-1,0.8571428571428571,40
regional_hospital,resource_constrained,32,mvr,privileged_system,20.3,-1,0.8571428571428571,40
regional_hospital,resource_constrained,33,criticality,medical_device,20.0,157,1.0,4
regional_hospital,resource_constrained,33,mvr,medical_device,20.0,157,1.0,4
regional_hospital,resource_constrained,34,criticality,vendor_connection,188.0,-1,0.14285714285714285,92
regional_hospital,resource_constrained,34,mvr,vendor_connection,188.0,-1,0.14285714285714285,92
regional_hospital,resource_constrained,35,criticality,workstation,1.8,90,1.0,22
regional_hospital,resource_constrained,35,mvr,workstation,1.8,90,1.0,22
regional_hospital,resource_constrained,36,criticality,internet_facing,0.0,0,1.0,2
regional_hospital,resource_constrained,36,mvr,internet_facing,0.0,0,1.0,2
regional_hospital,resource_constrained,37,criticality,privileged_system,38.64999999999999,152,1.0,42
regional_hospital,resource_constrained,37,mvr,privileged_system,38.64999999999999,152,1.0,42
regional_hospital,resource_constrained,38,criticality,medical_device,6.6,131,1.0,6
regional_hospital,resource_constrained,38,mvr,medical_device,6.6,131,1.0,6
regional_hospital,resource_constrained,39,criticality,vendor_connection,2.4000000000000004,13,1.0,1
regional_hospital,resource_constrained,39,mvr,vendor_connection,2.4000000000000004,13,1.0,1
regional_hospital,resource_constrained,40,criticality,workstation,2.8,9,1.0,1
regional_hospital,resource_constrained,40,mvr,workstation,2.8,9,1.0,1
regional_hospital,resource_constrained,41,criticality,internet_facing,4.2,157,1.0,1
regional_hospital,resource_constrained,41,mvr,internet_facing,4.2,157,1.0,1
regional_hospital,resource_constrained,42,criticality,privileged_system,1.2,0,1.0,1
regional_hospital,resource_constrained,42,mvr,privileged_system,1.2,0,1.0,1
regional_hospital,resource_constrained,43,criticality,medical_device,0.0,0,1.0,1
regional_hospital,resource_constrained,43,mvr,medical_device,0.0,0,1.0,1
regional_hospital,resource_constrained,44,criticality,vendor_connection,0.0,0,1.0,9
regional_hospital,resource_constrained,44,mvr,vendor_connection,0.0,0,1.0,9
regional_hospital,resource_constrained,45,criticality,workstation,37.825,76,1.0,45
regional_hospital,resource_constrained,45,mvr,workstation,37.825,76,1.0,45
regional_hospital,resource_constrained,46,criticality,internet_facing,2.0,82,1.0,1
regional_hospital,resource_constrained,46,mvr,internet_facing,2.0,82,1.0,1
regional_hospital,resource_constrained,47,criticality,privileged_system,0.0,0,1.0,11
regional_hospital,resource_constrained,47,mvr,privileged_system,0.0,0,1.0,11
regional_hospital,resource_constrained,48,criticality,medical_device,0.0,0,1.0,1
regional_hospital,resource_constrained,48,mvr,medical_device,0.0,0,1.0,1
regional_hospital,resource_constrained,49,criticality,vendor_connection,23.5,162,1.0,8
regional_hospital,resource_constrained,49,mvr,vendor_connection,23.5,162,1.0,8
regional_hospital,resource_constrained,50,criticality,workstation,1.6,40,1.0,2
regional_hospital,resource_constrained,50,mvr,workstation,1.6,40,1.0,2
regional_hospital,resource_constrained,51,criticality,internet_facing,0.0,0,1.0,1
regional_hospital,resource_constrained,51,mvr,internet_facing,0.0,0,1.0,1
regional_hospital,resource_constrained,52,criticality,privileged_system,0.0,0,1.0,1
regional_hospital,resource_constrained,52,mvr,privileged_system,0.0,0,1.0,1
regional_hospital,resource_constrained,53,criticality,medical_device,1.2,0,1.0,23
regional_hospital,resource_constrained,53,mvr,medical_device,1.2,0,1.0,23
regional_hospital,resource_constrained,54,criticality,vendor_connection,15.100000000000001,159,1.0,8
regional_hospital,resource_constrained,54,mvr,vendor_connection,15.100000000000001,159,1.0,8
regional_hospital,resource_constrained,55,criticality,workstation,0.0,0,1.0,14
regional_hospital,resource_constrained,55,mvr,workstation,0.0,0,1.0,14
regional_hospital,resource_constrained,56,criticality,internet_facing,1.6,10,1.0,1
regional_hospital,resource_constrained,56,mvr,internet_facing,1.6,10,1.0,1
regional_hospital,resource_constrained,57,criticality,privileged_system,4.4,75,1.0,6
regional_hospital,resource_constrained,57,mvr,privileged_system,4.4,75,1.0,6
regional_hospital,resource_constrained,58,criticality,medical_device,1.6,31,1.0,1
regional_hospital,resource_constrained,58,mvr,medical_device,1.6,31,1.0,1
regional_hospital,resource_constrained,59,criticality,vendor_connection,8.125,92,1.0,4
regional_hospital,resource_constrained,59,mvr,vendor_connection,8.125,92,1.0,4
regional_hospital,resource_constrained,60,criticality,workstation,12.0,63,1.0,5
regional_hospital,resource_constrained,60,mvr,workstation,12.0,63,1.0,5
regional_hospital,resource_constrained,61,criticality,internet_facing,3.4,103,1.0,9
regional_hospital,resource_constrained,61,mvr,internet_facing,3.4,103,1.0,9
regional_hospital,resource_constrained,62,criticality,privileged_system,16.95,85,1.0,24
regional_hospital,resource_constrained,62,mvr,privileged_system,16.95,85,1.0,24
regional_hospital,resource_constrained,63,criticality,medical_device,1.4,41,1.0,1
regional_hospital,resource_constrained,63,mvr,medical_device,1.4,41,1.0,1
regional_hospital,resource_constrained,64,criticality,vendor_connection,1.2,0,1.0,4
regional_hospital,resource_constrained,64,mvr,vendor_connection,1.2,0,1.0,4
regional_hospital,resource_constrained,65,criticality,workstation,9.55,164,0.8571428571428571,1
regional_hospital,resource_constrained,65,mvr,workstation,9.55,164,0.8571428571428571,1
regional_hospital,resource_constrained,66,criticality,internet_facing,5.999999999999999,118,1.0,8
regional_hospital,resource_constrained,66,mvr,internet_facing,5.999999999999999,118,1.0,8
regional_hospital,resource_constrained,67,criticality,privileged_system,4.4,114,1.0,4
regional_hospital,resource_constrained,67,mvr,privileged_system,4.4,114,1.0,4
regional_hospital,resource_constrained,68,criticality,medical_device,11.975,-1,0.14285714285714285,8
regional_hospital,resource_constrained,68,mvr,medical_device,11.975,-1,0.14285714285714285,8
regional_hospital,resource_constrained,69,criticality,vendor_connection,16.6,175,1.0,1
regional_hospital,resource_constrained,69,mvr,vendor_connection,16.6,175,1.0,1
regional_hospital,resource_constrained,70,criticality,workstation,10.8,49,1.0,1
regional_hospital,resource_constrained,70,mvr,workstation,10.8,49,1.0,1
regional_hospital,resource_constrained,71,criticality,internet_facing,7.200000000000001,169,1.0,4
regional_hospital,resource_constrained,71,mvr,internet_facing,7.200000000000001,169,1.0,4
regional_hospital,resource_constrained,72,criticality,privileged_system,4.4,167,1.0,2
regional_hospital,resource_constrained,72,mvr,privileged_system,4.4,167,1.0,2
regional_hospital,resource_constrained,73,criticality,medical_device,4.2,32,1.0,4
regional_hospital,resource_constrained,73,mvr,medical_device,4.2,32,1.0,4
regional_hospital,resource_constrained,74,criticality,vendor_connection,4.0,102,1.0,13
regional_hospital,resource_constrained,74,mvr,vendor_connection,4.0,102,1.0,13
regional_hospital,resource_constrained,75,criticality,workstation,3.0,172,1.0,7
regional_hospital,resource_constrained,75,mvr,workstation,3.0,172,1.0,7
regional_hospital,resource_constrained,76,criticality,internet_facing,57.47500000000001,146,1.0,24
regional_hospital,resource_constrained,76,mvr,internet_facing,57.47500000000001,146,1.0,24
regional_hospital,resource_constrained,77,criticality,privileged_system,4.6,148,1.0,1
regional_hospital,resource_constrained,77,mvr,privileged_system,4.6,148,1.0,1
regional_hospital,resource_constrained,78,criticality,medical_device,10.924999999999999,165,1.0,29
regional_hospital,resource_constrained,78,mvr,medical_device,10.924999999999999,165,1.0,29
regional_hospital,resource_constrained,79,criticality,vendor_connection,3.6,174,1.0,11
regional_hospital,resource_constrained,79,mvr,vendor_connection,3.6,174,1.0,11
regional_hospital,resource_constrained,80,criticality,workstation,6.6499999999999995,105,1.0,19
regional_hospital,resource_constrained,80,mvr,workstation,6.6499999999999995,105,1.0,19
regional_hospital,resource_constrained,81,criticality,internet_facing,1.2,0,1.0,6
regional_hospital,resource_constrained,81,mvr,internet_facing,1.2,0,1.0,6
regional_hospital,resource_constrained,82,criticality,privileged_system,15.800000000000002,160,0.8571428571428571,2
regional_hospital,resource_constrained,82,mvr,privileged_system,15.800000000000002,160,0.8571428571428571,2
regional_hospital,resource_constrained,83,criticality,medical_device,0.0,0,1.0,1
regional_hospital,resource_constrained,83,mvr,medical_device,0.0,0,1.0,1
regional_hospital,resource_constrained,84,criticality,vendor_connection,0.8,0,1.0,3
regional_hospital,resource_constrained,84,mvr,vendor_connection,0.8,0,1.0,3
regional_hospital,resource_constrained,85,criticality,workstation,2.2,31,1.0,2
regional_hospital,resource_constrained,85,mvr,workstation,2.2,31,1.0,2
regional_hospital,resource_constrained,86,criticality,internet_facing,1.8,23,1.0,5
regional_hospital,resource_constrained,86,mvr,internet_facing,1.8,23,1.0,5
regional_hospital,resource_constrained,87,criticality,privileged_system,3.8000000000000003,0,1.0,8
regional_hospital,resource_constrained,87,mvr,privileged_system,3.8000000000000003,0,1.0,8
regional_hospital,resource_constrained,88,criticality,medical_device,5.2,138,1.0,31
regional_hospital,resource_constrained,88,mvr,medical_device,5.2,138,1.0,31
regional_hospital,resource_constrained,89,criticality,vendor_connection,3.4000000000000004,23,1.0,1
regional_hospital,resource_constrained,89,mvr,vendor_connection,3.4000000000000004,23,1.0,1
regional_hospital,resource_constrained,90,criticality,workstation,3.0,49,1.0,2
regional_hospital,resource_constrained,90,mvr,workstation,3.0,49,1.0,2
regional_hospital,resource_constrained,91,criticality,internet_facing,54.37500000000001,105,1.0,25
regional_hospital,resource_constrained,91,mvr,internet_facing,54.37500000000001,105,1.0,25
regional_hospital,resource_constrained,92,criticality,privileged_system,13.900000000000002,101,1.0,4
regional_hospital,resource_constrained,92,mvr,privileged_system,13.900000000000002,101,1.0,4
regional_hospital,resource_constrained,93,criticality,medical_device,4.0,115,1.0,6
regional_hospital,resource_constrained,93,mvr,medical_device,4.0,115,1.0,6
regional_hospital,resource_constrained,94,criticality,vendor_connection,9.4,40,1.0,4
regional_hospital,resource_constrained,94,mvr,vendor_connection,9.4,40,1.0,4
regional_hospital,resource_constrained,95,criticality,workstation,50.875,-1,0.14285714285714285,82
regional_hospital,resource_constrained,95,mvr,workstation,50.875,-1,0.14285714285714285,82
regional_hospital,resource_constrained,96,criticality,internet_facing,10.8,136,1.0,3
regional_hospital,resource_constrained,96,mvr,internet_facing,10.8,136,1.0,3
regional_hospital,resource_constrained,97,criticality,privileged_system,2.2,84,1.0,1
regional_hospital,resource_constrained,97,mvr,privileged_system,2.2,84,1.0,1
regional_hospital,resource_constrained,98,criticality,medical_device,0.0,0,1.0,5
regional_hospital,resource_constrained,98,mvr,medical_device,0.0,0,1.0,5
regional_hospital,resource_constrained,99,criticality,vendor_connection,4.4,180,1.0,2
regional_hospital,resource_constrained,99,mvr,vendor_connection,4.4,180,1.0,2
regional_hospital,resource_constrained,100,criticality,workstation,0.0,0,1.0,1
regional_hospital,resource_constrained,100,mvr,workstation,0.0,0,1.0,1
regional_hospital,resource_constrained,101,criticality,internet_facing,11.4,63,1.0,1
regional_hospital,resource_constrained,101,mvr,internet_facing,11.4,63,1.0,1
regional_hospital,resource_constrained,102,criticality,privileged_system,0.0,0,1.0,1
regional_hospital,resource_constrained,102,mvr,privileged_system,0.0,0,1.0,1
regional_hospital,resource_constrained,103,criticality,medical_device,1.8,38,1.0,7
regional_hospital,resource_constrained,103,mvr,medical_device,1.8,38,1.0,7
regional_hospital,resource_constrained,104,criticality,vendor_connection,69.35000000000001,169,1.0,41
regional_hospital,resource_constrained,104,mvr,vendor_connection,69.325,170,1.0,41
regional_hospital,resource_constrained,105,criticality,workstation,36.975,159,1.0,21
regional_hospital,resource_constrained,105,mvr,workstation,36.975,159,1.0,21
regional_hospital,resource_constrained,106,criticality,internet_facing,4.4,86,1.0,4
regional_hospital,resource_constrained,106,mvr,internet_facing,4.4,86,1.0,4
regional_hospital,resource_constrained,107,criticality,privileged_system,84.625,72,1.0,5
regional_hospital,resource_constrained,107,mvr,privileged_system,84.625,72,1.0,5
regional_hospital,resource_constrained,108,criticality,medical_device,32.974999999999994,-1,0.5714285714285714,31
regional_hospital,resource_constrained,108,mvr,medical_device,32.974999999999994,-1,0.5714285714285714,31
regional_hospital,resource_constrained,109,criticality,vendor_connection,0.0,0,1.0,1
regional_hospital,resource_constrained,109,mvr,vendor_connection,0.0,0,1.0,1
regional_hospital,resource_constrained,110,criticality,workstation,1.6,48,1.0,1
regional_hospital,resource_constrained,110,mvr,workstation,1.6,48,1.0,1
regional_hospital,resource_constrained,111,criticality,internet_facing,4.6000000000000005,130,1.0,5
regional_hospital,resource_constrained,111,mvr,internet_facing,4.6000000000000005,130,1.0,5
regional_hospital,resource_constrained,112,criticality,privileged_system,48.175000000000004,46,1.0,9
regional_hospital,resource_constrained,112,mvr,privileged_system,48.175000000000004,46,1.0,9
regional_hospital,resource_constrained,113,criticality,medical_device,1.6,40,1.0,1
regional_hospital,resource_constrained,113,mvr,medical_device,1.6,40,1.0,1
regional_hospital,resource_constrained,114,criticality,vendor_connection,0.0,0,1.0,7
regional_hospital,resource_constrained,114,mvr,vendor_connection,0.0,0,1.0,7
regional_hospital,resource_constrained,115,criticality,workstation,2.8,73,1.0,1
regional_hospital,resource_constrained,115,mvr,workstation,2.8,73,1.0,1
regional_hospital,resource_constrained,116,criticality,internet_facing,3.4000000000000004,98,1.0,8
regional_hospital,resource_constrained,116,mvr,internet_facing,3.4000000000000004,98,1.0,8
regional_hospital,resource_constrained,117,criticality,privileged_system,1.6,52,1.0,4
regional_hospital,resource_constrained,117,mvr,privileged_system,1.6,52,1.0,4
regional_hospital,resource_constrained,118,criticality,medical_device,8.55,124,1.0,12
regional_hospital,resource_constrained,118,mvr,medical_device,8.55,124,1.0,12
regional_hospital,resource_constrained,119,criticality,vendor_connection,2.0,56,1.0,1
regional_hospital,resource_constrained,119,mvr,vendor_connection,2.0,56,1.0,1
regional_hospital,intermediate_capacity,0,criticality,workstation,0.0,0,1.0,1
regional_hospital,intermediate_capacity,0,mvr,workstation,0.0,0,1.0,1
regional_hospital,intermediate_capacity,1,criticality,internet_facing,0.0,0,1.0,1
regional_hospital,intermediate_capacity,1,mvr,internet_facing,0.0,0,1.0,1
regional_hospital,intermediate_capacity,2,criticality,privileged_system,12.6,58,1.0,1
regional_hospital,intermediate_capacity,2,mvr,privileged_system,12.6,58,1.0,1
regional_hospital,intermediate_capacity,3,criticality,medical_device,0.0,0,1.0,1
regional_hospital,intermediate_capacity,3,mvr,medical_device,0.0,0,1.0,1
regional_hospital,intermediate_capacity,4,criticality,vendor_connection,11.000000000000002,128,1.0,4
regional_hospital,intermediate_capacity,4,mvr,vendor_connection,11.000000000000002,128,1.0,4
regional_hospital,intermediate_capacity,5,criticality,workstation,1.4,13,1.0,2
regional_hospital,intermediate_capacity,5,mvr,workstation,1.4,13,1.0,2
regional_hospital,intermediate_capacity,6,criticality,internet_facing,2.8,142,1.0,1
regional_hospital,intermediate_capacity,6,mvr,internet_facing,2.8,142,1.0,1
regional_hospital,intermediate_capacity,7,criticality,privileged_system,23.025,120,0.8571428571428571,4
regional_hospital,intermediate_capacity,7,mvr,privileged_system,23.025,120,0.8571428571428571,4
regional_hospital,intermediate_capacity,8,criticality,medical_device,5.0,65,1.0,5
regional_hospital,intermediate_capacity,8,mvr,medical_device,5.0,65,1.0,5
regional_hospital,intermediate_capacity,9,criticality,vendor_connection,0.0,0,1.0,1
regional_hospital,intermediate_capacity,9,mvr,vendor_connection,0.0,0,1.0,1
regional_hospital,intermediate_capacity,10,criticality,workstation,0.0,0,1.0,2
regional_hospital,intermediate_capacity,10,mvr,workstation,0.0,0,1.0,2
regional_hospital,intermediate_capacity,11,criticality,internet_facing,2.8,136,1.0,1
regional_hospital,intermediate_capacity,11,mvr,internet_facing,2.8,136,1.0,1
regional_hospital,intermediate_capacity,12,criticality,privileged_system,3.5,31,1.0,5
regional_hospital,intermediate_capacity,12,mvr,privileged_system,3.5,31,1.0,5
regional_hospital,intermediate_capacity,13,criticality,medical_device,0.0,0,1.0,1
regional_hospital,intermediate_capacity,13,mvr,medical_device,0.0,0,1.0,1
regional_hospital,intermediate_capacity,14,criticality,vendor_connection,0.0,0,1.0,6
regional_hospital,intermediate_capacity,14,mvr,vendor_connection,0.0,0,1.0,6
regional_hospital,intermediate_capacity,15,criticality,workstation,1.6,14,1.0,3
regional_hospital,intermediate_capacity,15,mvr,workstation,1.6,14,1.0,3
regional_hospital,intermediate_capacity,16,criticality,internet_facing,9.4,99,1.0,2
regional_hospital,intermediate_capacity,16,mvr,internet_facing,9.4,99,1.0,2
regional_hospital,intermediate_capacity,17,criticality,privileged_system,7.1000000000000005,108,1.0,5
regional_hospital,intermediate_capacity,17,mvr,privileged_system,7.1000000000000005,108,1.0,5
regional_hospital,intermediate_capacity,18,criticality,medical_device,9.4,15,1.0,1
regional_hospital,intermediate_capacity,18,mvr,medical_device,9.4,15,1.0,1
regional_hospital,intermediate_capacity,19,criticality,vendor_connection,0.0,0,1.0,1
regional_hospital,intermediate_capacity,19,mvr,vendor_connection,0.0,0,1.0,1
regional_hospital,intermediate_capacity,20,criticality,workstation,2.0,44,1.0,1
regional_hospital,intermediate_capacity,20,mvr,workstation,2.0,44,1.0,1
regional_hospital,intermediate_capacity,21,criticality,internet_facing,2.5999999999999996,23,1.0,1
regional_hospital,intermediate_capacity,21,mvr,internet_facing,2.5999999999999996,23,1.0,1
regional_hospital,intermediate_capacity,22,criticality,privileged_system,0.0,0,1.0,1
regional_hospital,intermediate_capacity,22,mvr,privileged_system,0.0,0,1.0,1
regional_hospital,intermediate_capacity,23,criticality,medical_device,12.0,99,1.0,1
regional_hospital,intermediate_capacity,23,mvr,medical_device,12.0,99,1.0,1
regional_hospital,intermediate_capacity,24,criticality,vendor_connection,0.0,0,1.0,2
regional_hospital,intermediate_capacity,24,mvr,vendor_connection,0.0,0,1.0,2
regional_hospital,intermediate_capacity,25,criticality,workstation,1.8,20,1.0,1
regional_hospital,intermediate_capacity,25,mvr,workstation,1.8,20,1.0,1
regional_hospital,intermediate_capacity,26,criticality,internet_facing,0.0,0,1.0,1
regional_hospital,intermediate_capacity,26,mvr,internet_facing,0.0,0,1.0,1
regional_hospital,intermediate_capacity,27,criticality,privileged_system,3.4000000000000004,30,1.0,1
regional_hospital,intermediate_capacity,27,mvr,privileged_system,3.4000000000000004,30,1.0,1
regional_hospital,intermediate_capacity,28,criticality,medical_device,0.8,0,1.0,1
regional_hospital,intermediate_capacity,28,mvr,medical_device,0.8,0,1.0,1
regional_hospital,intermediate_capacity,29,criticality,vendor_connection,0.0,0,1.0,2
regional_hospital,intermediate_capacity,29,mvr,vendor_connection,0.0,0,1.0,2
regional_hospital,intermediate_capacity,30,criticality,workstation,0.8,0,1.0,2
regional_hospital,intermediate_capacity,30,mvr,workstation,0.8,0,1.0,2
regional_hospital,intermediate_capacity,31,criticality,internet_facing,0.0,0,1.0,3
regional_hospital,intermediate_capacity,31,mvr,internet_facing,0.0,0,1.0,3
regional_hospital,intermediate_capacity,32,criticality,privileged_system,6.6000000000000005,189,1.0,1
regional_hospital,intermediate_capacity,32,mvr,privileged_system,6.6000000000000005,189,1.0,1
regional_hospital,intermediate_capacity,33,criticality,medical_device,11.000000000000002,113,1.0,1
regional_hospital,intermediate_capacity,33,mvr,medical_device,11.000000000000002,113,1.0,1
regional_hospital,intermediate_capacity,34,criticality,vendor_connection,1.4,16,1.0,1
regional_hospital,intermediate_capacity,34,mvr,vendor_connection,1.4,16,1.0,1
regional_hospital,intermediate_capacity,35,criticality,workstation,5.8,106,1.0,3
regional_hospital,intermediate_capacity,35,mvr,workstation,5.8,106,1.0,3
regional_hospital,intermediate_capacity,36,criticality,internet_facing,2.0,0,1.0,2
regional_hospital,intermediate_capacity,36,mvr,internet_facing,2.0,0,1.0,2
regional_hospital,intermediate_capacity,37,criticality,privileged_system,14.0,98,1.0,12
regional_hospital,intermediate_capacity,37,mvr,privileged_system,14.0,98,1.0,12
regional_hospital,intermediate_capacity,38,criticality,medical_device,1.6,42,1.0,1
regional_hospital,intermediate_capacity,38,mvr,medical_device,1.6,42,1.0,1
regional_hospital,intermediate_capacity,39,criticality,vendor_connection,3.2,83,1.0,3
regional_hospital,intermediate_capacity,39,mvr,vendor_connection,3.2,83,1.0,3
regional_hospital,intermediate_capacity,40,criticality,workstation,1.8,46,1.0,5
regional_hospital,intermediate_capacity,40,mvr,workstation,1.8,46,1.0,5
regional_hospital,intermediate_capacity,41,criticality,internet_facing,22.0,190,1.0,2
regional_hospital,intermediate_capacity,41,mvr,internet_facing,22.0,190,1.0,2
regional_hospital,intermediate_capacity,42,criticality,privileged_system,1.6,21,1.0,2
regional_hospital,intermediate_capacity,42,mvr,privileged_system,1.6,21,1.0,2
regional_hospital,intermediate_capacity,43,criticality,medical_device,9.4,37,1.0,2
regional_hospital,intermediate_capacity,43,mvr,medical_device,9.4,37,1.0,2
regional_hospital,intermediate_capacity,44,criticality,vendor_connection,0.0,0,1.0,2
regional_hospital,intermediate_capacity,44,mvr,vendor_connection,0.0,0,1.0,2
regional_hospital,intermediate_capacity,45,criticality,workstation,0.0,0,1.0,1
regional_hospital,intermediate_capacity,45,mvr,workstation,0.0,0,1.0,1
regional_hospital,intermediate_capacity,46,criticality,internet_facing,2.0,82,1.0,1
regional_hospital,intermediate_capacity,46,mvr,internet_facing,2.0,82,1.0,1
regional_hospital,intermediate_capacity,47,criticality,privileged_system,55.22500000000001,50,1.0,17
regional_hospital,intermediate_capacity,47,mvr,privileged_system,55.22500000000001,50,1.0,17
regional_hospital,intermediate_capacity,48,criticality,medical_device,0.0,0,1.0,1
regional_hospital,intermediate_capacity,48,mvr,medical_device,0.0,0,1.0,1
regional_hospital,intermediate_capacity,49,criticality,vendor_connection,2.0,48,1.0,2
regional_hospital,intermediate_capacity,49,mvr,vendor_connection,2.0,48,1.0,2
regional_hospital,intermediate_capacity,50,criticality,workstation,6.3999999999999995,82,1.0,1
regional_hospital,intermediate_capacity,50,mvr,workstation,6.3999999999999995,82,1.0,1
regional_hospital,intermediate_capacity,51,criticality,internet_facing,6.25,46,1.0,5
regional_hospital,intermediate_capacity,51,mvr,internet_facing,6.25,46,1.0,5
regional_hospital,intermediate_capacity,52,criticality,privileged_system,30.550000000000004,30,1.0,4
regional_hospital,intermediate_capacity,52,mvr,privileged_system,30.550000000000004,30,1.0,4
regional_hospital,intermediate_capacity,53,criticality,medical_device,3.2,68,1.0,7
regional_hospital,intermediate_capacity,53,mvr,medical_device,3.2,68,1.0,7
regional_hospital,intermediate_capacity,54,criticality,vendor_connection,2.0,52,1.0,1
regional_hospital,intermediate_capacity,54,mvr,vendor_connection,2.0,52,1.0,1
regional_hospital,intermediate_capacity,55,criticality,workstation,14.200000000000001,125,1.0,1
regional_hospital,intermediate_capacity,55,mvr,workstation,14.200000000000001,125,1.0,1
regional_hospital,intermediate_capacity,56,criticality,internet_facing,1.6,88,1.0,1
regional_hospital,intermediate_capacity,56,mvr,internet_facing,1.6,88,1.0,1
regional_hospital,intermediate_capacity,57,criticality,privileged_system,0.0,0,1.0,3
regional_hospital,intermediate_capacity,57,mvr,privileged_system,0.0,0,1.0,3
regional_hospital,intermediate_capacity,58,criticality,medical_device,3.4,145,1.0,4
regional_hospital,intermediate_capacity,58,mvr,medical_device,3.4,145,1.0,4
regional_hospital,intermediate_capacity,59,criticality,vendor_connection,1.2,0,1.0,2
regional_hospital,intermediate_capacity,59,mvr,vendor_connection,1.2,0,1.0,2
regional_hospital,intermediate_capacity,60,criticality,workstation,3.4,102,1.0,3
regional_hospital,intermediate_capacity,60,mvr,workstation,3.4,102,1.0,3
regional_hospital,intermediate_capacity,61,criticality,internet_facing,0.0,0,1.0,1
regional_hospital,intermediate_capacity,61,mvr,internet_facing,0.0,0,1.0,1
regional_hospital,intermediate_capacity,62,criticality,privileged_system,0.8,0,1.0,2
regional_hospital,intermediate_capacity,62,mvr,privileged_system,0.8,0,1.0,2
regional_hospital,intermediate_capacity,63,criticality,medical_device,0.0,0,1.0,1
regional_hospital,intermediate_capacity,63,mvr,medical_device,0.0,0,1.0,1
regional_hospital,intermediate_capacity,64,criticality,vendor_connection,0.0,0,1.0,1
regional_hospital,intermediate_capacity,64,mvr,vendor_connection,0.0,0,1.0,1
regional_hospital,intermediate_capacity,65,criticality,workstation,3.6000000000000005,65,1.0,1
regional_hospital,intermediate_capacity,65,mvr,workstation,3.6000000000000005,65,1.0,1
regional_hospital,intermediate_capacity,66,criticality,internet_facing,0.0,0,1.0,5
regional_hospital,intermediate_capacity,66,mvr,internet_facing,0.0,0,1.0,5
regional_hospital,intermediate_capacity,67,criticality,privileged_system,0.0,0,1.0,1
regional_hospital,intermediate_capacity,67,mvr,privileged_system,0.0,0,1.0,1
regional_hospital,intermediate_capacity,68,criticality,medical_device,11.4,41,1.0,1
regional_hospital,intermediate_capacity,68,mvr,medical_device,11.4,41,1.0,1
regional_hospital,intermediate_capacity,69,criticality,vendor_connection,22.0,124,1.0,1
regional_hospital,intermediate_capacity,69,mvr,vendor_connection,22.0,124,1.0,1
regional_hospital,intermediate_capacity,70,criticality,workstation,0.0,0,1.0,7
regional_hospital,intermediate_capacity,70,mvr,workstation,0.0,0,1.0,7
regional_hospital,intermediate_capacity,71,criticality,internet_facing,6.699999999999999,131,1.0,3
regional_hospital,intermediate_capacity,71,mvr,internet_facing,6.699999999999999,131,1.0,3
regional_hospital,intermediate_capacity,72,criticality,privileged_system,5.800000000000001,123,1.0,2
regional_hospital,intermediate_capacity,72,mvr,privileged_system,5.800000000000001,123,1.0,2
regional_hospital,intermediate_capacity,73,criticality,medical_device,2.6,53,1.0,1
regional_hospital,intermediate_capacity,73,mvr,medical_device,2.6,53,1.0,1
regional_hospital,intermediate_capacity,74,criticality,vendor_connection,0.0,0,1.0,8
regional_hospital,intermediate_capacity,74,mvr,vendor_connection,0.0,0,1.0,8
regional_hospital,intermediate_capacity,75,criticality,workstation,3.2,85,1.0,1
regional_hospital,intermediate_capacity,75,mvr,workstation,3.2,85,1.0,1
regional_hospital,intermediate_capacity,76,criticality,internet_facing,0.0,0,1.0,4
regional_hospital,intermediate_capacity,76,mvr,internet_facing,0.0,0,1.0,4
regional_hospital,intermediate_capacity,77,criticality,privileged_system,11.75,16,1.0,6
regional_hospital,intermediate_capacity,77,mvr,privileged_system,11.75,16,1.0,6
regional_hospital,intermediate_capacity,78,criticality,medical_device,0.0,0,1.0,1
regional_hospital,intermediate_capacity,78,mvr,medical_device,0.0,0,1.0,1
regional_hospital,intermediate_capacity,79,criticality,vendor_connection,1.2,0,1.0,1
regional_hospital,intermediate_capacity,79,mvr,vendor_connection,1.2,0,1.0,1
regional_hospital,intermediate_capacity,80,criticality,workstation,3.0,105,1.0,2
regional_hospital,intermediate_capacity,80,mvr,workstation,3.0,105,1.0,2
regional_hospital,intermediate_capacity,81,criticality,internet_facing,0.0,0,1.0,4
regional_hospital,intermediate_capacity,81,mvr,internet_facing,0.0,0,1.0,4
regional_hospital,intermediate_capacity,82,criticality,privileged_system,45.725,117,1.0,5
regional_hospital,intermediate_capacity,82,mvr,privileged_system,45.725,117,1.0,5
regional_hospital,intermediate_capacity,83,criticality,medical_device,0.0,0,1.0,1
regional_hospital,intermediate_capacity,83,mvr,medical_device,0.0,0,1.0,1
regional_hospital,intermediate_capacity,84,criticality,vendor_connection,5.6,54,1.0,1
regional_hospital,intermediate_capacity,84,mvr,vendor_connection,5.6,54,1.0,1
regional_hospital,intermediate_capacity,85,criticality,workstation,0.0,0,1.0,1
regional_hospital,intermediate_capacity,85,mvr,workstation,0.0,0,1.0,1
regional_hospital,intermediate_capacity,86,criticality,internet_facing,2.85,176,1.0,2
regional_hospital,intermediate_capacity,86,mvr,internet_facing,2.85,176,1.0,2
regional_hospital,intermediate_capacity,87,criticality,privileged_system,0.0,0,1.0,1
regional_hospital,intermediate_capacity,87,mvr,privileged_system,0.0,0,1.0,1
regional_hospital,intermediate_capacity,88,criticality,medical_device,9.900000000000002,91,1.0,1
regional_hospital,intermediate_capacity,88,mvr,medical_device,9.900000000000002,91,1.0,1
regional_hospital,intermediate_capacity,89,criticality,vendor_connection,1.4,143,1.0,1
regional_hospital,intermediate_capacity,89,mvr,vendor_connection,1.4,143,1.0,1
regional_hospital,intermediate_capacity,90,criticality,workstation,0.0,0,1.0,1
regional_hospital,intermediate_capacity,90,mvr,workstation,0.0,0,1.0,1
regional_hospital,intermediate_capacity,91,criticality,internet_facing,12.600000000000001,185,1.0,2
regional_hospital,intermediate_capacity,91,mvr,internet_facing,12.600000000000001,185,1.0,2
regional_hospital,intermediate_capacity,92,criticality,privileged_system,1.1,0,1.0,7
regional_hospital,intermediate_capacity,92,mvr,privileged_system,1.1,0,1.0,7
regional_hospital,intermediate_capacity,93,criticality,medical_device,11.600000000000001,67,1.0,2
regional_hospital,intermediate_capacity,93,mvr,medical_device,11.600000000000001,67,1.0,2
regional_hospital,intermediate_capacity,94,criticality,vendor_connection,0.0,0,1.0,2
regional_hospital,intermediate_capacity,94,mvr,vendor_connection,0.0,0,1.0,2
regional_hospital,intermediate_capacity,95,criticality,workstation,0.0,0,1.0,1
regional_hospital,intermediate_capacity,95,mvr,workstation,0.0,0,1.0,1
regional_hospital,intermediate_capacity,96,criticality,internet_facing,1.8,183,1.0,2
regional_hospital,intermediate_capacity,96,mvr,internet_facing,1.8,183,1.0,2
regional_hospital,intermediate_capacity,97,criticality,privileged_system,6.8,150,1.0,1
regional_hospital,intermediate_capacity,97,mvr,privileged_system,6.8,150,1.0,1
regional_hospital,intermediate_capacity,98,criticality,medical_device,11.000000000000002,53,1.0,1
regional_hospital,intermediate_capacity,98,mvr,medical_device,11.000000000000002,53,1.0,1
regional_hospital,intermediate_capacity,99,criticality,vendor_connection,14.55,42,1.0,12
regional_hospital,intermediate_capacity,99,mvr,vendor_connection,14.55,42,1.0,12
regional_hospital,intermediate_capacity,100,criticality,workstation,1.8,38,1.0,2
regional_hospital,intermediate_capacity,100,mvr,workstation,1.8,38,1.0,2
regional_hospital,intermediate_capacity,101,criticality,internet_facing,2.8,80,1.0,3
regional_hospital,intermediate_capacity,101,mvr,internet_facing,2.8,80,1.0,3
regional_hospital,intermediate_capacity,102,criticality,privileged_system,0.0,0,1.0,1
regional_hospital,intermediate_capacity,102,mvr,privileged_system,0.0,0,1.0,1
regional_hospital,intermediate_capacity,103,criticality,medical_device,12.9,-1,0.7142857142857143,1
regional_hospital,intermediate_capacity,103,mvr,medical_device,12.9,-1,0.7142857142857143,1
regional_hospital,intermediate_capacity,104,criticality,vendor_connection,4.0,87,1.0,1
regional_hospital,intermediate_capacity,104,mvr,vendor_connection,4.0,87,1.0,1
regional_hospital,intermediate_capacity,105,criticality,workstation,2.4,0,1.0,2
regional_hospital,intermediate_capacity,105,mvr,workstation,2.4,0,1.0,2
regional_hospital,intermediate_capacity,106,criticality,internet_facing,5.0,130,1.0,3
regional_hospital,intermediate_capacity,106,mvr,internet_facing,5.0,130,1.0,3
regional_hospital,intermediate_capacity,107,criticality,privileged_system,0.0,0,1.0,1
regional_hospital,intermediate_capacity,107,mvr,privileged_system,0.0,0,1.0,1
regional_hospital,intermediate_capacity,108,criticality,medical_device,1.8,24,1.0,1
regional_hospital,intermediate_capacity,108,mvr,medical_device,1.8,24,1.0,1
regional_hospital,intermediate_capacity,109,criticality,vendor_connection,2.4000000000000004,31,1.0,2
regional_hospital,intermediate_capacity,109,mvr,vendor_connection,2.4000000000000004,31,1.0,2
regional_hospital,intermediate_capacity,110,criticality,workstation,1.8,69,1.0,1
regional_hospital,intermediate_capacity,110,mvr,workstation,1.8,69,1.0,1
regional_hospital,intermediate_capacity,111,criticality,internet_facing,25.000000000000004,145,1.0,1
regional_hospital,intermediate_capacity,111,mvr,internet_facing,25.000000000000004,145,1.0,1
regional_hospital,intermediate_capacity,112,criticality,privileged_system,1.4,37,1.0,3
regional_hospital,intermediate_capacity,112,mvr,privileged_system,1.4,37,1.0,3
regional_hospital,intermediate_capacity,113,criticality,medical_device,0.0,0,1.0,1
regional_hospital,intermediate_capacity,113,mvr,medical_device,0.0,0,1.0,1
regional_hospital,intermediate_capacity,114,criticality,vendor_connection,0.0,0,1.0,3
regional_hospital,intermediate_capacity,114,mvr,vendor_connection,0.0,0,1.0,3
regional_hospital,intermediate_capacity,115,criticality,workstation,1.8,12,1.0,1
regional_hospital,intermediate_capacity,115,mvr,workstation,1.8,12,1.0,1
regional_hospital,intermediate_capacity,116,criticality,internet_facing,19.6,175,1.0,1
regional_hospital,intermediate_capacity,116,mvr,internet_facing,19.6,175,1.0,1
regional_hospital,intermediate_capacity,117,criticality,privileged_system,0.0,0,1.0,3
regional_hospital,intermediate_capacity,117,mvr,privileged_system,0.0,0,1.0,3
regional_hospital,intermediate_capacity,118,criticality,medical_device,0.0,0,1.0,1
regional_hospital,intermediate_capacity,118,mvr,medical_device,0.0,0,1.0,1
regional_hospital,intermediate_capacity,119,criticality,vendor_connection,0.0,0,1.0,1
regional_hospital,intermediate_capacity,119,mvr,vendor_connection,0.0,0,1.0,1
regional_hospital,high_capacity,0,criticality,workstation,0.0,0,1.0,1
regional_hospital,high_capacity,0,mvr,workstation,0.0,0,1.0,1
regional_hospital,high_capacity,1,criticality,internet_facing,0.0,0,1.0,1
regional_hospital,high_capacity,1,mvr,internet_facing,0.0,0,1.0,1
regional_hospital,high_capacity,2,criticality,privileged_system,1.4,26,1.0,1
regional_hospital,high_capacity,2,mvr,privileged_system,1.4,26,1.0,1
regional_hospital,high_capacity,3,criticality,medical_device,0.0,0,1.0,2
regional_hospital,high_capacity,3,mvr,medical_device,0.0,0,1.0,2
regional_hospital,high_capacity,4,criticality,vendor_connection,10.6,128,1.0,2
regional_hospital,high_capacity,4,mvr,vendor_connection,10.6,128,1.0,2
regional_hospital,high_capacity,5,criticality,workstation,0.0,0,1.0,1
regional_hospital,high_capacity,5,mvr,workstation,0.0,0,1.0,1
regional_hospital,high_capacity,6,criticality,internet_facing,0.0,0,1.0,1
regional_hospital,high_capacity,6,mvr,internet_facing,0.0,0,1.0,1
regional_hospital,high_capacity,7,criticality,privileged_system,0.35,3,1.0,1
regional_hospital,high_capacity,7,mvr,privileged_system,0.35,3,1.0,1
regional_hospital,high_capacity,8,criticality,medical_device,13.000000000000002,67,1.0,1
regional_hospital,high_capacity,8,mvr,medical_device,13.000000000000002,67,1.0,1
regional_hospital,high_capacity,9,criticality,vendor_connection,0.0,0,1.0,1
regional_hospital,high_capacity,9,mvr,vendor_connection,0.0,0,1.0,1
regional_hospital,high_capacity,10,criticality,workstation,0.0,0,1.0,2
regional_hospital,high_capacity,10,mvr,workstation,0.0,0,1.0,2
regional_hospital,high_capacity,11,criticality,internet_facing,1.2,0,1.0,1
regional_hospital,high_capacity,11,mvr,internet_facing,1.2,0,1.0,1
regional_hospital,high_capacity,12,criticality,privileged_system,0.0,0,1.0,4
regional_hospital,high_capacity,12,mvr,privileged_system,0.0,0,1.0,4
regional_hospital,high_capacity,13,criticality,medical_device,0.0,0,1.0,1
regional_hospital,high_capacity,13,mvr,medical_device,0.0,0,1.0,1
regional_hospital,high_capacity,14,criticality,vendor_connection,0.0,0,1.0,1
regional_hospital,high_capacity,14,mvr,vendor_connection,0.0,0,1.0,1
regional_hospital,high_capacity,15,criticality,workstation,2.4000000000000004,28,1.0,1
regional_hospital,high_capacity,15,mvr,workstation,2.4000000000000004,28,1.0,1
regional_hospital,high_capacity,16,criticality,internet_facing,0.8,0,1.0,1
regional_hospital,high_capacity,16,mvr,internet_facing,0.8,0,1.0,1
regional_hospital,high_capacity,17,criticality,privileged_system,0.0,0,1.0,1
regional_hospital,high_capacity,17,mvr,privileged_system,0.0,0,1.0,1
regional_hospital,high_capacity,18,criticality,medical_device,9.4,20,1.0,1
regional_hospital,high_capacity,18,mvr,medical_device,9.4,20,1.0,1
regional_hospital,high_capacity,19,criticality,vendor_connection,2.0,0,1.0,1
regional_hospital,high_capacity,19,mvr,vendor_connection,2.0,0,1.0,1
regional_hospital,high_capacity,20,criticality,workstation,3.6,64,1.0,1
regional_hospital,high_capacity,20,mvr,workstation,3.6,64,1.0,1
regional_hospital,high_capacity,21,criticality,internet_facing,0.0,0,1.0,1
regional_hospital,high_capacity,21,mvr,internet_facing,0.0,0,1.0,1
regional_hospital,high_capacity,22,criticality,privileged_system,0.0,0,1.0,1
regional_hospital,high_capacity,22,mvr,privileged_system,0.0,0,1.0,1
regional_hospital,high_capacity,23,criticality,medical_device,14.025000000000002,184,1.0,1
regional_hospital,high_capacity,23,mvr,medical_device,14.025000000000002,184,1.0,1
regional_hospital,high_capacity,24,criticality,vendor_connection,0.0,0,1.0,2
regional_hospital,high_capacity,24,mvr,vendor_connection,0.0,0,1.0,2
regional_hospital,high_capacity,25,criticality,workstation,0.0,0,1.0,1
regional_hospital,high_capacity,25,mvr,workstation,0.0,0,1.0,1
regional_hospital,high_capacity,26,criticality,internet_facing,0.0,0,1.0,1
regional_hospital,high_capacity,26,mvr,internet_facing,0.0,0,1.0,1
regional_hospital,high_capacity,27,criticality,privileged_system,0.0,0,1.0,1
regional_hospital,high_capacity,27,mvr,privileged_system,0.0,0,1.0,1
regional_hospital,high_capacity,28,criticality,medical_device,1.4,40,1.0,1
regional_hospital,high_capacity,28,mvr,medical_device,1.4,40,1.0,1
regional_hospital,high_capacity,29,criticality,vendor_connection,0.8,0,1.0,1
regional_hospital,high_capacity,29,mvr,vendor_connection,0.8,0,1.0,1
regional_hospital,high_capacity,30,criticality,workstation,2.4000000000000004,19,1.0,1
regional_hospital,high_capacity,30,mvr,workstation,2.4000000000000004,19,1.0,1
regional_hospital,high_capacity,31,criticality,internet_facing,0.0,0,1.0,1
regional_hospital,high_capacity,31,mvr,internet_facing,0.0,0,1.0,1
regional_hospital,high_capacity,32,criticality,privileged_system,2.0,104,1.0,1
regional_hospital,high_capacity,32,mvr,privileged_system,2.0,104,1.0,1
regional_hospital,high_capacity,33,criticality,medical_device,12.400000000000002,100,1.0,2
regional_hospital,high_capacity,33,mvr,medical_device,12.400000000000002,100,1.0,2
regional_hospital,high_capacity,34,criticality,vendor_connection,0.0,0,1.0,1
regional_hospital,high_capacity,34,mvr,vendor_connection,0.0,0,1.0,1
regional_hospital,high_capacity,35,criticality,workstation,2.8,49,1.0,2
regional_hospital,high_capacity,35,mvr,workstation,2.8,49,1.0,2
regional_hospital,high_capacity,36,criticality,internet_facing,1.6,89,1.0,2
regional_hospital,high_capacity,36,mvr,internet_facing,1.6,89,1.0,2
regional_hospital,high_capacity,37,criticality,privileged_system,0.0,0,1.0,1
regional_hospital,high_capacity,37,mvr,privileged_system,0.0,0,1.0,1
regional_hospital,high_capacity,38,criticality,medical_device,3.2,42,1.0,1
regional_hospital,high_capacity,38,mvr,medical_device,3.2,42,1.0,1
regional_hospital,high_capacity,39,criticality,vendor_connection,0.0,0,1.0,1
regional_hospital,high_capacity,39,mvr,vendor_connection,0.0,0,1.0,1
regional_hospital,high_capacity,40,criticality,workstation,0.0,0,1.0,1
regional_hospital,high_capacity,40,mvr,workstation,0.0,0,1.0,1
regional_hospital,high_capacity,41,criticality,internet_facing,6.0,-1,0.8571428571428571,1
regional_hospital,high_capacity,41,mvr,internet_facing,6.0,-1,0.8571428571428571,1
regional_hospital,high_capacity,42,criticality,privileged_system,1.2,0,1.0,1
regional_hospital,high_capacity,42,mvr,privileged_system,1.2,0,1.0,1
regional_hospital,high_capacity,43,criticality,medical_device,10.65,15,1.0,1
regional_hospital,high_capacity,43,mvr,medical_device,10.65,15,1.0,1
regional_hospital,high_capacity,44,criticality,vendor_connection,0.0,0,1.0,2
regional_hospital,high_capacity,44,mvr,vendor_connection,0.0,0,1.0,2
regional_hospital,high_capacity,45,criticality,workstation,0.0,0,1.0,1
regional_hospital,high_capacity,45,mvr,workstation,0.0,0,1.0,1
regional_hospital,high_capacity,46,criticality,internet_facing,2.5999999999999996,17,1.0,1
regional_hospital,high_capacity,46,mvr,internet_facing,2.5999999999999996,17,1.0,1
regional_hospital,high_capacity,47,criticality,privileged_system,1.2,0,1.0,1
regional_hospital,high_capacity,47,mvr,privileged_system,1.2,0,1.0,1
regional_hospital,high_capacity,48,criticality,medical_device,3.4000000000000004,49,1.0,1
regional_hospital,high_capacity,48,mvr,medical_device,3.4000000000000004,49,1.0,1
regional_hospital,high_capacity,49,criticality,vendor_connection,0.0,0,1.0,2
regional_hospital,high_capacity,49,mvr,vendor_connection,0.0,0,1.0,2
regional_hospital,high_capacity,50,criticality,workstation,23.6,135,1.0,1
regional_hospital,high_capacity,50,mvr,workstation,23.6,135,1.0,1
regional_hospital,high_capacity,51,criticality,internet_facing,1.4,26,1.0,1
regional_hospital,high_capacity,51,mvr,internet_facing,1.4,26,1.0,1
regional_hospital,high_capacity,52,criticality,privileged_system,1.2,0,1.0,1
regional_hospital,high_capacity,52,mvr,privileged_system,1.2,0,1.0,1
regional_hospital,high_capacity,53,criticality,medical_device,3.6,69,1.0,1
regional_hospital,high_capacity,53,mvr,medical_device,3.6,69,1.0,1
regional_hospital,high_capacity,54,criticality,vendor_connection,2.4000000000000004,36,1.0,1
regional_hospital,high_capacity,54,mvr,vendor_connection,2.4000000000000004,36,1.0,1
regional_hospital,high_capacity,55,criticality,workstation,3.2,63,1.0,1
regional_hospital,high_capacity,55,mvr,workstation,3.2,63,1.0,1
regional_hospital,high_capacity,56,criticality,internet_facing,2.8,87,1.0,1
regional_hospital,high_capacity,56,mvr,internet_facing,2.8,87,1.0,1
regional_hospital,high_capacity,57,criticality,privileged_system,2.8,60,1.0,1
regional_hospital,high_capacity,57,mvr,privileged_system,2.8,60,1.0,1
regional_hospital,high_capacity,58,criticality,medical_device,0.0,0,1.0,1
regional_hospital,high_capacity,58,mvr,medical_device,0.0,0,1.0,1
regional_hospital,high_capacity,59,criticality,vendor_connection,3.2,0,1.0,2
regional_hospital,high_capacity,59,mvr,vendor_connection,3.2,0,1.0,2
regional_hospital,high_capacity,60,criticality,workstation,0.0,0,1.0,1
regional_hospital,high_capacity,60,mvr,workstation,0.0,0,1.0,1
regional_hospital,high_capacity,61,criticality,internet_facing,1.8,35,1.0,1
regional_hospital,high_capacity,61,mvr,internet_facing,1.8,35,1.0,1
regional_hospital,high_capacity,62,criticality,privileged_system,1.8,61,1.0,1
regional_hospital,high_capacity,62,mvr,privileged_system,1.8,61,1.0,1
regional_hospital,high_capacity,63,criticality,medical_device,0.0,0,1.0,1
regional_hospital,high_capacity,63,mvr,medical_device,0.0,0,1.0,1
regional_hospital,high_capacity,64,criticality,vendor_connection,18.8,28,1.0,1
regional_hospital,high_capacity,64,mvr,vendor_connection,18.8,28,1.0,1
regional_hospital,high_capacity,65,criticality,workstation,0.0,0,1.0,1
regional_hospital,high_capacity,65,mvr,workstation,0.0,0,1.0,1
regional_hospital,high_capacity,66,criticality,internet_facing,7.0,186,1.0,1
regional_hospital,high_capacity,66,mvr,internet_facing,7.0,186,1.0,1
regional_hospital,high_capacity,67,criticality,privileged_system,0.0,0,1.0,1
regional_hospital,high_capacity,67,mvr,privileged_system,0.0,0,1.0,1
regional_hospital,high_capacity,68,criticality,medical_device,0.0,0,1.0,1
regional_hospital,high_capacity,68,mvr,medical_device,0.0,0,1.0,1
regional_hospital,high_capacity,69,criticality,vendor_connection,2.0,121,1.0,1
regional_hospital,high_capacity,69,mvr,vendor_connection,2.0,121,1.0,1
regional_hospital,high_capacity,70,criticality,workstation,0.0,0,1.0,1
regional_hospital,high_capacity,70,mvr,workstation,0.0,0,1.0,1
regional_hospital,high_capacity,71,criticality,internet_facing,0.8,0,1.0,1
regional_hospital,high_capacity,71,mvr,internet_facing,0.8,0,1.0,1
regional_hospital,high_capacity,72,criticality,privileged_system,13.2,175,1.0,1
regional_hospital,high_capacity,72,mvr,privileged_system,13.2,175,1.0,1
regional_hospital,high_capacity,73,criticality,medical_device,0.0,0,1.0,1
regional_hospital,high_capacity,73,mvr,medical_device,0.0,0,1.0,1
regional_hospital,high_capacity,74,criticality,vendor_connection,0.0,0,1.0,1
regional_hospital,high_capacity,74,mvr,vendor_connection,0.0,0,1.0,1
regional_hospital,high_capacity,75,criticality,workstation,7.0,172,1.0,1
regional_hospital,high_capacity,75,mvr,workstation,7.0,172,1.0,1
regional_hospital,high_capacity,76,criticality,internet_facing,0.8,0,1.0,1
regional_hospital,high_capacity,76,mvr,internet_facing,0.8,0,1.0,1
regional_hospital,high_capacity,77,criticality,privileged_system,0.8,0,1.0,1
regional_hospital,high_capacity,77,mvr,privileged_system,0.8,0,1.0,1
regional_hospital,high_capacity,78,criticality,medical_device,0.0,0,1.0,1
regional_hospital,high_capacity,78,mvr,medical_device,0.0,0,1.0,1
regional_hospital,high_capacity,79,criticality,vendor_connection,12.600000000000001,170,1.0,1
regional_hospital,high_capacity,79,mvr,vendor_connection,12.600000000000001,170,1.0,1
regional_hospital,high_capacity,80,criticality,workstation,3.4000000000000004,97,1.0,1
regional_hospital,high_capacity,80,mvr,workstation,3.4000000000000004,97,1.0,1
regional_hospital,high_capacity,81,criticality,internet_facing,0.0,0,1.0,1
regional_hospital,high_capacity,81,mvr,internet_facing,0.0,0,1.0,1
regional_hospital,high_capacity,82,criticality,privileged_system,5.6,162,1.0,2
regional_hospital,high_capacity,82,mvr,privileged_system,5.6,162,1.0,2
regional_hospital,high_capacity,83,criticality,medical_device,0.0,0,1.0,1
regional_hospital,high_capacity,83,mvr,medical_device,0.0,0,1.0,1
regional_hospital,high_capacity,84,criticality,vendor_connection,5.6000000000000005,163,1.0,1
regional_hospital,high_capacity,84,mvr,vendor_connection,5.6000000000000005,163,1.0,1
regional_hospital,high_capacity,85,criticality,workstation,0.0,0,1.0,1
regional_hospital,high_capacity,85,mvr,workstation,0.0,0,1.0,1
regional_hospital,high_capacity,86,criticality,internet_facing,0.0,0,1.0,2
regional_hospital,high_capacity,86,mvr,internet_facing,0.0,0,1.0,2
regional_hospital,high_capacity,87,criticality,privileged_system,0.0,0,1.0,1
regional_hospital,high_capacity,87,mvr,privileged_system,0.0,0,1.0,1
regional_hospital,high_capacity,88,criticality,medical_device,0.0,0,1.0,1
regional_hospital,high_capacity,88,mvr,medical_device,0.0,0,1.0,1
regional_hospital,high_capacity,89,criticality,vendor_connection,14.000000000000002,145,1.0,1
regional_hospital,high_capacity,89,mvr,vendor_connection,14.000000000000002,145,1.0,1
regional_hospital,high_capacity,90,criticality,workstation,0.0,0,1.0,1
regional_hospital,high_capacity,90,mvr,workstation,0.0,0,1.0,1
regional_hospital,high_capacity,91,criticality,internet_facing,11.4,116,1.0,1
regional_hospital,high_capacity,91,mvr,internet_facing,11.4,116,1.0,1
regional_hospital,high_capacity,92,criticality,privileged_system,0.0,0,1.0,1
regional_hospital,high_capacity,92,mvr,privileged_system,0.0,0,1.0,1
regional_hospital,high_capacity,93,criticality,medical_device,0.0,0,1.0,2
regional_hospital,high_capacity,93,mvr,medical_device,0.0,0,1.0,2
regional_hospital,high_capacity,94,criticality,vendor_connection,0.0,0,1.0,2
regional_hospital,high_capacity,94,mvr,vendor_connection,0.0,0,1.0,2
regional_hospital,high_capacity,95,criticality,workstation,0.0,0,1.0,1
regional_hospital,high_capacity,95,mvr,workstation,0.0,0,1.0,1
regional_hospital,high_capacity,96,criticality,internet_facing,5.800000000000001,38,1.0,1
regional_hospital,high_capacity,96,mvr,internet_facing,5.800000000000001,38,1.0,1
regional_hospital,high_capacity,97,criticality,privileged_system,4.4,52,1.0,1
regional_hospital,high_capacity,97,mvr,privileged_system,4.4,52,1.0,1
regional_hospital,high_capacity,98,criticality,medical_device,0.8,0,1.0,1
regional_hospital,high_capacity,98,mvr,medical_device,0.8,0,1.0,1
regional_hospital,high_capacity,99,criticality,vendor_connection,0.8,0,1.0,1
regional_hospital,high_capacity,99,mvr,vendor_connection,0.8,0,1.0,1
regional_hospital,high_capacity,100,criticality,workstation,0.0,0,1.0,1
regional_hospital,high_capacity,100,mvr,workstation,0.0,0,1.0,1
regional_hospital,high_capacity,101,criticality,internet_facing,0.0,0,1.0,1
regional_hospital,high_capacity,101,mvr,internet_facing,0.0,0,1.0,1
regional_hospital,high_capacity,102,criticality,privileged_system,0.0,0,1.0,1
regional_hospital,high_capacity,102,mvr,privileged_system,0.0,0,1.0,1
regional_hospital,high_capacity,103,criticality,medical_device,11.400000000000002,134,0.8571428571428571,1
regional_hospital,high_capacity,103,mvr,medical_device,11.400000000000002,134,0.8571428571428571,1
regional_hospital,high_capacity,104,criticality,vendor_connection,3.4000000000000004,86,1.0,1
regional_hospital,high_capacity,104,mvr,vendor_connection,3.4000000000000004,86,1.0,1
regional_hospital,high_capacity,105,criticality,workstation,12.6,-1,0.8571428571428571,2
regional_hospital,high_capacity,105,mvr,workstation,12.6,-1,0.8571428571428571,2
regional_hospital,high_capacity,106,criticality,internet_facing,11.8,91,1.0,1
regional_hospital,high_capacity,106,mvr,internet_facing,11.8,91,1.0,1
regional_hospital,high_capacity,107,criticality,privileged_system,0.0,0,1.0,1
regional_hospital,high_capacity,107,mvr,privileged_system,0.0,0,1.0,1
regional_hospital,high_capacity,108,criticality,medical_device,0.0,0,1.0,2
regional_hospital,high_capacity,108,mvr,medical_device,0.0,0,1.0,2
regional_hospital,high_capacity,109,criticality,vendor_connection,0.0,0,1.0,1
regional_hospital,high_capacity,109,mvr,vendor_connection,0.0,0,1.0,1
regional_hospital,high_capacity,110,criticality,workstation,0.0,0,1.0,2
regional_hospital,high_capacity,110,mvr,workstation,0.0,0,1.0,2
regional_hospital,high_capacity,111,criticality,internet_facing,0.0,0,1.0,1
regional_hospital,high_capacity,111,mvr,internet_facing,0.0,0,1.0,1
regional_hospital,high_capacity,112,criticality,privileged_system,11.4,71,1.0,2
regional_hospital,high_capacity,112,mvr,privileged_system,11.4,71,1.0,2
regional_hospital,high_capacity,113,criticality,medical_device,0.0,0,1.0,1
regional_hospital,high_capacity,113,mvr,medical_device,0.0,0,1.0,1
regional_hospital,high_capacity,114,criticality,vendor_connection,0.0,0,1.0,1
regional_hospital,high_capacity,114,mvr,vendor_connection,0.0,0,1.0,1
regional_hospital,high_capacity,115,criticality,workstation,0.0,0,1.0,1
regional_hospital,high_capacity,115,mvr,workstation,0.0,0,1.0,1
regional_hospital,high_capacity,116,criticality,internet_facing,4.2,134,1.0,1
regional_hospital,high_capacity,116,mvr,internet_facing,4.2,134,1.0,1
regional_hospital,high_capacity,117,criticality,privileged_system,0.0,0,1.0,3
regional_hospital,high_capacity,117,mvr,privileged_system,0.0,0,1.0,3
regional_hospital,high_capacity,118,criticality,medical_device,0.0,0,1.0,1
regional_hospital,high_capacity,118,mvr,medical_device,0.0,0,1.0,1
regional_hospital,high_capacity,119,criticality,vendor_connection,0.0,0,1.0,1
regional_hospital,high_capacity,119,mvr,vendor_connection,0.0,0,1.0,1
large_hospital,resource_constrained,0,criticality,workstation,11.15,-1,0.8571428571428571,1
large_hospital,resource_constrained,0,mvr,workstation,11.15,-1,0.8571428571428571,1
large_hospital,resource_constrained,1,criticality,internet_facing,30.8,169,1.0,2
large_hospital,resource_constrained,1,mvr,internet_facing,30.8,169,1.0,2
large_hospital,resource_constrained,2,criticality,privileged_system,10.8,191,1.0,16
large_hospital,resource_constrained,2,mvr,privileged_system,10.8,191,1.0,16
large_hospital,resource_constrained,3,criticality,medical_device,10.8,90,1.0,83
large_hospital,resource_constrained,3,mvr,medical_device,10.8,90,1.0,83
large_hospital,resource_constrained,4,criticality,vendor_connection,1.875,-1,0.8571428571428571,13
large_hospital,resource_constrained,4,mvr,vendor_connection,1.875,-1,0.8571428571428571,13
large_hospital,resource_constrained,5,criticality,workstation,19.4,95,1.0,1
large_hospital,resource_constrained,5,mvr,workstation,19.4,95,1.0,1
large_hospital,resource_constrained,6,criticality,internet_facing,2.3,191,0.8571428571428571,1
large_hospital,resource_constrained,6,mvr,internet_facing,2.3,191,0.8571428571428571,1
large_hospital,resource_constrained,7,criticality,privileged_system,66.225,-1,0.14285714285714285,183
large_hospital,resource_constrained,7,mvr,privileged_system,66.225,-1,0.14285714285714285,183
large_hospital,resource_constrained,8,criticality,medical_device,5.6,137,1.0,2
large_hospital,resource_constrained,8,mvr,medical_device,5.6,137,1.0,2
large_hospital,resource_constrained,9,criticality,vendor_connection,11.925,-1,0.8571428571428571,1
large_hospital,resource_constrained,9,mvr,vendor_connection,11.925,-1,0.8571428571428571,1
large_hospital,resource_constrained,10,criticality,workstation,16.0,164,1.0,28
large_hospital,resource_constrained,10,mvr,workstation,16.0,164,1.0,28
large_hospital,resource_constrained,11,criticality,internet_facing,24.6,177,1.0,1
large_hospital,resource_constrained,11,mvr,internet_facing,24.6,177,1.0,1
large_hospital,resource_constrained,12,criticality,privileged_system,11.4,61,1.0,1
large_hospital,resource_constrained,12,mvr,privileged_system,11.4,61,1.0,1
large_hospital,resource_constrained,13,criticality,medical_device,1.8,132,1.0,1
large_hospital,resource_constrained,13,mvr,medical_device,1.8,132,1.0,1
large_hospital,resource_constrained,14,criticality,vendor_connection,2.4,0,0.8571428571428571,1
large_hospital,resource_constrained,14,mvr,vendor_connection,2.4,0,0.8571428571428571,1
large_hospital,resource_constrained,15,criticality,workstation,1.2,0,1.0,1
large_hospital,resource_constrained,15,mvr,workstation,1.2,0,1.0,1
large_hospital,resource_constrained,16,criticality,internet_facing,0.0,0,1.0,8
large_hospital,resource_constrained,16,mvr,internet_facing,0.0,0,1.0,8
large_hospital,resource_constrained,17,criticality,privileged_system,9.4,69,1.0,2
large_hospital,resource_constrained,17,mvr,privileged_system,9.4,69,1.0,2
large_hospital,resource_constrained,18,criticality,medical_device,2.4,0,1.0,1
large_hospital,resource_constrained,18,mvr,medical_device,2.4,0,1.0,1
large_hospital,resource_constrained,19,criticality,vendor_connection,9.875000000000002,-1,0.8571428571428571,1
large_hospital,resource_constrained,19,mvr,vendor_connection,9.875000000000002,-1,0.8571428571428571,1
large_hospital,resource_constrained,20,criticality,workstation,3.4000000000000004,58,1.0,12
large_hospital,resource_constrained,20,mvr,workstation,3.4000000000000004,58,1.0,12
large_hospital,resource_constrained,21,criticality,internet_facing,22.0,185,1.0,3
large_hospital,resource_constrained,21,mvr,internet_facing,22.0,185,1.0,3
large_hospital,resource_constrained,22,criticality,privileged_system,3.2,40,1.0,2
large_hospital,resource_constrained,22,mvr,privileged_system,3.2,40,1.0,2
large_hospital,resource_constrained,23,criticality,medical_device,15.000000000000002,150,1.0,3
large_hospital,resource_constrained,23,mvr,medical_device,15.000000000000002,150,1.0,3
large_hospital,resource_constrained,24,criticality,vendor_connection,4.0,38,1.0,2
large_hospital,resource_constrained,24,mvr,vendor_connection,4.0,38,1.0,2
large_hospital,resource_constrained,25,criticality,workstation,2.4000000000000004,107,1.0,2
large_hospital,resource_constrained,25,mvr,workstation,2.4000000000000004,107,1.0,2
large_hospital,resource_constrained,26,criticality,internet_facing,6.2,161,1.0,6
large_hospital,resource_constrained,26,mvr,internet_facing,6.2,161,1.0,6
large_hospital,resource_constrained,27,criticality,privileged_system,7.199999999999999,192,1.0,19
large_hospital,resource_constrained,27,mvr,privileged_system,7.199999999999999,192,1.0,19
large_hospital,resource_constrained,28,criticality,medical_device,0.0,0,1.0,1
large_hospital,resource_constrained,28,mvr,medical_device,0.0,0,1.0,1
large_hospital,resource_constrained,29,criticality,vendor_connection,4.0,81,0.8571428571428571,7
large_hospital,resource_constrained,29,mvr,vendor_connection,4.0,81,0.8571428571428571,7
large_hospital,resource_constrained,30,criticality,workstation,154.65,-1,0.14285714285714285,321
large_hospital,resource_constrained,30,mvr,workstation,154.65,-1,0.14285714285714285,321
large_hospital,resource_constrained,31,criticality,internet_facing,1.6,172,1.0,5
large_hospital,resource_constrained,31,mvr,internet_facing,1.6,172,1.0,5
large_hospital,resource_constrained,32,criticality,privileged_system,184.47500000000002,-1,0.14285714285714285,263
large_hospital,resource_constrained,32,mvr,privileged_system,184.47500000000002,-1,0.14285714285714285,263
large_hospital,resource_constrained,33,criticality,medical_device,22.200000000000003,78,1.0,7
large_hospital,resource_constrained,33,mvr,medical_device,22.200000000000003,78,1.0,7
large_hospital,resource_constrained,34,criticality,vendor_connection,11.4,75,1.0,1
large_hospital,resource_constrained,34,mvr,vendor_connection,11.4,75,1.0,1
large_hospital,resource_constrained,35,criticality,workstation,170.375,-1,0.14285714285714285,228
large_hospital,resource_constrained,35,mvr,workstation,170.375,-1,0.14285714285714285,228
large_hospital,resource_constrained,36,criticality,internet_facing,2.0,0,1.0,1
large_hospital,resource_constrained,36,mvr,internet_facing,2.0,0,1.0,1
large_hospital,resource_constrained,37,criticality,privileged_system,22.400000000000002,125,1.0,5
large_hospital,resource_constrained,37,mvr,privileged_system,22.400000000000002,125,1.0,5
large_hospital,resource_constrained,38,criticality,medical_device,23.55,-1,0.8571428571428571,98
large_hospital,resource_constrained,38,mvr,medical_device,23.55,-1,0.8571428571428571,98
large_hospital,resource_constrained,39,criticality,vendor_connection,6.675,-1,0.14285714285714285,3
large_hospital,resource_constrained,39,mvr,vendor_connection,6.675,-1,0.14285714285714285,3
large_hospital,resource_constrained,40,criticality,workstation,5.8,157,1.0,1
large_hospital,resource_constrained,40,mvr,workstation,5.8,157,1.0,1
large_hospital,resource_constrained,41,criticality,internet_facing,0.0,0,1.0,2
large_hospital,resource_constrained,41,mvr,internet_facing,0.0,0,1.0,2
large_hospital,resource_constrained,42,criticality,privileged_system,2.0,0,1.0,5
large_hospital,resource_constrained,42,mvr,privileged_system,2.0,0,1.0,5
large_hospital,resource_constrained,43,criticality,medical_device,4.800000000000001,156,1.0,1
large_hospital,resource_constrained,43,mvr,medical_device,4.800000000000001,156,1.0,1
large_hospital,resource_constrained,44,criticality,vendor_connection,12.250000000000002,-1,0.8571428571428571,35
large_hospital,resource_constrained,44,mvr,vendor_connection,12.250000000000002,-1,0.8571428571428571,35
large_hospital,resource_constrained,45,criticality,workstation,27.875,125,1.0,78
large_hospital,resource_constrained,45,mvr,workstation,27.875,125,1.0,78
large_hospital,resource_constrained,46,criticality,internet_facing,1.6,119,1.0,1
large_hospital,resource_constrained,46,mvr,internet_facing,1.6,119,1.0,1
large_hospital,resource_constrained,47,criticality,privileged_system,49.575,172,1.0,4
large_hospital,resource_constrained,47,mvr,privileged_system,49.575,172,1.0,4
large_hospital,resource_constrained,48,criticality,medical_device,0.8,0,1.0,1
large_hospital,resource_constrained,48,mvr,medical_device,0.8,0,1.0,1
large_hospital,resource_constrained,49,criticality,vendor_connection,0.0,0,1.0,13
large_hospital,resource_constrained,49,mvr,vendor_connection,0.0,0,1.0,13
large_hospital,resource_constrained,50,criticality,workstation,0.8,0,1.0,1
large_hospital,resource_constrained,50,mvr,workstation,0.8,0,1.0,1
large_hospital,resource_constrained,51,criticality,internet_facing,15.200000000000001,190,1.0,1
large_hospital,resource_constrained,51,mvr,internet_facing,15.200000000000001,190,1.0,1
large_hospital,resource_constrained,52,criticality,privileged_system,1.8,186,1.0,1
large_hospital,resource_constrained,52,mvr,privileged_system,1.8,186,1.0,1
large_hospital,resource_constrained,53,criticality,medical_device,5.8,183,1.0,40
large_hospital,resource_constrained,53,mvr,medical_device,5.8,183,1.0,40
large_hospital,resource_constrained,54,criticality,vendor_connection,7.0,150,1.0,5
large_hospital,resource_constrained,54,mvr,vendor_connection,7.0,150,1.0,5
large_hospital,resource_constrained,55,criticality,workstation,2.8,76,1.0,1
large_hospital,resource_constrained,55,mvr,workstation,2.8,76,1.0,1
large_hospital,resource_constrained,56,criticality,internet_facing,48.175,174,1.0,101
large_hospital,resource_constrained,56,mvr,internet_facing,48.175,174,1.0,101
large_hospital,resource_constrained,57,criticality,privileged_system,5.8,188,1.0,6
large_hospital,resource_constrained,57,mvr,privileged_system,5.8,188,1.0,6
large_hospital,resource_constrained,58,criticality,medical_device,13.8,135,1.0,8
large_hospital,resource_constrained,58,mvr,medical_device,13.8,135,1.0,8
large_hospital,resource_constrained,59,criticality,vendor_connection,4.0,116,1.0,13
large_hospital,resource_constrained,59,mvr,vendor_connection,4.0,116,1.0,13
large_hospital,resource_constrained,60,criticality,workstation,4.2,154,1.0,1
large_hospital,resource_constrained,60,mvr,workstation,4.2,154,1.0,1
large_hospital,resource_constrained,61,criticality,internet_facing,3.0,112,1.0,3
large_hospital,resource_constrained,61,mvr,internet_facing,3.0,112,1.0,3
large_hospital,resource_constrained,62,criticality,privileged_system,24.075000000000003,170,1.0,8
large_hospital,resource_constrained,62,mvr,privileged_system,24.075000000000003,170,1.0,8
large_hospital,resource_constrained,63,criticality,medical_device,13.8,147,0.8571428571428571,1
large_hospital,resource_constrained,63,mvr,medical_device,13.8,147,0.8571428571428571,1
large_hospital,resource_constrained,64,criticality,vendor_connection,4.2,127,1.0,1
large_hospital,resource_constrained,64,mvr,vendor_connection,4.2,127,1.0,1
large_hospital,resource_constrained,65,criticality,workstation,2.1,192,0.8571428571428571,1
large_hospital,resource_constrained,65,mvr,workstation,2.1,192,0.8571428571428571,1
large_hospital,resource_constrained,66,criticality,internet_facing,3.0,148,1.0,13
large_hospital,resource_constrained,66,mvr,internet_facing,3.0,148,1.0,13
large_hospital,resource_constrained,67,criticality,privileged_system,6.2,184,1.0,1
large_hospital,resource_constrained,67,mvr,privileged_system,6.2,184,1.0,1
large_hospital,resource_constrained,68,criticality,medical_device,0.0,0,1.0,1
large_hospital,resource_constrained,68,mvr,medical_device,0.0,0,1.0,1
large_hospital,resource_constrained,69,criticality,vendor_connection,14.000000000000002,131,1.0,2
large_hospital,resource_constrained,69,mvr,vendor_connection,14.000000000000002,131,1.0,2
large_hospital,resource_constrained,70,criticality,workstation,1.8,73,1.0,2
large_hospital,resource_constrained,70,mvr,workstation,1.8,73,1.0,2
large_hospital,resource_constrained,71,criticality,internet_facing,3.7,52,0.8571428571428571,2
large_hospital,resource_constrained,71,mvr,internet_facing,3.7,52,0.8571428571428571,2
large_hospital,resource_constrained,72,criticality,privileged_system,10.6,127,1.0,3
large_hospital,resource_constrained,72,mvr,privileged_system,10.6,127,1.0,3
large_hospital,resource_constrained,73,criticality,medical_device,3.6,146,1.0,8
large_hospital,resource_constrained,73,mvr,medical_device,3.6,146,1.0,8
large_hospital,resource_constrained,74,criticality,vendor_connection,7.0,148,1.0,5
large_hospital,resource_constrained,74,mvr,vendor_connection,7.0,148,1.0,5
large_hospital,resource_constrained,75,criticality,workstation,2.2,12,1.0,1
large_hospital,resource_constrained,75,mvr,workstation,2.2,12,1.0,1
large_hospital,resource_constrained,76,criticality,internet_facing,6.1499999999999995,183,0.8571428571428571,1
large_hospital,resource_constrained,76,mvr,internet_facing,6.1499999999999995,183,0.8571428571428571,1
large_hospital,resource_constrained,77,criticality,privileged_system,12.0,190,1.0,3
large_hospital,resource_constrained,77,mvr,privileged_system,12.0,190,1.0,3
large_hospital,resource_constrained,78,criticality,medical_device,10.8,119,1.0,1
large_hospital,resource_constrained,78,mvr,medical_device,10.8,119,1.0,1
large_hospital,resource_constrained,79,criticality,vendor_connection,2.6,136,1.0,1
large_hospital,resource_constrained,79,mvr,vendor_connection,2.6,136,1.0,1
large_hospital,resource_constrained,80,criticality,workstation,16.200000000000003,88,1.0,2
large_hospital,resource_constrained,80,mvr,workstation,16.200000000000003,88,1.0,2
large_hospital,resource_constrained,81,criticality,internet_facing,13.600000000000001,133,1.0,1
large_hospital,resource_constrained,81,mvr,internet_facing,13.600000000000001,133,1.0,1
large_hospital,resource_constrained,82,criticality,privileged_system,12.6,99,1.0,6
large_hospital,resource_constrained,82,mvr,privileged_system,12.6,99,1.0,6
large_hospital,resource_constrained,83,criticality,medical_device,10.399999999999999,145,1.0,1
large_hospital,resource_constrained,83,mvr,medical_device,10.399999999999999,145,1.0,1
large_hospital,resource_constrained,84,criticality,vendor_connection,12.0,146,1.0,1
large_hospital,resource_constrained,84,mvr,vendor_connection,12.0,146,1.0,1
large_hospital,resource_constrained,85,criticality,workstation,8.6,169,1.0,2
large_hospital,resource_constrained,85,mvr,workstation,8.6,169,1.0,2
large_hospital,resource_constrained,86,criticality,internet_facing,4.8,130,1.0,12
large_hospital,resource_constrained,86,mvr,internet_facing,4.8,130,1.0,12
large_hospital,resource_constrained,87,criticality,privileged_system,4.6499999999999995,141,0.8571428571428571,1
large_hospital,resource_constrained,87,mvr,privileged_system,4.6499999999999995,141,0.8571428571428571,1
large_hospital,resource_constrained,88,criticality,medical_device,131.7,186,1.0,160
large_hospital,resource_constrained,88,mvr,medical_device,131.7,186,1.0,160
large_hospital,resource_constrained,89,criticality,vendor_connection,3.2,45,1.0,1
large_hospital,resource_constrained,89,mvr,vendor_connection,3.2,45,1.0,1
large_hospital,resource_constrained,90,criticality,workstation,5.4,167,1.0,1
large_hospital,resource_constrained,90,mvr,workstation,5.4,167,1.0,1
large_hospital,resource_constrained,91,criticality,internet_facing,4.6000000000000005,117,1.0,52
large_hospital,resource_constrained,91,mvr,internet_facing,4.6000000000000005,117,1.0,52
large_hospital,resource_constrained,92,criticality,privileged_system,138.5,149,1.0,124
large_hospital,resource_constrained,92,mvr,privileged_system,138.5,149,1.0,124
large_hospital,resource_constrained,93,criticality,medical_device,14.800000000000002,104,1.0,13
large_hospital,resource_constrained,93,mvr,medical_device,14.800000000000002,104,1.0,13
large_hospital,resource_constrained,94,criticality,vendor_connection,40.225,-1,0.8571428571428571,36
large_hospital,resource_constrained,94,mvr,vendor_connection,40.225,-1,0.8571428571428571,36
large_hospital,resource_constrained,95,criticality,workstation,11.475000000000001,127,1.0,11
large_hospital,resource_constrained,95,mvr,workstation,11.475000000000001,127,1.0,11
large_hospital,resource_constrained,96,criticality,internet_facing,17.549999999999997,94,1.0,3
large_hospital,resource_constrained,96,mvr,internet_facing,17.549999999999997,94,1.0,3
large_hospital,resource_constrained,97,criticality,privileged_system,8.100000000000001,-1,0.14285714285714285,2
large_hospital,resource_constrained,97,mvr,privileged_system,8.100000000000001,-1,0.14285714285714285,2
large_hospital,resource_constrained,98,criticality,medical_device,11.200000000000001,184,1.0,1
large_hospital,resource_constrained,98,mvr,medical_device,11.200000000000001,184,1.0,1
large_hospital,resource_constrained,99,criticality,vendor_connection,1.6,184,1.0,1
large_hospital,resource_constrained,99,mvr,vendor_connection,1.6,184,1.0,1
large_hospital,resource_constrained,100,criticality,workstation,9.4,62,1.0,1
large_hospital,resource_constrained,100,mvr,workstation,9.4,62,1.0,1
large_hospital,resource_constrained,101,criticality,internet_facing,4.8,119,1.0,3
large_hospital,resource_constrained,101,mvr,internet_facing,4.8,119,1.0,3
large_hospital,resource_constrained,102,criticality,privileged_system,81.82499999999999,155,1.0,114
large_hospital,resource_constrained,102,mvr,privileged_system,81.82499999999999,155,1.0,114
large_hospital,resource_constrained,103,criticality,medical_device,3.6,170,1.0,1
large_hospital,resource_constrained,103,mvr,medical_device,3.6,170,1.0,1
large_hospital,resource_constrained,104,criticality,vendor_connection,0.0,0,1.0,1
large_hospital,resource_constrained,104,mvr,vendor_connection,0.0,0,1.0,1
large_hospital,resource_constrained,105,criticality,workstation,14.9,47,1.0,6
large_hospital,resource_constrained,105,mvr,workstation,14.9,47,1.0,6
large_hospital,resource_constrained,106,criticality,internet_facing,3.8,128,1.0,2
large_hospital,resource_constrained,106,mvr,internet_facing,3.8,128,1.0,2
large_hospital,resource_constrained,107,criticality,privileged_system,4.6,179,1.0,3
large_hospital,resource_constrained,107,mvr,privileged_system,4.6,179,1.0,3
large_hospital,resource_constrained,108,criticality,medical_device,2.4000000000000004,-1,0.8571428571428571,11
large_hospital,resource_constrained,108,mvr,medical_device,2.4000000000000004,-1,0.8571428571428571,11
large_hospital,resource_constrained,109,criticality,vendor_connection,7.0,186,1.0,4
large_hospital,resource_constrained,109,mvr,vendor_connection,7.0,186,1.0,4
large_hospital,resource_constrained,110,criticality,workstation,1.6,134,1.0,2
large_hospital,resource_constrained,110,mvr,workstation,1.6,134,1.0,2
large_hospital,resource_constrained,111,criticality,internet_facing,4.525,142,1.0,30
large_hospital,resource_constrained,111,mvr,internet_facing,4.525,142,1.0,30
large_hospital,resource_constrained,112,criticality,privileged_system,3.0,104,1.0,2
large_hospital,resource_constrained,112,mvr,privileged_system,3.0,104,1.0,2
large_hospital,resource_constrained,113,criticality,medical_device,0.0,0,1.0,18
large_hospital,resource_constrained,113,mvr,medical_device,0.0,0,1.0,18
large_hospital,resource_constrained,114,criticality,vendor_connection,48.099999999999994,-1,0.7142857142857143,123
large_hospital,resource_constrained,114,mvr,vendor_connection,48.099999999999994,-1,0.7142857142857143,123
large_hospital,resource_constrained,115,criticality,workstation,2.5999999999999996,124,0.8571428571428571,1
large_hospital,resource_constrained,115,mvr,workstation,2.5999999999999996,124,0.8571428571428571,1
large_hospital,resource_constrained,116,criticality,internet_facing,3.6000000000000005,80,1.0,1
large_hospital,resource_constrained,116,mvr,internet_facing,3.6000000000000005,80,1.0,1
large_hospital,resource_constrained,117,criticality,privileged_system,4.6,175,1.0,1
large_hospital,resource_constrained,117,mvr,privileged_system,4.6,175,1.0,1
large_hospital,resource_constrained,118,criticality,medical_device,0.0,0,1.0,1
large_hospital,resource_constrained,118,mvr,medical_device,0.0,0,1.0,1
large_hospital,resource_constrained,119,criticality,vendor_connection,11.55,-1,0.8571428571428571,1
large_hospital,resource_constrained,119,mvr,vendor_connection,11.55,-1,0.8571428571428571,1
large_hospital,intermediate_capacity,0,criticality,workstation,11.000000000000002,157,1.0,1
large_hospital,intermediate_capacity,0,mvr,workstation,11.000000000000002,157,1.0,1
large_hospital,intermediate_capacity,1,criticality,internet_facing,4.0,172,1.0,2
large_hospital,intermediate_capacity,1,mvr,internet_facing,4.0,172,1.0,2
large_hospital,intermediate_capacity,2,criticality,privileged_system,4.6,164,1.0,1
large_hospital,intermediate_capacity,2,mvr,privileged_system,4.6,164,1.0,1
large_hospital,intermediate_capacity,3,criticality,medical_device,5.6,179,1.0,3
large_hospital,intermediate_capacity,3,mvr,medical_device,5.6,179,1.0,3
large_hospital,intermediate_capacity,4,criticality,vendor_connection,21.6,164,1.0,7
large_hospital,intermediate_capacity,4,mvr,vendor_connection,21.6,164,1.0,7
large_hospital,intermediate_capacity,5,criticality,workstation,0.0,0,1.0,1
large_hospital,intermediate_capacity,5,mvr,workstation,0.0,0,1.0,1
large_hospital,intermediate_capacity,6,criticality,internet_facing,13.8,175,1.0,4
large_hospital,intermediate_capacity,6,mvr,internet_facing,13.8,175,1.0,4
large_hospital,intermediate_capacity,7,criticality,privileged_system,30.200000000000003,163,1.0,1
large_hospital,intermediate_capacity,7,mvr,privileged_system,30.200000000000003,163,1.0,1
large_hospital,intermediate_capacity,8,criticality,medical_device,3.6000000000000005,88,1.0,1
large_hospital,intermediate_capacity,8,mvr,medical_device,3.6000000000000005,88,1.0,1
large_hospital,intermediate_capacity,9,criticality,vendor_connection,0.0,0,1.0,4
large_hospital,intermediate_capacity,9,mvr,vendor_connection,0.0,0,1.0,4
large_hospital,intermediate_capacity,10,criticality,workstation,4.6,98,1.0,6
large_hospital,intermediate_capacity,10,mvr,workstation,4.6,98,1.0,6
large_hospital,intermediate_capacity,11,criticality,internet_facing,7.8,189,1.0,2
large_hospital,intermediate_capacity,11,mvr,internet_facing,7.8,189,1.0,2
large_hospital,intermediate_capacity,12,criticality,privileged_system,6.199999999999999,141,1.0,1
large_hospital,intermediate_capacity,12,mvr,privileged_system,6.199999999999999,141,1.0,1
large_hospital,intermediate_capacity,13,criticality,medical_device,1.2,0,1.0,2
large_hospital,intermediate_capacity,13,mvr,medical_device,1.2,0,1.0,2
large_hospital,intermediate_capacity,14,criticality,vendor_connection,1.4,32,1.0,1
large_hospital,intermediate_capacity,14,mvr,vendor_connection,1.4,32,1.0,1
large_hospital,intermediate_capacity,15,criticality,workstation,11.000000000000002,156,1.0,1
large_hospital,intermediate_capacity,15,mvr,workstation,11.000000000000002,156,1.0,1
large_hospital,intermediate_capacity,16,criticality,internet_facing,5.8,176,1.0,1
large_hospital,intermediate_capacity,16,mvr,internet_facing,5.8,176,1.0,1
large_hospital,intermediate_capacity,17,criticality,privileged_system,11.9,36,0.8571428571428571,2
large_hospital,intermediate_capacity,17,mvr,privileged_system,11.9,36,0.8571428571428571,2
large_hospital,intermediate_capacity,18,criticality,medical_device,1.8,146,1.0,1
large_hospital,intermediate_capacity,18,mvr,medical_device,1.8,146,1.0,1
large_hospital,intermediate_capacity,19,criticality,vendor_connection,1.4,21,1.0,1
large_hospital,intermediate_capacity,19,mvr,vendor_connection,1.4,21,1.0,1
large_hospital,intermediate_capacity,20,criticality,workstation,0.0,0,1.0,1
large_hospital,intermediate_capacity,20,mvr,workstation,0.0,0,1.0,1
large_hospital,intermediate_capacity,21,criticality,internet_facing,2.0,43,1.0,1
large_hospital,intermediate_capacity,21,mvr,internet_facing,2.0,43,1.0,1
large_hospital,intermediate_capacity,22,criticality,privileged_system,0.0,0,1.0,2
large_hospital,intermediate_capacity,22,mvr,privileged_system,0.0,0,1.0,2
large_hospital,intermediate_capacity,23,criticality,medical_device,21.800000000000004,192,1.0,2
large_hospital,intermediate_capacity,23,mvr,medical_device,21.800000000000004,192,1.0,2
large_hospital,intermediate_capacity,24,criticality,vendor_connection,18.8,132,1.0,1
large_hospital,intermediate_capacity,24,mvr,vendor_connection,18.8,132,1.0,1
large_hospital,intermediate_capacity,25,criticality,workstation,4.699999999999999,-1,0.8571428571428571,1
large_hospital,intermediate_capacity,25,mvr,workstation,4.699999999999999,-1,0.8571428571428571,1
large_hospital,intermediate_capacity,26,criticality,internet_facing,0.0,0,1.0,1
large_hospital,intermediate_capacity,26,mvr,internet_facing,0.0,0,1.0,1
large_hospital,intermediate_capacity,27,criticality,privileged_system,12.325000000000003,-1,0.8571428571428571,3
large_hospital,intermediate_capacity,27,mvr,privileged_system,12.325000000000003,-1,0.8571428571428571,3
large_hospital,intermediate_capacity,28,criticality,medical_device,3.0,131,1.0,1
large_hospital,intermediate_capacity,28,mvr,medical_device,3.0,131,1.0,1
large_hospital,intermediate_capacity,29,criticality,vendor_connection,2.5999999999999996,144,1.0,1
large_hospital,intermediate_capacity,29,mvr,vendor_connection,2.5999999999999996,144,1.0,1
large_hospital,intermediate_capacity,30,criticality,workstation,20.600000000000005,160,1.0,5
large_hospital,intermediate_capacity,30,mvr,workstation,20.600000000000005,160,1.0,5
large_hospital,intermediate_capacity,31,criticality,internet_facing,0.45,-1,0.8571428571428571,1
large_hospital,intermediate_capacity,31,mvr,internet_facing,0.45,-1,0.8571428571428571,1
large_hospital,intermediate_capacity,32,criticality,privileged_system,13.200000000000001,180,1.0,4
large_hospital,intermediate_capacity,32,mvr,privileged_system,13.200000000000001,180,1.0,4
large_hospital,intermediate_capacity,33,criticality,medical_device,6.6000000000000005,156,1.0,1
large_hospital,intermediate_capacity,33,mvr,medical_device,6.6000000000000005,156,1.0,1
large_hospital,intermediate_capacity,34,criticality,vendor_connection,4.4,123,1.0,1
large_hospital,intermediate_capacity,34,mvr,vendor_connection,4.4,123,1.0,1
large_hospital,intermediate_capacity,35,criticality,workstation,4.8,98,1.0,5
large_hospital,intermediate_capacity,35,mvr,workstation,4.8,98,1.0,5
large_hospital,intermediate_capacity,36,criticality,internet_facing,6.3999999999999995,180,1.0,3
large_hospital,intermediate_capacity,36,mvr,internet_facing,6.3999999999999995,180,1.0,3
large_hospital,intermediate_capacity,37,criticality,privileged_system,20.775000000000002,21,1.0,4
large_hospital,intermediate_capacity,37,mvr,privileged_system,20.775000000000002,21,1.0,4
large_hospital,intermediate_capacity,38,criticality,medical_device,4.2,46,1.0,6
large_hospital,intermediate_capacity,38,mvr,medical_device,4.2,46,1.0,6
large_hospital,intermediate_capacity,39,criticality,vendor_connection,2.0,37,1.0,2
large_hospital,intermediate_capacity,39,mvr,vendor_connection,2.0,37,1.0,2
large_hospital,intermediate_capacity,40,criticality,workstation,17.400000000000002,192,1.0,1
large_hospital,intermediate_capacity,40,mvr,workstation,17.400000000000002,192,1.0,1
large_hospital,intermediate_capacity,41,criticality,internet_facing,2.4000000000000004,34,1.0,1
large_hospital,intermediate_capacity,41,mvr,internet_facing,2.4000000000000004,34,1.0,1
large_hospital,intermediate_capacity,42,criticality,privileged_system,1.8,191,1.0,1
large_hospital,intermediate_capacity,42,mvr,privileged_system,1.8,191,1.0,1
large_hospital,intermediate_capacity,43,criticality,medical_device,6.4,147,1.0,2
large_hospital,intermediate_capacity,43,mvr,medical_device,6.4,147,1.0,2
large_hospital,intermediate_capacity,44,criticality,vendor_connection,0.0,0,1.0,1
large_hospital,intermediate_capacity,44,mvr,vendor_connection,0.0,0,1.0,1
large_hospital,intermediate_capacity,45,criticality,workstation,2.0,0,1.0,1
large_hospital,intermediate_capacity,45,mvr,workstation,2.0,0,1.0,1
large_hospital,intermediate_capacity,46,criticality,internet_facing,11.8,56,1.0,1
large_hospital,intermediate_capacity,46,mvr,internet_facing,11.8,56,1.0,1
large_hospital,intermediate_capacity,47,criticality,privileged_system,1.2,0,1.0,3
large_hospital,intermediate_capacity,47,mvr,privileged_system,1.2,0,1.0,3
large_hospital,intermediate_capacity,48,criticality,medical_device,5.0,89,1.0,1
large_hospital,intermediate_capacity,48,mvr,medical_device,5.0,89,1.0,1
large_hospital,intermediate_capacity,49,criticality,vendor_connection,4.0,161,1.0,4
large_hospital,intermediate_capacity,49,mvr,vendor_connection,4.0,161,1.0,4
large_hospital,intermediate_capacity,50,criticality,workstation,3.0,40,1.0,1
large_hospital,intermediate_capacity,50,mvr,workstation,3.0,40,1.0,1
large_hospital,intermediate_capacity,51,criticality,internet_facing,3.0,60,1.0,3
large_hospital,intermediate_capacity,51,mvr,internet_facing,3.0,60,1.0,3
large_hospital,intermediate_capacity,52,criticality,privileged_system,3.2,102,1.0,4
large_hospital,intermediate_capacity,52,mvr,privileged_system,3.2,102,1.0,4
large_hospital,intermediate_capacity,53,criticality,medical_device,3.0,59,1.0,4
large_hospital,intermediate_capacity,53,mvr,medical_device,3.0,59,1.0,4
large_hospital,intermediate_capacity,54,criticality,vendor_connection,4.0,51,1.0,1
large_hospital,intermediate_capacity,54,mvr,vendor_connection,4.0,51,1.0,1
large_hospital,intermediate_capacity,55,criticality,workstation,2.8,76,1.0,1
large_hospital,intermediate_capacity,55,mvr,workstation,2.8,76,1.0,1
large_hospital,intermediate_capacity,56,criticality,internet_facing,1.2,0,1.0,1
large_hospital,intermediate_capacity,56,mvr,internet_facing,1.2,0,1.0,1
large_hospital,intermediate_capacity,57,criticality,privileged_system,1.2,0,1.0,18
large_hospital,intermediate_capacity,57,mvr,privileged_system,1.2,0,1.0,18
large_hospital,intermediate_capacity,58,criticality,medical_device,16.7,-1,0.14285714285714285,1
large_hospital,intermediate_capacity,58,mvr,medical_device,16.7,-1,0.14285714285714285,1
large_hospital,intermediate_capacity,59,criticality,vendor_connection,9.4,160,1.0,2
large_hospital,intermediate_capacity,59,mvr,vendor_connection,9.4,160,1.0,2
large_hospital,intermediate_capacity,60,criticality,workstation,10.8,-1,0.8571428571428571,1
large_hospital,intermediate_capacity,60,mvr,workstation,10.8,-1,0.8571428571428571,1
large_hospital,intermediate_capacity,61,criticality,internet_facing,3.0,35,1.0,1
large_hospital,intermediate_capacity,61,mvr,internet_facing,3.0,35,1.0,1
large_hospital,intermediate_capacity,62,criticality,privileged_system,7.2,187,1.0,1
large_hospital,intermediate_capacity,62,mvr,privileged_system,7.2,187,1.0,1
large_hospital,intermediate_capacity,63,criticality,medical_device,9.4,154,1.0,1
large_hospital,intermediate_capacity,63,mvr,medical_device,9.4,154,1.0,1
large_hospital,intermediate_capacity,64,criticality,vendor_connection,1.6,169,1.0,2
large_hospital,intermediate_capacity,64,mvr,vendor_connection,1.6,169,1.0,2
large_hospital,intermediate_capacity,65,criticality,workstation,2.1,192,0.8571428571428571,1
large_hospital,intermediate_capacity,65,mvr,workstation,2.1,192,0.8571428571428571,1
large_hospital,intermediate_capacity,66,criticality,internet_facing,11.4,125,1.0,2
large_hospital,intermediate_capacity,66,mvr,internet_facing,11.4,125,1.0,2
large_hospital,intermediate_capacity,67,criticality,privileged_system,14.174999999999999,132,1.0,1
large_hospital,intermediate_capacity,67,mvr,privileged_system,14.174999999999999,132,1.0,1
large_hospital,intermediate_capacity,68,criticality,medical_device,2.0,74,1.0,2
large_hospital,intermediate_capacity,68,mvr,medical_device,2.0,74,1.0,2
large_hospital,intermediate_capacity,69,criticality,vendor_connection,3.6000000000000005,23,1.0,1
large_hospital,intermediate_capacity,69,mvr,vendor_connection,3.6000000000000005,23,1.0,1
large_hospital,intermediate_capacity,70,criticality,workstation,2.0,63,1.0,2
large_hospital,intermediate_capacity,70,mvr,workstation,2.0,63,1.0,2
large_hospital,intermediate_capacity,71,criticality,internet_facing,0.8,0,1.0,1
large_hospital,intermediate_capacity,71,mvr,internet_facing,0.8,0,1.0,1
large_hospital,intermediate_capacity,72,criticality,privileged_system,5.2,131,0.8571428571428571,1
large_hospital,intermediate_capacity,72,mvr,privileged_system,5.2,131,0.8571428571428571,1
large_hospital,intermediate_capacity,73,criticality,medical_device,5.4,109,1.0,1
large_hospital,intermediate_capacity,73,mvr,medical_device,5.4,109,1.0,1
large_hospital,intermediate_capacity,74,criticality,vendor_connection,11.000000000000002,133,1.0,1
large_hospital,intermediate_capacity,74,mvr,vendor_connection,11.000000000000002,133,1.0,1
large_hospital,intermediate_capacity,75,criticality,workstation,3.4000000000000004,120,1.0,1
large_hospital,intermediate_capacity,75,mvr,workstation,3.4000000000000004,120,1.0,1
large_hospital,intermediate_capacity,76,criticality,internet_facing,14.8,182,1.0,1
large_hospital,intermediate_capacity,76,mvr,internet_facing,14.8,182,1.0,1
large_hospital,intermediate_capacity,77,criticality,privileged_system,1.4,152,1.0,1
large_hospital,intermediate_capacity,77,mvr,privileged_system,1.4,152,1.0,1
large_hospital,intermediate_capacity,78,criticality,medical_device,3.6,184,1.0,1
large_hospital,intermediate_capacity,78,mvr,medical_device,3.6,184,1.0,1
large_hospital,intermediate_capacity,79,criticality,vendor_connection,12.400000000000002,160,1.0,1
large_hospital,intermediate_capacity,79,mvr,vendor_connection,12.400000000000002,160,1.0,1
large_hospital,intermediate_capacity,80,criticality,workstation,30.999999999999996,173,1.0,1
large_hospital,intermediate_capacity,80,mvr,workstation,30.999999999999996,173,1.0,1
large_hospital,intermediate_capacity,81,criticality,internet_facing,3.8,188,1.0,5
large_hospital,intermediate_capacity,81,mvr,internet_facing,3.8,188,1.0,5
large_hospital,intermediate_capacity,82,criticality,privileged_system,13.400000000000002,144,1.0,8
large_hospital,intermediate_capacity,82,mvr,privileged_system,13.400000000000002,144,1.0,8
large_hospital,intermediate_capacity,83,criticality,medical_device,13.6,177,1.0,1
large_hospital,intermediate_capacity,83,mvr,medical_device,13.6,177,1.0,1
large_hospital,intermediate_capacity,84,criticality,vendor_connection,1.6,47,1.0,1
large_hospital,intermediate_capacity,84,mvr,vendor_connection,1.6,47,1.0,1
large_hospital,intermediate_capacity,85,criticality,workstation,3.6,187,1.0,1
large_hospital,intermediate_capacity,85,mvr,workstation,3.6,187,1.0,1
large_hospital,intermediate_capacity,86,criticality,internet_facing,7.2,148,1.0,3
large_hospital,intermediate_capacity,86,mvr,internet_facing,7.2,148,1.0,3
large_hospital,intermediate_capacity,87,criticality,privileged_system,4.6499999999999995,141,0.8571428571428571,1
large_hospital,intermediate_capacity,87,mvr,privileged_system,4.6499999999999995,141,0.8571428571428571,1
large_hospital,intermediate_capacity,88,criticality,medical_device,3.0,66,1.0,1
large_hospital,intermediate_capacity,88,mvr,medical_device,3.0,66,1.0,1
large_hospital,intermediate_capacity,89,criticality,vendor_connection,9.4,91,1.0,1
large_hospital,intermediate_capacity,89,mvr,vendor_connection,9.4,91,1.0,1
large_hospital,intermediate_capacity,90,criticality,workstation,3.4000000000000004,-1,0.7142857142857143,2
large_hospital,intermediate_capacity,90,mvr,workstation,3.4000000000000004,-1,0.7142857142857143,2
large_hospital,intermediate_capacity,91,criticality,internet_facing,17.2,175,1.0,2
large_hospital,intermediate_capacity,91,mvr,internet_facing,17.2,175,1.0,2
large_hospital,intermediate_capacity,92,criticality,privileged_system,0.0,0,1.0,1
large_hospital,intermediate_capacity,92,mvr,privileged_system,0.0,0,1.0,1
large_hospital,intermediate_capacity,93,criticality,medical_device,2.0,148,1.0,4
large_hospital,intermediate_capacity,93,mvr,medical_device,2.0,148,1.0,4
large_hospital,intermediate_capacity,94,criticality,vendor_connection,13.200000000000001,148,1.0,6
large_hospital,intermediate_capacity,94,mvr,vendor_connection,13.200000000000001,148,1.0,6
large_hospital,intermediate_capacity,95,criticality,workstation,5.2,80,1.0,1
large_hospital,intermediate_capacity,95,mvr,workstation,5.2,80,1.0,1
large_hospital,intermediate_capacity,96,criticality,internet_facing,10.8,122,1.0,1
large_hospital,intermediate_capacity,96,mvr,internet_facing,10.8,122,1.0,1
large_hospital,intermediate_capacity,97,criticality,privileged_system,5.6000000000000005,153,1.0,2
large_hospital,intermediate_capacity,97,mvr,privileged_system,5.6000000000000005,153,1.0,2
large_hospital,intermediate_capacity,98,criticality,medical_device,3.0,160,1.0,1
large_hospital,intermediate_capacity,98,mvr,medical_device,3.0,160,1.0,1
large_hospital,intermediate_capacity,99,criticality,vendor_connection,1.6,184,1.0,1
large_hospital,intermediate_capacity,99,mvr,vendor_connection,1.6,184,1.0,1
large_hospital,intermediate_capacity,100,criticality,workstation,4.8,170,1.0,1
large_hospital,intermediate_capacity,100,mvr,workstation,4.8,170,1.0,1
large_hospital,intermediate_capacity,101,criticality,internet_facing,0.0,0,1.0,8
large_hospital,intermediate_capacity,101,mvr,internet_facing,0.0,0,1.0,8
large_hospital,intermediate_capacity,102,criticality,privileged_system,4.4,28,1.0,1
large_hospital,intermediate_capacity,102,mvr,privileged_system,4.4,28,1.0,1
large_hospital,intermediate_capacity,103,criticality,medical_device,18.400000000000002,127,1.0,1
large_hospital,intermediate_capacity,103,mvr,medical_device,18.400000000000002,127,1.0,1
large_hospital,intermediate_capacity,104,criticality,vendor_connection,5.4,184,1.0,4
large_hospital,intermediate_capacity,104,mvr,vendor_connection,5.4,184,1.0,4
large_hospital,intermediate_capacity,105,criticality,workstation,19.200000000000003,-1,0.14285714285714285,3
large_hospital,intermediate_capacity,105,mvr,workstation,19.200000000000003,-1,0.14285714285714285,3
large_hospital,intermediate_capacity,106,criticality,internet_facing,4.2,46,1.0,2
large_hospital,intermediate_capacity,106,mvr,internet_facing,4.2,46,1.0,2
large_hospital,intermediate_capacity,107,criticality,privileged_system,3.2,24,1.0,1
large_hospital,intermediate_capacity,107,mvr,privileged_system,3.2,24,1.0,1
large_hospital,intermediate_capacity,108,criticality,medical_device,4.2,165,1.0,1
large_hospital,intermediate_capacity,108,mvr,medical_device,4.2,165,1.0,1
large_hospital,intermediate_capacity,109,criticality,vendor_connection,23.725,170,1.0,1
large_hospital,intermediate_capacity,109,mvr,vendor_connection,23.725,170,1.0,1
large_hospital,intermediate_capacity,110,criticality,workstation,13.200000000000001,171,1.0,2
large_hospital,intermediate_capacity,110,mvr,workstation,13.200000000000001,171,1.0,2
large_hospital,intermediate_capacity,111,criticality,internet_facing,3.8,78,1.0,3
large_hospital,intermediate_capacity,111,mvr,internet_facing,3.8,78,1.0,3
large_hospital,intermediate_capacity,112,criticality,privileged_system,1.6,0,1.0,1
large_hospital,intermediate_capacity,112,mvr,privileged_system,1.6,0,1.0,1
large_hospital,intermediate_capacity,113,criticality,medical_device,4.6,78,1.0,1
large_hospital,intermediate_capacity,113,mvr,medical_device,4.6,78,1.0,1
large_hospital,intermediate_capacity,114,criticality,vendor_connection,12.0,185,1.0,4
large_hospital,intermediate_capacity,114,mvr,vendor_connection,12.0,185,1.0,4
large_hospital,intermediate_capacity,115,criticality,workstation,4.4,122,1.0,2
large_hospital,intermediate_capacity,115,mvr,workstation,4.4,122,1.0,2
large_hospital,intermediate_capacity,116,criticality,internet_facing,9.649999999999999,-1,0.8571428571428571,2
large_hospital,intermediate_capacity,116,mvr,internet_facing,9.649999999999999,-1,0.8571428571428571,2
large_hospital,intermediate_capacity,117,criticality,privileged_system,3.8,97,1.0,4
large_hospital,intermediate_capacity,117,mvr,privileged_system,3.8,97,1.0,4
large_hospital,intermediate_capacity,118,criticality,medical_device,9.799999999999999,132,1.0,12
large_hospital,intermediate_capacity,118,mvr,medical_device,9.799999999999999,132,1.0,12
large_hospital,intermediate_capacity,119,criticality,vendor_connection,1.6,183,1.0,2
large_hospital,intermediate_capacity,119,mvr,vendor_connection,1.6,183,1.0,2
large_hospital,high_capacity,0,criticality,workstation,8.0,141,1.0,2
large_hospital,high_capacity,0,mvr,workstation,8.0,141,1.0,2
large_hospital,high_capacity,1,criticality,internet_facing,0.8,0,1.0,1
large_hospital,high_capacity,1,mvr,internet_facing,0.8,0,1.0,1
large_hospital,high_capacity,2,criticality,privileged_system,0.0,0,1.0,1
large_hospital,high_capacity,2,mvr,privileged_system,0.0,0,1.0,1
large_hospital,high_capacity,3,criticality,medical_device,3.2,161,1.0,1
large_hospital,high_capacity,3,mvr,medical_device,3.2,161,1.0,1
large_hospital,high_capacity,4,criticality,vendor_connection,1.2,0,1.0,2
large_hospital,high_capacity,4,mvr,vendor_connection,1.2,0,1.0,2
large_hospital,high_capacity,5,criticality,workstation,19.4,95,1.0,1
large_hospital,high_capacity,5,mvr,workstation,19.4,95,1.0,1
large_hospital,high_capacity,6,criticality,internet_facing,2.8,40,1.0,1
large_hospital,high_capacity,6,mvr,internet_facing,2.8,40,1.0,1
large_hospital,high_capacity,7,criticality,privileged_system,0.8,0,1.0,1
large_hospital,high_capacity,7,mvr,privileged_system,0.8,0,1.0,1
large_hospital,high_capacity,8,criticality,medical_device,12.400000000000002,105,1.0,1
large_hospital,high_capacity,8,mvr,medical_device,12.400000000000002,105,1.0,1
large_hospital,high_capacity,9,criticality,vendor_connection,2.4000000000000004,152,1.0,1
large_hospital,high_capacity,9,mvr,vendor_connection,2.4000000000000004,152,1.0,1
large_hospital,high_capacity,10,criticality,workstation,5.1,159,0.8571428571428571,1
large_hospital,high_capacity,10,mvr,workstation,5.1,159,0.8571428571428571,1
large_hospital,high_capacity,11,criticality,internet_facing,2.4000000000000004,79,1.0,1
large_hospital,high_capacity,11,mvr,internet_facing,2.4000000000000004,79,1.0,1
large_hospital,high_capacity,12,criticality,privileged_system,1.8,43,1.0,1
large_hospital,high_capacity,12,mvr,privileged_system,1.8,43,1.0,1
large_hospital,high_capacity,13,criticality,medical_device,1.4,64,1.0,1
large_hospital,high_capacity,13,mvr,medical_device,1.4,64,1.0,1
large_hospital,high_capacity,14,criticality,vendor_connection,3.4000000000000004,82,1.0,1
large_hospital,high_capacity,14,mvr,vendor_connection,3.4000000000000004,82,1.0,1
large_hospital,high_capacity,15,criticality,workstation,4.0,168,1.0,1
large_hospital,high_capacity,15,mvr,workstation,4.0,168,1.0,1
large_hospital,high_capacity,16,criticality,internet_facing,24.200000000000006,190,1.0,1
large_hospital,high_capacity,16,mvr,internet_facing,24.200000000000006,190,1.0,1
large_hospital,high_capacity,17,criticality,privileged_system,2.0,104,1.0,1
large_hospital,high_capacity,17,mvr,privileged_system,2.0,104,1.0,1
large_hospital,high_capacity,18,criticality,medical_device,3.0,175,1.0,1
large_hospital,high_capacity,18,mvr,medical_device,3.0,175,1.0,1
large_hospital,high_capacity,19,criticality,vendor_connection,1.6,177,1.0,1
large_hospital,high_capacity,19,mvr,vendor_connection,1.6,177,1.0,1
large_hospital,high_capacity,20,criticality,workstation,3.0,157,1.0,1
large_hospital,high_capacity,20,mvr,workstation,3.0,157,1.0,1
large_hospital,high_capacity,21,criticality,internet_facing,0.0,0,1.0,1
large_hospital,high_capacity,21,mvr,internet_facing,0.0,0,1.0,1
large_hospital,high_capacity,22,criticality,privileged_system,3.8,136,1.0,1
large_hospital,high_capacity,22,mvr,privileged_system,3.8,136,1.0,1
large_hospital,high_capacity,23,criticality,medical_device,4.8,71,1.0,5
large_hospital,high_capacity,23,mvr,medical_device,4.8,71,1.0,5
large_hospital,high_capacity,24,criticality,vendor_connection,2.0,189,1.0,1
large_hospital,high_capacity,24,mvr,vendor_connection,2.0,189,1.0,1
large_hospital,high_capacity,25,criticality,workstation,4.699999999999999,-1,0.8571428571428571,1
large_hospital,high_capacity,25,mvr,workstation,4.699999999999999,-1,0.8571428571428571,1
large_hospital,high_capacity,26,criticality,internet_facing,2.2,34,1.0,1
large_hospital,high_capacity,26,mvr,internet_facing,2.2,34,1.0,1
large_hospital,high_capacity,27,criticality,privileged_system,5.0,180,1.0,1
large_hospital,high_capacity,27,mvr,privileged_system,5.0,180,1.0,1
large_hospital,high_capacity,28,criticality,medical_device,1.2,0,1.0,1
large_hospital,high_capacity,28,mvr,medical_device,1.2,0,1.0,1
large_hospital,high_capacity,29,criticality,vendor_connection,2.5999999999999996,144,1.0,1
large_hospital,high_capacity,29,mvr,vendor_connection,2.5999999999999996,144,1.0,1
large_hospital,high_capacity,30,criticality,workstation,18.8,80,1.0,1
large_hospital,high_capacity,30,mvr,workstation,18.8,80,1.0,1
large_hospital,high_capacity,31,criticality,internet_facing,14.799999999999999,179,1.0,1
large_hospital,high_capacity,31,mvr,internet_facing,14.799999999999999,179,1.0,1
large_hospital,high_capacity,32,criticality,privileged_system,5.199999999999999,25,1.0,2
large_hospital,high_capacity,32,mvr,privileged_system,5.199999999999999,25,1.0,2
large_hospital,high_capacity,33,criticality,medical_device,10.6,36,1.0,1
large_hospital,high_capacity,33,mvr,medical_device,10.6,36,1.0,1
large_hospital,high_capacity,34,criticality,vendor_connection,4.0,157,1.0,1
large_hospital,high_capacity,34,mvr,vendor_connection,4.0,157,1.0,1
large_hospital,high_capacity,35,criticality,workstation,8.25,160,0.8571428571428571,2
large_hospital,high_capacity,35,mvr,workstation,8.25,160,0.8571428571428571,2
large_hospital,high_capacity,36,criticality,internet_facing,0.8,0,1.0,1
large_hospital,high_capacity,36,mvr,internet_facing,0.8,0,1.0,1
large_hospital,high_capacity,37,criticality,privileged_system,21.6,186,1.0,1
large_hospital,high_capacity,37,mvr,privileged_system,21.6,186,1.0,1
large_hospital,high_capacity,38,criticality,medical_device,2.5999999999999996,177,1.0,1
large_hospital,high_capacity,38,mvr,medical_device,2.5999999999999996,177,1.0,1
large_hospital,high_capacity,39,criticality,vendor_connection,5.3999999999999995,54,1.0,1
large_hospital,high_capacity,39,mvr,vendor_connection,5.3999999999999995,54,1.0,1
large_hospital,high_capacity,40,criticality,workstation,3.4000000000000004,85,1.0,1
large_hospital,high_capacity,40,mvr,workstation,3.4000000000000004,85,1.0,1
large_hospital,high_capacity,41,criticality,internet_facing,7.3999999999999995,170,1.0,1
large_hospital,high_capacity,41,mvr,internet_facing,7.3999999999999995,170,1.0,1
large_hospital,high_capacity,42,criticality,privileged_system,6.4,150,1.0,1
large_hospital,high_capacity,42,mvr,privileged_system,6.4,150,1.0,1
large_hospital,high_capacity,43,criticality,medical_device,0.0,0,1.0,1
large_hospital,high_capacity,43,mvr,medical_device,0.0,0,1.0,1
large_hospital,high_capacity,44,criticality,vendor_connection,5.1,-1,0.8571428571428571,1
large_hospital,high_capacity,44,mvr,vendor_connection,5.1,-1,0.8571428571428571,1
large_hospital,high_capacity,45,criticality,workstation,10.200000000000001,92,1.0,1
large_hospital,high_capacity,45,mvr,workstation,10.200000000000001,92,1.0,1
large_hospital,high_capacity,46,criticality,internet_facing,12.625,-1,0.8571428571428571,1
large_hospital,high_capacity,46,mvr,internet_facing,12.625,-1,0.8571428571428571,1
large_hospital,high_capacity,47,criticality,privileged_system,4.6000000000000005,160,1.0,1
large_hospital,high_capacity,47,mvr,privileged_system,4.6000000000000005,160,1.0,1
large_hospital,high_capacity,48,criticality,medical_device,10.8,111,1.0,1
large_hospital,high_capacity,48,mvr,medical_device,10.8,111,1.0,1
large_hospital,high_capacity,49,criticality,vendor_connection,28.200000000000003,177,1.0,2
large_hospital,high_capacity,49,mvr,vendor_connection,28.200000000000003,177,1.0,2
large_hospital,high_capacity,50,criticality,workstation,2.0,46,1.0,1
large_hospital,high_capacity,50,mvr,workstation,2.0,46,1.0,1
large_hospital,high_capacity,51,criticality,internet_facing,3.4000000000000004,136,1.0,1
large_hospital,high_capacity,51,mvr,internet_facing,3.4000000000000004,136,1.0,1
large_hospital,high_capacity,52,criticality,privileged_system,4.8,146,1.0,1
large_hospital,high_capacity,52,mvr,privileged_system,4.8,146,1.0,1
large_hospital,high_capacity,53,criticality,medical_device,2.0,180,1.0,1
large_hospital,high_capacity,53,mvr,medical_device,2.0,180,1.0,1
large_hospital,high_capacity,54,criticality,vendor_connection,9.4,144,1.0,1
large_hospital,high_capacity,54,mvr,vendor_connection,9.4,144,1.0,1
large_hospital,high_capacity,55,criticality,workstation,4.6000000000000005,136,1.0,1
large_hospital,high_capacity,55,mvr,workstation,4.6000000000000005,136,1.0,1
large_hospital,high_capacity,56,criticality,internet_facing,22.400000000000002,186,1.0,1
large_hospital,high_capacity,56,mvr,internet_facing,22.400000000000002,186,1.0,1
large_hospital,high_capacity,57,criticality,privileged_system,2.15,-1,0.8571428571428571,2
large_hospital,high_capacity,57,mvr,privileged_system,2.15,-1,0.8571428571428571,2
large_hospital,high_capacity,58,criticality,medical_device,1.4,138,1.0,2
large_hospital,high_capacity,58,mvr,medical_device,1.4,138,1.0,2
large_hospital,high_capacity,59,criticality,vendor_connection,4.6,173,1.0,2
large_hospital,high_capacity,59,mvr,vendor_connection,4.6,173,1.0,2
large_hospital,high_capacity,60,criticality,workstation,2.6,152,1.0,1
large_hospital,high_capacity,60,mvr,workstation,2.6,152,1.0,1
large_hospital,high_capacity,61,criticality,internet_facing,11.575000000000001,73,1.0,1
large_hospital,high_capacity,61,mvr,internet_facing,11.575000000000001,73,1.0,1
large_hospital,high_capacity,62,criticality,privileged_system,9.4,130,1.0,1
large_hospital,high_capacity,62,mvr,privileged_system,9.4,130,1.0,1
large_hospital,high_capacity,63,criticality,medical_device,10.6,137,1.0,1
large_hospital,high_capacity,63,mvr,medical_device,10.6,137,1.0,1
large_hospital,high_capacity,64,criticality,vendor_connection,4.2,127,1.0,1
large_hospital,high_capacity,64,mvr,vendor_connection,4.2,127,1.0,1
large_hospital,high_capacity,65,criticality,workstation,11.200000000000001,140,1.0,1
large_hospital,high_capacity,65,mvr,workstation,11.200000000000001,140,1.0,1
large_hospital,high_capacity,66,criticality,internet_facing,0.8,0,1.0,1
large_hospital,high_capacity,66,mvr,internet_facing,0.8,0,1.0,1
large_hospital,high_capacity,67,criticality,privileged_system,12.225000000000001,52,1.0,1
large_hospital,high_capacity,67,mvr,privileged_system,12.225000000000001,52,1.0,1
large_hospital,high_capacity,68,criticality,medical_device,12.8,78,1.0,1
large_hospital,high_capacity,68,mvr,medical_device,12.8,78,1.0,1
large_hospital,high_capacity,69,criticality,vendor_connection,8.399999999999999,174,1.0,1
large_hospital,high_capacity,69,mvr,vendor_connection,8.399999999999999,174,1.0,1
large_hospital,high_capacity,70,criticality,workstation,9.0,157,1.0,1
large_hospital,high_capacity,70,mvr,workstation,9.0,157,1.0,1
large_hospital,high_capacity,71,criticality,internet_facing,3.0,182,1.0,1
large_hospital,high_capacity,71,mvr,internet_facing,3.0,182,1.0,1
large_hospital,high_capacity,72,criticality,privileged_system,0.0,0,1.0,2
large_hospital,high_capacity,72,mvr,privileged_system,0.0,0,1.0,2
large_hospital,high_capacity,73,criticality,medical_device,6.0,178,1.0,2
large_hospital,high_capacity,73,mvr,medical_device,6.0,178,1.0,2
large_hospital,high_capacity,74,criticality,vendor_connection,10.200000000000001,170,1.0,1
large_hospital,high_capacity,74,mvr,vendor_connection,10.200000000000001,170,1.0,1
large_hospital,high_capacity,75,criticality,workstation,14.6,104,1.0,1
large_hospital,high_capacity,75,mvr,workstation,14.6,104,1.0,1
large_hospital,high_capacity,76,criticality,internet_facing,3.4,96,1.0,1
large_hospital,high_capacity,76,mvr,internet_facing,3.4,96,1.0,1
large_hospital,high_capacity,77,criticality,privileged_system,2.0,0,1.0,1
large_hospital,high_capacity,77,mvr,privileged_system,2.0,0,1.0,1
large_hospital,high_capacity,78,criticality,medical_device,0.0,0,1.0,1
large_hospital,high_capacity,78,mvr,medical_device,0.0,0,1.0,1
large_hospital,high_capacity,79,criticality,vendor_connection,0.0,0,1.0,1
large_hospital,high_capacity,79,mvr,vendor_connection,0.0,0,1.0,1
large_hospital,high_capacity,80,criticality,workstation,4.0,154,1.0,1
large_hospital,high_capacity,80,mvr,workstation,4.0,154,1.0,1
large_hospital,high_capacity,81,criticality,internet_facing,8.2,148,1.0,2
large_hospital,high_capacity,81,mvr,internet_facing,8.2,148,1.0,2
large_hospital,high_capacity,82,criticality,privileged_system,1.2,0,1.0,1
large_hospital,high_capacity,82,mvr,privileged_system,1.2,0,1.0,1
large_hospital,high_capacity,83,criticality,medical_device,3.4,53,1.0,1
large_hospital,high_capacity,83,mvr,medical_device,3.4,53,1.0,1
large_hospital,high_capacity,84,criticality,vendor_connection,11.4,177,1.0,1
large_hospital,high_capacity,84,mvr,vendor_connection,11.4,177,1.0,1
large_hospital,high_capacity,85,criticality,workstation,1.6,147,1.0,1
large_hospital,high_capacity,85,mvr,workstation,1.6,147,1.0,1
large_hospital,high_capacity,86,criticality,internet_facing,9.4,175,1.0,1
large_hospital,high_capacity,86,mvr,internet_facing,9.4,175,1.0,1
large_hospital,high_capacity,87,criticality,privileged_system,13.000000000000002,187,1.0,1
large_hospital,high_capacity,87,mvr,privileged_system,13.000000000000002,187,1.0,1
large_hospital,high_capacity,88,criticality,medical_device,2.8,27,1.0,1
large_hospital,high_capacity,88,mvr,medical_device,2.8,27,1.0,1
large_hospital,high_capacity,89,criticality,vendor_connection,3.0,149,1.0,1
large_hospital,high_capacity,89,mvr,vendor_connection,3.0,149,1.0,1
large_hospital,high_capacity,90,criticality,workstation,3.8,157,1.0,1
large_hospital,high_capacity,90,mvr,workstation,3.8,157,1.0,1
large_hospital,high_capacity,91,criticality,internet_facing,16.400000000000002,127,1.0,1
large_hospital,high_capacity,91,mvr,internet_facing,16.400000000000002,127,1.0,1
large_hospital,high_capacity,92,criticality,privileged_system,3.4,134,1.0,1
large_hospital,high_capacity,92,mvr,privileged_system,3.4,134,1.0,1
large_hospital,high_capacity,93,criticality,medical_device,3.8,140,1.0,1
large_hospital,high_capacity,93,mvr,medical_device,3.8,140,1.0,1
large_hospital,high_capacity,94,criticality,vendor_connection,7.199999999999999,135,1.0,2
large_hospital,high_capacity,94,mvr,vendor_connection,7.199999999999999,135,1.0,2
large_hospital,high_capacity,95,criticality,workstation,4.4,34,1.0,1
large_hospital,high_capacity,95,mvr,workstation,4.4,34,1.0,1
large_hospital,high_capacity,96,criticality,internet_facing,2.0,0,1.0,1
large_hospital,high_capacity,96,mvr,internet_facing,2.0,0,1.0,1
large_hospital,high_capacity,97,criticality,privileged_system,5.0,141,1.0,1
large_hospital,high_capacity,97,mvr,privileged_system,5.0,141,1.0,1
large_hospital,high_capacity,98,criticality,medical_device,1.6,0,1.0,1
large_hospital,high_capacity,98,mvr,medical_device,1.6,0,1.0,1
large_hospital,high_capacity,99,criticality,vendor_connection,1.8,185,1.0,2
large_hospital,high_capacity,99,mvr,vendor_connection,1.8,185,1.0,2
large_hospital,high_capacity,100,criticality,workstation,7.2,185,1.0,1
large_hospital,high_capacity,100,mvr,workstation,7.2,185,1.0,1
large_hospital,high_capacity,101,criticality,internet_facing,9.4,63,1.0,1
large_hospital,high_capacity,101,mvr,internet_facing,9.4,63,1.0,1
large_hospital,high_capacity,102,criticality,privileged_system,1.6,54,1.0,1
large_hospital,high_capacity,102,mvr,privileged_system,1.6,54,1.0,1
large_hospital,high_capacity,103,criticality,medical_device,14.0,188,1.0,1
large_hospital,high_capacity,103,mvr,medical_device,14.0,188,1.0,1
large_hospital,high_capacity,104,criticality,vendor_connection,5.6,170,1.0,1
large_hospital,high_capacity,104,mvr,vendor_connection,5.6,170,1.0,1
large_hospital,high_capacity,105,criticality,workstation,1.4,171,1.0,2
large_hospital,high_capacity,105,mvr,workstation,1.4,171,1.0,2
large_hospital,high_capacity,106,criticality,internet_facing,6.4,154,1.0,1
large_hospital,high_capacity,106,mvr,internet_facing,6.4,154,1.0,1
large_hospital,high_capacity,107,criticality,privileged_system,14.775000000000002,132,1.0,1
large_hospital,high_capacity,107,mvr,privileged_system,14.775000000000002,132,1.0,1
large_hospital,high_capacity,108,criticality,medical_device,1.4,102,1.0,1
large_hospital,high_capacity,108,mvr,medical_device,1.4,102,1.0,1
large_hospital,high_capacity,109,criticality,vendor_connection,21.6,155,1.0,1
large_hospital,high_capacity,109,mvr,vendor_connection,21.6,155,1.0,1
large_hospital,high_capacity,110,criticality,workstation,8.399999999999999,184,1.0,1
large_hospital,high_capacity,110,mvr,workstation,8.399999999999999,184,1.0,1
large_hospital,high_capacity,111,criticality,internet_facing,6.0,157,1.0,1
large_hospital,high_capacity,111,mvr,internet_facing,6.0,157,1.0,1
large_hospital,high_capacity,112,criticality,privileged_system,0.0,0,1.0,2
large_hospital,high_capacity,112,mvr,privileged_system,0.0,0,1.0,2
large_hospital,high_capacity,113,criticality,medical_device,2.5999999999999996,168,1.0,1
large_hospital,high_capacity,113,mvr,medical_device,2.5999999999999996,168,1.0,1
large_hospital,high_capacity,114,criticality,vendor_connection,0.0,0,1.0,1
large_hospital,high_capacity,114,mvr,vendor_connection,0.0,0,1.0,1
large_hospital,high_capacity,115,criticality,workstation,13.000000000000002,154,1.0,1
large_hospital,high_capacity,115,mvr,workstation,13.000000000000002,154,1.0,1
large_hospital,high_capacity,116,criticality,internet_facing,15.4,109,1.0,1
large_hospital,high_capacity,116,mvr,internet_facing,15.4,109,1.0,1
large_hospital,high_capacity,117,criticality,privileged_system,6.200000000000001,191,1.0,1
large_hospital,high_capacity,117,mvr,privileged_system,6.200000000000001,191,1.0,1
large_hospital,high_capacity,118,criticality,medical_device,0.0,0,1.0,1
large_hospital,high_capacity,118,mvr,medical_device,0.0,0,1.0,1
large_hospital,high_capacity,119,criticality,vendor_connection,2.8,81,1.0,1
large_hospital,high_capacity,119,mvr,vendor_connection,2.8,81,1.0,1
