portfolio,attacker,trial,weighted_service_hours_lost,catastrophic,identity_compromised,total_compromised
baseline_flat,naive,0,0.0,0,0,1
baseline_flat,adaptive,0,0.0,0,0,1
baseline_flat,naive,1,170.825,1,1,238
baseline_flat,adaptive,1,192.3,1,1,271
baseline_flat,naive,2,200.075,1,1,251
baseline_flat,adaptive,2,165.325,1,1,273
baseline_flat,naive,3,154.9,1,1,179
baseline_flat,adaptive,3,187.275,1,1,206
baseline_flat,naive,4,213.45000000000002,1,1,224
baseline_flat,adaptive,4,175.35,1,1,239
baseline_flat,naive,5,0.0,0,0,1
baseline_flat,adaptive,5,196.05,1,1,214
baseline_flat,naive,6,213.25000000000003,1,1,238
baseline_flat,adaptive,6,201.85,1,1,250
baseline_flat,naive,7,189.75,1,1,253
baseline_flat,adaptive,7,205.0,1,1,286
baseline_flat,naive,8,197.22500000000002,1,1,207
baseline_flat,adaptive,8,169.65,1,1,228
baseline_flat,naive,9,171.35,1,1,185
baseline_flat,adaptive,9,154.62500000000003,1,1,220
baseline_flat,naive,10,169.12499999999997,1,1,222
baseline_flat,adaptive,10,249.70000000000002,1,1,243
baseline_flat,naive,11,219.85000000000005,1,1,227
baseline_flat,adaptive,11,212.675,1,1,263
baseline_flat,naive,12,187.97500000000002,1,1,245
baseline_flat,adaptive,12,196.45000000000002,1,1,275
baseline_flat,naive,13,186.375,1,1,256
baseline_flat,adaptive,13,251.45,1,1,291
baseline_flat,naive,14,177.6,1,1,169
baseline_flat,adaptive,14,183.19999999999996,1,1,207
baseline_flat,naive,15,188.72500000000002,1,1,225
baseline_flat,adaptive,15,208.2,1,1,258
baseline_flat,naive,16,203.32499999999996,1,1,229
baseline_flat,adaptive,16,160.25,1,1,254
baseline_flat,naive,17,238.17500000000004,1,1,237
baseline_flat,adaptive,17,245.7,1,1,272
baseline_flat,naive,18,233.20000000000002,1,1,188
baseline_flat,adaptive,18,187.725,1,1,201
baseline_flat,naive,19,203.6,1,1,170
baseline_flat,adaptive,19,174.6,1,1,205
baseline_flat,naive,20,0.0,0,0,1
baseline_flat,adaptive,20,170.725,1,1,281
baseline_flat,naive,21,243.50000000000003,1,1,265
baseline_flat,adaptive,21,184.65,1,1,293
baseline_flat,naive,22,210.1,1,1,186
baseline_flat,adaptive,22,210.4,1,1,204
baseline_flat,naive,23,193.22500000000002,1,1,244
baseline_flat,adaptive,23,211.65000000000003,1,1,280
baseline_flat,naive,24,214.57500000000002,1,1,196
baseline_flat,adaptive,24,225.3,1,1,215
baseline_flat,naive,25,237.12500000000003,1,1,248
baseline_flat,adaptive,25,221.95000000000005,1,1,273
baseline_flat,naive,26,182.125,1,1,226
baseline_flat,adaptive,26,170.6,1,1,252
baseline_flat,naive,27,201.375,1,1,241
baseline_flat,adaptive,27,167.70000000000002,1,1,267
baseline_flat,naive,28,178.77500000000003,1,1,206
baseline_flat,adaptive,28,210.975,1,1,243
baseline_flat,naive,29,202.6,1,1,213
baseline_flat,adaptive,29,174.4,1,1,237
baseline_flat,naive,30,203.42499999999998,1,1,214
baseline_flat,adaptive,30,188.29999999999998,1,1,247
baseline_flat,naive,31,211.775,1,1,218
baseline_flat,adaptive,31,162.025,1,1,244
baseline_flat,naive,32,0.5,0,0,1
baseline_flat,adaptive,32,231.825,1,1,246
baseline_flat,naive,33,171.35,1,1,209
baseline_flat,adaptive,33,248.275,1,1,254
baseline_flat,naive,34,211.275,1,1,206
baseline_flat,adaptive,34,217.05,1,1,236
baseline_flat,naive,35,230.22499999999997,1,1,256
baseline_flat,adaptive,35,171.3,1,1,294
baseline_flat,naive,36,188.175,1,1,228
baseline_flat,adaptive,36,176.15,1,1,252
baseline_flat,naive,37,190.95,1,1,234
baseline_flat,adaptive,37,225.10000000000002,1,1,264
baseline_flat,naive,38,229.325,1,1,253
baseline_flat,adaptive,38,174.85000000000002,1,1,282
baseline_flat,naive,39,203.97500000000002,1,1,184
baseline_flat,adaptive,39,204.6,1,1,204
baseline_flat,naive,40,9.4,0,0,1
baseline_flat,adaptive,40,179.70000000000002,1,1,276
baseline_flat,naive,41,198.12500000000003,1,1,243
baseline_flat,adaptive,41,194.97500000000002,1,1,264
baseline_flat,naive,42,235.92499999999998,1,1,217
baseline_flat,adaptive,42,195.50000000000003,1,1,241
baseline_flat,naive,43,171.82500000000002,1,1,190
baseline_flat,adaptive,43,198.375,1,1,206
baseline_flat,naive,44,168.6,1,1,231
baseline_flat,adaptive,44,172.425,1,1,255
baseline_flat,naive,45,210.775,1,1,222
baseline_flat,adaptive,45,161.40000000000003,1,1,252
baseline_flat,naive,46,207.8,1,1,225
baseline_flat,adaptive,46,197.49999999999997,1,1,248
baseline_flat,naive,47,202.87499999999997,1,1,238
baseline_flat,adaptive,47,184.82500000000002,1,1,268
baseline_flat,naive,48,184.825,1,1,221
baseline_flat,adaptive,48,200.625,1,1,260
baseline_flat,naive,49,237.12500000000003,1,1,258
baseline_flat,adaptive,49,210.375,1,1,279
baseline_flat,naive,50,185.625,1,1,250
baseline_flat,adaptive,50,157.775,1,1,282
baseline_flat,naive,51,239.4,1,1,250
baseline_flat,adaptive,51,217.55,1,1,295
baseline_flat,naive,52,187.55,1,1,183
baseline_flat,adaptive,52,181.05,1,1,199
baseline_flat,naive,53,211.575,1,1,238
baseline_flat,adaptive,53,247.075,1,1,264
baseline_flat,naive,54,186.22500000000002,1,1,204
baseline_flat,adaptive,54,231.15,1,1,225
baseline_flat,naive,55,217.425,1,1,227
baseline_flat,adaptive,55,188.57500000000002,1,1,252
baseline_flat,naive,56,232.275,1,1,233
baseline_flat,adaptive,56,204.45000000000002,1,1,269
baseline_flat,naive,57,229.79999999999998,1,1,251
baseline_flat,adaptive,57,174.275,1,1,273
baseline_flat,naive,58,190.675,1,1,209
baseline_flat,adaptive,58,167.3,1,1,230
baseline_flat,naive,59,177.64999999999998,1,1,187
baseline_flat,adaptive,59,204.2,1,1,210
baseline_flat,naive,60,212.97500000000002,1,1,207
baseline_flat,adaptive,60,248.62500000000003,1,1,221
baseline_flat,naive,61,212.875,1,1,234
baseline_flat,adaptive,61,189.8,1,1,258
baseline_flat,naive,62,191.47500000000002,1,1,243
baseline_flat,adaptive,62,178.525,1,1,261
baseline_flat,naive,63,13.200000000000001,0,0,1
baseline_flat,adaptive,63,176.025,1,1,239
baseline_flat,naive,64,245.825,1,1,211
baseline_flat,adaptive,64,155.7,1,1,245
baseline_flat,naive,65,223.92499999999998,1,1,196
baseline_flat,adaptive,65,250.15000000000003,1,1,221
baseline_flat,naive,66,218.57500000000002,1,1,254
baseline_flat,adaptive,66,158.325,1,1,279
baseline_flat,naive,67,153.375,1,1,246
baseline_flat,adaptive,67,211.45,1,1,272
baseline_flat,naive,68,182.04999999999998,1,1,214
baseline_flat,adaptive,68,226.82500000000002,1,1,234
baseline_flat,naive,69,184.25,1,1,205
baseline_flat,adaptive,69,235.2,1,1,228
baseline_flat,naive,70,196.5,1,1,258
baseline_flat,adaptive,70,180.775,1,1,283
baseline_flat,naive,71,9.4,0,0,2
baseline_flat,adaptive,71,218.25000000000003,1,1,282
baseline_flat,naive,72,1.2,0,0,2
baseline_flat,adaptive,72,159.275,1,1,212
baseline_flat,naive,73,204.20000000000002,1,1,230
baseline_flat,adaptive,73,178.52499999999998,1,1,267
baseline_flat,naive,74,240.87500000000003,1,1,238
baseline_flat,adaptive,74,226.29999999999998,1,1,274
baseline_flat,naive,75,185.975,1,1,232
baseline_flat,adaptive,75,250.275,1,1,272
baseline_flat,naive,76,197.475,1,1,227
baseline_flat,adaptive,76,170.10000000000002,1,1,256
baseline_flat,naive,77,203.425,1,1,244
baseline_flat,adaptive,77,182.05,1,1,281
baseline_flat,naive,78,203.92499999999998,1,1,222
baseline_flat,adaptive,78,171.4,1,1,249
baseline_flat,naive,79,241.29999999999995,1,1,253
baseline_flat,adaptive,79,250.70000000000002,1,1,287
baseline_flat,naive,80,1.4,0,0,2
baseline_flat,adaptive,80,215.57500000000005,1,1,233
baseline_flat,naive,81,181.35,1,1,211
baseline_flat,adaptive,81,176.15,1,1,234
baseline_flat,naive,82,226.20000000000005,1,1,249
baseline_flat,adaptive,82,245.12500000000003,1,1,276
baseline_flat,naive,83,231.125,1,1,236
baseline_flat,adaptive,83,197.325,1,1,271
baseline_flat,naive,84,215.35000000000002,1,1,247
baseline_flat,adaptive,84,173.04999999999998,1,1,274
baseline_flat,naive,85,163.425,1,1,191
baseline_flat,adaptive,85,207.75,1,1,219
baseline_flat,naive,86,178.20000000000002,1,1,253
baseline_flat,adaptive,86,158.525,1,1,291
baseline_flat,naive,87,182.35,1,1,180
baseline_flat,adaptive,87,207.75,1,1,205
baseline_flat,naive,88,203.87499999999997,1,1,236
baseline_flat,adaptive,88,242.47500000000002,1,1,258
baseline_flat,naive,89,210.57500000000002,1,1,175
baseline_flat,adaptive,89,184.35,1,1,201
baseline_flat,naive,90,219.17499999999998,1,1,197
baseline_flat,adaptive,90,200.175,1,1,218
baseline_flat,naive,91,188.20000000000002,1,1,256
baseline_flat,adaptive,91,208.875,1,1,296
baseline_flat,naive,92,183.225,1,1,174
baseline_flat,adaptive,92,209.025,1,1,196
baseline_flat,naive,93,219.72500000000002,1,1,243
baseline_flat,adaptive,93,187.22500000000002,1,1,275
baseline_flat,naive,94,196.70000000000002,1,1,190
baseline_flat,adaptive,94,186.57500000000002,1,1,209
baseline_flat,naive,95,3.4,0,0,1
baseline_flat,adaptive,95,158.70000000000002,1,1,298
baseline_flat,naive,96,214.60000000000002,1,1,251
baseline_flat,adaptive,96,225.05,1,1,283
baseline_flat,naive,97,0.0,0,0,1
baseline_flat,adaptive,97,193.62499999999997,1,1,287
baseline_flat,naive,98,238.70000000000002,1,1,238
baseline_flat,adaptive,98,184.275,1,1,270
baseline_flat,naive,99,234.775,1,1,219
baseline_flat,adaptive,99,170.95000000000002,1,1,246
baseline_flat,naive,100,197.00000000000003,1,1,247
baseline_flat,adaptive,100,173.925,1,1,277
baseline_flat,naive,101,205.94999999999996,1,1,191
baseline_flat,adaptive,101,168.42499999999998,1,1,214
baseline_flat,naive,102,0.0,0,0,2
baseline_flat,adaptive,102,173.125,1,1,235
baseline_flat,naive,103,209.75000000000006,1,1,248
baseline_flat,adaptive,103,180.1,1,1,271
baseline_flat,naive,104,166.14999999999998,1,1,190
baseline_flat,adaptive,104,183.125,1,1,210
baseline_flat,naive,105,185.70000000000002,1,1,225
baseline_flat,adaptive,105,208.14999999999998,1,1,263
baseline_flat,naive,106,172.325,1,1,197
baseline_flat,adaptive,106,217.3,1,1,235
baseline_flat,naive,107,207.24999999999997,1,1,179
baseline_flat,adaptive,107,239.25000000000003,1,1,212
baseline_flat,naive,108,158.27499999999998,1,1,253
baseline_flat,adaptive,108,235.15,1,1,282
baseline_flat,naive,109,248.05000000000004,1,1,242
baseline_flat,adaptive,109,181.85,1,1,279
baseline_flat,naive,110,203.22500000000002,1,1,189
baseline_flat,adaptive,110,247.375,1,1,215
baseline_flat,naive,111,180.95000000000002,1,1,205
baseline_flat,adaptive,111,171.225,1,1,226
baseline_flat,naive,112,209.72500000000002,1,1,236
baseline_flat,adaptive,112,217.975,1,1,256
baseline_flat,naive,113,2.0,0,0,1
baseline_flat,adaptive,113,193.5,1,1,213
baseline_flat,naive,114,212.60000000000002,1,1,170
baseline_flat,adaptive,114,229.79999999999998,1,1,204
baseline_flat,naive,115,225.97500000000002,1,1,252
baseline_flat,adaptive,115,204.54999999999998,1,1,270
baseline_flat,naive,116,184.25000000000003,1,1,174
baseline_flat,adaptive,116,250.375,1,1,199
baseline_flat,naive,117,202.92499999999998,1,1,226
baseline_flat,adaptive,117,198.87500000000003,1,1,263
baseline_flat,naive,118,202.74999999999997,1,1,202
baseline_flat,adaptive,118,246.725,1,1,230
baseline_flat,naive,119,239.35000000000002,1,1,227
baseline_flat,adaptive,119,151.95000000000002,1,1,256
baseline_flat,naive,120,188.65000000000003,1,1,243
baseline_flat,adaptive,120,216.45000000000002,1,1,273
baseline_flat,naive,121,210.875,1,1,201
baseline_flat,adaptive,121,191.97500000000002,1,1,233
baseline_flat,naive,122,205.25,1,1,241
baseline_flat,adaptive,122,162.125,1,1,266
baseline_flat,naive,123,233.55,1,1,262
baseline_flat,adaptive,123,200.975,1,1,286
baseline_flat,naive,124,178.95000000000002,1,1,258
baseline_flat,adaptive,124,190.1,1,1,278
baseline_flat,naive,125,190.15,1,1,175
baseline_flat,adaptive,125,208.19999999999996,1,1,202
baseline_flat,naive,126,1.2,0,0,1
baseline_flat,adaptive,126,250.57500000000002,1,1,223
baseline_flat,naive,127,0.0,0,0,1
baseline_flat,adaptive,127,170.875,1,1,198
baseline_flat,naive,128,198.2,1,1,178
baseline_flat,adaptive,128,191.90000000000003,1,1,215
baseline_flat,naive,129,240.85,1,1,247
baseline_flat,adaptive,129,197.2,1,1,258
baseline_flat,naive,130,0.0,0,0,1
baseline_flat,adaptive,130,220.1,1,1,278
baseline_flat,naive,131,197.925,1,1,179
baseline_flat,adaptive,131,232.425,1,1,200
baseline_flat,naive,132,155.475,1,1,217
baseline_flat,adaptive,132,184.075,1,1,242
baseline_flat,naive,133,187.85,1,1,256
baseline_flat,adaptive,133,225.29999999999998,1,1,283
baseline_flat,naive,134,187.75,1,1,232
baseline_flat,adaptive,134,181.825,1,1,267
baseline_flat,naive,135,186.475,1,1,273
baseline_flat,adaptive,135,200.125,1,1,295
baseline_flat,naive,136,211.30000000000004,1,1,271
baseline_flat,adaptive,136,184.375,1,1,297
baseline_flat,naive,137,193.125,1,1,231
baseline_flat,adaptive,137,233.87499999999997,1,1,264
baseline_flat,naive,138,222.5,1,1,231
baseline_flat,adaptive,138,169.3,1,1,259
baseline_flat,naive,139,182.25,1,1,221
baseline_flat,adaptive,139,194.375,1,1,249
baseline_flat,naive,140,223.27499999999998,1,1,261
baseline_flat,adaptive,140,182.725,1,1,292
baseline_flat,naive,141,162.75,1,1,230
baseline_flat,adaptive,141,212.79999999999998,1,1,259
baseline_flat,naive,142,230.2,1,1,200
baseline_flat,adaptive,142,236.1,1,1,226
baseline_flat,naive,143,240.8,1,1,233
baseline_flat,adaptive,143,212.29999999999998,1,1,248
baseline_flat,naive,144,219.35,1,1,263
baseline_flat,adaptive,144,169.425,1,1,287
baseline_flat,naive,145,176.75,1,1,226
baseline_flat,adaptive,145,247.67499999999998,1,1,252
baseline_flat,naive,146,182.6,1,1,241
baseline_flat,adaptive,146,245.22500000000002,1,1,287
baseline_flat,naive,147,174.55,1,1,195
baseline_flat,adaptive,147,200.775,1,1,221
baseline_flat,naive,148,172.07500000000002,1,1,198
baseline_flat,adaptive,148,172.35000000000002,1,1,212
baseline_flat,naive,149,208.025,1,1,189
baseline_flat,adaptive,149,172.35,1,1,204
baseline_flat,naive,150,217.35,1,1,241
baseline_flat,adaptive,150,226.70000000000002,1,1,272
baseline_flat,naive,151,0.5249999999999999,0,0,2
baseline_flat,adaptive,151,152.6,1,1,195
baseline_flat,naive,152,0.0,0,0,1
baseline_flat,adaptive,152,183.72500000000002,1,1,211
baseline_flat,naive,153,169.275,1,1,224
baseline_flat,adaptive,153,209.05,1,1,243
baseline_flat,naive,154,175.85000000000002,1,1,238
baseline_flat,adaptive,154,150.575,1,1,269
baseline_flat,naive,155,215.075,1,1,215
baseline_flat,adaptive,155,250.57500000000002,1,1,230
baseline_flat,naive,156,194.125,1,1,208
baseline_flat,adaptive,156,231.52499999999998,1,1,247
baseline_flat,naive,157,5.6,0,1,2
baseline_flat,adaptive,157,249.075,1,1,274
baseline_flat,naive,158,183.60000000000002,1,1,255
baseline_flat,adaptive,158,173.22500000000002,1,1,283
baseline_flat,naive,159,225.97500000000005,1,1,225
baseline_flat,adaptive,159,179.55,1,1,258
baseline_flat,naive,160,218.57500000000002,1,1,217
baseline_flat,adaptive,160,183.325,1,1,238
baseline_flat,naive,161,162.65,1,1,173
baseline_flat,adaptive,161,222.79999999999998,1,1,199
baseline_flat,naive,162,197.60000000000002,1,1,177
baseline_flat,adaptive,162,185.17500000000004,1,1,200
baseline_flat,naive,163,168.95000000000002,1,1,245
baseline_flat,adaptive,163,190.45000000000002,1,1,282
baseline_flat,naive,164,181.275,1,1,245
baseline_flat,adaptive,164,241.025,1,1,269
baseline_flat,naive,165,205.2,1,1,268
baseline_flat,adaptive,165,214.975,1,1,294
baseline_flat,naive,166,212.375,1,1,251
baseline_flat,adaptive,166,189.425,1,1,282
baseline_flat,naive,167,188.47500000000002,1,1,231
baseline_flat,adaptive,167,185.525,1,1,246
baseline_flat,naive,168,230.42500000000004,1,1,249
baseline_flat,adaptive,168,179.47500000000002,1,1,284
baseline_flat,naive,169,198.92499999999998,1,1,253
baseline_flat,adaptive,169,202.875,1,1,285
baseline_flat,naive,170,2.8,0,0,5
baseline_flat,adaptive,170,168.5,1,1,291
baseline_flat,naive,171,235.87500000000003,1,1,234
baseline_flat,adaptive,171,245.50000000000003,1,1,267
baseline_flat,naive,172,199.75,1,1,200
baseline_flat,adaptive,172,190.25,1,1,220
baseline_flat,naive,173,233.85,1,1,230
baseline_flat,adaptive,173,152.775,1,1,277
baseline_flat,naive,174,204.95,1,1,231
baseline_flat,adaptive,174,226.875,1,1,262
baseline_flat,naive,175,183.475,1,1,187
baseline_flat,adaptive,175,180.9,1,1,217
baseline_flat,naive,176,210.675,1,1,181
baseline_flat,adaptive,176,187.95000000000002,1,1,210
baseline_flat,naive,177,214.4,1,1,186
baseline_flat,adaptive,177,217.97500000000002,1,1,203
baseline_flat,naive,178,167.825,1,1,180
baseline_flat,adaptive,178,200.10000000000002,1,1,200
baseline_flat,naive,179,203.22499999999997,1,1,193
baseline_flat,adaptive,179,213.82500000000002,1,1,231
baseline_flat,naive,180,156.175,1,1,235
baseline_flat,adaptive,180,173.89999999999998,1,1,270
baseline_flat,naive,181,0.0,0,0,1
baseline_flat,adaptive,181,164.60000000000002,1,1,274
baseline_flat,naive,182,195.60000000000002,1,1,240
baseline_flat,adaptive,182,193.925,1,1,257
baseline_flat,naive,183,177.82500000000005,1,1,258
baseline_flat,adaptive,183,251.6,1,1,283
baseline_flat,naive,184,185.65,1,1,225
baseline_flat,adaptive,184,201.6,1,1,274
baseline_flat,naive,185,3.0,0,0,1
baseline_flat,adaptive,185,222.425,1,1,280
baseline_flat,naive,186,221.97499999999997,1,1,275
baseline_flat,adaptive,186,210.27499999999998,1,1,296
baseline_flat,naive,187,228.45000000000005,1,1,195
baseline_flat,adaptive,187,178.70000000000002,1,1,212
baseline_flat,naive,188,189.95,1,1,208
baseline_flat,adaptive,188,169.4,1,1,243
baseline_flat,naive,189,243.2,1,1,271
baseline_flat,adaptive,189,217.45000000000002,1,1,295
baseline_flat,naive,190,201.04999999999998,1,1,241
baseline_flat,adaptive,190,195.25,1,1,267
baseline_flat,naive,191,197.1,1,1,175
baseline_flat,adaptive,191,217.57500000000005,1,1,207
baseline_flat,naive,192,191.375,1,1,187
baseline_flat,adaptive,192,185.725,1,1,204
baseline_flat,naive,193,184.6,1,1,246
baseline_flat,adaptive,193,188.7,1,1,278
baseline_flat,naive,194,177.95000000000002,1,1,216
baseline_flat,adaptive,194,175.175,1,1,234
baseline_flat,naive,195,167.25,1,1,190
baseline_flat,adaptive,195,244.77500000000003,1,1,205
baseline_flat,naive,196,206.07499999999996,1,1,224
baseline_flat,adaptive,196,177.32500000000002,1,1,261
baseline_flat,naive,197,235.14999999999998,1,1,224
baseline_flat,adaptive,197,199.675,1,1,268
baseline_flat,naive,198,216.40000000000003,1,1,234
baseline_flat,adaptive,198,217.10000000000002,1,1,264
baseline_flat,naive,199,187.82500000000002,1,1,198
baseline_flat,adaptive,199,189.725,1,1,217
least_privilege,naive,0,142.45000000000002,1,1,129
least_privilege,adaptive,0,184.42499999999998,1,1,229
least_privilege,naive,1,83.17500000000001,1,1,52
least_privilege,adaptive,1,180.75000000000003,1,1,223
least_privilege,naive,2,162.17499999999998,1,1,148
least_privilege,adaptive,2,181.65000000000003,1,1,208
least_privilege,naive,3,99.77499999999999,1,1,66
least_privilege,adaptive,3,205.65,1,1,190
least_privilege,naive,4,41.2,1,1,34
least_privilege,adaptive,4,160.525,1,1,232
least_privilege,naive,5,149.8,1,1,119
least_privilege,adaptive,5,127.62500000000001,1,1,166
least_privilege,naive,6,25.6,1,0,16
least_privilege,adaptive,6,167.125,1,1,199
least_privilege,naive,7,0.0,0,0,4
least_privilege,adaptive,7,237.42500000000004,1,1,273
least_privilege,naive,8,112.75,1,1,64
least_privilege,adaptive,8,205.275,1,1,213
least_privilege,naive,9,9.05,1,1,27
least_privilege,adaptive,9,157.04999999999998,1,1,165
least_privilege,naive,10,141.775,1,1,100
least_privilege,adaptive,10,156.75,1,1,192
least_privilege,naive,11,12.200000000000001,0,0,3
least_privilege,adaptive,11,133.32500000000002,1,1,201
least_privilege,naive,12,13.825000000000003,1,0,15
least_privilege,adaptive,12,227.35,1,1,258
least_privilege,naive,13,1.6,0,0,1
least_privilege,adaptive,13,1.6,0,0,1
least_privilege,naive,14,0.0,0,0,2
least_privilege,adaptive,14,141.35,1,1,168
least_privilege,naive,15,154.05,1,1,103
least_privilege,adaptive,15,229.425,1,1,246
least_privilege,naive,16,11.6,1,0,2
least_privilege,adaptive,16,200.85,1,1,242
least_privilege,naive,17,88.45000000000002,1,1,110
least_privilege,adaptive,17,141.1,1,1,214
least_privilege,naive,18,109.25,1,1,57
least_privilege,adaptive,18,160.82500000000002,1,1,177
least_privilege,naive,19,70.025,1,1,41
least_privilege,adaptive,19,212.10000000000002,1,1,168
least_privilege,naive,20,109.125,1,1,132
least_privilege,adaptive,20,241.90000000000003,1,1,254
least_privilege,naive,21,1.6,0,0,7
least_privilege,adaptive,21,216.925,1,1,235
least_privilege,naive,22,126.025,1,1,112
least_privilege,adaptive,22,141.42499999999998,1,1,163
least_privilege,naive,23,155.37499999999997,1,1,60
least_privilege,adaptive,23,189.9,1,1,256
least_privilege,naive,24,100.65,1,1,39
least_privilege,adaptive,24,141.1,1,1,162
least_privilege,naive,25,198.8,1,1,173
least_privilege,adaptive,25,149.225,1,1,221
least_privilege,naive,26,110.525,1,1,51
least_privilege,adaptive,26,186.0,1,1,223
least_privilege,naive,27,116.82499999999999,1,1,138
least_privilege,adaptive,27,131.95,1,1,206
least_privilege,naive,28,20.8,0,0,9
least_privilege,adaptive,28,181.175,1,1,216
least_privilege,naive,29,195.775,1,1,149
least_privilege,adaptive,29,165.625,1,1,192
least_privilege,naive,30,2.6,0,0,1
least_privilege,adaptive,30,185.4,1,1,202
least_privilege,naive,31,1.4,0,0,2
least_privilege,adaptive,31,180.15,1,1,226
least_privilege,naive,32,0.0,0,0,1
least_privilege,adaptive,32,161.39999999999998,1,1,196
least_privilege,naive,33,238.8,1,1,152
least_privilege,adaptive,33,189.6,1,1,245
least_privilege,naive,34,0.0,0,0,1
least_privilege,adaptive,34,195.62499999999997,1,1,187
least_privilege,naive,35,0.0,0,0,1
least_privilege,adaptive,35,234.975,1,1,260
least_privilege,naive,36,2.8,0,1,10
least_privilege,adaptive,36,138.5,1,1,197
least_privilege,naive,37,146.35000000000002,1,1,155
least_privilege,adaptive,37,161.27499999999998,1,1,234
least_privilege,naive,38,25.575,1,0,23
least_privilege,adaptive,38,201.25,1,1,265
least_privilege,naive,39,117.425,1,1,70
least_privilege,adaptive,39,152.125,1,1,160
least_privilege,naive,40,122.22500000000001,1,1,112
least_privilege,adaptive,40,180.7,1,1,210
least_privilege,naive,41,24.0,0,0,1
least_privilege,adaptive,41,237.07500000000002,1,1,219
least_privilege,naive,42,2.5999999999999996,0,0,1
least_privilege,adaptive,42,2.5999999999999996,0,0,1
least_privilege,naive,43,1.4,0,0,2
least_privilege,adaptive,43,215.02500000000003,1,1,179
least_privilege,naive,44,187.8,1,1,124
least_privilege,adaptive,44,158.25000000000003,1,1,204
least_privilege,naive,45,10.200000000000001,0,0,7
least_privilege,adaptive,45,192.47500000000002,1,1,234
least_privilege,naive,46,183.95,1,1,53
least_privilege,adaptive,46,165.54999999999998,1,1,194
least_privilege,naive,47,9.4,0,0,1
least_privilege,adaptive,47,146.825,1,1,221
least_privilege,naive,48,0.0,0,0,6
least_privilege,adaptive,48,233.62499999999997,1,1,246
least_privilege,naive,49,168.22499999999997,1,1,154
least_privilege,adaptive,49,209.37500000000003,1,1,217
least_privilege,naive,50,16.0,0,1,23
least_privilege,adaptive,50,190.57500000000002,1,1,217
least_privilege,naive,51,174.47500000000002,1,1,154
least_privilege,adaptive,51,148.6,1,1,228
least_privilege,naive,52,48.75,1,1,73
least_privilege,adaptive,52,249.60000000000002,1,1,184
least_privilege,naive,53,0.0,0,0,1
least_privilege,adaptive,53,162.14999999999998,1,1,245
least_privilege,naive,54,10.525000000000002,1,0,2
least_privilege,adaptive,54,183.8,1,1,181
least_privilege,naive,55,198.55000000000004,1,1,156
least_privilege,adaptive,55,185.45000000000002,1,1,236
least_privilege,naive,56,0.0,0,0,8
least_privilege,adaptive,56,149.9,1,1,214
least_privilege,naive,57,1.4,0,0,2
least_privilege,adaptive,57,175.725,1,1,265
least_privilege,naive,58,195.05,1,1,148
least_privilege,adaptive,58,200.65,1,1,212
least_privilege,naive,59,2.6,0,0,1
least_privilege,adaptive,59,128.35000000000002,1,1,163
least_privilege,naive,60,2.0,0,0,1
least_privilege,adaptive,60,145.275,1,1,167
least_privilege,naive,61,3.6,0,0,4
least_privilege,adaptive,61,188.075,1,1,206
least_privilege,naive,62,28.25,1,1,8
least_privilege,adaptive,62,161.525,1,1,207
least_privilege,naive,63,0.0,0,0,2
least_privilege,adaptive,63,167.72500000000002,1,1,220
least_privilege,naive,64,0.0,0,0,6
least_privilege,adaptive,64,183.07500000000002,1,1,192
least_privilege,naive,65,148.45000000000002,1,1,116
least_privilege,adaptive,65,141.675,1,1,156
least_privilege,naive,66,0.0,0,0,1
least_privilege,adaptive,66,202.42499999999998,1,1,229
least_privilege,naive,67,171.25,1,1,97
least_privilege,adaptive,67,152.95,1,1,208
least_privilege,naive,68,0.0,0,0,1
least_privilege,adaptive,68,172.2,1,1,225
least_privilege,naive,69,151.49999999999997,1,1,136
least_privilege,adaptive,69,205.55,1,1,220
least_privilege,naive,70,205.47500000000002,1,1,162
least_privilege,adaptive,70,149.625,1,1,226
least_privilege,naive,71,167.225,1,1,153
least_privilege,adaptive,71,185.9,1,1,231
least_privilege,naive,72,2.5999999999999996,0,0,2
least_privilege,adaptive,72,185.42499999999998,1,1,168
least_privilege,naive,73,74.69999999999999,1,1,71
least_privilege,adaptive,73,145.02499999999998,1,1,238
least_privilege,naive,74,44.3,1,1,21
least_privilege,adaptive,74,172.575,1,1,220
least_privilege,naive,75,48.699999999999996,1,0,47
least_privilege,adaptive,75,179.375,1,1,245
least_privilege,naive,76,145.10000000000002,1,1,139
least_privilege,adaptive,76,162.975,1,1,202
least_privilege,naive,77,148.625,1,1,157
least_privilege,adaptive,77,247.7,1,1,265
least_privilege,naive,78,12.6,0,0,3
least_privilege,adaptive,78,156.12500000000003,1,1,238
least_privilege,naive,79,163.425,1,1,106
least_privilege,adaptive,79,210.025,1,1,272
least_privilege,naive,80,0.0,0,0,3
least_privilege,adaptive,80,206.85,1,1,211
least_privilege,naive,81,2.0,0,0,2
least_privilege,adaptive,81,150.95000000000002,1,1,189
least_privilege,naive,82,225.72500000000002,1,1,146
least_privilege,adaptive,82,216.9,1,1,256
least_privilege,naive,83,6.2,0,0,3
least_privilege,adaptive,83,190.025,1,1,253
least_privilege,naive,84,174.375,1,1,149
least_privilege,adaptive,84,167.875,1,1,220
least_privilege,naive,85,1.2,0,0,3
least_privilege,adaptive,85,241.47499999999997,1,1,200
least_privilege,naive,86,1.6,0,0,1
least_privilege,adaptive,86,1.6,0,0,1
least_privilege,naive,87,0.8,0,0,1
least_privilege,adaptive,87,235.12500000000003,1,1,189
least_privilege,naive,88,168.97500000000002,1,1,145
least_privilege,adaptive,88,187.075,1,1,231
least_privilege,naive,89,220.875,1,1,138
least_privilege,adaptive,89,224.89999999999998,1,1,189
least_privilege,naive,90,9.4,0,0,2
least_privilege,adaptive,90,138.85,1,1,165
least_privilege,naive,91,177.25,1,1,89
least_privilege,adaptive,91,122.22500000000001,1,1,225
least_privilege,naive,92,219.15,1,1,113
least_privilege,adaptive,92,122.85000000000001,1,1,160
least_privilege,naive,93,10.6,0,0,1
least_privilege,adaptive,93,213.07500000000002,1,1,255
least_privilege,naive,94,5.8,0,0,5
least_privilege,adaptive,94,166.92499999999998,1,1,164
least_privilege,naive,95,103.52499999999999,1,1,143
least_privilege,adaptive,95,237.0,1,1,280
least_privilege,naive,96,240.325,1,1,163
least_privilege,adaptive,96,176.95,1,1,264
least_privilege,naive,97,1.8,0,0,3
least_privilege,adaptive,97,230.95000000000002,1,1,262
least_privilege,naive,98,2.4000000000000004,0,0,1
least_privilege,adaptive,98,195.625,1,1,257
least_privilege,naive,99,78.6,1,1,78
least_privilege,adaptive,99,145.1,1,1,197
least_privilege,naive,100,160.975,1,1,145
least_privilege,adaptive,100,183.32500000000002,1,1,271
least_privilege,naive,101,0.0,0,0,1
least_privilege,adaptive,101,181.275,1,1,172
least_privilege,naive,102,2.0,0,0,3
least_privilege,adaptive,102,150.57500000000002,1,1,174
least_privilege,naive,103,157.70000000000002,1,1,81
least_privilege,adaptive,103,206.525,1,1,240
least_privilege,naive,104,0.0,0,0,1
least_privilege,adaptive,104,0.0,0,0,1
least_privilege,naive,105,1.2,0,0,1
least_privilege,adaptive,105,1.2,0,0,1
least_privilege,naive,106,146.45,1,1,136
least_privilege,adaptive,106,181.275,1,1,182
least_privilege,naive,107,2.0,0,0,3
least_privilege,adaptive,107,219.45000000000002,1,1,206
least_privilege,naive,108,178.525,1,1,179
least_privilege,adaptive,108,179.07500000000002,1,1,267
least_privilege,naive,109,179.475,1,1,77
least_privilege,adaptive,109,200.07499999999996,1,1,266
least_privilege,naive,110,0.0,0,0,1
least_privilege,adaptive,110,2.0,0,0,2
least_privilege,naive,111,1.8,0,0,11
least_privilege,adaptive,111,0.0,0,0,6
least_privilege,naive,112,168.975,1,1,155
least_privilege,adaptive,112,180.70000000000002,1,1,203
least_privilege,naive,113,0.0,0,0,2
least_privilege,adaptive,113,160.575,1,1,191
least_privilege,naive,114,164.625,1,1,58
least_privilege,adaptive,114,197.775,1,1,196
least_privilege,naive,115,17.05,1,0,41
least_privilege,adaptive,115,153.07500000000002,1,1,216
least_privilege,naive,116,4.2,0,0,1
least_privilege,adaptive,116,192.775,1,1,164
least_privilege,naive,117,93.85000000000001,1,1,18
least_privilege,adaptive,117,239.6,1,1,251
least_privilege,naive,118,4.6000000000000005,0,0,2
least_privilege,adaptive,118,152.70000000000002,1,1,223
least_privilege,naive,119,58.925,1,1,49
least_privilege,adaptive,119,215.25,1,1,210
least_privilege,naive,120,21.6,0,1,61
least_privilege,adaptive,120,132.95000000000002,1,1,217
least_privilege,naive,121,3.1,0,0,2
least_privilege,adaptive,121,155.375,1,1,177
least_privilege,naive,122,126.27499999999999,1,1,63
least_privilege,adaptive,122,144.77499999999998,1,1,216
least_privilege,naive,123,75.2,1,0,43
least_privilege,adaptive,123,187.825,1,1,272
least_privilege,naive,124,177.57500000000002,1,1,174
least_privilege,adaptive,124,126.32499999999999,1,1,214
least_privilege,naive,125,1.4,0,0,3
least_privilege,adaptive,125,148.6,1,1,162
least_privilege,naive,126,1.4,0,0,1
least_privilege,adaptive,126,1.4,0,0,1
least_privilege,naive,127,2.8,0,0,1
least_privilege,adaptive,127,118.85000000000001,1,1,149
least_privilege,naive,128,31.050000000000004,1,0,22
least_privilege,adaptive,128,204.97499999999997,1,1,203
least_privilege,naive,129,150.47500000000002,1,1,125
least_privilege,adaptive,129,143.17499999999998,1,1,237
least_privilege,naive,130,165.775,1,1,158
least_privilege,adaptive,130,189.075,1,1,219
least_privilege,naive,131,0.0,0,0,3
least_privilege,adaptive,131,155.29999999999998,1,1,164
least_privilege,naive,132,3.6,0,0,8
least_privilege,adaptive,132,146.95,1,1,192
least_privilege,naive,133,2.8,0,0,1
least_privilege,adaptive,133,219.57500000000002,1,1,263
least_privilege,naive,134,173.275,1,1,127
least_privilege,adaptive,134,169.4,1,1,214
least_privilege,naive,135,2.4000000000000004,0,0,3
least_privilege,adaptive,135,133.5,1,1,231
least_privilege,naive,136,8.2,0,0,6
least_privilege,adaptive,136,169.57500000000002,1,1,236
least_privilege,naive,137,13.149999999999999,0,0,10
least_privilege,adaptive,137,201.85,1,1,256
least_privilege,naive,138,34.775,1,0,44
least_privilege,adaptive,138,192.99999999999997,1,1,244
least_privilege,naive,139,34.5,1,1,47
least_privilege,adaptive,139,179.925,1,1,201
least_privilege,naive,140,0.0,0,0,1
least_privilege,adaptive,140,0.0,0,0,1
least_privilege,naive,141,25.200000000000003,0,0,1
least_privilege,adaptive,141,184.92499999999998,1,1,205
least_privilege,naive,142,17.15,0,0,7
least_privilege,adaptive,142,17.15,0,0,7
least_privilege,naive,143,1.2,0,0,2
least_privilege,adaptive,143,199.29999999999998,1,1,230
least_privilege,naive,144,223.40000000000003,1,1,101
least_privilege,adaptive,144,209.27500000000003,1,1,280
least_privilege,naive,145,149.375,1,1,142
least_privilege,adaptive,145,118.175,1,1,198
least_privilege,naive,146,191.9,1,1,136
least_privilege,adaptive,146,208.85000000000002,1,1,261
least_privilege,naive,147,122.52500000000002,1,1,108
least_privilege,adaptive,147,205.225,1,1,202
least_privilege,naive,148,8.399999999999999,1,0,1
least_privilege,adaptive,148,151.05,1,1,196
least_privilege,naive,149,0.0,0,0,4
least_privilege,adaptive,149,167.45000000000002,1,1,159
least_privilege,naive,150,191.2,1,1,123
least_privilege,adaptive,150,218.45,1,1,258
least_privilege,naive,151,120.17500000000001,1,1,50
least_privilege,adaptive,151,213.40000000000003,1,1,186
least_privilege,naive,152,0.0,0,0,1
least_privilege,adaptive,152,0.0,0,0,2
least_privilege,naive,153,7.8,0,0,17
least_privilege,adaptive,153,182.275,1,1,223
least_privilege,naive,154,5.0,0,0,2
least_privilege,adaptive,154,222.75,1,1,250
least_privilege,naive,155,0.0,0,0,7
least_privilege,adaptive,155,171.325,1,1,184
least_privilege,naive,156,0.0,0,0,2
least_privilege,adaptive,156,166.15,1,1,227
least_privilege,naive,157,50.525000000000006,1,1,14
least_privilege,adaptive,157,232.05000000000004,1,1,255
least_privilege,naive,158,185.39999999999998,1,1,212
least_privilege,adaptive,158,153.5,1,1,265
least_privilege,naive,159,96.075,1,1,24
least_privilege,adaptive,159,234.17500000000004,1,1,233
least_privilege,naive,160,152.99999999999997,1,1,72
least_privilege,adaptive,160,139.85,1,1,181
least_privilege,naive,161,5.4,0,0,4
least_privilege,adaptive,161,146.975,1,1,159
least_privilege,naive,162,172.45,1,1,142
least_privilege,adaptive,162,178.52499999999998,1,1,200
least_privilege,naive,163,1.8,0,0,4
least_privilege,adaptive,163,134.29999999999998,1,1,260
least_privilege,naive,164,0.0,0,0,3
least_privilege,adaptive,164,199.02499999999998,1,1,215
least_privilege,naive,165,9.4,0,0,2
least_privilege,adaptive,165,174.125,1,1,237
least_privilege,naive,166,2.0,0,0,1
least_privilege,adaptive,166,192.42499999999998,1,1,226
least_privilege,naive,167,157.775,1,1,145
least_privilege,adaptive,167,140.04999999999998,1,1,192
least_privilege,naive,168,0.0,0,0,1
least_privilege,adaptive,168,205.175,1,1,275
least_privilege,naive,169,0.0,0,0,1
least_privilege,adaptive,169,152.35,1,1,222
least_privilege,naive,170,5.4,0,0,5
least_privilege,adaptive,170,162.8,1,1,237
least_privilege,naive,171,190.775,1,1,157
least_privilege,adaptive,171,182.725,1,1,210
least_privilege,naive,172,10.6,0,0,1
least_privilege,adaptive,172,145.675,1,1,176
least_privilege,naive,173,0.0,0,0,1
least_privilege,adaptive,173,187.39999999999998,1,1,259
least_privilege,naive,174,153.32500000000002,1,1,120
least_privilege,adaptive,174,162.45,1,1,205
least_privilege,naive,175,2.0,0,0,2
least_privilege,adaptive,175,182.97500000000002,1,1,172
least_privilege,naive,176,1.6,0,0,1
least_privilege,adaptive,176,1.6,0,0,1
least_privilege,naive,177,141.52499999999998,1,1,101
least_privilege,adaptive,177,209.70000000000002,1,1,167
least_privilege,naive,178,150.20000000000002,1,1,110
least_privilege,adaptive,178,147.025,1,1,190
least_privilege,naive,179,13.8,0,0,5
least_privilege,adaptive,179,186.52499999999998,1,1,191
least_privilege,naive,180,23.025000000000002,1,0,36
least_privilege,adaptive,180,164.97500000000002,1,1,212
least_privilege,naive,181,199.52499999999998,1,1,187
least_privilege,adaptive,181,220.25,1,1,264
least_privilege,naive,182,85.07499999999999,1,1,117
least_privilege,adaptive,182,154.64999999999998,1,1,204
least_privilege,naive,183,0.0,0,0,1
least_privilege,adaptive,183,237.02500000000003,1,1,274
least_privilege,naive,184,115.77499999999998,1,1,78
least_privilege,adaptive,184,189.6,1,1,260
least_privilege,naive,185,30.799999999999997,1,0,28
least_privilege,adaptive,185,218.05,1,1,262
least_privilege,naive,186,170.82500000000002,1,1,189
least_privilege,adaptive,186,210.92499999999998,1,1,283
least_privilege,naive,187,49.45,1,0,34
least_privilege,adaptive,187,193.32500000000002,1,1,171
least_privilege,naive,188,26.55,1,0,17
least_privilege,adaptive,188,196.52499999999998,1,1,228
least_privilege,naive,189,72.85000000000001,1,1,41
least_privilege,adaptive,189,187.175,1,1,241
least_privilege,naive,190,1.4,0,0,33
least_privilege,adaptive,190,142.07500000000002,1,1,217
least_privilege,naive,191,1.6,0,0,1
least_privilege,adaptive,191,173.825,1,1,190
least_privilege,naive,192,159.07500000000002,1,1,110
least_privilege,adaptive,192,168.70000000000002,1,1,162
least_privilege,naive,193,9.4,0,0,2
least_privilege,adaptive,193,196.92499999999998,1,1,279
least_privilege,naive,194,0.0,0,0,1
least_privilege,adaptive,194,173.20000000000002,1,1,184
least_privilege,naive,195,0.0,0,0,2
least_privilege,adaptive,195,133.47500000000002,1,1,163
least_privilege,naive,196,1.4,0,0,6
least_privilege,adaptive,196,206.1,1,1,243
least_privilege,naive,197,0.0,0,0,2
least_privilege,adaptive,197,237.70000000000002,1,1,250
least_privilege,naive,198,56.42499999999999,1,1,59
least_privilege,adaptive,198,185.35000000000002,1,1,253
least_privilege,naive,199,0.0,0,0,7
least_privilege,adaptive,199,174.875,1,1,180
patch_90,naive,0,0.0,0,0,1
patch_90,adaptive,0,0.0,0,0,1
patch_90,naive,1,216.95,1,1,209
patch_90,adaptive,1,250.12500000000003,1,1,270
patch_90,naive,2,206.30000000000004,1,1,214
patch_90,adaptive,2,245.975,1,1,274
patch_90,naive,3,162.225,1,1,143
patch_90,adaptive,3,224.35,1,1,201
patch_90,naive,4,214.35000000000002,1,1,168
patch_90,adaptive,4,251.45,1,1,237
patch_90,naive,5,0.0,0,0,1
patch_90,adaptive,5,190.95,1,1,205
patch_90,naive,6,203.29999999999998,1,1,196
patch_90,adaptive,6,226.57499999999996,1,1,246
patch_90,naive,7,187.07500000000002,1,1,232
patch_90,adaptive,7,216.29999999999998,1,1,289
patch_90,naive,8,175.8,1,1,182
patch_90,adaptive,8,162.225,1,1,221
patch_90,naive,9,231.1,1,1,163
patch_90,adaptive,9,162.975,1,1,215
patch_90,naive,10,15.4,0,0,2
patch_90,adaptive,10,243.95000000000002,1,1,241
patch_90,naive,11,0.0,0,0,3
patch_90,adaptive,11,174.875,1,1,262
patch_90,naive,12,223.39999999999998,1,1,213
patch_90,adaptive,12,247.45000000000002,1,1,263
patch_90,naive,13,217.45000000000002,1,1,236
patch_90,adaptive,13,171.35000000000002,1,1,285
patch_90,naive,14,207.7,1,1,142
patch_90,adaptive,14,250.425,1,1,205
patch_90,naive,15,136.29999999999998,1,1,191
patch_90,adaptive,15,189.17499999999998,1,1,251
patch_90,naive,16,200.325,1,1,189
patch_90,adaptive,16,193.60000000000002,1,1,248
patch_90,naive,17,234.52499999999998,1,1,210
patch_90,adaptive,17,186.75,1,1,269
patch_90,naive,18,227.97500000000002,1,1,184
patch_90,adaptive,18,175.47500000000002,1,1,203
patch_90,naive,19,186.64999999999998,1,1,160
patch_90,adaptive,19,205.75,1,1,204
patch_90,naive,20,0.0,0,0,1
patch_90,adaptive,20,187.75,1,1,277
patch_90,naive,21,197.02500000000003,1,1,233
patch_90,adaptive,21,158.7,1,1,287
patch_90,naive,22,191.8,1,1,171
patch_90,adaptive,22,190.425,1,1,204
patch_90,naive,23,220.17499999999998,1,1,191
patch_90,adaptive,23,172.9,1,1,271
patch_90,naive,24,194.775,1,1,188
patch_90,adaptive,24,206.6,1,1,211
patch_90,naive,25,196.95000000000002,1,1,209
patch_90,adaptive,25,194.75,1,1,277
patch_90,naive,26,0.0,0,0,2
patch_90,adaptive,26,210.60000000000002,1,1,244
patch_90,naive,27,190.7,1,1,186
patch_90,adaptive,27,182.89999999999998,1,1,261
patch_90,naive,28,9.4,0,0,1
patch_90,adaptive,28,172.17499999999998,1,1,240
patch_90,naive,29,164.75,1,1,180
patch_90,adaptive,29,211.02499999999998,1,1,228
patch_90,naive,30,12.3,0,0,4
patch_90,adaptive,30,240.85000000000002,1,1,245
patch_90,naive,31,197.15,1,1,187
patch_90,adaptive,31,185.15,1,1,243
patch_90,naive,32,0.5,0,0,1
patch_90,adaptive,32,0.5,0,0,1
patch_90,naive,33,194.62499999999997,1,1,194
patch_90,adaptive,33,232.52500000000003,1,1,251
patch_90,naive,34,226.125,1,1,185
patch_90,adaptive,34,162.15,1,1,232
patch_90,naive,35,9.4,0,0,1
patch_90,adaptive,35,215.97500000000002,1,1,291
patch_90,naive,36,230.5,1,1,202
patch_90,adaptive,36,197.70000000000002,1,1,249
patch_90,naive,37,210.15,1,1,192
patch_90,adaptive,37,171.025,1,1,252
patch_90,naive,38,233.57500000000002,1,1,184
patch_90,adaptive,38,228.975,1,1,272
patch_90,naive,39,157.025,1,1,161
patch_90,adaptive,39,188.20000000000002,1,1,200
patch_90,naive,40,9.4,0,0,1
patch_90,adaptive,40,9.4,0,0,1
patch_90,naive,41,151.20000000000002,1,1,191
patch_90,adaptive,41,219.3,1,1,261
patch_90,naive,42,234.025,1,1,193
patch_90,adaptive,42,172.04999999999998,1,1,238
patch_90,naive,43,2.0,0,0,3
patch_90,adaptive,43,157.9,1,1,202
patch_90,naive,44,159.625,1,1,193
patch_90,adaptive,44,171.45,1,1,248
patch_90,naive,45,195.475,1,1,183
patch_90,adaptive,45,231.875,1,1,246
patch_90,naive,46,222.90000000000003,1,1,188
patch_90,adaptive,46,170.7,1,1,243
patch_90,naive,47,249.62500000000003,1,1,201
patch_90,adaptive,47,174.85,1,1,264
patch_90,naive,48,175.625,1,1,203
patch_90,adaptive,48,218.20000000000002,1,1,253
patch_90,naive,49,188.39999999999998,1,1,211
patch_90,adaptive,49,199.32500000000002,1,1,275
patch_90,naive,50,0.0,0,0,5
patch_90,adaptive,50,209.175,1,1,273
patch_90,naive,51,197.15,1,1,196
patch_90,adaptive,51,221.075,1,1,284
patch_90,naive,52,171.4,1,1,155
patch_90,adaptive,52,153.45,1,1,197
patch_90,naive,53,183.25,1,1,202
patch_90,adaptive,53,218.4,1,1,257
patch_90,naive,54,207.75,1,1,165
patch_90,adaptive,54,164.35,1,1,223
patch_90,naive,55,10.6,0,0,2
patch_90,adaptive,55,202.825,1,1,253
patch_90,naive,56,9.4,0,0,2
patch_90,adaptive,56,193.77499999999998,1,1,262
patch_90,naive,57,2.0,0,0,4
patch_90,adaptive,57,159.6,1,1,271
patch_90,naive,58,202.225,1,1,191
patch_90,adaptive,58,213.70000000000002,1,1,228
patch_90,naive,59,206.99999999999997,1,1,157
patch_90,adaptive,59,175.87499999999997,1,1,206
patch_90,naive,60,235.22500000000002,1,1,175
patch_90,adaptive,60,202.725,1,1,217
patch_90,naive,61,210.1,1,1,213
patch_90,adaptive,61,229.67499999999998,1,1,256
patch_90,naive,62,242.39999999999998,1,1,199
patch_90,adaptive,62,178.20000000000002,1,1,251
patch_90,naive,63,13.200000000000001,0,0,1
patch_90,adaptive,63,13.200000000000001,0,0,1
patch_90,naive,64,233.57500000000002,1,1,187
patch_90,adaptive,64,193.325,1,1,246
patch_90,naive,65,198.85,1,1,183
patch_90,adaptive,65,231.75000000000003,1,1,218
patch_90,naive,66,230.475,1,1,214
patch_90,adaptive,66,166.39999999999998,1,1,277
patch_90,naive,67,167.9,1,1,210
patch_90,adaptive,67,183.49999999999997,1,1,275
patch_90,naive,68,164.25,1,1,148
patch_90,adaptive,68,196.725,1,1,228
patch_90,naive,69,214.17499999999998,1,1,182
patch_90,adaptive,69,214.70000000000002,1,1,226
patch_90,naive,70,203.47500000000002,1,1,227
patch_90,adaptive,70,188.00000000000003,1,1,281
patch_90,naive,71,5.2,0,0,1
patch_90,adaptive,71,205.2,1,1,278
patch_90,naive,72,1.2,0,0,2
patch_90,adaptive,72,243.025,1,1,210
patch_90,naive,73,230.075,1,1,200
patch_90,adaptive,73,197.95000000000002,1,1,260
patch_90,naive,74,194.725,1,1,213
patch_90,adaptive,74,180.70000000000002,1,1,273
patch_90,naive,75,3.5500000000000003,0,0,1
patch_90,adaptive,75,243.35000000000002,1,1,260
patch_90,naive,76,237.025,1,1,190
patch_90,adaptive,76,217.9,1,1,247
patch_90,naive,77,4.0,0,0,1
patch_90,adaptive,77,185.34999999999997,1,1,278
patch_90,naive,78,171.57500000000002,1,1,191
patch_90,adaptive,78,233.92500000000004,1,1,249
patch_90,naive,79,238.17499999999998,1,1,234
patch_90,adaptive,79,247.3,1,1,280
patch_90,naive,80,1.4,0,0,2
patch_90,adaptive,80,164.9,1,1,234
patch_90,naive,81,2.0,0,0,1
patch_90,adaptive,81,214.9,1,1,236
patch_90,naive,82,168.025,1,1,214
patch_90,adaptive,82,183.225,1,1,273
patch_90,naive,83,214.425,1,1,185
patch_90,adaptive,83,188.75,1,1,260
patch_90,naive,84,201.12500000000003,1,1,231
patch_90,adaptive,84,237.95000000000002,1,1,275
patch_90,naive,85,1.8,0,0,2
patch_90,adaptive,85,192.72500000000002,1,1,216
patch_90,naive,86,1.8,0,0,4
patch_90,adaptive,86,180.475,1,1,288
patch_90,naive,87,240.95000000000002,1,1,160
patch_90,adaptive,87,222.175,1,1,205
patch_90,naive,88,1.8,0,0,1
patch_90,adaptive,88,177.92499999999998,1,1,252
patch_90,naive,89,167.95000000000002,1,1,140
patch_90,adaptive,89,243.025,1,1,197
patch_90,naive,90,0.0,0,0,1
patch_90,adaptive,90,176.04999999999998,1,1,218
patch_90,naive,91,214.525,1,1,232
patch_90,adaptive,91,190.85,1,1,291
patch_90,naive,92,178.77499999999998,1,1,159
patch_90,adaptive,92,173.3,1,1,195
patch_90,naive,93,198.8,1,1,225
patch_90,adaptive,93,214.225,1,1,272
patch_90,naive,94,195.8,1,1,154
patch_90,adaptive,94,206.97499999999997,1,1,206
patch_90,naive,95,3.4,0,0,1
patch_90,adaptive,95,161.95000000000002,1,1,293
patch_90,naive,96,216.875,1,1,223
patch_90,adaptive,96,167.35,1,1,277
patch_90,naive,97,0.0,0,0,1
patch_90,adaptive,97,183.625,1,1,279
patch_90,naive,98,199.35,1,1,217
patch_90,adaptive,98,179.2,1,1,265
patch_90,naive,99,237.05,1,1,185
patch_90,adaptive,99,228.35000000000002,1,1,242
patch_90,naive,100,174.60000000000002,1,1,210
patch_90,adaptive,100,198.64999999999998,1,1,276
patch_90,naive,101,232.07500000000002,1,1,179
patch_90,adaptive,101,209.35,1,1,211
patch_90,naive,102,0.0,0,0,2
patch_90,adaptive,102,220.55,1,1,240
patch_90,naive,103,208.9,1,1,208
patch_90,adaptive,103,184.25,1,1,265
patch_90,naive,104,191.39999999999998,1,1,177
patch_90,adaptive,104,167.45000000000002,1,1,215
patch_90,naive,105,193.725,1,1,181
patch_90,adaptive,105,241.97499999999997,1,1,257
patch_90,naive,106,206.475,1,1,197
patch_90,adaptive,106,195.35000000000002,1,1,232
patch_90,naive,107,208.925,1,1,168
patch_90,adaptive,107,163.725,1,1,206
patch_90,naive,108,3.4000000000000004,0,0,2
patch_90,adaptive,108,228.29999999999998,1,1,280
patch_90,naive,109,200.625,1,1,228
patch_90,adaptive,109,168.24999999999997,1,1,283
patch_90,naive,110,9.4,0,0,2
patch_90,adaptive,110,184.95,1,1,210
patch_90,naive,111,233.39999999999998,1,1,177
patch_90,adaptive,111,219.10000000000002,1,1,221
patch_90,naive,112,0.8,0,0,1
patch_90,adaptive,112,157.89999999999998,1,1,245
patch_90,naive,113,2.0,0,0,1
patch_90,adaptive,113,2.0,0,0,1
patch_90,naive,114,184.925,1,1,152
patch_90,adaptive,114,224.40000000000003,1,1,203
patch_90,naive,115,150.54999999999998,1,1,200
patch_90,adaptive,115,193.525,1,1,268
patch_90,naive,116,183.925,1,1,155
patch_90,adaptive,116,177.74999999999997,1,1,196
patch_90,naive,117,218.925,1,1,194
patch_90,adaptive,117,191.87500000000003,1,1,259
patch_90,naive,118,234.50000000000003,1,1,185
patch_90,adaptive,118,207.77499999999998,1,1,232
patch_90,naive,119,9.4,0,0,2
patch_90,adaptive,119,231.24999999999997,1,1,256
patch_90,naive,120,193.05,1,1,196
patch_90,adaptive,120,176.12499999999997,1,1,267
patch_90,naive,121,204.675,1,1,187
patch_90,adaptive,121,165.17499999999998,1,1,229
patch_90,naive,122,186.75000000000003,1,1,205
patch_90,adaptive,122,151.00000000000003,1,1,264
patch_90,naive,123,6.199999999999999,0,0,1
patch_90,adaptive,123,174.55,1,1,285
patch_90,naive,124,209.95,1,1,217
patch_90,adaptive,124,182.675,1,1,276
patch_90,naive,125,200.85,1,1,150
patch_90,adaptive,125,247.47500000000002,1,1,199
patch_90,naive,126,1.2,0,0,1
patch_90,adaptive,126,197.4,1,1,220
patch_90,naive,127,0.0,0,0,1
patch_90,adaptive,127,193.99999999999997,1,1,190
patch_90,naive,128,224.04999999999998,1,1,172
patch_90,adaptive,128,200.675,1,1,211
patch_90,naive,129,189.05,1,1,204
patch_90,adaptive,129,186.475,1,1,258
patch_90,naive,130,0.0,0,0,1
patch_90,adaptive,130,214.775,1,1,266
patch_90,naive,131,0.0,0,0,1
patch_90,adaptive,131,197.4,1,1,197
patch_90,naive,132,168.42499999999998,1,1,170
patch_90,adaptive,132,229.64999999999998,1,1,238
patch_90,naive,133,189.00000000000003,1,1,210
patch_90,adaptive,133,205.20000000000002,1,1,279
patch_90,naive,134,185.375,1,1,189
patch_90,adaptive,134,205.77500000000003,1,1,264
patch_90,naive,135,164.32500000000002,1,1,220
patch_90,adaptive,135,216.10000000000002,1,1,290
patch_90,naive,136,199.95000000000002,1,1,221
patch_90,adaptive,136,196.775,1,1,290
patch_90,naive,137,251.35000000000002,1,1,202
patch_90,adaptive,137,208.7,1,1,262
patch_90,naive,138,184.64999999999998,1,1,183
patch_90,adaptive,138,189.025,1,1,258
patch_90,naive,139,196.225,1,1,190
patch_90,adaptive,139,238.5,1,1,246
patch_90,naive,140,237.70000000000002,1,1,236
patch_90,adaptive,140,176.27499999999998,1,1,284
patch_90,naive,141,224.42500000000004,1,1,199
patch_90,adaptive,141,166.60000000000002,1,1,255
patch_90,naive,142,227.95000000000002,1,1,142
patch_90,adaptive,142,178.9,1,1,227
patch_90,naive,143,11.200000000000001,0,0,1
patch_90,adaptive,143,200.075,1,1,247
patch_90,naive,144,222.70000000000002,1,1,220
patch_90,adaptive,144,225.82500000000002,1,1,292
patch_90,naive,145,185.775,1,1,206
patch_90,adaptive,145,203.025,1,1,243
patch_90,naive,146,229.675,1,1,213
patch_90,adaptive,146,204.25,1,1,283
patch_90,naive,147,243.00000000000003,1,1,174
patch_90,adaptive,147,161.425,1,1,220
patch_90,naive,148,220.15,1,1,166
patch_90,adaptive,148,175.975,1,1,209
patch_90,naive,149,239.37500000000003,1,1,160
patch_90,adaptive,149,222.925,1,1,203
patch_90,naive,150,209.29999999999998,1,1,206
patch_90,adaptive,150,241.4,1,1,276
patch_90,naive,151,0.5249999999999999,0,0,2
patch_90,adaptive,151,153.65000000000003,1,1,188
patch_90,naive,152,0.0,0,0,1
patch_90,adaptive,152,200.125,1,1,212
patch_90,naive,153,219.75,1,1,192
patch_90,adaptive,153,241.8,1,1,238
patch_90,naive,154,193.37500000000003,1,1,224
patch_90,adaptive,154,164.125,1,1,266
patch_90,naive,155,0.0,0,0,5
patch_90,adaptive,155,189.02500000000003,1,1,235
patch_90,naive,156,226.625,1,1,190
patch_90,adaptive,156,202.95,1,1,241
patch_90,naive,157,220.075,1,1,231
patch_90,adaptive,157,192.12499999999997,1,1,273
patch_90,naive,158,204.67499999999998,1,1,211
patch_90,adaptive,158,242.82500000000002,1,1,281
patch_90,naive,159,161.25,1,1,174
patch_90,adaptive,159,192.85000000000002,1,1,252
patch_90,naive,160,2.8,0,0,2
patch_90,adaptive,160,176.35,1,1,234
patch_90,naive,161,176.42499999999998,1,1,157
patch_90,adaptive,161,187.675,1,1,202
patch_90,naive,162,201.15,1,1,153
patch_90,adaptive,162,168.65000000000003,1,1,192
patch_90,naive,163,224.45000000000002,1,1,209
patch_90,adaptive,163,189.82500000000002,1,1,281
patch_90,naive,164,184.875,1,1,219
patch_90,adaptive,164,212.67499999999998,1,1,263
patch_90,naive,165,207.15,1,1,239
patch_90,adaptive,165,164.64999999999998,1,1,292
patch_90,naive,166,229.6,1,1,205
patch_90,adaptive,166,250.90000000000003,1,1,274
patch_90,naive,167,209.75000000000003,1,1,171
patch_90,adaptive,167,211.60000000000002,1,1,243
patch_90,naive,168,224.8,1,1,218
patch_90,adaptive,168,190.45,1,1,282
patch_90,naive,169,218.375,1,1,196
patch_90,adaptive,169,187.07500000000002,1,1,281
patch_90,naive,170,205.15,1,1,246
patch_90,adaptive,170,172.92499999999998,1,1,293
patch_90,naive,171,0.0,0,0,4
patch_90,adaptive,171,198.0,1,1,267
patch_90,naive,172,5.6,0,0,1
patch_90,adaptive,172,221.20000000000002,1,1,222
patch_90,naive,173,208.54999999999998,1,1,212
patch_90,adaptive,173,203.375,1,1,275
patch_90,naive,174,231.725,1,1,193
patch_90,adaptive,174,219.95000000000002,1,1,258
patch_90,naive,175,174.925,1,1,169
patch_90,adaptive,175,177.7,1,1,216
patch_90,naive,176,233.175,1,1,149
patch_90,adaptive,176,208.525,1,1,209
patch_90,naive,177,227.74999999999997,1,1,150
patch_90,adaptive,177,176.72499999999997,1,1,204
patch_90,naive,178,224.57500000000002,1,1,152
patch_90,adaptive,178,220.325,1,1,197
patch_90,naive,179,207.95000000000002,1,1,171
patch_90,adaptive,179,237.725,1,1,225
patch_90,naive,180,4.8,0,0,2
patch_90,adaptive,180,239.97500000000002,1,1,272
patch_90,naive,181,0.0,0,0,1
patch_90,adaptive,181,192.875,1,1,276
patch_90,naive,182,223.2,1,1,183
patch_90,adaptive,182,243.75,1,1,254
patch_90,naive,183,202.45000000000002,1,1,218
patch_90,adaptive,183,198.47500000000002,1,1,280
patch_90,naive,184,174.10000000000002,1,1,191
patch_90,adaptive,184,159.05,1,1,270
patch_90,naive,185,3.0,0,0,1
patch_90,adaptive,185,3.0,0,0,1
patch_90,naive,186,246.95000000000002,1,1,238
patch_90,adaptive,186,204.8,1,1,290
patch_90,naive,187,245.575,1,1,163
patch_90,adaptive,187,179.89999999999998,1,1,212
patch_90,naive,188,229.25000000000006,1,1,194
patch_90,adaptive,188,203.35,1,1,242
patch_90,naive,189,220.875,1,1,229
patch_90,adaptive,189,250.57500000000002,1,1,294
patch_90,naive,190,212.675,1,1,209
patch_90,adaptive,190,239.175,1,1,263
patch_90,naive,191,193.92500000000004,1,1,160
patch_90,adaptive,191,192.575,1,1,198
patch_90,naive,192,244.25,1,1,152
patch_90,adaptive,192,164.5,1,1,195
patch_90,naive,193,153.47500000000002,1,1,231
patch_90,adaptive,193,203.35000000000002,1,1,282
patch_90,naive,194,229.57500000000002,1,1,178
patch_90,adaptive,194,246.65,1,1,236
patch_90,naive,195,176.20000000000002,1,1,156
patch_90,adaptive,195,165.72500000000002,1,1,205
patch_90,naive,196,0.0,0,0,1
patch_90,adaptive,196,0.0,0,0,1
patch_90,naive,197,197.72500000000002,1,1,220
patch_90,adaptive,197,198.32500000000002,1,1,270
patch_90,naive,198,195.14999999999998,1,1,218
patch_90,adaptive,198,226.4,1,1,267
patch_90,naive,199,212.925,1,1,173
patch_90,adaptive,199,160.3,1,1,215
fast_detection,naive,0,0.0,0,0,1
fast_detection,adaptive,0,0.0,0,0,1
fast_detection,naive,1,107.15,1,1,172
fast_detection,adaptive,1,144.55,1,1,258
fast_detection,naive,2,154.9,1,1,186
fast_detection,adaptive,2,135.775,1,1,258
fast_detection,naive,3,135.025,1,1,128
fast_detection,adaptive,3,130.525,1,1,196
fast_detection,naive,4,161.35,1,1,178
fast_detection,adaptive,4,139.075,1,1,219
fast_detection,naive,5,3.4,0,0,1
fast_detection,adaptive,5,127.45,1,1,202
fast_detection,naive,6,147.47500000000002,1,1,180
fast_detection,adaptive,6,131.925,1,1,241
fast_detection,naive,7,114.97500000000001,1,1,212
fast_detection,adaptive,7,133.97500000000002,1,1,284
fast_detection,naive,8,121.97499999999998,1,1,126
fast_detection,adaptive,8,139.975,1,1,210
fast_detection,naive,9,127.72500000000002,1,1,159
fast_detection,adaptive,9,126.6,1,1,207
fast_detection,naive,10,0.0,0,0,2
fast_detection,adaptive,10,125.30000000000001,1,1,238
fast_detection,naive,11,110.925,1,1,183
fast_detection,adaptive,11,143.55,1,1,245
fast_detection,naive,12,133.7,1,1,205
fast_detection,adaptive,12,116.85,1,1,261
fast_detection,naive,13,108.6,1,1,203
fast_detection,adaptive,13,153.875,1,1,272
fast_detection,naive,14,130.525,1,1,133
fast_detection,adaptive,14,127.875,1,1,196
fast_detection,naive,15,0.0,0,0,1
fast_detection,adaptive,15,100.8,1,1,233
fast_detection,naive,16,135.725,1,1,179
fast_detection,adaptive,16,131.3,1,1,242
fast_detection,naive,17,150.375,1,1,174
fast_detection,adaptive,17,121.6,1,1,261
fast_detection,naive,18,114.35000000000001,1,1,154
fast_detection,adaptive,18,121.825,1,1,193
fast_detection,naive,19,2.6,0,0,6
fast_detection,adaptive,19,135.7,1,1,188
fast_detection,naive,20,0.0,0,0,1
fast_detection,adaptive,20,127.775,1,1,273
fast_detection,naive,21,111.62500000000001,1,1,194
fast_detection,adaptive,21,106.47500000000001,1,1,283
fast_detection,naive,22,11.000000000000002,0,1,2
fast_detection,adaptive,22,117.57500000000002,1,1,194
fast_detection,naive,23,107.45,1,1,185
fast_detection,adaptive,23,176.95000000000002,1,1,254
fast_detection,naive,24,124.925,1,1,165
fast_detection,adaptive,24,119.375,1,1,199
fast_detection,naive,25,4.0,0,0,1
fast_detection,adaptive,25,9.625,1,0,2
fast_detection,naive,26,131.3,1,1,175
fast_detection,adaptive,26,145.225,1,1,245
fast_detection,naive,27,12.65,1,0,4
fast_detection,adaptive,27,138.825,1,1,246
fast_detection,naive,28,2.8,0,0,1
fast_detection,adaptive,28,130.6,1,1,223
fast_detection,naive,29,100.075,1,1,148
fast_detection,adaptive,29,146.8,1,1,228
fast_detection,naive,30,10.000000000000002,0,0,3
fast_detection,adaptive,30,133.425,1,1,229
fast_detection,naive,31,110.19999999999999,1,1,160
fast_detection,adaptive,31,141.0,1,1,228
fast_detection,naive,32,0.2,0,0,1
fast_detection,adaptive,32,136.825,1,1,238
fast_detection,naive,33,116.7,1,1,168
fast_detection,adaptive,33,114.22500000000001,1,1,245
fast_detection,naive,34,124.67500000000001,1,1,180
fast_detection,adaptive,34,110.175,1,1,228
fast_detection,naive,35,2.0,0,0,1
fast_detection,adaptive,35,157.97499999999997,1,1,275
fast_detection,naive,36,145.45000000000002,1,1,172
fast_detection,adaptive,36,153.775,1,1,240
fast_detection,naive,37,131.1,1,1,174
fast_detection,adaptive,37,136.125,1,1,244
fast_detection,naive,38,119.72500000000001,1,1,189
fast_detection,adaptive,38,139.525,1,1,269
fast_detection,naive,39,132.0,1,1,117
fast_detection,adaptive,39,118.2,1,1,186
fast_detection,naive,40,6.0,0,0,1
fast_detection,adaptive,40,133.10000000000002,1,1,258
fast_detection,naive,41,108.85000000000001,1,1,186
fast_detection,adaptive,41,119.55000000000001,1,1,259
fast_detection,naive,42,3.8,0,0,3
fast_detection,adaptive,42,115.5,1,1,232
fast_detection,naive,43,119.07499999999999,1,1,138
fast_detection,adaptive,43,137.85,1,1,194
fast_detection,naive,44,13.4,1,0,4
fast_detection,adaptive,44,115.0,1,1,244
fast_detection,naive,45,4.800000000000001,0,0,1
fast_detection,adaptive,45,136.54999999999998,1,1,243
fast_detection,naive,46,133.6,1,1,171
fast_detection,adaptive,46,153.825,1,1,239
fast_detection,naive,47,149.45,1,1,191
fast_detection,adaptive,47,132.9,1,1,262
fast_detection,naive,48,4.2,0,0,2
fast_detection,adaptive,48,128.025,1,1,241
fast_detection,naive,49,105.85000000000002,1,1,175
fast_detection,adaptive,49,146.35000000000002,1,1,270
fast_detection,naive,50,2.5999999999999996,0,0,2
fast_detection,adaptive,50,147.525,1,1,259
fast_detection,naive,51,156.45,1,1,196
fast_detection,adaptive,51,132.0,1,1,285
fast_detection,naive,52,129.325,1,1,140
fast_detection,adaptive,52,114.55000000000001,1,1,182
fast_detection,naive,53,148.25,1,1,197
fast_detection,adaptive,53,150.02499999999998,1,1,246
fast_detection,naive,54,95.27499999999999,1,1,150
fast_detection,adaptive,54,106.94999999999999,1,1,205
fast_detection,naive,55,111.05,1,1,164
fast_detection,adaptive,55,125.05000000000001,1,1,234
fast_detection,naive,56,129.4,1,1,190
fast_detection,adaptive,56,113.05,1,1,255
fast_detection,naive,57,0.0,0,0,3
fast_detection,adaptive,57,146.375,1,1,260
fast_detection,naive,58,138.175,1,1,161
fast_detection,adaptive,58,135.5,1,1,216
fast_detection,naive,59,99.65,1,1,138
fast_detection,adaptive,59,149.775,1,1,194
fast_detection,naive,60,118.0,1,1,162
fast_detection,adaptive,60,124.57499999999999,1,1,207
fast_detection,naive,61,134.625,1,1,177
fast_detection,adaptive,61,110.7,1,1,245
fast_detection,naive,62,123.85000000000001,1,1,187
fast_detection,adaptive,62,130.35,1,1,252
fast_detection,naive,63,4.0,0,0,1
fast_detection,adaptive,63,166.25,1,1,222
fast_detection,naive,64,0.0,0,0,2
fast_detection,adaptive,64,128.925,1,1,232
fast_detection,naive,65,0.0,0,0,3
fast_detection,adaptive,65,138.25,1,1,206
fast_detection,naive,66,2.0,0,0,2
fast_detection,adaptive,66,144.15,1,1,262
fast_detection,naive,67,124.15,1,1,194
fast_detection,adaptive,67,118.125,1,1,250
fast_detection,naive,68,129.7,1,1,168
fast_detection,adaptive,68,122.94999999999999,1,1,216
fast_detection,naive,69,0.0,0,0,1
fast_detection,adaptive,69,144.375,1,1,220
fast_detection,naive,70,101.375,1,1,202
fast_detection,adaptive,70,114.32500000000002,1,1,263
fast_detection,naive,71,3.8,0,0,1
fast_detection,adaptive,71,132.025,1,1,267
fast_detection,naive,72,1.2,0,0,1
fast_detection,adaptive,72,129.50000000000003,1,1,199
fast_detection,naive,73,118.275,1,1,179
fast_detection,adaptive,73,119.44999999999999,1,1,246
fast_detection,naive,74,121.975,1,1,186
fast_detection,adaptive,74,125.85000000000001,1,1,253
fast_detection,naive,75,1.2,0,0,3
fast_detection,adaptive,75,136.325,1,1,254
fast_detection,naive,76,137.67499999999998,1,1,180
fast_detection,adaptive,76,186.29999999999998,1,1,243
fast_detection,naive,77,17.0,0,0,1
fast_detection,adaptive,77,2.0,0,0,2
fast_detection,naive,78,138.525,1,1,183
fast_detection,adaptive,78,119.12500000000001,1,1,237
fast_detection,naive,79,136.39999999999998,1,1,194
fast_detection,adaptive,79,136.22500000000002,1,1,274
fast_detection,naive,80,10.6,0,0,3
fast_detection,adaptive,80,134.425,1,1,224
fast_detection,naive,81,115.325,1,1,167
fast_detection,adaptive,81,126.4,1,1,226
fast_detection,naive,82,127.80000000000001,1,1,192
fast_detection,adaptive,82,127.125,1,1,258
fast_detection,naive,83,123.125,1,1,199
fast_detection,adaptive,83,133.07500000000002,1,1,255
fast_detection,naive,84,116.92500000000001,1,1,201
fast_detection,adaptive,84,124.15,1,1,259
fast_detection,naive,85,107.45,1,1,133
fast_detection,adaptive,85,128.37500000000003,1,1,212
fast_detection,naive,86,137.6,1,1,194
fast_detection,adaptive,86,120.7,1,1,261
fast_detection,naive,87,165.625,1,1,144
fast_detection,adaptive,87,108.05000000000003,1,1,194
fast_detection,naive,88,0.0,0,0,1
fast_detection,adaptive,88,0.0,0,0,1
fast_detection,naive,89,109.275,1,1,115
fast_detection,adaptive,89,115.975,1,1,186
fast_detection,naive,90,162.775,1,1,151
fast_detection,adaptive,90,128.55,1,1,201
fast_detection,naive,91,97.05,1,1,169
fast_detection,adaptive,91,104.65,1,1,275
fast_detection,naive,92,108.4,1,1,112
fast_detection,adaptive,92,129.15,1,1,189
fast_detection,naive,93,12.8,0,0,2
fast_detection,adaptive,93,130.4,1,1,265
fast_detection,naive,94,120.39999999999999,1,1,139
fast_detection,adaptive,94,101.85000000000001,1,1,196
fast_detection,naive,95,22.625000000000004,1,0,1
fast_detection,adaptive,95,120.875,1,1,280
fast_detection,naive,96,106.22500000000001,1,1,161
fast_detection,adaptive,96,142.4,1,1,269
fast_detection,naive,97,0.0,0,0,1
fast_detection,adaptive,97,140.875,1,1,272
fast_detection,naive,98,125.5,1,1,169
fast_detection,adaptive,98,134.7,1,1,256
fast_detection,naive,99,126.25,1,1,180
fast_detection,adaptive,99,124.5,1,1,231
fast_detection,naive,100,2.0,0,0,1
fast_detection,adaptive,100,2.0,0,0,1
fast_detection,naive,101,130.07500000000002,1,1,138
fast_detection,adaptive,101,156.45000000000002,1,1,206
fast_detection,naive,102,1.8,0,0,2
fast_detection,adaptive,102,119.275,1,1,225
fast_detection,naive,103,123.44999999999999,1,1,209
fast_detection,adaptive,103,121.90000000000002,1,1,253
fast_detection,naive,104,0.0,0,0,1
fast_detection,adaptive,104,163.375,1,1,201
fast_detection,naive,105,0.0,0,0,1
fast_detection,adaptive,105,121.69999999999999,1,1,243
fast_detection,naive,106,0.0,0,0,1
fast_detection,adaptive,106,108.80000000000001,1,1,215
fast_detection,naive,107,0.0,0,0,1
fast_detection,adaptive,107,112.8,1,1,203
fast_detection,naive,108,99.72500000000001,1,1,189
fast_detection,adaptive,108,130.675,1,1,264
fast_detection,naive,109,125.0,1,1,221
fast_detection,adaptive,109,131.025,1,1,263
fast_detection,naive,110,0.0,0,0,2
fast_detection,adaptive,110,161.70000000000002,1,1,204
fast_detection,naive,111,128.375,1,1,158
fast_detection,adaptive,111,129.25000000000003,1,1,219
fast_detection,naive,112,130.9,1,1,158
fast_detection,adaptive,112,182.325,1,1,241
fast_detection,naive,113,4.800000000000001,0,0,1
fast_detection,adaptive,113,4.800000000000001,0,0,1
fast_detection,naive,114,0.0,0,0,3
fast_detection,adaptive,114,128.97500000000002,1,1,194
fast_detection,naive,115,4.2,0,0,4
fast_detection,adaptive,115,9.799999999999999,0,0,4
fast_detection,naive,116,117.82499999999999,1,1,146
fast_detection,adaptive,116,111.25,1,1,182
fast_detection,naive,117,1.6,0,0,1
fast_detection,adaptive,117,135.4,1,1,250
fast_detection,naive,118,122.575,1,1,164
fast_detection,adaptive,118,121.875,1,1,218
fast_detection,naive,119,2.0,0,0,2
fast_detection,adaptive,119,102.27500000000002,1,1,235
fast_detection,naive,120,1.8,0,0,3
fast_detection,adaptive,120,153.15,1,1,252
fast_detection,naive,121,117.92500000000001,1,1,152
fast_detection,adaptive,121,166.8,1,1,223
fast_detection,naive,122,164.42499999999998,1,1,200
fast_detection,adaptive,122,144.875,1,1,251
fast_detection,naive,123,202.29999999999998,1,1,162
fast_detection,adaptive,123,137.125,1,1,277
fast_detection,naive,124,123.15,1,1,189
fast_detection,adaptive,124,115.5,1,1,274
fast_detection,naive,125,121.52500000000002,1,1,132
fast_detection,adaptive,125,144.92499999999998,1,1,185
fast_detection,naive,126,0.0,0,0,1
fast_detection,adaptive,126,123.0,1,1,208
fast_detection,naive,127,0.0,0,0,1
fast_detection,adaptive,127,136.0,1,1,194
fast_detection,naive,128,119.89999999999999,1,1,153
fast_detection,adaptive,128,121.40000000000002,1,1,205
fast_detection,naive,129,132.025,1,1,174
fast_detection,adaptive,129,119.72500000000001,1,1,240
fast_detection,naive,130,0.0,0,0,1
fast_detection,adaptive,130,160.95000000000002,1,1,262
fast_detection,naive,131,123.4,1,1,126
fast_detection,adaptive,131,120.825,1,1,182
fast_detection,naive,132,87.67500000000001,1,1,161
fast_detection,adaptive,132,140.075,1,1,235
fast_detection,naive,133,109.70000000000002,1,1,182
fast_detection,adaptive,133,117.92500000000001,1,1,267
fast_detection,naive,134,3.675,0,0,4
fast_detection,adaptive,134,128.6,1,1,255
fast_detection,naive,135,0.0,0,0,2
fast_detection,adaptive,135,130.0,1,1,278
fast_detection,naive,136,116.00000000000001,1,1,198
fast_detection,adaptive,136,121.5,1,1,282
fast_detection,naive,137,208.79999999999998,1,1,183
fast_detection,adaptive,137,149.3,1,1,252
fast_detection,naive,138,3.5999999999999996,0,0,1
fast_detection,adaptive,138,143.775,1,1,243
fast_detection,naive,139,129.675,1,1,183
fast_detection,adaptive,139,111.575,1,1,236
fast_detection,naive,140,4.800000000000001,0,0,1
fast_detection,adaptive,140,129.775,1,1,280
fast_detection,naive,141,113.67500000000001,1,1,174
fast_detection,adaptive,141,119.45,1,1,240
fast_detection,naive,142,96.725,1,1,133
fast_detection,adaptive,142,133.5,1,1,217
fast_detection,naive,143,9.4,0,0,1
fast_detection,adaptive,143,142.55,1,1,224
fast_detection,naive,144,133.42499999999998,1,1,197
fast_detection,adaptive,144,134.875,1,1,277
fast_detection,naive,145,10.200000000000001,0,0,2
fast_detection,adaptive,145,125.95,1,1,237
fast_detection,naive,146,115.19999999999999,1,1,196
fast_detection,adaptive,146,135.525,1,1,259
fast_detection,naive,147,118.025,1,1,147
fast_detection,adaptive,147,110.25,1,1,206
fast_detection,naive,148,133.125,1,1,163
fast_detection,adaptive,148,145.875,1,1,208
fast_detection,naive,149,169.8,1,1,148
fast_detection,adaptive,149,194.35000000000002,1,1,195
fast_detection,naive,150,139.02499999999998,1,1,176
fast_detection,adaptive,150,127.60000000000001,1,1,256
fast_detection,naive,151,0.0,0,0,1
fast_detection,adaptive,151,148.525,1,1,187
fast_detection,naive,152,0.0,0,0,1
fast_detection,adaptive,152,0.0,0,0,1
fast_detection,naive,153,151.225,1,1,175
fast_detection,adaptive,153,132.95,1,1,223
fast_detection,naive,154,94.89999999999999,1,1,187
fast_detection,adaptive,154,122.17499999999998,1,1,251
fast_detection,naive,155,127.24999999999999,1,1,171
fast_detection,adaptive,155,147.375,1,1,223
fast_detection,naive,156,112.2,1,1,162
fast_detection,adaptive,156,124.575,1,1,236
fast_detection,naive,157,109.52499999999999,1,1,178
fast_detection,adaptive,157,106.475,1,1,257
fast_detection,naive,158,127.82499999999999,1,1,184
fast_detection,adaptive,158,152.52499999999998,1,1,261
fast_detection,naive,159,0.0,0,0,1
fast_detection,adaptive,159,131.375,1,1,244
fast_detection,naive,160,140.175,1,1,154
fast_detection,adaptive,160,139.775,1,1,230
fast_detection,naive,161,121.27499999999999,1,1,164
fast_detection,adaptive,161,109.875,1,1,182
fast_detection,naive,162,157.475,1,1,144
fast_detection,adaptive,162,153.1,1,1,194
fast_detection,naive,163,111.75,1,1,195
fast_detection,adaptive,163,142.0,1,1,268
fast_detection,naive,164,139.65,1,1,190
fast_detection,adaptive,164,135.7,1,1,253
fast_detection,naive,165,158.35000000000002,1,1,220
fast_detection,adaptive,165,145.65,1,1,282
fast_detection,naive,166,101.925,1,1,172
fast_detection,adaptive,166,121.82499999999999,1,1,256
fast_detection,naive,167,131.65,1,1,173
fast_detection,adaptive,167,114.25000000000001,1,1,235
fast_detection,naive,168,100.625,1,1,154
fast_detection,adaptive,168,125.35,1,1,261
fast_detection,naive,169,98.325,1,1,196
fast_detection,adaptive,169,109.55,1,1,274
fast_detection,naive,170,0.0,0,0,3
fast_detection,adaptive,170,131.725,1,1,284
fast_detection,naive,171,0.0,0,0,1
fast_detection,adaptive,171,144.15,1,1,260
fast_detection,naive,172,103.225,1,1,145
fast_detection,adaptive,172,165.55,1,1,214
fast_detection,naive,173,90.725,1,1,179
fast_detection,adaptive,173,117.825,1,1,259
fast_detection,naive,174,133.95000000000002,1,1,174
fast_detection,adaptive,174,115.75,1,1,233
fast_detection,naive,175,146.875,1,1,173
fast_detection,adaptive,175,139.7,1,1,205
fast_detection,naive,176,116.65,1,1,129
fast_detection,adaptive,176,155.775,1,1,198
fast_detection,naive,177,123.17500000000003,1,1,141
fast_detection,adaptive,177,126.85,1,1,194
fast_detection,naive,178,121.67500000000001,1,1,150
fast_detection,adaptive,178,140.8,1,1,184
fast_detection,naive,179,102.725,1,1,143
fast_detection,adaptive,179,122.42500000000003,1,1,216
fast_detection,naive,180,103.10000000000001,1,1,170
fast_detection,adaptive,180,127.475,1,1,256
fast_detection,naive,181,0.0,0,0,1
fast_detection,adaptive,181,137.175,1,1,259
fast_detection,naive,182,107.275,1,1,180
fast_detection,adaptive,182,132.8,1,1,249
fast_detection,naive,183,141.425,1,1,187
fast_detection,adaptive,183,99.95,1,1,272
fast_detection,naive,184,143.25,1,1,183
fast_detection,adaptive,184,138.65,1,1,255
fast_detection,naive,185,0.0,0,0,1
fast_detection,adaptive,185,117.32499999999999,1,1,265
fast_detection,naive,186,160.05,1,1,212
fast_detection,adaptive,186,102.77499999999999,1,1,284
fast_detection,naive,187,100.075,1,1,128
fast_detection,adaptive,187,115.575,1,1,201
fast_detection,naive,188,94.2,1,1,147
fast_detection,adaptive,188,136.4,1,1,237
fast_detection,naive,189,115.175,1,1,199
fast_detection,adaptive,189,144.67499999999998,1,1,276
fast_detection,naive,190,2.8,0,0,1
fast_detection,adaptive,190,2.8,0,0,1
fast_detection,naive,191,148.35,1,1,151
fast_detection,adaptive,191,133.8,1,1,185
fast_detection,naive,192,130.875,1,1,137
fast_detection,adaptive,192,126.92500000000001,1,1,193
fast_detection,naive,193,107.2,1,1,209
fast_detection,adaptive,193,131.225,1,1,276
fast_detection,naive,194,116.60000000000001,1,1,157
fast_detection,adaptive,194,163.32500000000002,1,1,232
fast_detection,naive,195,0.0,0,0,4
fast_detection,adaptive,195,154.10000000000002,1,1,198
fast_detection,naive,196,96.075,1,1,169
fast_detection,adaptive,196,162.25,1,1,249
fast_detection,naive,197,121.6,1,1,150
fast_detection,adaptive,197,155.275,1,1,242
fast_detection,naive,198,0.0,0,0,1
fast_detection,adaptive,198,140.45000000000002,1,1,259
fast_detection,naive,199,120.325,1,1,155
fast_detection,adaptive,199,130.225,1,1,196
isolated_backups,naive,0,183.45000000000002,1,1,201
isolated_backups,adaptive,0,130.825,1,1,236
isolated_backups,naive,1,167.375,1,1,224
isolated_backups,adaptive,1,191.125,1,1,259
isolated_backups,naive,2,0.0,0,0,1
isolated_backups,adaptive,2,146.175,1,1,262
isolated_backups,naive,3,168.65,1,1,166
isolated_backups,adaptive,3,160.975,1,1,199
isolated_backups,naive,4,151.7,1,1,199
isolated_backups,adaptive,4,119.95000000000002,1,1,229
isolated_backups,naive,5,112.47500000000002,1,1,182
isolated_backups,adaptive,5,145.20000000000002,1,1,205
isolated_backups,naive,6,143.15,1,1,211
isolated_backups,adaptive,6,134.35000000000002,1,1,243
isolated_backups,naive,7,138.6,1,1,249
isolated_backups,adaptive,7,140.525,1,1,277
isolated_backups,naive,8,173.475,1,1,191
isolated_backups,adaptive,8,122.45,1,1,211
isolated_backups,naive,9,148.55,1,1,186
isolated_backups,adaptive,9,138.4,1,1,207
isolated_backups,naive,10,3.8,0,0,4
isolated_backups,adaptive,10,144.7,1,1,237
isolated_backups,naive,11,145.375,1,1,219
isolated_backups,adaptive,11,125.92500000000001,1,1,250
isolated_backups,naive,12,186.29999999999998,1,1,232
isolated_backups,adaptive,12,162.20000000000002,1,1,262
isolated_backups,naive,13,136.05,1,1,255
isolated_backups,adaptive,13,116.4,1,1,277
isolated_backups,naive,14,169.70000000000002,1,1,182
isolated_backups,adaptive,14,141.20000000000002,1,1,196
isolated_backups,naive,15,0.8,0,0,1
isolated_backups,adaptive,15,136.075,1,1,247
isolated_backups,naive,16,209.72500000000002,1,1,222
isolated_backups,adaptive,16,149.975,1,1,247
isolated_backups,naive,17,120.75000000000001,1,1,226
isolated_backups,adaptive,17,152.175,1,1,259
isolated_backups,naive,18,149.175,1,1,174
isolated_backups,adaptive,18,117.30000000000001,1,1,195
isolated_backups,naive,19,126.625,1,1,169
isolated_backups,adaptive,19,189.025,1,1,196
isolated_backups,naive,20,0.0,0,0,1
isolated_backups,adaptive,20,147.32500000000002,1,1,269
isolated_backups,naive,21,117.05000000000001,1,1,248
isolated_backups,adaptive,21,166.675,1,1,282
isolated_backups,naive,22,168.625,1,1,170
isolated_backups,adaptive,22,181.55,1,1,199
isolated_backups,naive,23,143.42499999999998,1,1,234
isolated_backups,adaptive,23,132.35,1,1,266
isolated_backups,naive,24,116.07500000000002,1,1,182
isolated_backups,adaptive,24,138.7,1,1,204
isolated_backups,naive,25,135.3,1,1,229
isolated_backups,adaptive,25,126.42500000000001,1,1,263
isolated_backups,naive,26,182.5,1,1,216
isolated_backups,adaptive,26,125.94999999999999,1,1,239
isolated_backups,naive,27,178.0,1,1,219
isolated_backups,adaptive,27,131.425,1,1,262
isolated_backups,naive,28,149.5,1,1,209
isolated_backups,adaptive,28,172.32500000000002,1,1,227
isolated_backups,naive,29,122.95000000000002,1,1,194
isolated_backups,adaptive,29,124.94999999999999,1,1,225
isolated_backups,naive,30,7.0,0,0,5
isolated_backups,adaptive,30,144.1,1,1,238
isolated_backups,naive,31,116.975,1,1,199
isolated_backups,adaptive,31,124.12500000000001,1,1,229
isolated_backups,naive,32,97.75,1,1,197
isolated_backups,adaptive,32,160.67499999999998,1,1,237
isolated_backups,naive,33,170.17499999999998,1,1,196
isolated_backups,adaptive,33,105.05,1,1,244
isolated_backups,naive,34,131.3,1,1,206
isolated_backups,adaptive,34,127.75,1,1,226
isolated_backups,naive,35,213.32500000000002,1,1,235
isolated_backups,adaptive,35,128.575,1,1,281
isolated_backups,naive,36,184.65,1,1,221
isolated_backups,adaptive,36,106.475,1,1,243
isolated_backups,naive,37,155.125,1,1,226
isolated_backups,adaptive,37,208.3,1,1,247
isolated_backups,naive,38,171.52500000000003,1,1,222
isolated_backups,adaptive,38,217.175,1,1,272
isolated_backups,naive,39,129.775,1,1,167
isolated_backups,adaptive,39,97.275,1,1,193
isolated_backups,naive,40,117.95,1,1,242
isolated_backups,adaptive,40,99.85,1,1,260
isolated_backups,naive,41,141.65,1,1,223
isolated_backups,adaptive,41,137.57500000000002,1,1,258
isolated_backups,naive,42,109.125,1,1,206
isolated_backups,adaptive,42,109.95,1,1,231
isolated_backups,naive,43,140.35,1,1,170
isolated_backups,adaptive,43,121.0,1,1,198
isolated_backups,naive,44,120.375,1,1,220
isolated_backups,adaptive,44,132.175,1,1,241
isolated_backups,naive,45,98.42500000000001,1,1,203
isolated_backups,adaptive,45,171.5,1,1,242
isolated_backups,naive,46,142.95000000000002,1,1,207
isolated_backups,adaptive,46,130.5,1,1,235
isolated_backups,naive,47,107.42500000000001,1,1,219
isolated_backups,adaptive,47,210.85,1,1,256
isolated_backups,naive,48,169.87500000000003,1,1,215
isolated_backups,adaptive,48,134.425,1,1,246
isolated_backups,naive,49,112.925,1,1,230
isolated_backups,adaptive,49,129.5,1,1,268
isolated_backups,naive,50,181.02500000000003,1,1,251
isolated_backups,adaptive,50,148.525,1,1,266
isolated_backups,naive,51,135.45000000000002,1,1,242
isolated_backups,adaptive,51,151.625,1,1,280
isolated_backups,naive,52,121.575,1,1,171
isolated_backups,adaptive,52,121.25000000000001,1,1,191
isolated_backups,naive,53,169.57500000000002,1,1,221
isolated_backups,adaptive,53,130.175,1,1,250
isolated_backups,naive,54,155.72500000000002,1,1,182
isolated_backups,adaptive,54,103.17500000000001,1,1,215
isolated_backups,naive,55,153.32500000000002,1,1,216
isolated_backups,adaptive,55,138.475,1,1,248
isolated_backups,naive,56,121.52500000000002,1,1,224
isolated_backups,adaptive,56,128.2,1,1,254
isolated_backups,naive,57,188.39999999999998,1,1,232
isolated_backups,adaptive,57,171.525,1,1,263
isolated_backups,naive,58,194.70000000000002,1,1,189
isolated_backups,adaptive,58,131.4,1,1,218
isolated_backups,naive,59,138.15,1,1,178
isolated_backups,adaptive,59,194.0,1,1,201
isolated_backups,naive,60,2.0,0,0,1
isolated_backups,adaptive,60,132.42499999999998,1,1,210
isolated_backups,naive,61,155.15,1,1,216
isolated_backups,adaptive,61,103.42500000000001,1,1,247
isolated_backups,naive,62,117.55000000000001,1,1,226
isolated_backups,adaptive,62,148.575,1,1,244
isolated_backups,naive,63,108.47500000000001,1,1,198
isolated_backups,adaptive,63,107.97500000000001,1,1,227
isolated_backups,naive,64,129.025,1,1,208
isolated_backups,adaptive,64,119.35000000000002,1,1,232
isolated_backups,naive,65,140.125,1,1,178
isolated_backups,adaptive,65,180.375,1,1,210
isolated_backups,naive,66,147.75,1,1,246
isolated_backups,adaptive,66,128.95,1,1,266
isolated_backups,naive,67,159.8,1,1,230
isolated_backups,adaptive,67,117.325,1,1,269
isolated_backups,naive,68,149.20000000000002,1,1,200
isolated_backups,adaptive,68,115.925,1,1,222
isolated_backups,naive,69,148.45,1,1,202
isolated_backups,adaptive,69,146.725,1,1,217
isolated_backups,naive,70,94.69999999999999,1,1,229
isolated_backups,adaptive,70,136.6,1,1,271
isolated_backups,naive,71,112.0,1,1,244
isolated_backups,adaptive,71,174.39999999999998,1,1,268
isolated_backups,naive,72,137.15,1,1,181
isolated_backups,adaptive,72,125.85000000000001,1,1,205
isolated_backups,naive,73,0.0,0,0,1
isolated_backups,adaptive,73,122.25,1,1,256
isolated_backups,naive,74,153.3,1,1,222
isolated_backups,adaptive,74,180.72500000000002,1,1,260
isolated_backups,naive,75,6.175,0,0,4
isolated_backups,adaptive,75,183.84999999999997,1,1,260
isolated_backups,naive,76,0.8,0,0,1
isolated_backups,adaptive,76,142.925,1,1,243
isolated_backups,naive,77,7.6000000000000005,0,0,1
isolated_backups,adaptive,77,150.95,1,1,265
isolated_backups,naive,78,182.625,1,1,221
isolated_backups,adaptive,78,115.00000000000001,1,1,241
isolated_backups,naive,79,161.7,1,1,245
isolated_backups,adaptive,79,126.15,1,1,274
isolated_backups,naive,80,132.25,1,1,197
isolated_backups,adaptive,80,115.55,1,1,219
isolated_backups,naive,81,133.4,1,1,197
isolated_backups,adaptive,81,108.3,1,1,221
isolated_backups,naive,82,221.15,1,1,241
isolated_backups,adaptive,82,141.675,1,1,262
isolated_backups,naive,83,114.575,1,1,236
isolated_backups,adaptive,83,157.675,1,1,260
isolated_backups,naive,84,131.5,1,1,239
isolated_backups,adaptive,84,117.17500000000001,1,1,268
isolated_backups,naive,85,24.249999999999996,1,0,1
isolated_backups,adaptive,85,181.0,1,1,209
isolated_backups,naive,86,121.05000000000001,1,1,229
isolated_backups,adaptive,86,136.125,1,1,277
isolated_backups,naive,87,151.6,1,1,171
isolated_backups,adaptive,87,125.32500000000002,1,1,195
isolated_backups,naive,88,0.0,0,0,1
isolated_backups,adaptive,88,118.55000000000003,1,1,251
isolated_backups,naive,89,144.4,1,1,169
isolated_backups,adaptive,89,172.925,1,1,193
isolated_backups,naive,90,0.0,0,0,3
isolated_backups,adaptive,90,108.49999999999999,1,1,210
isolated_backups,naive,91,138.45,1,1,258
isolated_backups,adaptive,91,145.99999999999997,1,1,284
isolated_backups,naive,92,198.05000000000004,1,1,175
isolated_backups,adaptive,92,223.25,1,1,187
isolated_backups,naive,93,142.775,1,1,229
isolated_backups,adaptive,93,149.825,1,1,267
isolated_backups,naive,94,97.85,1,1,170
isolated_backups,adaptive,94,132.825,1,1,202
isolated_backups,naive,95,172.22499999999997,1,1,250
isolated_backups,adaptive,95,157.625,1,1,279
isolated_backups,naive,96,208.375,1,1,242
isolated_backups,adaptive,96,123.90000000000002,1,1,273
isolated_backups,naive,97,0.0,0,0,1
isolated_backups,adaptive,97,139.125,1,1,273
isolated_backups,naive,98,0.8,0,0,1
isolated_backups,adaptive,98,165.87500000000003,1,1,257
isolated_backups,naive,99,154.975,1,1,212
isolated_backups,adaptive,99,156.92499999999998,1,1,236
isolated_backups,naive,100,189.6,1,1,240
isolated_backups,adaptive,100,125.92500000000001,1,1,266
isolated_backups,naive,101,119.69999999999999,1,1,180
isolated_backups,adaptive,101,133.375,1,1,207
isolated_backups,naive,102,158.475,1,1,193
isolated_backups,adaptive,102,96.875,1,1,224
isolated_backups,naive,103,160.0,1,1,237
isolated_backups,adaptive,103,170.20000000000002,1,1,259
isolated_backups,naive,104,137.75,1,1,178
isolated_backups,adaptive,104,126.42500000000001,1,1,206
isolated_backups,naive,105,181.05,1,1,203
isolated_backups,adaptive,105,158.45,1,1,250
isolated_backups,naive,106,145.85,1,1,207
isolated_backups,adaptive,106,139.85,1,1,229
isolated_backups,naive,107,152.1,1,1,181
isolated_backups,adaptive,107,175.925,1,1,202
isolated_backups,naive,108,155.45000000000002,1,1,235
isolated_backups,adaptive,108,164.1,1,1,266
isolated_backups,naive,109,217.025,1,1,247
isolated_backups,adaptive,109,220.9,1,1,270
isolated_backups,naive,110,117.40000000000002,1,1,180
isolated_backups,adaptive,110,147.2,1,1,208
isolated_backups,naive,111,129.375,1,1,201
isolated_backups,adaptive,111,113.32500000000002,1,1,217
isolated_backups,naive,112,101.92500000000001,1,1,202
isolated_backups,adaptive,112,163.125,1,1,244
isolated_backups,naive,113,133.875,1,1,178
isolated_backups,adaptive,113,126.67500000000001,1,1,206
isolated_backups,naive,114,119.14999999999999,1,1,167
isolated_backups,adaptive,114,120.22500000000002,1,1,195
isolated_backups,naive,115,126.80000000000001,1,1,243
isolated_backups,adaptive,115,112.025,1,1,260
isolated_backups,naive,116,132.17499999999998,1,1,162
isolated_backups,adaptive,116,142.57500000000002,1,1,190
isolated_backups,naive,117,139.5,1,1,226
isolated_backups,adaptive,117,135.4,1,1,248
isolated_backups,naive,118,110.62499999999999,1,1,189
isolated_backups,adaptive,118,102.075,1,1,217
isolated_backups,naive,119,112.725,1,1,221
isolated_backups,adaptive,119,113.65,1,1,246
isolated_backups,naive,120,87.25,1,1,218
isolated_backups,adaptive,120,175.17499999999998,1,1,262
isolated_backups,naive,121,125.07500000000002,1,1,189
isolated_backups,adaptive,121,157.425,1,1,224
isolated_backups,naive,122,134.15,1,1,226
isolated_backups,adaptive,122,165.54999999999998,1,1,252
isolated_backups,naive,123,195.57500000000002,1,1,237
isolated_backups,adaptive,123,159.35,1,1,279
isolated_backups,naive,124,132.42499999999998,1,1,244
isolated_backups,adaptive,124,153.8,1,1,266
isolated_backups,naive,125,145.8,1,1,178
isolated_backups,adaptive,125,122.525,1,1,194
isolated_backups,naive,126,106.875,1,1,186
isolated_backups,adaptive,126,155.225,1,1,212
isolated_backups,naive,127,120.80000000000001,1,1,164
isolated_backups,adaptive,127,192.1,1,1,191
isolated_backups,naive,128,96.10000000000001,1,1,167
isolated_backups,adaptive,128,118.95000000000002,1,1,204
isolated_backups,naive,129,186.29999999999998,1,1,217
isolated_backups,adaptive,129,132.0,1,1,251
isolated_backups,naive,130,0.0,0,0,1
isolated_backups,adaptive,130,0.0,0,0,1
isolated_backups,naive,131,96.67500000000001,1,1,180
isolated_backups,adaptive,131,106.325,1,1,190
isolated_backups,naive,132,140.65,1,1,205
isolated_backups,adaptive,132,222.975,1,1,234
isolated_backups,naive,133,202.60000000000002,1,1,240
isolated_backups,adaptive,133,154.325,1,1,274
isolated_backups,naive,134,216.65,1,1,226
isolated_backups,adaptive,134,130.60000000000002,1,1,254
isolated_backups,naive,135,165.99999999999997,1,1,253
isolated_backups,adaptive,135,140.25,1,1,282
isolated_backups,naive,136,140.85,1,1,248
isolated_backups,adaptive,136,190.625,1,1,289
isolated_backups,naive,137,126.375,1,1,232
isolated_backups,adaptive,137,126.52499999999999,1,1,249
isolated_backups,naive,138,14.200000000000001,0,0,1
isolated_backups,adaptive,138,178.575,1,1,245
isolated_backups,naive,139,137.775,1,1,222
isolated_backups,adaptive,139,168.0,1,1,242
isolated_backups,naive,140,2.0,0,0,1
isolated_backups,adaptive,140,142.275,1,1,278
isolated_backups,naive,141,169.625,1,1,220
isolated_backups,adaptive,141,169.12499999999997,1,1,246
isolated_backups,naive,142,174.70000000000002,1,1,192
isolated_backups,adaptive,142,133.825,1,1,219
isolated_backups,naive,143,218.02500000000003,1,1,215
isolated_backups,adaptive,143,159.0,1,1,236
isolated_backups,naive,144,134.225,1,1,247
isolated_backups,adaptive,144,188.27499999999998,1,1,278
isolated_backups,naive,145,199.625,1,1,201
isolated_backups,adaptive,145,137.575,1,1,241
isolated_backups,naive,146,125.42500000000001,1,1,250
isolated_backups,adaptive,146,127.025,1,1,275
isolated_backups,naive,147,119.7,1,1,190
isolated_backups,adaptive,147,131.075,1,1,214
isolated_backups,naive,148,204.425,1,1,186
isolated_backups,adaptive,148,181.65,1,1,205
isolated_backups,naive,149,120.39999999999999,1,1,174
isolated_backups,adaptive,149,189.925,1,1,195
isolated_backups,naive,150,119.72500000000001,1,1,227
isolated_backups,adaptive,150,115.225,1,1,263
isolated_backups,naive,151,220.17499999999998,1,1,171
isolated_backups,adaptive,151,154.925,1,1,192
isolated_backups,naive,152,149.175,1,1,157
isolated_backups,adaptive,152,157.35,1,1,203
isolated_backups,naive,153,139.125,1,1,208
isolated_backups,adaptive,153,147.5,1,1,235
isolated_backups,naive,154,151.05,1,1,225
isolated_backups,adaptive,154,161.075,1,1,255
isolated_backups,naive,155,122.50000000000001,1,1,192
isolated_backups,adaptive,155,114.25000000000001,1,1,223
isolated_backups,naive,156,138.45,1,1,196
isolated_backups,adaptive,156,116.2,1,1,234
isolated_backups,naive,157,160.725,1,1,233
isolated_backups,adaptive,157,121.5,1,1,265
isolated_backups,naive,158,123.975,1,1,234
isolated_backups,adaptive,158,105.525,1,1,272
isolated_backups,naive,159,3.2,0,0,1
isolated_backups,adaptive,159,114.675,1,1,247
isolated_backups,naive,160,138.125,1,1,200
isolated_backups,adaptive,160,132.95,1,1,231
isolated_backups,naive,161,219.45000000000002,1,1,178
isolated_backups,adaptive,161,97.575,1,1,192
isolated_backups,naive,162,176.45000000000002,1,1,174
isolated_backups,adaptive,162,223.54999999999998,1,1,193
isolated_backups,naive,163,168.95,1,1,240
isolated_backups,adaptive,163,157.57500000000002,1,1,271
isolated_backups,naive,164,125.425,1,1,229
isolated_backups,adaptive,164,148.025,1,1,255
isolated_backups,naive,165,189.95,1,1,249
isolated_backups,adaptive,165,102.8,1,1,280
isolated_backups,naive,166,130.625,1,1,240
isolated_backups,adaptive,166,186.875,1,1,272
isolated_backups,naive,167,112.60000000000001,1,1,210
isolated_backups,adaptive,167,100.82500000000002,1,1,236
isolated_backups,naive,168,141.55,1,1,238
isolated_backups,adaptive,168,147.05,1,1,270
isolated_backups,naive,169,111.5,1,1,243
isolated_backups,adaptive,169,129.0,1,1,275
isolated_backups,naive,170,148.95,1,1,257
isolated_backups,adaptive,170,91.875,1,1,283
isolated_backups,naive,171,101.50000000000001,1,1,223
isolated_backups,adaptive,171,172.9,1,1,255
isolated_backups,naive,172,145.55,1,1,185
isolated_backups,adaptive,172,105.75000000000001,1,1,214
isolated_backups,naive,173,199.45,1,1,232
isolated_backups,adaptive,173,110.02499999999999,1,1,264
isolated_backups,naive,174,140.15,1,1,210
isolated_backups,adaptive,174,152.675,1,1,248
isolated_backups,naive,175,186.575,1,1,183
isolated_backups,adaptive,175,207.925,1,1,206
isolated_backups,naive,176,126.175,1,1,181
isolated_backups,adaptive,176,200.00000000000003,1,1,198
isolated_backups,naive,177,121.2,1,1,162
isolated_backups,adaptive,177,127.55,1,1,192
isolated_backups,naive,178,131.025,1,1,177
isolated_backups,adaptive,178,131.4,1,1,187
isolated_backups,naive,179,178.57500000000002,1,1,187
isolated_backups,adaptive,179,119.95000000000002,1,1,220
isolated_backups,naive,180,150.375,1,1,229
isolated_backups,adaptive,180,105.29999999999998,1,1,266
isolated_backups,naive,181,125.775,1,1,247
isolated_backups,adaptive,181,155.20000000000002,1,1,266
isolated_backups,naive,182,129.625,1,1,226
isolated_backups,adaptive,182,147.55,1,1,250
isolated_backups,naive,183,161.72500000000002,1,1,249
isolated_backups,adaptive,183,150.70000000000002,1,1,270
isolated_backups,naive,184,175.45000000000002,1,1,213
isolated_backups,adaptive,184,138.375,1,1,259
isolated_backups,naive,185,3.0,0,0,1
isolated_backups,adaptive,185,3.0,0,0,1
isolated_backups,naive,186,138.775,1,1,262
isolated_backups,adaptive,186,102.65,1,1,283
isolated_backups,naive,187,113.82499999999999,1,1,180
isolated_backups,adaptive,187,116.375,1,1,205
isolated_backups,naive,188,155.125,1,1,203
isolated_backups,adaptive,188,139.0,1,1,234
isolated_backups,naive,189,151.05,1,1,250
isolated_backups,adaptive,189,140.725,1,1,285
isolated_backups,naive,190,0.0,0,0,1
isolated_backups,adaptive,190,149.825,1,1,255
isolated_backups,naive,191,139.425,1,1,177
isolated_backups,adaptive,191,158.0,1,1,194
isolated_backups,naive,192,199.375,1,1,169
isolated_backups,adaptive,192,94.60000000000001,1,1,191
isolated_backups,naive,193,169.275,1,1,250
isolated_backups,adaptive,193,115.5,1,1,274
isolated_backups,naive,194,123.65,1,1,202
isolated_backups,adaptive,194,93.95000000000002,1,1,225
isolated_backups,naive,195,174.85000000000002,1,1,178
isolated_backups,adaptive,195,163.85,1,1,197
isolated_backups,naive,196,0.0,0,0,2
isolated_backups,adaptive,196,101.075,1,1,247
isolated_backups,naive,197,16.000000000000004,0,0,6
isolated_backups,adaptive,197,131.17499999999998,1,1,260
isolated_backups,naive,198,159.45,1,1,214
isolated_backups,adaptive,198,134.2,1,1,252
isolated_backups,naive,199,176.95,1,1,183
isolated_backups,adaptive,199,137.975,1,1,208
full_defense,naive,0,0.0,0,0,2
full_defense,adaptive,0,54.974999999999994,1,1,102
full_defense,naive,1,6.2,0,0,1
full_defense,adaptive,1,6.2,0,0,1
full_defense,naive,2,7.900000000000001,0,0,8
full_defense,adaptive,2,0.30000000000000004,0,1,58
full_defense,naive,3,0.0,0,0,7
full_defense,adaptive,3,3.75,1,0,5
full_defense,naive,4,0.0,0,0,1
full_defense,adaptive,4,5.475,1,0,18
full_defense,naive,5,0.0,0,0,1
full_defense,adaptive,5,41.025,1,1,80
full_defense,naive,6,0.0,0,0,2
full_defense,adaptive,6,23.275000000000002,1,1,34
full_defense,naive,7,4.7,0,1,2
full_defense,adaptive,7,126.10000000000001,1,1,120
full_defense,naive,8,0.0,0,0,5
full_defense,adaptive,8,15.374999999999998,1,0,41
full_defense,naive,9,4.6,0,0,2
full_defense,adaptive,9,4.6,0,0,2
full_defense,naive,10,0.0,0,0,1
full_defense,adaptive,10,0.0,0,0,1
full_defense,naive,11,16.35,1,0,3
full_defense,adaptive,11,0.0,0,0,9
full_defense,naive,12,2.4000000000000004,0,0,2
full_defense,adaptive,12,1.6,0,0,3
full_defense,naive,13,11.000000000000002,0,0,1
full_defense,adaptive,13,86.675,1,1,112
full_defense,naive,14,0.0,0,0,4
full_defense,adaptive,14,2.0,0,0,7
full_defense,naive,15,14.3,0,0,2
full_defense,adaptive,15,14.3,0,0,2
full_defense,naive,16,0.0,0,0,1
full_defense,adaptive,16,2.5999999999999996,0,0,2
full_defense,naive,17,2.0,0,0,1
full_defense,adaptive,17,83.1,1,1,89
full_defense,naive,18,0.0,0,0,1
full_defense,adaptive,18,7.3,1,0,23
full_defense,naive,19,0.0,0,0,1
full_defense,adaptive,19,11.25,1,0,39
full_defense,naive,20,0.0,0,0,1
full_defense,adaptive,20,0.0,0,0,1
full_defense,naive,21,0.0,0,0,1
full_defense,adaptive,21,0.0,0,0,2
full_defense,naive,22,1.4,0,0,2
full_defense,adaptive,22,4.6000000000000005,0,0,9
full_defense,naive,23,0.0,0,0,2
full_defense,adaptive,23,28.800000000000004,1,0,35
full_defense,naive,24,4.0,0,0,1
full_defense,adaptive,24,2.4000000000000004,0,0,2
full_defense,naive,25,16.400000000000002,0,0,1
full_defense,adaptive,25,16.400000000000002,0,0,1
full_defense,naive,26,0.0,0,0,1
full_defense,adaptive,26,0.0,0,0,1
full_defense,naive,27,8.4,0,1,2
full_defense,adaptive,27,8.4,0,1,2
full_defense,naive,28,12.6,0,0,1
full_defense,adaptive,28,12.6,0,0,1
full_defense,naive,29,2.0,0,0,1
full_defense,adaptive,29,2.0,0,0,1
full_defense,naive,30,3.2,0,0,1
full_defense,adaptive,30,3.2,0,0,1
full_defense,naive,31,1.6,0,0,1
full_defense,adaptive,31,7.2,0,0,2
full_defense,naive,32,0.0,0,0,1
full_defense,adaptive,32,2.0,0,0,3
full_defense,naive,33,0.0,0,0,1
full_defense,adaptive,33,0.0,0,0,19
full_defense,naive,34,0.0,0,0,1
full_defense,adaptive,34,0.0,0,0,1
full_defense,naive,35,0.0,0,0,1
full_defense,adaptive,35,0.0,0,0,1
full_defense,naive,36,10.8,0,0,2
full_defense,adaptive,36,0.0,0,0,5
full_defense,naive,37,0.0,0,0,3
full_defense,adaptive,37,1.2,0,0,24
full_defense,naive,38,3.15,1,0,10
full_defense,adaptive,38,12.025000000000002,1,0,20
full_defense,naive,39,3.4,0,0,1
full_defense,adaptive,39,60.62500000000001,1,1,55
full_defense,naive,40,1.6,0,0,1
full_defense,adaptive,40,1.6,0,0,1
full_defense,naive,41,9.4,0,0,1
full_defense,adaptive,41,10.574999999999998,0,0,12
full_defense,naive,42,6.3999999999999995,0,1,1
full_defense,adaptive,42,6.3999999999999995,0,1,1
full_defense,naive,43,0.0,0,0,2
full_defense,adaptive,43,0.0,0,0,2
full_defense,naive,44,3.2,0,0,9
full_defense,adaptive,44,6.05,1,0,9
full_defense,naive,45,0.0,0,0,3
full_defense,adaptive,45,9.4,0,0,4
full_defense,naive,46,11.200000000000001,0,0,2
full_defense,adaptive,46,35.5,1,1,61
full_defense,naive,47,2.0,0,1,2
full_defense,adaptive,47,0.0,0,1,5
full_defense,naive,48,18.0,0,0,4
full_defense,adaptive,48,8.2,1,0,37
full_defense,naive,49,1.2,0,0,1
full_defense,adaptive,49,1.2,0,0,1
full_defense,naive,50,0.0,0,0,7
full_defense,adaptive,50,0.0,0,0,14
full_defense,naive,51,13.400000000000002,0,0,1
full_defense,adaptive,51,13.400000000000002,0,0,1
full_defense,naive,52,0.0,0,1,1
full_defense,adaptive,52,2.35,0,1,2
full_defense,naive,53,0.0,0,0,1
full_defense,adaptive,53,3.8,0,0,23
full_defense,naive,54,0.0,0,0,1
full_defense,adaptive,54,0.0,0,0,1
full_defense,naive,55,0.0,0,0,1
full_defense,adaptive,55,53.87500000000001,1,1,105
full_defense,naive,56,10.6,0,0,2
full_defense,adaptive,56,9.575000000000001,1,0,3
full_defense,naive,57,0.0,0,1,2
full_defense,adaptive,57,1.4,0,1,2
full_defense,naive,58,0.0,0,0,1
full_defense,adaptive,58,25.925000000000004,1,0,39
full_defense,naive,59,3.8,0,0,1
full_defense,adaptive,59,3.8,0,0,1
full_defense,naive,60,5.0,0,0,2
full_defense,adaptive,60,1.6,0,0,20
full_defense,naive,61,13.600000000000001,0,0,2
full_defense,adaptive,61,1.2,0,0,3
full_defense,naive,62,0.0,0,0,2
full_defense,adaptive,62,2.9,0,0,5
full_defense,naive,63,5.2,0,0,2
full_defense,adaptive,63,43.67500000000001,1,0,26
full_defense,naive,64,0.0,0,0,2
full_defense,adaptive,64,0.0,0,0,2
full_defense,naive,65,0.0,0,0,1
full_defense,adaptive,65,0.0,0,0,4
full_defense,naive,66,0.0,0,0,1
full_defense,adaptive,66,0.0,0,0,1
full_defense,naive,67,2.0,0,0,1
full_defense,adaptive,67,0.0,0,1,3
full_defense,naive,68,14.000000000000002,0,0,1
full_defense,adaptive,68,14.000000000000002,0,0,1
full_defense,naive,69,0.0,0,0,1
full_defense,adaptive,69,0.0,0,0,1
full_defense,naive,70,13.600000000000001,0,0,5
full_defense,adaptive,70,24.900000000000002,1,0,53
full_defense,naive,71,5.999999999999999,0,0,1
full_defense,adaptive,71,79.55,1,1,147
full_defense,naive,72,0.0,0,0,2
full_defense,adaptive,72,2.8,0,0,3
full_defense,naive,73,3.4,0,0,1
full_defense,adaptive,73,0.0,0,0,2
full_defense,naive,74,3.8,0,0,3
full_defense,adaptive,74,11.4,0,0,8
full_defense,naive,75,0.0,0,0,1
full_defense,adaptive,75,0.0,0,0,1
full_defense,naive,76,0.0,0,0,3
full_defense,adaptive,76,34.95,1,1,42
full_defense,naive,77,9.8,0,1,1
full_defense,adaptive,77,9.8,0,1,1
full_defense,naive,78,0.0,0,0,1
full_defense,adaptive,78,1.2,0,0,2
full_defense,naive,79,14.200000000000003,0,0,2
full_defense,adaptive,79,4.4,0,0,3
full_defense,naive,80,0.0,0,0,2
full_defense,adaptive,80,42.27499999999999,1,1,114
full_defense,naive,81,0.0,0,0,2
full_defense,adaptive,81,2.0,0,0,4
full_defense,naive,82,4.0,0,1,1
full_defense,adaptive,82,92.125,1,1,127
full_defense,naive,83,0.0,0,0,1
full_defense,adaptive,83,0.0,0,0,1
full_defense,naive,84,1.2,0,0,5
full_defense,adaptive,84,90.325,1,1,116
full_defense,naive,85,1.2000000000000002,0,0,1
full_defense,adaptive,85,1.2000000000000002,0,0,1
full_defense,naive,86,9.4,0,0,1
full_defense,adaptive,86,8.25,1,0,14
full_defense,naive,87,1.8,0,0,1
full_defense,adaptive,87,89.025,1,1,96
full_defense,naive,88,0.0,0,0,2
full_defense,adaptive,88,0.0,0,0,2
full_defense,naive,89,10.6,0,0,1
full_defense,adaptive,89,42.3,1,1,17
full_defense,naive,90,16.8,0,0,9
full_defense,adaptive,90,2.4,0,0,8
full_defense,naive,91,0.0,0,0,5
full_defense,adaptive,91,0.0,0,0,10
full_defense,naive,92,4.4,0,0,6
full_defense,adaptive,92,4.3,1,0,9
full_defense,naive,93,1.8,0,0,1
full_defense,adaptive,93,4.2,0,0,34
full_defense,naive,94,0.0,0,0,1
full_defense,adaptive,94,0.0,0,0,5
full_defense,naive,95,2.8,0,0,2
full_defense,adaptive,95,2.8,0,0,2
full_defense,naive,96,3.2,0,0,2
full_defense,adaptive,96,0.8,0,0,8
full_defense,naive,97,3.8,0,0,7
full_defense,adaptive,97,10.3,1,1,102
full_defense,naive,98,5.0,0,0,1
full_defense,adaptive,98,0.0,0,0,4
full_defense,naive,99,0.0,0,0,5
full_defense,adaptive,99,52.14999999999999,1,1,44
full_defense,naive,100,10.6,0,0,1
full_defense,adaptive,100,4.0,0,0,2
full_defense,naive,101,0.0,0,0,1
full_defense,adaptive,101,0.0,0,0,4
full_defense,naive,102,0.0,0,0,1
full_defense,adaptive,102,3.7,0,0,19
full_defense,naive,103,0.0,0,0,2
full_defense,adaptive,103,87.39999999999999,1,1,65
full_defense,naive,104,1.2,0,0,1
full_defense,adaptive,104,1.2,0,0,1
full_defense,naive,105,5.2,0,0,1
full_defense,adaptive,105,5.2,0,0,1
full_defense,naive,106,0.0,0,0,1
full_defense,adaptive,106,0.0,0,0,1
full_defense,naive,107,0.0,0,0,1
full_defense,adaptive,107,0.0,0,0,1
full_defense,naive,108,2.2,0,0,5
full_defense,adaptive,108,18.8,0,0,2
full_defense,naive,109,1.2,0,0,2
full_defense,adaptive,109,9.4,0,0,5
full_defense,naive,110,16.0,0,0,9
full_defense,adaptive,110,2.0,0,0,2
full_defense,naive,111,0.0,0,0,4
full_defense,adaptive,111,7.5,1,0,12
full_defense,naive,112,1.6,0,0,4
full_defense,adaptive,112,0.0,0,0,4
full_defense,naive,113,3.2,0,0,5
full_defense,adaptive,113,1.8,0,0,18
full_defense,naive,114,1.6,0,0,1
full_defense,adaptive,114,1.2,0,0,2
full_defense,naive,115,4.4,0,0,1
full_defense,adaptive,115,48.7,1,1,100
full_defense,naive,116,0.0,0,0,1
full_defense,adaptive,116,0.0,0,0,1
full_defense,naive,117,2.0,0,0,2
full_defense,adaptive,117,4.6,0,0,12
full_defense,naive,118,6.800000000000001,0,0,2
full_defense,adaptive,118,23.775,1,1,37
full_defense,naive,119,10.200000000000001,0,0,3
full_defense,adaptive,119,3.6,0,0,15
full_defense,naive,120,1.8,0,0,2
full_defense,adaptive,120,12.800000000000002,0,0,39
full_defense,naive,121,2.2,0,0,1
full_defense,adaptive,121,0.0,0,0,5
full_defense,naive,122,0.0,0,0,1
full_defense,adaptive,122,0.0,0,0,1
full_defense,naive,123,16.0,0,0,5
full_defense,adaptive,123,68.72500000000001,1,1,77
full_defense,naive,124,0.0,0,0,2
full_defense,adaptive,124,10.200000000000001,0,0,6
full_defense,naive,125,0.8,0,0,1
full_defense,adaptive,125,0.0,0,0,3
full_defense,naive,126,3.0,0,0,1
full_defense,adaptive,126,5.75,1,0,13
full_defense,naive,127,0.0,0,0,1
full_defense,adaptive,127,51.1,1,1,78
full_defense,naive,128,5.0,0,0,2
full_defense,adaptive,128,29.075000000000003,1,0,24
full_defense,naive,129,2.0,0,0,1
full_defense,adaptive,129,18.8,0,0,5
full_defense,naive,130,0.0,0,0,1
full_defense,adaptive,130,0.0,0,0,1
full_defense,naive,131,0.0,0,0,1
full_defense,adaptive,131,0.0,0,0,3
full_defense,naive,132,0.0,0,1,2
full_defense,adaptive,132,5.2,0,1,3
full_defense,naive,133,3.9,0,0,4
full_defense,adaptive,133,2.8,0,0,16
full_defense,naive,134,1.6,0,0,2
full_defense,adaptive,134,5.0,0,0,3
full_defense,naive,135,3.4,0,0,5
full_defense,adaptive,135,16.8,1,1,31
full_defense,naive,136,13.000000000000002,0,0,1
full_defense,adaptive,136,15.275000000000002,0,0,2
full_defense,naive,137,0.8,0,1,3
full_defense,adaptive,137,2.4000000000000004,0,1,3
full_defense,naive,138,1.6,0,0,1
full_defense,adaptive,138,11.100000000000001,1,0,13
full_defense,naive,139,10.4,1,0,1
full_defense,adaptive,139,1.4,0,0,6
full_defense,naive,140,10.200000000000001,0,0,1
full_defense,adaptive,140,2.0,0,0,12
full_defense,naive,141,1.6,0,0,1
full_defense,adaptive,141,0.0,0,0,11
full_defense,naive,142,1.4,0,0,1
full_defense,adaptive,142,1.4,0,0,1
full_defense,naive,143,1.2,0,0,1
full_defense,adaptive,143,1.2,0,0,1
full_defense,naive,144,5.2,0,0,2
full_defense,adaptive,144,43.725,1,1,41
full_defense,naive,145,12.825000000000001,1,0,1
full_defense,adaptive,145,1.8,0,0,12
full_defense,naive,146,0.0,0,0,1
full_defense,adaptive,146,0.0,0,0,2
full_defense,naive,147,1.8,0,0,4
full_defense,adaptive,147,3.2,1,1,9
full_defense,naive,148,1.6,0,0,1
full_defense,adaptive,148,2.8,0,0,13
full_defense,naive,149,2.5999999999999996,0,0,2
full_defense,adaptive,149,2.5999999999999996,0,0,2
full_defense,naive,150,5.6,0,0,1
full_defense,adaptive,150,2.0,0,0,2
full_defense,naive,151,0.0,0,0,2
full_defense,adaptive,151,0.0,0,0,2
full_defense,naive,152,1.7000000000000002,0,0,1
full_defense,adaptive,152,1.1,0,0,2
full_defense,naive,153,4.8,0,0,8
full_defense,adaptive,153,10.600000000000001,0,1,26
full_defense,naive,154,1.2,0,0,2
full_defense,adaptive,154,0.0,0,0,5
full_defense,naive,155,0.0,0,0,1
full_defense,adaptive,155,2.2,0,0,32
full_defense,naive,156,0.0,0,0,1
full_defense,adaptive,156,14.200000000000003,0,0,9
full_defense,naive,157,0.0,0,0,2
full_defense,adaptive,157,0.0,0,0,5
full_defense,naive,158,1.8,0,0,2
full_defense,adaptive,158,10.9,1,0,3
full_defense,naive,159,9.4,0,0,1
full_defense,adaptive,159,0.0,0,0,3
full_defense,naive,160,21.800000000000004,1,0,2
full_defense,adaptive,160,14.800000000000002,0,0,6
full_defense,naive,161,1.6,0,0,2
full_defense,adaptive,161,0.8,0,0,7
full_defense,naive,162,0.0,0,0,1
full_defense,adaptive,162,0.0,0,0,12
full_defense,naive,163,1.8,0,0,3
full_defense,adaptive,163,4.8,0,0,5
full_defense,naive,164,0.0,0,0,1
full_defense,adaptive,164,0.0,0,0,1
full_defense,naive,165,6.599999999999999,0,0,1
full_defense,adaptive,165,6.599999999999999,0,0,1
full_defense,naive,166,6.8,0,1,6
full_defense,adaptive,166,12.55,1,0,20
full_defense,naive,167,14.8,0,0,1
full_defense,adaptive,167,57.150000000000006,1,1,124
full_defense,naive,168,0.0,0,0,1
full_defense,adaptive,168,0.0,0,0,1
full_defense,naive,169,3.2,0,0,2
full_defense,adaptive,169,2.2,0,0,10
full_defense,naive,170,13.200000000000001,0,0,3
full_defense,adaptive,170,11.1,1,1,47
full_defense,naive,171,2.0,0,0,1
full_defense,adaptive,171,0.0,0,0,5
full_defense,naive,172,5.2,0,0,1
full_defense,adaptive,172,5.2,0,0,1
full_defense,naive,173,1.8,0,0,4
full_defense,adaptive,173,0.8,0,0,12
full_defense,naive,174,2.0,0,0,5
full_defense,adaptive,174,0.0,0,0,6
full_defense,naive,175,9.4,0,0,1
full_defense,adaptive,175,11.450000000000001,0,0,8
full_defense,naive,176,0.0,0,0,2
full_defense,adaptive,176,71.0,1,1,43
full_defense,naive,177,3.4,0,0,1
full_defense,adaptive,177,1.2,0,0,7
full_defense,naive,178,3.8,0,0,3
full_defense,adaptive,178,12.175,1,0,32
full_defense,naive,179,1.4,0,0,3
full_defense,adaptive,179,0.0,0,0,5
full_defense,naive,180,2.4000000000000004,1,0,15
full_defense,adaptive,180,15.425000000000002,1,0,42
full_defense,naive,181,4.6,0,0,1
full_defense,adaptive,181,25.200000000000003,0,0,2
full_defense,naive,182,6.0,0,0,1
full_defense,adaptive,182,77.875,1,1,98
full_defense,naive,183,0.0,0,0,3
full_defense,adaptive,183,0.0,0,0,3
full_defense,naive,184,1.2,0,0,6
full_defense,adaptive,184,55.925,1,1,84
full_defense,naive,185,5.6,0,0,3
full_defense,adaptive,185,16.925,1,1,28
full_defense,naive,186,2.4000000000000004,0,0,3
full_defense,adaptive,186,5.199999999999999,0,0,5
full_defense,naive,187,4.7,0,1,2
full_defense,adaptive,187,4.7,0,1,2
full_defense,naive,188,0.0,0,0,4
full_defense,adaptive,188,3.6,0,0,14
full_defense,naive,189,2.0,0,0,1
full_defense,adaptive,189,1.4,0,0,10
full_defense,naive,190,2.8,0,0,1
full_defense,adaptive,190,2.8,0,0,1
full_defense,naive,191,3.2,0,0,1
full_defense,adaptive,191,3.2,0,0,1
full_defense,naive,192,0.0,0,0,2
full_defense,adaptive,192,53.0,1,1,92
full_defense,naive,193,9.4,0,0,4
full_defense,adaptive,193,12.0,0,0,25
full_defense,naive,194,0.0,0,0,2
full_defense,adaptive,194,0.0,0,0,2
full_defense,naive,195,1.4,0,0,9
full_defense,adaptive,195,7.25,1,0,41
full_defense,naive,196,9.4,0,0,3
full_defense,adaptive,196,26.4,1,0,35
full_defense,naive,197,3.6000000000000005,0,0,1
full_defense,adaptive,197,3.6,0,0,5
full_defense,naive,198,10.8,0,0,1
full_defense,adaptive,198,3.0,0,0,2
full_defense,naive,199,11.200000000000001,0,0,3
full_defense,adaptive,199,92.55,1,1,77
