trial_id,experiment,master_seed,facility,profile,portfolio,entry_point,entry_node,n_nodes,n_edges,segmentation,patch_coverage,realized_patch_fraction,detection_delay,isolation_success,backup_strategy,identity_controls,rapid_isolation,total_compromised,pct_compromised,peak_compromised,zones_reached,lateral_movements,containment_step,backup_compromised,identity_compromised,ehr_downtime_steps,laboratory_downtime_steps,pharmacy_downtime_steps,imaging_downtime_steps,scheduling_downtime_steps,identity_downtime_steps,backup_recovery_downtime_steps,services_disrupted_count,total_service_downtime_steps,weighted_service_hours_lost,pct_clinical_capacity_lost,catastrophic,defensive_isolation_node_steps,recovery_step,recovered_within_horizon,pct_services_restored,unrecoverable_nodes,backups_available,steps_simulated
10000000,optimization,20260713,small_clinic,resource_constrained,seg-flat|patch+0|det0|iso0|bak-connected|idm0,workstation,10,49,325,flat,0.25,0.1837,24,0.5,connected,0,0,47,0.9591836735,47,10,51,190,1,1,184,184,184,184,184,184,180,7,1284,243.2,0.9583333333,1,24,-1,0,0,13,0,192
10000001,optimization,20260713,small_clinic,resource_constrained,seg-flat|patch+0|det0|iso0|bak-connected|idm0,internet_facing,38,40,270,flat,0.25,0.25,24,0.5,connected,0,0,37,0.925,37,10,39,140,1,1,176,183,182,189,187,175,188,7,1280,240.9,0.9474571078,1,24,-1,0,0.5714285714,12,0,192
10000002,optimization,20260713,small_clinic,resource_constrained,seg-flat|patch+0|det0|iso0|bak-connected|idm1,workstation,3,54,365,flat,0.25,0.1296,24,0.5,connected,1,0,52,0.962962963,52,10,57,103,1,1,132,136,129,147,175,125,139,7,983,181.425,0.7043504902,1,16,167,1,0.8571428571,15,0,192
10000003,optimization,20260713,small_clinic,resource_constrained,seg-flat|patch+0|det0|iso0|bak-connected|idm1,internet_facing,45,47,311,flat,0.25,0.2553,24,0.5,connected,1,0,46,0.9787234043,46,10,50,153,1,1,188,185,186,181,192,181,192,7,1305,246.25,0.9652267157,1,8,-1,0,0,14,0,192
10000004,optimization,20260713,small_clinic,resource_constrained,seg-flat|patch+0|det0|iso0|bak-isolated|idm0,workstation,22,60,378,flat,0.25,0.2833,24,0.5,isolated,0,0,56,0.9333333333,56,9,59,160,0,1,176,179,177,182,190,176,0,6,1080,210.075,0.9281556373,1,48,-1,0,0.1428571429,0,1,192
10000005,optimization,20260713,small_clinic,resource_constrained,seg-flat|patch+0|det0|iso0|bak-isolated|idm0,internet_facing,42,44,281,flat,0.25,0.2955,24,0.5,isolated,0,0,41,0.9318181818,41,9,44,129,0,1,131,144,133,142,144,131,8,7,833,161.4,0.7127757353,1,48,175,1,1,0,1,177
10000006,optimization,20260713,small_clinic,resource_constrained,seg-flat|patch+0|det0|iso0|bak-isolated|idm1,workstation,7,41,258,flat,0.25,0.122,24,0.5,isolated,1,0,39,0.9512195122,39,9,40,159,0,1,160,165,166,165,171,157,0,6,984,191.65,0.8530943627,1,4,173,1,1,0,1,192
10000007,optimization,20260713,small_clinic,resource_constrained,seg-flat|patch+0|det0|iso0|bak-isolated|idm1,internet_facing,42,44,282,flat,0.25,0.1591,24,0.5,isolated,1,0,39,0.8863636364,39,9,40,147,0,1,154,156,155,157,169,153,8,7,952,184.575,0.809129902,1,47,161,1,1,0,1,192
10000008,optimization,20260713,small_clinic,resource_constrained,seg-flat|patch+0|det0|iso1|bak-connected|idm0,workstation,22,60,392,flat,0.25,0.25,24,0.95,connected,0,1,60,1,60,10,66,176,1,1,190,190,190,190,190,190,186,7,1326,251.15,0.9895833333,1,0,-1,0,0,16,0,192
10000009,optimization,20260713,small_clinic,resource_constrained,seg-flat|patch+0|det0|iso1|bak-connected|idm0,internet_facing,51,53,338,flat,0.25,0.1321,24,0.95,connected,0,1,53,1,53,10,59,141,1,1,180,187,182,190,187,178,184,7,1288,242.95,0.9595588235,1,8,-1,0,0.4285714286,15,0,192
10000010,optimization,20260713,small_clinic,resource_constrained,seg-flat|patch+0|det0|iso1|bak-connected|idm1,workstation,15,56,379,flat,0.25,0.2143,24,0.95,connected,1,1,55,0.9821428571,55,10,60,108,1,1,144,155,151,168,187,139,167,7,1111,205.4,0.7988664216,1,9,-1,0,0.7142857143,17,0,192
10000011,optimization,20260713,small_clinic,resource_constrained,seg-flat|patch+0|det0|iso1|bak-connected|idm1,internet_facing,49,51,334,flat,0.25,0.2353,24,0.95,connected,1,1,49,0.9607843137,49,10,55,118,1,1,156,169,160,178,189,155,177,7,1184,220.275,0.8575367647,1,41,186,1,0.8571428571,15,0,192
10000012,optimization,20260713,small_clinic,resource_constrained,seg-flat|patch+0|det0|iso1|bak-isolated|idm0,workstation,13,51,324,flat,0.25,0.2353,24,0.95,isolated,0,1,47,0.9215686275,47,9,49,132,0,1,132,132,132,137,161,129,0,6,823,158.2,0.6928615196,1,24,148,1,1,0,1,180
10000013,optimization,20260713,small_clinic,resource_constrained,seg-flat|patch+0|det0|iso1|bak-isolated|idm0,internet_facing,48,50,317,flat,0.25,0.08,24,0.95,isolated,0,1,48,0.96,48,9,51,-1,0,1,188,188,188,188,191,188,24,7,1155,224.8,0.9791666667,1,24,-1,0,0.1428571429,0,1,192
10000014,optimization,20260713,small_clinic,resource_constrained,seg-flat|patch+0|det0|iso1|bak-isolated|idm1,workstation,2,48,301,flat,0.25,0.0625,24,0.95,isolated,1,1,45,0.9375,45,9,49,149,0,1,149,165,158,153,170,149,0,6,944,183.1,0.8123468137,1,45,191,1,1,0,1,192
10000015,optimization,20260713,small_clinic,resource_constrained,seg-flat|patch+0|det0|iso1|bak-isolated|idm1,internet_facing,56,58,358,flat,0.25,0.2241,24,0.95,isolated,1,1,52,0.8965517241,52,9,58,133,0,1,139,144,142,145,154,138,8,7,870,168.525,0.7406556373,1,32,147,1,1,0,1,179
10000016,optimization,20260713,small_clinic,resource_constrained,seg-flat|patch+0|det1|iso0|bak-connected|idm0,workstation,8,42,284,flat,0.25,0.3571,12,0.5,connected,0,0,8,0.1904761905,8,1,8,32,0,0,0,0,0,0,0,0,0,0,0,0,0,0,56,0,1,1,0,1,41
10000017,optimization,20260713,small_clinic,resource_constrained,seg-flat|patch+0|det1|iso0|bak-connected|idm0,internet_facing,48,50,325,flat,0.25,0.2,12,0.5,connected,0,0,49,0.98,49,10,51,112,1,1,161,161,159,174,192,153,174,7,1174,218.4,0.8497242647,1,23,177,1,0.7142857143,14,0,192
10000018,optimization,20260713,small_clinic,resource_constrained,seg-flat|patch+0|det1|iso0|bak-connected|idm1,workstation,11,46,324,flat,0.25,0.1739,12,0.5,connected,1,0,41,0.8913043478,41,10,48,80,1,1,131,132,130,146,175,126,138,7,978,180.5,0.6982230392,1,40,149,1,1,15,0,192
10000019,optimization,20260713,small_clinic,resource_constrained,seg-flat|patch+0|det1|iso0|bak-connected|idm1,internet_facing,39,41,284,flat,0.25,0.2683,12,0.5,connected,1,0,39,0.9512195122,39,10,43,87,1,1,127,133,129,145,177,125,134,7,970,178.675,0.690870098,1,29,148,1,1,12,0,192
10000020,optimization,20260713,small_clinic,resource_constrained,seg-flat|patch+0|det1|iso0|bak-isolated|idm0,workstation,6,60,378,flat,0.25,0.1833,12,0.5,isolated,0,0,2,0.03333333333,2,1,1,3,0,0,8,0,16,0,0,0,0,2,24,5.6,0.03431372549,0,88,45,1,1,0,1,47
10000021,optimization,20260713,small_clinic,resource_constrained,seg-flat|patch+0|det1|iso0|bak-isolated|idm0,internet_facing,46,48,301,flat,0.25,0.1458,12,0.5,isolated,0,0,45,0.9375,45,9,46,107,0,1,116,118,117,120,130,116,0,6,717,139.025,0.6122855392,1,16,122,1,1,0,1,153
10000022,optimization,20260713,small_clinic,resource_constrained,seg-flat|patch+0|det1|iso0|bak-isolated|idm1,workstation,9,45,289,flat,0.25,0.1556,12,0.5,isolated,1,0,40,0.8888888889,40,9,40,57,0,1,70,59,60,64,77,53,16,7,399,76.025,0.3308823529,1,40,104,1,1,0,1,112
10000023,optimization,20260713,small_clinic,resource_constrained,seg-flat|patch+0|det1|iso0|bak-isolated|idm1,internet_facing,52,54,344,flat,0.25,0.2037,12,0.5,isolated,1,0,50,0.9259259259,50,9,52,155,0,1,156,165,166,162,177,154,0,6,980,190.05,0.84375,1,0,171,1,1,0,1,192
10000024,optimization,20260713,small_clinic,resource_constrained,seg-flat|patch+0|det1|iso1|bak-connected|idm0,workstation,2,46,312,flat,0.25,0.1739,12,0.95,connected,0,1,45,0.9782608696,45,10,48,109,1,1,148,156,150,166,186,146,167,7,1119,207.5,0.8026960784,1,26,174,1,0.8571428571,14,0,192
10000025,optimization,20260713,small_clinic,resource_constrained,seg-flat|patch+0|det1|iso1|bak-connected|idm0,internet_facing,52,54,346,flat,0.25,0.2037,12,0.95,connected,0,1,53,0.9814814815,53,10,59,108,1,1,146,157,150,169,189,146,167,7,1124,208.025,0.8040747549,1,24,172,1,0.8571428571,15,0,192
10000026,optimization,20260713,small_clinic,resource_constrained,seg-flat|patch+0|det1|iso1|bak-connected|idm1,workstation,9,45,304,flat,0.25,0.2667,12,0.95,connected,1,1,1,0.02222222222,1,1,0,3,0,0,0,0,0,0,0,0,0,0,0,0,0,0,0,0,1,1,0,1,5
10000027,optimization,20260713,small_clinic,resource_constrained,seg-flat|patch+0|det1|iso1|bak-connected|idm1,internet_facing,43,45,316,flat,0.25,0.1778,12,0.95,connected,1,1,45,1,45,10,49,71,1,1,110,119,125,140,170,110,130,7,904,165.175,0.6367953431,1,40,167,1,1,14,0,192
10000028,optimization,20260713,small_clinic,resource_constrained,seg-flat|patch+0|det1|iso1|bak-isolated|idm0,workstation,0,48,294,flat,0.25,0.2917,12,0.95,isolated,0,1,42,0.875,42,9,45,93,0,1,99,101,100,103,113,99,0,6,615,119.05,0.5237438725,1,32,107,1,1,0,1,136
10000029,optimization,20260713,small_clinic,resource_constrained,seg-flat|patch+0|det1|iso1|bak-isolated|idm0,internet_facing,56,58,407,flat,0.25,0.2586,12,0.95,isolated,0,1,54,0.9310344828,54,9,54,103,0,1,117,121,121,124,129,117,8,7,737,142.8,0.6272977941,1,48,133,1,1,0,1,151
10000030,optimization,20260713,small_clinic,resource_constrained,seg-flat|patch+0|det1|iso1|bak-isolated|idm1,workstation,2,53,334,flat,0.25,0.2075,12,0.95,isolated,1,1,47,0.8867924528,47,9,50,67,0,1,66,67,65,76,78,64,8,7,424,81.225,0.3543198529,1,48,82,1,1,0,1,123
10000031,optimization,20260713,small_clinic,resource_constrained,seg-flat|patch+0|det1|iso1|bak-isolated|idm1,internet_facing,58,60,376,flat,0.25,0.2167,12,0.95,isolated,1,1,51,0.85,51,9,52,71,0,1,80,83,81,85,95,80,8,7,512,98.4,0.4270833333,1,56,87,1,1,0,1,117
10000032,optimization,20260713,small_clinic,resource_constrained,seg-flat|patch+1|det0|iso0|bak-connected|idm0,workstation,14,53,353,flat,0.5,0.3585,24,0.5,connected,0,0,51,0.9622641509,51,10,54,-1,1,1,189,189,189,189,189,189,188,7,1322,250.275,0.984375,1,8,-1,0,0,15,0,192
10000033,optimization,20260713,small_clinic,resource_constrained,seg-flat|patch+1|det0|iso0|bak-connected|idm0,internet_facing,46,48,317,flat,0.5,0.2917,24,0.5,connected,0,0,40,0.8333333333,40,10,43,183,1,1,188,188,188,190,191,188,185,7,1318,249.3,0.9813112745,1,48,-1,0,0,13,0,192
10000034,optimization,20260713,small_clinic,resource_constrained,seg-flat|patch+1|det0|iso0|bak-connected|idm1,workstation,16,47,306,flat,0.5,0.4255,24,0.5,connected,1,0,41,0.8723404255,41,9,45,108,1,0,92,136,131,161,173,0,138,6,831,145.85,0.6608455882,1,24,190,1,0.8571428571,12,0,192
10000035,optimization,20260713,small_clinic,resource_constrained,seg-flat|patch+1|det0|iso0|bak-connected|idm1,internet_facing,50,52,338,flat,0.5,0.3462,24,0.5,connected,1,0,50,0.9615384615,50,10,53,94,1,1,130,142,139,149,192,124,155,7,1031,188.6,0.7245710784,1,24,161,1,0.8571428571,15,0,192
10000036,optimization,20260713,small_clinic,resource_constrained,seg-flat|patch+1|det0|iso0|bak-isolated|idm0,workstation,23,55,344,flat,0.5,0.4,24,0.5,isolated,0,0,47,0.8545454545,47,9,52,131,0,1,126,122,121,120,134,120,8,7,751,145.725,0.6380208333,1,48,143,1,1,0,1,175
10000037,optimization,20260713,small_clinic,resource_constrained,seg-flat|patch+1|det0|iso0|bak-isolated|idm0,internet_facing,48,50,310,flat,0.5,0.48,24,0.5,isolated,0,0,48,0.96,48,9,48,-1,0,1,184,182,185,187,187,182,0,6,1107,216.4,0.9604779412,1,16,-1,0,0.1428571429,0,1,192
10000038,optimization,20260713,small_clinic,resource_constrained,seg-flat|patch+1|det0|iso0|bak-isolated|idm1,workstation,4,52,332,flat,0.5,0.4423,24,0.5,isolated,1,0,48,0.9230769231,48,9,51,172,0,1,178,178,174,181,183,173,0,6,1067,208.15,0.9247855392,1,18,188,1,0.8571428571,0,1,192
10000039,optimization,20260713,small_clinic,resource_constrained,seg-flat|patch+1|det0|iso0|bak-isolated|idm1,internet_facing,58,60,383,flat,0.5,0.3667,24,0.5,isolated,1,0,56,0.9333333333,56,9,59,156,0,1,157,174,158,163,175,157,0,6,984,190.95,0.8463541667,1,32,189,1,1,0,1,192
10000040,optimization,20260713,small_clinic,resource_constrained,seg-flat|patch+1|det0|iso1|bak-connected|idm0,workstation,21,53,344,flat,0.5,0.5094,24,0.95,connected,0,1,1,0.01886792453,1,1,0,20,0,0,0,0,0,0,0,0,0,0,0,0,0,0,0,0,1,1,0,1,22
10000041,optimization,20260713,small_clinic,resource_constrained,seg-flat|patch+1|det0|iso1|bak-connected|idm0,internet_facing,54,56,380,flat,0.5,0.5357,24,0.95,connected,0,1,50,0.8928571429,50,10,52,-1,1,1,192,192,192,192,192,192,190,7,1342,254.1,1,1,40,-1,0,0,16,0,192
10000042,optimization,20260713,small_clinic,resource_constrained,seg-flat|patch+1|det0|iso1|bak-connected|idm1,workstation,7,46,329,flat,0.5,0.4783,24,0.95,connected,1,1,45,0.9782608696,45,10,47,-1,1,1,188,176,178,166,183,166,185,7,1242,234.7,0.9270833333,1,16,-1,0,0,15,0,192
10000043,optimization,20260713,small_clinic,resource_constrained,seg-flat|patch+1|det0|iso1|bak-connected|idm1,internet_facing,40,42,290,flat,0.5,0.3571,24,0.95,connected,1,1,39,0.9285714286,39,10,42,172,1,1,190,189,190,192,184,177,183,7,1305,247.325,0.990502451,1,24,-1,0,0,13,0,192
10000044,optimization,20260713,small_clinic,resource_constrained,seg-flat|patch+1|det0|iso1|bak-isolated|idm0,workstation,17,49,318,flat,0.5,0.551,24,0.95,isolated,0,1,45,0.9183673469,45,9,45,156,0,1,145,156,146,150,167,145,8,7,917,177.075,0.7754289216,1,53,172,1,1,0,1,192
10000045,optimization,20260713,small_clinic,resource_constrained,seg-flat|patch+1|det0|iso1|bak-isolated|idm0,internet_facing,46,48,318,flat,0.5,0.3958,24,0.95,isolated,0,1,45,0.9375,45,9,51,110,0,1,123,125,127,127,137,122,0,6,761,147.7,0.652879902,1,48,172,1,1,0,1,177
10000046,optimization,20260713,small_clinic,resource_constrained,seg-flat|patch+1|det0|iso1|bak-isolated|idm1,workstation,18,48,304,flat,0.5,0.4583,24,0.95,isolated,1,1,1,0.02083333333,1,1,0,7,0,0,0,0,0,0,0,0,0,0,0,0,0,0,0,0,1,1,0,1,9
10000047,optimization,20260713,small_clinic,resource_constrained,seg-flat|patch+1|det0|iso1|bak-isolated|idm1,internet_facing,38,40,261,flat,0.5,0.5,24,0.95,isolated,1,1,35,0.875,35,9,37,124,0,1,120,114,122,115,136,112,8,7,727,140.375,0.6150428922,1,40,142,1,1,0,1,160
10000048,optimization,20260713,small_clinic,resource_constrained,seg-flat|patch+1|det1|iso0|bak-connected|idm0,workstation,7,56,365,flat,0.5,0.3571,12,0.5,connected,0,0,52,0.9285714286,52,10,56,92,1,1,126,136,134,148,179,126,142,7,991,182.3,0.703125,1,75,163,1,0.8571428571,15,0,192
10000049,optimization,20260713,small_clinic,resource_constrained,seg-flat|patch+1|det1|iso0|bak-connected|idm0,internet_facing,42,44,293,flat,0.5,0.3409,12,0.5,connected,0,0,40,0.9090909091,40,10,43,135,1,1,160,171,166,176,187,160,177,7,1197,223.6,0.8722426471,1,24,188,1,0.8571428571,12,0,192
10000050,optimization,20260713,small_clinic,resource_constrained,seg-flat|patch+1|det1|iso0|bak-connected|idm1,workstation,10,48,327,flat,0.5,0.3333,12,0.5,connected,1,0,1,0.02083333333,1,1,0,15,0,0,0,8,0,0,0,0,0,1,8,1.6,0.009803921569,0,40,32,1,1,0,1,32
10000051,optimization,20260713,small_clinic,resource_constrained,seg-flat|patch+1|det1|iso0|bak-connected|idm1,internet_facing,39,41,284,flat,0.5,0.439,12,0.5,connected,1,0,37,0.9024390244,37,10,39,115,1,1,151,152,155,165,184,143,174,7,1124,208.575,0.8082107843,1,38,172,1,0.8571428571,11,0,192
10000052,optimization,20260713,small_clinic,resource_constrained,seg-flat|patch+1|det1|iso0|bak-isolated|idm0,workstation,5,58,392,flat,0.5,0.4483,12,0.5,isolated,0,0,1,0.01724137931,1,1,0,7,0,0,0,0,0,0,0,0,0,0,0,0,0,0,24,0,1,1,0,1,24
10000053,optimization,20260713,small_clinic,resource_constrained,seg-flat|patch+1|det1|iso0|bak-isolated|idm0,internet_facing,49,51,316,flat,0.5,0.3137,12,0.5,isolated,0,0,45,0.8823529412,45,9,48,93,0,1,100,100,104,105,113,98,8,7,628,121.325,0.5317095588,1,56,108,1,1,0,1,139
10000054,optimization,20260713,small_clinic,resource_constrained,seg-flat|patch+1|det1|iso0|bak-isolated|idm1,workstation,3,60,371,flat,0.5,0.3333,12,0.5,isolated,1,0,51,0.85,51,9,53,127,0,1,140,147,143,142,147,95,8,7,822,158.7,0.7440257353,1,40,178,1,1,0,1,178
10000055,optimization,20260713,small_clinic,resource_constrained,seg-flat|patch+1|det1|iso0|bak-isolated|idm1,internet_facing,43,45,285,flat,0.5,0.3778,12,0.5,isolated,1,0,33,0.7333333333,33,9,34,74,0,1,77,79,80,85,87,77,8,7,493,95.15,0.4162071078,1,40,86,1,1,0,1,108
10000056,optimization,20260713,small_clinic,resource_constrained,seg-flat|patch+1|det1|iso1|bak-connected|idm0,workstation,9,44,296,flat,0.5,0.3864,12,0.95,connected,0,1,1,0.02272727273,1,1,0,3,0,0,0,0,0,0,0,0,0,0,0,0,0,0,16,0,1,1,0,1,11
10000057,optimization,20260713,small_clinic,resource_constrained,seg-flat|patch+1|det1|iso1|bak-connected|idm0,internet_facing,57,60,424,flat,0.5,0.4833,12,0.95,connected,0,1,54,0.9,54,10,56,98,1,1,126,140,126,150,177,120,145,7,984,180.55,0.6991421569,1,64,166,1,0.8571428571,18,0,192
10000058,optimization,20260713,small_clinic,resource_constrained,seg-flat|patch+1|det1|iso1|bak-connected|idm1,workstation,7,58,387,flat,0.5,0.4138,12,0.95,connected,1,1,2,0.03448275862,2,1,1,4,0,0,8,8,8,16,8,8,0,6,56,10.8,0.05024509804,0,48,30,1,1,0,1,32
10000059,optimization,20260713,small_clinic,resource_constrained,seg-flat|patch+1|det1|iso1|bak-connected|idm1,internet_facing,51,53,349,flat,0.5,0.3585,12,0.95,connected,1,1,42,0.7924528302,42,10,42,87,1,1,117,105,124,139,177,105,135,7,902,164.05,0.6279105392,1,28,141,1,1,13,0,192
10000060,optimization,20260713,small_clinic,resource_constrained,seg-flat|patch+1|det1|iso1|bak-isolated|idm0,workstation,9,44,278,flat,0.5,0.4545,12,0.95,isolated,0,1,31,0.7045454545,31,9,33,90,0,1,90,87,97,76,89,76,8,7,523,102.225,0.4597120098,1,16,100,1,1,0,1,122
10000061,optimization,20260713,small_clinic,resource_constrained,seg-flat|patch+1|det1|iso1|bak-isolated|idm0,internet_facing,57,59,392,flat,0.5,0.4407,12,0.95,isolated,0,1,48,0.813559322,48,9,48,123,0,1,123,134,126,130,140,123,16,7,792,152.725,0.665747549,1,48,149,1,1,0,1,165
10000062,optimization,20260713,small_clinic,resource_constrained,seg-flat|patch+1|det1|iso1|bak-isolated|idm1,workstation,6,42,260,flat,0.5,0.4762,12,0.95,isolated,1,1,2,0.04761904762,2,1,1,10,0,0,0,0,8,0,0,0,0,1,8,1.8,0.01102941176,0,16,18,1,1,0,1,18
10000063,optimization,20260713,small_clinic,resource_constrained,seg-flat|patch+1|det1|iso1|bak-isolated|idm1,internet_facing,44,46,297,flat,0.5,0.4783,12,0.95,isolated,1,1,1,0.02173913043,1,1,0,1,0,0,0,0,0,0,0,0,0,0,0,0,0,0,0,0,1,1,0,1,3
10000064,optimization,20260713,small_clinic,resource_constrained,seg-flat|patch+2|det0|iso0|bak-connected|idm0,workstation,2,54,349,flat,0.75,0.6852,24,0.5,connected,0,0,39,0.7222222222,39,10,40,154,1,1,171,173,172,171,171,171,168,7,1197,226.75,0.8944546569,1,48,-1,0,0,14,0,192
10000065,optimization,20260713,small_clinic,resource_constrained,seg-flat|patch+2|det0|iso0|bak-connected|idm0,internet_facing,40,42,290,flat,0.75,0.6667,24,0.5,connected,0,0,1,0.02380952381,1,1,0,6,0,0,0,0,0,0,0,0,0,0,0,0,0,0,8,0,1,1,0,1,13
10000066,optimization,20260713,small_clinic,resource_constrained,seg-flat|patch+2|det0|iso0|bak-connected|idm1,workstation,5,40,276,flat,0.75,0.7,24,0.5,connected,1,0,38,0.95,38,10,37,-1,1,1,171,179,170,170,168,153,191,7,1202,226.425,0.8979779412,1,16,-1,0,0,11,0,192
10000067,optimization,20260713,small_clinic,resource_constrained,seg-flat|patch+2|det0|iso0|bak-connected|idm1,internet_facing,43,45,303,flat,0.75,0.5333,24,0.5,connected,1,0,44,0.9777777778,44,10,48,-1,1,1,190,190,190,190,190,190,189,7,1329,251.6,0.9895833333,1,16,-1,0,0,14,0,192
10000068,optimization,20260713,small_clinic,resource_constrained,seg-flat|patch+2|det0|iso0|bak-isolated|idm0,workstation,8,60,368,flat,0.75,0.5833,24,0.5,isolated,0,0,54,0.9,54,9,56,-1,0,1,167,167,167,167,167,167,16,7,1018,198.625,0.8697916667,1,48,-1,0,0.1428571429,0,1,192
10000069,optimization,20260713,small_clinic,resource_constrained,seg-flat|patch+2|det0|iso0|bak-isolated|idm0,internet_facing,55,57,353,flat,0.75,0.5263,24,0.5,isolated,0,0,50,0.8771929825,50,9,54,-1,0,1,189,188,188,188,188,188,8,7,1137,222.35,0.9806985294,1,40,-1,0,0.1428571429,0,1,192
10000070,optimization,20260713,small_clinic,resource_constrained,seg-flat|patch+2|det0|iso0|bak-isolated|idm1,workstation,4,41,271,flat,0.75,0.5366,24,0.5,isolated,1,0,36,0.8780487805,36,9,35,-1,0,1,161,162,163,144,164,136,0,6,930,181.525,0.8242953431,1,16,-1,0,0.1428571429,0,1,192
10000071,optimization,20260713,small_clinic,resource_constrained,seg-flat|patch+2|det0|iso0|bak-isolated|idm1,internet_facing,56,58,365,flat,0.75,0.5345,24,0.5,isolated,1,0,51,0.8793103448,51,9,56,123,0,1,124,130,128,133,143,124,8,7,790,152.475,0.6683517157,1,64,180,1,1,0,1,180
10000072,optimization,20260713,small_clinic,resource_constrained,seg-flat|patch+2|det0|iso1|bak-connected|idm0,workstation,10,53,354,flat,0.75,0.6415,24,0.95,connected,0,1,42,0.7924528302,42,10,41,-1,1,1,170,180,150,166,164,133,187,7,1150,215.675,0.8658088235,1,64,-1,0,0,14,0,192
10000073,optimization,20260713,small_clinic,resource_constrained,seg-flat|patch+2|det0|iso1|bak-connected|idm0,internet_facing,42,44,298,flat,0.75,0.5682,24,0.95,connected,0,1,41,0.9318181818,41,10,40,-1,1,1,186,186,189,188,190,186,180,7,1305,246.975,0.9750306373,1,32,-1,0,0,11,0,192
10000074,optimization,20260713,small_clinic,resource_constrained,seg-flat|patch+2|det0|iso1|bak-connected|idm1,workstation,10,40,271,flat,0.75,0.6,24,0.95,connected,1,1,39,0.975,39,10,39,-1,1,1,175,183,179,186,172,172,177,7,1244,235.625,0.9385723039,1,16,-1,0,0,11,0,192
10000075,optimization,20260713,small_clinic,resource_constrained,seg-flat|patch+2|det0|iso1|bak-connected|idm1,internet_facing,46,48,311,flat,0.75,0.75,24,0.95,connected,1,1,39,0.8125,39,10,38,190,1,1,164,172,143,149,169,78,188,7,1063,196.3,0.8189338235,1,56,-1,0,0,13,0,192
10000076,optimization,20260713,small_clinic,resource_constrained,seg-flat|patch+2|det0|iso1|bak-isolated|idm0,workstation,2,57,348,flat,0.75,0.7193,24,0.95,isolated,0,1,1,0.01754385965,1,1,0,2,0,0,0,0,0,0,0,0,0,0,0,0,0,0,0,0,1,1,0,1,4
10000077,optimization,20260713,small_clinic,resource_constrained,seg-flat|patch+2|det0|iso1|bak-isolated|idm0,internet_facing,42,44,286,flat,0.75,0.6591,24,0.95,isolated,0,1,36,0.8181818182,36,9,35,149,0,1,152,154,153,156,163,152,8,7,938,182.225,0.7997855392,1,40,163,1,1,0,1,186
10000078,optimization,20260713,small_clinic,resource_constrained,seg-flat|patch+2|det0|iso1|bak-isolated|idm1,workstation,12,59,362,flat,0.75,0.6441,24,0.95,isolated,1,1,50,0.8474576271,50,9,52,133,0,1,131,124,130,131,148,124,8,7,796,153.625,0.6723345588,1,96,147,1,1,0,1,178
10000079,optimization,20260713,small_clinic,resource_constrained,seg-flat|patch+2|det0|iso1|bak-isolated|idm1,internet_facing,55,57,378,flat,0.75,0.6667,24,0.95,isolated,1,1,51,0.8947368421,51,9,51,-1,0,1,184,184,184,184,184,184,24,7,1128,219.8,0.9583333333,1,64,-1,0,0.1428571429,0,1,192
10000080,optimization,20260713,small_clinic,resource_constrained,seg-flat|patch+2|det1|iso0|bak-connected|idm0,workstation,7,52,340,flat,0.75,0.6346,12,0.5,connected,0,0,38,0.7307692308,38,10,40,106,1,1,135,145,139,150,178,135,117,7,999,186,0.7369791667,1,66,161,1,0.8571428571,12,0,192
10000081,optimization,20260713,small_clinic,resource_constrained,seg-flat|patch+2|det1|iso0|bak-connected|idm0,internet_facing,45,47,316,flat,0.75,0.6809,12,0.5,connected,0,0,35,0.7446808511,35,10,35,81,1,1,101,113,109,89,149,89,129,7,779,142.225,0.5389093137,1,89,126,1,1,12,0,192
10000082,optimization,20260713,small_clinic,resource_constrained,seg-flat|patch+2|det1|iso0|bak-connected|idm1,workstation,14,51,331,flat,0.75,0.7255,12,0.5,connected,1,0,4,0.07843137255,4,1,3,40,0,0,0,0,0,8,0,0,0,1,8,1.4,0.008578431373,0,40,23,1,1,0,1,45
10000083,optimization,20260713,small_clinic,resource_constrained,seg-flat|patch+2|det1|iso0|bak-connected|idm1,internet_facing,52,54,348,flat,0.75,0.6296,12,0.5,connected,1,0,43,0.7962962963,43,10,44,78,1,1,114,138,112,136,175,110,135,7,920,167.6,0.643995098,1,48,192,1,1,15,0,192
10000084,optimization,20260713,small_clinic,resource_constrained,seg-flat|patch+2|det1|iso0|bak-isolated|idm0,workstation,3,46,288,flat,0.75,0.6522,12,0.5,isolated,0,0,34,0.7391304348,34,9,36,112,0,1,115,107,106,108,115,102,0,6,653,127.35,0.5692401961,1,48,125,1,1,0,1,147
10000085,optimization,20260713,small_clinic,resource_constrained,seg-flat|patch+2|det1|iso0|bak-isolated|idm0,internet_facing,46,48,298,flat,0.75,0.625,12,0.5,isolated,0,0,1,0.02083333333,1,1,0,4,0,0,0,0,0,0,0,0,0,0,0,0,0,0,0,0,1,1,0,1,6
10000086,optimization,20260713,small_clinic,resource_constrained,seg-flat|patch+2|det1|iso0|bak-isolated|idm1,workstation,3,45,294,flat,0.75,0.4889,12,0.5,isolated,1,0,35,0.7777777778,35,9,34,120,0,1,122,120,113,117,130,111,8,7,721,139.575,0.6151960784,1,32,152,1,1,0,1,156
10000087,optimization,20260713,small_clinic,resource_constrained,seg-flat|patch+2|det1|iso0|bak-isolated|idm1,internet_facing,40,42,266,flat,0.75,0.7143,12,0.5,isolated,1,0,26,0.619047619,26,9,25,99,0,1,94,84,69,92,91,68,8,7,506,97.525,0.4407169118,1,48,110,1,1,0,1,130
10000088,optimization,20260713,small_clinic,resource_constrained,seg-flat|patch+2|det1|iso1|bak-connected|idm0,workstation,19,51,345,flat,0.75,0.6078,12,0.95,connected,0,1,38,0.7450980392,38,10,39,148,1,1,182,188,186,190,188,182,191,7,1307,246.6,0.9693627451,1,54,-1,0,0,12,0,192
10000089,optimization,20260713,small_clinic,resource_constrained,seg-flat|patch+2|det1|iso1|bak-connected|idm0,internet_facing,48,50,342,flat,0.75,0.6,12,0.95,connected,0,1,38,0.76,38,10,41,65,1,1,116,127,119,139,160,115,124,7,900,165.975,0.6464460784,1,89,165,1,1,14,0,192
10000090,optimization,20260713,small_clinic,resource_constrained,seg-flat|patch+2|det1|iso1|bak-connected|idm1,workstation,2,56,365,flat,0.75,0.6786,12,0.95,connected,1,1,1,0.01785714286,1,1,0,11,0,0,0,8,0,0,0,0,0,1,8,1.6,0.009803921569,0,64,22,1,1,0,1,30
10000091,optimization,20260713,small_clinic,resource_constrained,seg-flat|patch+2|det1|iso1|bak-connected|idm1,internet_facing,38,40,265,flat,0.75,0.575,12,0.95,connected,1,1,34,0.85,34,10,34,58,1,1,105,113,109,121,150,105,102,7,805,148.475,0.5793504902,1,48,160,1,1,11,0,192
10000092,optimization,20260713,small_clinic,resource_constrained,seg-flat|patch+2|det1|iso1|bak-isolated|idm0,workstation,12,58,383,flat,0.75,0.6207,12,0.95,isolated,0,1,1,0.01724137931,1,1,0,3,0,0,0,0,0,0,0,0,0,0,0,0,0,0,0,0,1,1,0,1,5
10000093,optimization,20260713,small_clinic,resource_constrained,seg-flat|patch+2|det1|iso1|bak-isolated|idm0,internet_facing,49,51,307,flat,0.75,0.6471,12,0.95,isolated,0,1,21,0.4117647059,21,8,20,45,0,1,38,38,41,45,51,38,0,6,251,47.85,0.2095588235,1,88,52,1,1,0,1,90
10000094,optimization,20260713,small_clinic,resource_constrained,seg-flat|patch+2|det1|iso1|bak-isolated|idm1,workstation,3,53,327,flat,0.75,0.5283,12,0.95,isolated,1,1,1,0.01886792453,1,1,0,1,0,0,0,0,0,0,0,0,0,0,0,0,0,0,0,0,1,1,0,1,3
10000095,optimization,20260713,small_clinic,resource_constrained,seg-flat|patch+2|det1|iso1|bak-isolated|idm1,internet_facing,40,42,270,flat,0.75,0.5476,12,0.95,isolated,1,1,30,0.7142857143,30,9,34,74,0,1,79,71,81,71,88,71,0,6,461,89.375,0.3958333333,1,24,85,1,1,0,1,112
10000096,optimization,20260713,small_clinic,resource_constrained,seg-flat|patch+3|det0|iso0|bak-connected|idm0,workstation,12,47,308,flat,0.9,0.8511,24,0.5,connected,0,0,43,0.914893617,43,10,42,-1,1,1,141,141,141,141,141,141,125,7,971,184.425,0.734375,1,96,-1,0,0,14,0,192
10000097,optimization,20260713,small_clinic,resource_constrained,seg-flat|patch+3|det0|iso0|bak-connected|idm0,internet_facing,52,54,359,flat,0.9,0.6481,24,0.5,connected,0,0,51,0.9444444444,51,10,51,192,1,1,166,170,166,157,163,143,171,7,1136,214.45,0.8598345588,1,24,-1,0,0,15,0,192
10000098,optimization,20260713,small_clinic,resource_constrained,seg-flat|patch+3|det0|iso0|bak-connected|idm1,workstation,17,44,283,flat,0.9,0.7727,24,0.5,connected,1,0,39,0.8863636364,39,10,39,164,1,1,182,185,186,182,182,182,174,7,1273,241.45,0.9571078431,1,24,-1,0,0,12,0,192
10000099,optimization,20260713,small_clinic,resource_constrained,seg-flat|patch+3|det0|iso0|bak-connected|idm1,internet_facing,43,45,312,flat,0.9,0.7111,24,0.5,connected,1,0,33,0.7333333333,33,10,32,181,1,1,183,178,177,179,192,177,104,7,1190,227.125,0.9344362745,1,32,-1,0,0,11,0,192
10000100,optimization,20260713,small_clinic,resource_constrained,seg-flat|patch+3|det0|iso0|bak-isolated|idm0,workstation,9,40,261,flat,0.9,0.775,24,0.5,isolated,0,0,36,0.9,36,9,35,143,0,1,130,132,131,133,142,130,0,6,798,155.1,0.684129902,1,24,155,1,1,0,1,180
10000101,optimization,20260713,small_clinic,resource_constrained,seg-flat|patch+3|det0|iso0|bak-isolated|idm0,internet_facing,54,56,359,flat,0.9,0.7857,24,0.5,isolated,0,0,1,0.01785714286,1,1,0,14,0,0,0,0,0,0,0,0,0,0,0,0,0,0,8,0,1,1,0,1,22
10000102,optimization,20260713,small_clinic,resource_constrained,seg-flat|patch+3|det0|iso0|bak-isolated|idm1,workstation,1,48,306,flat,0.9,0.75,24,0.5,isolated,1,0,41,0.8541666667,41,9,40,-1,0,1,187,187,187,188,187,187,0,6,1123,219.9,0.9750306373,1,8,-1,0,0.1428571429,0,1,192
10000103,optimization,20260713,small_clinic,resource_constrained,seg-flat|patch+3|det0|iso0|bak-isolated|idm1,internet_facing,48,50,326,flat,0.9,0.78,24,0.5,isolated,1,0,42,0.84,42,9,42,-1,0,1,185,185,184,186,182,123,0,6,1045,203.075,0.9632352941,1,24,-1,0,0.1428571429,0,1,192
10000104,optimization,20260713,small_clinic,resource_constrained,seg-flat|patch+3|det0|iso1|bak-connected|idm0,workstation,4,59,404,flat,0.9,0.678,24,0.95,connected,0,1,1,0.01694915254,1,1,0,1,0,0,0,0,0,0,0,0,0,0,0,0,0,0,0,0,1,1,0,1,3
10000105,optimization,20260713,small_clinic,resource_constrained,seg-flat|patch+3|det0|iso1|bak-connected|idm0,internet_facing,40,42,284,flat,0.9,0.7857,24,0.95,connected,0,1,35,0.8333333333,35,10,34,187,1,1,164,178,171,156,176,154,179,7,1178,221.475,0.8723958333,1,40,-1,0,0,11,0,192
10000106,optimization,20260713,small_clinic,resource_constrained,seg-flat|patch+3|det0|iso1|bak-connected|idm1,workstation,8,57,378,flat,0.9,0.807,24,0.95,connected,1,1,46,0.8070175439,46,10,45,-1,1,1,156,105,127,113,167,105,169,7,942,174.025,0.6639093137,1,104,-1,0,0,14,0,192
10000107,optimization,20260713,small_clinic,resource_constrained,seg-flat|patch+3|det0|iso1|bak-connected|idm1,internet_facing,56,59,414,flat,0.9,0.7119,24,0.95,connected,1,1,57,0.9661016949,57,10,58,-1,1,1,168,177,188,178,177,168,161,7,1217,230.5,0.9243259804,1,16,-1,0,0,17,0,192
10000108,optimization,20260713,small_clinic,resource_constrained,seg-flat|patch+3|det0|iso1|bak-isolated|idm0,workstation,17,48,317,flat,0.9,0.75,24,0.95,isolated,0,1,1,0.02083333333,1,1,0,2,0,0,0,0,0,0,0,0,0,0,0,0,0,0,0,0,1,1,0,1,4
10000109,optimization,20260713,small_clinic,resource_constrained,seg-flat|patch+3|det0|iso1|bak-isolated|idm0,internet_facing,57,59,365,flat,0.9,0.7966,24,0.95,isolated,0,1,50,0.8474576271,50,9,50,-1,0,1,145,185,185,153,179,145,0,6,992,192.175,0.8679534314,1,24,-1,0,0.1428571429,0,1,192
10000110,optimization,20260713,small_clinic,resource_constrained,seg-flat|patch+3|det0|iso1|bak-isolated|idm1,workstation,10,46,304,flat,0.9,0.7826,24,0.95,isolated,1,1,34,0.7391304348,34,8,34,-1,0,0,191,114,93,156,88,0,0,5,642,127.575,0.7277879902,1,48,-1,0,0.2857142857,0,1,192
10000111,optimization,20260713,small_clinic,resource_constrained,seg-flat|patch+3|det0|iso1|bak-isolated|idm1,internet_facing,55,57,364,flat,0.9,0.7895,24,0.95,isolated,1,1,54,0.9473684211,54,9,57,-1,0,1,185,173,169,154,174,152,0,6,1007,197.425,0.8935355392,1,24,-1,0,0.1428571429,0,1,192
10000112,optimization,20260713,small_clinic,resource_constrained,seg-flat|patch+3|det1|iso0|bak-connected|idm0,workstation,18,54,361,flat,0.9,0.6852,12,0.5,connected,0,0,3,0.05555555556,3,1,2,10,0,0,0,0,0,0,0,0,8,1,8,1.2,0,0,32,0,1,1,0,1,18
10000113,optimization,20260713,small_clinic,resource_constrained,seg-flat|patch+3|det1|iso0|bak-connected|idm0,internet_facing,57,59,401,flat,0.9,0.7458,12,0.5,connected,0,0,47,0.7966101695,47,10,46,95,1,1,126,138,121,141,167,113,130,7,936,172.625,0.6801470588,1,43,-1,0,0.8571428571,15,0,192
10000114,optimization,20260713,small_clinic,resource_constrained,seg-flat|patch+3|det1|iso0|bak-connected|idm1,workstation,18,54,367,flat,0.9,0.7407,12,0.5,connected,1,0,34,0.6296296296,34,10,34,98,1,1,76,83,82,86,113,69,108,7,617,112.125,0.4234068627,1,96,122,1,1,8,0,192
10000115,optimization,20260713,small_clinic,resource_constrained,seg-flat|patch+3|det1|iso0|bak-connected|idm1,internet_facing,41,43,302,flat,0.9,0.7907,12,0.5,connected,1,0,12,0.2790697674,12,8,11,40,1,1,73,41,41,49,41,41,54,7,340,65.675,0.2711397059,1,80,94,1,1,6,0,96
10000116,optimization,20260713,small_clinic,resource_constrained,seg-flat|patch+3|det1|iso0|bak-isolated|idm0,workstation,12,51,323,flat,0.9,0.8039,12,0.5,isolated,0,0,1,0.01960784314,1,1,0,5,0,0,0,0,0,0,0,0,0,0,0,0,0,0,0,0,1,1,0,1,7
10000117,optimization,20260713,small_clinic,resource_constrained,seg-flat|patch+3|det1|iso0|bak-isolated|idm0,internet_facing,51,53,330,flat,0.9,0.717,12,0.5,isolated,0,0,48,0.9056603774,48,9,47,154,0,1,153,162,154,166,166,153,8,7,962,186.575,0.8232230392,1,40,190,1,1,0,1,192
10000118,optimization,20260713,small_clinic,resource_constrained,seg-flat|patch+3|det1|iso0|bak-isolated|idm1,workstation,15,42,262,flat,0.9,0.7857,12,0.5,isolated,1,0,3,0.07142857143,3,1,2,32,0,0,8,0,0,0,0,0,0,1,8,2,0.01225490196,0,16,10,1,1,0,1,36
10000119,optimization,20260713,small_clinic,resource_constrained,seg-flat|patch+3|det1|iso0|bak-isolated|idm1,internet_facing,52,54,332,flat,0.9,0.7778,12,0.5,isolated,1,0,33,0.6111111111,33,9,32,83,0,1,91,92,91,91,101,91,8,7,565,109.325,0.4751838235,1,48,93,1,1,0,1,115
10000120,optimization,20260713,small_clinic,resource_constrained,seg-flat|patch+3|det1|iso1|bak-connected|idm0,workstation,11,54,370,flat,0.9,0.7963,12,0.95,connected,0,1,41,0.7592592593,41,10,40,94,1,1,113,124,117,139,173,113,146,7,925,168.325,0.6354166667,1,84,162,1,0.8571428571,16,0,192
10000121,optimization,20260713,small_clinic,resource_constrained,seg-flat|patch+3|det1|iso1|bak-connected|idm0,internet_facing,45,47,317,flat,0.9,0.7872,12,0.95,connected,0,1,37,0.7872340426,37,10,37,108,1,1,140,140,141,156,143,132,148,7,1000,188.225,0.7477022059,1,32,182,1,1,12,0,192
10000122,optimization,20260713,small_clinic,resource_constrained,seg-flat|patch+3|det1|iso1|bak-connected|idm1,workstation,9,44,291,flat,0.9,0.8409,12,0.95,connected,1,1,2,0.04545454545,2,1,1,18,0,0,0,8,0,0,0,0,0,1,8,1.6,0.009803921569,0,16,23,1,1,0,1,25
10000123,optimization,20260713,small_clinic,resource_constrained,seg-flat|patch+3|det1|iso1|bak-connected|idm1,internet_facing,47,49,322,flat,0.9,0.7959,12,0.95,connected,1,1,23,0.4693877551,23,8,22,84,0,1,75,74,86,78,74,74,0,6,461,90.6,0.4077818627,1,88,93,1,1,0,1,122
10000124,optimization,20260713,small_clinic,resource_constrained,seg-flat|patch+3|det1|iso1|bak-isolated|idm0,workstation,10,51,331,flat,0.9,0.7451,12,0.95,isolated,0,1,41,0.8039215686,41,9,40,141,0,1,146,145,149,153,151,145,0,6,889,173.525,0.7708333333,1,64,159,1,1,0,1,183
10000125,optimization,20260713,small_clinic,resource_constrained,seg-flat|patch+3|det1|iso1|bak-isolated|idm0,internet_facing,54,56,351,flat,0.9,0.7321,12,0.95,isolated,0,1,41,0.7321428571,41,9,42,130,0,1,138,132,123,126,149,122,8,7,798,154.175,0.6778492647,1,56,143,1,1,0,1,168
10000126,optimization,20260713,small_clinic,resource_constrained,seg-flat|patch+3|det1|iso1|bak-isolated|idm1,workstation,8,57,359,flat,0.9,0.7018,12,0.95,isolated,1,1,6,0.1052631579,6,1,5,48,0,0,8,8,8,0,0,0,0,3,24,5.4,0.03308823529,0,56,63,1,1,0,1,63
10000127,optimization,20260713,small_clinic,resource_constrained,seg-flat|patch+3|det1|iso1|bak-isolated|idm1,internet_facing,41,43,271,flat,0.9,0.6977,12,0.95,isolated,1,1,1,0.02325581395,1,1,0,5,0,0,0,0,0,0,0,0,0,0,0,0,0,0,0,0,1,1,0,1,7
10000128,optimization,20260713,small_clinic,resource_constrained,seg-basic|patch+0|det0|iso0|bak-connected|idm0,workstation,23,57,254,basic,0.25,0.2105,24,0.5,connected,0,0,55,0.9649122807,55,10,54,-1,1,1,179,169,169,173,174,169,168,7,1201,227.475,0.8998161765,1,32,-1,0,0,17,0,192
10000129,optimization,20260713,small_clinic,resource_constrained,seg-basic|patch+0|det0|iso0|bak-connected|idm0,internet_facing,49,51,219,basic,0.25,0.1961,24,0.5,connected,0,0,48,0.9411764706,48,10,49,115,1,1,157,164,161,157,190,157,149,7,1135,212.425,0.8318014706,1,32,167,1,0.8571428571,13,0,192
10000130,optimization,20260713,small_clinic,resource_constrained,seg-basic|patch+0|det0|iso0|bak-connected|idm1,workstation,11,41,187,basic,0.25,0.1463,24,0.5,connected,1,0,41,1,41,10,45,-1,1,1,176,173,182,175,178,168,174,7,1226,231.875,0.920189951,1,16,-1,0,0,13,0,192
10000131,optimization,20260713,small_clinic,resource_constrained,seg-basic|patch+0|det0|iso0|bak-connected|idm1,internet_facing,53,55,243,basic,0.25,0.2545,24,0.5,connected,1,0,1,0.01818181818,1,1,0,30,0,0,8,8,8,8,16,8,0,6,56,10.2,0.04166666667,0,56,43,1,1,0,1,44
10000132,optimization,20260713,small_clinic,resource_constrained,seg-basic|patch+0|det0|iso0|bak-isolated|idm0,workstation,12,48,210,basic,0.25,0.25,24,0.5,isolated,0,0,43,0.8958333333,43,9,44,-1,0,1,178,173,177,173,173,173,8,7,1055,206.625,0.9142156863,1,16,-1,0,0.1428571429,0,1,192
10000133,optimization,20260713,small_clinic,resource_constrained,seg-basic|patch+0|det0|iso0|bak-isolated|idm0,internet_facing,43,45,190,basic,0.25,0.1778,24,0.5,isolated,0,0,41,0.9111111111,41,9,41,-1,0,1,190,190,190,190,190,190,8,7,1148,224.45,0.9895833333,1,24,-1,0,0.1428571429,0,1,192
10000134,optimization,20260713,small_clinic,resource_constrained,seg-basic|patch+0|det0|iso0|bak-isolated|idm1,workstation,7,47,201,basic,0.25,0.2128,24,0.5,isolated,1,0,41,0.8723404255,41,9,41,-1,0,1,167,138,174,185,172,122,8,7,966,186.725,0.8632046569,1,40,-1,0,0.1428571429,0,1,192
10000135,optimization,20260713,small_clinic,resource_constrained,seg-basic|patch+0|det0|iso0|bak-isolated|idm1,internet_facing,44,46,196,basic,0.25,0.2174,24,0.5,isolated,1,0,43,0.9347826087,43,9,42,-1,0,1,178,163,171,180,153,153,8,7,1006,198,0.9011948529,1,56,-1,0,0.1428571429,0,1,192
10000136,optimization,20260713,small_clinic,resource_constrained,seg-basic|patch+0|det0|iso1|bak-connected|idm0,workstation,7,42,189,basic,0.25,0.2381,24,0.95,connected,0,1,38,0.9047619048,38,10,38,119,1,1,158,163,165,177,182,150,172,7,1167,217.95,0.8590686275,1,23,192,1,0.8571428571,14,0,192
10000137,optimization,20260713,small_clinic,resource_constrained,seg-basic|patch+0|det0|iso1|bak-connected|idm0,internet_facing,46,48,219,basic,0.25,0.4167,24,0.95,connected,0,1,1,0.02083333333,1,1,0,4,0,0,8,8,8,8,8,8,0,6,48,9.4,0.04166666667,0,8,9,1,1,0,1,9
10000138,optimization,20260713,small_clinic,resource_constrained,seg-basic|patch+0|det0|iso1|bak-connected|idm1,workstation,2,43,185,basic,0.25,0.2558,24,0.95,connected,1,1,36,0.8372093023,36,10,36,104,1,1,141,139,137,133,169,133,145,7,997,185.725,0.7178308824,1,88,192,1,1,11,0,192
10000139,optimization,20260713,small_clinic,resource_constrained,seg-basic|patch+0|det0|iso1|bak-connected|idm1,internet_facing,46,48,216,basic,0.25,0.2083,24,0.95,connected,1,1,1,0.02083333333,1,1,0,6,0,0,0,0,0,0,0,0,0,0,0,0,0,0,8,0,1,1,0,1,9
10000140,optimization,20260713,small_clinic,resource_constrained,seg-basic|patch+0|det0|iso1|bak-isolated|idm0,workstation,9,49,206,basic,0.25,0.1429,24,0.95,isolated,0,1,45,0.9183673469,45,9,44,139,0,1,134,136,143,130,138,126,8,7,815,158.975,0.7084865196,1,16,170,1,1,0,1,185
10000141,optimization,20260713,small_clinic,resource_constrained,seg-basic|patch+0|det0|iso1|bak-isolated|idm0,internet_facing,49,51,220,basic,0.25,0.2745,24,0.95,isolated,0,1,45,0.8823529412,45,9,44,163,0,1,169,173,170,173,183,169,0,6,1037,201.7,0.8907781863,1,32,179,1,1,0,1,192
10000142,optimization,20260713,small_clinic,resource_constrained,seg-basic|patch+0|det0|iso1|bak-isolated|idm1,workstation,14,60,260,basic,0.25,0.2,24,0.95,isolated,1,1,1,0.01666666667,1,1,0,14,0,0,0,0,0,0,8,0,0,1,8,0.8,0,0,16,0,1,1,0,1,20
10000143,optimization,20260713,small_clinic,resource_constrained,seg-basic|patch+0|det0|iso1|bak-isolated|idm1,internet_facing,50,52,226,basic,0.25,0.2115,24,0.95,isolated,1,1,49,0.9423076923,49,9,49,137,0,1,138,141,138,152,152,137,0,6,858,166.375,0.7374387255,1,40,178,1,1,0,1,186
10000144,optimization,20260713,small_clinic,resource_constrained,seg-basic|patch+0|det1|iso0|bak-connected|idm0,workstation,4,53,242,basic,0.25,0.1509,12,0.5,connected,0,0,2,0.03773584906,2,1,1,14,0,0,0,0,0,0,0,0,0,0,0,0,0,0,8,0,1,1,0,1,17
10000145,optimization,20260713,small_clinic,resource_constrained,seg-basic|patch+0|det1|iso0|bak-connected|idm0,internet_facing,49,51,232,basic,0.25,0.1765,12,0.5,connected,0,0,1,0.01960784314,1,1,0,7,0,0,0,0,0,0,0,0,0,0,0,0,0,0,8,0,1,1,0,1,14
10000146,optimization,20260713,small_clinic,resource_constrained,seg-basic|patch+0|det1|iso0|bak-connected|idm1,workstation,2,51,232,basic,0.25,0.2353,12,0.5,connected,1,0,43,0.8431372549,43,10,45,83,1,1,110,118,114,129,165,110,123,7,869,159.025,0.6086090686,1,56,143,1,1,13,0,192
10000147,optimization,20260713,small_clinic,resource_constrained,seg-basic|patch+0|det1|iso0|bak-connected|idm1,internet_facing,48,50,219,basic,0.25,0.22,12,0.5,connected,1,0,1,0.02,1,1,0,3,0,0,0,0,0,0,0,0,0,0,0,0,0,0,0,0,1,1,0,1,5
10000148,optimization,20260713,small_clinic,resource_constrained,seg-basic|patch+0|det1|iso0|bak-isolated|idm0,workstation,0,53,221,basic,0.25,0.1887,12,0.5,isolated,0,0,2,0.03773584906,2,2,1,8,0,0,0,0,0,0,0,0,0,0,0,0,0,0,8,0,1,1,0,1,17
10000149,optimization,20260713,small_clinic,resource_constrained,seg-basic|patch+0|det1|iso0|bak-isolated|idm0,internet_facing,38,40,160,basic,0.25,0.3,12,0.5,isolated,0,0,22,0.55,22,7,22,68,0,1,72,73,72,74,72,72,0,6,435,85.15,0.378370098,1,40,77,1,1,0,1,100
10000150,optimization,20260713,small_clinic,resource_constrained,seg-basic|patch+0|det1|iso0|bak-isolated|idm1,workstation,21,53,221,basic,0.25,0.2642,12,0.5,isolated,1,0,39,0.7358490566,39,9,38,98,0,1,100,89,100,95,100,88,8,7,580,112.925,0.5019914216,1,24,111,1,1,0,1,136
10000151,optimization,20260713,small_clinic,resource_constrained,seg-basic|patch+0|det1|iso0|bak-isolated|idm1,internet_facing,44,46,197,basic,0.25,0.1739,12,0.5,isolated,1,0,1,0.02173913043,1,1,0,4,0,0,0,0,0,0,0,0,0,0,0,0,0,0,24,0,1,1,0,1,19
10000152,optimization,20260713,small_clinic,resource_constrained,seg-basic|patch+0|det1|iso1|bak-connected|idm0,workstation,3,42,191,basic,0.25,0.2381,12,0.95,connected,0,1,41,0.9761904762,41,10,40,117,1,1,131,139,138,159,171,131,149,7,1018,188.35,0.7317708333,1,8,174,1,0.8571428571,13,0,192
10000153,optimization,20260713,small_clinic,resource_constrained,seg-basic|patch+0|det1|iso1|bak-connected|idm0,internet_facing,51,53,229,basic,0.25,0.3208,12,0.95,connected,0,1,1,0.01886792453,1,1,0,8,0,0,0,0,0,8,0,0,0,1,8,1.4,0.008578431373,0,48,22,1,1,0,1,33
10000154,optimization,20260713,small_clinic,resource_constrained,seg-basic|patch+0|det1|iso1|bak-connected|idm1,workstation,13,56,260,basic,0.25,0.2679,12,0.95,connected,1,1,2,0.03571428571,2,1,1,5,0,0,0,0,0,0,0,0,0,0,0,0,0,0,0,0,1,1,0,1,8
10000155,optimization,20260713,small_clinic,resource_constrained,seg-basic|patch+0|det1|iso1|bak-connected|idm1,internet_facing,46,48,213,basic,0.25,0.25,12,0.95,connected,1,1,6,0.125,6,4,5,34,0,1,26,26,26,26,26,26,0,6,156,30.55,0.1354166667,1,24,40,1,1,0,1,41
10000156,optimization,20260713,small_clinic,resource_constrained,seg-basic|patch+0|det1|iso1|bak-isolated|idm0,workstation,7,56,242,basic,0.25,0.1607,12,0.95,isolated,0,1,3,0.05357142857,3,2,2,10,0,0,0,0,5,0,0,0,0,1,5,1.125,0.006893382353,0,8,12,1,1,0,1,19
10000157,optimization,20260713,small_clinic,resource_constrained,seg-basic|patch+0|det1|iso1|bak-isolated|idm0,internet_facing,53,55,235,basic,0.25,0.2727,12,0.95,isolated,0,1,39,0.7090909091,39,9,39,114,0,1,125,124,122,126,136,122,0,6,755,146.6,0.646752451,1,80,128,1,1,0,1,151
10000158,optimization,20260713,small_clinic,resource_constrained,seg-basic|patch+0|det1|iso1|bak-isolated|idm1,workstation,15,59,246,basic,0.25,0.1695,12,0.95,isolated,1,1,51,0.8644067797,51,9,51,99,0,1,85,98,86,103,98,85,0,6,555,107.15,0.4793198529,1,72,113,1,1,0,1,144
10000159,optimization,20260713,small_clinic,resource_constrained,seg-basic|patch+0|det1|iso1|bak-isolated|idm1,internet_facing,51,53,231,basic,0.25,0.2642,12,0.95,isolated,1,1,41,0.7735849057,41,7,40,139,0,0,138,135,16,132,8,8,8,7,445,92,0.5404411765,1,56,147,1,1,0,1,183
10000160,optimization,20260713,small_clinic,resource_constrained,seg-basic|patch+1|det0|iso0|bak-connected|idm0,workstation,5,42,182,basic,0.5,0.381,24,0.5,connected,0,0,35,0.8333333333,35,9,34,169,1,1,185,174,180,180,175,174,168,7,1236,234.9,0.9378063725,1,24,-1,0,0,9,0,192
10000161,optimization,20260713,small_clinic,resource_constrained,seg-basic|patch+1|det0|iso0|bak-connected|idm0,internet_facing,54,56,252,basic,0.5,0.375,24,0.5,connected,0,0,52,0.9285714286,52,10,55,189,1,1,174,170,168,172,168,168,171,7,1191,225.65,0.8909313725,1,48,-1,0,0,14,0,192
10000162,optimization,20260713,small_clinic,resource_constrained,seg-basic|patch+1|det0|iso0|bak-connected|idm1,workstation,16,47,203,basic,0.5,0.3404,24,0.5,connected,1,0,40,0.8510638298,40,9,41,161,1,1,160,144,124,157,152,124,126,7,987,186.175,0.7608762255,1,32,-1,0,0,11,0,192
10000163,optimization,20260713,small_clinic,resource_constrained,seg-basic|patch+1|det0|iso0|bak-connected|idm1,internet_facing,44,46,203,basic,0.5,0.5,24,0.5,connected,1,0,42,0.9130434783,42,10,42,-1,1,1,159,159,160,167,159,159,165,7,1128,213.2,0.8380821078,1,64,-1,0,0,12,0,192
10000164,optimization,20260713,small_clinic,resource_constrained,seg-basic|patch+1|det0|iso0|bak-isolated|idm0,workstation,8,59,251,basic,0.5,0.4746,24,0.5,isolated,0,0,1,0.01694915254,1,1,0,5,0,0,0,0,0,0,0,0,0,0,0,0,0,0,8,0,1,1,0,1,10
10000165,optimization,20260713,small_clinic,resource_constrained,seg-basic|patch+1|det0|iso0|bak-isolated|idm0,internet_facing,51,53,235,basic,0.5,0.3585,24,0.5,isolated,0,0,47,0.8867924528,47,9,47,161,0,1,163,151,152,163,174,144,8,7,955,184.675,0.8190870098,1,48,177,1,1,0,1,192
10000166,optimization,20260713,small_clinic,resource_constrained,seg-basic|patch+1|det0|iso0|bak-isolated|idm1,workstation,17,47,203,basic,0.5,0.4681,24,0.5,isolated,1,0,1,0.02127659574,1,1,0,4,0,0,0,0,0,0,0,0,0,0,0,0,0,0,16,0,1,1,0,1,13
10000167,optimization,20260713,small_clinic,resource_constrained,seg-basic|patch+1|det0|iso0|bak-isolated|idm1,internet_facing,43,45,189,basic,0.5,0.4667,24,0.5,isolated,1,0,38,0.8444444444,38,9,40,138,0,1,130,132,131,142,143,130,0,6,808,156.775,0.6937806373,1,40,170,1,1,0,1,177
10000168,optimization,20260713,small_clinic,resource_constrained,seg-basic|patch+1|det0|iso1|bak-connected|idm0,workstation,6,40,176,basic,0.5,0.5,24,0.95,connected,0,1,31,0.775,31,10,31,169,1,1,182,182,184,182,182,182,172,7,1266,240.1,0.9506740196,1,32,-1,0,0.1428571429,10,0,192
10000169,optimization,20260713,small_clinic,resource_constrained,seg-basic|patch+1|det0|iso1|bak-connected|idm0,internet_facing,49,51,229,basic,0.5,0.3725,24,0.95,connected,0,1,36,0.7058823529,36,10,35,178,1,1,164,174,168,161,178,161,174,7,1180,221.9,0.8687193627,1,72,-1,0,0,11,0,192
10000170,optimization,20260713,small_clinic,resource_constrained,seg-basic|patch+1|det0|iso1|bak-connected|idm1,workstation,6,45,206,basic,0.5,0.4889,24,0.95,connected,1,1,37,0.8222222222,37,9,36,175,1,1,145,145,145,157,168,145,108,7,1013,190.975,0.7680759804,1,48,-1,0,0,11,0,192
10000171,optimization,20260713,small_clinic,resource_constrained,seg-basic|patch+1|det0|iso1|bak-connected|idm1,internet_facing,52,54,243,basic,0.5,0.2963,24,0.95,connected,1,1,51,0.9444444444,51,10,51,109,1,1,142,151,135,160,180,131,153,7,1052,194.5,0.7602634804,1,40,173,1,0.8571428571,15,0,192
10000172,optimization,20260713,small_clinic,resource_constrained,seg-basic|patch+1|det0|iso1|bak-isolated|idm0,workstation,19,51,216,basic,0.5,0.451,24,0.95,isolated,0,1,4,0.07843137255,4,1,3,27,0,0,0,0,0,8,0,0,0,1,8,1.4,0.008578431373,0,8,9,1,1,0,1,32
10000173,optimization,20260713,small_clinic,resource_constrained,seg-basic|patch+1|det0|iso1|bak-isolated|idm0,internet_facing,43,45,188,basic,0.5,0.3556,24,0.95,isolated,0,1,1,0.02222222222,1,1,0,15,0,0,0,0,0,0,0,0,0,0,0,0,0,0,8,0,1,1,0,1,17
10000174,optimization,20260713,small_clinic,resource_constrained,seg-basic|patch+1|det0|iso1|bak-isolated|idm1,workstation,22,60,260,basic,0.5,0.4667,24,0.95,isolated,1,1,52,0.8666666667,52,9,53,-1,0,1,155,155,155,158,155,155,0,6,933,182.65,0.8105085784,1,56,-1,0,0.1428571429,0,1,192
10000175,optimization,20260713,small_clinic,resource_constrained,seg-basic|patch+1|det0|iso1|bak-isolated|idm1,internet_facing,54,56,236,basic,0.5,0.4821,24,0.95,isolated,1,1,1,0.01785714286,1,1,0,28,0,0,0,0,0,0,0,0,0,0,0,0,0,0,24,0,1,1,0,1,37
10000176,optimization,20260713,small_clinic,resource_constrained,seg-basic|patch+1|det1|iso0|bak-connected|idm0,workstation,10,45,199,basic,0.5,0.2889,12,0.5,connected,0,0,34,0.7555555556,34,9,36,85,1,1,124,116,120,128,148,116,135,7,887,164.75,0.6348039216,1,101,149,1,0.8571428571,9,0,192
10000177,optimization,20260713,small_clinic,resource_constrained,seg-basic|patch+1|det1|iso0|bak-connected|idm0,internet_facing,46,48,218,basic,0.5,0.3958,12,0.5,connected,0,0,3,0.0625,3,2,2,32,0,1,32,32,32,32,32,32,0,6,192,37.6,0.1666666667,1,24,35,1,1,0,1,37
10000178,optimization,20260713,small_clinic,resource_constrained,seg-basic|patch+1|det1|iso0|bak-connected|idm1,workstation,5,43,191,basic,0.5,0.3953,12,0.5,connected,1,0,28,0.6511627907,28,7,28,108,0,1,88,90,87,87,87,87,8,7,534,104.275,0.4583333333,1,24,115,1,1,0,1,137
10000179,optimization,20260713,small_clinic,resource_constrained,seg-basic|patch+1|det1|iso0|bak-connected|idm1,internet_facing,39,41,172,basic,0.5,0.4634,12,0.5,connected,1,0,25,0.6097560976,25,10,24,125,1,1,62,116,116,150,85,62,141,7,732,134.65,0.5579044118,1,72,170,1,1,9,0,192
10000180,optimization,20260713,small_clinic,resource_constrained,seg-basic|patch+1|det1|iso0|bak-isolated|idm0,workstation,18,60,268,basic,0.5,0.45,12,0.5,isolated,0,0,1,0.01666666667,1,1,0,13,0,0,0,0,0,0,0,0,0,0,0,0,0,0,0,0,1,1,0,1,15
10000181,optimization,20260713,small_clinic,resource_constrained,seg-basic|patch+1|det1|iso0|bak-isolated|idm0,internet_facing,54,56,239,basic,0.5,0.5357,12,0.5,isolated,0,0,35,0.625,35,9,36,69,0,1,61,61,61,61,61,61,0,6,366,71.675,0.3177083333,1,32,75,1,1,0,1,110
10000182,optimization,20260713,small_clinic,resource_constrained,seg-basic|patch+1|det1|iso0|bak-isolated|idm1,workstation,18,53,227,basic,0.5,0.3962,12,0.5,isolated,1,0,6,0.1132075472,6,1,5,19,0,0,0,0,0,0,8,0,0,1,8,0.8,0,0,8,0,1,1,0,1,27
10000183,optimization,20260713,small_clinic,resource_constrained,seg-basic|patch+1|det1|iso0|bak-isolated|idm1,internet_facing,56,59,263,basic,0.5,0.322,12,0.5,isolated,1,0,38,0.6440677966,38,9,37,125,0,1,115,111,112,124,121,111,0,6,694,134.925,0.5995710784,1,80,139,1,1,0,1,159
10000184,optimization,20260713,small_clinic,resource_constrained,seg-basic|patch+1|det1|iso1|bak-connected|idm0,workstation,5,45,204,basic,0.5,0.2667,12,0.95,connected,0,1,2,0.04444444444,2,1,1,3,0,0,0,0,0,0,0,0,0,0,0,0,0,0,0,0,1,1,0,1,6
10000185,optimization,20260713,small_clinic,resource_constrained,seg-basic|patch+1|det1|iso1|bak-connected|idm0,internet_facing,45,47,210,basic,0.5,0.4043,12,0.95,connected,0,1,3,0.06382978723,3,2,2,12,0,0,0,0,0,0,0,0,0,0,0,0,0,0,8,0,1,1,0,1,16
10000186,optimization,20260713,small_clinic,resource_constrained,seg-basic|patch+1|det1|iso1|bak-connected|idm1,workstation,0,57,249,basic,0.5,0.5439,12,0.95,connected,1,1,1,0.01754385965,1,1,0,4,0,0,0,8,0,0,0,0,0,1,8,1.6,0.009803921569,0,16,11,1,1,0,1,11
10000187,optimization,20260713,small_clinic,resource_constrained,seg-basic|patch+1|det1|iso1|bak-connected|idm1,internet_facing,41,43,190,basic,0.5,0.4884,12,0.95,connected,1,1,34,0.7906976744,34,9,33,129,0,1,94,99,129,100,100,89,0,6,611,119.85,0.5503982843,1,64,141,1,1,0,1,164
10000188,optimization,20260713,small_clinic,resource_constrained,seg-basic|patch+1|det1|iso1|bak-isolated|idm0,workstation,15,58,259,basic,0.5,0.4483,12,0.95,isolated,0,1,24,0.4137931034,24,6,24,76,0,0,67,59,63,76,74,8,8,7,355,66.425,0.3432904412,1,88,121,1,1,0,1,121
10000189,optimization,20260713,small_clinic,resource_constrained,seg-basic|patch+1|det1|iso1|bak-isolated|idm0,internet_facing,39,41,170,basic,0.5,0.3902,12,0.95,isolated,0,1,27,0.6585365854,27,8,26,89,0,1,77,63,78,53,53,53,0,6,377,75.9,0.3595281863,1,32,98,1,1,0,1,117
10000190,optimization,20260713,small_clinic,resource_constrained,seg-basic|patch+1|det1|iso1|bak-isolated|idm1,workstation,14,56,244,basic,0.5,0.4464,12,0.95,isolated,1,1,1,0.01785714286,1,1,0,2,0,0,0,0,0,0,0,0,0,0,0,0,0,0,0,0,1,1,0,1,4
10000191,optimization,20260713,small_clinic,resource_constrained,seg-basic|patch+1|det1|iso1|bak-isolated|idm1,internet_facing,40,42,172,basic,0.5,0.4524,12,0.95,isolated,1,1,3,0.07142857143,3,2,2,10,0,0,2,0,0,0,0,0,0,1,2,0.5,0.00306372549,0,0,12,1,1,0,1,14
10000192,optimization,20260713,small_clinic,resource_constrained,seg-basic|patch+2|det0|iso0|bak-connected|idm0,workstation,21,58,267,basic,0.75,0.6034,24,0.5,connected,0,0,47,0.8103448276,47,9,46,133,1,0,142,147,120,113,129,16,105,7,772,143.925,0.6842830882,1,88,186,1,1,15,0,192
10000193,optimization,20260713,small_clinic,resource_constrained,seg-basic|patch+2|det0|iso0|bak-connected|idm0,internet_facing,46,48,211,basic,0.75,0.6875,24,0.5,connected,0,0,15,0.3125,15,6,14,112,1,0,111,0,16,8,0,0,112,4,247,49.55,0.2006740196,1,96,176,1,1,5,0,176
10000194,optimization,20260713,small_clinic,resource_constrained,seg-basic|patch+2|det0|iso0|bak-connected|idm1,workstation,20,50,223,basic,0.75,0.62,24,0.5,connected,1,0,1,0.02,1,1,0,10,0,0,0,0,0,0,0,0,0,0,0,0,0,0,0,0,1,1,0,1,12
10000195,optimization,20260713,small_clinic,resource_constrained,seg-basic|patch+2|det0|iso0|bak-connected|idm1,internet_facing,40,42,186,basic,0.75,0.6429,24,0.5,connected,1,0,16,0.380952381,16,8,15,133,1,0,125,8,109,126,164,8,125,7,665,116.375,0.4866727941,1,72,162,1,1,7,0,192
10000196,optimization,20260713,small_clinic,resource_constrained,seg-basic|patch+2|det0|iso0|bak-isolated|idm0,workstation,4,48,208,basic,0.75,0.4583,24,0.5,isolated,0,0,1,0.02083333333,1,1,0,8,0,0,0,0,0,0,0,0,0,0,0,0,0,0,8,0,1,1,0,1,14
10000197,optimization,20260713,small_clinic,resource_constrained,seg-basic|patch+2|det0|iso0|bak-isolated|idm0,internet_facing,43,45,193,basic,0.75,0.6,24,0.5,isolated,0,0,2,0.04444444444,2,2,1,17,0,0,11,0,0,8,0,0,0,2,19,4.15,0.02542892157,1,24,31,1,1,0,1,31
10000198,optimization,20260713,small_clinic,resource_constrained,seg-basic|patch+2|det0|iso0|bak-isolated|idm1,workstation,9,60,265,basic,0.75,0.6,24,0.5,isolated,1,0,39,0.65,39,8,38,178,0,1,130,112,112,109,104,104,8,7,679,134.175,0.607689951,1,48,190,1,1,0,1,192
10000199,optimization,20260713,small_clinic,resource_constrained,seg-basic|patch+2|det0|iso0|bak-isolated|idm1,internet_facing,40,42,169,basic,0.75,0.6429,24,0.5,isolated,1,0,34,0.8095238095,34,9,34,-1,0,1,158,149,139,150,135,89,24,7,844,163.95,0.7771139706,1,72,-1,0,0.1428571429,0,1,192
10000200,optimization,20260713,small_clinic,resource_constrained,seg-basic|patch+2|det0|iso1|bak-connected|idm0,workstation,10,45,201,basic,0.75,0.6,24,0.95,connected,0,1,1,0.02222222222,1,1,0,1,0,0,7,0,0,0,0,0,0,1,7,1.75,0.01072303922,0,40,21,1,1,0,1,22
10000201,optimization,20260713,small_clinic,resource_constrained,seg-basic|patch+2|det0|iso1|bak-connected|idm0,internet_facing,57,59,280,basic,0.75,0.5254,24,0.95,connected,0,1,52,0.8813559322,52,10,52,-1,1,1,170,165,165,165,165,165,164,7,1159,219.725,0.8670343137,1,56,-1,0,0,19,0,192
10000202,optimization,20260713,small_clinic,resource_constrained,seg-basic|patch+2|det0|iso1|bak-connected|idm1,workstation,10,48,209,basic,0.75,0.625,24,0.95,connected,1,1,2,0.04166666667,2,1,1,22,0,0,0,0,0,0,0,0,0,0,0,0,0,0,16,0,1,1,0,1,25
10000203,optimization,20260713,small_clinic,resource_constrained,seg-basic|patch+2|det0|iso1|bak-connected|idm1,internet_facing,58,60,275,basic,0.75,0.55,24,0.95,connected,1,1,39,0.65,39,9,38,137,0,1,136,129,142,123,133,118,8,7,789,154.325,0.6940870098,1,136,164,1,1,0,1,181
10000204,optimization,20260713,small_clinic,resource_constrained,seg-basic|patch+2|det0|iso1|bak-isolated|idm0,workstation,8,54,237,basic,0.75,0.6296,24,0.95,isolated,0,1,1,0.01851851852,1,1,0,5,0,0,0,0,0,0,0,0,0,0,0,0,0,0,16,0,1,1,0,1,11
10000205,optimization,20260713,small_clinic,resource_constrained,seg-basic|patch+2|det0|iso1|bak-isolated|idm0,internet_facing,40,42,173,basic,0.75,0.619,24,0.95,isolated,0,1,1,0.02380952381,1,1,0,2,0,0,8,8,8,8,8,8,0,6,48,9.4,0.04166666667,0,16,10,1,1,0,1,17
10000206,optimization,20260713,small_clinic,resource_constrained,seg-basic|patch+2|det0|iso1|bak-isolated|idm1,workstation,0,58,251,basic,0.75,0.6379,24,0.95,isolated,1,1,1,0.01724137931,1,1,0,31,0,0,0,0,0,0,0,0,0,0,0,0,0,0,24,0,1,1,0,1,34
10000207,optimization,20260713,small_clinic,resource_constrained,seg-basic|patch+2|det0|iso1|bak-isolated|idm1,internet_facing,49,51,218,basic,0.75,0.6275,24,0.95,isolated,1,1,5,0.09803921569,5,2,4,35,0,0,27,8,0,0,0,0,8,3,43,9.55,0.05116421569,1,40,49,1,1,0,1,50
10000208,optimization,20260713,small_clinic,resource_constrained,seg-basic|patch+2|det1|iso0|bak-connected|idm0,workstation,15,58,256,basic,0.75,0.6034,12,0.5,connected,0,0,2,0.03448275862,2,1,1,28,0,0,0,0,0,0,0,0,0,0,0,0,0,0,56,0,1,1,0,1,40
10000209,optimization,20260713,small_clinic,resource_constrained,seg-basic|patch+2|det1|iso0|bak-connected|idm0,internet_facing,55,57,251,basic,0.75,0.5439,12,0.5,connected,0,0,45,0.7894736842,45,9,45,135,1,1,166,166,166,176,187,166,151,7,1178,221.55,0.8753063725,1,40,182,1,0.8571428571,11,0,192
10000210,optimization,20260713,small_clinic,resource_constrained,seg-basic|patch+2|det1|iso0|bak-connected|idm1,workstation,15,50,216,basic,0.75,0.52,12,0.5,connected,1,0,26,0.52,26,7,25,-1,1,0,163,0,183,165,16,0,157,5,684,135.95,0.6789215686,1,104,-1,0,0.4285714286,9,0,192
10000211,optimization,20260713,small_clinic,resource_constrained,seg-basic|patch+2|det1|iso0|bak-connected|idm1,internet_facing,52,54,237,basic,0.75,0.7407,12,0.5,connected,1,0,1,0.01851851852,1,1,0,5,0,0,0,0,0,0,0,0,0,0,0,0,0,0,0,0,1,1,0,1,7
10000212,optimization,20260713,small_clinic,resource_constrained,seg-basic|patch+2|det1|iso0|bak-isolated|idm0,workstation,8,46,198,basic,0.75,0.6522,12,0.5,isolated,0,0,1,0.02173913043,1,1,0,10,0,0,0,0,0,0,0,0,0,0,0,0,0,0,0,0,1,1,0,1,12
10000213,optimization,20260713,small_clinic,resource_constrained,seg-basic|patch+2|det1|iso0|bak-isolated|idm0,internet_facing,53,55,238,basic,0.75,0.6,12,0.5,isolated,0,0,35,0.6363636364,35,9,34,131,0,1,103,104,96,99,137,96,16,7,651,123.175,0.5237438725,1,128,166,1,1,0,1,171
10000214,optimization,20260713,small_clinic,resource_constrained,seg-basic|patch+2|det1|iso0|bak-isolated|idm1,workstation,15,40,157,basic,0.75,0.55,12,0.5,isolated,1,0,13,0.325,13,3,12,92,0,1,46,46,54,46,46,46,8,7,292,57.05,0.2506127451,1,32,94,1,1,0,1,106
10000215,optimization,20260713,small_clinic,resource_constrained,seg-basic|patch+2|det1|iso0|bak-isolated|idm1,internet_facing,49,51,223,basic,0.75,0.6863,12,0.5,isolated,1,0,26,0.5098039216,26,9,25,150,0,1,128,150,143,145,160,121,0,6,847,162.775,0.7325367647,1,104,162,1,1,0,1,177
10000216,optimization,20260713,small_clinic,resource_constrained,seg-basic|patch+2|det1|iso1|bak-connected|idm0,workstation,2,57,251,basic,0.75,0.4912,12,0.95,connected,0,1,26,0.4561403509,26,8,25,68,1,1,91,54,54,105,91,54,96,7,545,99.725,0.3926164216,1,152,108,1,1,10,0,161
10000217,optimization,20260713,small_clinic,resource_constrained,seg-basic|patch+2|det1|iso1|bak-connected|idm0,internet_facing,45,47,218,basic,0.75,0.5745,12,0.95,connected,0,1,1,0.02127659574,1,1,0,1,0,0,8,8,8,16,8,8,0,6,56,10.8,0.05024509804,0,88,39,1,1,0,1,53
10000218,optimization,20260713,small_clinic,resource_constrained,seg-basic|patch+2|det1|iso1|bak-connected|idm1,workstation,4,40,171,basic,0.75,0.625,12,0.95,connected,1,1,14,0.35,14,7,13,84,1,0,16,16,84,91,16,16,69,7,308,57.575,0.2575061275,1,64,146,1,1,4,0,146
10000219,optimization,20260713,small_clinic,resource_constrained,seg-basic|patch+2|det1|iso1|bak-connected|idm1,internet_facing,45,47,208,basic,0.75,0.5532,12,0.95,connected,1,1,1,0.02127659574,1,1,0,4,0,0,0,0,0,0,0,0,0,0,0,0,0,0,16,0,1,1,0,1,19
10000220,optimization,20260713,small_clinic,resource_constrained,seg-basic|patch+2|det1|iso1|bak-isolated|idm0,workstation,17,57,247,basic,0.75,0.6491,12,0.95,isolated,0,1,3,0.05263157895,3,1,2,29,0,0,0,0,0,0,0,0,0,0,0,0,0,0,24,0,1,1,0,1,33
10000221,optimization,20260713,small_clinic,resource_constrained,seg-basic|patch+2|det1|iso1|bak-isolated|idm0,internet_facing,55,57,255,basic,0.75,0.6667,12,0.95,isolated,0,1,6,0.1052631579,6,3,5,63,0,1,37,37,37,38,37,37,0,6,223,43.65,0.1937806373,1,56,67,1,1,0,1,70
10000222,optimization,20260713,small_clinic,resource_constrained,seg-basic|patch+2|det1|iso1|bak-isolated|idm1,workstation,0,46,193,basic,0.75,0.6522,12,0.95,isolated,1,1,25,0.5434782609,25,7,24,112,0,0,104,114,0,16,103,0,0,4,337,61.9,0.3161764706,1,40,118,1,1,0,1,138
10000223,optimization,20260713,small_clinic,resource_constrained,seg-basic|patch+2|det1|iso1|bak-isolated|idm1,internet_facing,46,48,206,basic,0.75,0.625,12,0.95,isolated,1,1,1,0.02083333333,1,1,0,4,0,0,0,0,0,0,0,0,0,0,0,0,0,0,8,0,1,1,0,1,12
10000224,optimization,20260713,small_clinic,resource_constrained,seg-basic|patch+3|det0|iso0|bak-connected|idm0,workstation,15,51,230,basic,0.9,0.7255,24,0.5,connected,0,0,44,0.862745098,44,10,43,-1,1,1,160,160,160,163,160,160,155,7,1118,211.775,0.8365502451,1,72,-1,0,0,13,0,192
10000225,optimization,20260713,small_clinic,resource_constrained,seg-basic|patch+3|det0|iso0|bak-connected|idm0,internet_facing,51,53,231,basic,0.9,0.7547,24,0.5,connected,0,0,39,0.7358490566,39,10,38,-1,1,1,169,162,166,162,169,162,145,7,1135,215.45,0.8599877451,1,69,-1,0,0,12,0,192
10000226,optimization,20260713,small_clinic,resource_constrained,seg-basic|patch+3|det0|iso0|bak-connected|idm1,workstation,17,58,273,basic,0.9,0.6724,24,0.5,connected,1,0,4,0.06896551724,4,2,3,62,0,0,54,0,0,3,8,0,0,3,65,14.825,0.0859375,1,56,64,1,1,0,1,68
10000227,optimization,20260713,small_clinic,resource_constrained,seg-basic|patch+3|det0|iso0|bak-connected|idm1,internet_facing,50,52,225,basic,0.9,0.7885,24,0.5,connected,1,0,26,0.5,26,8,25,-1,0,0,190,122,176,0,141,0,0,4,629,125.6,0.6832107843,1,48,-1,0,0.4285714286,0,1,192
10000228,optimization,20260713,small_clinic,resource_constrained,seg-basic|patch+3|det0|iso0|bak-isolated|idm0,workstation,11,44,183,basic,0.9,0.7045,24,0.5,isolated,0,0,35,0.7954545455,35,9,36,-1,0,1,163,162,165,162,162,162,0,6,976,191.275,0.8494178922,1,52,-1,0,0.1428571429,0,1,192
10000229,optimization,20260713,small_clinic,resource_constrained,seg-basic|patch+3|det0|iso0|bak-isolated|idm0,internet_facing,49,51,213,basic,0.9,0.7451,24,0.5,isolated,0,0,36,0.7058823529,36,9,35,160,0,1,152,152,153,159,164,152,0,6,932,181.25,0.8005514706,1,81,168,1,1,0,1,192
10000230,optimization,20260713,small_clinic,resource_constrained,seg-basic|patch+3|det0|iso0|bak-isolated|idm1,workstation,16,42,169,basic,0.9,0.6667,24,0.5,isolated,1,0,1,0.02380952381,1,1,0,3,0,0,0,0,0,0,0,0,0,0,0,0,0,0,0,0,1,1,0,1,5
10000231,optimization,20260713,small_clinic,resource_constrained,seg-basic|patch+3|det0|iso0|bak-isolated|idm1,internet_facing,42,44,193,basic,0.9,0.6591,24,0.5,isolated,1,0,39,0.8863636364,39,9,39,-1,0,1,184,174,103,169,145,103,8,7,886,172.425,0.8183210784,1,24,-1,0,0.1428571429,0,1,192
10000232,optimization,20260713,small_clinic,resource_constrained,seg-basic|patch+3|det0|iso1|bak-connected|idm0,workstation,15,45,195,basic,0.9,0.8222,24,0.95,connected,0,1,4,0.08888888889,4,1,3,69,0,0,8,0,0,16,0,0,0,2,24,4.8,0.02941176471,0,56,66,1,1,0,1,82
10000233,optimization,20260713,small_clinic,resource_constrained,seg-basic|patch+3|det0|iso1|bak-connected|idm0,internet_facing,50,52,227,basic,0.9,0.7692,24,0.95,connected,0,1,35,0.6730769231,35,9,35,-1,1,1,101,126,93,126,151,93,140,7,830,150.45,0.5724571078,1,64,-1,0,0,9,0,192
10000234,optimization,20260713,small_clinic,resource_constrained,seg-basic|patch+3|det0|iso1|bak-connected|idm1,workstation,11,58,271,basic,0.9,0.7586,24,0.95,connected,1,1,1,0.01724137931,1,1,0,8,0,0,0,0,0,0,0,0,0,0,0,0,0,0,0,0,1,1,0,1,10
10000235,optimization,20260713,small_clinic,resource_constrained,seg-basic|patch+3|det0|iso1|bak-connected|idm1,internet_facing,39,41,176,basic,0.9,0.5854,24,0.95,connected,1,1,1,0.0243902439,1,1,0,5,0,0,0,0,0,0,0,0,0,0,0,0,0,0,0,0,1,1,0,1,7
10000236,optimization,20260713,small_clinic,resource_constrained,seg-basic|patch+3|det0|iso1|bak-isolated|idm0,workstation,5,60,263,basic,0.9,0.75,24,0.95,isolated,0,1,44,0.7333333333,44,7,43,-1,0,1,167,174,147,148,147,147,16,7,946,185.7,0.8304227941,1,87,-1,0,0.1428571429,0,1,192
10000237,optimization,20260713,small_clinic,resource_constrained,seg-basic|patch+3|det0|iso1|bak-isolated|idm0,internet_facing,56,58,256,basic,0.9,0.7069,24,0.95,isolated,0,1,1,0.01724137931,1,1,0,9,0,0,0,0,0,0,0,0,0,0,0,0,0,0,8,0,1,1,0,1,15
10000238,optimization,20260713,small_clinic,resource_constrained,seg-basic|patch+3|det0|iso1|bak-isolated|idm1,workstation,0,47,197,basic,0.9,0.8085,24,0.95,isolated,1,1,1,0.02127659574,1,1,0,19,0,0,8,8,8,8,8,8,0,6,48,9.4,0.04166666667,0,64,39,1,1,0,1,55
10000239,optimization,20260713,small_clinic,resource_constrained,seg-basic|patch+3|det0|iso1|bak-isolated|idm1,internet_facing,39,41,166,basic,0.9,0.8293,24,0.95,isolated,1,1,1,0.0243902439,1,1,0,40,0,0,0,0,0,0,0,0,0,0,0,0,0,0,8,0,1,1,0,1,42
10000240,optimization,20260713,small_clinic,resource_constrained,seg-basic|patch+3|det1|iso0|bak-connected|idm0,workstation,3,41,177,basic,0.9,0.7805,12,0.5,connected,0,0,1,0.0243902439,1,1,0,4,0,0,0,0,0,0,0,0,0,0,0,0,0,0,0,0,1,1,0,1,6
10000241,optimization,20260713,small_clinic,resource_constrained,seg-basic|patch+3|det1|iso0|bak-connected|idm0,internet_facing,39,41,184,basic,0.9,0.6585,12,0.5,connected,0,0,25,0.6097560976,25,9,24,93,1,1,123,123,123,132,139,123,123,7,886,166.15,0.6502757353,1,112,142,1,1,8,0,192
10000242,optimization,20260713,small_clinic,resource_constrained,seg-basic|patch+3|det1|iso0|bak-connected|idm1,workstation,13,40,176,basic,0.9,0.775,12,0.5,connected,1,0,3,0.075,3,1,2,15,0,0,0,0,0,0,0,0,0,0,0,0,0,0,16,0,1,1,0,1,19
10000243,optimization,20260713,small_clinic,resource_constrained,seg-basic|patch+3|det1|iso0|bak-connected|idm1,internet_facing,52,54,241,basic,0.9,0.7778,12,0.5,connected,1,0,2,0.03703703704,2,2,1,17,0,0,0,0,0,0,0,0,0,0,0,0,0,0,16,0,1,1,0,1,20
10000244,optimization,20260713,small_clinic,resource_constrained,seg-basic|patch+3|det1|iso0|bak-isolated|idm0,workstation,9,48,212,basic,0.9,0.7708,12,0.5,isolated,0,0,1,0.02083333333,1,1,0,2,0,0,8,8,8,8,8,8,0,6,48,9.4,0.04166666667,0,32,19,1,1,0,1,26
10000245,optimization,20260713,small_clinic,resource_constrained,seg-basic|patch+3|det1|iso0|bak-isolated|idm0,internet_facing,42,44,183,basic,0.9,0.8182,12,0.5,isolated,0,0,2,0.04545454545,2,1,1,63,0,0,8,16,20,8,8,8,0,6,68,13.7,0.06801470588,1,56,62,1,1,0,1,66
10000246,optimization,20260713,small_clinic,resource_constrained,seg-basic|patch+3|det1|iso0|bak-isolated|idm1,workstation,10,55,243,basic,0.9,0.7455,12,0.5,isolated,1,0,2,0.03636363636,2,2,1,17,0,0,0,0,0,0,0,0,0,0,0,0,0,0,48,0,1,1,0,1,30
10000247,optimization,20260713,small_clinic,resource_constrained,seg-basic|patch+3|det1|iso0|bak-isolated|idm1,internet_facing,43,45,195,basic,0.9,0.8444,12,0.5,isolated,1,0,1,0.02222222222,1,1,0,24,0,0,0,0,0,0,0,0,0,0,0,0,0,0,24,0,1,1,0,1,26
10000248,optimization,20260713,small_clinic,resource_constrained,seg-basic|patch+3|det1|iso1|bak-connected|idm0,workstation,14,55,239,basic,0.9,0.7091,12,0.95,connected,0,1,3,0.05454545455,3,1,2,42,0,0,0,0,0,0,8,0,0,1,8,0.8,0,0,40,0,1,1,0,1,54
10000249,optimization,20260713,small_clinic,resource_constrained,seg-basic|patch+3|det1|iso1|bak-connected|idm0,internet_facing,55,57,253,basic,0.9,0.7368,12,0.95,connected,0,1,1,0.01754385965,1,1,0,4,0,0,0,0,0,8,0,0,0,1,8,1.4,0.008578431373,0,32,18,1,1,0,1,24
10000250,optimization,20260713,small_clinic,resource_constrained,seg-basic|patch+3|det1|iso1|bak-connected|idm1,workstation,14,54,239,basic,0.9,0.6667,12,0.95,connected,1,1,3,0.05555555556,3,1,2,15,0,0,0,0,0,0,0,0,0,0,0,0,0,0,8,0,1,1,0,1,19
10000251,optimization,20260713,small_clinic,resource_constrained,seg-basic|patch+3|det1|iso1|bak-connected|idm1,internet_facing,44,46,207,basic,0.9,0.8043,12,0.95,connected,1,1,1,0.02173913043,1,1,0,12,0,0,0,0,0,0,0,0,0,0,0,0,0,0,8,0,1,1,0,1,19
10000252,optimization,20260713,small_clinic,resource_constrained,seg-basic|patch+3|det1|iso1|bak-isolated|idm0,workstation,13,44,182,basic,0.9,0.6818,12,0.95,isolated,0,1,1,0.02272727273,1,1,0,4,0,0,0,0,0,0,0,0,0,0,0,0,0,0,0,0,1,1,0,1,6
10000253,optimization,20260713,small_clinic,resource_constrained,seg-basic|patch+3|det1|iso1|bak-isolated|idm0,internet_facing,54,56,234,basic,0.9,0.75,12,0.95,isolated,0,1,24,0.4285714286,24,8,23,167,0,1,95,77,126,153,91,69,8,7,619,120.1,0.5776654412,1,195,183,1,1,0,1,192
10000254,optimization,20260713,small_clinic,resource_constrained,seg-basic|patch+3|det1|iso1|bak-isolated|idm1,workstation,10,47,199,basic,0.9,0.6809,12,0.95,isolated,1,1,27,0.5744680851,27,8,26,76,0,1,77,71,74,63,82,63,8,7,438,84.7,0.3745404412,1,96,137,1,1,0,1,145
10000255,optimization,20260713,small_clinic,resource_constrained,seg-basic|patch+3|det1|iso1|bak-isolated|idm1,internet_facing,47,49,214,basic,0.9,0.6327,12,0.95,isolated,1,1,1,0.02040816327,1,1,0,5,0,0,8,8,8,8,8,8,0,6,48,9.4,0.04166666667,0,16,10,1,1,0,1,13
10000256,optimization,20260713,small_clinic,resource_constrained,seg-least_privilege|patch+0|det0|iso0|bak-connected|idm0,workstation,5,57,218,least_privilege,0.25,0.1228,24,0.5,connected,0,0,41,0.7192982456,41,7,41,183,1,1,182,182,182,182,182,182,177,7,1269,240.4,0.9479166667,1,56,-1,0,0,12,0,192
10000257,optimization,20260713,small_clinic,resource_constrained,seg-least_privilege|patch+0|det0|iso0|bak-connected|idm0,internet_facing,51,53,196,least_privilege,0.25,0.2264,24,0.5,connected,0,0,1,0.01886792453,1,1,0,3,0,0,0,0,0,0,0,0,0,0,0,0,0,0,16,0,1,1,0,1,10
10000258,optimization,20260713,small_clinic,resource_constrained,seg-least_privilege|patch+0|det0|iso0|bak-connected|idm1,workstation,18,57,208,least_privilege,0.25,0.2281,24,0.5,connected,1,0,1,0.01754385965,1,1,0,2,0,0,0,0,0,0,0,0,0,0,0,0,0,0,16,0,1,1,0,1,13
10000259,optimization,20260713,small_clinic,resource_constrained,seg-least_privilege|patch+0|det0|iso0|bak-connected|idm1,internet_facing,41,43,151,least_privilege,0.25,0.1628,24,0.5,connected,1,0,29,0.6744186047,29,7,28,166,1,1,157,152,89,105,168,89,149,7,909,167.225,0.6620710784,1,70,-1,0,0,7,0,192
10000260,optimization,20260713,small_clinic,resource_constrained,seg-least_privilege|patch+0|det0|iso0|bak-isolated|idm0,workstation,5,58,203,least_privilege,0.25,0.1724,24,0.5,isolated,0,0,23,0.3965517241,23,6,23,97,0,1,83,87,88,83,92,83,8,7,524,101.55,0.4440870098,1,88,110,1,1,0,1,140
10000261,optimization,20260713,small_clinic,resource_constrained,seg-least_privilege|patch+0|det0|iso0|bak-isolated|idm0,internet_facing,52,54,193,least_privilege,0.25,0.2222,24,0.5,isolated,0,0,1,0.01851851852,1,1,0,6,0,0,0,0,0,0,0,0,0,0,0,0,0,0,0,0,1,1,0,1,8
10000262,optimization,20260713,small_clinic,resource_constrained,seg-least_privilege|patch+0|det0|iso0|bak-isolated|idm1,workstation,18,48,164,least_privilege,0.25,0.3542,24,0.5,isolated,1,0,1,0.02083333333,1,1,0,7,0,0,0,0,0,0,0,0,0,0,0,0,0,0,0,0,1,1,0,1,9
10000263,optimization,20260713,small_clinic,resource_constrained,seg-least_privilege|patch+0|det0|iso0|bak-isolated|idm1,internet_facing,43,45,153,least_privilege,0.25,0.2222,24,0.5,isolated,1,0,41,0.9111111111,41,9,41,-1,0,1,140,139,139,145,153,139,0,6,855,166.025,0.7319240196,1,72,-1,0,0.1428571429,0,1,192
10000264,optimization,20260713,small_clinic,resource_constrained,seg-least_privilege|patch+0|det0|iso1|bak-connected|idm0,workstation,4,53,192,least_privilege,0.25,0.1887,24,0.95,connected,0,1,38,0.7169811321,38,8,38,133,1,1,162,177,166,183,190,162,152,7,1192,223.525,0.8901654412,1,88,-1,0,0.7142857143,14,0,192
10000265,optimization,20260713,small_clinic,resource_constrained,seg-least_privilege|patch+0|det0|iso1|bak-connected|idm0,internet_facing,53,55,209,least_privilege,0.25,0.2364,24,0.95,connected,0,1,39,0.7090909091,39,9,38,-1,1,1,132,117,94,111,144,86,145,7,829,152.475,0.5942095588,1,104,-1,0,0,14,0,192
10000266,optimization,20260713,small_clinic,resource_constrained,seg-least_privilege|patch+0|det0|iso1|bak-connected|idm1,workstation,11,53,197,least_privilege,0.25,0.2264,24,0.95,connected,1,1,10,0.1886792453,10,1,9,134,0,0,0,0,0,0,8,0,0,1,8,0.8,0,0,112,0,1,1,0,1,146
10000267,optimization,20260713,small_clinic,resource_constrained,seg-least_privilege|patch+0|det0|iso1|bak-connected|idm1,internet_facing,45,47,165,least_privilege,0.25,0.3191,24,0.95,connected,1,1,10,0.2127659574,10,4,9,72,1,0,77,35,8,0,0,0,94,4,214,42.15,0.171875,1,128,93,1,1,8,0,119
10000268,optimization,20260713,small_clinic,resource_constrained,seg-least_privilege|patch+0|det0|iso1|bak-isolated|idm0,workstation,17,51,182,least_privilege,0.25,0.1961,24,0.95,isolated,0,1,30,0.5882352941,30,6,29,115,0,1,87,88,87,122,111,87,0,6,582,110.95,0.4918811275,1,32,127,1,1,0,1,146
10000269,optimization,20260713,small_clinic,resource_constrained,seg-least_privilege|patch+0|det0|iso1|bak-isolated|idm0,internet_facing,53,55,189,least_privilege,0.25,0.1636,24,0.95,isolated,0,1,1,0.01818181818,1,1,0,3,0,0,0,0,0,0,0,0,0,0,0,0,0,0,16,0,1,1,0,1,16
10000270,optimization,20260713,small_clinic,resource_constrained,seg-least_privilege|patch+0|det0|iso1|bak-isolated|idm1,workstation,3,46,159,least_privilege,0.25,0.3043,24,0.95,isolated,1,1,32,0.6956521739,32,8,31,-1,0,1,132,131,131,138,142,131,0,6,805,156.5,0.6913296569,1,71,-1,0,0.1428571429,0,1,192
10000271,optimization,20260713,small_clinic,resource_constrained,seg-least_privilege|patch+0|det0|iso1|bak-isolated|idm1,internet_facing,48,50,179,least_privilege,0.25,0.14,24,0.95,isolated,1,1,15,0.3,15,6,15,71,0,1,63,45,22,28,53,22,16,7,249,47.25,0.2120098039,1,72,84,1,1,0,1,87
10000272,optimization,20260713,small_clinic,resource_constrained,seg-least_privilege|patch+0|det1|iso0|bak-connected|idm0,workstation,5,47,172,least_privilege,0.25,0.2128,12,0.5,connected,0,0,21,0.4468085106,21,4,20,66,0,0,0,8,47,42,8,0,0,4,105,20.325,0.1196384804,1,32,88,1,1,0,1,88
10000273,optimization,20260713,small_clinic,resource_constrained,seg-least_privilege|patch+0|det1|iso0|bak-connected|idm0,internet_facing,39,41,150,least_privilege,0.25,0.1951,12,0.5,connected,0,0,17,0.4146341463,17,7,16,56,0,1,57,43,53,42,35,35,0,6,265,53.5,0.2581188725,1,24,66,1,1,0,1,77
10000274,optimization,20260713,small_clinic,resource_constrained,seg-least_privilege|patch+0|det1|iso0|bak-connected|idm1,workstation,9,50,187,least_privilege,0.25,0.2,12,0.5,connected,1,0,2,0.04,2,1,1,25,0,0,0,0,8,0,0,0,8,2,16,3,0.01102941176,0,24,15,1,1,0,1,28
10000275,optimization,20260713,small_clinic,resource_constrained,seg-least_privilege|patch+0|det1|iso0|bak-connected|idm1,internet_facing,40,42,149,least_privilege,0.25,0.2143,12,0.5,connected,1,0,8,0.1904761905,8,5,7,74,1,1,98,91,91,91,91,91,85,7,638,121.425,0.4846813725,1,72,99,1,1,5,0,115
10000276,optimization,20260713,small_clinic,resource_constrained,seg-least_privilege|patch+0|det1|iso0|bak-isolated|idm0,workstation,17,47,167,least_privilege,0.25,0.234,12,0.5,isolated,0,0,30,0.6382978723,30,7,30,94,0,1,86,96,46,90,43,43,16,7,420,83.175,0.4093137255,1,56,131,1,1,0,1,140
10000277,optimization,20260713,small_clinic,resource_constrained,seg-least_privilege|patch+0|det1|iso0|bak-isolated|idm0,internet_facing,51,53,192,least_privilege,0.25,0.2453,12,0.5,isolated,0,0,3,0.05660377358,3,2,2,13,0,1,10,10,10,10,10,10,0,6,60,11.75,0.05208333333,1,0,15,1,1,0,1,17
10000278,optimization,20260713,small_clinic,resource_constrained,seg-least_privilege|patch+0|det1|iso0|bak-isolated|idm1,workstation,7,49,172,least_privilege,0.25,0.2245,12,0.5,isolated,1,0,24,0.4897959184,24,5,24,92,0,0,84,74,90,8,66,8,16,7,346,68.25,0.3520220588,1,88,118,1,1,0,1,123
10000279,optimization,20260713,small_clinic,resource_constrained,seg-least_privilege|patch+0|det1|iso0|bak-isolated|idm1,internet_facing,53,55,189,least_privilege,0.25,0.1818,12,0.5,isolated,1,0,11,0.2,11,4,11,51,0,0,51,45,37,0,8,0,8,5,149,32.075,0.1842830882,1,96,59,1,1,0,1,79
10000280,optimization,20260713,small_clinic,resource_constrained,seg-least_privilege|patch+0|det1|iso1|bak-connected|idm0,workstation,0,58,203,least_privilege,0.25,0.2586,12,0.95,connected,0,1,4,0.06896551724,4,1,3,26,0,0,0,8,0,0,0,0,0,1,8,1.6,0.009803921569,0,56,22,1,1,0,1,39
10000281,optimization,20260713,small_clinic,resource_constrained,seg-least_privilege|patch+0|det1|iso1|bak-connected|idm0,internet_facing,39,41,145,least_privilege,0.25,0.122,12,0.95,connected,0,1,28,0.6829268293,28,8,27,93,0,1,93,49,65,81,88,49,0,6,425,81.675,0.3789828431,1,88,123,1,1,0,1,123
10000282,optimization,20260713,small_clinic,resource_constrained,seg-least_privilege|patch+0|det1|iso1|bak-connected|idm1,workstation,13,53,196,least_privilege,0.25,0.283,12,0.95,connected,1,1,28,0.5283018868,28,7,27,144,1,1,151,160,151,151,163,151,129,7,1056,199.775,0.7974877451,1,64,177,1,1,6,0,192
10000283,optimization,20260713,small_clinic,resource_constrained,seg-least_privilege|patch+0|det1|iso1|bak-connected|idm1,internet_facing,58,60,221,least_privilege,0.25,0.1333,12,0.95,connected,1,1,13,0.2166666667,13,5,13,87,1,0,8,8,0,99,87,0,77,5,279,41.175,0.1282169118,1,128,134,1,1,6,0,136
10000284,optimization,20260713,small_clinic,resource_constrained,seg-least_privilege|patch+0|det1|iso1|bak-isolated|idm0,workstation,14,54,194,least_privilege,0.25,0.1667,12,0.95,isolated,0,1,1,0.01851851852,1,1,0,2,0,0,0,0,0,0,0,0,0,0,0,0,0,0,16,0,1,1,0,1,12
10000285,optimization,20260713,small_clinic,resource_constrained,seg-least_privilege|patch+0|det1|iso1|bak-isolated|idm0,internet_facing,40,42,145,least_privilege,0.25,0.1429,12,0.95,isolated,0,1,3,0.07142857143,3,2,2,13,0,0,0,0,0,0,9,0,0,1,9,0.9,0,0,0,0,1,1,0,1,17
10000286,optimization,20260713,small_clinic,resource_constrained,seg-least_privilege|patch+0|det1|iso1|bak-isolated|idm1,workstation,18,59,218,least_privilege,0.25,0.1695,12,0.95,isolated,1,1,1,0.01694915254,1,1,0,3,0,0,0,0,0,0,0,0,0,0,0,0,0,0,0,0,1,1,0,1,5
10000287,optimization,20260713,small_clinic,resource_constrained,seg-least_privilege|patch+0|det1|iso1|bak-isolated|idm1,internet_facing,53,55,198,least_privilege,0.25,0.2,12,0.95,isolated,1,1,16,0.2909090909,16,5,15,91,0,1,72,72,72,76,97,72,8,7,469,89,0.3792892157,1,80,96,1,1,0,1,107
10000288,optimization,20260713,small_clinic,resource_constrained,seg-least_privilege|patch+1|det0|iso0|bak-connected|idm0,workstation,15,47,180,least_privilege,0.5,0.4468,24,0.5,connected,0,0,27,0.5744680851,27,7,27,144,1,1,154,142,145,132,140,132,123,7,968,184.775,0.7513786765,1,80,-1,0,0.5714285714,12,0,192
10000289,optimization,20260713,small_clinic,resource_constrained,seg-least_privilege|patch+1|det0|iso0|bak-connected|idm0,internet_facing,57,59,225,least_privilege,0.5,0.3898,24,0.5,connected,0,0,16,0.2711864407,16,6,15,106,1,1,120,129,122,119,119,119,69,7,797,153.1,0.6377144608,1,120,148,1,1,12,0,166
10000290,optimization,20260713,small_clinic,resource_constrained,seg-least_privilege|patch+1|det0|iso0|bak-connected|idm1,workstation,16,51,191,least_privilege,0.5,0.4706,24,0.5,connected,1,0,26,0.5098039216,26,5,26,128,0,0,112,8,8,8,8,8,8,7,160,36.6,0.2009803922,1,88,130,1,1,0,1,163
10000291,optimization,20260713,small_clinic,resource_constrained,seg-least_privilege|patch+1|det0|iso0|bak-connected|idm1,internet_facing,46,48,173,least_privilege,0.5,0.3333,24,0.5,connected,1,0,1,0.02083333333,1,1,0,11,0,0,0,0,0,0,0,0,8,1,8,1.2,0,0,16,0,1,1,0,1,13
10000292,optimization,20260713,small_clinic,resource_constrained,seg-least_privilege|patch+1|det0|iso0|bak-isolated|idm0,workstation,5,42,149,least_privilege,0.5,0.4048,24,0.5,isolated,0,0,12,0.2857142857,12,6,11,106,0,1,84,87,72,69,69,69,0,6,450,89.1,0.4085477941,1,48,115,1,1,0,1,119
10000293,optimization,20260713,small_clinic,resource_constrained,seg-least_privilege|patch+1|det0|iso0|bak-isolated|idm0,internet_facing,57,59,203,least_privilege,0.5,0.4068,24,0.5,isolated,0,0,2,0.03389830508,2,2,1,14,0,0,8,0,0,0,0,0,0,1,8,2,0.01225490196,0,32,16,1,1,0,1,25
10000294,optimization,20260713,small_clinic,resource_constrained,seg-least_privilege|patch+1|det0|iso0|bak-isolated|idm1,workstation,4,55,191,least_privilege,0.5,0.3455,24,0.5,isolated,1,0,26,0.4727272727,26,5,26,-1,0,0,172,32,173,8,171,8,0,6,564,108.625,0.5497855392,1,97,-1,0,0.5714285714,0,1,192
10000295,optimization,20260713,small_clinic,resource_constrained,seg-least_privilege|patch+1|det0|iso0|bak-isolated|idm1,internet_facing,47,49,169,least_privilege,0.5,0.4082,24,0.5,isolated,1,0,2,0.04081632653,2,1,1,43,0,0,0,8,24,0,0,0,0,2,32,7,0.04289215686,0,104,58,1,1,0,1,67
10000296,optimization,20260713,small_clinic,resource_constrained,seg-least_privilege|patch+1|det0|iso1|bak-connected|idm0,workstation,1,54,203,least_privilege,0.5,0.3148,24,0.95,connected,0,1,27,0.5,27,6,27,94,1,1,82,73,57,65,116,57,102,7,552,99.025,0.3633578431,1,80,121,1,1,8,0,192
10000297,optimization,20260713,small_clinic,resource_constrained,seg-least_privilege|patch+1|det0|iso1|bak-connected|idm0,internet_facing,40,42,153,least_privilege,0.5,0.4762,24,0.95,connected,0,1,11,0.2619047619,11,5,10,83,0,1,73,73,73,82,75,73,0,6,449,87.55,0.3898590686,1,64,91,1,1,0,1,95
10000298,optimization,20260713,small_clinic,resource_constrained,seg-least_privilege|patch+1|det0|iso1|bak-connected|idm1,workstation,20,53,201,least_privilege,0.5,0.3962,24,0.95,connected,1,1,33,0.6226415094,33,7,34,-1,1,1,157,160,157,157,157,157,142,7,1087,206.375,0.8213848039,1,40,-1,0,0,12,0,192
10000299,optimization,20260713,small_clinic,resource_constrained,seg-least_privilege|patch+1|det0|iso1|bak-connected|idm1,internet_facing,49,51,196,least_privilege,0.5,0.3137,24,0.95,connected,1,1,22,0.431372549,22,7,21,-1,1,0,180,159,177,8,0,0,164,5,688,142.625,0.723192402,1,80,-1,0,0.4285714286,12,0,192
10000300,optimization,20260713,small_clinic,resource_constrained,seg-least_privilege|patch+1|det0|iso1|bak-isolated|idm0,workstation,7,42,144,least_privilege,0.5,0.3333,24,0.95,isolated,0,1,3,0.07142857143,3,1,2,48,0,0,0,0,0,0,0,0,8,1,8,1.2,0,0,32,0,1,1,0,1,54
10000301,optimization,20260713,small_clinic,resource_constrained,seg-least_privilege|patch+1|det0|iso1|bak-isolated|idm0,internet_facing,46,48,174,least_privilege,0.5,0.3958,24,0.95,isolated,0,1,17,0.3541666667,17,7,16,158,0,1,162,159,157,157,162,157,8,7,962,187.825,0.8278186275,1,104,168,1,1,0,1,191
10000302,optimization,20260713,small_clinic,resource_constrained,seg-least_privilege|patch+1|det0|iso1|bak-isolated|idm1,workstation,20,59,216,least_privilege,0.5,0.4407,24,0.95,isolated,1,1,32,0.5423728814,32,7,32,135,0,1,125,127,125,125,125,125,8,7,760,148.475,0.6534926471,1,104,146,1,1,0,1,165
10000303,optimization,20260713,small_clinic,resource_constrained,seg-least_privilege|patch+1|det0|iso1|bak-isolated|idm1,internet_facing,47,49,175,least_privilege,0.5,0.4898,24,0.95,isolated,1,1,10,0.2040816327,10,5,9,158,0,0,8,0,92,152,0,0,0,3,252,49.3,0.3020833333,1,40,165,1,1,0,1,169
10000304,optimization,20260713,small_clinic,resource_constrained,seg-least_privilege|patch+1|det1|iso0|bak-connected|idm0,workstation,3,40,140,least_privilege,0.5,0.5,12,0.5,connected,0,0,2,0.05,2,1,1,24,0,0,0,0,0,0,0,0,0,0,0,0,0,0,0,0,1,1,0,1,27
10000305,optimization,20260713,small_clinic,resource_constrained,seg-least_privilege|patch+1|det1|iso0|bak-connected|idm0,internet_facing,56,58,228,least_privilege,0.5,0.3793,12,0.5,connected,0,0,19,0.3275862069,19,7,19,99,1,1,112,122,115,136,112,112,110,7,819,154.975,0.6254595588,1,96,156,1,1,15,0,166
10000306,optimization,20260713,small_clinic,resource_constrained,seg-least_privilege|patch+1|det1|iso0|bak-connected|idm1,workstation,4,50,190,least_privilege,0.5,0.42,12,0.5,connected,1,0,3,0.06,3,1,2,8,0,0,0,0,0,0,0,0,0,0,0,0,0,0,8,0,1,1,0,1,19
10000307,optimization,20260713,small_clinic,resource_constrained,seg-least_privilege|patch+1|det1|iso0|bak-connected|idm1,internet_facing,54,56,203,least_privilege,0.5,0.3929,12,0.5,connected,1,0,3,0.05357142857,3,2,2,22,0,1,18,18,18,18,18,18,0,6,108,21.15,0.09375,1,0,24,1,1,0,1,26
10000308,optimization,20260713,small_clinic,resource_constrained,seg-least_privilege|patch+1|det1|iso0|bak-isolated|idm0,workstation,13,44,153,least_privilege,0.5,0.5,12,0.5,isolated,0,0,18,0.4090909091,18,5,17,59,0,1,25,37,33,35,56,25,0,6,211,38.425,0.1666666667,1,88,104,1,1,0,1,104
10000309,optimization,20260713,small_clinic,resource_constrained,seg-least_privilege|patch+1|det1|iso0|bak-isolated|idm0,internet_facing,45,47,165,least_privilege,0.5,0.383,12,0.5,isolated,0,0,1,0.02127659574,1,1,0,23,0,0,8,8,8,8,10,8,8,7,58,10.8,0.04166666667,0,40,34,1,1,0,1,34
10000310,optimization,20260713,small_clinic,resource_constrained,seg-least_privilege|patch+1|det1|iso0|bak-isolated|idm1,workstation,18,60,220,least_privilege,0.5,0.4,12,0.5,isolated,1,0,11,0.1833333333,11,3,10,33,0,0,0,28,0,0,0,0,0,1,28,5.6,0.03431372549,1,56,36,1,1,0,1,45
10000311,optimization,20260713,small_clinic,resource_constrained,seg-least_privilege|patch+1|det1|iso0|bak-isolated|idm1,internet_facing,52,54,194,least_privilege,0.5,0.4074,12,0.5,isolated,1,0,1,0.01851851852,1,1,0,9,0,0,0,0,0,0,0,0,0,0,0,0,0,0,0,0,1,1,0,1,11
10000312,optimization,20260713,small_clinic,resource_constrained,seg-least_privilege|patch+1|det1|iso1|bak-connected|idm0,workstation,17,56,215,least_privilege,0.5,0.4464,12,0.95,connected,0,1,6,0.1071428571,6,1,5,37,0,0,0,0,8,8,0,0,0,2,16,3.2,0.01960784314,0,104,40,1,1,0,1,60
10000313,optimization,20260713,small_clinic,resource_constrained,seg-least_privilege|patch+1|det1|iso1|bak-connected|idm0,internet_facing,54,56,201,least_privilege,0.5,0.4107,12,0.95,connected,0,1,3,0.05357142857,3,2,2,34,0,0,0,0,0,0,0,0,0,0,0,0,0,0,48,0,1,1,0,1,39
10000314,optimization,20260713,small_clinic,resource_constrained,seg-least_privilege|patch+1|det1|iso1|bak-connected|idm1,workstation,10,57,212,least_privilege,0.5,0.4386,12,0.95,connected,1,1,21,0.3684210526,21,4,20,131,0,0,42,63,8,8,0,0,0,4,121,26.3,0.1611519608,1,112,139,1,1,0,1,151
10000315,optimization,20260713,small_clinic,resource_constrained,seg-least_privilege|patch+1|det1|iso1|bak-connected|idm1,internet_facing,48,50,187,least_privilege,0.5,0.36,12,0.95,connected,1,1,7,0.14,7,3,6,38,0,0,33,8,28,8,8,8,0,6,93,20.15,0.1075367647,1,24,43,1,1,0,1,53
10000316,optimization,20260713,small_clinic,resource_constrained,seg-least_privilege|patch+1|det1|iso1|bak-isolated|idm0,workstation,7,48,170,least_privilege,0.5,0.5208,12,0.95,isolated,0,1,7,0.1458333333,7,3,6,57,0,0,50,0,0,59,0,0,0,2,109,22.825,0.1398590686,1,24,62,1,1,0,1,72
10000317,optimization,20260713,small_clinic,resource_constrained,seg-least_privilege|patch+1|det1|iso1|bak-isolated|idm0,internet_facing,56,58,219,least_privilege,0.5,0.3966,12,0.95,isolated,0,1,1,0.01724137931,1,1,0,6,0,0,0,0,0,0,0,0,0,0,0,0,0,0,32,0,1,1,0,1,22
10000318,optimization,20260713,small_clinic,resource_constrained,seg-least_privilege|patch+1|det1|iso1|bak-isolated|idm1,workstation,13,52,183,least_privilege,0.5,0.4038,12,0.95,isolated,1,1,1,0.01923076923,1,1,0,4,0,0,0,0,0,0,0,0,0,0,0,0,0,0,0,0,1,1,0,1,6
10000319,optimization,20260713,small_clinic,resource_constrained,seg-least_privilege|patch+1|det1|iso1|bak-isolated|idm1,internet_facing,44,46,159,least_privilege,0.5,0.4565,12,0.95,isolated,1,1,1,0.02173913043,1,1,0,1,0,0,0,0,0,0,0,0,0,0,0,0,0,0,0,0,1,1,0,1,3
10000320,optimization,20260713,small_clinic,resource_constrained,seg-least_privilege|patch+2|det0|iso0|bak-connected|idm0,workstation,21,54,199,least_privilege,0.75,0.6481,24,0.5,connected,0,0,10,0.1851851852,10,4,9,161,1,0,8,8,0,8,0,0,110,4,134,21.5,0.0306372549,0,136,154,1,1,4,0,192
10000321,optimization,20260713,small_clinic,resource_constrained,seg-least_privilege|patch+2|det0|iso0|bak-connected|idm0,internet_facing,38,40,142,least_privilege,0.75,0.65,24,0.5,connected,0,0,12,0.3,12,6,11,164,1,1,182,190,178,190,178,178,139,7,1235,235.5,0.9607843137,1,56,-1,0,0.5714285714,9,0,192
10000322,optimization,20260713,small_clinic,resource_constrained,seg-least_privilege|patch+2|det0|iso0|bak-connected|idm1,workstation,18,59,224,least_privilege,0.75,0.6271,24,0.5,connected,1,0,29,0.4915254237,29,4,28,161,0,0,8,146,139,0,131,0,24,5,448,79.175,0.3828125,1,96,176,1,1,0,1,187
10000323,optimization,20260713,small_clinic,resource_constrained,seg-least_privilege|patch+2|det0|iso0|bak-connected|idm1,internet_facing,58,60,232,least_privilege,0.75,0.65,24,0.5,connected,1,0,1,0.01666666667,1,1,0,3,0,0,0,0,0,0,0,0,0,0,0,0,0,0,32,0,1,1,0,1,25
10000324,optimization,20260713,small_clinic,resource_constrained,seg-least_privilege|patch+2|det0|iso0|bak-isolated|idm0,workstation,2,42,136,least_privilege,0.75,0.5238,24,0.5,isolated,0,0,1,0.02380952381,1,1,0,19,0,0,0,0,0,0,0,0,0,0,0,0,0,0,16,0,1,1,0,1,25
10000325,optimization,20260713,small_clinic,resource_constrained,seg-least_privilege|patch+2|det0|iso0|bak-isolated|idm0,internet_facing,47,49,172,least_privilege,0.75,0.7143,24,0.5,isolated,0,0,3,0.0612244898,3,2,2,70,0,1,33,33,33,33,33,33,0,6,198,38.775,0.171875,1,24,72,1,1,0,1,74
10000326,optimization,20260713,small_clinic,resource_constrained,seg-least_privilege|patch+2|det0|iso0|bak-isolated|idm1,workstation,1,44,155,least_privilege,0.75,0.75,24,0.5,isolated,1,0,15,0.3409090909,15,3,15,155,0,0,60,0,0,0,0,0,0,1,60,15,0.09191176471,1,64,157,1,1,0,1,172
10000327,optimization,20260713,small_clinic,resource_constrained,seg-least_privilege|patch+2|det0|iso0|bak-isolated|idm1,internet_facing,50,52,183,least_privilege,0.75,0.6538,24,0.5,isolated,1,0,3,0.05769230769,3,2,2,20,0,0,0,0,0,0,0,0,0,0,0,0,0,0,0,0,1,1,0,1,24
10000328,optimization,20260713,small_clinic,resource_constrained,seg-least_privilege|patch+2|det0|iso1|bak-connected|idm0,workstation,8,48,177,least_privilege,0.75,0.5208,24,0.95,connected,0,1,1,0.02083333333,1,1,0,4,0,0,0,0,0,0,0,0,0,0,0,0,0,0,0,0,1,1,0,1,6
10000329,optimization,20260713,small_clinic,resource_constrained,seg-least_privilege|patch+2|det0|iso1|bak-connected|idm0,internet_facing,58,60,236,least_privilege,0.75,0.6167,24,0.95,connected,0,1,23,0.3833333333,23,7,22,-1,1,1,165,165,165,165,167,165,0,6,992,194.075,0.859375,1,128,-1,0,0.1428571429,8,0,192
10000330,optimization,20260713,small_clinic,resource_constrained,seg-least_privilege|patch+2|det0|iso1|bak-connected|idm1,workstation,7,47,176,least_privilege,0.75,0.6383,24,0.95,connected,1,1,19,0.4042553191,19,4,19,113,0,0,0,102,100,0,0,0,8,3,210,44.1,0.2628676471,1,80,116,1,1,0,1,156
10000331,optimization,20260713,small_clinic,resource_constrained,seg-least_privilege|patch+2|det0|iso1|bak-connected|idm1,internet_facing,43,45,167,least_privilege,0.75,0.6444,24,0.95,connected,1,1,1,0.02222222222,1,1,0,6,0,0,0,0,0,0,0,0,0,0,0,0,0,0,0,0,1,1,0,1,8
10000332,optimization,20260713,small_clinic,resource_constrained,seg-least_privilege|patch+2|det0|iso1|bak-isolated|idm0,workstation,9,46,162,least_privilege,0.75,0.5,24,0.95,isolated,0,1,2,0.04347826087,2,1,1,46,0,0,0,0,8,0,0,0,0,1,8,1.8,0.01102941176,0,56,17,1,1,0,1,51
10000333,optimization,20260713,small_clinic,resource_constrained,seg-least_privilege|patch+2|det0|iso1|bak-isolated|idm0,internet_facing,53,55,197,least_privilege,0.75,0.6182,24,0.95,isolated,0,1,2,0.03636363636,2,1,1,9,0,0,0,0,0,0,0,0,0,0,0,0,0,0,24,0,1,1,0,1,26
10000334,optimization,20260713,small_clinic,resource_constrained,seg-least_privilege|patch+2|det0|iso1|bak-isolated|idm1,workstation,14,58,203,least_privilege,0.75,0.6724,24,0.95,isolated,1,1,36,0.6206896552,36,6,36,186,0,1,128,128,158,143,128,128,24,7,837,163.375,0.7241115196,1,96,-1,0,0.1428571429,0,1,192
10000335,optimization,20260713,small_clinic,resource_constrained,seg-least_privilege|patch+2|det0|iso1|bak-isolated|idm1,internet_facing,53,55,195,least_privilege,0.75,0.4727,24,0.95,isolated,1,1,48,0.8727272727,48,9,47,189,0,1,180,172,172,172,172,172,0,6,1040,204.1,0.9080882353,1,61,-1,0,0.1428571429,0,1,192
10000336,optimization,20260713,small_clinic,resource_constrained,seg-least_privilege|patch+2|det1|iso0|bak-connected|idm0,workstation,8,56,211,least_privilege,0.75,0.5893,12,0.5,connected,0,0,10,0.1785714286,10,2,9,66,0,0,8,8,8,47,8,8,8,7,95,17.425,0.08348651961,1,72,69,1,1,0,1,87
10000337,optimization,20260713,small_clinic,resource_constrained,seg-least_privilege|patch+2|det1|iso0|bak-connected|idm0,internet_facing,54,56,209,least_privilege,0.75,0.7143,12,0.5,connected,0,0,1,0.01785714286,1,1,0,24,0,0,0,8,0,8,0,0,0,2,16,3,0.01838235294,0,56,37,1,1,0,1,45
10000338,optimization,20260713,small_clinic,resource_constrained,seg-least_privilege|patch+2|det1|iso0|bak-connected|idm1,workstation,24,58,215,least_privilege,0.75,0.6034,12,0.5,connected,1,0,2,0.03448275862,2,1,1,40,0,0,0,0,0,8,0,0,0,1,8,1.4,0.008578431373,0,32,35,1,1,0,1,43
10000339,optimization,20260713,small_clinic,resource_constrained,seg-least_privilege|patch+2|det1|iso0|bak-connected|idm1,internet_facing,49,51,192,least_privilege,0.75,0.5098,12,0.5,connected,1,0,4,0.07843137255,4,3,3,23,0,1,25,25,25,25,25,25,0,6,150,29.375,0.1302083333,1,8,27,1,1,0,1,28
10000340,optimization,20260713,small_clinic,resource_constrained,seg-least_privilege|patch+2|det1|iso0|bak-isolated|idm0,workstation,10,42,137,least_privilege,0.75,0.5,12,0.5,isolated,0,0,16,0.380952381,16,4,15,112,0,0,58,51,53,8,8,8,16,7,202,43.025,0.2329963235,1,48,119,1,1,0,1,129
10000341,optimization,20260713,small_clinic,resource_constrained,seg-least_privilege|patch+2|det1|iso0|bak-isolated|idm0,internet_facing,55,57,203,least_privilege,0.75,0.6667,12,0.5,isolated,0,0,1,0.01754385965,1,1,0,4,0,0,8,8,8,8,8,8,0,6,48,9.4,0.04166666667,0,40,16,1,1,0,1,21
10000342,optimization,20260713,small_clinic,resource_constrained,seg-least_privilege|patch+2|det1|iso0|bak-isolated|idm1,workstation,4,52,181,least_privilege,0.75,0.6154,12,0.5,isolated,1,0,3,0.05769230769,3,1,2,31,0,0,0,0,0,0,0,0,0,0,0,0,0,0,8,0,1,1,0,1,35
10000343,optimization,20260713,small_clinic,resource_constrained,seg-least_privilege|patch+2|det1|iso0|bak-isolated|idm1,internet_facing,49,51,175,least_privilege,0.75,0.4706,12,0.5,isolated,1,0,1,0.01960784314,1,1,0,7,0,0,0,0,8,0,0,0,0,1,8,1.8,0.01102941176,0,8,12,1,1,0,1,12
10000344,optimization,20260713,small_clinic,resource_constrained,seg-least_privilege|patch+2|det1|iso1|bak-connected|idm0,workstation,18,49,184,least_privilege,0.75,0.6735,12,0.95,connected,0,1,6,0.1224489796,6,1,5,61,0,0,0,8,8,0,0,0,16,3,32,5.8,0.02083333333,0,80,63,1,1,0,1,91
10000345,optimization,20260713,small_clinic,resource_constrained,seg-least_privilege|patch+2|det1|iso1|bak-connected|idm0,internet_facing,57,59,213,least_privilege,0.75,0.5254,12,0.95,connected,0,1,5,0.08474576271,5,2,4,31,0,0,0,8,0,21,8,0,0,3,37,6.075,0.03232230392,1,48,46,1,1,0,1,50
10000346,optimization,20260713,small_clinic,resource_constrained,seg-least_privilege|patch+2|det1|iso1|bak-connected|idm1,workstation,0,52,197,least_privilege,0.75,0.6731,12,0.95,connected,1,1,12,0.2307692308,12,2,11,42,0,0,16,8,8,8,16,8,0,6,64,12.2,0.05392156863,0,56,50,1,1,0,1,63
10000347,optimization,20260713,small_clinic,resource_constrained,seg-least_privilege|patch+2|det1|iso1|bak-connected|idm1,internet_facing,51,53,191,least_privilege,0.75,0.6226,12,0.95,connected,1,1,1,0.01886792453,1,1,0,4,0,0,0,0,0,0,0,0,0,0,0,0,0,0,8,0,1,1,0,1,11
10000348,optimization,20260713,small_clinic,resource_constrained,seg-least_privilege|patch+2|det1|iso1|bak-isolated|idm0,workstation,12,46,165,least_privilege,0.75,0.5652,12,0.95,isolated,0,1,1,0.02173913043,1,1,0,39,0,0,0,0,0,0,0,0,0,0,0,0,0,0,24,0,1,1,0,1,42
10000349,optimization,20260713,small_clinic,resource_constrained,seg-least_privilege|patch+2|det1|iso1|bak-isolated|idm0,internet_facing,41,43,144,least_privilege,0.75,0.5581,12,0.95,isolated,0,1,1,0.02325581395,1,1,0,13,0,0,0,0,0,0,0,0,0,0,0,0,0,0,8,0,1,1,0,1,17
10000350,optimization,20260713,small_clinic,resource_constrained,seg-least_privilege|patch+2|det1|iso1|bak-isolated|idm1,workstation,11,55,190,least_privilege,0.75,0.5818,12,0.95,isolated,1,1,17,0.3090909091,17,3,16,94,0,0,8,8,16,16,93,8,0,6,149,21.1,0.0612745098,0,88,114,1,1,0,1,114
10000351,optimization,20260713,small_clinic,resource_constrained,seg-least_privilege|patch+2|det1|iso1|bak-isolated|idm1,internet_facing,38,40,133,least_privilege,0.75,0.75,12,0.95,isolated,1,1,1,0.025,1,1,0,6,0,0,0,0,0,0,0,0,0,0,0,0,0,0,0,0,1,1,0,1,8
10000352,optimization,20260713,small_clinic,resource_constrained,seg-least_privilege|patch+3|det0|iso0|bak-connected|idm0,workstation,15,48,172,least_privilege,0.9,0.875,24,0.5,connected,0,0,2,0.04166666667,2,1,1,57,0,0,0,0,0,0,8,0,0,1,8,0.8,0,0,48,0,1,1,0,1,60
10000353,optimization,20260713,small_clinic,resource_constrained,seg-least_privilege|patch+3|det0|iso0|bak-connected|idm0,internet_facing,54,56,209,least_privilege,0.9,0.7143,24,0.5,connected,0,0,1,0.01785714286,1,1,0,3,0,0,0,0,0,0,0,0,0,0,0,0,0,0,8,0,1,1,0,1,11
10000354,optimization,20260713,small_clinic,resource_constrained,seg-least_privilege|patch+3|det0|iso0|bak-connected|idm1,workstation,17,48,170,least_privilege,0.9,0.6875,24,0.5,connected,1,0,9,0.1875,9,2,8,178,0,0,96,8,24,8,8,8,0,6,152,35,0.1985294118,1,112,181,1,1,0,1,188
10000355,optimization,20260713,small_clinic,resource_constrained,seg-least_privilege|patch+3|det0|iso0|bak-connected|idm1,internet_facing,39,41,149,least_privilege,0.9,0.7805,24,0.5,connected,1,0,1,0.0243902439,1,1,0,44,0,0,0,8,0,0,0,0,0,1,8,1.6,0.009803921569,0,48,27,1,1,0,1,52
10000356,optimization,20260713,small_clinic,resource_constrained,seg-least_privilege|patch+3|det0|iso0|bak-isolated|idm0,workstation,7,54,188,least_privilege,0.9,0.6111,24,0.5,isolated,0,0,30,0.5555555556,30,6,30,123,0,1,105,96,89,88,88,88,0,6,554,109.475,0.495557598,1,96,141,1,1,0,1,152
10000357,optimization,20260713,small_clinic,resource_constrained,seg-least_privilege|patch+3|det0|iso0|bak-isolated|idm0,internet_facing,49,51,181,least_privilege,0.9,0.7451,24,0.5,isolated,0,0,11,0.2156862745,11,4,10,-1,0,0,179,0,19,0,0,0,16,3,214,51.425,0.3003982843,1,126,-1,0,0.7142857143,0,1,192
10000358,optimization,20260713,small_clinic,resource_constrained,seg-least_privilege|patch+3|det0|iso0|bak-isolated|idm1,workstation,3,48,166,least_privilege,0.9,0.6875,24,0.5,isolated,1,0,18,0.375,18,4,18,-1,0,0,130,131,88,0,8,0,0,4,357,79.3,0.481004902,1,88,-1,0,0.5714285714,0,1,192
10000359,optimization,20260713,small_clinic,resource_constrained,seg-least_privilege|patch+3|det0|iso0|bak-isolated|idm1,internet_facing,39,41,138,least_privilege,0.9,0.7073,24,0.5,isolated,1,0,6,0.1463414634,6,3,5,64,0,0,53,0,0,0,8,0,0,2,61,14.05,0.08118872549,1,32,67,1,1,0,1,71
10000360,optimization,20260713,small_clinic,resource_constrained,seg-least_privilege|patch+3|det0|iso1|bak-connected|idm0,workstation,15,47,169,least_privilege,0.9,0.617,24,0.95,connected,0,1,30,0.6382978723,30,7,29,-1,1,1,155,147,147,163,147,147,123,7,1029,195.975,0.7950367647,1,112,-1,0,0,7,0,192
10000361,optimization,20260713,small_clinic,resource_constrained,seg-least_privilege|patch+3|det0|iso1|bak-connected|idm0,internet_facing,51,53,190,least_privilege,0.9,0.8113,24,0.95,connected,0,1,1,0.01886792453,1,1,0,52,0,0,0,8,0,0,7,0,8,3,23,3.5,0.009803921569,0,56,32,1,1,0,1,54
10000362,optimization,20260713,small_clinic,resource_constrained,seg-least_privilege|patch+3|det0|iso1|bak-connected|idm1,workstation,14,47,176,least_privilege,0.9,0.7872,24,0.95,connected,1,1,9,0.1914893617,9,3,8,51,0,0,0,49,51,0,0,0,0,2,100,21.275,0.1303615196,1,24,54,1,1,0,1,64
10000363,optimization,20260713,small_clinic,resource_constrained,seg-least_privilege|patch+3|det0|iso1|bak-connected|idm1,internet_facing,38,40,141,least_privilege,0.9,0.875,24,0.95,connected,1,1,2,0.05,2,1,1,76,0,0,0,0,0,0,0,0,0,0,0,0,0,0,32,0,1,1,0,1,79
10000364,optimization,20260713,small_clinic,resource_constrained,seg-least_privilege|patch+3|det0|iso1|bak-isolated|idm0,workstation,9,41,144,least_privilege,0.9,0.7805,24,0.95,isolated,0,1,6,0.1463414634,6,1,5,56,0,0,0,0,0,0,0,0,8,1,8,1.2,0,0,56,0,1,1,0,1,65
10000365,optimization,20260713,small_clinic,resource_constrained,seg-least_privilege|patch+3|det0|iso1|bak-isolated|idm0,internet_facing,58,60,205,least_privilege,0.9,0.7,24,0.95,isolated,0,1,1,0.01666666667,1,1,0,32,0,0,0,8,0,0,0,0,0,1,8,1.6,0.009803921569,0,24,34,1,1,0,1,38
10000366,optimization,20260713,small_clinic,resource_constrained,seg-least_privilege|patch+3|det0|iso1|bak-isolated|idm1,workstation,17,58,212,least_privilege,0.9,0.7586,24,0.95,isolated,1,1,2,0.03448275862,2,1,1,15,0,0,0,0,0,0,0,0,8,1,8,1.2,0,0,16,0,1,1,0,1,18
10000367,optimization,20260713,small_clinic,resource_constrained,seg-least_privilege|patch+3|det0|iso1|bak-isolated|idm1,internet_facing,46,48,167,least_privilege,0.9,0.7917,24,0.95,isolated,1,1,1,0.02083333333,1,1,0,17,0,0,0,0,0,0,0,0,0,0,0,0,0,0,32,0,1,1,0,1,35
10000368,optimization,20260713,small_clinic,resource_constrained,seg-least_privilege|patch+3|det1|iso0|bak-connected|idm0,workstation,17,54,195,least_privilege,0.9,0.7778,12,0.5,connected,0,0,5,0.09259259259,5,2,4,19,0,0,0,0,0,0,0,0,0,0,0,0,0,0,24,0,1,1,0,1,25
10000369,optimization,20260713,small_clinic,resource_constrained,seg-least_privilege|patch+3|det1|iso0|bak-connected|idm0,internet_facing,40,42,151,least_privilege,0.9,0.7143,12,0.5,connected,0,0,1,0.02380952381,1,1,0,18,0,0,0,0,0,0,0,0,0,0,0,0,0,0,24,0,1,1,0,1,29
10000370,optimization,20260713,small_clinic,resource_constrained,seg-least_privilege|patch+3|det1|iso0|bak-connected|idm1,workstation,8,55,206,least_privilege,0.9,0.8,12,0.5,connected,1,0,5,0.09090909091,5,1,4,44,0,0,0,0,0,0,0,0,0,0,0,0,0,0,56,0,1,1,0,1,55
10000371,optimization,20260713,small_clinic,resource_constrained,seg-least_privilege|patch+3|det1|iso0|bak-connected|idm1,internet_facing,51,53,188,least_privilege,0.9,0.6415,12,0.5,connected,1,0,13,0.2452830189,13,4,12,108,0,0,24,16,30,48,16,16,8,7,158,30.75,0.1492034314,1,96,112,1,1,0,1,122
10000372,optimization,20260713,small_clinic,resource_constrained,seg-least_privilege|patch+3|det1|iso0|bak-isolated|idm0,workstation,11,41,146,least_privilege,0.9,0.7805,12,0.5,isolated,0,0,10,0.243902439,10,1,9,72,0,0,16,8,13,8,8,8,0,6,61,12.525,0.06081495098,1,40,86,1,1,0,1,87
10000373,optimization,20260713,small_clinic,resource_constrained,seg-least_privilege|patch+3|det1|iso0|bak-isolated|idm0,internet_facing,48,50,176,least_privilege,0.9,0.8,12,0.5,isolated,0,0,3,0.06,3,2,2,66,0,0,58,0,0,0,0,0,0,1,58,14.5,0.08884803922,1,24,68,1,1,0,1,70
10000374,optimization,20260713,small_clinic,resource_constrained,seg-least_privilege|patch+3|det1|iso0|bak-isolated|idm1,workstation,1,40,130,least_privilege,0.9,0.75,12,0.5,isolated,1,0,1,0.025,1,1,0,5,0,0,8,8,8,0,0,0,0,3,24,5.4,0.03308823529,0,40,24,1,1,0,1,24
10000375,optimization,20260713,small_clinic,resource_constrained,seg-least_privilege|patch+3|det1|iso0|bak-isolated|idm1,internet_facing,44,46,153,least_privilege,0.9,0.7174,12,0.5,isolated,1,0,1,0.02173913043,1,1,0,12,0,0,0,0,0,0,0,0,0,0,0,0,0,0,8,0,1,1,0,1,19
10000376,optimization,20260713,small_clinic,resource_constrained,seg-least_privilege|patch+3|det1|iso1|bak-connected|idm0,workstation,6,42,151,least_privilege,0.9,0.7619,12,0.95,connected,0,1,2,0.04761904762,2,1,1,16,0,0,8,0,0,8,0,0,0,2,16,3.4,0.02083333333,0,32,12,1,1,0,1,26
10000377,optimization,20260713,small_clinic,resource_constrained,seg-least_privilege|patch+3|det1|iso1|bak-connected|idm0,internet_facing,56,59,224,least_privilege,0.9,0.6949,12,0.95,connected,0,1,1,0.01694915254,1,1,0,12,0,0,0,0,0,0,0,0,0,0,0,0,0,0,8,0,1,1,0,1,15
10000378,optimization,20260713,small_clinic,resource_constrained,seg-least_privilege|patch+3|det1|iso1|bak-connected|idm1,workstation,5,44,155,least_privilege,0.9,0.7273,12,0.95,connected,1,1,1,0.02272727273,1,1,0,1,0,0,0,0,0,0,0,0,0,0,0,0,0,0,0,0,1,1,0,1,3
10000379,optimization,20260713,small_clinic,resource_constrained,seg-least_privilege|patch+3|det1|iso1|bak-connected|idm1,internet_facing,39,41,143,least_privilege,0.9,0.7805,12,0.95,connected,1,1,1,0.0243902439,1,1,0,1,0,0,0,0,0,0,0,0,0,0,0,0,0,0,0,0,1,1,0,1,3
10000380,optimization,20260713,small_clinic,resource_constrained,seg-least_privilege|patch+3|det1|iso1|bak-isolated|idm0,workstation,6,57,206,least_privilege,0.9,0.7368,12,0.95,isolated,0,1,1,0.01754385965,1,1,0,1,0,0,0,0,0,0,0,0,0,0,0,0,0,0,0,0,1,1,0,1,3
10000381,optimization,20260713,small_clinic,resource_constrained,seg-least_privilege|patch+3|det1|iso1|bak-isolated|idm0,internet_facing,50,52,180,least_privilege,0.9,0.7115,12,0.95,isolated,0,1,3,0.05769230769,3,2,2,22,0,1,19,19,19,19,19,19,0,6,114,22.325,0.09895833333,1,24,25,1,1,0,1,38
10000382,optimization,20260713,small_clinic,resource_constrained,seg-least_privilege|patch+3|det1|iso1|bak-isolated|idm1,workstation,7,56,195,least_privilege,0.9,0.8036,12,0.95,isolated,1,1,4,0.07142857143,4,1,3,24,0,0,0,0,0,0,0,0,0,0,0,0,0,0,16,0,1,1,0,1,32
10000383,optimization,20260713,small_clinic,resource_constrained,seg-least_privilege|patch+3|det1|iso1|bak-isolated|idm1,internet_facing,44,46,161,least_privilege,0.9,0.6739,12,0.95,isolated,1,1,1,0.02173913043,1,1,0,1,0,0,0,0,0,0,0,0,0,0,0,0,0,0,0,0,1,1,0,1,3
10000384,optimization,20260713,small_clinic,intermediate_capacity,seg-flat|patch+0|det0|iso0|bak-connected|idm0,workstation,7,40,286,flat,0.5,0.5,12,0.7,connected,0,0,38,0.95,38,10,38,47,1,1,85,101,89,117,137,85,96,7,710,129.175,0.5021446078,1,68,-1,0,0.8571428571,12,0,192
10000385,optimization,20260713,small_clinic,intermediate_capacity,seg-flat|patch+0|det0|iso0|bak-connected|idm0,internet_facing,47,49,337,flat,0.5,0.5306,12,0.7,connected,0,0,41,0.8367346939,41,10,42,81,1,1,111,123,115,136,171,111,129,7,896,163.45,0.6251531863,1,24,142,1,1,13,0,192
10000386,optimization,20260713,small_clinic,intermediate_capacity,seg-flat|patch+0|det0|iso0|bak-connected|idm1,workstation,6,40,284,flat,0.5,0.4,12,0.7,connected,1,0,1,0.025,1,1,0,3,0,0,0,0,0,0,0,0,0,0,0,0,0,0,0,0,1,1,0,1,5
10000387,optimization,20260713,small_clinic,intermediate_capacity,seg-flat|patch+0|det0|iso0|bak-connected|idm1,internet_facing,47,49,330,flat,0.5,0.551,12,0.7,connected,1,0,45,0.9183673469,45,10,46,109,1,1,146,150,146,158,186,146,144,7,1076,200.05,0.7781862745,1,24,166,1,0.8571428571,12,0,192
10000388,optimization,20260713,small_clinic,intermediate_capacity,seg-flat|patch+0|det0|iso0|bak-isolated|idm0,workstation,2,43,275,flat,0.5,0.3488,12,0.7,isolated,0,0,38,0.8837209302,38,9,38,70,0,1,83,81,82,86,89,74,8,7,503,97.2,0.4316789216,1,48,106,1,1,0,1,109
10000389,optimization,20260713,small_clinic,intermediate_capacity,seg-flat|patch+0|det0|iso0|bak-isolated|idm0,internet_facing,49,51,315,flat,0.5,0.4706,12,0.7,isolated,0,0,43,0.8431372549,43,9,43,72,0,1,85,85,85,85,92,83,8,7,523,101.325,0.4427083333,1,32,87,1,1,0,1,116
10000390,optimization,20260713,small_clinic,intermediate_capacity,seg-flat|patch+0|det0|iso0|bak-isolated|idm1,workstation,0,59,393,flat,0.5,0.3898,12,0.7,isolated,1,0,50,0.8474576271,50,9,53,106,0,1,108,108,106,109,118,105,0,6,654,126.95,0.560814951,1,96,121,1,1,0,1,159
10000391,optimization,20260713,small_clinic,intermediate_capacity,seg-flat|patch+0|det0|iso0|bak-isolated|idm1,internet_facing,45,47,296,flat,0.5,0.4894,12,0.7,isolated,1,0,39,0.829787234,39,9,38,86,0,1,107,104,112,106,114,102,8,7,653,126.85,0.5594362745,1,64,135,1,1,0,1,135
10000392,optimization,20260713,small_clinic,intermediate_capacity,seg-flat|patch+0|det0|iso1|bak-connected|idm0,workstation,4,41,278,flat,0.5,0.3902,12,0.95,connected,0,1,1,0.0243902439,1,1,0,1,0,0,0,8,0,0,0,0,0,1,8,1.6,0.009803921569,0,24,11,1,1,0,1,16
10000393,optimization,20260713,small_clinic,intermediate_capacity,seg-flat|patch+0|det0|iso1|bak-connected|idm0,internet_facing,52,54,354,flat,0.5,0.3333,12,0.95,connected,0,1,46,0.8518518519,46,10,46,89,1,1,118,115,119,137,174,115,137,7,915,167.075,0.6326593137,1,40,142,1,1,13,0,192
10000394,optimization,20260713,small_clinic,intermediate_capacity,seg-flat|patch+0|det0|iso1|bak-connected|idm1,workstation,7,54,351,flat,0.5,0.5556,12,0.95,connected,1,1,1,0.01851851852,1,1,0,1,0,0,0,0,0,0,0,0,0,0,0,0,0,0,0,0,1,1,0,1,3
10000395,optimization,20260713,small_clinic,intermediate_capacity,seg-flat|patch+0|det0|iso1|bak-connected|idm1,internet_facing,40,42,281,flat,0.5,0.4524,12,0.95,connected,1,1,34,0.8095238095,34,10,33,109,1,1,132,147,140,141,182,132,152,7,1026,189.275,0.7265625,1,38,154,1,1,10,0,192
10000396,optimization,20260713,small_clinic,intermediate_capacity,seg-flat|patch+0|det0|iso1|bak-isolated|idm0,workstation,20,50,317,flat,0.5,0.5,12,0.95,isolated,0,1,2,0.04,2,2,1,3,0,0,0,0,0,0,0,0,0,0,0,0,0,0,0,0,1,1,0,1,6
10000397,optimization,20260713,small_clinic,intermediate_capacity,seg-flat|patch+0|det0|iso1|bak-isolated|idm0,internet_facing,40,42,270,flat,0.5,0.5476,12,0.95,isolated,0,1,28,0.6666666667,28,9,27,104,0,1,106,107,106,106,115,106,0,6,646,125.65,0.5533088235,1,32,115,1,1,0,1,133
10000398,optimization,20260713,small_clinic,intermediate_capacity,seg-flat|patch+0|det0|iso1|bak-isolated|idm1,workstation,21,57,343,flat,0.5,0.2807,12,0.95,isolated,1,1,1,0.01754385965,1,1,0,13,0,0,0,0,8,0,0,0,0,1,8,1.8,0.01102941176,0,16,10,1,1,0,1,19
10000399,optimization,20260713,small_clinic,intermediate_capacity,seg-flat|patch+0|det0|iso1|bak-isolated|idm1,internet_facing,47,49,311,flat,0.5,0.4286,12,0.95,isolated,1,1,34,0.693877551,34,9,34,86,0,1,92,91,95,98,103,86,8,7,573,110.575,0.4885110294,1,64,100,1,1,0,1,121
10000400,optimization,20260713,small_clinic,intermediate_capacity,seg-flat|patch+0|det1|iso0|bak-connected|idm0,workstation,7,46,321,flat,0.5,0.413,6,0.7,connected,0,0,21,0.4565217391,21,8,20,36,1,1,59,71,73,66,61,58,35,7,423,81.325,0.3488051471,1,112,140,1,1,7,0,140
10000401,optimization,20260713,small_clinic,intermediate_capacity,seg-flat|patch+0|det1|iso0|bak-connected|idm0,internet_facing,51,53,346,flat,0.5,0.3962,6,0.7,connected,0,0,44,0.8301886792,44,10,44,58,1,1,78,102,85,101,143,78,103,7,690,124,0.4699754902,1,32,128,1,1,12,0,192
10000402,optimization,20260713,small_clinic,intermediate_capacity,seg-flat|patch+0|det1|iso0|bak-connected|idm1,workstation,17,60,409,flat,0.5,0.3833,6,0.7,connected,1,0,4,0.06666666667,4,1,3,12,0,0,0,0,0,0,0,0,0,0,0,0,0,0,0,0,1,1,0,1,17
10000403,optimization,20260713,small_clinic,intermediate_capacity,seg-flat|patch+0|det1|iso0|bak-connected|idm1,internet_facing,51,53,341,flat,0.5,0.4528,6,0.7,connected,1,0,12,0.2264150943,12,5,11,38,1,0,44,0,8,0,0,0,58,3,110,21.5,0.07843137255,1,72,105,1,1,4,0,105
10000404,optimization,20260713,small_clinic,intermediate_capacity,seg-flat|patch+0|det1|iso0|bak-isolated|idm0,workstation,16,56,354,flat,0.5,0.5,6,0.7,isolated,0,0,3,0.05357142857,3,1,2,9,0,0,0,0,0,0,0,0,0,0,0,0,0,0,8,0,1,1,0,1,13
10000405,optimization,20260713,small_clinic,intermediate_capacity,seg-flat|patch+0|det1|iso0|bak-isolated|idm0,internet_facing,56,58,377,flat,0.5,0.5172,6,0.7,isolated,0,0,25,0.4310344828,25,7,24,49,0,0,47,52,48,60,59,0,8,6,274,50.55,0.2662377451,1,64,61,1,1,0,1,80
10000406,optimization,20260713,small_clinic,intermediate_capacity,seg-flat|patch+0|det1|iso0|bak-isolated|idm1,workstation,11,51,312,flat,0.5,0.4902,6,0.7,isolated,1,0,27,0.5294117647,27,8,27,32,0,1,34,34,35,34,37,34,0,6,208,40.475,0.1784620098,1,8,42,1,1,0,1,60
10000407,optimization,20260713,small_clinic,intermediate_capacity,seg-flat|patch+0|det1|iso0|bak-isolated|idm1,internet_facing,57,59,368,flat,0.5,0.4407,6,0.7,isolated,1,0,6,0.1016949153,6,4,5,42,0,0,0,0,8,0,0,0,0,1,8,1.8,0.01102941176,0,48,26,1,1,0,1,58
10000408,optimization,20260713,small_clinic,intermediate_capacity,seg-flat|patch+0|det1|iso1|bak-connected|idm0,workstation,13,50,337,flat,0.5,0.48,6,0.95,connected,0,1,38,0.76,38,10,38,44,1,1,93,90,82,110,139,82,101,7,697,126.45,0.4837622549,1,109,170,1,0.8571428571,13,0,192
10000409,optimization,20260713,small_clinic,intermediate_capacity,seg-flat|patch+0|det1|iso1|bak-connected|idm0,internet_facing,44,46,310,flat,0.5,0.4348,6,0.95,connected,0,1,1,0.02173913043,1,1,0,2,0,0,0,0,0,0,0,0,0,0,0,0,0,0,8,0,1,1,0,1,12
10000410,optimization,20260713,small_clinic,intermediate_capacity,seg-flat|patch+0|det1|iso1|bak-connected|idm1,workstation,0,42,295,flat,0.5,0.5238,6,0.95,connected,1,1,21,0.5,21,9,20,58,1,1,78,73,73,61,71,61,65,7,482,91.775,0.375,1,160,135,1,1,7,0,150
10000411,optimization,20260713,small_clinic,intermediate_capacity,seg-flat|patch+0|det1|iso1|bak-connected|idm1,internet_facing,55,57,383,flat,0.5,0.4386,6,0.95,connected,1,1,39,0.6842105263,39,10,40,71,1,1,102,100,89,111,143,86,103,7,734,134.05,0.5205269608,1,102,130,1,1,13,0,192
10000412,optimization,20260713,small_clinic,intermediate_capacity,seg-flat|patch+0|det1|iso1|bak-isolated|idm0,workstation,3,46,298,flat,0.5,0.5,6,0.95,isolated,0,1,2,0.04347826087,2,2,1,3,0,0,0,0,0,0,0,0,0,0,0,0,0,0,16,0,1,1,0,1,14
10000413,optimization,20260713,small_clinic,intermediate_capacity,seg-flat|patch+0|det1|iso1|bak-isolated|idm0,internet_facing,52,54,348,flat,0.5,0.4074,6,0.95,isolated,0,1,27,0.5,27,9,27,52,0,1,54,52,46,55,58,33,8,7,306,58.3,0.2688419118,1,24,61,1,1,0,1,86
10000414,optimization,20260713,small_clinic,intermediate_capacity,seg-flat|patch+0|det1|iso1|bak-isolated|idm1,workstation,8,44,285,flat,0.5,0.4318,6,0.95,isolated,1,1,7,0.1590909091,7,3,6,13,0,1,11,11,11,11,19,11,0,6,74,13.725,0.05729166667,1,24,15,1,1,0,1,32
10000415,optimization,20260713,small_clinic,intermediate_capacity,seg-flat|patch+0|det1|iso1|bak-isolated|idm1,internet_facing,48,50,304,flat,0.5,0.52,6,0.95,isolated,1,1,2,0.04,2,2,1,9,0,0,0,5,0,0,0,0,8,2,13,2.2,0.00612745098,0,24,11,1,1,0,1,17
10000416,optimization,20260713,small_clinic,intermediate_capacity,seg-flat|patch+1|det0|iso0|bak-connected|idm0,workstation,2,49,324,flat,0.75,0.6122,12,0.7,connected,0,0,6,0.1224489796,6,2,5,16,0,0,0,0,0,0,0,0,0,0,0,0,0,0,0,0,1,1,0,1,23
10000417,optimization,20260713,small_clinic,intermediate_capacity,seg-flat|patch+1|det0|iso0|bak-connected|idm0,internet_facing,51,53,365,flat,0.75,0.6981,12,0.7,connected,0,0,47,0.8867924528,47,10,46,105,1,1,139,147,126,136,186,121,147,7,1002,184.175,0.712622549,1,66,-1,0,0.7142857143,14,0,192
10000418,optimization,20260713,small_clinic,intermediate_capacity,seg-flat|patch+1|det0|iso0|bak-connected|idm1,workstation,9,44,302,flat,0.75,0.75,12,0.7,connected,1,0,29,0.6590909091,29,10,28,94,1,1,132,115,125,131,115,115,119,7,852,162.275,0.6559436275,1,71,-1,0,0.8571428571,11,0,192
10000419,optimization,20260713,small_clinic,intermediate_capacity,seg-flat|patch+1|det0|iso0|bak-connected|idm1,internet_facing,55,57,387,flat,0.75,0.6491,12,0.7,connected,1,0,32,0.5614035088,32,10,31,89,1,1,104,119,105,127,159,102,133,7,849,154.45,0.5860906863,1,92,143,1,1,14,0,192
10000420,optimization,20260713,small_clinic,intermediate_capacity,seg-flat|patch+1|det0|iso0|bak-isolated|idm0,workstation,16,50,321,flat,0.75,0.64,12,0.7,isolated,0,0,38,0.76,38,9,38,98,0,1,105,99,101,99,117,95,16,7,632,121.575,0.5275735294,1,144,141,1,1,0,1,181
10000421,optimization,20260713,small_clinic,intermediate_capacity,seg-flat|patch+1|det0|iso0|bak-isolated|idm0,internet_facing,52,54,352,flat,0.75,0.7407,12,0.7,isolated,0,0,39,0.7222222222,39,9,38,122,0,1,90,82,121,94,94,82,0,6,563,110.425,0.5059742647,1,88,145,1,1,0,1,160
10000422,optimization,20260713,small_clinic,intermediate_capacity,seg-flat|patch+1|det0|iso0|bak-isolated|idm1,workstation,11,54,336,flat,0.75,0.7778,12,0.7,isolated,1,0,5,0.09259259259,5,1,4,20,0,0,0,0,0,0,0,0,0,0,0,0,0,0,24,0,1,1,0,1,26
10000423,optimization,20260713,small_clinic,intermediate_capacity,seg-flat|patch+1|det0|iso0|bak-isolated|idm1,internet_facing,55,57,368,flat,0.75,0.7544,12,0.7,isolated,1,0,2,0.0350877193,2,2,1,8,0,0,0,0,0,0,0,0,0,0,0,0,0,0,32,0,1,1,0,1,25
10000424,optimization,20260713,small_clinic,intermediate_capacity,seg-flat|patch+1|det0|iso1|bak-connected|idm0,workstation,3,51,344,flat,0.75,0.6863,12,0.95,connected,0,1,2,0.03921568627,2,2,1,17,0,0,0,0,0,0,0,0,8,1,8,1.2,0,0,24,0,1,1,0,1,26
10000425,optimization,20260713,small_clinic,intermediate_capacity,seg-flat|patch+1|det0|iso1|bak-connected|idm0,internet_facing,53,55,374,flat,0.75,0.6364,12,0.95,connected,0,1,3,0.05454545455,3,3,2,5,0,0,0,0,4,0,0,0,0,1,4,0.9,0.005514705882,0,56,7,1,1,0,1,23
10000426,optimization,20260713,small_clinic,intermediate_capacity,seg-flat|patch+1|det0|iso1|bak-connected|idm1,workstation,0,53,354,flat,0.75,0.6038,12,0.95,connected,1,1,45,0.8490566038,45,10,47,65,1,1,97,110,107,120,161,97,115,7,807,146.5,0.5595894608,1,77,131,1,1,15,0,192
10000427,optimization,20260713,small_clinic,intermediate_capacity,seg-flat|patch+1|det0|iso1|bak-connected|idm1,internet_facing,51,53,352,flat,0.75,0.7358,12,0.95,connected,1,1,1,0.01886792453,1,1,0,2,0,0,0,0,0,0,0,0,0,0,0,0,0,0,0,0,1,1,0,1,4
10000428,optimization,20260713,small_clinic,intermediate_capacity,seg-flat|patch+1|det0|iso1|bak-isolated|idm0,workstation,4,41,277,flat,0.75,0.7317,12,0.95,isolated,0,1,1,0.0243902439,1,1,0,5,0,0,0,0,0,0,0,0,0,0,0,0,0,0,0,0,1,1,0,1,7
10000429,optimization,20260713,small_clinic,intermediate_capacity,seg-flat|patch+1|det0|iso1|bak-isolated|idm0,internet_facing,45,47,303,flat,0.75,0.7021,12,0.95,isolated,0,1,1,0.02127659574,1,1,0,5,0,0,0,0,0,0,0,0,0,0,0,0,0,0,0,0,1,1,0,1,7
10000430,optimization,20260713,small_clinic,intermediate_capacity,seg-flat|patch+1|det0|iso1|bak-isolated|idm1,workstation,1,57,360,flat,0.75,0.6842,12,0.95,isolated,1,1,2,0.0350877193,2,1,1,20,0,0,0,0,0,0,8,0,16,2,24,3.2,0,0,32,0,1,1,0,1,27
10000431,optimization,20260713,small_clinic,intermediate_capacity,seg-flat|patch+1|det0|iso1|bak-isolated|idm1,internet_facing,56,58,374,flat,0.75,0.7586,12,0.95,isolated,1,1,39,0.6724137931,39,9,43,85,0,1,94,91,88,92,103,86,8,7,562,108.45,0.4754901961,1,56,106,1,1,0,1,126
10000432,optimization,20260713,small_clinic,intermediate_capacity,seg-flat|patch+1|det1|iso0|bak-connected|idm0,workstation,14,57,376,flat,0.75,0.7368,6,0.7,connected,0,0,2,0.0350877193,2,2,1,9,1,0,0,0,0,8,0,0,7,2,15,2.45,0.008578431373,0,24,25,1,1,1,0,25
10000433,optimization,20260713,small_clinic,intermediate_capacity,seg-flat|patch+1|det1|iso0|bak-connected|idm0,internet_facing,50,52,339,flat,0.75,0.6538,6,0.7,connected,0,0,4,0.07692307692,4,3,3,25,1,0,0,8,0,0,28,0,30,3,66,8.9,0.009803921569,0,32,17,1,1,1,0,43
10000434,optimization,20260713,small_clinic,intermediate_capacity,seg-flat|patch+1|det1|iso0|bak-connected|idm1,workstation,8,56,371,flat,0.75,0.6786,6,0.7,connected,1,0,4,0.07142857143,4,1,3,10,0,0,8,0,0,0,0,0,8,2,16,3.2,0.01225490196,0,104,28,1,1,0,1,48
10000435,optimization,20260713,small_clinic,intermediate_capacity,seg-flat|patch+1|det1|iso0|bak-connected|idm1,internet_facing,54,56,378,flat,0.75,0.7321,6,0.7,connected,1,0,5,0.08928571429,5,4,4,27,0,0,0,22,0,0,0,0,0,1,22,4.4,0.02696078431,1,32,29,1,1,0,1,33
10000436,optimization,20260713,small_clinic,intermediate_capacity,seg-flat|patch+1|det1|iso0|bak-isolated|idm0,workstation,5,49,309,flat,0.75,0.7143,6,0.7,isolated,0,0,1,0.02040816327,1,1,0,3,0,0,0,0,0,0,0,0,0,0,0,0,0,0,8,0,1,1,0,1,11
10000437,optimization,20260713,small_clinic,intermediate_capacity,seg-flat|patch+1|det1|iso0|bak-isolated|idm0,internet_facing,44,46,288,flat,0.75,0.7391,6,0.7,isolated,0,0,1,0.02173913043,1,1,0,2,0,0,0,0,0,0,0,0,8,1,8,1.2,0,0,8,0,1,1,0,1,10
10000438,optimization,20260713,small_clinic,intermediate_capacity,seg-flat|patch+1|det1|iso0|bak-isolated|idm1,workstation,9,41,271,flat,0.75,0.7805,6,0.7,isolated,1,0,18,0.4390243902,18,8,17,57,0,1,57,57,58,59,57,57,0,6,345,67.55,0.3003982843,1,32,65,1,1,0,1,83
10000439,optimization,20260713,small_clinic,intermediate_capacity,seg-flat|patch+1|det1|iso0|bak-isolated|idm1,internet_facing,47,49,308,flat,0.75,0.6735,6,0.7,isolated,1,0,22,0.4489795918,22,9,21,39,0,1,48,50,49,48,48,48,0,6,291,57.025,0.2538296569,1,48,51,1,1,0,1,62
10000440,optimization,20260713,small_clinic,intermediate_capacity,seg-flat|patch+1|det1|iso1|bak-connected|idm0,workstation,20,60,428,flat,0.75,0.6333,6,0.95,connected,0,1,31,0.5166666667,31,10,31,59,1,1,97,97,99,97,114,97,92,7,693,129.925,0.5079656863,1,136,113,1,1,10,0,164
10000441,optimization,20260713,small_clinic,intermediate_capacity,seg-flat|patch+1|det1|iso1|bak-connected|idm0,internet_facing,40,42,282,flat,0.75,0.6905,6,0.95,connected,0,1,1,0.02380952381,1,1,0,1,0,0,0,0,0,0,0,0,0,0,0,0,0,0,0,0,1,1,0,1,3
10000442,optimization,20260713,small_clinic,intermediate_capacity,seg-flat|patch+1|det1|iso1|bak-connected|idm1,workstation,13,47,319,flat,0.75,0.7447,6,0.95,connected,1,1,1,0.02127659574,1,1,0,6,0,0,0,8,0,0,0,0,0,1,8,1.6,0.009803921569,0,8,11,1,1,0,1,11
10000443,optimization,20260713,small_clinic,intermediate_capacity,seg-flat|patch+1|det1|iso1|bak-connected|idm1,internet_facing,57,59,379,flat,0.75,0.661,6,0.95,connected,1,1,15,0.2542372881,15,8,14,20,0,0,0,21,0,18,0,0,0,2,39,7.35,0.04503676471,1,8,23,1,1,0,1,34
10000444,optimization,20260713,small_clinic,intermediate_capacity,seg-flat|patch+1|det1|iso1|bak-isolated|idm0,workstation,12,41,260,flat,0.75,0.7561,6,0.95,isolated,0,1,1,0.0243902439,1,1,0,4,0,0,0,0,0,0,0,0,0,0,0,0,0,0,0,0,1,1,0,1,6
10000445,optimization,20260713,small_clinic,intermediate_capacity,seg-flat|patch+1|det1|iso1|bak-isolated|idm0,internet_facing,42,44,279,flat,0.75,0.6136,6,0.95,isolated,0,1,2,0.04545454545,2,2,1,5,0,0,3,0,8,0,0,0,0,2,11,2.55,0.015625,0,16,21,1,1,0,1,21
10000446,optimization,20260713,small_clinic,intermediate_capacity,seg-flat|patch+1|det1|iso1|bak-isolated|idm1,workstation,16,57,364,flat,0.75,0.6842,6,0.95,isolated,1,1,14,0.2456140351,14,4,13,68,0,0,0,0,0,0,8,0,0,1,8,0.8,0,0,112,0,1,1,0,1,92
10000447,optimization,20260713,small_clinic,intermediate_capacity,seg-flat|patch+1|det1|iso1|bak-isolated|idm1,internet_facing,47,49,310,flat,0.75,0.6531,6,0.95,isolated,1,1,20,0.4081632653,20,8,20,32,0,1,29,31,29,38,29,29,0,6,185,36.05,0.1631433824,1,16,41,1,1,0,1,57
10000448,optimization,20260713,small_clinic,intermediate_capacity,seg-flat|patch+2|det0|iso0|bak-connected|idm0,workstation,5,59,412,flat,0.9,0.7797,12,0.7,connected,0,0,41,0.6949152542,41,10,42,136,1,1,163,174,163,178,183,163,174,7,1198,224.45,0.8785232843,1,72,188,1,0.8571428571,13,0,192
10000449,optimization,20260713,small_clinic,intermediate_capacity,seg-flat|patch+2|det0|iso0|bak-connected|idm0,internet_facing,42,44,303,flat,0.9,0.8182,12,0.7,connected,0,0,25,0.5681818182,25,9,24,71,1,1,101,109,105,93,121,93,100,7,722,134.975,0.5327818627,1,104,168,1,1,9,0,177
10000450,optimization,20260713,small_clinic,intermediate_capacity,seg-flat|patch+2|det0|iso0|bak-connected|idm1,workstation,0,54,350,flat,0.9,0.7963,12,0.7,connected,1,0,1,0.01851851852,1,1,0,13,0,0,0,0,0,0,0,0,0,0,0,0,0,0,0,0,1,1,0,1,15
10000451,optimization,20260713,small_clinic,intermediate_capacity,seg-flat|patch+2|det0|iso0|bak-connected|idm1,internet_facing,41,43,303,flat,0.9,0.8372,12,0.7,connected,1,0,1,0.02325581395,1,1,0,3,0,0,0,0,0,0,0,0,0,0,0,0,0,0,0,0,1,1,0,1,5
10000452,optimization,20260713,small_clinic,intermediate_capacity,seg-flat|patch+2|det0|iso0|bak-isolated|idm0,workstation,2,47,294,flat,0.9,0.7447,12,0.7,isolated,0,0,4,0.08510638298,4,3,3,23,0,0,0,8,0,0,0,0,0,1,8,1.6,0.009803921569,0,24,12,1,1,0,1,28
10000453,optimization,20260713,small_clinic,intermediate_capacity,seg-flat|patch+2|det0|iso0|bak-isolated|idm0,internet_facing,58,60,377,flat,0.9,0.8,12,0.7,isolated,0,0,48,0.8,48,9,47,101,0,1,108,101,100,103,120,100,0,6,632,122.225,0.5375306373,1,40,143,1,1,0,1,143
10000454,optimization,20260713,small_clinic,intermediate_capacity,seg-flat|patch+2|det0|iso0|bak-isolated|idm1,workstation,14,59,410,flat,0.9,0.8136,12,0.7,isolated,1,0,6,0.1016949153,6,2,5,37,0,0,0,0,0,0,0,0,0,0,0,0,0,0,16,0,1,1,0,1,44
10000455,optimization,20260713,small_clinic,intermediate_capacity,seg-flat|patch+2|det0|iso0|bak-isolated|idm1,internet_facing,43,45,293,flat,0.9,0.7333,12,0.7,isolated,1,0,19,0.4222222222,19,8,18,44,0,0,38,40,43,40,41,8,0,6,210,40.075,0.2094056373,1,24,51,1,1,0,1,64
10000456,optimization,20260713,small_clinic,intermediate_capacity,seg-flat|patch+2|det0|iso1|bak-connected|idm0,workstation,21,59,435,flat,0.9,0.8644,12,0.95,connected,0,1,1,0.01694915254,1,1,0,2,0,0,0,0,0,0,0,0,0,0,0,0,0,0,0,0,1,1,0,1,4
10000457,optimization,20260713,small_clinic,intermediate_capacity,seg-flat|patch+2|det0|iso1|bak-connected|idm0,internet_facing,45,47,335,flat,0.9,0.766,12,0.95,connected,0,1,24,0.5106382979,24,10,23,167,1,1,174,172,172,172,177,172,170,7,1209,228.6,0.8988970588,1,88,-1,0,0,8,0,192
10000458,optimization,20260713,small_clinic,intermediate_capacity,seg-flat|patch+2|det0|iso1|bak-connected|idm1,workstation,8,53,335,flat,0.9,0.8679,12,0.95,connected,1,1,31,0.5849056604,31,9,30,101,1,0,130,143,117,45,146,20,125,7,726,133.15,0.5839460784,1,142,186,1,1,11,0,192
10000459,optimization,20260713,small_clinic,intermediate_capacity,seg-flat|patch+2|det0|iso1|bak-connected|idm1,internet_facing,44,46,310,flat,0.9,0.8478,12,0.95,connected,1,1,2,0.04347826087,2,1,1,18,0,0,0,0,0,0,0,0,0,0,0,0,0,0,32,0,1,1,0,1,34
10000460,optimization,20260713,small_clinic,intermediate_capacity,seg-flat|patch+2|det0|iso1|bak-isolated|idm0,workstation,15,60,377,flat,0.9,0.9167,12,0.95,isolated,0,1,4,0.06666666667,4,3,3,31,0,0,0,0,0,0,0,0,0,0,0,0,0,0,32,0,1,1,0,1,44
10000461,optimization,20260713,small_clinic,intermediate_capacity,seg-flat|patch+2|det0|iso1|bak-isolated|idm0,internet_facing,52,54,350,flat,0.9,0.8704,12,0.95,isolated,0,1,1,0.01851851852,1,1,0,1,0,0,0,0,0,0,0,0,0,0,0,0,0,0,24,0,1,1,0,1,13
10000462,optimization,20260713,small_clinic,intermediate_capacity,seg-flat|patch+2|det0|iso1|bak-isolated|idm1,workstation,0,40,261,flat,0.9,0.85,12,0.95,isolated,1,1,2,0.05,2,2,1,8,0,0,0,0,0,0,0,0,0,0,0,0,0,0,0,0,1,1,0,1,11
10000463,optimization,20260713,small_clinic,intermediate_capacity,seg-flat|patch+2|det0|iso1|bak-isolated|idm1,internet_facing,46,48,305,flat,0.9,0.7917,12,0.95,isolated,1,1,3,0.0625,3,3,2,11,0,0,12,0,0,0,0,0,0,1,12,3,0.01838235294,1,8,13,1,1,0,1,15
10000464,optimization,20260713,small_clinic,intermediate_capacity,seg-flat|patch+2|det1|iso0|bak-connected|idm0,workstation,10,47,313,flat,0.9,0.8511,6,0.7,connected,0,0,24,0.5106382979,24,8,23,49,1,1,69,69,69,69,93,69,47,7,485,90.525,0.359375,1,64,149,1,1,5,0,152
10000465,optimization,20260713,small_clinic,intermediate_capacity,seg-flat|patch+2|det1|iso0|bak-connected|idm0,internet_facing,41,43,289,flat,0.9,0.7907,6,0.7,connected,0,0,4,0.09302325581,4,3,3,63,0,0,0,0,62,0,0,0,0,1,62,13.95,0.08547794118,1,24,65,1,1,0,1,74
10000466,optimization,20260713,small_clinic,intermediate_capacity,seg-flat|patch+2|det1|iso0|bak-connected|idm1,workstation,14,52,342,flat,0.9,0.9423,6,0.7,connected,1,0,1,0.01923076923,1,1,0,9,0,0,8,8,8,8,8,8,0,6,48,9.4,0.04166666667,0,32,32,1,1,0,1,32
10000467,optimization,20260713,small_clinic,intermediate_capacity,seg-flat|patch+2|det1|iso0|bak-connected|idm1,internet_facing,42,44,284,flat,0.9,0.9318,6,0.7,connected,1,0,6,0.1363636364,6,4,5,31,0,0,0,23,0,6,0,0,0,2,29,5.65,0.03462009804,1,16,34,1,1,0,1,38
10000468,optimization,20260713,small_clinic,intermediate_capacity,seg-flat|patch+2|det1|iso0|bak-isolated|idm0,workstation,3,53,326,flat,0.9,0.8868,6,0.7,isolated,0,0,2,0.03773584906,2,1,1,17,0,0,8,8,8,8,8,8,8,7,56,10.6,0.04166666667,0,32,11,1,1,0,1,30
10000469,optimization,20260713,small_clinic,intermediate_capacity,seg-flat|patch+2|det1|iso0|bak-isolated|idm0,internet_facing,53,55,340,flat,0.9,0.7636,6,0.7,isolated,0,0,30,0.5454545455,30,9,30,80,0,1,72,76,82,77,85,71,8,7,471,90.8,0.3990502451,1,72,110,1,1,0,1,110
10000470,optimization,20260713,small_clinic,intermediate_capacity,seg-flat|patch+2|det1|iso0|bak-isolated|idm1,workstation,6,52,321,flat,0.9,0.8462,6,0.7,isolated,1,0,29,0.5576923077,29,9,28,79,0,1,65,67,86,69,76,65,8,7,436,84.5,0.3742340686,1,24,109,1,1,0,1,109
10000471,optimization,20260713,small_clinic,intermediate_capacity,seg-flat|patch+2|det1|iso0|bak-isolated|idm1,internet_facing,42,44,284,flat,0.9,0.8636,6,0.7,isolated,1,0,1,0.02272727273,1,1,0,9,0,0,0,0,0,0,0,0,0,0,0,0,0,0,0,0,1,1,0,1,11
10000472,optimization,20260713,small_clinic,intermediate_capacity,seg-flat|patch+2|det1|iso1|bak-connected|idm0,workstation,15,45,308,flat,0.9,0.8222,6,0.95,connected,0,1,1,0.02222222222,1,1,0,2,0,0,0,0,0,0,0,0,0,0,0,0,0,0,0,0,1,1,0,1,4
10000473,optimization,20260713,small_clinic,intermediate_capacity,seg-flat|patch+2|det1|iso1|bak-connected|idm0,internet_facing,39,41,277,flat,0.9,0.8049,6,0.95,connected,0,1,18,0.4390243902,18,10,17,16,1,1,48,48,56,51,64,48,37,7,352,65.875,0.2642463235,1,32,57,1,1,8,0,89
10000474,optimization,20260713,small_clinic,intermediate_capacity,seg-flat|patch+2|det1|iso1|bak-connected|idm1,workstation,16,48,331,flat,0.9,0.8125,6,0.95,connected,1,1,15,0.3125,15,8,15,64,1,0,66,49,76,73,15,0,64,6,343,67.275,0.3442095588,1,88,89,1,1,7,0,130
10000475,optimization,20260713,small_clinic,intermediate_capacity,seg-flat|patch+2|det1|iso1|bak-connected|idm1,internet_facing,39,41,275,flat,0.9,0.8049,6,0.95,connected,1,1,1,0.0243902439,1,1,0,3,0,0,0,0,0,0,0,0,0,0,0,0,0,0,0,0,1,1,0,1,5
10000476,optimization,20260713,small_clinic,intermediate_capacity,seg-flat|patch+2|det1|iso1|bak-isolated|idm0,workstation,6,57,369,flat,0.9,0.7368,6,0.95,isolated,0,1,6,0.1052631579,6,1,5,18,0,0,0,0,0,0,0,0,0,0,0,0,0,0,16,0,1,1,0,1,25
10000477,optimization,20260713,small_clinic,intermediate_capacity,seg-flat|patch+2|det1|iso1|bak-isolated|idm0,internet_facing,44,46,299,flat,0.9,0.8043,6,0.95,isolated,0,1,3,0.0652173913,3,2,2,6,0,0,0,0,0,0,0,0,0,0,0,0,0,0,0,0,1,1,0,1,10
10000478,optimization,20260713,small_clinic,intermediate_capacity,seg-flat|patch+2|det1|iso1|bak-isolated|idm1,workstation,5,47,307,flat,0.9,0.8298,6,0.95,isolated,1,1,2,0.04255319149,2,1,1,13,0,0,0,0,8,0,0,0,0,1,8,1.8,0.01102941176,0,8,19,1,1,0,1,19
10000479,optimization,20260713,small_clinic,intermediate_capacity,seg-flat|patch+2|det1|iso1|bak-isolated|idm1,internet_facing,56,58,360,flat,0.9,0.8448,6,0.95,isolated,1,1,1,0.01724137931,1,1,0,5,0,0,0,0,0,0,0,0,0,0,0,0,0,0,0,0,1,1,0,1,7
10000480,optimization,20260713,small_clinic,intermediate_capacity,seg-basic|patch+0|det0|iso0|bak-connected|idm0,workstation,18,56,262,basic,0.5,0.4107,12,0.7,connected,0,0,5,0.08928571429,5,1,4,15,0,0,0,0,0,0,0,0,0,0,0,0,0,0,8,0,1,1,0,1,22
10000481,optimization,20260713,small_clinic,intermediate_capacity,seg-basic|patch+0|det0|iso0|bak-connected|idm0,internet_facing,50,52,232,basic,0.5,0.4423,12,0.7,connected,0,0,1,0.01923076923,1,1,0,2,0,0,0,0,8,0,0,0,0,1,8,1.8,0.01102941176,0,16,10,1,1,0,1,10
10000482,optimization,20260713,small_clinic,intermediate_capacity,seg-basic|patch+0|det0|iso0|bak-connected|idm1,workstation,9,54,250,basic,0.5,0.537,12,0.7,connected,1,0,30,0.5555555556,30,8,29,151,1,0,73,56,8,156,98,0,69,6,460,78.7,0.3587622549,1,112,171,1,0.8571428571,6,0,192
10000483,optimization,20260713,small_clinic,intermediate_capacity,seg-basic|patch+0|det0|iso0|bak-connected|idm1,internet_facing,52,54,241,basic,0.5,0.5185,12,0.7,connected,1,0,9,0.1666666667,9,5,8,56,1,1,69,60,60,75,60,60,77,7,461,86.925,0.3423713235,1,104,83,1,1,6,0,99
10000484,optimization,20260713,small_clinic,intermediate_capacity,seg-basic|patch+0|det0|iso0|bak-isolated|idm0,workstation,12,56,241,basic,0.5,0.3571,12,0.7,isolated,0,0,41,0.7321428571,41,9,41,96,0,1,103,99,97,101,112,94,0,6,606,117.4,0.5211397059,1,96,153,1,1,0,1,176
10000485,optimization,20260713,small_clinic,intermediate_capacity,seg-basic|patch+0|det0|iso0|bak-isolated|idm0,internet_facing,56,58,256,basic,0.5,0.4828,12,0.7,isolated,0,0,42,0.724137931,42,9,41,98,0,1,105,99,87,91,80,80,8,7,550,108.75,0.4996936275,1,88,109,1,1,0,1,136
10000486,optimization,20260713,small_clinic,intermediate_capacity,seg-basic|patch+0|det0|iso0|bak-isolated|idm1,workstation,15,54,230,basic,0.5,0.3889,12,0.7,isolated,1,0,14,0.2592592593,14,6,13,67,0,1,66,63,60,53,65,53,0,6,360,70.3,0.3178615196,1,24,77,1,1,0,1,81
10000487,optimization,20260713,small_clinic,intermediate_capacity,seg-basic|patch+0|det0|iso0|bak-isolated|idm1,internet_facing,52,54,249,basic,0.5,0.537,12,0.7,isolated,1,0,31,0.5740740741,31,9,31,-1,0,1,175,175,183,175,175,175,8,7,1066,208.625,0.9224877451,1,128,-1,0,0.1428571429,0,1,192
10000488,optimization,20260713,small_clinic,intermediate_capacity,seg-basic|patch+0|det0|iso1|bak-connected|idm0,workstation,0,57,255,basic,0.5,0.4386,12,0.95,connected,0,1,1,0.01754385965,1,1,0,1,0,0,0,0,0,0,0,0,0,0,0,0,0,0,0,0,1,1,0,1,3
10000489,optimization,20260713,small_clinic,intermediate_capacity,seg-basic|patch+0|det0|iso1|bak-connected|idm0,internet_facing,45,47,214,basic,0.5,0.4043,12,0.95,connected,0,1,33,0.7021276596,33,9,32,95,1,0,110,83,121,106,149,0,77,6,646,116.325,0.5507046569,1,51,165,1,0.8571428571,10,0,192
10000490,optimization,20260713,small_clinic,intermediate_capacity,seg-basic|patch+0|det0|iso1|bak-connected|idm1,workstation,21,59,266,basic,0.5,0.4915,12,0.95,connected,1,1,4,0.06779661017,4,1,3,12,0,0,8,8,8,8,8,8,0,6,48,9.4,0.04166666667,0,40,19,1,1,0,1,28
10000491,optimization,20260713,small_clinic,intermediate_capacity,seg-basic|patch+0|det0|iso1|bak-connected|idm1,internet_facing,49,51,228,basic,0.5,0.549,12,0.95,connected,1,1,4,0.07843137255,4,2,3,64,0,0,27,8,8,8,8,8,0,6,67,14.15,0.07077205882,1,32,66,1,1,0,1,69
10000492,optimization,20260713,small_clinic,intermediate_capacity,seg-basic|patch+0|det0|iso1|bak-isolated|idm0,workstation,14,48,208,basic,0.5,0.3958,12,0.95,isolated,0,1,19,0.3958333333,19,6,18,39,0,1,40,32,33,32,37,32,0,6,206,40.325,0.1803002451,1,96,52,1,1,0,1,83
10000493,optimization,20260713,small_clinic,intermediate_capacity,seg-basic|patch+0|det0|iso1|bak-isolated|idm0,internet_facing,41,43,187,basic,0.5,0.4651,12,0.95,isolated,0,1,16,0.3720930233,16,8,15,56,0,1,57,57,57,57,62,57,0,6,347,67.475,0.296875,1,16,63,1,1,0,1,73
10000494,optimization,20260713,small_clinic,intermediate_capacity,seg-basic|patch+0|det0|iso1|bak-isolated|idm1,workstation,13,56,261,basic,0.5,0.4286,12,0.95,isolated,1,1,1,0.01785714286,1,1,0,1,0,0,0,0,0,0,0,0,0,0,0,0,0,0,24,0,1,1,0,1,15
10000495,optimization,20260713,small_clinic,intermediate_capacity,seg-basic|patch+0|det0|iso1|bak-isolated|idm1,internet_facing,51,53,226,basic,0.5,0.4906,12,0.95,isolated,1,1,16,0.3018867925,16,6,15,101,0,0,57,0,0,0,54,0,0,2,111,19.65,0.08731617647,1,96,104,1,1,0,1,118
10000496,optimization,20260713,small_clinic,intermediate_capacity,seg-basic|patch+0|det1|iso0|bak-connected|idm0,workstation,21,57,264,basic,0.5,0.4561,6,0.7,connected,0,0,1,0.01754385965,1,1,0,2,0,0,0,0,0,0,0,0,0,0,0,0,0,0,0,0,1,1,0,1,4
10000497,optimization,20260713,small_clinic,intermediate_capacity,seg-basic|patch+0|det1|iso0|bak-connected|idm0,internet_facing,47,49,217,basic,0.5,0.551,6,0.7,connected,0,0,3,0.0612244898,3,2,2,4,0,0,0,0,0,0,0,0,0,0,0,0,0,0,0,0,1,1,0,1,8
10000498,optimization,20260713,small_clinic,intermediate_capacity,seg-basic|patch+0|det1|iso0|bak-connected|idm1,workstation,2,50,232,basic,0.5,0.46,6,0.7,connected,1,0,2,0.04,2,1,1,11,0,0,0,0,0,0,0,0,0,0,0,0,0,0,0,0,1,1,0,1,14
10000499,optimization,20260713,small_clinic,intermediate_capacity,seg-basic|patch+0|det1|iso0|bak-connected|idm1,internet_facing,47,49,216,basic,0.5,0.3265,6,0.7,connected,1,0,2,0.04081632653,2,1,1,6,0,0,8,8,8,8,8,8,0,6,48,9.4,0.04166666667,0,16,14,1,1,0,1,14
10000500,optimization,20260713,small_clinic,intermediate_capacity,seg-basic|patch+0|det1|iso0|bak-isolated|idm0,workstation,5,46,203,basic,0.5,0.4565,6,0.7,isolated,0,0,9,0.1956521739,9,4,8,19,0,0,0,0,0,0,6,0,0,1,6,0.6,0,0,48,0,1,1,0,1,46
10000501,optimization,20260713,small_clinic,intermediate_capacity,seg-basic|patch+0|det1|iso0|bak-isolated|idm0,internet_facing,38,40,171,basic,0.5,0.325,6,0.7,isolated,0,0,1,0.025,1,1,0,4,0,0,0,0,0,0,0,0,0,0,0,0,0,0,0,0,1,1,0,1,6
10000502,optimization,20260713,small_clinic,intermediate_capacity,seg-basic|patch+0|det1|iso0|bak-isolated|idm1,workstation,2,44,192,basic,0.5,0.5227,6,0.7,isolated,1,0,2,0.04545454545,2,1,1,7,0,0,0,0,0,0,0,0,0,0,0,0,0,0,0,0,1,1,0,1,10
10000503,optimization,20260713,small_clinic,intermediate_capacity,seg-basic|patch+0|det1|iso0|bak-isolated|idm1,internet_facing,43,45,199,basic,0.5,0.3778,6,0.7,isolated,1,0,2,0.04444444444,2,2,1,3,0,0,0,0,0,0,0,0,0,0,0,0,0,0,0,0,1,1,0,1,6
10000504,optimization,20260713,small_clinic,intermediate_capacity,seg-basic|patch+0|det1|iso1|bak-connected|idm0,workstation,15,42,179,basic,0.5,0.5714,6,0.95,connected,0,1,1,0.02380952381,1,1,0,7,0,0,0,0,0,0,0,0,0,0,0,0,0,0,8,0,1,1,0,1,17
10000505,optimization,20260713,small_clinic,intermediate_capacity,seg-basic|patch+0|det1|iso1|bak-connected|idm0,internet_facing,53,55,235,basic,0.5,0.6182,6,0.95,connected,0,1,1,0.01818181818,1,1,0,1,0,0,0,0,0,0,0,0,0,0,0,0,0,0,32,0,1,1,0,1,17
10000506,optimization,20260713,small_clinic,intermediate_capacity,seg-basic|patch+0|det1|iso1|bak-connected|idm1,workstation,14,55,247,basic,0.5,0.5455,6,0.95,connected,1,1,1,0.01818181818,1,1,0,2,0,0,0,0,0,0,0,0,0,0,0,0,0,0,0,0,1,1,0,1,4
10000507,optimization,20260713,small_clinic,intermediate_capacity,seg-basic|patch+0|det1|iso1|bak-connected|idm1,internet_facing,54,57,268,basic,0.5,0.3333,6,0.95,connected,1,1,6,0.1052631579,6,2,5,13,0,0,0,0,0,0,0,0,0,0,0,0,0,0,0,0,1,1,0,1,20
10000508,optimization,20260713,small_clinic,intermediate_capacity,seg-basic|patch+0|det1|iso1|bak-isolated|idm0,workstation,1,56,254,basic,0.5,0.4286,6,0.95,isolated,0,1,1,0.01785714286,1,1,0,15,0,0,0,0,0,0,0,0,0,0,0,0,0,0,32,0,1,1,0,1,38
10000509,optimization,20260713,small_clinic,intermediate_capacity,seg-basic|patch+0|det1|iso1|bak-isolated|idm0,internet_facing,52,54,235,basic,0.5,0.463,6,0.95,isolated,0,1,1,0.01851851852,1,1,0,5,0,0,0,0,0,0,0,0,0,0,0,0,0,0,0,0,1,1,0,1,7
10000510,optimization,20260713,small_clinic,intermediate_capacity,seg-basic|patch+0|det1|iso1|bak-isolated|idm1,workstation,10,40,172,basic,0.5,0.375,6,0.95,isolated,1,1,5,0.125,5,2,4,34,0,0,23,8,8,8,8,8,0,6,63,13.15,0.06464460784,1,48,52,1,1,0,1,52
10000511,optimization,20260713,small_clinic,intermediate_capacity,seg-basic|patch+0|det1|iso1|bak-isolated|idm1,internet_facing,48,50,213,basic,0.5,0.38,6,0.95,isolated,1,1,19,0.38,19,6,18,41,0,1,34,34,34,34,34,34,16,7,220,42.35,0.1770833333,1,64,44,1,1,0,1,61
10000512,optimization,20260713,small_clinic,intermediate_capacity,seg-basic|patch+1|det0|iso0|bak-connected|idm0,workstation,5,48,212,basic,0.75,0.7917,12,0.7,connected,0,0,1,0.02083333333,1,1,0,2,0,0,0,0,0,0,0,0,0,0,0,0,0,0,0,0,1,1,0,1,4
10000513,optimization,20260713,small_clinic,intermediate_capacity,seg-basic|patch+1|det0|iso0|bak-connected|idm0,internet_facing,41,43,205,basic,0.75,0.6047,12,0.7,connected,0,0,1,0.02325581395,1,1,0,2,0,0,0,0,0,0,0,0,0,0,0,0,0,0,0,0,1,1,0,1,4
10000514,optimization,20260713,small_clinic,intermediate_capacity,seg-basic|patch+1|det0|iso0|bak-connected|idm1,workstation,10,46,215,basic,0.75,0.6304,12,0.7,connected,1,0,1,0.02173913043,1,1,0,10,0,0,0,0,0,0,0,0,0,0,0,0,0,0,24,0,1,1,0,1,25
10000515,optimization,20260713,small_clinic,intermediate_capacity,seg-basic|patch+1|det0|iso0|bak-connected|idm1,internet_facing,38,40,183,basic,0.75,0.75,12,0.7,connected,1,0,1,0.025,1,1,0,8,0,0,0,0,0,0,8,0,0,1,8,0.8,0,0,8,0,1,1,0,1,14
10000516,optimization,20260713,small_clinic,intermediate_capacity,seg-basic|patch+1|det0|iso0|bak-isolated|idm0,workstation,12,41,167,basic,0.75,0.6829,12,0.7,isolated,0,0,3,0.07317073171,3,1,2,17,0,0,0,8,0,0,8,0,0,2,16,2.4,0.009803921569,0,24,18,1,1,0,1,21
10000517,optimization,20260713,small_clinic,intermediate_capacity,seg-basic|patch+1|det0|iso0|bak-isolated|idm0,internet_facing,39,41,173,basic,0.75,0.7073,12,0.7,isolated,0,0,2,0.0487804878,2,1,1,15,0,0,16,8,8,8,8,8,0,6,56,11.4,0.05392156863,0,40,34,1,1,0,1,34
10000518,optimization,20260713,small_clinic,intermediate_capacity,seg-basic|patch+1|det0|iso0|bak-isolated|idm1,workstation,18,59,260,basic,0.75,0.6271,12,0.7,isolated,1,0,18,0.3050847458,18,6,17,46,0,0,32,0,24,25,0,0,8,4,89,18.975,0.1089154412,1,64,52,1,1,0,1,65
10000519,optimization,20260713,small_clinic,intermediate_capacity,seg-basic|patch+1|det0|iso0|bak-isolated|idm1,internet_facing,53,55,234,basic,0.75,0.7091,12,0.7,isolated,1,0,1,0.01818181818,1,1,0,2,0,0,0,0,0,0,0,0,0,0,0,0,0,0,16,0,1,1,0,1,12
10000520,optimization,20260713,small_clinic,intermediate_capacity,seg-basic|patch+1|det0|iso1|bak-connected|idm0,workstation,6,54,237,basic,0.75,0.6481,12,0.95,connected,0,1,3,0.05555555556,3,1,2,21,0,0,0,0,0,0,0,0,0,0,0,0,0,0,24,0,1,1,0,1,28
10000521,optimization,20260713,small_clinic,intermediate_capacity,seg-basic|patch+1|det0|iso1|bak-connected|idm0,internet_facing,55,57,253,basic,0.75,0.7018,12,0.95,connected,0,1,1,0.01754385965,1,1,0,2,0,0,0,0,0,0,0,0,0,0,0,0,0,0,0,0,1,1,0,1,4
10000522,optimization,20260713,small_clinic,intermediate_capacity,seg-basic|patch+1|det0|iso1|bak-connected|idm1,workstation,16,54,245,basic,0.75,0.6481,12,0.95,connected,1,1,4,0.07407407407,4,2,3,19,0,0,0,13,0,0,0,0,0,1,13,2.6,0.01593137255,1,24,22,1,1,0,1,24
10000523,optimization,20260713,small_clinic,intermediate_capacity,seg-basic|patch+1|det0|iso1|bak-connected|idm1,internet_facing,39,41,181,basic,0.75,0.6585,12,0.95,connected,1,1,1,0.0243902439,1,1,0,4,0,0,0,0,0,8,0,0,0,1,8,1.4,0.008578431373,0,8,14,1,1,0,1,14
10000524,optimization,20260713,small_clinic,intermediate_capacity,seg-basic|patch+1|det0|iso1|bak-isolated|idm0,workstation,11,59,258,basic,0.75,0.7119,12,0.95,isolated,0,1,21,0.3559322034,21,5,20,62,0,1,58,58,58,58,58,58,0,6,348,68.15,0.3020833333,1,80,68,1,1,0,1,101
10000525,optimization,20260713,small_clinic,intermediate_capacity,seg-basic|patch+1|det0|iso1|bak-isolated|idm0,internet_facing,43,45,192,basic,0.75,0.6222,12,0.95,isolated,0,1,2,0.04444444444,2,2,1,18,0,0,0,0,0,0,0,0,0,0,0,0,0,0,0,0,1,1,0,1,21
10000526,optimization,20260713,small_clinic,intermediate_capacity,seg-basic|patch+1|det0|iso1|bak-isolated|idm1,workstation,13,40,169,basic,0.75,0.725,12,0.95,isolated,1,1,14,0.35,14,5,13,63,0,0,40,56,8,16,53,8,0,6,181,32.9,0.1580882353,1,56,66,1,1,0,1,81
10000527,optimization,20260713,small_clinic,intermediate_capacity,seg-basic|patch+1|det0|iso1|bak-isolated|idm1,internet_facing,50,52,228,basic,0.75,0.7308,12,0.95,isolated,1,1,2,0.03846153846,2,2,1,19,0,0,8,0,0,0,0,0,0,1,8,2,0.01225490196,0,24,30,1,1,0,1,30
10000528,optimization,20260713,small_clinic,intermediate_capacity,seg-basic|patch+1|det1|iso0|bak-connected|idm0,workstation,20,55,245,basic,0.75,0.6909,6,0.7,connected,0,0,2,0.03636363636,2,1,1,20,0,0,0,0,0,0,0,0,0,0,0,0,0,0,8,0,1,1,0,1,25
10000529,optimization,20260713,small_clinic,intermediate_capacity,seg-basic|patch+1|det1|iso0|bak-connected|idm0,internet_facing,46,48,215,basic,0.75,0.6042,6,0.7,connected,0,0,1,0.02083333333,1,1,0,4,0,0,0,0,0,0,0,0,0,0,0,0,0,0,0,0,1,1,0,1,6
10000530,optimization,20260713,small_clinic,intermediate_capacity,seg-basic|patch+1|det1|iso0|bak-connected|idm1,workstation,0,44,195,basic,0.75,0.8182,6,0.7,connected,1,0,1,0.02272727273,1,1,0,7,0,0,0,0,0,0,0,0,0,0,0,0,0,0,0,0,1,1,0,1,9
10000531,optimization,20260713,small_clinic,intermediate_capacity,seg-basic|patch+1|det1|iso0|bak-connected|idm1,internet_facing,51,53,232,basic,0.75,0.6604,6,0.7,connected,1,0,1,0.01886792453,1,1,0,3,0,0,0,0,0,8,0,0,0,1,8,1.4,0.008578431373,0,48,19,1,1,0,1,22
10000532,optimization,20260713,small_clinic,intermediate_capacity,seg-basic|patch+1|det1|iso0|bak-isolated|idm0,workstation,5,45,187,basic,0.75,0.6889,6,0.7,isolated,0,0,1,0.02222222222,1,1,0,6,0,0,0,0,0,0,0,0,0,0,0,0,0,0,0,0,1,1,0,1,8
10000533,optimization,20260713,small_clinic,intermediate_capacity,seg-basic|patch+1|det1|iso0|bak-isolated|idm0,internet_facing,55,57,248,basic,0.75,0.7544,6,0.7,isolated,0,0,3,0.05263157895,3,2,2,21,0,0,8,0,0,0,0,0,0,1,8,2,0.01225490196,0,16,21,1,1,0,1,29
10000534,optimization,20260713,small_clinic,intermediate_capacity,seg-basic|patch+1|det1|iso0|bak-isolated|idm1,workstation,6,60,271,basic,0.75,0.85,6,0.7,isolated,1,0,1,0.01666666667,1,1,0,3,0,0,8,0,0,0,0,0,0,1,8,2,0.01225490196,0,24,25,1,1,0,1,25
10000535,optimization,20260713,small_clinic,intermediate_capacity,seg-basic|patch+1|det1|iso0|bak-isolated|idm1,internet_facing,38,40,164,basic,0.75,0.725,6,0.7,isolated,1,0,1,0.025,1,1,0,9,0,0,0,0,0,0,0,0,0,0,0,0,0,0,0,0,1,1,0,1,11
10000536,optimization,20260713,small_clinic,intermediate_capacity,seg-basic|patch+1|det1|iso1|bak-connected|idm0,workstation,1,55,255,basic,0.75,0.7455,6,0.95,connected,0,1,1,0.01818181818,1,1,0,1,0,0,0,0,0,0,0,0,0,0,0,0,0,0,0,0,1,1,0,1,3
10000537,optimization,20260713,small_clinic,intermediate_capacity,seg-basic|patch+1|det1|iso1|bak-connected|idm0,internet_facing,40,42,181,basic,0.75,0.7619,6,0.95,connected,0,1,1,0.02380952381,1,1,0,4,0,0,0,0,0,0,0,0,0,0,0,0,0,0,0,0,1,1,0,1,6
10000538,optimization,20260713,small_clinic,intermediate_capacity,seg-basic|patch+1|det1|iso1|bak-connected|idm1,workstation,11,40,180,basic,0.75,0.775,6,0.95,connected,1,1,2,0.05,2,2,1,13,0,0,0,0,0,0,0,0,0,0,0,0,0,0,56,0,1,1,0,1,29
10000539,optimization,20260713,small_clinic,intermediate_capacity,seg-basic|patch+1|det1|iso1|bak-connected|idm1,internet_facing,44,46,209,basic,0.75,0.6957,6,0.95,connected,1,1,2,0.04347826087,2,1,1,4,0,0,0,0,0,0,0,0,0,0,0,0,0,0,24,0,1,1,0,1,25
10000540,optimization,20260713,small_clinic,intermediate_capacity,seg-basic|patch+1|det1|iso1|bak-isolated|idm0,workstation,18,51,225,basic,0.75,0.6667,6,0.95,isolated,0,1,5,0.09803921569,5,3,4,36,0,0,8,8,8,8,8,8,0,6,48,9.4,0.04166666667,0,16,42,1,1,0,1,42
10000541,optimization,20260713,small_clinic,intermediate_capacity,seg-basic|patch+1|det1|iso1|bak-isolated|idm0,internet_facing,46,48,207,basic,0.75,0.625,6,0.95,isolated,0,1,2,0.04166666667,2,1,1,6,0,0,8,9,8,8,8,8,0,6,49,9.6,0.04289215686,1,24,17,1,1,0,1,17
10000542,optimization,20260713,small_clinic,intermediate_capacity,seg-basic|patch+1|det1|iso1|bak-isolated|idm1,workstation,20,59,263,basic,0.75,0.678,6,0.95,isolated,1,1,2,0.03389830508,2,1,1,6,0,0,0,8,0,0,0,0,0,1,8,1.6,0.009803921569,0,64,29,1,1,0,1,33
10000543,optimization,20260713,small_clinic,intermediate_capacity,seg-basic|patch+1|det1|iso1|bak-isolated|idm1,internet_facing,52,54,234,basic,0.75,0.6667,6,0.95,isolated,1,1,1,0.01851851852,1,1,0,5,0,0,0,0,0,0,0,0,0,0,0,0,0,0,0,0,1,1,0,1,7
10000544,optimization,20260713,small_clinic,intermediate_capacity,seg-basic|patch+2|det0|iso0|bak-connected|idm0,workstation,1,50,223,basic,0.9,0.82,12,0.7,connected,0,0,12,0.24,12,7,11,64,0,0,8,8,40,11,48,8,0,6,123,21.125,0.08900122549,1,40,66,1,1,0,1,77
10000545,optimization,20260713,small_clinic,intermediate_capacity,seg-basic|patch+2|det0|iso0|bak-connected|idm0,internet_facing,50,52,232,basic,0.9,0.8077,12,0.7,connected,0,0,1,0.01923076923,1,1,0,12,0,0,0,0,0,0,0,0,0,0,0,0,0,0,0,0,1,1,0,1,14
10000546,optimization,20260713,small_clinic,intermediate_capacity,seg-basic|patch+2|det0|iso0|bak-connected|idm1,workstation,15,57,266,basic,0.9,0.7895,12,0.7,connected,1,0,26,0.4561403509,26,5,25,125,0,0,8,12,99,8,119,8,0,6,254,41.775,0.1720281863,1,128,130,1,1,0,1,172
10000547,optimization,20260713,small_clinic,intermediate_capacity,seg-basic|patch+2|det0|iso0|bak-connected|idm1,internet_facing,39,41,177,basic,0.9,0.9024,12,0.7,connected,1,0,1,0.0243902439,1,1,0,4,0,0,0,0,0,0,0,0,0,0,0,0,0,0,0,0,1,1,0,1,6
10000548,optimization,20260713,small_clinic,intermediate_capacity,seg-basic|patch+2|det0|iso0|bak-isolated|idm0,workstation,2,55,230,basic,0.9,0.9091,12,0.7,isolated,0,0,1,0.01818181818,1,1,0,5,0,0,0,0,0,0,0,0,0,0,0,0,0,0,0,0,1,1,0,1,7
10000549,optimization,20260713,small_clinic,intermediate_capacity,seg-basic|patch+2|det0|iso0|bak-isolated|idm0,internet_facing,56,58,247,basic,0.9,0.8276,12,0.7,isolated,0,0,1,0.01724137931,1,1,0,20,0,0,0,0,0,0,0,0,0,0,0,0,0,0,8,0,1,1,0,1,22
10000550,optimization,20260713,small_clinic,intermediate_capacity,seg-basic|patch+2|det0|iso0|bak-isolated|idm1,workstation,5,40,164,basic,0.9,0.775,12,0.7,isolated,1,0,12,0.3,12,4,11,97,0,0,81,0,66,0,45,0,0,3,192,39.6,0.2150735294,1,16,101,1,1,0,1,110
10000551,optimization,20260713,small_clinic,intermediate_capacity,seg-basic|patch+2|det0|iso0|bak-isolated|idm1,internet_facing,50,52,230,basic,0.9,0.8077,12,0.7,isolated,1,0,3,0.05769230769,3,2,2,20,0,0,0,0,8,0,0,0,0,1,8,1.8,0.01102941176,0,8,25,1,1,0,1,25
10000552,optimization,20260713,small_clinic,intermediate_capacity,seg-basic|patch+2|det0|iso1|bak-connected|idm0,workstation,17,47,208,basic,0.9,0.9149,12,0.95,connected,0,1,5,0.1063829787,5,1,4,43,0,0,0,0,0,0,0,0,0,0,0,0,0,0,24,0,1,1,0,1,49
10000553,optimization,20260713,small_clinic,intermediate_capacity,seg-basic|patch+2|det0|iso1|bak-connected|idm0,internet_facing,41,43,197,basic,0.9,0.8605,12,0.95,connected,0,1,13,0.3023255814,13,7,12,80,1,1,71,44,44,44,82,44,77,7,406,73.8,0.2705269608,1,56,105,1,1,7,0,140
10000554,optimization,20260713,small_clinic,intermediate_capacity,seg-basic|patch+2|det0|iso1|bak-connected|idm1,workstation,3,54,248,basic,0.9,0.8148,12,0.95,connected,1,1,21,0.3888888889,21,7,20,70,1,0,66,0,92,0,112,0,69,4,339,58.75,0.2279411765,1,64,156,1,1,9,0,156
10000555,optimization,20260713,small_clinic,intermediate_capacity,seg-basic|patch+2|det0|iso1|bak-connected|idm1,internet_facing,55,58,278,basic,0.9,0.7586,12,0.95,connected,1,1,1,0.01724137931,1,1,0,2,0,0,0,0,0,0,0,0,0,0,0,0,0,0,0,0,1,1,0,1,4
10000556,optimization,20260713,small_clinic,intermediate_capacity,seg-basic|patch+2|det0|iso1|bak-isolated|idm0,workstation,0,45,202,basic,0.9,0.8444,12,0.95,isolated,0,1,5,0.1111111111,5,2,4,11,0,0,0,0,0,12,0,0,0,1,12,2.1,0.01286764706,1,0,14,1,1,0,1,17
10000557,optimization,20260713,small_clinic,intermediate_capacity,seg-basic|patch+2|det0|iso1|bak-isolated|idm0,internet_facing,53,55,246,basic,0.9,0.8,12,0.95,isolated,0,1,3,0.05454545455,3,2,2,17,0,0,19,8,8,8,8,8,0,6,59,12.15,0.05851715686,1,40,26,1,1,0,1,33
10000558,optimization,20260713,small_clinic,intermediate_capacity,seg-basic|patch+2|det0|iso1|bak-isolated|idm1,workstation,8,60,264,basic,0.9,0.8333,12,0.95,isolated,1,1,3,0.05,3,1,2,27,0,0,0,0,0,0,0,0,0,0,0,0,0,0,24,0,1,1,0,1,31
10000559,optimization,20260713,small_clinic,intermediate_capacity,seg-basic|patch+2|det0|iso1|bak-isolated|idm1,internet_facing,48,50,218,basic,0.9,0.84,12,0.95,isolated,1,1,9,0.18,9,5,8,40,0,1,38,38,38,38,40,38,0,6,230,44.85,0.1979166667,1,32,43,1,1,0,1,55
10000560,optimization,20260713,small_clinic,intermediate_capacity,seg-basic|patch+2|det1|iso0|bak-connected|idm0,workstation,17,49,222,basic,0.9,0.898,6,0.7,connected,0,0,2,0.04081632653,2,1,1,11,0,0,0,0,0,0,0,0,0,0,0,0,0,0,16,0,1,1,0,1,18
10000561,optimization,20260713,small_clinic,intermediate_capacity,seg-basic|patch+2|det1|iso0|bak-connected|idm0,internet_facing,45,47,210,basic,0.9,0.8936,6,0.7,connected,0,0,1,0.02127659574,1,1,0,4,0,0,0,0,0,0,0,0,0,0,0,0,0,0,0,0,1,1,0,1,6
10000562,optimization,20260713,small_clinic,intermediate_capacity,seg-basic|patch+2|det1|iso0|bak-connected|idm1,workstation,6,57,268,basic,0.9,0.9123,6,0.7,connected,1,0,2,0.0350877193,2,1,1,12,0,0,0,0,0,8,0,0,0,1,8,1.4,0.008578431373,0,16,23,1,1,0,1,27
10000563,optimization,20260713,small_clinic,intermediate_capacity,seg-basic|patch+2|det1|iso0|bak-connected|idm1,internet_facing,40,42,184,basic,0.9,0.8571,6,0.7,connected,1,0,6,0.1428571429,6,4,5,26,0,0,0,0,0,0,0,0,0,0,0,0,0,0,16,0,1,1,0,1,40
10000564,optimization,20260713,small_clinic,intermediate_capacity,seg-basic|patch+2|det1|iso0|bak-isolated|idm0,workstation,14,42,176,basic,0.9,0.7619,6,0.7,isolated,0,0,3,0.07142857143,3,3,2,15,0,0,8,8,8,8,16,8,0,6,56,10.2,0.04166666667,0,16,26,1,1,0,1,26
10000565,optimization,20260713,small_clinic,intermediate_capacity,seg-basic|patch+2|det1|iso0|bak-isolated|idm0,internet_facing,51,53,231,basic,0.9,0.8679,6,0.7,isolated,0,0,1,0.01886792453,1,1,0,3,0,0,0,0,0,0,0,0,0,0,0,0,0,0,0,0,1,1,0,1,5
10000566,optimization,20260713,small_clinic,intermediate_capacity,seg-basic|patch+2|det1|iso0|bak-isolated|idm1,workstation,1,51,218,basic,0.9,0.8431,6,0.7,isolated,1,0,1,0.01960784314,1,1,0,17,0,0,0,0,0,0,0,0,0,0,0,0,0,0,24,0,1,1,0,1,26
10000567,optimization,20260713,small_clinic,intermediate_capacity,seg-basic|patch+2|det1|iso0|bak-isolated|idm1,internet_facing,47,49,207,basic,0.9,0.8163,6,0.7,isolated,1,0,1,0.02040816327,1,1,0,13,0,0,0,0,0,0,0,0,0,0,0,0,0,0,16,0,1,1,0,1,15
10000568,optimization,20260713,small_clinic,intermediate_capacity,seg-basic|patch+2|det1|iso1|bak-connected|idm0,workstation,2,57,252,basic,0.9,0.8421,6,0.95,connected,0,1,2,0.0350877193,2,1,1,7,0,0,0,0,0,0,0,0,0,0,0,0,0,0,0,0,1,1,0,1,10
10000569,optimization,20260713,small_clinic,intermediate_capacity,seg-basic|patch+2|det1|iso1|bak-connected|idm0,internet_facing,50,52,231,basic,0.9,0.8077,6,0.95,connected,0,1,1,0.01923076923,1,1,0,1,0,0,0,0,0,0,0,0,0,0,0,0,0,0,0,0,1,1,0,1,3
10000570,optimization,20260713,small_clinic,intermediate_capacity,seg-basic|patch+2|det1|iso1|bak-connected|idm1,workstation,14,51,229,basic,0.9,0.8824,6,0.95,connected,1,1,4,0.07843137255,4,1,3,36,0,0,0,8,0,0,0,0,24,2,32,5.2,0.009803921569,0,56,27,1,1,0,1,51
10000571,optimization,20260713,small_clinic,intermediate_capacity,seg-basic|patch+2|det1|iso1|bak-connected|idm1,internet_facing,45,47,209,basic,0.9,0.7447,6,0.95,connected,1,1,2,0.04255319149,2,1,1,13,0,0,0,0,0,0,8,0,0,1,8,0.8,0,0,24,0,1,1,0,1,18
10000572,optimization,20260713,small_clinic,intermediate_capacity,seg-basic|patch+2|det1|iso1|bak-isolated|idm0,workstation,3,57,244,basic,0.9,0.7895,6,0.95,isolated,0,1,9,0.1578947368,9,1,8,64,0,0,8,0,0,0,0,0,0,1,8,2,0.01225490196,0,40,42,1,1,0,1,73
10000573,optimization,20260713,small_clinic,intermediate_capacity,seg-basic|patch+2|det1|iso1|bak-isolated|idm0,internet_facing,58,60,272,basic,0.9,0.8333,6,0.95,isolated,0,1,1,0.01666666667,1,1,0,2,0,0,0,0,0,0,0,0,0,0,0,0,0,0,0,0,1,1,0,1,4
10000574,optimization,20260713,small_clinic,intermediate_capacity,seg-basic|patch+2|det1|iso1|bak-isolated|idm1,workstation,21,57,248,basic,0.9,0.8596,6,0.95,isolated,1,1,1,0.01754385965,1,1,0,7,0,0,0,0,8,0,0,0,0,1,8,1.8,0.01102941176,0,8,10,1,1,0,1,10
10000575,optimization,20260713,small_clinic,intermediate_capacity,seg-basic|patch+2|det1|iso1|bak-isolated|idm1,internet_facing,53,55,257,basic,0.9,0.8909,6,0.95,isolated,1,1,2,0.03636363636,2,1,1,9,0,0,0,0,0,0,0,0,0,0,0,0,0,0,0,0,1,1,0,1,12
10000576,optimization,20260713,small_clinic,intermediate_capacity,seg-least_privilege|patch+0|det0|iso0|bak-connected|idm0,workstation,7,53,191,least_privilege,0.5,0.4906,12,0.7,connected,0,0,18,0.3396226415,18,5,17,79,0,1,29,40,45,37,56,29,0,6,236,43.975,0.1951593137,1,72,109,1,1,0,1,109
10000577,optimization,20260713,small_clinic,intermediate_capacity,seg-least_privilege|patch+0|det0|iso0|bak-connected|idm0,internet_facing,40,42,159,least_privilege,0.5,0.4524,12,0.7,connected,0,0,1,0.02380952381,1,1,0,2,0,0,0,0,0,0,0,0,0,0,0,0,0,0,0,0,1,1,0,1,4
10000578,optimization,20260713,small_clinic,intermediate_capacity,seg-least_privilege|patch+0|det0|iso0|bak-connected|idm1,workstation,8,60,237,least_privilege,0.5,0.5167,12,0.7,connected,1,0,24,0.4,24,4,23,69,0,1,54,54,54,54,54,54,0,6,324,63.45,0.28125,1,40,75,1,1,0,1,99
10000579,optimization,20260713,small_clinic,intermediate_capacity,seg-least_privilege|patch+0|det0|iso0|bak-connected|idm1,internet_facing,51,53,195,least_privilege,0.5,0.6226,12,0.7,connected,1,0,2,0.03773584906,2,1,1,26,0,0,0,0,0,0,0,0,0,0,0,0,0,0,24,0,1,1,0,1,36
10000580,optimization,20260713,small_clinic,intermediate_capacity,seg-least_privilege|patch+0|det0|iso0|bak-isolated|idm0,workstation,7,53,187,least_privilege,0.5,0.4528,12,0.7,isolated,0,0,14,0.2641509434,14,5,13,41,0,1,42,42,42,42,42,42,0,6,252,49.35,0.21875,1,56,54,1,1,0,1,60
10000581,optimization,20260713,small_clinic,intermediate_capacity,seg-least_privilege|patch+0|det0|iso0|bak-isolated|idm0,internet_facing,41,43,150,least_privilege,0.5,0.4884,12,0.7,isolated,0,0,1,0.02325581395,1,1,0,15,0,0,0,0,0,0,0,0,0,0,0,0,0,0,8,0,1,1,0,1,17
10000582,optimization,20260713,small_clinic,intermediate_capacity,seg-least_privilege|patch+0|det0|iso0|bak-isolated|idm1,workstation,9,59,215,least_privilege,0.5,0.4915,12,0.7,isolated,1,0,24,0.406779661,24,3,25,83,0,0,46,8,8,8,58,8,0,6,136,23.9,0.09987745098,1,80,86,1,1,0,1,105
10000583,optimization,20260713,small_clinic,intermediate_capacity,seg-least_privilege|patch+0|det0|iso0|bak-isolated|idm1,internet_facing,57,59,213,least_privilege,0.5,0.4068,12,0.7,isolated,1,0,4,0.06779661017,4,3,3,28,0,0,0,0,0,0,0,0,0,0,0,0,0,0,24,0,1,1,0,1,33
10000584,optimization,20260713,small_clinic,intermediate_capacity,seg-least_privilege|patch+0|det0|iso1|bak-connected|idm0,workstation,8,60,232,least_privilege,0.5,0.45,12,0.95,connected,0,1,3,0.05,3,1,2,10,0,0,0,0,0,0,0,0,0,0,0,0,0,0,0,0,1,1,0,1,14
10000585,optimization,20260713,small_clinic,intermediate_capacity,seg-least_privilege|patch+0|det0|iso1|bak-connected|idm0,internet_facing,50,52,191,least_privilege,0.5,0.2885,12,0.95,connected,0,1,7,0.1346153846,7,4,6,45,0,0,17,0,20,35,0,0,0,3,72,14.875,0.09114583333,1,24,51,1,1,0,1,53
10000586,optimization,20260713,small_clinic,intermediate_capacity,seg-least_privilege|patch+0|det0|iso1|bak-connected|idm1,workstation,3,49,185,least_privilege,0.5,0.6122,12,0.95,connected,1,1,4,0.08163265306,4,1,3,9,0,0,8,0,0,0,0,0,0,1,8,2,0.01225490196,0,8,16,1,1,0,1,16
10000587,optimization,20260713,small_clinic,intermediate_capacity,seg-least_privilege|patch+0|det0|iso1|bak-connected|idm1,internet_facing,49,51,186,least_privilege,0.5,0.4314,12,0.95,connected,1,1,3,0.05882352941,3,2,2,32,0,0,8,0,0,0,27,0,0,2,35,4.7,0.01225490196,0,8,41,1,1,0,1,41
10000588,optimization,20260713,small_clinic,intermediate_capacity,seg-least_privilege|patch+0|det0|iso1|bak-isolated|idm0,workstation,15,50,180,least_privilege,0.5,0.64,12,0.95,isolated,0,1,7,0.14,7,1,6,50,0,0,0,0,0,8,0,0,0,1,8,1.4,0.008578431373,0,40,19,1,1,0,1,66
10000589,optimization,20260713,small_clinic,intermediate_capacity,seg-least_privilege|patch+0|det0|iso1|bak-isolated|idm0,internet_facing,48,50,175,least_privilege,0.5,0.46,12,0.95,isolated,0,1,1,0.02,1,1,0,7,0,0,0,0,0,0,0,0,0,0,0,0,0,0,0,0,1,1,0,1,9
10000590,optimization,20260713,small_clinic,intermediate_capacity,seg-least_privilege|patch+0|det0|iso1|bak-isolated|idm1,workstation,1,57,203,least_privilege,0.5,0.5263,12,0.95,isolated,1,1,13,0.2280701754,13,3,12,58,0,0,3,0,8,10,0,0,0,3,21,4.3,0.02634803922,1,72,61,1,1,0,1,71
10000591,optimization,20260713,small_clinic,intermediate_capacity,seg-least_privilege|patch+0|det0|iso1|bak-isolated|idm1,internet_facing,49,51,186,least_privilege,0.5,0.549,12,0.95,isolated,1,1,1,0.01960784314,1,1,0,2,0,0,0,0,0,0,0,0,0,0,0,0,0,0,0,0,1,1,0,1,4
10000592,optimization,20260713,small_clinic,intermediate_capacity,seg-least_privilege|patch+0|det1|iso0|bak-connected|idm0,workstation,11,52,190,least_privilege,0.5,0.5,6,0.7,connected,0,0,5,0.09615384615,5,2,4,35,0,1,5,5,5,5,5,5,0,6,30,5.875,0.02604166667,0,16,37,1,1,0,1,41
10000593,optimization,20260713,small_clinic,intermediate_capacity,seg-least_privilege|patch+0|det1|iso0|bak-connected|idm0,internet_facing,57,60,235,least_privilege,0.5,0.6167,6,0.7,connected,0,0,2,0.03333333333,2,1,1,20,0,0,0,0,0,8,0,0,0,1,8,1.4,0.008578431373,0,8,25,1,1,0,1,25
10000594,optimization,20260713,small_clinic,intermediate_capacity,seg-least_privilege|patch+0|det1|iso0|bak-connected|idm1,workstation,2,40,143,least_privilege,0.5,0.525,6,0.7,connected,1,0,2,0.05,2,1,1,13,0,0,0,0,0,0,0,0,0,0,0,0,0,0,8,0,1,1,0,1,16
10000595,optimization,20260713,small_clinic,intermediate_capacity,seg-least_privilege|patch+0|det1|iso0|bak-connected|idm1,internet_facing,38,40,147,least_privilege,0.5,0.525,6,0.7,connected,1,0,1,0.025,1,1,0,5,0,0,0,0,0,0,0,0,0,0,0,0,0,0,0,0,1,1,0,1,7
10000596,optimization,20260713,small_clinic,intermediate_capacity,seg-least_privilege|patch+0|det1|iso0|bak-isolated|idm0,workstation,17,43,144,least_privilege,0.5,0.4419,6,0.7,isolated,0,0,1,0.02325581395,1,1,0,5,0,0,0,0,0,0,0,0,0,0,0,0,0,0,0,0,1,1,0,1,7
10000597,optimization,20260713,small_clinic,intermediate_capacity,seg-least_privilege|patch+0|det1|iso0|bak-isolated|idm0,internet_facing,53,55,202,least_privilege,0.5,0.3636,6,0.7,isolated,0,0,1,0.01818181818,1,1,0,3,0,0,0,0,0,0,0,0,0,0,0,0,0,0,0,0,1,1,0,1,5
10000598,optimization,20260713,small_clinic,intermediate_capacity,seg-least_privilege|patch+0|det1|iso0|bak-isolated|idm1,workstation,12,53,191,least_privilege,0.5,0.3208,6,0.7,isolated,1,0,1,0.01886792453,1,1,0,2,0,0,0,0,0,0,0,0,0,0,0,0,0,0,0,0,1,1,0,1,4
10000599,optimization,20260713,small_clinic,intermediate_capacity,seg-least_privilege|patch+0|det1|iso0|bak-isolated|idm1,internet_facing,54,56,213,least_privilege,0.5,0.4286,6,0.7,isolated,1,0,2,0.03571428571,2,1,1,8,0,0,0,0,0,0,0,0,0,0,0,0,0,0,16,0,1,1,0,1,16
10000600,optimization,20260713,small_clinic,intermediate_capacity,seg-least_privilege|patch+0|det1|iso1|bak-connected|idm0,workstation,14,60,241,least_privilege,0.5,0.5,6,0.95,connected,0,1,2,0.03333333333,2,1,1,6,0,0,0,0,0,0,0,0,0,0,0,0,0,0,0,0,1,1,0,1,9
10000601,optimization,20260713,small_clinic,intermediate_capacity,seg-least_privilege|patch+0|det1|iso1|bak-connected|idm0,internet_facing,42,44,159,least_privilege,0.5,0.4318,6,0.95,connected,0,1,1,0.02272727273,1,1,0,4,0,0,0,0,0,8,0,0,0,1,8,1.4,0.008578431373,0,8,13,1,1,0,1,13
10000602,optimization,20260713,small_clinic,intermediate_capacity,seg-least_privilege|patch+0|det1|iso1|bak-connected|idm1,workstation,22,60,240,least_privilege,0.5,0.45,6,0.95,connected,1,1,1,0.01666666667,1,1,0,7,0,0,0,0,0,0,0,0,0,0,0,0,0,0,0,0,1,1,0,1,9
10000603,optimization,20260713,small_clinic,intermediate_capacity,seg-least_privilege|patch+0|det1|iso1|bak-connected|idm1,internet_facing,38,40,142,least_privilege,0.5,0.4,6,0.95,connected,1,1,1,0.025,1,1,0,10,0,0,0,0,0,0,0,0,0,0,0,0,0,0,8,0,1,1,0,1,19
10000604,optimization,20260713,small_clinic,intermediate_capacity,seg-least_privilege|patch+0|det1|iso1|bak-isolated|idm0,workstation,4,46,162,least_privilege,0.5,0.5435,6,0.95,isolated,0,1,7,0.152173913,7,3,6,20,0,0,0,0,0,0,0,0,0,0,0,0,0,0,32,0,1,1,0,1,33
10000605,optimization,20260713,small_clinic,intermediate_capacity,seg-least_privilege|patch+0|det1|iso1|bak-isolated|idm0,internet_facing,56,58,218,least_privilege,0.5,0.4655,6,0.95,isolated,0,1,1,0.01724137931,1,1,0,1,0,0,0,0,0,0,0,0,0,0,0,0,0,0,0,0,1,1,0,1,3
10000606,optimization,20260713,small_clinic,intermediate_capacity,seg-least_privilege|patch+0|det1|iso1|bak-isolated|idm1,workstation,16,60,225,least_privilege,0.5,0.5333,6,0.95,isolated,1,1,7,0.1166666667,7,1,6,17,0,0,0,0,0,0,0,0,0,0,0,0,0,0,24,0,1,1,0,1,33
10000607,optimization,20260713,small_clinic,intermediate_capacity,seg-least_privilege|patch+0|det1|iso1|bak-isolated|idm1,internet_facing,51,53,194,least_privilege,0.5,0.434,6,0.95,isolated,1,1,1,0.01886792453,1,1,0,5,0,0,0,0,0,0,0,0,0,0,0,0,0,0,0,0,1,1,0,1,7
10000608,optimization,20260713,small_clinic,intermediate_capacity,seg-least_privilege|patch+1|det0|iso0|bak-connected|idm0,workstation,3,43,161,least_privilege,0.75,0.6279,12,0.7,connected,0,0,14,0.3255813953,14,3,14,63,0,0,50,0,8,0,40,0,8,4,106,19.5,0.08762254902,1,72,66,1,1,0,1,78
10000609,optimization,20260713,small_clinic,intermediate_capacity,seg-least_privilege|patch+1|det0|iso0|bak-connected|idm0,internet_facing,51,53,195,least_privilege,0.75,0.6792,12,0.7,connected,0,0,1,0.01886792453,1,1,0,2,0,0,0,0,0,0,0,0,0,0,0,0,0,0,0,0,1,1,0,1,4
10000610,optimization,20260713,small_clinic,intermediate_capacity,seg-least_privilege|patch+1|det0|iso0|bak-connected|idm1,workstation,6,50,187,least_privilege,0.75,0.68,12,0.7,connected,1,0,1,0.02,1,1,0,2,0,0,0,0,0,0,0,0,0,0,0,0,0,0,0,0,1,1,0,1,4
10000611,optimization,20260713,small_clinic,intermediate_capacity,seg-least_privilege|patch+1|det0|iso0|bak-connected|idm1,internet_facing,40,42,159,least_privilege,0.75,0.7381,12,0.7,connected,1,0,2,0.04761904762,2,1,1,38,0,0,0,0,0,8,0,0,0,1,8,1.4,0.008578431373,0,24,11,1,1,0,1,41
10000612,optimization,20260713,small_clinic,intermediate_capacity,seg-least_privilege|patch+1|det0|iso0|bak-isolated|idm0,workstation,0,44,150,least_privilege,0.75,0.6136,12,0.7,isolated,0,0,2,0.04545454545,2,1,1,19,0,0,0,0,0,8,0,0,0,1,8,1.4,0.008578431373,0,16,15,1,1,0,1,22
10000613,optimization,20260713,small_clinic,intermediate_capacity,seg-least_privilege|patch+1|det0|iso0|bak-isolated|idm0,internet_facing,44,46,160,least_privilege,0.75,0.6522,12,0.7,isolated,0,0,12,0.2608695652,12,6,11,47,0,1,51,51,51,51,53,51,0,6,308,60.125,0.265625,1,0,54,1,1,0,1,60
10000614,optimization,20260713,small_clinic,intermediate_capacity,seg-least_privilege|patch+1|det0|iso0|bak-isolated|idm1,workstation,15,60,233,least_privilege,0.75,0.6667,12,0.7,isolated,1,0,1,0.01666666667,1,1,0,3,0,0,0,0,0,0,0,0,0,0,0,0,0,0,8,0,1,1,0,1,11
10000615,optimization,20260713,small_clinic,intermediate_capacity,seg-least_privilege|patch+1|det0|iso0|bak-isolated|idm1,internet_facing,57,59,223,least_privilege,0.75,0.6441,12,0.7,isolated,1,0,1,0.01694915254,1,1,0,8,0,0,0,0,0,0,0,0,0,0,0,0,0,0,0,0,1,1,0,1,10
10000616,optimization,20260713,small_clinic,intermediate_capacity,seg-least_privilege|patch+1|det0|iso1|bak-connected|idm0,workstation,13,46,171,least_privilege,0.75,0.5435,12,0.95,connected,0,1,2,0.04347826087,2,2,1,40,0,0,0,0,0,0,0,0,0,0,0,0,0,0,8,0,1,1,0,1,43
10000617,optimization,20260713,small_clinic,intermediate_capacity,seg-least_privilege|patch+1|det0|iso1|bak-connected|idm0,internet_facing,57,59,237,least_privilege,0.75,0.7458,12,0.95,connected,0,1,1,0.01694915254,1,1,0,5,0,0,0,0,0,0,0,0,0,0,0,0,0,0,0,0,1,1,0,1,7
10000618,optimization,20260713,small_clinic,intermediate_capacity,seg-least_privilege|patch+1|det0|iso1|bak-connected|idm1,workstation,1,59,214,least_privilege,0.75,0.6441,12,0.95,connected,1,1,3,0.05084745763,3,1,2,11,0,0,0,0,0,0,0,0,0,0,0,0,0,0,16,0,1,1,0,1,22
10000619,optimization,20260713,small_clinic,intermediate_capacity,seg-least_privilege|patch+1|det0|iso1|bak-connected|idm1,internet_facing,50,52,189,least_privilege,0.75,0.75,12,0.95,connected,1,1,1,0.01923076923,1,1,0,6,0,0,0,0,0,0,0,0,0,0,0,0,0,0,0,0,1,1,0,1,8
10000620,optimization,20260713,small_clinic,intermediate_capacity,seg-least_privilege|patch+1|det0|iso1|bak-isolated|idm0,workstation,3,41,143,least_privilege,0.75,0.6341,12,0.95,isolated,0,1,1,0.0243902439,1,1,0,6,0,0,0,0,0,0,0,0,0,0,0,0,0,0,8,0,1,1,0,1,9
10000621,optimization,20260713,small_clinic,intermediate_capacity,seg-least_privilege|patch+1|det0|iso1|bak-isolated|idm0,internet_facing,56,59,218,least_privilege,0.75,0.6949,12,0.95,isolated,0,1,1,0.01694915254,1,1,0,7,0,0,0,0,0,0,0,0,0,0,0,0,0,0,16,0,1,1,0,1,16
10000622,optimization,20260713,small_clinic,intermediate_capacity,seg-least_privilege|patch+1|det0|iso1|bak-isolated|idm1,workstation,15,40,129,least_privilege,0.75,0.65,12,0.95,isolated,1,1,2,0.05,2,1,1,4,0,0,0,0,0,0,0,0,0,0,0,0,0,0,0,0,1,1,0,1,7
10000623,optimization,20260713,small_clinic,intermediate_capacity,seg-least_privilege|patch+1|det0|iso1|bak-isolated|idm1,internet_facing,54,56,202,least_privilege,0.75,0.7143,12,0.95,isolated,1,1,1,0.01785714286,1,1,0,1,0,0,0,0,0,0,0,0,0,0,0,0,0,0,8,0,1,1,0,1,10
10000624,optimization,20260713,small_clinic,intermediate_capacity,seg-least_privilege|patch+1|det1|iso0|bak-connected|idm0,workstation,15,42,149,least_privilege,0.75,0.7857,6,0.7,connected,0,0,6,0.1428571429,6,1,5,51,0,0,8,8,8,8,8,8,0,6,48,9.4,0.04166666667,0,24,46,1,1,0,1,58
10000625,optimization,20260713,small_clinic,intermediate_capacity,seg-least_privilege|patch+1|det1|iso0|bak-connected|idm0,internet_facing,38,40,149,least_privilege,0.75,0.6,6,0.7,connected,0,0,2,0.05,2,1,1,9,0,0,0,0,0,0,0,0,0,0,0,0,0,0,0,0,1,1,0,1,12
10000626,optimization,20260713,small_clinic,intermediate_capacity,seg-least_privilege|patch+1|det1|iso0|bak-connected|idm1,workstation,15,56,201,least_privilege,0.75,0.6071,6,0.7,connected,1,0,1,0.01785714286,1,1,0,10,0,0,0,0,0,0,0,0,0,0,0,0,0,0,8,0,1,1,0,1,12
10000627,optimization,20260713,small_clinic,intermediate_capacity,seg-least_privilege|patch+1|det1|iso0|bak-connected|idm1,internet_facing,38,40,143,least_privilege,0.75,0.775,6,0.7,connected,1,0,1,0.025,1,1,0,3,0,0,0,0,0,0,0,0,0,0,0,0,0,0,0,0,1,1,0,1,5
10000628,optimization,20260713,small_clinic,intermediate_capacity,seg-least_privilege|patch+1|det1|iso0|bak-isolated|idm0,workstation,0,44,155,least_privilege,0.75,0.5682,6,0.7,isolated,0,0,1,0.02272727273,1,1,0,13,0,0,0,0,0,0,0,0,0,0,0,0,0,0,8,0,1,1,0,1,15
10000629,optimization,20260713,small_clinic,intermediate_capacity,seg-least_privilege|patch+1|det1|iso0|bak-isolated|idm0,internet_facing,56,58,210,least_privilege,0.75,0.6724,6,0.7,isolated,0,0,1,0.01724137931,1,1,0,4,0,0,0,0,0,0,0,0,0,0,0,0,0,0,0,0,1,1,0,1,6
10000630,optimization,20260713,small_clinic,intermediate_capacity,seg-least_privilege|patch+1|det1|iso0|bak-isolated|idm1,workstation,17,47,166,least_privilege,0.75,0.6809,6,0.7,isolated,1,0,9,0.1914893617,9,2,8,43,0,0,0,8,0,8,0,0,0,2,16,3,0.01838235294,0,16,49,1,1,0,1,53
10000631,optimization,20260713,small_clinic,intermediate_capacity,seg-least_privilege|patch+1|det1|iso0|bak-isolated|idm1,internet_facing,53,55,197,least_privilege,0.75,0.7091,6,0.7,isolated,1,0,1,0.01818181818,1,1,0,9,0,0,8,8,8,8,8,8,0,6,48,9.4,0.04166666667,0,8,11,1,1,0,1,11
10000632,optimization,20260713,small_clinic,intermediate_capacity,seg-least_privilege|patch+1|det1|iso1|bak-connected|idm0,workstation,16,46,176,least_privilege,0.75,0.6304,6,0.95,connected,0,1,1,0.02173913043,1,1,0,3,0,0,0,0,0,0,0,0,0,0,0,0,0,0,0,0,1,1,0,1,5
10000633,optimization,20260713,small_clinic,intermediate_capacity,seg-least_privilege|patch+1|det1|iso1|bak-connected|idm0,internet_facing,53,55,222,least_privilege,0.75,0.7273,6,0.95,connected,0,1,2,0.03636363636,2,1,1,16,0,0,0,0,0,0,0,0,0,0,0,0,0,0,56,0,1,1,0,1,32
10000634,optimization,20260713,small_clinic,intermediate_capacity,seg-least_privilege|patch+1|det1|iso1|bak-connected|idm1,workstation,2,58,221,least_privilege,0.75,0.4828,6,0.95,connected,1,1,1,0.01724137931,1,1,0,2,0,0,0,0,0,0,0,0,0,0,0,0,0,0,16,0,1,1,0,1,15
10000635,optimization,20260713,small_clinic,intermediate_capacity,seg-least_privilege|patch+1|det1|iso1|bak-connected|idm1,internet_facing,58,60,228,least_privilege,0.75,0.6667,6,0.95,connected,1,1,1,0.01666666667,1,1,0,6,0,0,0,0,0,0,0,0,0,0,0,0,0,0,0,0,1,1,0,1,8
10000636,optimization,20260713,small_clinic,intermediate_capacity,seg-least_privilege|patch+1|det1|iso1|bak-isolated|idm0,workstation,19,56,196,least_privilege,0.75,0.625,6,0.95,isolated,0,1,1,0.01785714286,1,1,0,2,0,0,0,0,0,0,0,0,0,0,0,0,0,0,0,0,1,1,0,1,4
10000637,optimization,20260713,small_clinic,intermediate_capacity,seg-least_privilege|patch+1|det1|iso1|bak-isolated|idm0,internet_facing,58,60,215,least_privilege,0.75,0.65,6,0.95,isolated,0,1,1,0.01666666667,1,1,0,6,0,0,0,8,0,0,0,0,0,1,8,1.6,0.009803921569,0,16,13,1,1,0,1,21
10000638,optimization,20260713,small_clinic,intermediate_capacity,seg-least_privilege|patch+1|det1|iso1|bak-isolated|idm1,workstation,15,40,133,least_privilege,0.75,0.725,6,0.95,isolated,1,1,1,0.025,1,1,0,1,0,0,0,0,0,0,0,0,0,0,0,0,0,0,0,0,1,1,0,1,3
10000639,optimization,20260713,small_clinic,intermediate_capacity,seg-least_privilege|patch+1|det1|iso1|bak-isolated|idm1,internet_facing,45,47,167,least_privilege,0.75,0.766,6,0.95,isolated,1,1,1,0.02127659574,1,1,0,7,0,0,0,0,0,0,8,0,8,2,16,2,0,0,16,0,1,1,0,1,17
10000640,optimization,20260713,small_clinic,intermediate_capacity,seg-least_privilege|patch+2|det0|iso0|bak-connected|idm0,workstation,6,56,213,least_privilege,0.9,0.7857,12,0.7,connected,0,0,1,0.01785714286,1,1,0,2,0,0,0,0,0,0,0,0,0,0,0,0,0,0,0,0,1,1,0,1,4
10000641,optimization,20260713,small_clinic,intermediate_capacity,seg-least_privilege|patch+2|det0|iso0|bak-connected|idm0,internet_facing,39,41,157,least_privilege,0.9,0.6829,12,0.7,connected,0,0,1,0.0243902439,1,1,0,4,0,0,0,0,0,0,0,0,0,0,0,0,0,0,16,0,1,1,0,1,18
10000642,optimization,20260713,small_clinic,intermediate_capacity,seg-least_privilege|patch+2|det0|iso0|bak-connected|idm1,workstation,16,46,167,least_privilege,0.9,0.8478,12,0.7,connected,1,0,2,0.04347826087,2,1,1,12,0,0,0,0,0,0,0,0,0,0,0,0,0,0,16,0,1,1,0,1,23
10000643,optimization,20260713,small_clinic,intermediate_capacity,seg-least_privilege|patch+2|det0|iso0|bak-connected|idm1,internet_facing,49,51,184,least_privilege,0.9,0.8235,12,0.7,connected,1,0,1,0.01960784314,1,1,0,5,0,0,0,0,0,0,0,0,0,0,0,0,0,0,0,0,1,1,0,1,7
10000644,optimization,20260713,small_clinic,intermediate_capacity,seg-least_privilege|patch+2|det0|iso0|bak-isolated|idm0,workstation,0,49,169,least_privilege,0.9,0.8367,12,0.7,isolated,0,0,1,0.02040816327,1,1,0,5,0,0,0,0,0,0,0,0,0,0,0,0,0,0,8,0,1,1,0,1,9
10000645,optimization,20260713,small_clinic,intermediate_capacity,seg-least_privilege|patch+2|det0|iso0|bak-isolated|idm0,internet_facing,40,42,143,least_privilege,0.9,0.8333,12,0.7,isolated,0,0,2,0.04761904762,2,1,1,9,0,0,0,0,0,0,0,0,0,0,0,0,0,0,0,0,1,1,0,1,12
10000646,optimization,20260713,small_clinic,intermediate_capacity,seg-least_privilege|patch+2|det0|iso0|bak-isolated|idm1,workstation,0,46,159,least_privilege,0.9,0.8261,12,0.7,isolated,1,0,12,0.2608695652,12,4,11,97,0,0,8,43,16,8,8,8,0,6,91,18.2,0.09558823529,1,40,99,1,1,0,1,110
10000647,optimization,20260713,small_clinic,intermediate_capacity,seg-least_privilege|patch+2|det0|iso0|bak-isolated|idm1,internet_facing,54,56,201,least_privilege,0.9,0.8571,12,0.7,isolated,1,0,1,0.01785714286,1,1,0,18,0,0,0,0,0,0,0,0,0,0,0,0,0,0,16,0,1,1,0,1,29
10000648,optimization,20260713,small_clinic,intermediate_capacity,seg-least_privilege|patch+2|det0|iso1|bak-connected|idm0,workstation,16,58,220,least_privilege,0.9,0.7931,12,0.95,connected,0,1,1,0.01724137931,1,1,0,11,0,0,0,0,0,0,0,0,0,0,0,0,0,0,0,0,1,1,0,1,13
10000649,optimization,20260713,small_clinic,intermediate_capacity,seg-least_privilege|patch+2|det0|iso1|bak-connected|idm0,internet_facing,43,45,158,least_privilege,0.9,0.9111,12,0.95,connected,0,1,1,0.02222222222,1,1,0,1,0,0,0,0,0,0,0,0,0,0,0,0,0,0,0,0,1,1,0,1,3
10000650,optimization,20260713,small_clinic,intermediate_capacity,seg-least_privilege|patch+2|det0|iso1|bak-connected|idm1,workstation,19,59,228,least_privilege,0.9,0.8644,12,0.95,connected,1,1,1,0.01694915254,1,1,0,4,0,0,0,0,0,0,0,0,0,0,0,0,0,0,8,0,1,1,0,1,10
10000651,optimization,20260713,small_clinic,intermediate_capacity,seg-least_privilege|patch+2|det0|iso1|bak-connected|idm1,internet_facing,56,58,229,least_privilege,0.9,0.7759,12,0.95,connected,1,1,4,0.06896551724,4,2,3,27,0,0,18,0,0,0,0,0,0,1,18,4.5,0.02757352941,1,16,29,1,1,0,1,37
10000652,optimization,20260713,small_clinic,intermediate_capacity,seg-least_privilege|patch+2|det0|iso1|bak-isolated|idm0,workstation,2,60,209,least_privilege,0.9,0.8,12,0.95,isolated,0,1,6,0.1,6,1,5,57,0,0,0,0,0,8,0,0,0,1,8,1.4,0.008578431373,0,72,59,1,1,0,1,73
10000653,optimization,20260713,small_clinic,intermediate_capacity,seg-least_privilege|patch+2|det0|iso1|bak-isolated|idm0,internet_facing,54,56,201,least_privilege,0.9,0.9107,12,0.95,isolated,0,1,1,0.01785714286,1,1,0,10,0,0,0,0,0,0,0,0,0,0,0,0,0,0,0,0,1,1,0,1,12
10000654,optimization,20260713,small_clinic,intermediate_capacity,seg-least_privilege|patch+2|det0|iso1|bak-isolated|idm1,workstation,20,52,179,least_privilege,0.9,0.7885,12,0.95,isolated,1,1,1,0.01923076923,1,1,0,1,0,0,0,0,0,0,0,0,0,0,0,0,0,0,0,0,1,1,0,1,3
10000655,optimization,20260713,small_clinic,intermediate_capacity,seg-least_privilege|patch+2|det0|iso1|bak-isolated|idm1,internet_facing,52,54,188,least_privilege,0.9,0.8333,12,0.95,isolated,1,1,1,0.01851851852,1,1,0,4,0,0,0,0,0,0,0,0,0,0,0,0,0,0,0,0,1,1,0,1,6
10000656,optimization,20260713,small_clinic,intermediate_capacity,seg-least_privilege|patch+2|det1|iso0|bak-connected|idm0,workstation,12,44,169,least_privilege,0.9,0.8182,6,0.7,connected,0,0,1,0.02272727273,1,1,0,7,0,0,0,0,0,0,0,0,0,0,0,0,0,0,8,0,1,1,0,1,12
10000657,optimization,20260713,small_clinic,intermediate_capacity,seg-least_privilege|patch+2|det1|iso0|bak-connected|idm0,internet_facing,55,57,220,least_privilege,0.9,0.807,6,0.7,connected,0,0,1,0.01754385965,1,1,0,5,0,0,0,0,0,8,0,0,0,1,8,1.4,0.008578431373,0,48,25,1,1,0,1,27
10000658,optimization,20260713,small_clinic,intermediate_capacity,seg-least_privilege|patch+2|det1|iso0|bak-connected|idm1,workstation,12,46,171,least_privilege,0.9,0.8696,6,0.7,connected,1,0,4,0.08695652174,4,2,3,15,0,0,0,8,0,0,0,0,0,1,8,1.6,0.009803921569,0,8,17,1,1,0,1,20
10000659,optimization,20260713,small_clinic,intermediate_capacity,seg-least_privilege|patch+2|det1|iso0|bak-connected|idm1,internet_facing,40,42,158,least_privilege,0.9,0.9286,6,0.7,connected,1,0,2,0.04761904762,2,1,1,4,0,0,0,0,0,0,0,0,0,0,0,0,0,0,8,0,1,1,0,1,12
10000660,optimization,20260713,small_clinic,intermediate_capacity,seg-least_privilege|patch+2|det1|iso0|bak-isolated|idm0,workstation,14,51,173,least_privilege,0.9,0.8235,6,0.7,isolated,0,0,6,0.1176470588,6,2,5,38,0,0,8,8,14,8,8,8,0,6,54,10.75,0.04993872549,1,72,54,1,1,0,1,57
10000661,optimization,20260713,small_clinic,intermediate_capacity,seg-least_privilege|patch+2|det1|iso0|bak-isolated|idm0,internet_facing,39,41,138,least_privilege,0.9,0.7805,6,0.7,isolated,0,0,1,0.0243902439,1,1,0,7,0,0,0,0,0,0,0,0,0,0,0,0,0,0,0,0,1,1,0,1,9
10000662,optimization,20260713,small_clinic,intermediate_capacity,seg-least_privilege|patch+2|det1|iso0|bak-isolated|idm1,workstation,6,48,162,least_privilege,0.9,0.8333,6,0.7,isolated,1,0,6,0.125,6,2,5,19,0,0,8,8,8,8,8,8,0,6,48,9.4,0.04166666667,0,16,22,1,1,0,1,29
10000663,optimization,20260713,small_clinic,intermediate_capacity,seg-least_privilege|patch+2|det1|iso0|bak-isolated|idm1,internet_facing,56,58,211,least_privilege,0.9,0.7759,6,0.7,isolated,1,0,1,0.01724137931,1,1,0,8,0,0,0,0,0,0,0,0,0,0,0,0,0,0,16,0,1,1,0,1,15
10000664,optimization,20260713,small_clinic,intermediate_capacity,seg-least_privilege|patch+2|det1|iso1|bak-connected|idm0,workstation,12,46,168,least_privilege,0.9,0.7609,6,0.95,connected,0,1,1,0.02173913043,1,1,0,10,0,0,0,0,0,0,0,0,0,0,0,0,0,0,0,0,1,1,0,1,12
10000665,optimization,20260713,small_clinic,intermediate_capacity,seg-least_privilege|patch+2|det1|iso1|bak-connected|idm0,internet_facing,51,53,205,least_privilege,0.9,0.7547,6,0.95,connected,0,1,1,0.01886792453,1,1,0,1,0,0,0,0,0,0,0,0,0,0,0,0,0,0,0,0,1,1,0,1,3
10000666,optimization,20260713,small_clinic,intermediate_capacity,seg-least_privilege|patch+2|det1|iso1|bak-connected|idm1,workstation,12,42,150,least_privilege,0.9,0.9048,6,0.95,connected,1,1,1,0.02380952381,1,1,0,3,0,0,0,0,0,0,0,0,0,0,0,0,0,0,0,0,1,1,0,1,5
10000667,optimization,20260713,small_clinic,intermediate_capacity,seg-least_privilege|patch+2|det1|iso1|bak-connected|idm1,internet_facing,53,55,209,least_privilege,0.9,0.7818,6,0.95,connected,1,1,1,0.01818181818,1,1,0,13,0,0,0,0,0,0,0,0,0,0,0,0,0,0,16,0,1,1,0,1,15
10000668,optimization,20260713,small_clinic,intermediate_capacity,seg-least_privilege|patch+2|det1|iso1|bak-isolated|idm0,workstation,15,43,148,least_privilege,0.9,0.7674,6,0.95,isolated,0,1,1,0.02325581395,1,1,0,3,0,0,0,0,0,0,0,0,0,0,0,0,0,0,0,0,1,1,0,1,5
10000669,optimization,20260713,small_clinic,intermediate_capacity,seg-least_privilege|patch+2|det1|iso1|bak-isolated|idm0,internet_facing,54,56,205,least_privilege,0.9,0.7679,6,0.95,isolated,0,1,1,0.01785714286,1,1,0,5,0,0,0,0,0,0,0,0,0,0,0,0,0,0,0,0,1,1,0,1,7
10000670,optimization,20260713,small_clinic,intermediate_capacity,seg-least_privilege|patch+2|det1|iso1|bak-isolated|idm1,workstation,22,56,195,least_privilege,0.9,0.7857,6,0.95,isolated,1,1,1,0.01785714286,1,1,0,9,0,0,0,0,0,0,0,0,0,0,0,0,0,0,56,0,1,1,0,1,30
10000671,optimization,20260713,small_clinic,intermediate_capacity,seg-least_privilege|patch+2|det1|iso1|bak-isolated|idm1,internet_facing,43,45,160,least_privilege,0.9,0.8444,6,0.95,isolated,1,1,2,0.04444444444,2,2,1,24,0,0,19,16,8,8,8,8,16,7,83,16.15,0.06832107843,1,48,43,1,1,0,1,43
10000672,optimization,20260713,small_clinic,high_capacity,seg-flat|patch+0|det0|iso0|bak-connected|idm0,workstation,2,50,346,flat,0.75,0.68,3,0.9,connected,0,0,1,0.02,1,1,0,2,0,0,0,0,0,0,0,0,0,0,0,0,0,0,24,0,1,1,0,1,11
10000673,optimization,20260713,small_clinic,high_capacity,seg-flat|patch+0|det0|iso0|bak-connected|idm0,internet_facing,56,58,422,flat,0.75,0.6724,3,0.9,connected,0,0,3,0.05172413793,3,3,2,6,0,0,0,0,0,0,0,0,0,0,0,0,0,0,24,0,1,1,0,1,22
10000674,optimization,20260713,small_clinic,high_capacity,seg-flat|patch+0|det0|iso0|bak-connected|idm1,workstation,21,54,391,flat,0.75,0.7222,3,0.9,connected,1,0,1,0.01851851852,1,1,0,6,0,0,0,0,0,0,0,0,0,0,0,0,0,0,0,0,1,1,0,1,8
10000675,optimization,20260713,small_clinic,high_capacity,seg-flat|patch+0|det0|iso0|bak-connected|idm1,internet_facing,38,40,279,flat,0.75,0.75,3,0.9,connected,1,0,11,0.275,11,7,10,24,0,1,28,28,28,35,32,28,0,6,179,34.525,0.1533394608,1,48,49,1,1,0,1,50
10000676,optimization,20260713,small_clinic,high_capacity,seg-flat|patch+0|det0|iso0|bak-isolated|idm0,workstation,1,43,307,flat,0.75,0.6977,3,0.9,isolated,0,0,5,0.1162790698,5,2,4,8,0,0,0,0,0,0,0,0,0,0,0,0,0,0,0,0,1,1,0,1,14
10000677,optimization,20260713,small_clinic,high_capacity,seg-flat|patch+0|det0|iso0|bak-isolated|idm0,internet_facing,44,46,333,flat,0.75,0.6957,3,0.9,isolated,0,0,1,0.02173913043,1,1,0,2,0,0,0,0,0,0,0,0,0,0,0,0,0,0,0,0,1,1,0,1,4
10000678,optimization,20260713,small_clinic,high_capacity,seg-flat|patch+0|det0|iso0|bak-isolated|idm1,workstation,22,55,374,flat,0.75,0.8182,3,0.9,isolated,1,0,1,0.01818181818,1,1,0,3,0,0,0,0,0,8,0,0,0,1,8,1.4,0.008578431373,0,40,18,1,1,0,1,26
10000679,optimization,20260713,small_clinic,high_capacity,seg-flat|patch+0|det0|iso0|bak-isolated|idm1,internet_facing,38,40,268,flat,0.75,0.75,3,0.9,isolated,1,0,2,0.05,2,2,1,6,0,0,0,4,0,0,0,0,0,1,4,0.8,0.004901960784,0,0,8,1,1,0,1,9
10000680,optimization,20260713,small_clinic,high_capacity,seg-flat|patch+0|det0|iso1|bak-connected|idm0,workstation,14,57,410,flat,0.75,0.7719,3,0.95,connected,0,1,2,0.0350877193,2,1,1,10,0,0,0,0,0,8,0,0,0,1,8,1.4,0.008578431373,0,24,21,1,1,0,1,21
10000681,optimization,20260713,small_clinic,high_capacity,seg-flat|patch+0|det0|iso1|bak-connected|idm0,internet_facing,47,49,356,flat,0.75,0.8163,3,0.95,connected,0,1,2,0.04081632653,2,2,1,8,0,0,0,0,0,0,0,0,0,0,0,0,0,0,24,0,1,1,0,1,17
10000682,optimization,20260713,small_clinic,high_capacity,seg-flat|patch+0|det0|iso1|bak-connected|idm1,workstation,19,58,465,flat,0.75,0.7069,3,0.95,connected,1,1,6,0.1034482759,6,1,5,13,0,0,0,0,0,0,0,0,0,0,0,0,0,0,8,0,1,1,0,1,20
10000683,optimization,20260713,small_clinic,high_capacity,seg-flat|patch+0|det0|iso1|bak-connected|idm1,internet_facing,55,57,402,flat,0.75,0.6316,3,0.95,connected,1,1,1,0.01754385965,1,1,0,2,0,0,0,0,0,0,0,0,0,0,0,0,0,0,0,0,1,1,0,1,4
10000684,optimization,20260713,small_clinic,high_capacity,seg-flat|patch+0|det0|iso1|bak-isolated|idm0,workstation,0,40,269,flat,0.75,0.6,3,0.95,isolated,0,1,1,0.025,1,1,0,1,0,0,0,0,0,0,0,0,0,0,0,0,0,0,0,0,1,1,0,1,3
10000685,optimization,20260713,small_clinic,high_capacity,seg-flat|patch+0|det0|iso1|bak-isolated|idm0,internet_facing,49,51,355,flat,0.75,0.8235,3,0.95,isolated,0,1,9,0.1764705882,9,6,8,17,0,1,28,29,28,28,28,28,0,6,169,33.1,0.1470588235,1,16,33,1,1,0,1,33
10000686,optimization,20260713,small_clinic,high_capacity,seg-flat|patch+0|det0|iso1|bak-isolated|idm1,workstation,22,55,384,flat,0.75,0.7818,3,0.95,isolated,1,1,1,0.01818181818,1,1,0,4,0,0,0,0,0,0,0,0,0,0,0,0,0,0,8,0,1,1,0,1,14
10000687,optimization,20260713,small_clinic,high_capacity,seg-flat|patch+0|det0|iso1|bak-isolated|idm1,internet_facing,46,48,336,flat,0.75,0.75,3,0.95,isolated,1,1,1,0.02083333333,1,1,0,2,0,0,0,0,0,0,0,0,0,0,0,0,0,0,0,0,1,1,0,1,4
10000688,optimization,20260713,small_clinic,high_capacity,seg-flat|patch+0|det1|iso0|bak-connected|idm0,workstation,5,42,314,flat,0.75,0.7619,1,0.9,connected,0,0,1,0.02380952381,1,1,0,2,0,0,0,0,0,0,0,0,0,0,0,0,0,0,24,0,1,1,0,1,21
10000689,optimization,20260713,small_clinic,high_capacity,seg-flat|patch+0|det1|iso0|bak-connected|idm0,internet_facing,57,59,430,flat,0.75,0.7627,1,0.9,connected,0,0,3,0.05084745763,3,3,2,3,0,0,0,3,0,0,0,0,0,1,3,0.6,0.003676470588,0,8,5,1,1,0,1,11
10000690,optimization,20260713,small_clinic,high_capacity,seg-flat|patch+0|det1|iso0|bak-connected|idm1,workstation,16,44,319,flat,0.75,0.6364,1,0.9,connected,1,0,2,0.04545454545,2,1,1,3,0,0,0,0,0,0,0,0,0,0,0,0,0,0,0,0,1,1,0,1,6
10000691,optimization,20260713,small_clinic,high_capacity,seg-flat|patch+0|det1|iso0|bak-connected|idm1,internet_facing,46,48,348,flat,0.75,0.6042,1,0.9,connected,1,0,5,0.1041666667,5,4,4,6,1,0,0,0,14,0,0,0,14,2,28,5.25,0.01930147059,1,24,15,1,1,3,0,37
10000692,optimization,20260713,small_clinic,high_capacity,seg-flat|patch+0|det1|iso0|bak-isolated|idm0,workstation,0,56,424,flat,0.75,0.7143,1,0.9,isolated,0,0,1,0.01785714286,1,1,0,2,0,0,0,0,0,0,0,0,0,0,0,0,0,0,0,0,1,1,0,1,4
10000693,optimization,20260713,small_clinic,high_capacity,seg-flat|patch+0|det1|iso0|bak-isolated|idm0,internet_facing,48,50,334,flat,0.75,0.64,1,0.9,isolated,0,0,2,0.04,2,2,1,2,0,0,0,0,0,0,0,0,0,0,0,0,0,0,0,0,1,1,0,1,5
10000694,optimization,20260713,small_clinic,high_capacity,seg-flat|patch+0|det1|iso0|bak-isolated|idm1,workstation,3,43,280,flat,0.75,0.6977,1,0.9,isolated,1,0,1,0.02325581395,1,1,0,2,0,0,0,0,0,0,0,0,0,0,0,0,0,0,16,0,1,1,0,1,16
10000695,optimization,20260713,small_clinic,high_capacity,seg-flat|patch+0|det1|iso0|bak-isolated|idm1,internet_facing,44,46,338,flat,0.75,0.7391,1,0.9,isolated,1,0,1,0.02173913043,1,1,0,2,0,0,0,0,0,0,0,0,0,0,0,0,0,0,0,0,1,1,0,1,4
10000696,optimization,20260713,small_clinic,high_capacity,seg-flat|patch+0|det1|iso1|bak-connected|idm0,workstation,2,55,399,flat,0.75,0.6727,1,0.95,connected,0,1,1,0.01818181818,1,1,0,1,0,0,0,0,0,0,0,0,0,0,0,0,0,0,0,0,1,1,0,1,3
10000697,optimization,20260713,small_clinic,high_capacity,seg-flat|patch+0|det1|iso1|bak-connected|idm0,internet_facing,48,50,357,flat,0.75,0.68,1,0.95,connected,0,1,2,0.04,2,2,1,1,0,0,0,2,0,0,0,0,0,1,2,0.4,0.002450980392,0,0,3,1,1,0,1,4
10000698,optimization,20260713,small_clinic,high_capacity,seg-flat|patch+0|det1|iso1|bak-connected|idm1,workstation,9,52,388,flat,0.75,0.7308,1,0.95,connected,1,1,1,0.01923076923,1,1,0,1,0,0,0,0,0,0,0,0,0,0,0,0,0,0,8,0,1,1,0,1,9
10000699,optimization,20260713,small_clinic,high_capacity,seg-flat|patch+0|det1|iso1|bak-connected|idm1,internet_facing,46,48,367,flat,0.75,0.75,1,0.95,connected,1,1,1,0.02083333333,1,1,0,1,0,0,0,0,0,0,0,0,0,0,0,0,0,0,0,0,1,1,0,1,3
10000700,optimization,20260713,small_clinic,high_capacity,seg-flat|patch+0|det1|iso1|bak-isolated|idm0,workstation,12,42,302,flat,0.75,0.7619,1,0.95,isolated,0,1,1,0.02380952381,1,1,0,1,0,0,0,0,0,0,0,0,0,0,0,0,0,0,0,0,1,1,0,1,3
10000701,optimization,20260713,small_clinic,high_capacity,seg-flat|patch+0|det1|iso1|bak-isolated|idm0,internet_facing,41,43,312,flat,0.75,0.6977,1,0.95,isolated,0,1,1,0.02325581395,1,1,0,1,0,0,0,0,0,0,0,0,0,0,0,0,0,0,0,0,1,1,0,1,3
10000702,optimization,20260713,small_clinic,high_capacity,seg-flat|patch+0|det1|iso1|bak-isolated|idm1,workstation,6,47,317,flat,0.75,0.7021,1,0.95,isolated,1,1,1,0.02127659574,1,1,0,1,0,0,0,0,0,0,0,0,0,0,0,0,0,0,0,0,1,1,0,1,3
10000703,optimization,20260713,small_clinic,high_capacity,seg-flat|patch+0|det1|iso1|bak-isolated|idm1,internet_facing,47,49,357,flat,0.75,0.4694,1,0.95,isolated,1,1,1,0.02040816327,1,1,0,1,0,0,0,0,0,0,0,0,0,0,0,0,0,0,0,0,1,1,0,1,3
10000704,optimization,20260713,small_clinic,high_capacity,seg-flat|patch+1|det0|iso0|bak-connected|idm0,workstation,4,43,319,flat,0.9,0.814,3,0.9,connected,0,0,2,0.04651162791,2,1,1,5,0,0,0,0,0,0,0,0,0,0,0,0,0,0,0,0,1,1,0,1,8
10000705,optimization,20260713,small_clinic,high_capacity,seg-flat|patch+1|det0|iso0|bak-connected|idm0,internet_facing,53,55,397,flat,0.9,0.8364,3,0.9,connected,0,0,4,0.07272727273,4,4,3,10,1,0,0,0,0,0,0,0,17,1,17,2.55,0,0,16,0,1,1,2,0,26
10000706,optimization,20260713,small_clinic,high_capacity,seg-flat|patch+1|det0|iso0|bak-connected|idm1,workstation,1,42,322,flat,0.9,0.9048,3,0.9,connected,1,0,3,0.07142857143,3,3,2,8,0,0,0,0,0,3,0,0,0,1,3,0.525,0.003216911765,0,0,10,1,1,0,1,12
10000707,optimization,20260713,small_clinic,high_capacity,seg-flat|patch+1|det0|iso0|bak-connected|idm1,internet_facing,56,58,406,flat,0.9,0.9138,3,0.9,connected,1,0,1,0.01724137931,1,1,0,2,0,0,0,0,0,0,0,0,8,1,8,1.2,0,0,24,0,1,1,0,1,18
10000708,optimization,20260713,small_clinic,high_capacity,seg-flat|patch+1|det0|iso0|bak-isolated|idm0,workstation,0,46,325,flat,0.9,0.8696,3,0.9,isolated,0,0,1,0.02173913043,1,1,0,3,0,0,0,0,0,0,0,0,0,0,0,0,0,0,8,0,1,1,0,1,9
10000709,optimization,20260713,small_clinic,high_capacity,seg-flat|patch+1|det0|iso0|bak-isolated|idm0,internet_facing,53,55,393,flat,0.9,0.8364,3,0.9,isolated,0,0,1,0.01818181818,1,1,0,3,0,0,0,0,0,0,0,0,0,0,0,0,0,0,0,0,1,1,0,1,5
10000710,optimization,20260713,small_clinic,high_capacity,seg-flat|patch+1|det0|iso0|bak-isolated|idm1,workstation,12,47,323,flat,0.9,0.8723,3,0.9,isolated,1,0,2,0.04255319149,2,2,1,2,0,0,0,0,0,0,0,0,0,0,0,0,0,0,0,0,1,1,0,1,5
10000711,optimization,20260713,small_clinic,high_capacity,seg-flat|patch+1|det0|iso0|bak-isolated|idm1,internet_facing,53,55,380,flat,0.9,0.9636,3,0.9,isolated,1,0,2,0.03636363636,2,2,1,8,0,0,0,0,0,0,0,0,0,0,0,0,0,0,8,0,1,1,0,1,16
10000712,optimization,20260713,small_clinic,high_capacity,seg-flat|patch+1|det0|iso1|bak-connected|idm0,workstation,3,45,323,flat,0.9,0.8,3,0.95,connected,0,1,1,0.02222222222,1,1,0,3,0,0,0,0,0,0,0,0,8,1,8,1.2,0,0,8,0,1,1,0,1,10
10000713,optimization,20260713,small_clinic,high_capacity,seg-flat|patch+1|det0|iso1|bak-connected|idm0,internet_facing,55,57,410,flat,0.9,0.8772,3,0.95,connected,0,1,1,0.01754385965,1,1,0,1,0,0,8,14,8,8,8,8,8,7,62,11.8,0.04901960784,1,40,18,1,1,0,1,19
10000714,optimization,20260713,small_clinic,high_capacity,seg-flat|patch+1|det0|iso1|bak-connected|idm1,workstation,8,52,381,flat,0.9,0.8654,3,0.95,connected,1,1,1,0.01923076923,1,1,0,1,0,0,0,0,0,0,0,0,0,0,0,0,0,0,64,0,1,1,0,1,44
10000715,optimization,20260713,small_clinic,high_capacity,seg-flat|patch+1|det0|iso1|bak-connected|idm1,internet_facing,48,50,373,flat,0.9,0.88,3,0.95,connected,1,1,1,0.02,1,1,0,1,0,0,0,0,0,0,0,0,0,0,0,0,0,0,0,0,1,1,0,1,3
10000716,optimization,20260713,small_clinic,high_capacity,seg-flat|patch+1|det0|iso1|bak-isolated|idm0,workstation,6,42,283,flat,0.9,0.8095,3,0.95,isolated,0,1,2,0.04761904762,2,1,1,2,0,0,0,0,0,0,0,0,0,0,0,0,0,0,0,0,1,1,0,1,5
10000717,optimization,20260713,small_clinic,high_capacity,seg-flat|patch+1|det0|iso1|bak-isolated|idm0,internet_facing,48,50,351,flat,0.9,0.92,3,0.95,isolated,0,1,2,0.04,2,2,1,6,0,0,0,8,0,0,0,0,0,1,8,1.6,0.009803921569,0,16,12,1,1,0,1,12
10000718,optimization,20260713,small_clinic,high_capacity,seg-flat|patch+1|det0|iso1|bak-isolated|idm1,workstation,17,58,414,flat,0.9,0.8103,3,0.95,isolated,1,1,2,0.03448275862,2,1,1,7,0,0,0,0,0,0,0,0,0,0,0,0,0,0,0,0,1,1,0,1,10
10000719,optimization,20260713,small_clinic,high_capacity,seg-flat|patch+1|det0|iso1|bak-isolated|idm1,internet_facing,45,47,318,flat,0.9,0.9787,3,0.95,isolated,1,1,1,0.02127659574,1,1,0,3,0,0,0,0,0,0,0,0,0,0,0,0,0,0,0,0,1,1,0,1,5
10000720,optimization,20260713,small_clinic,high_capacity,seg-flat|patch+1|det1|iso0|bak-connected|idm0,workstation,3,59,480,flat,0.9,0.8814,1,0.9,connected,0,0,1,0.01694915254,1,1,0,2,0,0,0,0,0,0,0,0,0,0,0,0,0,0,0,0,1,1,0,1,4
10000721,optimization,20260713,small_clinic,high_capacity,seg-flat|patch+1|det1|iso0|bak-connected|idm0,internet_facing,40,42,291,flat,0.9,0.8333,1,0.9,connected,0,0,1,0.02380952381,1,1,0,2,0,0,0,0,0,0,0,0,0,0,0,0,0,0,8,0,1,1,0,1,10
10000722,optimization,20260713,small_clinic,high_capacity,seg-flat|patch+1|det1|iso0|bak-connected|idm1,workstation,5,46,340,flat,0.9,0.8913,1,0.9,connected,1,0,1,0.02173913043,1,1,0,2,0,0,0,0,0,0,0,0,0,0,0,0,0,0,0,0,1,1,0,1,4
10000723,optimization,20260713,small_clinic,high_capacity,seg-flat|patch+1|det1|iso0|bak-connected|idm1,internet_facing,55,57,417,flat,0.9,0.8596,1,0.9,connected,1,0,3,0.05263157895,3,2,2,2,0,0,0,0,0,0,0,0,0,0,0,0,0,0,8,0,1,1,0,1,12
10000724,optimization,20260713,small_clinic,high_capacity,seg-flat|patch+1|det1|iso0|bak-isolated|idm0,workstation,1,49,357,flat,0.9,0.8367,1,0.9,isolated,0,0,3,0.0612244898,3,2,2,4,0,0,8,8,8,8,12,8,0,6,52,9.8,0.04166666667,0,16,14,1,1,0,1,14
10000725,optimization,20260713,small_clinic,high_capacity,seg-flat|patch+1|det1|iso0|bak-isolated|idm0,internet_facing,50,52,367,flat,0.9,0.8077,1,0.9,isolated,0,0,1,0.01923076923,1,1,0,2,0,0,0,0,0,0,0,0,0,0,0,0,0,0,0,0,1,1,0,1,4
10000726,optimization,20260713,small_clinic,high_capacity,seg-flat|patch+1|det1|iso0|bak-isolated|idm1,workstation,9,58,401,flat,0.9,0.8276,1,0.9,isolated,1,0,1,0.01724137931,1,1,0,3,0,0,0,0,0,0,0,0,0,0,0,0,0,0,0,0,1,1,0,1,5
10000727,optimization,20260713,small_clinic,high_capacity,seg-flat|patch+1|det1|iso0|bak-isolated|idm1,internet_facing,58,60,480,flat,0.9,0.8167,1,0.9,isolated,1,0,1,0.01666666667,1,1,0,2,0,0,0,0,0,0,0,0,0,0,0,0,0,0,0,0,1,1,0,1,4
10000728,optimization,20260713,small_clinic,high_capacity,seg-flat|patch+1|det1|iso1|bak-connected|idm0,workstation,14,49,373,flat,0.9,0.8776,1,0.95,connected,0,1,1,0.02040816327,1,1,0,1,0,0,8,8,8,8,8,8,0,6,48,9.4,0.04166666667,0,16,12,1,1,0,1,12
10000729,optimization,20260713,small_clinic,high_capacity,seg-flat|patch+1|det1|iso1|bak-connected|idm0,internet_facing,49,51,379,flat,0.9,0.9216,1,0.95,connected,0,1,1,0.01960784314,1,1,0,1,0,0,0,0,0,0,0,0,0,0,0,0,0,0,0,0,1,1,0,1,3
10000730,optimization,20260713,small_clinic,high_capacity,seg-flat|patch+1|det1|iso1|bak-connected|idm1,workstation,8,44,337,flat,0.9,0.8636,1,0.95,connected,1,1,1,0.02272727273,1,1,0,2,0,0,0,0,0,0,0,0,0,0,0,0,0,0,16,0,1,1,0,1,9
10000731,optimization,20260713,small_clinic,high_capacity,seg-flat|patch+1|det1|iso1|bak-connected|idm1,internet_facing,58,60,478,flat,0.9,0.9333,1,0.95,connected,1,1,1,0.01666666667,1,1,0,1,0,0,0,0,0,0,0,0,0,0,0,0,0,0,32,0,1,1,0,1,14
10000732,optimization,20260713,small_clinic,high_capacity,seg-flat|patch+1|det1|iso1|bak-isolated|idm0,workstation,1,45,294,flat,0.9,0.9556,1,0.95,isolated,0,1,1,0.02222222222,1,1,0,1,0,0,8,0,8,0,0,0,0,2,16,3.8,0.02328431373,0,24,13,1,1,0,1,18
10000733,optimization,20260713,small_clinic,high_capacity,seg-flat|patch+1|det1|iso1|bak-isolated|idm0,internet_facing,47,49,337,flat,0.9,0.9184,1,0.95,isolated,0,1,2,0.04081632653,2,2,1,1,0,0,0,0,2,0,0,0,0,1,2,0.45,0.002757352941,0,0,3,1,1,0,1,4
10000734,optimization,20260713,small_clinic,high_capacity,seg-flat|patch+1|det1|iso1|bak-isolated|idm1,workstation,0,49,361,flat,0.9,0.8571,1,0.95,isolated,1,1,1,0.02040816327,1,1,0,1,0,0,0,0,0,0,0,0,0,0,0,0,0,0,0,0,1,1,0,1,3
10000735,optimization,20260713,small_clinic,high_capacity,seg-flat|patch+1|det1|iso1|bak-isolated|idm1,internet_facing,43,45,325,flat,0.9,0.8889,1,0.95,isolated,1,1,1,0.02222222222,1,1,0,2,0,0,8,8,11,8,8,8,0,6,51,10.075,0.04580269608,1,40,18,1,1,0,1,21
10000736,optimization,20260713,small_clinic,high_capacity,seg-basic|patch+0|det0|iso0|bak-connected|idm0,workstation,5,55,265,basic,0.75,0.7818,3,0.9,connected,0,0,1,0.01818181818,1,1,0,3,0,0,0,0,0,0,0,0,0,0,0,0,0,0,0,0,1,1,0,1,5
10000737,optimization,20260713,small_clinic,high_capacity,seg-basic|patch+0|det0|iso0|bak-connected|idm0,internet_facing,42,44,211,basic,0.75,0.7045,3,0.9,connected,0,0,1,0.02272727273,1,1,0,3,0,0,0,0,0,0,0,0,0,0,0,0,0,0,0,0,1,1,0,1,5
10000738,optimization,20260713,small_clinic,high_capacity,seg-basic|patch+0|det0|iso0|bak-connected|idm1,workstation,20,51,249,basic,0.75,0.7255,3,0.9,connected,1,0,3,0.05882352941,3,2,2,14,0,0,0,0,0,12,0,0,0,1,12,2.1,0.01286764706,1,24,16,1,1,0,1,23
10000739,optimization,20260713,small_clinic,high_capacity,seg-basic|patch+0|det0|iso0|bak-connected|idm1,internet_facing,50,52,243,basic,0.75,0.7885,3,0.9,connected,1,0,1,0.01923076923,1,1,0,3,0,0,0,0,0,0,0,0,0,0,0,0,0,0,0,0,1,1,0,1,5
10000740,optimization,20260713,small_clinic,high_capacity,seg-basic|patch+0|det0|iso0|bak-isolated|idm0,workstation,13,44,199,basic,0.75,0.7727,3,0.9,isolated,0,0,1,0.02272727273,1,1,0,3,0,0,0,0,0,0,0,0,0,0,0,0,0,0,0,0,1,1,0,1,5
10000741,optimization,20260713,small_clinic,high_capacity,seg-basic|patch+0|det0|iso0|bak-isolated|idm0,internet_facing,50,52,251,basic,0.75,0.6923,3,0.9,isolated,0,0,1,0.01923076923,1,1,0,7,0,0,0,0,0,0,0,0,0,0,0,0,0,0,32,0,1,1,0,1,26
10000742,optimization,20260713,small_clinic,high_capacity,seg-basic|patch+0|det0|iso0|bak-isolated|idm1,workstation,1,51,227,basic,0.75,0.5294,3,0.9,isolated,1,0,3,0.05882352941,3,2,2,7,0,0,2,0,0,0,0,0,0,1,2,0.5,0.00306372549,0,8,9,1,1,0,1,15
10000743,optimization,20260713,small_clinic,high_capacity,seg-basic|patch+0|det0|iso0|bak-isolated|idm1,internet_facing,55,57,262,basic,0.75,0.7018,3,0.9,isolated,1,0,1,0.01754385965,1,1,0,10,0,0,0,0,0,0,0,0,0,0,0,0,0,0,0,0,1,1,0,1,12
10000744,optimization,20260713,small_clinic,high_capacity,seg-basic|patch+0|det0|iso1|bak-connected|idm0,workstation,10,56,274,basic,0.75,0.625,3,0.95,connected,0,1,1,0.01785714286,1,1,0,1,0,0,0,0,0,0,0,0,0,0,0,0,0,0,0,0,1,1,0,1,3
10000745,optimization,20260713,small_clinic,high_capacity,seg-basic|patch+0|det0|iso1|bak-connected|idm0,internet_facing,45,47,230,basic,0.75,0.8298,3,0.95,connected,0,1,1,0.02127659574,1,1,0,3,0,0,0,0,0,0,0,0,0,0,0,0,0,0,8,0,1,1,0,1,11
10000746,optimization,20260713,small_clinic,high_capacity,seg-basic|patch+0|det0|iso1|bak-connected|idm1,workstation,11,43,195,basic,0.75,0.7209,3,0.95,connected,1,1,1,0.02325581395,1,1,0,1,0,0,0,0,0,0,0,0,0,0,0,0,0,0,0,0,1,1,0,1,3
10000747,optimization,20260713,small_clinic,high_capacity,seg-basic|patch+0|det0|iso1|bak-connected|idm1,internet_facing,51,53,251,basic,0.75,0.6981,3,0.95,connected,1,1,1,0.01886792453,1,1,0,1,0,0,0,0,0,0,0,0,0,0,0,0,0,0,0,0,1,1,0,1,3
10000748,optimization,20260713,small_clinic,high_capacity,seg-basic|patch+0|det0|iso1|bak-isolated|idm0,workstation,14,47,214,basic,0.75,0.8085,3,0.95,isolated,0,1,1,0.02127659574,1,1,0,1,0,0,0,0,0,0,0,0,0,0,0,0,0,0,0,0,1,1,0,1,3
10000749,optimization,20260713,small_clinic,high_capacity,seg-basic|patch+0|det0|iso1|bak-isolated|idm0,internet_facing,57,59,272,basic,0.75,0.8475,3,0.95,isolated,0,1,2,0.03389830508,2,1,1,3,0,0,0,0,0,0,0,0,0,0,0,0,0,0,0,0,1,1,0,1,6
10000750,optimization,20260713,small_clinic,high_capacity,seg-basic|patch+0|det0|iso1|bak-isolated|idm1,workstation,3,45,204,basic,0.75,0.7556,3,0.95,isolated,1,1,1,0.02222222222,1,1,0,1,0,0,0,0,0,0,0,0,0,0,0,0,0,0,0,0,1,1,0,1,3
10000751,optimization,20260713,small_clinic,high_capacity,seg-basic|patch+0|det0|iso1|bak-isolated|idm1,internet_facing,49,51,249,basic,0.75,0.7059,3,0.95,isolated,1,1,1,0.01960784314,1,1,0,6,0,0,0,0,0,0,0,0,0,0,0,0,0,0,0,0,1,1,0,1,8
10000752,optimization,20260713,small_clinic,high_capacity,seg-basic|patch+0|det1|iso0|bak-connected|idm0,workstation,20,59,279,basic,0.75,0.6441,1,0.9,connected,0,0,5,0.08474576271,5,2,4,4,0,0,0,0,0,0,0,0,0,0,0,0,0,0,64,0,1,1,0,1,40
10000753,optimization,20260713,small_clinic,high_capacity,seg-basic|patch+0|det1|iso0|bak-connected|idm0,internet_facing,57,60,304,basic,0.75,0.65,1,0.9,connected,0,0,1,0.01666666667,1,1,0,3,0,0,0,0,0,0,0,0,0,0,0,0,0,0,0,0,1,1,0,1,5
10000754,optimization,20260713,small_clinic,high_capacity,seg-basic|patch+0|det1|iso0|bak-connected|idm1,workstation,11,46,224,basic,0.75,0.6739,1,0.9,connected,1,0,2,0.04347826087,2,1,1,2,0,0,0,0,0,0,0,0,0,0,0,0,0,0,8,0,1,1,0,1,10
10000755,optimization,20260713,small_clinic,high_capacity,seg-basic|patch+0|det1|iso0|bak-connected|idm1,internet_facing,54,56,271,basic,0.75,0.6964,1,0.9,connected,1,0,1,0.01785714286,1,1,0,2,0,0,0,0,0,0,0,0,0,0,0,0,0,0,0,0,1,1,0,1,4
10000756,optimization,20260713,small_clinic,high_capacity,seg-basic|patch+0|det1|iso0|bak-isolated|idm0,workstation,10,45,207,basic,0.75,0.8222,1,0.9,isolated,0,0,1,0.02222222222,1,1,0,2,0,0,0,0,0,0,0,0,0,0,0,0,0,0,0,0,1,1,0,1,4
10000757,optimization,20260713,small_clinic,high_capacity,seg-basic|patch+0|det1|iso0|bak-isolated|idm0,internet_facing,43,45,214,basic,0.75,0.7333,1,0.9,isolated,0,0,1,0.02222222222,1,1,0,2,0,0,0,0,0,0,0,0,0,0,0,0,0,0,0,0,1,1,0,1,4
10000758,optimization,20260713,small_clinic,high_capacity,seg-basic|patch+0|det1|iso0|bak-isolated|idm1,workstation,13,45,200,basic,0.75,0.6,1,0.9,isolated,1,0,2,0.04444444444,2,1,1,2,0,0,0,0,0,0,0,0,0,0,0,0,0,0,0,0,1,1,0,1,5
10000759,optimization,20260713,small_clinic,high_capacity,seg-basic|patch+0|det1|iso0|bak-isolated|idm1,internet_facing,50,52,250,basic,0.75,0.8077,1,0.9,isolated,1,0,1,0.01923076923,1,1,0,2,0,0,0,0,0,0,0,0,0,0,0,0,0,0,16,0,1,1,0,1,10
10000760,optimization,20260713,small_clinic,high_capacity,seg-basic|patch+0|det1|iso1|bak-connected|idm0,workstation,21,52,246,basic,0.75,0.7115,1,0.95,connected,0,1,1,0.01923076923,1,1,0,1,0,0,0,0,0,0,0,0,0,0,0,0,0,0,0,0,1,1,0,1,3
10000761,optimization,20260713,small_clinic,high_capacity,seg-basic|patch+0|det1|iso1|bak-connected|idm0,internet_facing,54,56,277,basic,0.75,0.7857,1,0.95,connected,0,1,1,0.01785714286,1,1,0,1,0,0,0,0,0,0,0,0,0,0,0,0,0,0,0,0,1,1,0,1,3
10000762,optimization,20260713,small_clinic,high_capacity,seg-basic|patch+0|det1|iso1|bak-connected|idm1,workstation,16,48,236,basic,0.75,0.7917,1,0.95,connected,1,1,1,0.02083333333,1,1,0,1,0,0,0,0,0,0,0,0,0,0,0,0,0,0,8,0,1,1,0,1,9
10000763,optimization,20260713,small_clinic,high_capacity,seg-basic|patch+0|det1|iso1|bak-connected|idm1,internet_facing,57,59,304,basic,0.75,0.661,1,0.95,connected,1,1,1,0.01694915254,1,1,0,1,0,0,0,0,0,0,0,0,0,0,0,0,0,0,8,0,1,1,0,1,9
10000764,optimization,20260713,small_clinic,high_capacity,seg-basic|patch+0|det1|iso1|bak-isolated|idm0,workstation,19,60,279,basic,0.75,0.65,1,0.95,isolated,0,1,1,0.01666666667,1,1,0,1,0,0,0,0,0,0,0,0,0,0,0,0,0,0,0,0,1,1,0,1,3
10000765,optimization,20260713,small_clinic,high_capacity,seg-basic|patch+0|det1|iso1|bak-isolated|idm0,internet_facing,48,50,233,basic,0.75,0.68,1,0.95,isolated,0,1,1,0.02,1,1,0,1,0,0,0,0,0,0,0,0,0,0,0,0,0,0,0,0,1,1,0,1,3
10000766,optimization,20260713,small_clinic,high_capacity,seg-basic|patch+0|det1|iso1|bak-isolated|idm1,workstation,6,41,186,basic,0.75,0.7561,1,0.95,isolated,1,1,1,0.0243902439,1,1,0,1,0,0,0,0,0,0,0,0,0,0,0,0,0,0,0,0,1,1,0,1,3
10000767,optimization,20260713,small_clinic,high_capacity,seg-basic|patch+0|det1|iso1|bak-isolated|idm1,internet_facing,56,58,299,basic,0.75,0.8103,1,0.95,isolated,1,1,1,0.01724137931,1,1,0,1,0,0,0,0,0,0,0,0,0,0,0,0,0,0,0,0,1,1,0,1,3
10000768,optimization,20260713,small_clinic,high_capacity,seg-basic|patch+1|det0|iso0|bak-connected|idm0,workstation,5,53,252,basic,0.9,0.8679,3,0.9,connected,0,0,1,0.01886792453,1,1,0,2,0,0,0,0,0,0,0,0,0,0,0,0,0,0,8,0,1,1,0,1,9
10000769,optimization,20260713,small_clinic,high_capacity,seg-basic|patch+1|det0|iso0|bak-connected|idm0,internet_facing,54,56,267,basic,0.9,0.9464,3,0.9,connected,0,0,1,0.01785714286,1,1,0,4,0,0,0,0,0,0,0,0,0,0,0,0,0,0,8,0,1,1,0,1,13
10000770,optimization,20260713,small_clinic,high_capacity,seg-basic|patch+1|det0|iso0|bak-connected|idm1,workstation,3,60,309,basic,0.9,0.8333,3,0.9,connected,1,0,3,0.05,3,2,2,9,0,0,0,0,0,0,0,0,0,0,0,0,0,0,16,0,1,1,0,1,15
10000771,optimization,20260713,small_clinic,high_capacity,seg-basic|patch+1|det0|iso0|bak-connected|idm1,internet_facing,54,56,280,basic,0.9,0.875,3,0.9,connected,1,0,1,0.01785714286,1,1,0,2,0,0,0,0,0,0,0,0,0,0,0,0,0,0,0,0,1,1,0,1,4
10000772,optimization,20260713,small_clinic,high_capacity,seg-basic|patch+1|det0|iso0|bak-isolated|idm0,workstation,7,54,256,basic,0.9,0.9259,3,0.9,isolated,0,0,1,0.01851851852,1,1,0,2,0,0,0,0,0,0,0,0,0,0,0,0,0,0,0,0,1,1,0,1,4
10000773,optimization,20260713,small_clinic,high_capacity,seg-basic|patch+1|det0|iso0|bak-isolated|idm0,internet_facing,54,56,270,basic,0.9,0.8214,3,0.9,isolated,0,0,2,0.03571428571,2,1,1,3,0,0,0,0,0,0,0,0,0,0,0,0,0,0,0,0,1,1,0,1,6
10000774,optimization,20260713,small_clinic,high_capacity,seg-basic|patch+1|det0|iso0|bak-isolated|idm1,workstation,10,54,247,basic,0.9,0.9074,3,0.9,isolated,1,0,1,0.01851851852,1,1,0,3,0,0,0,0,0,0,0,0,0,0,0,0,0,0,0,0,1,1,0,1,5
10000775,optimization,20260713,small_clinic,high_capacity,seg-basic|patch+1|det0|iso0|bak-isolated|idm1,internet_facing,39,41,173,basic,0.9,0.878,3,0.9,isolated,1,0,1,0.0243902439,1,1,0,3,0,0,0,0,0,0,0,0,0,0,0,0,0,0,8,0,1,1,0,1,12
10000776,optimization,20260713,small_clinic,high_capacity,seg-basic|patch+1|det0|iso1|bak-connected|idm0,workstation,5,41,183,basic,0.9,0.878,3,0.95,connected,0,1,1,0.0243902439,1,1,0,5,0,0,0,0,0,0,0,0,0,0,0,0,0,0,0,0,1,1,0,1,7
10000777,optimization,20260713,small_clinic,high_capacity,seg-basic|patch+1|det0|iso1|bak-connected|idm0,internet_facing,54,56,275,basic,0.9,0.9643,3,0.95,connected,0,1,1,0.01785714286,1,1,0,2,0,0,0,0,0,0,0,0,0,0,0,0,0,0,0,0,1,1,0,1,4
10000778,optimization,20260713,small_clinic,high_capacity,seg-basic|patch+1|det0|iso1|bak-connected|idm1,workstation,8,41,188,basic,0.9,0.9268,3,0.95,connected,1,1,1,0.0243902439,1,1,0,4,0,0,0,0,0,0,0,0,0,0,0,0,0,0,24,0,1,1,0,1,20
10000779,optimization,20260713,small_clinic,high_capacity,seg-basic|patch+1|det0|iso1|bak-connected|idm1,internet_facing,55,57,271,basic,0.9,0.8772,3,0.95,connected,1,1,2,0.0350877193,2,1,1,4,0,0,0,0,0,0,0,0,0,0,0,0,0,0,32,0,1,1,0,1,25
10000780,optimization,20260713,small_clinic,high_capacity,seg-basic|patch+1|det0|iso1|bak-isolated|idm0,workstation,12,53,259,basic,0.9,0.9811,3,0.95,isolated,0,1,2,0.03773584906,2,1,1,5,0,0,0,0,0,0,0,0,0,0,0,0,0,0,0,0,1,1,0,1,8
10000781,optimization,20260713,small_clinic,high_capacity,seg-basic|patch+1|det0|iso1|bak-isolated|idm0,internet_facing,57,59,282,basic,0.9,0.8644,3,0.95,isolated,0,1,1,0.01694915254,1,1,0,2,0,0,0,0,0,0,0,0,0,0,0,0,0,0,0,0,1,1,0,1,4
10000782,optimization,20260713,small_clinic,high_capacity,seg-basic|patch+1|det0|iso1|bak-isolated|idm1,workstation,5,52,241,basic,0.9,0.8462,3,0.95,isolated,1,1,3,0.05769230769,3,2,2,16,0,0,0,0,8,0,0,0,0,1,8,1.8,0.01102941176,0,0,18,1,1,0,1,20
10000783,optimization,20260713,small_clinic,high_capacity,seg-basic|patch+1|det0|iso1|bak-isolated|idm1,internet_facing,38,40,186,basic,0.9,0.875,3,0.95,isolated,1,1,1,0.025,1,1,0,1,0,0,0,0,0,0,0,0,0,0,0,0,0,0,0,0,1,1,0,1,3
10000784,optimization,20260713,small_clinic,high_capacity,seg-basic|patch+1|det1|iso0|bak-connected|idm0,workstation,15,60,316,basic,0.9,0.8833,1,0.9,connected,0,0,1,0.01666666667,1,1,0,2,0,0,0,0,0,8,0,0,8,2,16,2.6,0.008578431373,0,40,18,1,1,0,1,23
10000785,optimization,20260713,small_clinic,high_capacity,seg-basic|patch+1|det1|iso0|bak-connected|idm0,internet_facing,49,51,254,basic,0.9,0.8824,1,0.9,connected,0,0,1,0.01960784314,1,1,0,2,0,0,0,0,0,0,0,0,0,0,0,0,0,0,0,0,1,1,0,1,4
10000786,optimization,20260713,small_clinic,high_capacity,seg-basic|patch+1|det1|iso0|bak-connected|idm1,workstation,7,55,270,basic,0.9,0.9091,1,0.9,connected,1,0,1,0.01818181818,1,1,0,2,0,0,0,0,0,0,0,0,0,0,0,0,0,0,0,0,1,1,0,1,4
10000787,optimization,20260713,small_clinic,high_capacity,seg-basic|patch+1|det1|iso0|bak-connected|idm1,internet_facing,46,48,245,basic,0.9,0.8125,1,0.9,connected,1,0,1,0.02083333333,1,1,0,2,0,0,0,0,0,0,0,0,0,0,0,0,0,0,0,0,1,1,0,1,4
10000788,optimization,20260713,small_clinic,high_capacity,seg-basic|patch+1|det1|iso0|bak-isolated|idm0,workstation,15,57,279,basic,0.9,0.9298,1,0.9,isolated,0,0,1,0.01754385965,1,1,0,2,0,0,0,0,0,0,0,0,0,0,0,0,0,0,0,0,1,1,0,1,4
10000789,optimization,20260713,small_clinic,high_capacity,seg-basic|patch+1|det1|iso0|bak-isolated|idm0,internet_facing,50,52,244,basic,0.9,0.8846,1,0.9,isolated,0,0,1,0.01923076923,1,1,0,2,0,0,0,0,0,0,0,0,0,0,0,0,0,0,0,0,1,1,0,1,4
10000790,optimization,20260713,small_clinic,high_capacity,seg-basic|patch+1|det1|iso0|bak-isolated|idm1,workstation,3,50,237,basic,0.9,0.96,1,0.9,isolated,1,0,1,0.02,1,1,0,2,0,0,0,0,0,0,0,0,0,0,0,0,0,0,0,0,1,1,0,1,4
10000791,optimization,20260713,small_clinic,high_capacity,seg-basic|patch+1|det1|iso0|bak-isolated|idm1,internet_facing,40,42,175,basic,0.9,0.9286,1,0.9,isolated,1,0,2,0.04761904762,2,1,1,3,0,0,0,0,0,0,0,0,0,0,0,0,0,0,8,0,1,1,0,1,10
10000792,optimization,20260713,small_clinic,high_capacity,seg-basic|patch+1|det1|iso1|bak-connected|idm0,workstation,4,51,249,basic,0.9,0.902,1,0.95,connected,0,1,1,0.01960784314,1,1,0,1,0,0,0,0,0,0,0,0,0,0,0,0,0,0,0,0,1,1,0,1,3
10000793,optimization,20260713,small_clinic,high_capacity,seg-basic|patch+1|det1|iso1|bak-connected|idm0,internet_facing,45,47,224,basic,0.9,0.8723,1,0.95,connected,0,1,1,0.02127659574,1,1,0,1,0,0,0,0,0,0,0,0,0,0,0,0,0,0,8,0,1,1,0,1,9
10000794,optimization,20260713,small_clinic,high_capacity,seg-basic|patch+1|det1|iso1|bak-connected|idm1,workstation,10,42,210,basic,0.9,0.8095,1,0.95,connected,1,1,2,0.04761904762,2,1,1,1,0,0,0,0,0,0,0,0,0,0,0,0,0,0,0,0,1,1,0,1,4
10000795,optimization,20260713,small_clinic,high_capacity,seg-basic|patch+1|det1|iso1|bak-connected|idm1,internet_facing,39,41,201,basic,0.9,0.7805,1,0.95,connected,1,1,1,0.0243902439,1,1,0,2,0,0,0,0,0,0,0,0,0,0,0,0,0,0,0,0,1,1,0,1,4
10000796,optimization,20260713,small_clinic,high_capacity,seg-basic|patch+1|det1|iso1|bak-isolated|idm0,workstation,5,51,238,basic,0.9,0.902,1,0.95,isolated,0,1,1,0.01960784314,1,1,0,1,0,0,0,0,0,0,0,0,0,0,0,0,0,0,0,0,1,1,0,1,3
10000797,optimization,20260713,small_clinic,high_capacity,seg-basic|patch+1|det1|iso1|bak-isolated|idm0,internet_facing,45,47,225,basic,0.9,0.9362,1,0.95,isolated,0,1,1,0.02127659574,1,1,0,1,0,0,0,0,0,0,0,0,0,0,0,0,0,0,0,0,1,1,0,1,3
10000798,optimization,20260713,small_clinic,high_capacity,seg-basic|patch+1|det1|iso1|bak-isolated|idm1,workstation,9,47,215,basic,0.9,0.8723,1,0.95,isolated,1,1,1,0.02127659574,1,1,0,1,0,0,0,0,0,0,0,0,0,0,0,0,0,0,0,0,1,1,0,1,3
10000799,optimization,20260713,small_clinic,high_capacity,seg-basic|patch+1|det1|iso1|bak-isolated|idm1,internet_facing,45,47,231,basic,0.9,0.8723,1,0.95,isolated,1,1,1,0.02127659574,1,1,0,1,0,0,0,0,8,0,0,0,8,2,16,3,0.01102941176,0,32,14,1,1,0,1,14
10000800,optimization,20260713,small_clinic,high_capacity,seg-least_privilege|patch+0|det0|iso0|bak-connected|idm0,workstation,10,43,161,least_privilege,0.75,0.7442,3,0.9,connected,0,0,2,0.04651162791,2,2,1,4,0,1,5,9,5,5,5,5,0,6,34,6.675,0.03094362745,1,8,10,1,1,0,1,10
10000801,optimization,20260713,small_clinic,high_capacity,seg-least_privilege|patch+0|det0|iso0|bak-connected|idm0,internet_facing,43,45,179,least_privilege,0.75,0.8,3,0.9,connected,0,0,1,0.02222222222,1,1,0,2,0,0,0,0,0,0,0,0,0,0,0,0,0,0,8,0,1,1,0,1,10
10000802,optimization,20260713,small_clinic,high_capacity,seg-least_privilege|patch+0|det0|iso0|bak-connected|idm1,workstation,8,42,154,least_privilege,0.75,0.7381,3,0.9,connected,1,0,1,0.02380952381,1,1,0,2,0,0,0,0,0,0,0,0,0,0,0,0,0,0,0,0,1,1,0,1,4
10000803,optimization,20260713,small_clinic,high_capacity,seg-least_privilege|patch+0|det0|iso0|bak-connected|idm1,internet_facing,56,59,255,least_privilege,0.75,0.6949,3,0.9,connected,1,0,3,0.05084745763,3,2,2,8,0,0,6,0,0,0,0,0,0,1,6,1.5,0.009191176471,0,8,10,1,1,0,1,12
10000804,optimization,20260713,small_clinic,high_capacity,seg-least_privilege|patch+0|det0|iso0|bak-isolated|idm0,workstation,1,40,141,least_privilege,0.75,0.625,3,0.9,isolated,0,0,1,0.025,1,1,0,2,0,0,8,8,8,8,8,8,0,6,48,9.4,0.04166666667,0,8,9,1,1,0,1,9
10000805,optimization,20260713,small_clinic,high_capacity,seg-least_privilege|patch+0|det0|iso0|bak-isolated|idm0,internet_facing,44,46,167,least_privilege,0.75,0.6739,3,0.9,isolated,0,0,1,0.02173913043,1,1,0,2,0,0,0,0,0,0,0,0,0,0,0,0,0,0,0,0,1,1,0,1,4
10000806,optimization,20260713,small_clinic,high_capacity,seg-least_privilege|patch+0|det0|iso0|bak-isolated|idm1,workstation,17,50,193,least_privilege,0.75,0.76,3,0.9,isolated,1,0,1,0.02,1,1,0,4,0,0,0,0,0,0,0,0,0,0,0,0,0,0,8,0,1,1,0,1,9
10000807,optimization,20260713,small_clinic,high_capacity,seg-least_privilege|patch+0|det0|iso0|bak-isolated|idm1,internet_facing,45,47,179,least_privilege,0.75,0.7872,3,0.9,isolated,1,0,2,0.04255319149,2,1,1,6,0,0,0,0,0,0,0,0,0,0,0,0,0,0,0,0,1,1,0,1,9
10000808,optimization,20260713,small_clinic,high_capacity,seg-least_privilege|patch+0|det0|iso1|bak-connected|idm0,workstation,24,60,239,least_privilege,0.75,0.6667,3,0.95,connected,0,1,1,0.01666666667,1,1,0,3,0,0,0,0,0,0,0,0,0,0,0,0,0,0,0,0,1,1,0,1,5
10000809,optimization,20260713,small_clinic,high_capacity,seg-least_privilege|patch+0|det0|iso1|bak-connected|idm0,internet_facing,50,52,211,least_privilege,0.75,0.7115,3,0.95,connected,0,1,1,0.01923076923,1,1,0,1,0,0,0,0,0,0,0,0,0,0,0,0,0,0,0,0,1,1,0,1,3
10000810,optimization,20260713,small_clinic,high_capacity,seg-least_privilege|patch+0|det0|iso1|bak-connected|idm1,workstation,11,59,239,least_privilege,0.75,0.7966,3,0.95,connected,1,1,1,0.01694915254,1,1,0,2,0,0,0,0,0,0,0,0,0,0,0,0,0,0,8,0,1,1,0,1,11
10000811,optimization,20260713,small_clinic,high_capacity,seg-least_privilege|patch+0|det0|iso1|bak-connected|idm1,internet_facing,42,44,168,least_privilege,0.75,0.75,3,0.95,connected,1,1,1,0.02272727273,1,1,0,2,0,0,0,0,0,0,0,0,0,0,0,0,0,0,0,0,1,1,0,1,4
10000812,optimization,20260713,small_clinic,high_capacity,seg-least_privilege|patch+0|det0|iso1|bak-isolated|idm0,workstation,10,54,196,least_privilege,0.75,0.7407,3,0.95,isolated,0,1,1,0.01851851852,1,1,0,1,0,0,0,0,0,0,0,0,0,0,0,0,0,0,0,0,1,1,0,1,3
10000813,optimization,20260713,small_clinic,high_capacity,seg-least_privilege|patch+0|det0|iso1|bak-isolated|idm0,internet_facing,48,50,178,least_privilege,0.75,0.78,3,0.95,isolated,0,1,1,0.02,1,1,0,4,0,0,0,0,0,0,0,0,0,0,0,0,0,0,0,0,1,1,0,1,6
10000814,optimization,20260713,small_clinic,high_capacity,seg-least_privilege|patch+0|det0|iso1|bak-isolated|idm1,workstation,6,52,184,least_privilege,0.75,0.8077,3,0.95,isolated,1,1,2,0.03846153846,2,1,1,4,0,0,8,8,8,8,8,8,0,6,48,9.4,0.04166666667,0,8,14,1,1,0,1,14
10000815,optimization,20260713,small_clinic,high_capacity,seg-least_privilege|patch+0|det0|iso1|bak-isolated|idm1,internet_facing,56,58,213,least_privilege,0.75,0.7931,3,0.95,isolated,1,1,1,0.01724137931,1,1,0,1,0,0,0,0,0,0,0,0,0,0,0,0,0,0,0,0,1,1,0,1,3
10000816,optimization,20260713,small_clinic,high_capacity,seg-least_privilege|patch+0|det1|iso0|bak-connected|idm0,workstation,11,43,158,least_privilege,0.75,0.7907,1,0.9,connected,0,0,2,0.04651162791,2,1,1,3,0,0,0,0,0,0,0,0,0,0,0,0,0,0,8,0,1,1,0,1,12
10000817,optimization,20260713,small_clinic,high_capacity,seg-least_privilege|patch+0|det1|iso0|bak-connected|idm0,internet_facing,47,49,191,least_privilege,0.75,0.7143,1,0.9,connected,0,0,1,0.02040816327,1,1,0,2,0,0,0,0,0,0,0,0,0,0,0,0,0,0,0,0,1,1,0,1,4
10000818,optimization,20260713,small_clinic,high_capacity,seg-least_privilege|patch+0|det1|iso0|bak-connected|idm1,workstation,5,40,145,least_privilege,0.75,0.625,1,0.9,connected,1,0,1,0.025,1,1,0,2,0,0,0,0,0,0,0,0,0,0,0,0,0,0,0,0,1,1,0,1,4
10000819,optimization,20260713,small_clinic,high_capacity,seg-least_privilege|patch+0|det1|iso0|bak-connected|idm1,internet_facing,39,41,163,least_privilege,0.75,0.7317,1,0.9,connected,1,0,1,0.0243902439,1,1,0,2,0,0,0,0,0,0,0,0,0,0,0,0,0,0,8,0,1,1,0,1,12
10000820,optimization,20260713,small_clinic,high_capacity,seg-least_privilege|patch+0|det1|iso0|bak-isolated|idm0,workstation,18,49,178,least_privilege,0.75,0.8571,1,0.9,isolated,0,0,1,0.02040816327,1,1,0,2,0,0,0,0,0,0,0,0,0,0,0,0,0,0,0,0,1,1,0,1,4
10000821,optimization,20260713,small_clinic,high_capacity,seg-least_privilege|patch+0|det1|iso0|bak-isolated|idm0,internet_facing,39,41,148,least_privilege,0.75,0.7805,1,0.9,isolated,0,0,1,0.0243902439,1,1,0,2,0,0,0,0,0,0,0,0,0,0,0,0,0,0,0,0,1,1,0,1,4
10000822,optimization,20260713,small_clinic,high_capacity,seg-least_privilege|patch+0|det1|iso0|bak-isolated|idm1,workstation,19,60,226,least_privilege,0.75,0.8833,1,0.9,isolated,1,0,1,0.01666666667,1,1,0,3,0,0,0,0,0,0,0,0,0,0,0,0,0,0,8,0,1,1,0,1,12
10000823,optimization,20260713,small_clinic,high_capacity,seg-least_privilege|patch+0|det1|iso0|bak-isolated|idm1,internet_facing,42,44,154,least_privilege,0.75,0.7273,1,0.9,isolated,1,0,1,0.02272727273,1,1,0,2,0,0,0,0,0,0,0,0,0,0,0,0,0,0,0,0,1,1,0,1,4
10000824,optimization,20260713,small_clinic,high_capacity,seg-least_privilege|patch+0|det1|iso1|bak-connected|idm0,workstation,1,43,173,least_privilege,0.75,0.8372,1,0.95,connected,0,1,1,0.02325581395,1,1,0,1,0,0,0,0,0,0,0,0,0,0,0,0,0,0,0,0,1,1,0,1,3
10000825,optimization,20260713,small_clinic,high_capacity,seg-least_privilege|patch+0|det1|iso1|bak-connected|idm0,internet_facing,49,51,201,least_privilege,0.75,0.7255,1,0.95,connected,0,1,1,0.01960784314,1,1,0,1,0,0,0,0,0,0,0,0,0,0,0,0,0,0,8,0,1,1,0,1,11
10000826,optimization,20260713,small_clinic,high_capacity,seg-least_privilege|patch+0|det1|iso1|bak-connected|idm1,workstation,10,47,178,least_privilege,0.75,0.7872,1,0.95,connected,1,1,1,0.02127659574,1,1,0,1,0,0,0,0,0,0,0,0,0,0,0,0,0,0,0,0,1,1,0,1,3
10000827,optimization,20260713,small_clinic,high_capacity,seg-least_privilege|patch+0|det1|iso1|bak-connected|idm1,internet_facing,42,44,169,least_privilege,0.75,0.7273,1,0.95,connected,1,1,1,0.02272727273,1,1,0,1,0,0,0,0,0,0,0,0,0,0,0,0,0,0,0,0,1,1,0,1,3
10000828,optimization,20260713,small_clinic,high_capacity,seg-least_privilege|patch+0|det1|iso1|bak-isolated|idm0,workstation,18,49,176,least_privilege,0.75,0.6939,1,0.95,isolated,0,1,1,0.02040816327,1,1,0,1,0,0,0,0,0,0,0,0,0,0,0,0,0,0,0,0,1,1,0,1,3
10000829,optimization,20260713,small_clinic,high_capacity,seg-least_privilege|patch+0|det1|iso1|bak-isolated|idm0,internet_facing,50,52,190,least_privilege,0.75,0.7115,1,0.95,isolated,0,1,1,0.01923076923,1,1,0,1,0,0,0,0,0,0,0,0,0,0,0,0,0,0,0,0,1,1,0,1,3
10000830,optimization,20260713,small_clinic,high_capacity,seg-least_privilege|patch+0|det1|iso1|bak-isolated|idm1,workstation,6,57,208,least_privilege,0.75,0.807,1,0.95,isolated,1,1,1,0.01754385965,1,1,0,1,0,0,0,0,0,0,0,0,0,0,0,0,0,0,16,0,1,1,0,1,10
10000831,optimization,20260713,small_clinic,high_capacity,seg-least_privilege|patch+0|det1|iso1|bak-isolated|idm1,internet_facing,55,57,222,least_privilege,0.75,0.6491,1,0.95,isolated,1,1,1,0.01754385965,1,1,0,1,0,0,0,0,0,0,0,0,0,0,0,0,0,0,0,0,1,1,0,1,3
10000832,optimization,20260713,small_clinic,high_capacity,seg-least_privilege|patch+1|det0|iso0|bak-connected|idm0,workstation,13,41,158,least_privilege,0.9,0.9268,3,0.9,connected,0,0,1,0.0243902439,1,1,0,2,0,0,0,0,0,0,0,0,0,0,0,0,0,0,0,0,1,1,0,1,4
10000833,optimization,20260713,small_clinic,high_capacity,seg-least_privilege|patch+1|det0|iso0|bak-connected|idm0,internet_facing,54,56,228,least_privilege,0.9,0.875,3,0.9,connected,0,0,1,0.01785714286,1,1,0,3,0,0,0,0,0,0,0,0,0,0,0,0,0,0,16,0,1,1,0,1,12
10000834,optimization,20260713,small_clinic,high_capacity,seg-least_privilege|patch+1|det0|iso0|bak-connected|idm1,workstation,13,43,168,least_privilege,0.9,0.907,3,0.9,connected,1,0,1,0.02325581395,1,1,0,5,0,0,0,0,0,0,0,0,0,0,0,0,0,0,0,0,1,1,0,1,7
10000835,optimization,20260713,small_clinic,high_capacity,seg-least_privilege|patch+1|det0|iso0|bak-connected|idm1,internet_facing,42,44,169,least_privilege,0.9,0.8864,3,0.9,connected,1,0,1,0.02272727273,1,1,0,2,0,0,0,0,0,0,0,0,0,0,0,0,0,0,0,0,1,1,0,1,4
10000836,optimization,20260713,small_clinic,high_capacity,seg-least_privilege|patch+1|det0|iso0|bak-isolated|idm0,workstation,17,51,186,least_privilege,0.9,0.8627,3,0.9,isolated,0,0,3,0.05882352941,3,1,2,5,0,0,0,0,0,0,0,0,0,0,0,0,0,0,16,0,1,1,0,1,16
10000837,optimization,20260713,small_clinic,high_capacity,seg-least_privilege|patch+1|det0|iso0|bak-isolated|idm0,internet_facing,52,54,204,least_privilege,0.9,0.9444,3,0.9,isolated,0,0,1,0.01851851852,1,1,0,2,0,0,0,0,0,0,0,0,0,0,0,0,0,0,0,0,1,1,0,1,4
10000838,optimization,20260713,small_clinic,high_capacity,seg-least_privilege|patch+1|det0|iso0|bak-isolated|idm1,workstation,19,52,204,least_privilege,0.9,0.8846,3,0.9,isolated,1,0,1,0.01923076923,1,1,0,2,0,0,0,0,0,0,0,0,0,0,0,0,0,0,0,0,1,1,0,1,4
10000839,optimization,20260713,small_clinic,high_capacity,seg-least_privilege|patch+1|det0|iso0|bak-isolated|idm1,internet_facing,43,45,153,least_privilege,0.9,0.8444,3,0.9,isolated,1,0,1,0.02222222222,1,1,0,3,0,0,0,0,0,0,0,0,0,0,0,0,0,0,0,0,1,1,0,1,5
10000840,optimization,20260713,small_clinic,high_capacity,seg-least_privilege|patch+1|det0|iso1|bak-connected|idm0,workstation,20,58,241,least_privilege,0.9,0.9138,3,0.95,connected,0,1,1,0.01724137931,1,1,0,1,0,0,0,0,0,0,0,0,0,0,0,0,0,0,8,0,1,1,0,1,11
10000841,optimization,20260713,small_clinic,high_capacity,seg-least_privilege|patch+1|det0|iso1|bak-connected|idm0,internet_facing,51,53,208,least_privilege,0.9,0.8679,3,0.95,connected,0,1,1,0.01886792453,1,1,0,1,0,0,0,0,0,0,0,0,0,0,0,0,0,0,0,0,1,1,0,1,3
10000842,optimization,20260713,small_clinic,high_capacity,seg-least_privilege|patch+1|det0|iso1|bak-connected|idm1,workstation,17,46,167,least_privilege,0.9,0.8696,3,0.95,connected,1,1,1,0.02173913043,1,1,0,3,0,0,0,0,0,0,0,0,0,0,0,0,0,0,16,0,1,1,0,1,16
10000843,optimization,20260713,small_clinic,high_capacity,seg-least_privilege|patch+1|det0|iso1|bak-connected|idm1,internet_facing,49,51,198,least_privilege,0.9,0.8235,3,0.95,connected,1,1,1,0.01960784314,1,1,0,4,0,0,0,0,0,0,0,0,0,0,0,0,0,0,24,0,1,1,0,1,20
10000844,optimization,20260713,small_clinic,high_capacity,seg-least_privilege|patch+1|det0|iso1|bak-isolated|idm0,workstation,6,44,158,least_privilege,0.9,0.8864,3,0.95,isolated,0,1,1,0.02272727273,1,1,0,9,0,0,8,8,8,8,8,8,0,6,48,9.4,0.04166666667,0,16,16,1,1,0,1,16
10000845,optimization,20260713,small_clinic,high_capacity,seg-least_privilege|patch+1|det0|iso1|bak-isolated|idm0,internet_facing,57,59,229,least_privilege,0.9,0.8644,3,0.95,isolated,0,1,1,0.01694915254,1,1,0,5,0,0,8,8,8,8,8,8,0,6,48,9.4,0.04166666667,0,16,14,1,1,0,1,14
10000846,optimization,20260713,small_clinic,high_capacity,seg-least_privilege|patch+1|det0|iso1|bak-isolated|idm1,workstation,19,52,199,least_privilege,0.9,0.8269,3,0.95,isolated,1,1,2,0.03846153846,2,2,1,3,0,0,8,0,0,0,0,0,0,1,8,2,0.01225490196,0,8,9,1,1,0,1,9
10000847,optimization,20260713,small_clinic,high_capacity,seg-least_privilege|patch+1|det0|iso1|bak-isolated|idm1,internet_facing,40,42,142,least_privilege,0.9,0.9286,3,0.95,isolated,1,1,1,0.02380952381,1,1,0,1,0,0,0,0,0,0,0,0,0,0,0,0,0,0,0,0,1,1,0,1,3
10000848,optimization,20260713,small_clinic,high_capacity,seg-least_privilege|patch+1|det1|iso0|bak-connected|idm0,workstation,14,42,162,least_privilege,0.9,0.7619,1,0.9,connected,0,0,1,0.02380952381,1,1,0,2,0,0,0,0,0,0,0,0,0,0,0,0,0,0,0,0,1,1,0,1,4
10000849,optimization,20260713,small_clinic,high_capacity,seg-least_privilege|patch+1|det1|iso0|bak-connected|idm0,internet_facing,39,41,150,least_privilege,0.9,0.8537,1,0.9,connected,0,0,2,0.0487804878,2,1,1,2,0,0,0,0,0,0,0,0,0,0,0,0,0,0,0,0,1,1,0,1,5
10000850,optimization,20260713,small_clinic,high_capacity,seg-least_privilege|patch+1|det1|iso0|bak-connected|idm1,workstation,5,45,179,least_privilege,0.9,0.7778,1,0.9,connected,1,0,1,0.02222222222,1,1,0,3,0,0,0,0,0,0,0,0,0,0,0,0,0,0,8,0,1,1,0,1,10
10000851,optimization,20260713,small_clinic,high_capacity,seg-least_privilege|patch+1|det1|iso0|bak-connected|idm1,internet_facing,51,53,208,least_privilege,0.9,0.8491,1,0.9,connected,1,0,1,0.01886792453,1,1,0,2,0,0,0,0,0,0,0,0,0,0,0,0,0,0,0,0,1,1,0,1,4
10000852,optimization,20260713,small_clinic,high_capacity,seg-least_privilege|patch+1|det1|iso0|bak-isolated|idm0,workstation,21,53,203,least_privilege,0.9,0.8679,1,0.9,isolated,0,0,1,0.01886792453,1,1,0,2,0,0,0,0,0,0,0,0,0,0,0,0,0,0,0,0,1,1,0,1,4
10000853,optimization,20260713,small_clinic,high_capacity,seg-least_privilege|patch+1|det1|iso0|bak-isolated|idm0,internet_facing,54,56,206,least_privilege,0.9,0.9286,1,0.9,isolated,0,0,1,0.01785714286,1,1,0,2,0,0,8,8,8,8,8,8,0,6,48,9.4,0.04166666667,0,72,25,1,1,0,1,44
10000854,optimization,20260713,small_clinic,high_capacity,seg-least_privilege|patch+1|det1|iso0|bak-isolated|idm1,workstation,11,44,159,least_privilege,0.9,0.8864,1,0.9,isolated,1,0,1,0.02272727273,1,1,0,2,0,0,0,0,0,0,0,0,0,0,0,0,0,0,0,0,1,1,0,1,4
10000855,optimization,20260713,small_clinic,high_capacity,seg-least_privilege|patch+1|det1|iso0|bak-isolated|idm1,internet_facing,57,59,223,least_privilege,0.9,0.8305,1,0.9,isolated,1,0,1,0.01694915254,1,1,0,2,0,0,0,0,0,0,0,0,0,0,0,0,0,0,8,0,1,1,0,1,9
10000856,optimization,20260713,small_clinic,high_capacity,seg-least_privilege|patch+1|det1|iso1|bak-connected|idm0,workstation,16,51,202,least_privilege,0.9,0.8235,1,0.95,connected,0,1,1,0.01960784314,1,1,0,1,0,0,0,0,0,0,0,0,0,0,0,0,0,0,0,0,1,1,0,1,3
10000857,optimization,20260713,small_clinic,high_capacity,seg-least_privilege|patch+1|det1|iso1|bak-connected|idm0,internet_facing,51,53,209,least_privilege,0.9,0.8868,1,0.95,connected,0,1,1,0.01886792453,1,1,0,2,0,0,0,0,0,0,0,0,0,0,0,0,0,0,32,0,1,1,0,1,25
10000858,optimization,20260713,small_clinic,high_capacity,seg-least_privilege|patch+1|det1|iso1|bak-connected|idm1,workstation,5,55,213,least_privilege,0.9,0.8727,1,0.95,connected,1,1,1,0.01818181818,1,1,0,1,0,0,0,0,0,0,0,0,0,0,0,0,0,0,0,0,1,1,0,1,3
10000859,optimization,20260713,small_clinic,high_capacity,seg-least_privilege|patch+1|det1|iso1|bak-connected|idm1,internet_facing,52,54,213,least_privilege,0.9,0.8704,1,0.95,connected,1,1,1,0.01851851852,1,1,0,1,0,0,0,0,0,0,0,0,0,0,0,0,0,0,16,0,1,1,0,1,18
10000860,optimization,20260713,small_clinic,high_capacity,seg-least_privilege|patch+1|det1|iso1|bak-isolated|idm0,workstation,14,46,163,least_privilege,0.9,0.8043,1,0.95,isolated,0,1,1,0.02173913043,1,1,0,1,0,0,0,0,0,0,0,0,0,0,0,0,0,0,0,0,1,1,0,1,3
10000861,optimization,20260713,small_clinic,high_capacity,seg-least_privilege|patch+1|det1|iso1|bak-isolated|idm0,internet_facing,40,42,146,least_privilege,0.9,0.881,1,0.95,isolated,0,1,1,0.02380952381,1,1,0,1,0,0,0,0,0,0,0,0,0,0,0,0,0,0,0,0,1,1,0,1,3
10000862,optimization,20260713,small_clinic,high_capacity,seg-least_privilege|patch+1|det1|iso1|bak-isolated|idm1,workstation,17,56,208,least_privilege,0.9,0.7857,1,0.95,isolated,1,1,1,0.01785714286,1,1,0,1,0,0,0,0,0,0,0,0,0,0,0,0,0,0,0,0,1,1,0,1,3
10000863,optimization,20260713,small_clinic,high_capacity,seg-least_privilege|patch+1|det1|iso1|bak-isolated|idm1,internet_facing,54,56,216,least_privilege,0.9,0.8571,1,0.95,isolated,1,1,1,0.01785714286,1,1,0,1,0,0,0,0,0,0,0,0,0,0,0,0,0,0,0,0,1,1,0,1,3
