trial_id,experiment,master_seed,facility,profile,portfolio,entry_point,entry_node,n_nodes,n_edges,segmentation,patch_coverage,detection_delay,isolation_success,backup_strategy,identity_controls,rapid_isolation,total_compromised,pct_compromised,peak_compromised,zones_reached,lateral_movements,containment_step,backup_compromised,identity_compromised,ehr_downtime_steps,laboratory_downtime_steps,pharmacy_downtime_steps,imaging_downtime_steps,scheduling_downtime_steps,identity_downtime_steps,backup_recovery_downtime_steps,services_disrupted_count,total_service_downtime_steps,weighted_service_hours_lost,pct_clinical_capacity_lost,catastrophic,defensive_isolation_node_steps,recovery_step,recovered_within_horizon,pct_services_restored,unrecoverable_nodes,backups_available,steps_simulated,portfolio_cost
1000000,sweep,20260713,regional_hospital,intermediate_capacity,baseline_flat,workstation,4,218,1740,flat,0.25,1,0.7,connected,0,0,3,0.013761467889908258,3,1,3,4,0,0,0,0,0,0,0,0,0,0,0,0.0,0.0,0,104,0,1,1.0,0,1,31,
1000001,sweep,20260713,regional_hospital,intermediate_capacity,baseline_flat,internet_facing,255,258,2103,flat,0.25,1,0.7,connected,0,0,80,0.31007751937984496,80,10,80,15,1,1,26,30,24,42,58,21,37,7,238,41.324999999999996,0.15471813725490202,1,703,-1,0,0.8571428571428571,40,0,192,
1000002,sweep,20260713,regional_hospital,intermediate_capacity,baseline_flat,privileged_system,216,258,2069,flat,0.25,1,0.7,connected,0,0,108,0.4186046511627907,108,10,110,21,1,1,29,43,34,51,71,19,45,7,292,50.55,0.19868259803921565,1,699,167,1,1.0,48,0,192,
1000003,sweep,20260713,regional_hospital,intermediate_capacity,baseline_flat,medical_device,167,222,1817,flat,0.25,1,0.7,connected,0,0,104,0.46846846846846846,104,10,109,24,1,1,37,49,52,58,84,37,50,7,367,65.125,0.25061274509803905,1,526,114,1,1.0,46,0,192,
1000004,sweep,20260713,regional_hospital,intermediate_capacity,baseline_flat,vendor_connection,234,235,1882,flat,0.25,1,0.7,connected,0,0,26,0.11063829787234042,26,9,25,16,1,0,0,16,8,15,8,0,6,5,53,9.325000000000001,0.046721813725490204,1,432,29,1,1.0,13,0,115,
1000005,sweep,20260713,regional_hospital,intermediate_capacity,baseline_flat,workstation,9,206,1685,flat,0.25,1,0.7,connected,0,0,1,0.0048543689320388345,1,1,0,4,0,0,0,0,0,0,0,0,0,0,0,0.0,0.0,0,0,0,1,1.0,0,1,6,
1000006,sweep,20260713,regional_hospital,intermediate_capacity,baseline_flat,internet_facing,222,225,1781,flat,0.25,1,0.7,connected,0,0,2,0.008888888888888889,2,2,1,4,0,0,0,0,0,0,0,0,0,0,0,0.0,0.0,0,104,0,1,1.0,0,1,33,
1000007,sweep,20260713,regional_hospital,intermediate_capacity,baseline_flat,privileged_system,242,289,2293,flat,0.25,1,0.7,connected,0,0,1,0.0034602076124567475,1,1,0,2,0,0,0,0,0,0,0,0,0,0,0,0.0,0.0,0,88,0,1,1.0,0,1,24,
1000008,sweep,20260713,regional_hospital,intermediate_capacity,baseline_flat,medical_device,143,213,1744,flat,0.25,1,0.7,connected,0,0,1,0.004694835680751174,1,1,0,2,0,0,0,0,0,0,8,0,0,1,8,0.8,0.0,0,184,0,1,1.0,0,1,49,
1000009,sweep,20260713,regional_hospital,intermediate_capacity,baseline_flat,vendor_connection,205,206,1634,flat,0.25,1,0.7,connected,0,0,6,0.02912621359223301,6,6,5,4,1,0,0,0,0,0,0,0,3,1,3,0.44999999999999996,0.0,0,88,0,1,1.0,2,0,29,
1000010,sweep,20260713,regional_hospital,intermediate_capacity,baseline_flat,workstation,91,250,1997,flat,0.25,1,0.7,connected,0,0,9,0.036,9,5,8,10,0,0,0,0,0,0,9,0,0,1,9,0.9,0.0,0,280,0,1,1.0,0,1,65,
1000011,sweep,20260713,regional_hospital,intermediate_capacity,baseline_flat,internet_facing,251,256,2078,flat,0.25,1,0.7,connected,0,0,84,0.328125,84,10,89,19,1,1,28,46,34,36,28,28,39,7,239,45.1,0.18474264705882337,1,638,121,1,1.0,36,0,192,
1000012,sweep,20260713,regional_hospital,intermediate_capacity,baseline_flat,privileged_system,270,296,2366,flat,0.25,1,0.7,connected,0,0,156,0.527027027027027,156,10,160,28,1,1,43,51,45,61,87,42,55,7,384,68.15,0.2558210784313723,1,392,67,1,1.0,51,0,145,
1000013,sweep,20260713,regional_hospital,intermediate_capacity,baseline_flat,medical_device,132,200,1605,flat,0.25,1,0.7,connected,0,0,1,0.005,1,1,0,2,0,0,0,0,0,0,8,0,0,1,8,0.8,0.0,0,80,0,1,1.0,0,1,24,
1000014,sweep,20260713,regional_hospital,intermediate_capacity,baseline_flat,vendor_connection,238,239,1923,flat,0.25,1,0.7,connected,0,0,113,0.47280334728033474,113,10,120,14,1,1,22,36,34,6,62,3,14,7,177,30.375000000000004,0.1311274509803922,1,448,84,1,1.0,40,0,140,
1000015,sweep,20260713,regional_hospital,intermediate_capacity,baseline_flat,workstation,71,224,1801,flat,0.25,1,0.7,connected,0,0,1,0.004464285714285714,1,1,0,3,0,0,0,0,0,0,0,0,0,0,0,0.0,0.0,0,32,0,1,1.0,0,1,22,
1000016,sweep,20260713,regional_hospital,intermediate_capacity,baseline_flat,internet_facing,231,238,1850,flat,0.25,1,0.7,connected,0,0,16,0.06722689075630252,16,9,15,11,1,0,0,8,0,0,0,0,10,2,18,3.1,0.009803921568627453,0,408,59,1,1.0,9,0,121,
1000017,sweep,20260713,regional_hospital,intermediate_capacity,baseline_flat,privileged_system,223,244,1914,flat,0.25,1,0.7,connected,0,0,105,0.430327868852459,105,10,110,18,1,1,25,40,23,54,71,23,43,7,279,47.6,0.1769301470588236,1,492,176,1,1.0,39,0,192,
1000018,sweep,20260713,regional_hospital,intermediate_capacity,baseline_flat,medical_device,206,262,2058,flat,0.25,1,0.7,connected,0,0,1,0.003816793893129771,1,1,0,2,0,0,0,8,0,0,0,0,8,2,16,2.8,0.009803921568627453,0,812,165,1,1.0,0,1,192,
1000019,sweep,20260713,regional_hospital,intermediate_capacity,baseline_flat,vendor_connection,245,246,1985,flat,0.25,1,0.7,connected,0,0,6,0.024390243902439025,6,4,5,4,0,0,0,0,0,0,0,0,0,0,0,0.0,0.0,0,328,0,1,1.0,0,1,97,
1000020,sweep,20260713,regional_hospital,intermediate_capacity,baseline_flat,workstation,72,237,1914,flat,0.25,1,0.7,connected,0,0,5,0.02109704641350211,5,1,4,6,0,0,0,0,0,0,0,0,0,0,0,0.0,0.0,0,88,0,1,1.0,0,1,23,
1000021,sweep,20260713,regional_hospital,intermediate_capacity,baseline_flat,internet_facing,231,236,1946,flat,0.25,1,0.7,connected,0,0,89,0.3771186440677966,89,10,90,19,1,1,29,29,26,21,54,21,28,7,208,36.900000000000006,0.13832720588235292,1,718,65,1,1.0,28,0,192,
1000022,sweep,20260713,regional_hospital,intermediate_capacity,baseline_flat,privileged_system,184,229,1862,flat,0.25,1,0.7,connected,0,0,89,0.388646288209607,89,10,96,16,1,1,30,44,30,48,65,30,41,7,288,50.85,0.19270833333333312,1,563,134,1,1.0,35,0,192,
1000023,sweep,20260713,regional_hospital,intermediate_capacity,baseline_flat,medical_device,223,300,2342,flat,0.25,1,0.7,connected,0,0,2,0.006666666666666667,2,2,1,3,0,0,0,0,0,0,0,0,0,0,0,0.0,0.0,0,0,0,1,1.0,0,1,5,
1000024,sweep,20260713,regional_hospital,intermediate_capacity,baseline_flat,vendor_connection,241,242,1907,flat,0.25,1,0.7,connected,0,0,99,0.4090909090909091,99,10,100,17,1,1,25,34,37,44,65,24,22,7,251,44.275,0.17815563725490188,1,488,53,1,1.0,41,0,131,
1000025,sweep,20260713,regional_hospital,intermediate_capacity,baseline_flat,workstation,32,279,2272,flat,0.25,1,0.7,connected,0,0,1,0.0035842293906810036,1,1,0,2,0,0,0,0,0,0,0,0,0,0,0,0.0,0.0,0,0,0,1,1.0,0,1,4,
1000026,sweep,20260713,regional_hospital,intermediate_capacity,baseline_flat,internet_facing,273,282,2306,flat,0.25,1,0.7,connected,0,0,22,0.07801418439716312,22,8,21,11,1,0,8,8,24,21,8,8,8,7,85,16.475,0.07766544117647063,0,865,178,1,1.0,10,0,192,
1000027,sweep,20260713,regional_hospital,intermediate_capacity,baseline_flat,privileged_system,217,247,1953,flat,0.25,1,0.7,connected,0,0,3,0.012145748987854251,3,3,2,4,0,0,0,0,0,0,0,0,0,0,0,0.0,0.0,0,40,0,1,1.0,0,1,13,
1000028,sweep,20260713,regional_hospital,intermediate_capacity,baseline_flat,medical_device,172,226,1829,flat,0.25,1,0.7,connected,0,0,65,0.28761061946902655,65,10,64,21,1,1,31,12,12,12,20,12,8,7,107,20.85,0.09160539215686275,1,736,128,1,1.0,20,0,192,
1000029,sweep,20260713,regional_hospital,intermediate_capacity,baseline_flat,vendor_connection,224,225,1770,flat,0.25,1,0.7,connected,0,0,2,0.008888888888888889,2,2,1,3,0,0,0,0,0,0,0,0,0,0,0,0.0,0.0,0,96,0,1,1.0,0,1,29,
1000030,sweep,20260713,regional_hospital,intermediate_capacity,baseline_flat,workstation,42,238,1888,flat,0.25,1,0.7,connected,0,0,1,0.004201680672268907,1,1,0,3,0,0,0,0,0,0,0,0,0,0,0,0.0,0.0,0,432,0,1,1.0,0,1,119,
1000031,sweep,20260713,regional_hospital,intermediate_capacity,baseline_flat,internet_facing,297,299,2397,flat,0.25,1,0.7,connected,0,0,1,0.0033444816053511705,1,1,0,3,0,0,0,0,0,0,0,0,0,0,0,0.0,0.0,0,248,0,1,1.0,0,1,48,
1000032,sweep,20260713,regional_hospital,intermediate_capacity,baseline_flat,privileged_system,225,253,2012,flat,0.25,1,0.7,connected,0,0,103,0.40711462450592883,103,10,105,20,1,1,46,42,34,42,70,34,17,7,285,52.099999999999994,0.2138480392156862,1,560,147,1,1.0,31,0,168,
1000033,sweep,20260713,regional_hospital,intermediate_capacity,baseline_flat,medical_device,157,249,2069,flat,0.25,1,0.7,connected,0,0,2,0.008032128514056224,2,1,1,2,0,0,0,0,0,0,0,0,0,0,0,0.0,0.0,0,0,0,1,1.0,0,1,4,
1000034,sweep,20260713,regional_hospital,intermediate_capacity,baseline_flat,vendor_connection,274,275,2231,flat,0.25,1,0.7,connected,0,0,145,0.5272727272727272,145,10,158,25,1,1,31,47,38,37,84,31,27,7,295,51.599999999999994,0.1971507352941176,1,744,56,1,1.0,51,0,183,
1000035,sweep,20260713,regional_hospital,intermediate_capacity,baseline_flat,workstation,44,278,2205,flat,0.25,1,0.7,connected,0,0,1,0.0035971223021582736,1,1,0,4,0,0,0,0,0,0,0,0,0,0,0,0.0,0.0,0,0,0,1,1.0,0,1,6,
1000036,sweep,20260713,regional_hospital,intermediate_capacity,baseline_flat,internet_facing,235,244,1957,flat,0.25,1,0.7,connected,0,0,2,0.00819672131147541,2,2,1,3,0,0,0,0,8,0,0,0,0,1,8,1.8,0.011029411764705883,0,368,70,1,1.0,0,1,101,
1000037,sweep,20260713,regional_hospital,intermediate_capacity,baseline_flat,privileged_system,181,206,1659,flat,0.25,1,0.7,connected,0,0,76,0.36893203883495146,76,10,79,18,1,1,22,36,29,50,72,22,47,7,278,47.175000000000004,0.17141544117647065,1,248,51,1,1.0,33,0,100,
1000038,sweep,20260713,regional_hospital,intermediate_capacity,baseline_flat,medical_device,215,297,2346,flat,0.25,1,0.7,connected,0,0,1,0.003367003367003367,1,1,0,3,0,0,8,8,8,8,8,8,0,6,48,9.4,0.041666666666666664,0,821,20,1,1.0,0,1,192,
1000039,sweep,20260713,regional_hospital,intermediate_capacity,baseline_flat,vendor_connection,253,254,2057,flat,0.25,1,0.7,connected,0,0,147,0.5787401574803149,147,10,151,24,1,1,37,52,50,70,94,37,50,7,390,68.375,0.26439950980392113,1,582,155,1,1.0,54,0,192,
1000040,sweep,20260713,regional_hospital,intermediate_capacity,baseline_flat,workstation,62,240,1944,flat,0.25,1,0.7,connected,0,0,1,0.004166666666666667,1,1,0,2,0,0,0,0,8,0,0,0,0,1,8,1.8,0.011029411764705883,0,662,122,1,1.0,0,1,192,
1000041,sweep,20260713,regional_hospital,intermediate_capacity,baseline_flat,internet_facing,280,283,2258,flat,0.25,1,0.7,connected,0,0,98,0.3462897526501767,98,10,101,21,1,1,29,32,24,43,62,24,39,7,253,44.025,0.16283700980392163,1,400,116,1,1.0,39,0,125,
1000042,sweep,20260713,regional_hospital,intermediate_capacity,baseline_flat,privileged_system,233,267,2203,flat,0.25,1,0.7,connected,0,0,6,0.02247191011235955,6,3,5,10,1,0,8,0,0,0,0,0,0,1,8,2.0,0.01225490196078431,0,740,129,1,1.0,1,0,192,
1000043,sweep,20260713,regional_hospital,intermediate_capacity,baseline_flat,medical_device,221,293,2388,flat,0.25,1,0.7,connected,0,0,121,0.4129692832764505,121,10,123,21,1,1,21,39,15,36,58,15,0,6,184,31.900000000000002,0.13924632352941177,1,600,172,1,1.0,35,0,172,
1000044,sweep,20260713,regional_hospital,intermediate_capacity,baseline_flat,vendor_connection,213,214,1773,flat,0.25,1,0.7,connected,0,0,98,0.45794392523364486,98,10,101,20,1,1,28,46,37,56,44,8,59,7,278,49.375,0.2103247549019609,1,248,79,1,1.0,42,0,118,
1000045,sweep,20260713,regional_hospital,intermediate_capacity,baseline_flat,workstation,25,296,2396,flat,0.25,1,0.7,connected,0,0,2,0.006756756756756757,2,1,1,3,0,0,8,8,16,8,8,8,0,6,56,11.200000000000001,0.052696078431372584,0,882,98,1,1.0,0,1,192,
1000046,sweep,20260713,regional_hospital,intermediate_capacity,baseline_flat,internet_facing,265,276,2171,flat,0.25,1,0.7,connected,0,0,88,0.3188405797101449,88,10,91,18,1,1,17,26,22,40,52,8,0,6,165,28.4,0.13112745098039225,1,803,48,1,1.0,40,0,192,
1000047,sweep,20260713,regional_hospital,intermediate_capacity,baseline_flat,privileged_system,207,230,1812,flat,0.25,1,0.7,connected,0,0,98,0.4260869565217391,98,10,100,18,1,1,43,56,48,69,43,43,51,7,353,66.45,0.27466299019607804,1,545,137,1,1.0,45,0,192,
1000048,sweep,20260713,regional_hospital,intermediate_capacity,baseline_flat,medical_device,200,258,1974,flat,0.25,1,0.7,connected,0,0,1,0.003875968992248062,1,1,0,3,0,0,16,16,16,32,16,16,0,6,112,21.6,0.10049019607843146,0,648,95,1,1.0,0,1,140,
1000049,sweep,20260713,regional_hospital,intermediate_capacity,baseline_flat,vendor_connection,286,287,2317,flat,0.25,1,0.7,connected,0,0,128,0.445993031358885,128,10,129,39,1,1,32,43,60,53,76,32,44,7,340,60.775000000000006,0.2412683823529409,1,582,167,1,1.0,52,0,192,
1000050,sweep,20260713,regional_hospital,intermediate_capacity,baseline_flat,workstation,80,263,2141,flat,0.25,3,0.7,connected,0,0,188,0.714828897338403,188,10,200,33,1,1,60,71,61,83,114,52,74,7,515,91.65,0.35202205882352905,1,665,88,1,1.0,66,0,192,
1000051,sweep,20260713,regional_hospital,intermediate_capacity,baseline_flat,internet_facing,194,201,1589,flat,0.25,3,0.7,connected,0,0,146,0.7263681592039801,146,10,168,25,1,1,59,56,47,74,108,43,71,7,458,80.60000000000001,0.30315563725490174,1,360,85,1,1.0,47,0,183,
1000052,sweep,20260713,regional_hospital,intermediate_capacity,baseline_flat,privileged_system,193,234,1860,flat,0.25,3,0.7,connected,0,0,172,0.7350427350427351,172,10,184,39,1,1,57,66,60,78,114,56,72,7,503,89.39999999999999,0.33455882352941146,1,441,85,1,1.0,50,0,192,
1000053,sweep,20260713,regional_hospital,intermediate_capacity,baseline_flat,medical_device,183,260,2056,flat,0.25,3,0.7,connected,0,0,169,0.65,169,10,187,46,1,1,59,62,56,79,103,48,70,7,477,85.175,0.3282781862745095,1,502,142,1,1.0,57,0,192,
1000054,sweep,20260713,regional_hospital,intermediate_capacity,baseline_flat,vendor_connection,228,229,1865,flat,0.25,3,0.7,connected,0,0,3,0.013100436681222707,3,3,2,4,0,0,0,0,0,0,8,0,0,1,8,0.8,0.0,0,416,0,1,1.0,0,1,116,
1000055,sweep,20260713,regional_hospital,intermediate_capacity,baseline_flat,workstation,61,263,2101,flat,0.25,3,0.7,connected,0,0,207,0.7870722433460076,207,10,225,38,1,1,53,79,60,84,124,53,72,7,525,92.375,0.3507965686274505,1,364,171,1,1.0,65,0,192,
1000056,sweep,20260713,regional_hospital,intermediate_capacity,baseline_flat,internet_facing,281,290,2377,flat,0.25,3,0.7,connected,0,0,214,0.7379310344827587,214,10,243,36,1,1,50,64,55,83,118,50,72,7,492,86.05,0.3198529411764701,1,463,91,1,1.0,73,0,192,
1000057,sweep,20260713,regional_hospital,intermediate_capacity,baseline_flat,privileged_system,175,202,1669,flat,0.25,3,0.7,connected,0,0,142,0.7029702970297029,142,10,150,37,1,1,48,62,62,77,110,48,74,7,481,84.725,0.3175551470588231,1,392,88,1,1.0,47,0,192,
1000058,sweep,20260713,regional_hospital,intermediate_capacity,baseline_flat,medical_device,140,202,1653,flat,0.25,3,0.7,connected,0,0,1,0.0049504950495049506,1,1,0,3,0,0,0,0,0,0,0,0,0,0,0,0.0,0.0,0,0,0,1,1.0,0,1,5,
1000059,sweep,20260713,regional_hospital,intermediate_capacity,baseline_flat,vendor_connection,254,255,2061,flat,0.25,3,0.7,connected,0,0,176,0.6901960784313725,176,10,187,32,1,1,56,65,66,90,111,48,75,7,511,90.75,0.3529411764705878,1,449,131,1,1.0,66,0,192,
1000060,sweep,20260713,regional_hospital,intermediate_capacity,baseline_flat,workstation,34,239,1975,flat,0.25,3,0.7,connected,0,0,162,0.6778242677824268,162,10,177,36,1,1,53,59,52,77,106,44,68,7,459,80.92500000000001,0.30775122549019573,1,456,116,1,1.0,57,0,192,
1000061,sweep,20260713,regional_hospital,intermediate_capacity,baseline_flat,internet_facing,272,278,2237,flat,0.25,3,0.7,connected,0,0,211,0.7589928057553957,211,10,227,43,1,1,53,68,60,92,120,53,86,7,532,93.275,0.3458946078431367,1,419,104,1,1.0,67,0,192,
1000062,sweep,20260713,regional_hospital,intermediate_capacity,baseline_flat,privileged_system,216,263,2138,flat,0.25,3,0.7,connected,0,0,185,0.7034220532319392,185,10,210,37,1,1,53,61,51,84,110,45,70,7,474,83.25,0.31632965686274467,1,557,-1,0,0.8571428571428571,63,0,192,
1000063,sweep,20260713,regional_hospital,intermediate_capacity,baseline_flat,medical_device,234,298,2344,flat,0.25,3,0.7,connected,0,0,216,0.7248322147651006,216,10,232,46,1,1,49,72,55,79,111,49,86,7,501,87.875,0.323835784313725,1,483,173,1,1.0,71,0,192,
1000064,sweep,20260713,regional_hospital,intermediate_capacity,baseline_flat,vendor_connection,259,260,2066,flat,0.25,3,0.7,connected,0,0,190,0.7307692307692307,190,10,203,35,1,1,54,72,70,89,121,54,71,7,531,94.125,0.3628982843137251,1,627,140,1,1.0,64,0,192,
1000065,sweep,20260713,regional_hospital,intermediate_capacity,baseline_flat,workstation,27,261,2156,flat,0.25,3,0.7,connected,0,0,1,0.0038314176245210726,1,1,0,4,0,0,0,0,0,0,0,0,0,0,0,0.0,0.0,0,632,0,1,1.0,0,1,161,
1000066,sweep,20260713,regional_hospital,intermediate_capacity,baseline_flat,internet_facing,249,253,1992,flat,0.25,3,0.7,connected,0,0,204,0.8063241106719368,204,10,224,40,1,1,76,99,72,105,129,67,82,7,630,113.65,0.449601715686274,1,381,160,1,1.0,63,0,192,
1000067,sweep,20260713,regional_hospital,intermediate_capacity,baseline_flat,privileged_system,22,247,1972,flat,0.25,3,0.7,connected,0,0,3,0.012145748987854251,3,1,2,11,0,0,8,0,0,0,0,0,0,1,8,2.0,0.01225490196078431,0,408,32,1,1.0,0,1,77,
1000068,sweep,20260713,regional_hospital,intermediate_capacity,baseline_flat,medical_device,201,257,2046,flat,0.25,3,0.7,connected,0,0,176,0.6848249027237354,176,10,191,36,1,1,63,78,62,86,115,52,81,7,537,95.7,0.3697916666666663,1,599,177,1,1.0,62,0,192,
1000069,sweep,20260713,regional_hospital,intermediate_capacity,baseline_flat,vendor_connection,250,251,2013,flat,0.25,3,0.7,connected,0,0,158,0.6294820717131474,158,10,174,32,1,1,46,61,61,79,106,46,72,7,471,83.0,0.3140318627450976,1,538,113,1,1.0,61,0,192,
1000070,sweep,20260713,regional_hospital,intermediate_capacity,baseline_flat,workstation,35,226,1784,flat,0.25,3,0.7,connected,0,0,163,0.7212389380530974,163,10,175,34,1,1,44,60,53,76,102,44,65,7,444,78.075,0.29549632352941135,1,375,82,1,1.0,49,0,192,
1000071,sweep,20260713,regional_hospital,intermediate_capacity,baseline_flat,internet_facing,278,287,2261,flat,0.25,3,0.7,connected,0,0,211,0.735191637630662,211,10,227,45,1,1,56,72,68,88,121,56,79,7,540,95.64999999999999,0.362132352941176,1,536,97,1,1.0,71,0,192,
1000072,sweep,20260713,regional_hospital,intermediate_capacity,baseline_flat,privileged_system,185,220,1807,flat,0.25,3,0.7,connected,0,0,157,0.7136363636363636,157,10,169,31,1,1,58,76,67,87,113,58,76,7,535,95.75000000000001,0.367647058823529,1,498,94,1,1.0,61,0,192,
1000073,sweep,20260713,regional_hospital,intermediate_capacity,baseline_flat,medical_device,175,240,1937,flat,0.25,3,0.7,connected,0,0,144,0.6,144,10,159,35,1,1,56,64,53,85,111,48,74,7,491,86.6,0.32843137254901916,1,531,151,1,1.0,56,0,192,
1000074,sweep,20260713,regional_hospital,intermediate_capacity,baseline_flat,vendor_connection,211,212,1763,flat,0.25,3,0.7,connected,0,0,1,0.0047169811320754715,1,1,0,3,0,0,0,16,0,16,0,0,8,3,40,7.2,0.03676470588235295,0,752,132,1,1.0,0,1,185,
1000075,sweep,20260713,regional_hospital,intermediate_capacity,baseline_flat,workstation,22,219,1751,flat,0.25,3,0.7,connected,0,0,1,0.0045662100456621,1,1,0,2,0,0,0,0,0,0,0,0,0,0,0,0.0,0.0,0,8,0,1,1.0,0,1,10,
1000076,sweep,20260713,regional_hospital,intermediate_capacity,baseline_flat,internet_facing,231,238,1920,flat,0.25,3,0.7,connected,0,0,180,0.7563025210084033,180,10,200,30,1,1,54,65,71,79,117,54,79,7,519,92.0,0.34497549019607815,1,360,182,1,1.0,60,0,183,
1000077,sweep,20260713,regional_hospital,intermediate_capacity,baseline_flat,privileged_system,219,245,2004,flat,0.25,3,0.7,connected,0,0,191,0.7795918367346939,191,10,219,34,1,1,56,73,64,91,128,56,79,7,547,96.17499999999998,0.36106004901960737,1,424,93,1,1.0,67,0,192,
1000078,sweep,20260713,regional_hospital,intermediate_capacity,baseline_flat,medical_device,171,250,1992,flat,0.25,3,0.7,connected,0,0,183,0.732,183,10,204,33,1,1,50,68,59,81,126,50,81,7,515,89.55000000000001,0.32812499999999956,1,452,87,1,1.0,61,0,192,
1000079,sweep,20260713,regional_hospital,intermediate_capacity,baseline_flat,vendor_connection,299,300,2499,flat,0.25,3,0.7,connected,0,0,237,0.79,237,10,257,39,1,1,67,75,68,93,129,59,84,7,575,102.1,0.388020833333333,1,498,164,1,1.0,78,0,192,
1000080,sweep,20260713,regional_hospital,intermediate_capacity,baseline_flat,workstation,17,249,2000,flat,0.25,3,0.7,connected,0,0,1,0.004016064257028112,1,1,0,2,0,0,0,0,0,0,0,0,0,0,0,0.0,0.0,0,8,0,1,1.0,0,1,11,
1000081,sweep,20260713,regional_hospital,intermediate_capacity,baseline_flat,internet_facing,253,259,2074,flat,0.25,3,0.7,connected,0,0,200,0.7722007722007722,200,10,210,42,1,1,59,73,65,89,123,58,76,7,543,96.3,0.36488970588235253,1,441,98,1,1.0,66,0,192,
1000082,sweep,20260713,regional_hospital,intermediate_capacity,baseline_flat,privileged_system,173,239,1874,flat,0.25,3,0.7,connected,0,0,177,0.7405857740585774,177,10,189,32,1,1,47,69,53,75,111,47,69,7,471,82.625,0.3100490196078427,1,514,133,1,1.0,55,0,192,
1000083,sweep,20260713,regional_hospital,intermediate_capacity,baseline_flat,medical_device,184,233,1825,flat,0.25,3,0.7,connected,0,0,1,0.004291845493562232,1,1,0,3,0,0,0,0,0,0,0,0,0,0,0,0.0,0.0,0,8,0,1,1.0,0,1,9,
1000084,sweep,20260713,regional_hospital,intermediate_capacity,baseline_flat,vendor_connection,241,242,1928,flat,0.25,3,0.7,connected,0,0,201,0.8305785123966942,201,10,234,37,1,1,56,73,80,91,128,56,90,7,574,101.425,0.3831188725490193,1,391,189,1,1.0,62,0,192,
1000085,sweep,20260713,regional_hospital,intermediate_capacity,baseline_flat,workstation,14,207,1674,flat,0.25,3,0.7,connected,0,0,156,0.7536231884057971,156,10,159,33,1,1,48,58,49,75,105,48,64,7,447,78.64999999999999,0.2925857843137251,1,346,89,1,1.0,52,0,192,
1000086,sweep,20260713,regional_hospital,intermediate_capacity,baseline_flat,internet_facing,203,210,1695,flat,0.25,3,0.7,connected,0,0,1,0.004761904761904762,1,1,0,2,0,0,0,0,0,0,0,0,0,0,0,0.0,0.0,0,0,0,1,1.0,0,1,4,
1000087,sweep,20260713,regional_hospital,intermediate_capacity,baseline_flat,privileged_system,196,215,1710,flat,0.25,3,0.7,connected,0,0,153,0.7116279069767442,153,10,170,31,1,1,57,72,56,80,113,49,78,7,505,89.275,0.3385416666666663,1,397,149,1,1.0,50,0,192,
1000088,sweep,20260713,regional_hospital,intermediate_capacity,baseline_flat,medical_device,194,273,2227,flat,0.25,3,0.7,connected,0,0,206,0.7545787545787546,206,10,224,41,1,1,62,88,70,101,129,62,75,7,587,104.62500000000001,0.40762867647058765,1,515,162,1,1.0,64,0,192,
1000089,sweep,20260713,regional_hospital,intermediate_capacity,baseline_flat,vendor_connection,281,282,2225,flat,0.25,3,0.7,connected,0,0,221,0.7836879432624113,221,10,245,41,1,1,55,73,71,89,122,55,84,7,549,97.075,0.3670343137254897,1,375,114,1,1.0,70,0,192,
1000090,sweep,20260713,regional_hospital,intermediate_capacity,baseline_flat,workstation,107,281,2298,flat,0.25,3,0.7,connected,0,0,11,0.03914590747330961,11,3,10,10,0,0,8,6,8,0,0,0,8,4,30,6.2,0.030637254901960783,0,779,-1,0,0.8571428571428571,0,1,192,
1000091,sweep,20260713,regional_hospital,intermediate_capacity,baseline_flat,internet_facing,199,203,1599,flat,0.25,3,0.7,connected,0,0,142,0.6995073891625616,142,10,155,36,1,1,51,70,57,83,118,51,75,7,505,88.625,0.33149509803921523,1,455,92,1,1.0,53,0,192,
1000092,sweep,20260713,regional_hospital,intermediate_capacity,baseline_flat,privileged_system,74,230,1815,flat,0.25,3,0.7,connected,0,0,177,0.7695652173913043,177,10,192,35,1,1,55,77,60,89,118,51,76,7,526,92.89999999999999,0.3567708333333328,1,414,-1,0,0.8571428571428571,57,0,192,
1000093,sweep,20260713,regional_hospital,intermediate_capacity,baseline_flat,medical_device,234,300,2447,flat,0.25,3,0.7,connected,0,0,1,0.0033333333333333335,1,1,0,4,0,0,0,0,0,0,0,0,0,0,0,0.0,0.0,0,152,0,1,1.0,0,1,41,
1000094,sweep,20260713,regional_hospital,intermediate_capacity,baseline_flat,vendor_connection,215,216,1688,flat,0.25,3,0.7,connected,0,0,163,0.7546296296296297,163,10,178,28,1,1,50,59,58,75,113,43,64,7,462,81.05,0.30928308823529377,1,408,90,1,1.0,54,0,184,
1000095,sweep,20260713,regional_hospital,intermediate_capacity,baseline_flat,workstation,80,278,2130,flat,0.25,3,0.7,connected,0,0,4,0.014388489208633094,4,1,3,12,0,0,0,8,16,0,0,0,8,3,32,6.4,0.031862745098039214,0,820,142,1,1.0,0,1,192,
1000096,sweep,20260713,regional_hospital,intermediate_capacity,baseline_flat,internet_facing,196,203,1655,flat,0.25,3,0.7,connected,0,0,158,0.7783251231527094,158,10,177,38,1,1,58,77,67,92,123,58,82,7,557,98.725,0.3742340686274505,1,306,98,1,1.0,54,0,192,
1000097,sweep,20260713,regional_hospital,intermediate_capacity,baseline_flat,privileged_system,5,209,1713,flat,0.25,3,0.7,connected,0,0,1,0.004784688995215311,1,1,0,2,0,0,0,0,0,0,0,0,0,0,0,0.0,0.0,0,0,0,1,1.0,0,1,4,
1000098,sweep,20260713,regional_hospital,intermediate_capacity,baseline_flat,medical_device,170,216,1723,flat,0.25,3,0.7,connected,0,0,3,0.013888888888888888,3,2,2,9,0,0,8,0,0,0,0,0,0,1,8,2.0,0.01225490196078431,0,272,28,1,1.0,0,1,67,
1000099,sweep,20260713,regional_hospital,intermediate_capacity,baseline_flat,vendor_connection,244,245,1945,flat,0.25,3,0.7,connected,0,0,180,0.7346938775510204,180,10,196,40,1,1,53,69,60,87,117,53,80,7,519,91.39999999999999,0.34175857843137214,1,412,93,1,1.0,57,0,192,
1000100,sweep,20260713,regional_hospital,intermediate_capacity,baseline_flat,workstation,49,230,1883,flat,0.25,6,0.7,connected,0,0,1,0.004347826086956522,1,1,0,3,0,0,0,0,0,0,0,0,0,0,0,0.0,0.0,0,112,0,1,1.0,0,1,38,
1000101,sweep,20260713,regional_hospital,intermediate_capacity,baseline_flat,internet_facing,206,210,1723,flat,0.25,6,0.7,connected,0,0,176,0.8380952380952381,176,10,199,40,1,1,61,80,68,99,133,59,88,7,588,103.65,0.39139093137254855,1,330,102,1,1.0,60,0,192,
1000102,sweep,20260713,regional_hospital,intermediate_capacity,baseline_flat,privileged_system,231,260,2149,flat,0.25,6,0.7,connected,0,0,233,0.8961538461538462,233,10,266,67,1,1,104,107,102,126,165,93,117,7,814,147.37500000000003,0.566176470588235,1,294,132,1,1.0,77,0,192,
1000103,sweep,20260713,regional_hospital,intermediate_capacity,baseline_flat,medical_device,212,280,2235,flat,0.25,6,0.7,connected,0,0,243,0.8678571428571429,243,10,265,69,1,1,96,104,95,122,155,88,115,7,775,140.075,0.5363051470588232,1,314,136,1,1.0,71,0,192,
1000104,sweep,20260713,regional_hospital,intermediate_capacity,baseline_flat,vendor_connection,228,229,1844,flat,0.25,6,0.7,connected,0,0,202,0.8820960698689956,202,10,222,68,1,1,75,95,92,121,152,71,103,7,709,126.25,0.48789828431372495,1,273,128,1,1.0,63,0,192,
1000105,sweep,20260713,regional_hospital,intermediate_capacity,baseline_flat,workstation,30,273,2217,flat,0.25,6,0.7,connected,0,0,234,0.8571428571428571,234,10,266,77,1,1,96,120,104,136,170,96,120,7,842,151.8,0.5833333333333328,1,227,139,1,1.0,76,0,192,
1000106,sweep,20260713,regional_hospital,intermediate_capacity,baseline_flat,internet_facing,270,275,2236,flat,0.25,6,0.7,connected,0,0,235,0.8545454545454545,235,10,266,45,1,1,66,83,73,103,140,66,93,7,624,110.35000000000001,0.41390931372548967,1,337,106,1,1.0,76,0,192,
1000107,sweep,20260713,regional_hospital,intermediate_capacity,baseline_flat,privileged_system,125,225,1767,flat,0.25,6,0.7,connected,0,0,200,0.8888888888888888,200,10,221,73,1,1,97,107,96,125,159,89,119,7,792,142.9,0.5461090686274506,1,253,184,1,1.0,62,0,192,
1000108,sweep,20260713,regional_hospital,intermediate_capacity,baseline_flat,medical_device,155,207,1694,flat,0.25,6,0.7,connected,0,0,178,0.8599033816425121,178,10,198,77,1,1,90,113,104,131,171,90,123,7,822,147.225,0.5602022058823524,1,310,139,1,1.0,60,0,192,
1000109,sweep,20260713,regional_hospital,intermediate_capacity,baseline_flat,vendor_connection,202,203,1623,flat,0.25,6,0.7,connected,0,0,170,0.8374384236453202,170,10,187,60,1,1,80,99,90,123,154,80,105,7,731,130.725,0.4998468137254896,1,275,188,1,1.0,54,0,192,
1000110,sweep,20260713,regional_hospital,intermediate_capacity,baseline_flat,workstation,110,274,2165,flat,0.25,6,0.7,connected,0,0,232,0.8467153284671532,232,10,257,63,1,1,78,93,85,112,149,78,97,7,692,123.825,0.47074142156862697,1,357,119,1,1.0,69,0,192,
1000111,sweep,20260713,regional_hospital,intermediate_capacity,baseline_flat,internet_facing,246,251,2030,flat,0.25,6,0.7,connected,0,0,213,0.848605577689243,213,10,239,63,1,1,94,110,102,129,167,94,114,7,810,145.975,0.5577512254901956,1,236,182,1,1.0,72,0,192,
1000112,sweep,20260713,regional_hospital,intermediate_capacity,baseline_flat,privileged_system,188,229,1808,flat,0.25,6,0.7,connected,0,0,193,0.8427947598253275,193,10,217,60,1,1,78,95,85,113,154,76,100,7,701,124.9,0.4742647058823524,1,227,117,1,1.0,60,0,192,
1000113,sweep,20260713,regional_hospital,intermediate_capacity,baseline_flat,medical_device,186,243,1982,flat,0.25,6,0.7,connected,0,0,207,0.8518518518518519,207,10,238,59,1,1,81,99,89,119,165,81,112,7,746,132.425,0.49571078431372495,1,351,121,1,1.0,68,0,192,
1000114,sweep,20260713,regional_hospital,intermediate_capacity,baseline_flat,vendor_connection,247,248,2054,flat,0.25,6,0.7,connected,0,0,222,0.8951612903225806,222,10,250,48,1,1,69,92,83,103,142,66,92,7,647,115.19999999999999,0.4433210784313721,1,295,169,1,1.0,70,0,192,
1000115,sweep,20260713,regional_hospital,intermediate_capacity,baseline_flat,workstation,68,203,1605,flat,0.25,6,0.7,connected,0,0,1,0.0049261083743842365,1,1,0,2,0,0,8,8,8,8,16,8,0,6,56,10.200000000000001,0.041666666666666664,0,664,149,1,1.0,0,1,192,
1000116,sweep,20260713,regional_hospital,intermediate_capacity,baseline_flat,internet_facing,255,265,2191,flat,0.25,6,0.7,connected,0,0,225,0.8490566037735849,225,10,251,61,1,1,78,105,94,113,147,78,102,7,717,128.97500000000002,0.49892769607843085,1,269,130,1,1.0,71,0,192,
1000117,sweep,20260713,regional_hospital,intermediate_capacity,baseline_flat,privileged_system,227,274,2179,flat,0.25,6,0.7,connected,0,0,219,0.7992700729927007,219,10,243,70,1,1,87,98,88,125,154,85,119,7,756,135.4,0.5087316176470583,1,367,142,1,1.0,69,0,192,
1000118,sweep,20260713,regional_hospital,intermediate_capacity,baseline_flat,medical_device,156,222,1749,flat,0.25,6,0.7,connected,0,0,190,0.8558558558558559,190,10,214,77,1,1,99,116,106,133,172,99,126,7,851,153.45000000000002,0.5825674019607838,1,195,136,1,1.0,59,0,192,
1000119,sweep,20260713,regional_hospital,intermediate_capacity,baseline_flat,vendor_connection,214,215,1739,flat,0.25,6,0.7,connected,0,0,181,0.8418604651162791,181,10,197,54,1,1,79,105,87,113,153,78,98,7,713,127.64999999999999,0.49080882352941124,1,268,179,1,1.0,58,0,192,
1000120,sweep,20260713,regional_hospital,intermediate_capacity,baseline_flat,workstation,73,223,1833,flat,0.25,6,0.7,connected,0,0,3,0.013452914798206279,3,1,2,19,0,0,0,0,8,0,0,0,0,1,8,1.8,0.011029411764705883,0,624,94,1,1.0,0,1,182,
1000121,sweep,20260713,regional_hospital,intermediate_capacity,baseline_flat,internet_facing,256,264,2112,flat,0.25,6,0.7,connected,0,0,231,0.875,231,10,249,63,1,1,84,102,93,120,158,84,127,7,768,137.07500000000002,0.510569852941176,1,389,126,1,1.0,74,0,192,
1000122,sweep,20260713,regional_hospital,intermediate_capacity,baseline_flat,privileged_system,170,208,1701,flat,0.25,6,0.7,connected,0,0,179,0.8605769230769231,179,10,204,58,1,1,78,101,92,115,151,77,102,7,716,128.25,0.493412990196078,1,264,145,1,1.0,57,0,192,
1000123,sweep,20260713,regional_hospital,intermediate_capacity,baseline_flat,medical_device,209,263,2074,flat,0.25,6,0.7,connected,0,0,230,0.8745247148288974,230,10,247,54,1,1,78,96,86,111,142,77,95,7,685,123.25,0.47472426470588186,1,280,146,1,1.0,66,0,192,
1000124,sweep,20260713,regional_hospital,intermediate_capacity,baseline_flat,vendor_connection,271,272,2217,flat,0.25,6,0.7,connected,0,0,232,0.8529411764705882,232,10,274,65,1,1,91,100,92,117,156,83,119,7,758,136.05,0.5142463235294114,1,329,122,1,1.0,71,0,192,
1000125,sweep,20260713,regional_hospital,intermediate_capacity,baseline_flat,workstation,47,265,2144,flat,0.25,6,0.7,connected,0,0,1,0.0037735849056603774,1,1,0,6,0,0,8,8,8,8,8,8,0,6,48,9.4,0.041666666666666664,0,96,17,1,1.0,0,1,45,
1000126,sweep,20260713,regional_hospital,intermediate_capacity,baseline_flat,internet_facing,277,281,2322,flat,0.25,6,0.7,connected,0,0,250,0.8896797153024911,250,10,273,82,1,1,100,118,108,140,178,100,126,7,870,156.6,0.5968137254901955,1,210,-1,0,0.8571428571428571,81,0,192,
1000127,sweep,20260713,regional_hospital,intermediate_capacity,baseline_flat,privileged_system,231,266,2068,flat,0.25,6,0.7,connected,0,0,216,0.8120300751879699,216,10,239,48,1,1,59,81,68,95,133,59,96,7,591,103.85,0.3852634803921564,1,448,126,1,1.0,61,0,192,
1000128,sweep,20260713,regional_hospital,intermediate_capacity,baseline_flat,medical_device,202,270,2172,flat,0.25,6,0.7,connected,0,0,233,0.8629629629629629,233,10,259,71,1,1,87,104,96,121,163,87,117,7,775,138.75,0.5228247549019603,1,309,132,1,1.0,76,0,192,
1000129,sweep,20260713,regional_hospital,intermediate_capacity,baseline_flat,vendor_connection,238,239,1911,flat,0.25,6,0.7,connected,0,0,210,0.8786610878661087,210,10,233,53,1,1,77,102,92,112,153,77,100,7,713,127.575,0.4898897058823524,1,332,162,1,1.0,67,0,192,
1000130,sweep,20260713,regional_hospital,intermediate_capacity,baseline_flat,workstation,40,300,2474,flat,0.25,6,0.7,connected,0,0,267,0.89,267,10,301,56,1,1,76,102,84,120,149,76,100,7,707,126.30000000000001,0.48590686274509737,1,309,150,1,1.0,85,0,192,
1000131,sweep,20260713,regional_hospital,intermediate_capacity,baseline_flat,internet_facing,223,233,1917,flat,0.25,6,0.7,connected,0,0,203,0.871244635193133,203,10,228,105,1,1,123,139,131,156,182,120,150,7,1001,183.025,0.7066482843137263,1,165,168,1,0.8571428571428571,66,0,192,
1000132,sweep,20260713,regional_hospital,intermediate_capacity,baseline_flat,privileged_system,168,204,1679,flat,0.25,6,0.7,connected,0,0,174,0.8529411764705882,174,10,207,49,1,1,68,85,84,102,141,68,93,7,641,114.1,0.43351715686274467,1,335,108,1,1.0,53,0,192,
1000133,sweep,20260713,regional_hospital,intermediate_capacity,baseline_flat,medical_device,217,289,2293,flat,0.25,6,0.7,connected,0,0,255,0.8823529411764706,255,10,284,97,1,1,111,128,117,144,182,109,132,7,923,167.4,0.642616421568627,1,240,155,1,0.8571428571428571,75,0,192,
1000134,sweep,20260713,regional_hospital,intermediate_capacity,baseline_flat,vendor_connection,295,296,2415,flat,0.25,6,0.7,connected,0,0,255,0.8614864864864865,255,10,279,46,1,1,71,81,88,100,136,63,93,7,632,112.975,0.43658088235294085,1,331,171,1,1.0,84,0,192,
1000135,sweep,20260713,regional_hospital,intermediate_capacity,baseline_flat,workstation,57,270,2142,flat,0.25,6,0.7,connected,0,0,1,0.003703703703703704,1,1,0,4,0,0,0,0,0,8,0,0,0,1,8,1.4,0.008578431372549019,0,440,42,1,1.0,0,1,96,
1000136,sweep,20260713,regional_hospital,intermediate_capacity,baseline_flat,internet_facing,292,296,2330,flat,0.25,6,0.7,connected,0,0,250,0.8445945945945946,250,10,278,70,1,1,88,105,105,121,162,87,113,7,781,140.525,0.5379901960784309,1,386,192,1,1.0,78,0,192,
1000137,sweep,20260713,regional_hospital,intermediate_capacity,baseline_flat,privileged_system,194,242,1930,flat,0.25,6,0.7,connected,0,0,1,0.004132231404958678,1,1,0,3,0,0,0,0,0,0,0,0,0,0,0,0.0,0.0,0,96,0,1,1.0,0,1,33,
1000138,sweep,20260713,regional_hospital,intermediate_capacity,baseline_flat,medical_device,160,229,1831,flat,0.25,6,0.7,connected,0,0,199,0.868995633187773,199,10,220,76,1,1,102,105,106,123,161,88,114,7,799,144.875,0.562959558823529,1,232,133,1,1.0,57,0,192,
1000139,sweep,20260713,regional_hospital,intermediate_capacity,baseline_flat,vendor_connection,203,204,1700,flat,0.25,6,0.7,connected,0,0,187,0.9166666666666666,187,10,206,45,1,1,71,98,79,109,150,71,102,7,680,120.475,0.4546568627450975,1,277,184,1,1.0,57,0,192,
1000140,sweep,20260713,regional_hospital,intermediate_capacity,baseline_flat,workstation,69,298,2451,flat,0.25,6,0.7,connected,0,0,265,0.889261744966443,265,10,307,53,1,1,75,85,74,104,146,66,94,7,644,114.15,0.43259803921568585,1,375,162,1,1.0,83,0,192,
1000141,sweep,20260713,regional_hospital,intermediate_capacity,baseline_flat,internet_facing,198,206,1663,flat,0.25,6,0.7,connected,0,0,192,0.9320388349514563,192,10,205,78,1,1,104,123,112,141,175,104,121,7,880,159.525,0.6156556372549015,1,188,183,1,1.0,57,0,192,
1000142,sweep,20260713,regional_hospital,intermediate_capacity,baseline_flat,privileged_system,101,247,1999,flat,0.25,6,0.7,connected,0,0,209,0.8461538461538461,209,10,232,75,1,1,94,109,101,130,167,91,119,7,811,145.8,0.5562193627450975,1,238,136,1,1.0,67,0,192,
1000143,sweep,20260713,regional_hospital,intermediate_capacity,baseline_flat,medical_device,135,200,1647,flat,0.25,6,0.7,connected,0,0,173,0.865,173,10,201,51,1,1,82,98,90,114,148,81,98,7,711,128.02499999999998,0.4920343137254897,1,186,125,1,1.0,53,0,192,
1000144,sweep,20260713,regional_hospital,intermediate_capacity,baseline_flat,vendor_connection,239,240,1903,flat,0.25,6,0.7,connected,0,0,201,0.8375,201,10,225,74,1,1,100,116,104,130,173,100,116,7,839,151.55,0.5781249999999996,1,296,183,1,1.0,57,0,192,
1000145,sweep,20260713,regional_hospital,intermediate_capacity,baseline_flat,workstation,56,208,1644,flat,0.25,6,0.7,connected,0,0,3,0.014423076923076924,3,1,2,14,0,0,16,8,24,8,8,8,0,6,72,15.000000000000002,0.07598039215686274,0,633,140,1,1.0,0,1,192,
1000146,sweep,20260713,regional_hospital,intermediate_capacity,baseline_flat,internet_facing,231,233,1891,flat,0.25,6,0.7,connected,0,0,208,0.8927038626609443,208,10,237,69,1,1,92,117,100,130,162,92,110,7,803,145.05,0.5615808823529406,1,240,168,1,1.0,65,0,192,
1000147,sweep,20260713,regional_hospital,intermediate_capacity,baseline_flat,privileged_system,184,221,1760,flat,0.25,6,0.7,connected,0,0,188,0.8506787330316742,188,10,209,95,1,1,111,127,120,145,189,111,135,7,938,169.65,0.6465992647058819,1,133,154,1,1.0,59,0,192,
1000148,sweep,20260713,regional_hospital,intermediate_capacity,baseline_flat,medical_device,154,239,1915,flat,0.25,6,0.7,connected,0,0,218,0.9121338912133892,218,10,236,79,1,1,105,118,108,135,173,101,113,7,853,154.75,0.5991115196078426,1,222,185,1,1.0,66,0,192,
1000149,sweep,20260713,regional_hospital,intermediate_capacity,baseline_flat,vendor_connection,213,214,1683,flat,0.25,6,0.7,connected,0,0,189,0.883177570093458,189,10,203,66,1,1,80,100,93,117,153,80,111,7,734,131.35,0.49877450980392113,1,244,125,1,1.0,57,0,192,
1000150,sweep,20260713,regional_hospital,intermediate_capacity,baseline_flat,workstation,97,292,2364,flat,0.25,12,0.7,connected,0,0,271,0.928082191780822,271,10,303,123,1,1,136,152,151,171,179,135,161,7,1085,200.72500000000002,0.7861519607843158,1,151,185,1,0.8571428571428571,82,0,192,
1000151,sweep,20260713,regional_hospital,intermediate_capacity,baseline_flat,internet_facing,264,272,2184,flat,0.25,12,0.7,connected,0,0,253,0.9301470588235294,253,10,279,109,1,1,119,137,128,155,179,119,145,7,982,179.5,0.692861519607844,1,142,169,1,0.8571428571428571,73,0,192,
1000152,sweep,20260713,regional_hospital,intermediate_capacity,baseline_flat,privileged_system,175,200,1563,flat,0.25,12,0.7,connected,0,0,187,0.935,187,10,214,114,1,1,139,153,143,170,189,135,158,7,1087,200.25,0.7798713235294129,1,56,-1,0,0.7142857142857143,54,0,192,
1000153,sweep,20260713,regional_hospital,intermediate_capacity,baseline_flat,medical_device,162,245,1993,flat,0.25,12,0.7,connected,0,0,234,0.9551020408163265,234,10,271,94,1,1,112,131,122,150,186,112,150,7,963,174.2,0.6611519607843132,1,204,157,1,0.8571428571428571,71,0,192,
1000154,sweep,20260713,regional_hospital,intermediate_capacity,baseline_flat,vendor_connection,222,223,1831,flat,0.25,12,0.7,connected,0,0,215,0.9641255605381166,215,10,242,160,1,1,183,186,186,186,186,180,184,7,1291,244.05,0.9641544117647062,1,32,-1,0,0.2857142857142857,65,0,192,
1000155,sweep,20260713,regional_hospital,intermediate_capacity,baseline_flat,workstation,33,288,2328,flat,0.25,12,0.7,connected,0,0,2,0.006944444444444444,2,1,1,7,0,0,0,8,0,8,0,0,0,2,16,3.0,0.018382352941176478,0,977,184,1,1.0,0,1,192,
1000156,sweep,20260713,regional_hospital,intermediate_capacity,baseline_flat,internet_facing,284,288,2323,flat,0.25,12,0.7,connected,0,0,267,0.9270833333333334,267,10,286,119,1,1,130,154,139,168,180,130,160,7,1061,195.225,0.7596507352941191,1,160,181,1,0.8571428571428571,81,0,192,
1000157,sweep,20260713,regional_hospital,intermediate_capacity,baseline_flat,privileged_system,218,247,2020,flat,0.25,12,0.7,connected,0,0,236,0.9554655870445344,236,10,261,93,1,1,118,136,127,156,191,118,142,7,988,179.52500000000003,0.6897977941176481,1,129,158,1,0.8571428571428571,73,0,192,
1000158,sweep,20260713,regional_hospital,intermediate_capacity,baseline_flat,medical_device,152,230,1919,flat,0.25,12,0.7,connected,0,0,223,0.9695652173913043,223,10,244,135,1,1,154,173,162,186,186,154,178,7,1193,222.04999999999998,0.8707107843137266,1,56,-1,0,0.7142857142857143,69,0,192,
1000159,sweep,20260713,regional_hospital,intermediate_capacity,baseline_flat,vendor_connection,269,270,2182,flat,0.25,12,0.7,connected,0,0,242,0.8962962962962963,242,10,285,91,1,1,114,129,117,146,184,109,139,7,938,169.95,0.6505821078431367,1,213,-1,0,0.7142857142857143,78,0,192,
1000160,sweep,20260713,regional_hospital,intermediate_capacity,baseline_flat,workstation,27,264,2158,flat,0.25,12,0.7,connected,0,0,1,0.003787878787878788,1,1,0,5,0,0,0,0,0,0,0,0,0,0,0,0.0,0.0,0,616,0,1,1.0,0,1,153,
1000161,sweep,20260713,regional_hospital,intermediate_capacity,baseline_flat,internet_facing,266,272,2135,flat,0.25,12,0.7,connected,0,0,258,0.9485294117647058,258,10,290,115,1,1,130,156,138,167,183,130,156,7,1060,194.925,0.7596507352941185,1,104,177,1,0.8571428571428571,75,0,192,
1000162,sweep,20260713,regional_hospital,intermediate_capacity,baseline_flat,privileged_system,245,292,2340,flat,0.25,12,0.7,connected,0,0,273,0.934931506849315,273,10,301,102,1,1,122,140,130,159,187,122,146,7,1006,183.625,0.7081801470588244,1,152,164,1,0.8571428571428571,83,0,192,
1000163,sweep,20260713,regional_hospital,intermediate_capacity,baseline_flat,medical_device,206,296,2431,flat,0.25,12,0.7,connected,0,0,278,0.9391891891891891,278,10,330,164,1,1,178,182,189,182,184,178,181,7,1274,240.87500000000003,0.9514399509803924,1,128,-1,0,0.2857142857142857,85,0,192,
1000164,sweep,20260713,regional_hospital,intermediate_capacity,baseline_flat,vendor_connection,260,261,2085,flat,0.25,12,0.7,connected,0,0,242,0.9272030651340997,242,10,279,103,1,1,124,143,132,161,186,124,151,7,1021,186.625,0.7198223039215695,1,200,168,1,0.8571428571428571,78,0,192,
1000165,sweep,20260713,regional_hospital,intermediate_capacity,baseline_flat,workstation,42,295,2420,flat,0.25,12,0.7,connected,0,0,277,0.9389830508474576,277,10,305,145,1,1,164,183,173,186,186,164,184,7,1240,232.17499999999998,0.9134497549019613,1,120,-1,0,0.5714285714285714,84,0,192,
1000166,sweep,20260713,regional_hospital,intermediate_capacity,baseline_flat,internet_facing,265,271,2168,flat,0.25,12,0.7,connected,0,0,253,0.933579335793358,253,10,284,131,1,1,154,162,153,180,191,145,171,7,1156,214.20000000000002,0.8383884803921583,1,144,189,1,0.8571428571428571,73,0,192,
1000167,sweep,20260713,regional_hospital,intermediate_capacity,baseline_flat,privileged_system,191,223,1784,flat,0.25,12,0.7,connected,0,0,217,0.9730941704035875,217,10,247,141,1,1,161,182,169,189,188,161,188,7,1238,230.975,0.905330882352942,1,60,-1,0,0.5714285714285714,61,0,192,
1000168,sweep,20260713,regional_hospital,intermediate_capacity,baseline_flat,medical_device,146,212,1723,flat,0.25,12,0.7,connected,0,0,199,0.9386792452830188,199,10,214,108,1,1,126,142,129,164,178,121,153,7,1013,185.6,0.7207414215686286,1,188,-1,0,0.7142857142857143,61,0,192,
1000169,sweep,20260713,regional_hospital,intermediate_capacity,baseline_flat,vendor_connection,258,259,2102,flat,0.25,12,0.7,connected,0,0,246,0.9498069498069498,246,10,285,100,1,1,121,142,139,160,189,121,148,7,1020,186.25,0.7225796568627461,1,172,163,1,0.8571428571428571,75,0,192,
1000170,sweep,20260713,regional_hospital,intermediate_capacity,baseline_flat,workstation,66,287,2364,flat,0.25,12,0.7,connected,0,0,266,0.926829268292683,266,10,296,124,1,1,136,154,144,171,179,136,160,7,1080,199.62499999999997,0.7789522058823543,1,120,185,1,0.8571428571428571,79,0,192,
1000171,sweep,20260713,regional_hospital,intermediate_capacity,baseline_flat,internet_facing,255,262,2096,flat,0.25,12,0.7,connected,0,0,248,0.9465648854961832,248,10,271,122,1,1,133,159,148,170,180,133,158,7,1081,199.725,0.7849264705882373,1,190,183,1,0.8571428571428571,72,0,192,
1000172,sweep,20260713,regional_hospital,intermediate_capacity,baseline_flat,privileged_system,174,215,1761,flat,0.25,12,0.7,connected,0,0,203,0.9441860465116279,203,10,226,96,1,1,127,145,138,162,188,126,143,7,1029,188.74999999999997,0.7362132352941183,1,123,-1,0,0.7142857142857143,62,0,192,
1000173,sweep,20260713,regional_hospital,intermediate_capacity,baseline_flat,medical_device,174,230,1839,flat,0.25,12,0.7,connected,0,0,212,0.9217391304347826,212,10,230,105,1,1,118,135,129,152,180,118,146,7,978,178.57500000000002,0.6870404411764715,1,141,166,1,0.8571428571428571,62,0,192,
1000174,sweep,20260713,regional_hospital,intermediate_capacity,baseline_flat,vendor_connection,266,267,2147,flat,0.25,12,0.7,connected,0,0,247,0.9250936329588015,247,10,273,77,1,1,105,117,114,133,179,97,125,7,870,157.05,0.6040134803921565,1,248,169,1,1.0,75,0,192,
1000175,sweep,20260713,regional_hospital,intermediate_capacity,baseline_flat,workstation,77,218,1803,flat,0.25,12,0.7,connected,0,0,189,0.8669724770642202,189,10,219,104,1,1,115,134,125,154,178,115,145,7,966,176.05,0.6778492647058826,1,182,168,1,0.8571428571428571,62,0,192,
1000176,sweep,20260713,regional_hospital,intermediate_capacity,baseline_flat,internet_facing,211,216,1735,flat,0.25,12,0.7,connected,0,0,206,0.9537037037037037,206,10,232,86,1,1,105,132,121,143,186,105,130,7,922,166.625,0.6427696078431367,1,160,172,1,1.0,62,0,192,
1000177,sweep,20260713,regional_hospital,intermediate_capacity,baseline_flat,privileged_system,200,220,1723,flat,0.25,12,0.7,connected,0,0,207,0.9409090909090909,207,10,232,78,1,1,104,121,111,139,181,104,127,7,887,160.05000000000004,0.6096813725490191,1,203,140,1,1.0,62,0,192,
1000178,sweep,20260713,regional_hospital,intermediate_capacity,baseline_flat,medical_device,221,289,2265,flat,0.25,12,0.7,connected,0,0,272,0.9411764705882353,272,10,309,148,1,1,158,183,167,180,181,158,183,7,1210,226.27499999999998,0.8895526960784319,1,136,-1,0,0.5714285714285714,77,0,192,
1000179,sweep,20260713,regional_hospital,intermediate_capacity,baseline_flat,vendor_connection,273,274,2173,flat,0.25,12,0.7,connected,0,0,254,0.927007299270073,254,10,278,100,1,1,117,148,125,153,185,114,142,7,984,179.20000000000002,0.6969975490196093,1,161,181,1,0.8571428571428571,75,0,192,
1000180,sweep,20260713,regional_hospital,intermediate_capacity,baseline_flat,workstation,18,256,2048,flat,0.25,12,0.7,connected,0,0,1,0.00390625,1,1,0,2,0,0,0,0,0,0,0,0,0,0,0,0.0,0.0,0,0,0,1,1.0,0,1,4,
1000181,sweep,20260713,regional_hospital,intermediate_capacity,baseline_flat,internet_facing,213,219,1765,flat,0.25,12,0.7,connected,0,0,204,0.9315068493150684,204,10,226,122,1,1,141,162,152,178,186,141,167,7,1127,208.375,0.8149509803921583,1,117,185,1,0.8571428571428571,64,0,192,
1000182,sweep,20260713,regional_hospital,intermediate_capacity,baseline_flat,privileged_system,186,221,1781,flat,0.25,12,0.7,connected,0,0,195,0.8823529411764706,195,10,214,99,1,1,121,138,128,155,188,118,153,7,1001,182.07500000000002,0.6971507352941183,1,184,159,1,0.8571428571428571,59,0,192,
1000183,sweep,20260713,regional_hospital,intermediate_capacity,baseline_flat,medical_device,174,250,1961,flat,0.25,12,0.7,connected,0,0,3,0.012,3,2,2,15,0,0,0,0,0,0,0,0,8,1,8,1.2,0.0,0,544,0,1,1.0,0,1,136,
1000184,sweep,20260713,regional_hospital,intermediate_capacity,baseline_flat,vendor_connection,284,285,2282,flat,0.25,12,0.7,connected,0,0,263,0.9228070175438596,263,10,292,96,1,1,116,134,124,152,187,116,144,7,973,176.7,0.6758578431372549,1,158,158,1,0.8571428571428571,79,0,192,
1000185,sweep,20260713,regional_hospital,intermediate_capacity,baseline_flat,workstation,22,291,2372,flat,0.25,12,0.7,connected,0,0,3,0.010309278350515464,3,1,2,16,0,0,8,4,0,0,8,0,0,3,20,3.5999999999999996,0.017156862745098037,0,708,-1,0,0.8571428571428571,0,1,192,
1000186,sweep,20260713,regional_hospital,intermediate_capacity,baseline_flat,internet_facing,276,278,2185,flat,0.25,12,0.7,connected,0,0,1,0.0035971223021582736,1,1,0,6,0,0,0,0,0,0,0,0,0,0,0,0.0,0.0,0,88,0,1,1.0,0,1,27,
1000187,sweep,20260713,regional_hospital,intermediate_capacity,baseline_flat,privileged_system,190,224,1797,flat,0.25,12,0.7,connected,0,0,1,0.004464285714285714,1,1,0,13,0,0,0,16,0,0,8,0,0,2,24,4.0,0.019607843137254905,0,600,142,1,1.0,0,1,159,
1000188,sweep,20260713,regional_hospital,intermediate_capacity,baseline_flat,medical_device,152,210,1716,flat,0.25,12,0.7,connected,0,0,204,0.9714285714285714,204,10,221,90,1,1,120,136,117,146,185,108,138,7,950,172.575,0.6683517156862742,1,129,177,1,0.8571428571428571,64,0,192,
1000189,sweep,20260713,regional_hospital,intermediate_capacity,baseline_flat,vendor_connection,199,200,1594,flat,0.25,12,0.7,connected,0,0,184,0.92,184,10,212,123,1,1,143,163,152,180,185,143,167,7,1133,209.775,0.82138480392157,1,108,188,1,0.8571428571428571,59,0,192,
1000190,sweep,20260713,regional_hospital,intermediate_capacity,baseline_flat,workstation,44,221,1741,flat,0.25,12,0.7,connected,0,0,201,0.9095022624434389,201,10,234,112,1,1,126,143,135,161,183,126,153,7,1027,188.24999999999997,0.7270220588235307,1,128,171,1,0.8571428571428571,58,0,192,
1000191,sweep,20260713,regional_hospital,intermediate_capacity,baseline_flat,internet_facing,225,231,1849,flat,0.25,12,0.7,connected,0,0,212,0.9177489177489178,212,10,227,108,1,1,124,142,137,163,183,123,166,7,1038,189.62500000000003,0.7276348039215698,1,220,169,1,0.8571428571428571,65,0,192,
1000192,sweep,20260713,regional_hospital,intermediate_capacity,baseline_flat,privileged_system,199,223,1750,flat,0.25,12,0.7,connected,0,0,214,0.9596412556053812,214,10,254,84,1,1,104,122,119,141,185,104,133,7,908,163.7,0.6240808823529407,1,146,189,1,1.0,62,0,192,
1000193,sweep,20260713,regional_hospital,intermediate_capacity,baseline_flat,medical_device,186,273,2217,flat,0.25,12,0.7,connected,0,0,248,0.9084249084249084,248,10,287,129,1,1,147,165,157,190,184,146,175,7,1164,215.825,0.8475796568627465,1,136,-1,0,0.7142857142857143,82,0,192,
1000194,sweep,20260713,regional_hospital,intermediate_capacity,baseline_flat,vendor_connection,287,288,2301,flat,0.25,12,0.7,connected,0,0,270,0.9375,270,10,297,87,1,1,106,125,115,144,186,106,132,7,914,164.82500000000002,0.628523284313725,1,191,149,1,1.0,82,0,192,
1000195,sweep,20260713,regional_hospital,intermediate_capacity,baseline_flat,workstation,72,204,1665,flat,0.25,12,0.7,connected,0,0,199,0.9754901960784313,199,10,217,97,1,1,117,128,120,147,179,117,141,7,949,172.95,0.6591605392156858,1,195,161,1,0.8571428571428571,60,0,192,
1000196,sweep,20260713,regional_hospital,intermediate_capacity,baseline_flat,internet_facing,257,261,2113,flat,0.25,12,0.7,connected,0,0,244,0.9348659003831418,244,10,275,170,1,1,186,187,188,186,186,186,186,7,1305,247.1,0.9727328431372548,1,88,-1,0,0.0,73,0,192,
1000197,sweep,20260713,regional_hospital,intermediate_capacity,baseline_flat,privileged_system,179,214,1686,flat,0.25,12,0.7,connected,0,0,206,0.9626168224299065,206,10,231,137,1,1,165,177,171,189,189,164,186,7,1241,231.9,0.9080882352941186,1,64,-1,0,0.7142857142857143,60,0,192,
1000198,sweep,20260713,regional_hospital,intermediate_capacity,baseline_flat,medical_device,148,224,1782,flat,0.25,12,0.7,connected,0,0,204,0.9107142857142857,204,10,228,96,1,1,118,131,124,150,189,115,149,7,976,176.975,0.6731004901960783,1,133,158,1,0.8571428571428571,63,0,192,
1000199,sweep,20260713,regional_hospital,intermediate_capacity,baseline_flat,vendor_connection,199,200,1633,flat,0.25,12,0.7,connected,0,0,186,0.93,186,10,204,96,1,1,115,134,124,156,186,115,147,7,977,177.275,0.6786151960784316,1,118,161,1,0.8571428571428571,59,0,192,
1000200,sweep,20260713,regional_hospital,intermediate_capacity,baseline_flat,workstation,8,257,2108,flat,0.25,24,0.7,connected,0,0,245,0.953307392996109,245,10,277,174,1,1,179,178,178,178,178,178,176,7,1245,235.80000000000004,0.9286151960784315,1,152,-1,0,0.0,76,0,192,
1000201,sweep,20260713,regional_hospital,intermediate_capacity,baseline_flat,internet_facing,247,255,2074,flat,0.25,24,0.7,connected,0,0,248,0.9725490196078431,248,10,286,-1,1,1,189,189,189,189,189,189,187,7,1321,250.12500000000003,0.984375,1,48,-1,0,0.0,76,0,192,
1000202,sweep,20260713,regional_hospital,intermediate_capacity,baseline_flat,privileged_system,252,281,2313,flat,0.25,24,0.7,connected,0,0,276,0.9822064056939501,276,10,321,-1,1,1,190,186,187,187,187,186,188,7,1311,248.24999999999997,0.9773284313725491,1,56,-1,0,0.0,86,0,192,
1000203,sweep,20260713,regional_hospital,intermediate_capacity,baseline_flat,medical_device,213,280,2238,flat,0.25,24,0.7,connected,0,0,274,0.9785714285714285,274,10,304,-1,1,1,191,191,191,191,191,191,183,7,1329,251.875,0.9947916666666666,1,64,-1,0,0.0,81,0,192,
1000204,sweep,20260713,regional_hospital,intermediate_capacity,baseline_flat,vendor_connection,220,221,1744,flat,0.25,24,0.7,connected,0,0,217,0.9819004524886877,217,10,238,-1,1,1,187,184,187,187,186,183,185,7,1299,245.87500000000003,0.9702818627450981,1,88,-1,0,0.0,60,0,192,
1000205,sweep,20260713,regional_hospital,intermediate_capacity,baseline_flat,workstation,46,202,1625,flat,0.25,24,0.7,connected,0,0,195,0.9653465346534653,195,10,216,174,1,1,191,187,187,190,189,187,187,7,1318,249.50000000000006,0.9833026960784315,1,80,-1,0,0.0,58,0,192,
1000206,sweep,20260713,regional_hospital,intermediate_capacity,baseline_flat,internet_facing,271,279,2202,flat,0.25,24,0.7,connected,0,0,273,0.978494623655914,273,10,320,-1,1,1,187,187,187,187,187,187,187,7,1309,247.77500000000003,0.9739583333333334,1,64,-1,0,0.0,78,0,192,
1000207,sweep,20260713,regional_hospital,intermediate_capacity,baseline_flat,privileged_system,196,245,1941,flat,0.25,24,0.7,connected,0,0,241,0.9836734693877551,241,10,274,-1,1,1,185,184,184,186,186,184,185,7,1294,244.75,0.9620098039215685,1,56,-1,0,0.0,67,0,192,
1000208,sweep,20260713,regional_hospital,intermediate_capacity,baseline_flat,medical_device,150,202,1687,flat,0.25,24,0.7,connected,0,0,200,0.9900990099009901,200,10,224,164,1,1,186,186,186,186,186,186,188,7,1304,246.75,0.96875,1,24,-1,0,0.0,60,0,192,
1000209,sweep,20260713,regional_hospital,intermediate_capacity,baseline_flat,vendor_connection,230,231,1830,flat,0.25,24,0.7,connected,0,0,229,0.9913419913419913,229,10,264,178,1,1,190,190,190,190,190,190,188,7,1328,251.45,0.9895833333333334,1,32,-1,0,0.0,64,0,192,
1000210,sweep,20260713,regional_hospital,intermediate_capacity,baseline_flat,workstation,55,296,2358,flat,0.25,24,0.7,connected,0,0,285,0.9628378378378378,285,10,324,-1,1,1,187,187,187,187,188,187,187,7,1310,247.87500000000006,0.9739583333333334,1,80,-1,0,0.0,82,0,192,
1000211,sweep,20260713,regional_hospital,intermediate_capacity,baseline_flat,internet_facing,295,298,2352,flat,0.25,24,0.7,connected,0,0,292,0.9798657718120806,292,10,322,-1,1,1,191,191,191,191,191,191,187,7,1333,252.47500000000002,0.9947916666666666,1,56,-1,0,0.0,84,0,192,
1000212,sweep,20260713,regional_hospital,intermediate_capacity,baseline_flat,privileged_system,211,262,2093,flat,0.25,24,0.7,connected,0,0,256,0.9770992366412213,256,10,284,179,1,1,181,181,182,182,192,181,179,7,1278,241.02499999999998,0.9451593137254902,1,64,-1,0,0.0,78,0,192,
1000213,sweep,20260713,regional_hospital,intermediate_capacity,baseline_flat,medical_device,159,242,1983,flat,0.25,24,0.7,connected,0,0,237,0.9793388429752066,237,10,273,-1,1,1,187,186,187,186,186,186,190,7,1308,247.52499999999998,0.9716605392156863,1,32,-1,0,0.0,70,0,192,
1000214,sweep,20260713,regional_hospital,intermediate_capacity,baseline_flat,vendor_connection,215,216,1718,flat,0.25,24,0.7,connected,0,0,213,0.9861111111111112,213,10,238,189,1,1,186,190,187,187,188,186,191,7,1315,248.60000000000002,0.9761029411764706,1,24,-1,0,0.0,60,0,192,
1000215,sweep,20260713,regional_hospital,intermediate_capacity,baseline_flat,workstation,37,224,1761,flat,0.25,24,0.7,connected,0,0,218,0.9732142857142857,218,10,253,161,1,1,173,178,179,178,178,171,178,7,1235,233.25,0.9208026960784318,1,72,-1,0,0.2857142857142857,63,0,192,
1000216,sweep,20260713,regional_hospital,intermediate_capacity,baseline_flat,internet_facing,272,281,2278,flat,0.25,24,0.7,connected,0,0,274,0.9750889679715302,274,10,310,-1,1,1,190,190,190,190,190,190,189,7,1329,251.6,0.9895833333333334,1,48,-1,0,0.0,82,0,192,
1000217,sweep,20260713,regional_hospital,intermediate_capacity,baseline_flat,privileged_system,196,228,1822,flat,0.25,24,0.7,connected,0,0,220,0.9649122807017544,220,10,247,-1,1,1,189,189,189,189,189,189,187,7,1321,250.12500000000003,0.984375,1,40,-1,0,0.0,62,0,192,
1000218,sweep,20260713,regional_hospital,intermediate_capacity,baseline_flat,medical_device,187,256,1980,flat,0.25,24,0.7,connected,0,0,250,0.9765625,250,10,275,-1,1,1,183,182,183,182,187,182,188,7,1287,243.02499999999998,0.9508272058823529,1,104,-1,0,0.0,73,0,192,
1000219,sweep,20260713,regional_hospital,intermediate_capacity,baseline_flat,vendor_connection,269,270,2176,flat,0.25,24,0.7,connected,0,0,260,0.9629629629629629,260,10,295,-1,1,1,187,187,187,187,187,187,190,7,1312,248.22500000000002,0.9739583333333334,1,72,-1,0,0.0,78,0,192,
1000220,sweep,20260713,regional_hospital,intermediate_capacity,baseline_flat,workstation,87,240,1912,flat,0.25,24,0.7,connected,0,0,236,0.9833333333333333,236,10,264,167,1,1,180,181,183,179,180,179,180,7,1262,238.975,0.9417892156862745,1,40,-1,0,0.0,66,0,192,
1000221,sweep,20260713,regional_hospital,intermediate_capacity,baseline_flat,internet_facing,217,223,1803,flat,0.25,24,0.7,connected,0,0,216,0.968609865470852,216,10,254,166,1,1,185,191,186,185,185,185,186,7,1303,246.70000000000002,0.9722732843137255,1,96,-1,0,0.0,65,0,192,
1000222,sweep,20260713,regional_hospital,intermediate_capacity,baseline_flat,privileged_system,220,255,2045,flat,0.25,24,0.7,connected,0,0,248,0.9725490196078431,248,10,279,-1,1,1,187,187,187,187,187,187,183,7,1305,247.175,0.9739583333333334,1,48,-1,0,0.0,72,0,192,
1000223,sweep,20260713,regional_hospital,intermediate_capacity,baseline_flat,medical_device,161,214,1782,flat,0.25,24,0.7,connected,0,0,201,0.9392523364485982,201,10,235,174,1,1,185,185,185,185,185,185,182,7,1292,244.675,0.9635416666666666,1,84,-1,0,0.0,63,0,192,
1000224,sweep,20260713,regional_hospital,intermediate_capacity,baseline_flat,vendor_connection,289,290,2275,flat,0.25,24,0.7,connected,0,0,277,0.9551724137931035,277,10,327,-1,1,1,187,185,185,185,187,185,184,7,1298,245.67499999999998,0.9666053921568628,1,135,-1,0,0.0,77,0,192,
1000225,sweep,20260713,regional_hospital,intermediate_capacity,baseline_flat,workstation,52,297,2338,flat,0.25,24,0.7,connected,0,0,292,0.9831649831649831,292,10,332,-1,1,1,176,175,176,175,175,175,175,7,1227,232.35,0.9143688725490197,1,88,-1,0,0.0,84,0,192,
1000226,sweep,20260713,regional_hospital,intermediate_capacity,baseline_flat,internet_facing,227,232,1848,flat,0.25,24,0.7,connected,0,0,228,0.9827586206896551,228,10,255,160,1,1,183,187,187,187,187,181,187,7,1299,245.425,0.9678308823529415,1,64,-1,0,0.2857142857142857,66,0,192,
1000227,sweep,20260713,regional_hospital,intermediate_capacity,baseline_flat,privileged_system,258,300,2400,flat,0.25,24,0.7,connected,0,0,296,0.9866666666666667,296,10,317,191,1,1,190,189,187,188,187,185,187,7,1313,248.65,0.9820772058823529,1,56,-1,0,0.0,85,0,192,
1000228,sweep,20260713,regional_hospital,intermediate_capacity,baseline_flat,medical_device,177,240,1901,flat,0.25,24,0.7,connected,0,0,233,0.9708333333333333,233,10,251,-1,1,1,184,184,184,184,185,184,182,7,1287,243.60000000000002,0.9583333333333334,1,40,-1,0,0.0,68,0,192,
1000229,sweep,20260713,regional_hospital,intermediate_capacity,baseline_flat,vendor_connection,261,262,2155,flat,0.25,24,0.7,connected,0,0,252,0.9618320610687023,252,10,282,-1,1,1,181,181,181,190,181,181,179,7,1274,241.1,0.9523590686274509,1,72,-1,0,0.0,78,0,192,
1000230,sweep,20260713,regional_hospital,intermediate_capacity,baseline_flat,workstation,16,230,1823,flat,0.25,24,0.7,connected,0,0,222,0.9652173913043478,222,10,258,-1,1,1,187,187,187,187,187,187,187,7,1309,247.77500000000003,0.9739583333333334,1,64,-1,0,0.0,64,0,192,
1000231,sweep,20260713,regional_hospital,intermediate_capacity,baseline_flat,internet_facing,281,286,2250,flat,0.25,24,0.7,connected,0,0,278,0.972027972027972,278,10,295,-1,1,1,184,185,184,184,184,184,185,7,1290,244.15,0.9595588235294118,1,48,-1,0,0.0,79,0,192,
1000232,sweep,20260713,regional_hospital,intermediate_capacity,baseline_flat,privileged_system,89,232,1880,flat,0.25,24,0.7,connected,0,0,230,0.9913793103448276,230,10,257,141,1,1,161,179,169,186,186,161,184,7,1226,229.04999999999998,0.8984375000000008,1,32,-1,0,0.5714285714285714,66,0,192,
1000233,sweep,20260713,regional_hospital,intermediate_capacity,baseline_flat,medical_device,157,209,1716,flat,0.25,24,0.7,connected,0,0,206,0.9856459330143541,206,10,230,-1,1,1,188,188,188,188,188,188,185,7,1313,248.65000000000003,0.9791666666666666,1,56,-1,0,0.0,64,0,192,
1000234,sweep,20260713,regional_hospital,intermediate_capacity,baseline_flat,vendor_connection,260,261,2120,flat,0.25,24,0.7,connected,0,0,252,0.9655172413793104,252,10,285,-1,1,1,187,185,187,186,187,185,188,7,1305,246.89999999999998,0.9704350490196078,1,88,-1,0,0.0,78,0,192,
1000235,sweep,20260713,regional_hospital,intermediate_capacity,baseline_flat,workstation,71,221,1782,flat,0.25,24,0.7,connected,0,0,210,0.9502262443438914,210,10,236,-1,1,1,178,183,178,178,178,178,176,7,1249,236.55000000000004,0.9332107843137255,1,144,-1,0,0.0,61,0,192,
1000236,sweep,20260713,regional_hospital,intermediate_capacity,baseline_flat,internet_facing,244,247,2032,flat,0.25,24,0.7,connected,0,0,243,0.9838056680161943,243,10,281,-1,1,1,186,184,185,183,183,183,186,7,1290,244.32500000000005,0.9617034313725491,1,97,-1,0,0.0,76,0,192,
1000237,sweep,20260713,regional_hospital,intermediate_capacity,baseline_flat,privileged_system,214,265,2190,flat,0.25,24,0.7,connected,0,0,262,0.9886792452830189,262,10,294,-1,1,1,189,189,189,189,189,189,188,7,1322,250.275,0.984375,1,56,-1,0,0.0,79,0,192,
1000238,sweep,20260713,regional_hospital,intermediate_capacity,baseline_flat,medical_device,164,241,1891,flat,0.25,24,0.7,connected,0,0,229,0.950207468879668,229,10,251,-1,1,1,174,176,174,174,174,174,174,7,1220,230.95,0.9087009803921569,1,80,-1,0,0.0,67,0,192,
1000239,sweep,20260713,regional_hospital,intermediate_capacity,baseline_flat,vendor_connection,288,289,2359,flat,0.25,24,0.7,connected,0,0,282,0.9757785467128027,282,10,321,-1,1,1,185,185,185,189,185,185,186,7,1300,245.975,0.9678308823529411,1,72,-1,0,0.0,81,0,192,
1000240,sweep,20260713,regional_hospital,intermediate_capacity,baseline_flat,workstation,78,298,2425,flat,0.25,24,0.7,connected,0,0,291,0.9765100671140939,291,10,332,181,1,1,180,180,180,180,180,180,179,7,1259,238.35,0.9375,1,80,-1,0,0.0,87,0,192,
1000241,sweep,20260713,regional_hospital,intermediate_capacity,baseline_flat,internet_facing,290,300,2433,flat,0.25,24,0.7,connected,0,0,294,0.98,294,10,323,-1,1,1,187,188,187,187,187,187,187,7,1310,247.97500000000002,0.9751838235294118,1,56,-1,0,0.0,88,0,192,
1000242,sweep,20260713,regional_hospital,intermediate_capacity,baseline_flat,privileged_system,246,284,2245,flat,0.25,24,0.7,connected,0,0,278,0.9788732394366197,278,10,319,166,1,1,190,190,190,190,190,189,188,7,1327,251.225,0.9895833333333335,1,32,-1,0,0.2857142857142857,82,0,192,
1000243,sweep,20260713,regional_hospital,intermediate_capacity,baseline_flat,medical_device,146,213,1742,flat,0.25,24,0.7,connected,0,0,209,0.9812206572769953,209,10,231,158,1,1,179,185,185,185,185,179,182,7,1280,241.82500000000002,0.9543504901960788,1,76,-1,0,0.2857142857142857,64,0,192,
1000244,sweep,20260713,regional_hospital,intermediate_capacity,baseline_flat,vendor_connection,241,242,1925,flat,0.25,24,0.7,connected,0,0,236,0.9752066115702479,236,10,268,-1,1,1,187,187,191,190,187,187,190,7,1319,249.64999999999998,0.9826899509803922,1,48,-1,0,0.0,70,0,192,
1000245,sweep,20260713,regional_hospital,intermediate_capacity,baseline_flat,workstation,13,237,1924,flat,0.25,24,0.7,connected,0,0,234,0.9873417721518988,234,10,251,169,1,1,187,184,185,187,188,184,186,7,1301,246.00000000000003,0.9675245098039215,1,40,-1,0,0.0,68,0,192,
1000246,sweep,20260713,regional_hospital,intermediate_capacity,baseline_flat,internet_facing,255,263,2158,flat,0.25,24,0.7,connected,0,0,258,0.9809885931558935,258,10,288,-1,1,1,186,188,186,186,186,186,184,7,1302,246.54999999999998,0.9712009803921569,1,24,-1,0,0.0,79,0,192,
1000247,sweep,20260713,regional_hospital,intermediate_capacity,baseline_flat,privileged_system,194,224,1801,flat,0.25,24,0.7,connected,0,0,220,0.9821428571428571,220,10,244,185,1,1,187,189,187,187,187,187,186,7,1310,248.025,0.9764093137254902,1,72,-1,0,0.0,66,0,192,
1000248,sweep,20260713,regional_hospital,intermediate_capacity,baseline_flat,medical_device,181,255,2039,flat,0.25,24,0.7,connected,0,0,248,0.9725490196078431,248,10,295,192,1,1,179,177,177,177,178,177,176,7,1241,234.97500000000005,0.9249387254901961,1,64,-1,0,0.0,74,0,192,
1000249,sweep,20260713,regional_hospital,intermediate_capacity,baseline_flat,vendor_connection,214,215,1739,flat,0.25,24,0.7,connected,0,0,209,0.9720930232558139,209,10,241,172,1,1,190,187,188,187,188,187,186,7,1313,248.70000000000002,0.9799325980392157,1,24,-1,0,0.0,62,0,192,
1000250,sweep,20260713,regional_hospital,intermediate_capacity,baseline_flat,workstation,1,250,2012,flat,0.5,1,0.7,connected,0,0,8,0.032,8,3,7,8,0,0,0,0,0,8,0,0,0,1,8,1.4,0.008578431372549019,0,408,65,1,1.0,0,1,79,
1000251,sweep,20260713,regional_hospital,intermediate_capacity,baseline_flat,internet_facing,268,274,2203,flat,0.5,1,0.7,connected,0,0,1,0.0036496350364963502,1,1,0,2,0,0,0,0,0,0,0,0,0,0,0,0.0,0.0,0,440,0,1,1.0,0,1,101,
1000252,sweep,20260713,regional_hospital,intermediate_capacity,baseline_flat,privileged_system,36,229,1845,flat,0.5,1,0.7,connected,0,0,1,0.004366812227074236,1,1,0,2,0,0,0,0,0,0,0,0,0,0,0,0.0,0.0,0,144,0,1,1.0,0,1,39,
1000253,sweep,20260713,regional_hospital,intermediate_capacity,baseline_flat,medical_device,212,277,2217,flat,0.5,1,0.7,connected,0,0,1,0.0036101083032490976,1,1,0,2,0,0,16,8,8,8,8,8,0,6,56,11.4,0.053921568627450976,0,296,51,1,1.0,0,1,71,
1000254,sweep,20260713,regional_hospital,intermediate_capacity,baseline_flat,vendor_connection,230,231,1814,flat,0.5,1,0.7,connected,0,0,3,0.012987012987012988,3,2,2,5,0,0,0,0,0,0,0,0,0,0,0,0.0,0.0,0,0,0,1,1.0,0,1,7,
1000255,sweep,20260713,regional_hospital,intermediate_capacity,baseline_flat,workstation,14,271,2196,flat,0.5,1,0.7,connected,0,0,12,0.04428044280442804,12,5,11,9,0,1,0,0,0,0,0,0,0,0,0,0.0,0.0,0,48,0,1,1.0,0,1,21,
1000256,sweep,20260713,regional_hospital,intermediate_capacity,baseline_flat,internet_facing,260,263,2041,flat,0.5,1,0.7,connected,0,0,15,0.057034220532319393,15,6,14,10,1,1,0,0,0,8,0,0,0,1,8,1.4,0.008578431372549019,0,336,63,1,1.0,3,0,80,
1000257,sweep,20260713,regional_hospital,intermediate_capacity,baseline_flat,privileged_system,257,288,2297,flat,0.5,1,0.7,connected,0,0,66,0.22916666666666666,66,10,68,19,1,1,9,0,23,0,17,0,31,4,80,13.774999999999999,0.04549632352941177,1,320,31,1,1.0,32,0,95,
1000258,sweep,20260713,regional_hospital,intermediate_capacity,baseline_flat,medical_device,150,210,1711,flat,0.5,1,0.7,connected,0,0,1,0.004761904761904762,1,1,0,3,0,0,0,8,0,0,0,0,0,1,8,1.6,0.009803921568627453,0,56,12,1,1.0,0,1,35,
1000259,sweep,20260713,regional_hospital,intermediate_capacity,baseline_flat,vendor_connection,200,201,1625,flat,0.5,1,0.7,connected,0,0,18,0.08955223880597014,18,6,17,17,1,0,8,0,0,0,8,0,0,2,16,2.8,0.01225490196078431,0,168,34,1,1.0,5,0,56,
1000260,sweep,20260713,regional_hospital,intermediate_capacity,baseline_flat,workstation,32,254,2020,flat,0.5,1,0.7,connected,0,0,3,0.011811023622047244,3,1,2,4,0,0,0,0,8,0,0,0,0,1,8,1.8,0.011029411764705883,0,184,21,1,1.0,0,1,39,
1000261,sweep,20260713,regional_hospital,intermediate_capacity,baseline_flat,internet_facing,255,259,2099,flat,0.5,1,0.7,connected,0,0,71,0.27413127413127414,71,10,72,18,1,1,17,21,19,34,48,17,0,6,156,27.299999999999997,0.11443014705882361,1,344,40,1,1.0,29,0,94,
1000262,sweep,20260713,regional_hospital,intermediate_capacity,baseline_flat,privileged_system,229,299,2390,flat,0.5,1,0.7,connected,0,0,2,0.006688963210702341,2,2,1,3,0,0,0,0,8,0,0,0,16,2,24,4.2,0.011029411764705883,0,824,109,1,1.0,0,1,168,
1000263,sweep,20260713,regional_hospital,intermediate_capacity,baseline_flat,medical_device,191,272,2166,flat,0.5,1,0.7,connected,0,0,1,0.003676470588235294,1,1,0,3,0,0,8,0,0,0,8,0,0,2,16,2.8,0.01225490196078431,0,888,18,1,1.0,0,1,192,
1000264,sweep,20260713,regional_hospital,intermediate_capacity,baseline_flat,vendor_connection,222,223,1814,flat,0.5,1,0.7,connected,0,0,48,0.21524663677130046,48,10,48,17,1,1,0,4,14,27,8,0,22,5,75,12.775000000000002,0.05315563725490193,1,695,39,1,1.0,25,0,192,
1000265,sweep,20260713,regional_hospital,intermediate_capacity,baseline_flat,workstation,79,237,1915,flat,0.5,1,0.7,connected,0,0,2,0.008438818565400843,2,2,1,5,0,0,8,0,16,16,0,0,0,3,40,8.399999999999999,0.051470588235294136,1,248,67,1,1.0,0,1,67,
1000266,sweep,20260713,regional_hospital,intermediate_capacity,baseline_flat,internet_facing,263,266,2150,flat,0.5,1,0.7,connected,0,0,5,0.018796992481203006,5,3,4,4,0,0,0,0,0,0,8,0,0,1,8,0.8,0.0,0,368,0,1,1.0,0,1,77,
1000267,sweep,20260713,regional_hospital,intermediate_capacity,baseline_flat,privileged_system,232,265,2095,flat,0.5,1,0.7,connected,0,0,5,0.018867924528301886,5,4,4,10,0,0,0,0,0,0,0,0,0,0,0,0.0,0.0,0,384,0,1,1.0,0,1,101,
1000268,sweep,20260713,regional_hospital,intermediate_capacity,baseline_flat,medical_device,168,253,2016,flat,0.5,1,0.7,connected,0,0,2,0.007905138339920948,2,1,1,6,0,0,0,0,0,8,0,0,0,1,8,1.4,0.008578431372549019,0,847,156,1,1.0,0,1,192,
1000269,sweep,20260713,regional_hospital,intermediate_capacity,baseline_flat,vendor_connection,271,272,2244,flat,0.5,1,0.7,connected,0,0,1,0.003676470588235294,1,1,0,2,0,0,0,0,0,8,0,0,0,1,8,1.4,0.008578431372549019,0,64,20,1,1.0,0,1,20,
1000270,sweep,20260713,regional_hospital,intermediate_capacity,baseline_flat,workstation,89,286,2330,flat,0.5,1,0.7,connected,0,0,1,0.0034965034965034965,1,1,0,2,0,0,0,0,8,8,0,0,8,3,24,4.4,0.01960784313725491,0,552,82,1,1.0,0,1,136,
1000271,sweep,20260713,regional_hospital,intermediate_capacity,baseline_flat,internet_facing,270,275,2198,flat,0.5,1,0.7,connected,0,0,1,0.0036363636363636364,1,1,0,2,0,0,0,0,0,0,0,0,16,1,16,2.4,0.0,0,765,0,1,1.0,0,1,192,
1000272,sweep,20260713,regional_hospital,intermediate_capacity,baseline_flat,privileged_system,45,250,2037,flat,0.5,1,0.7,connected,0,0,2,0.008,2,1,1,3,0,0,0,0,0,0,0,0,0,0,0,0.0,0.0,0,64,0,1,1.0,0,1,22,
1000273,sweep,20260713,regional_hospital,intermediate_capacity,baseline_flat,medical_device,202,285,2315,flat,0.5,1,0.7,connected,0,0,1,0.0035087719298245615,1,1,0,2,0,0,0,0,0,0,0,0,0,0,0,0.0,0.0,0,24,0,1,1.0,0,1,10,
1000274,sweep,20260713,regional_hospital,intermediate_capacity,baseline_flat,vendor_connection,211,212,1695,flat,0.5,1,0.7,connected,0,0,6,0.02830188679245283,6,5,5,6,0,0,0,0,0,0,0,0,0,0,0,0.0,0.0,0,80,0,1,1.0,0,1,27,
1000275,sweep,20260713,regional_hospital,intermediate_capacity,baseline_flat,workstation,69,296,2411,flat,0.5,1,0.7,connected,0,0,2,0.006756756756756757,2,1,1,3,0,0,8,8,8,16,8,8,0,6,56,10.8,0.050245098039215653,0,728,29,1,1.0,0,1,149,
1000276,sweep,20260713,regional_hospital,intermediate_capacity,baseline_flat,internet_facing,232,234,1891,flat,0.5,1,0.7,connected,0,0,81,0.34615384615384615,81,10,80,19,1,1,23,33,30,43,59,23,32,7,243,42.49999999999999,0.16314338235294126,1,304,49,1,1.0,33,0,123,
1000277,sweep,20260713,regional_hospital,intermediate_capacity,baseline_flat,privileged_system,241,280,2348,flat,0.5,1,0.7,connected,0,0,1,0.0035714285714285713,1,1,0,2,0,0,0,0,8,0,0,0,0,1,8,1.8,0.011029411764705883,0,870,151,1,1.0,0,1,192,
1000278,sweep,20260713,regional_hospital,intermediate_capacity,baseline_flat,medical_device,198,296,2438,flat,0.5,1,0.7,connected,0,0,1,0.0033783783783783786,1,1,0,2,0,0,0,0,0,0,0,0,0,0,0,0.0,0.0,0,80,0,1,1.0,0,1,22,
1000279,sweep,20260713,regional_hospital,intermediate_capacity,baseline_flat,vendor_connection,250,251,2075,flat,0.5,1,0.7,connected,0,0,1,0.00398406374501992,1,1,0,3,0,0,0,0,0,8,0,0,0,1,8,1.4,0.008578431372549019,0,544,16,1,1.0,0,1,134,
1000280,sweep,20260713,regional_hospital,intermediate_capacity,baseline_flat,workstation,39,200,1608,flat,0.5,1,0.7,connected,0,0,1,0.005,1,1,0,2,0,0,8,0,8,0,0,0,8,3,24,5.0,0.023284313725490193,0,432,105,1,1.0,0,1,113,
1000281,sweep,20260713,regional_hospital,intermediate_capacity,baseline_flat,internet_facing,260,269,2125,flat,0.5,1,0.7,connected,0,0,10,0.03717472118959108,10,4,9,8,0,0,8,0,0,0,0,0,0,1,8,2.0,0.01225490196078431,0,858,129,1,1.0,0,1,192,
1000282,sweep,20260713,regional_hospital,intermediate_capacity,baseline_flat,privileged_system,218,268,2195,flat,0.5,1,0.7,connected,0,0,5,0.018656716417910446,5,5,4,6,0,0,0,0,6,0,0,0,8,2,14,2.55,0.008272058823529412,0,192,8,1,1.0,0,1,44,
1000283,sweep,20260713,regional_hospital,intermediate_capacity,baseline_flat,medical_device,153,239,1950,flat,0.5,1,0.7,connected,0,0,2,0.008368200836820083,2,1,1,5,0,0,8,0,0,0,8,0,8,3,24,4.0,0.01225490196078431,0,735,20,1,1.0,0,1,192,
1000284,sweep,20260713,regional_hospital,intermediate_capacity,baseline_flat,vendor_connection,207,208,1662,flat,0.5,1,0.7,connected,0,0,3,0.014423076923076924,3,3,2,4,0,0,8,8,8,8,16,8,0,6,56,10.200000000000001,0.041666666666666664,0,208,21,1,1.0,0,1,58,
1000285,sweep,20260713,regional_hospital,intermediate_capacity,baseline_flat,workstation,52,245,2026,flat,0.5,1,0.7,connected,0,0,1,0.004081632653061225,1,1,0,3,0,0,0,0,0,0,0,0,0,0,0,0.0,0.0,0,328,0,1,1.0,0,1,82,
1000286,sweep,20260713,regional_hospital,intermediate_capacity,baseline_flat,internet_facing,243,246,1941,flat,0.5,1,0.7,connected,0,0,5,0.02032520325203252,5,4,4,8,0,0,16,8,16,8,24,8,0,6,80,14.8,0.06495098039215692,0,909,163,1,1.0,0,1,192,
1000287,sweep,20260713,regional_hospital,intermediate_capacity,baseline_flat,privileged_system,21,228,1870,flat,0.5,1,0.7,connected,0,0,3,0.013157894736842105,3,1,2,5,0,0,0,0,0,16,0,0,8,2,24,4.0,0.017156862745098044,0,448,130,1,1.0,0,1,144,
1000288,sweep,20260713,regional_hospital,intermediate_capacity,baseline_flat,medical_device,143,222,1778,flat,0.5,1,0.7,connected,0,0,1,0.0045045045045045045,1,1,0,2,0,0,0,0,0,0,0,0,0,0,0,0.0,0.0,0,0,0,1,1.0,0,1,4,
1000289,sweep,20260713,regional_hospital,intermediate_capacity,baseline_flat,vendor_connection,233,234,1891,flat,0.5,1,0.7,connected,0,0,15,0.0641025641025641,15,6,14,10,0,1,0,0,0,0,0,0,0,0,0,0.0,0.0,0,240,0,1,1.0,0,1,64,
1000290,sweep,20260713,regional_hospital,intermediate_capacity,baseline_flat,workstation,24,272,2250,flat,0.5,1,0.7,connected,0,0,1,0.003676470588235294,1,1,0,2,0,0,0,0,0,8,0,0,8,2,16,2.5999999999999996,0.008578431372549019,0,834,179,1,1.0,0,1,192,
1000291,sweep,20260713,regional_hospital,intermediate_capacity,baseline_flat,internet_facing,239,246,1975,flat,0.5,1,0.7,connected,0,0,1,0.0040650406504065045,1,1,0,2,0,0,0,0,0,0,0,0,0,0,0,0.0,0.0,0,72,0,1,1.0,0,1,22,
1000292,sweep,20260713,regional_hospital,intermediate_capacity,baseline_flat,privileged_system,162,202,1655,flat,0.5,1,0.7,connected,0,0,1,0.0049504950495049506,1,1,0,2,0,0,0,0,0,0,0,0,0,0,0,0.0,0.0,0,0,0,1,1.0,0,1,4,
1000293,sweep,20260713,regional_hospital,intermediate_capacity,baseline_flat,medical_device,190,249,2034,flat,0.5,1,0.7,connected,0,0,1,0.004016064257028112,1,1,0,3,0,0,8,0,0,0,8,0,0,2,16,2.8,0.01225490196078431,0,806,177,1,1.0,0,1,192,
1000294,sweep,20260713,regional_hospital,intermediate_capacity,baseline_flat,vendor_connection,270,271,2216,flat,0.5,1,0.7,connected,0,0,7,0.025830258302583026,7,5,6,8,0,1,0,0,0,0,0,0,0,0,0,0.0,0.0,0,152,0,1,1.0,0,1,45,
1000295,sweep,20260713,regional_hospital,intermediate_capacity,baseline_flat,workstation,27,215,1772,flat,0.5,1,0.7,connected,0,0,45,0.20930232558139536,45,10,47,23,1,1,6,14,22,32,41,6,8,7,129,21.5,0.09099264705882353,1,416,116,1,1.0,20,0,131,
1000296,sweep,20260713,regional_hospital,intermediate_capacity,baseline_flat,internet_facing,246,251,1983,flat,0.5,1,0.7,connected,0,0,78,0.3107569721115538,78,10,81,25,1,1,25,40,38,47,31,23,21,7,225,42.449999999999996,0.19010416666666674,1,312,95,1,1.0,32,0,105,
1000297,sweep,20260713,regional_hospital,intermediate_capacity,baseline_flat,privileged_system,144,275,2247,flat,0.5,1,0.7,connected,0,0,2,0.007272727272727273,2,2,1,4,1,0,16,8,16,8,8,8,0,6,64,13.200000000000001,0.0649509803921569,0,915,179,1,1.0,2,0,192,
1000298,sweep,20260713,regional_hospital,intermediate_capacity,baseline_flat,medical_device,169,249,2058,flat,0.5,1,0.7,connected,0,0,1,0.004016064257028112,1,1,0,5,0,0,0,0,0,0,0,0,8,1,8,1.2,0.0,0,456,0,1,1.0,0,1,142,
1000299,sweep,20260713,regional_hospital,intermediate_capacity,baseline_flat,vendor_connection,246,247,2018,flat,0.5,1,0.7,connected,0,0,3,0.012145748987854251,3,2,2,6,0,0,8,0,0,0,0,0,0,1,8,2.0,0.01225490196078431,0,168,13,1,1.0,0,1,49,
1000300,sweep,20260713,regional_hospital,intermediate_capacity,baseline_flat,workstation,84,211,1693,flat,0.5,3,0.7,connected,0,0,140,0.6635071090047393,140,10,147,50,1,1,62,86,71,90,116,62,83,7,570,102.42500000000001,0.3947610294117643,1,284,152,1,1.0,47,0,192,
1000301,sweep,20260713,regional_hospital,intermediate_capacity,baseline_flat,internet_facing,262,265,2196,flat,0.5,3,0.7,connected,0,0,173,0.6528301886792452,173,10,181,40,1,1,49,56,53,72,104,41,67,7,442,77.64999999999999,0.29396446078431343,1,493,171,1,1.0,60,0,192,
1000302,sweep,20260713,regional_hospital,intermediate_capacity,baseline_flat,privileged_system,199,230,1823,flat,0.5,3,0.7,connected,0,0,17,0.07391304347826087,17,5,16,18,0,0,14,8,0,8,0,0,0,3,30,6.5,0.039828431372549024,1,416,109,1,1.0,0,1,118,
1000303,sweep,20260713,regional_hospital,intermediate_capacity,baseline_flat,medical_device,222,279,2225,flat,0.5,3,0.7,connected,0,0,162,0.5806451612903226,162,10,172,46,1,1,43,61,66,83,99,43,66,7,461,81.80000000000001,0.32061887254901916,1,600,178,1,1.0,62,0,192,
1000304,sweep,20260713,regional_hospital,intermediate_capacity,baseline_flat,vendor_connection,227,228,1847,flat,0.5,3,0.7,connected,0,0,140,0.6140350877192983,140,10,146,50,1,1,60,64,66,86,116,60,78,7,530,94.5,0.35355392156862714,1,363,95,1,1.0,44,0,192,
1000305,sweep,20260713,regional_hospital,intermediate_capacity,baseline_flat,workstation,71,216,1806,flat,0.5,3,0.7,connected,0,0,1,0.004629629629629629,1,1,0,4,0,0,0,0,0,0,0,0,0,0,0,0.0,0.0,0,64,0,1,1.0,0,1,33,
1000306,sweep,20260713,regional_hospital,intermediate_capacity,baseline_flat,internet_facing,281,286,2286,flat,0.5,3,0.7,connected,0,0,158,0.5524475524475524,158,10,170,43,1,1,56,70,61,80,103,56,71,7,497,89.275,0.3414522058823526,1,440,84,1,1.0,53,0,158,
1000307,sweep,20260713,regional_hospital,intermediate_capacity,baseline_flat,privileged_system,226,248,2009,flat,0.5,3,0.7,connected,0,0,151,0.6088709677419355,151,10,162,41,1,1,64,67,60,82,115,53,75,7,516,91.925,0.35079656862745073,1,440,113,1,1.0,52,0,181,
1000308,sweep,20260713,regional_hospital,intermediate_capacity,baseline_flat,medical_device,206,299,2413,flat,0.5,3,0.7,connected,0,0,1,0.0033444816053511705,1,1,0,3,0,0,16,8,0,0,0,0,0,2,24,5.6,0.034313725490196074,0,856,163,1,1.0,0,1,192,
1000309,sweep,20260713,regional_hospital,intermediate_capacity,baseline_flat,vendor_connection,204,205,1596,flat,0.5,3,0.7,connected,0,0,118,0.5756097560975609,118,10,124,30,1,1,41,51,41,65,90,41,59,7,388,68.125,0.2515318627450977,1,493,183,1,1.0,36,0,192,
1000310,sweep,20260713,regional_hospital,intermediate_capacity,baseline_flat,workstation,19,298,2397,flat,0.5,3,0.7,connected,0,0,144,0.48322147651006714,144,10,151,51,1,1,32,69,42,75,83,32,53,7,386,67.825,0.2719056372549015,1,724,116,1,1.0,57,0,192,
1000311,sweep,20260713,regional_hospital,intermediate_capacity,baseline_flat,internet_facing,292,297,2402,flat,0.5,3,0.7,connected,0,0,161,0.5420875420875421,161,10,165,39,1,1,52,57,54,67,90,42,66,7,428,76.625,0.295802696078431,1,598,82,1,1.0,60,0,192,
1000312,sweep,20260713,regional_hospital,intermediate_capacity,baseline_flat,privileged_system,186,207,1642,flat,0.5,3,0.7,connected,0,0,127,0.6135265700483091,127,10,129,38,1,1,54,64,60,90,105,54,69,7,496,88.55,0.3403799019607838,1,352,140,1,1.0,45,0,174,
1000313,sweep,20260713,regional_hospital,intermediate_capacity,baseline_flat,medical_device,211,295,2397,flat,0.5,3,0.7,connected,0,0,175,0.5932203389830508,175,10,182,38,1,1,49,72,53,80,98,47,68,7,467,83.15,0.32215073529411714,1,690,173,1,1.0,61,0,192,
1000314,sweep,20260713,regional_hospital,intermediate_capacity,baseline_flat,vendor_connection,279,280,2265,flat,0.5,3,0.7,connected,0,0,150,0.5357142857142857,150,10,152,45,1,1,41,53,46,62,90,41,79,7,412,72.125,0.2576593137254899,1,512,81,1,1.0,48,0,164,
1000315,sweep,20260713,regional_hospital,intermediate_capacity,baseline_flat,workstation,102,290,2339,flat,0.5,3,0.7,connected,0,0,152,0.5241379310344828,152,10,156,42,1,1,59,65,56,77,104,51,74,7,486,86.8,0.3298100490196076,1,654,166,1,1.0,63,0,192,
1000316,sweep,20260713,regional_hospital,intermediate_capacity,baseline_flat,internet_facing,219,222,1771,flat,0.5,3,0.7,connected,0,0,3,0.013513513513513514,3,3,2,4,0,0,16,16,8,8,14,8,0,6,70,13.600000000000001,0.06372549019607843,0,752,174,1,0.8571428571428571,0,1,192,
1000317,sweep,20260713,regional_hospital,intermediate_capacity,baseline_flat,privileged_system,218,269,2134,flat,0.5,3,0.7,connected,0,0,151,0.5613382899628253,151,10,160,31,1,1,37,52,53,63,91,26,51,7,373,65.2,0.2610294117647057,1,674,191,1,1.0,46,0,192,
1000318,sweep,20260713,regional_hospital,intermediate_capacity,baseline_flat,medical_device,218,296,2327,flat,0.5,3,0.7,connected,0,0,177,0.597972972972973,177,10,184,65,1,1,62,77,67,89,115,62,86,7,558,99.9,0.37714460784313686,1,610,106,1,1.0,55,0,192,
1000319,sweep,20260713,regional_hospital,intermediate_capacity,baseline_flat,vendor_connection,290,291,2309,flat,0.5,3,0.7,connected,0,0,168,0.5773195876288659,168,10,172,42,1,1,48,59,54,85,101,45,59,7,451,79.9,0.311427696078431,1,626,87,1,1.0,60,0,192,
1000320,sweep,20260713,regional_hospital,intermediate_capacity,baseline_flat,workstation,88,243,2022,flat,0.5,3,0.7,connected,0,0,2,0.00823045267489712,2,1,1,5,0,0,8,0,0,0,8,0,0,2,16,2.8,0.01225490196078431,0,104,27,1,1.0,0,1,42,
1000321,sweep,20260713,regional_hospital,intermediate_capacity,baseline_flat,internet_facing,220,225,1796,flat,0.5,3,0.7,connected,0,0,140,0.6222222222222222,140,10,141,32,1,1,46,59,52,74,104,46,59,7,440,77.55,0.29381127450980354,1,606,79,1,1.0,47,0,192,
1000322,sweep,20260713,regional_hospital,intermediate_capacity,baseline_flat,privileged_system,170,204,1609,flat,0.5,3,0.7,connected,0,0,118,0.5784313725490197,118,10,117,52,1,1,56,76,60,80,118,56,59,7,505,89.94999999999999,0.3474264705882349,1,312,145,1,1.0,37,0,175,
1000323,sweep,20260713,regional_hospital,intermediate_capacity,baseline_flat,medical_device,201,298,2442,flat,0.5,3,0.7,connected,0,0,1,0.003355704697986577,1,1,0,4,0,0,0,0,0,0,0,0,8,1,8,1.2,0.0,0,950,0,1,1.0,0,1,192,
1000324,sweep,20260713,regional_hospital,intermediate_capacity,baseline_flat,vendor_connection,277,278,2215,flat,0.5,3,0.7,connected,0,0,162,0.5827338129496403,162,10,174,36,1,1,42,61,52,42,102,42,71,7,412,72.05000000000001,0.25582107843137253,1,550,68,1,1.0,54,0,192,
1000325,sweep,20260713,regional_hospital,intermediate_capacity,baseline_flat,workstation,39,210,1689,flat,0.5,3,0.7,connected,0,0,1,0.004761904761904762,1,1,0,2,0,0,0,0,0,0,0,0,0,0,0,0.0,0.0,0,0,0,1,1.0,0,1,4,
1000326,sweep,20260713,regional_hospital,intermediate_capacity,baseline_flat,internet_facing,279,290,2361,flat,0.5,3,0.7,connected,0,0,187,0.6448275862068965,187,10,193,62,1,1,72,82,73,93,143,68,82,7,613,108.99999999999999,0.41115196078431343,1,567,168,1,1.0,64,0,192,
1000327,sweep,20260713,regional_hospital,intermediate_capacity,baseline_flat,privileged_system,211,259,2115,flat,0.5,3,0.7,connected,0,0,153,0.5907335907335908,153,10,160,49,1,1,64,84,77,90,114,64,78,7,571,103.37500000000001,0.403645833333333,1,481,149,1,1.0,56,0,192,
1000328,sweep,20260713,regional_hospital,intermediate_capacity,baseline_flat,medical_device,175,260,2031,flat,0.5,3,0.7,connected,0,0,145,0.5576923076923077,145,10,147,59,1,1,64,77,69,86,115,63,78,7,552,99.35,0.3797487745098036,1,522,97,1,1.0,47,0,192,
1000329,sweep,20260713,regional_hospital,intermediate_capacity,baseline_flat,vendor_connection,258,259,2087,flat,0.5,3,0.7,connected,0,0,112,0.43243243243243246,112,10,119,33,1,1,38,54,43,45,84,37,62,7,363,63.875,0.231924019607843,1,576,65,1,1.0,50,0,163,
1000330,sweep,20260713,regional_hospital,intermediate_capacity,baseline_flat,workstation,3,258,2086,flat,0.5,3,0.7,connected,0,0,1,0.003875968992248062,1,1,0,2,0,0,0,0,0,0,0,0,0,0,0,0.0,0.0,0,0,0,1,1.0,0,1,4,
1000331,sweep,20260713,regional_hospital,intermediate_capacity,baseline_flat,internet_facing,276,278,2161,flat,0.5,3,0.7,connected,0,0,1,0.0035971223021582736,1,1,0,2,0,0,8,0,0,16,0,0,8,3,32,6.0,0.02941176470588235,0,672,120,1,1.0,0,1,129,
1000332,sweep,20260713,regional_hospital,intermediate_capacity,baseline_flat,privileged_system,202,228,1854,flat,0.5,3,0.7,connected,0,0,121,0.5307017543859649,121,10,123,48,1,1,65,78,72,90,125,65,79,7,574,102.77499999999999,0.3909313725490193,1,659,91,1,1.0,45,0,192,
1000333,sweep,20260713,regional_hospital,intermediate_capacity,baseline_flat,medical_device,156,228,1841,flat,0.5,3,0.7,connected,0,0,9,0.039473684210526314,9,4,8,20,0,0,8,8,8,8,8,8,8,7,56,10.6,0.041666666666666664,0,280,67,1,1.0,0,1,82,
1000334,sweep,20260713,regional_hospital,intermediate_capacity,baseline_flat,vendor_connection,289,290,2321,flat,0.5,3,0.7,connected,0,0,159,0.5482758620689655,159,10,168,48,1,1,59,68,64,78,109,56,85,7,519,92.64999999999999,0.34558823529411736,1,590,90,1,1.0,55,0,192,
1000335,sweep,20260713,regional_hospital,intermediate_capacity,baseline_flat,workstation,40,297,2391,flat,0.5,3,0.7,connected,0,0,1,0.003367003367003367,1,1,0,3,0,0,0,0,0,0,0,0,0,0,0,0.0,0.0,0,232,0,1,1.0,0,1,59,
1000336,sweep,20260713,regional_hospital,intermediate_capacity,baseline_flat,internet_facing,203,205,1656,flat,0.5,3,0.7,connected,0,0,135,0.6585365853658537,135,10,144,29,1,1,39,73,49,72,111,39,66,7,449,77.75000000000001,0.2939644607843132,1,418,145,1,1.0,49,0,192,
1000337,sweep,20260713,regional_hospital,intermediate_capacity,baseline_flat,privileged_system,173,210,1685,flat,0.5,3,0.7,connected,0,0,129,0.6142857142857143,129,10,137,39,1,1,48,62,52,77,113,45,71,7,468,81.65,0.30376838235294074,1,417,89,1,1.0,50,0,192,
1000338,sweep,20260713,regional_hospital,intermediate_capacity,baseline_flat,medical_device,186,244,1913,flat,0.5,3,0.7,connected,0,0,2,0.00819672131147541,2,1,1,23,0,0,8,0,0,0,0,0,0,1,8,2.0,0.01225490196078431,0,88,22,1,1.0,0,1,28,
1000339,sweep,20260713,regional_hospital,intermediate_capacity,baseline_flat,vendor_connection,202,203,1671,flat,0.5,3,0.7,connected,0,0,140,0.6896551724137931,140,10,145,32,1,1,58,87,66,86,108,58,8,7,471,86.85,0.37867647058823484,1,352,108,1,1.0,53,0,187,
1000340,sweep,20260713,regional_hospital,intermediate_capacity,baseline_flat,workstation,30,292,2280,flat,0.5,3,0.7,connected,0,0,166,0.5684931506849316,166,10,172,45,1,1,46,60,63,80,105,46,69,7,469,82.87499999999999,0.3166360294117644,1,677,100,1,1.0,59,0,192,
1000341,sweep,20260713,regional_hospital,intermediate_capacity,baseline_flat,internet_facing,287,290,2358,flat,0.5,3,0.7,connected,0,0,152,0.5241379310344828,152,10,155,46,1,1,45,63,55,75,102,14,66,7,420,72.60000000000001,0.30238970588235253,1,683,82,1,1.0,52,0,192,
1000342,sweep,20260713,regional_hospital,intermediate_capacity,baseline_flat,privileged_system,204,246,2038,flat,0.5,3,0.7,connected,0,0,144,0.5853658536585366,144,10,150,48,1,1,56,70,62,93,110,56,73,7,520,92.77499999999999,0.3567708333333328,1,603,169,1,1.0,55,0,192,
1000343,sweep,20260713,regional_hospital,intermediate_capacity,baseline_flat,medical_device,198,259,2101,flat,0.5,3,0.7,connected,0,0,4,0.015444015444015444,4,2,3,27,0,0,0,8,0,0,0,0,0,1,8,1.6,0.009803921568627453,0,408,36,1,1.0,0,1,114,
1000344,sweep,20260713,regional_hospital,intermediate_capacity,baseline_flat,vendor_connection,225,226,1829,flat,0.5,3,0.7,connected,0,0,124,0.5486725663716814,124,10,128,42,1,1,69,61,71,84,68,61,44,7,458,87.24999999999999,0.36841299019607826,1,416,160,1,1.0,36,0,172,
1000345,sweep,20260713,regional_hospital,intermediate_capacity,baseline_flat,workstation,60,297,2381,flat,0.5,3,0.7,connected,0,0,166,0.5589225589225589,166,10,173,38,1,1,52,64,56,76,99,52,67,7,466,83.35,0.31678921568627416,1,589,82,1,1.0,60,0,192,
1000346,sweep,20260713,regional_hospital,intermediate_capacity,baseline_flat,internet_facing,273,282,2339,flat,0.5,3,0.7,connected,0,0,166,0.5886524822695035,166,10,168,39,1,1,72,71,64,89,113,56,71,7,536,96.725,0.3809742647058821,1,703,149,1,1.0,67,0,192,
1000347,sweep,20260713,regional_hospital,intermediate_capacity,baseline_flat,privileged_system,190,212,1706,flat,0.5,3,0.7,connected,0,0,125,0.589622641509434,125,10,131,49,1,1,65,82,81,94,124,65,85,7,596,107.10000000000001,0.4125306372549016,1,464,97,1,1.0,46,0,191,
1000348,sweep,20260713,regional_hospital,intermediate_capacity,baseline_flat,medical_device,181,251,2005,flat,0.5,3,0.7,connected,0,0,121,0.4820717131474104,121,10,123,42,1,1,45,57,51,45,85,45,35,7,363,65.875,0.25735294117647056,1,597,70,1,1.0,38,0,192,
1000349,sweep,20260713,regional_hospital,intermediate_capacity,baseline_flat,vendor_connection,205,206,1714,flat,0.5,3,0.7,connected,0,0,125,0.6067961165048543,125,10,128,30,1,1,39,51,45,74,97,39,55,7,400,69.75,0.2636335784313721,1,360,116,1,1.0,42,0,159,
1000350,sweep,20260713,regional_hospital,intermediate_capacity,baseline_flat,workstation,54,282,2291,flat,0.5,6,0.7,connected,0,0,208,0.7375886524822695,208,10,221,67,1,1,79,94,87,112,141,79,100,7,692,124.6,0.47625612745097995,1,309,123,1,1.0,73,0,192,
1000351,sweep,20260713,regional_hospital,intermediate_capacity,baseline_flat,internet_facing,229,232,1875,flat,0.5,6,0.7,connected,0,0,168,0.7241379310344828,168,10,173,55,1,1,70,85,76,101,141,68,89,7,630,112.02499999999999,0.42447916666666624,1,493,111,1,1.0,59,0,192,
1000352,sweep,20260713,regional_hospital,intermediate_capacity,baseline_flat,privileged_system,178,221,1752,flat,0.5,6,0.7,connected,0,0,168,0.7601809954751131,168,10,175,63,1,1,74,90,81,104,150,74,86,7,659,117.47500000000001,0.4468443627450976,1,446,124,1,1.0,55,0,192,
1000353,sweep,20260713,regional_hospital,intermediate_capacity,baseline_flat,medical_device,144,212,1745,flat,0.5,6,0.7,connected,0,0,166,0.7830188679245284,166,10,180,54,1,1,69,90,85,105,141,68,111,7,669,118.79999999999998,0.44577205882352894,1,375,165,1,1.0,62,0,192,
1000354,sweep,20260713,regional_hospital,intermediate_capacity,baseline_flat,vendor_connection,235,236,1892,flat,0.5,6,0.7,connected,0,0,186,0.788135593220339,186,10,198,71,1,1,88,98,91,117,145,84,119,7,742,133.8,0.5058210784313721,1,290,123,1,1.0,57,0,192,
1000355,sweep,20260713,regional_hospital,intermediate_capacity,baseline_flat,workstation,48,240,1942,flat,0.5,6,0.7,connected,0,0,170,0.7083333333333334,170,10,182,80,1,1,72,95,76,92,121,72,94,7,622,112.60000000000001,0.43014705882352905,1,422,135,1,1.0,62,0,192,
1000356,sweep,20260713,regional_hospital,intermediate_capacity,baseline_flat,internet_facing,231,240,1936,flat,0.5,6,0.7,connected,0,0,176,0.7333333333333333,176,10,194,67,1,1,87,109,94,117,150,87,98,7,742,134.45,0.5219056372549015,1,395,178,1,1.0,56,0,192,
1000357,sweep,20260713,regional_hospital,intermediate_capacity,baseline_flat,privileged_system,240,286,2243,flat,0.5,6,0.7,connected,0,0,209,0.7307692307692307,209,10,217,73,1,1,84,106,99,114,145,84,103,7,735,133.275,0.5173100490196074,1,537,142,1,1.0,67,0,192,
1000358,sweep,20260713,regional_hospital,intermediate_capacity,baseline_flat,medical_device,183,272,2256,flat,0.5,6,0.7,connected,0,0,210,0.7720588235294118,210,10,225,66,1,1,77,102,84,108,147,77,97,7,692,124.02500000000002,0.4745710784313721,1,375,130,1,1.0,65,0,192,
1000359,sweep,20260713,regional_hospital,intermediate_capacity,baseline_flat,vendor_connection,298,299,2388,flat,0.5,6,0.7,connected,0,0,221,0.7391304347826086,221,10,230,79,1,1,107,116,108,132,158,99,114,7,834,152.52499999999998,0.5965073529411761,1,412,166,1,1.0,69,0,192,
1000360,sweep,20260713,regional_hospital,intermediate_capacity,baseline_flat,workstation,9,281,2332,flat,0.5,6,0.7,connected,0,0,200,0.7117437722419929,200,10,209,46,1,1,68,76,67,96,119,60,73,7,559,100.42500000000001,0.392616421568627,1,543,160,1,1.0,63,0,192,
1000361,sweep,20260713,regional_hospital,intermediate_capacity,baseline_flat,internet_facing,254,263,2077,flat,0.5,6,0.7,connected,0,0,192,0.7300380228136882,192,10,196,74,1,1,82,100,104,111,149,82,109,7,737,133.025,0.5105698529411761,1,311,121,1,1.0,57,0,192,
1000362,sweep,20260713,regional_hospital,intermediate_capacity,baseline_flat,privileged_system,272,297,2372,flat,0.5,6,0.7,connected,0,0,224,0.7542087542087542,224,10,236,84,1,1,98,121,104,129,166,98,120,7,836,151.32500000000002,0.580116421568627,1,390,150,1,1.0,70,0,192,
1000363,sweep,20260713,regional_hospital,intermediate_capacity,baseline_flat,medical_device,194,275,2245,flat,0.5,6,0.7,connected,0,0,207,0.7527272727272727,207,10,215,79,1,1,92,109,100,127,158,92,113,7,791,142.975,0.5485600490196073,1,290,138,1,1.0,75,0,192,
1000364,sweep,20260713,regional_hospital,intermediate_capacity,baseline_flat,vendor_connection,256,257,2034,flat,0.5,6,0.7,connected,0,0,6,0.023346303501945526,6,2,5,8,0,0,0,16,0,8,8,0,16,4,48,7.799999999999999,0.02818627450980392,0,917,-1,0,0.8571428571428571,0,1,192,
1000365,sweep,20260713,regional_hospital,intermediate_capacity,baseline_flat,workstation,104,275,2150,flat,0.5,6,0.7,connected,0,0,1,0.0036363636363636364,1,1,0,4,0,0,0,0,0,0,0,0,8,1,8,1.2,0.0,0,688,0,1,1.0,0,1,121,
1000366,sweep,20260713,regional_hospital,intermediate_capacity,baseline_flat,internet_facing,245,251,1990,flat,0.5,6,0.7,connected,0,0,164,0.6533864541832669,164,10,171,69,1,1,78,104,84,112,138,78,101,7,695,125.29999999999998,0.4828431372549014,1,407,159,1,1.0,54,0,192,
1000367,sweep,20260713,regional_hospital,intermediate_capacity,baseline_flat,privileged_system,243,288,2365,flat,0.5,6,0.7,connected,0,0,219,0.7604166666666666,219,10,236,51,1,1,69,86,86,101,139,69,97,7,647,115.45,0.437959558823529,1,513,162,1,1.0,73,0,192,
1000368,sweep,20260713,regional_hospital,intermediate_capacity,baseline_flat,medical_device,164,245,2013,flat,0.5,6,0.7,connected,0,0,1,0.004081632653061225,1,1,0,2,0,0,0,0,0,8,0,0,8,2,16,2.5999999999999996,0.008578431372549019,0,688,53,1,1.0,0,1,171,
1000369,sweep,20260713,regional_hospital,intermediate_capacity,baseline_flat,vendor_connection,288,289,2306,flat,0.5,6,0.7,connected,0,0,217,0.7508650519031141,217,10,228,96,1,1,112,128,120,150,182,112,137,7,941,170.8,0.6547181372549015,1,358,190,1,1.0,68,0,192,
1000370,sweep,20260713,regional_hospital,intermediate_capacity,baseline_flat,workstation,18,280,2283,flat,0.5,6,0.7,connected,0,0,2,0.007142857142857143,2,1,1,12,0,0,8,0,16,0,0,0,0,2,24,5.6,0.034313725490196074,0,456,127,1,1.0,0,1,136,
1000371,sweep,20260713,regional_hospital,intermediate_capacity,baseline_flat,internet_facing,238,247,2020,flat,0.5,6,0.7,connected,0,0,188,0.7611336032388664,188,10,200,65,1,1,80,96,87,122,145,80,112,7,722,129.425,0.49096200980392096,1,374,149,1,1.0,65,0,192,
1000372,sweep,20260713,regional_hospital,intermediate_capacity,baseline_flat,privileged_system,182,227,1821,flat,0.5,6,0.7,connected,0,0,1,0.004405286343612335,1,1,0,3,0,0,8,0,8,0,0,0,0,2,16,3.8,0.023284313725490193,0,424,44,1,1.0,0,1,118,
1000373,sweep,20260713,regional_hospital,intermediate_capacity,baseline_flat,medical_device,199,252,1986,flat,0.5,6,0.7,connected,0,0,191,0.7579365079365079,191,10,206,65,1,1,79,100,93,107,139,79,93,7,690,125.025,0.48651960784313686,1,401,158,1,1.0,54,0,192,
1000374,sweep,20260713,regional_hospital,intermediate_capacity,baseline_flat,vendor_connection,225,226,1801,flat,0.5,6,0.7,connected,0,0,157,0.6946902654867256,157,10,167,58,1,1,74,98,87,106,132,72,95,7,664,119.875,0.4670649509803917,1,392,176,1,1.0,55,0,192,
1000375,sweep,20260713,regional_hospital,intermediate_capacity,baseline_flat,workstation,50,244,1998,flat,0.5,6,0.7,connected,0,0,3,0.012295081967213115,3,1,2,23,0,0,0,8,0,0,0,0,0,1,8,1.6,0.009803921568627453,0,775,62,1,1.0,0,1,192,
1000376,sweep,20260713,regional_hospital,intermediate_capacity,baseline_flat,internet_facing,274,277,2271,flat,0.5,6,0.7,connected,0,0,206,0.7436823104693141,206,10,212,60,1,1,71,87,79,113,136,71,99,7,656,117.125,0.4454656862745093,1,521,118,1,1.0,77,0,192,
1000377,sweep,20260713,regional_hospital,intermediate_capacity,baseline_flat,privileged_system,231,288,2364,flat,0.5,6,0.7,connected,0,0,200,0.6944444444444444,200,10,210,65,1,1,79,92,82,110,146,74,97,7,680,121.65000000000002,0.46476715686274467,1,425,119,1,1.0,71,0,192,
1000378,sweep,20260713,regional_hospital,intermediate_capacity,baseline_flat,medical_device,199,290,2268,flat,0.5,6,0.7,connected,0,0,3,0.010344827586206896,3,1,2,6,0,0,0,0,0,8,0,0,0,1,8,1.4,0.008578431372549019,0,888,44,1,1.0,0,1,192,
1000379,sweep,20260713,regional_hospital,intermediate_capacity,baseline_flat,vendor_connection,283,284,2289,flat,0.5,6,0.7,connected,0,0,209,0.7359154929577465,209,10,232,69,1,1,93,110,100,126,153,93,114,7,789,143.125,0.5502450980392152,1,516,160,1,1.0,68,0,192,
1000380,sweep,20260713,regional_hospital,intermediate_capacity,baseline_flat,workstation,91,254,2092,flat,0.5,6,0.7,connected,0,0,194,0.7637795275590551,194,10,213,86,1,1,91,107,106,129,166,91,112,7,802,144.45000000000002,0.5549938725490192,1,366,149,1,1.0,64,0,192,
1000381,sweep,20260713,regional_hospital,intermediate_capacity,baseline_flat,internet_facing,284,297,2468,flat,0.5,6,0.7,connected,0,0,231,0.7777777777777778,231,10,244,81,1,1,92,109,95,124,155,83,119,7,777,139.9,0.5384497549019603,1,378,-1,0,0.8571428571428571,73,0,192,
1000382,sweep,20260713,regional_hospital,intermediate_capacity,baseline_flat,privileged_system,44,204,1651,flat,0.5,6,0.7,connected,0,0,134,0.6568627450980392,134,10,141,68,1,1,84,92,76,94,130,65,89,7,630,113.925,0.44699754901960764,1,381,143,1,1.0,48,0,192,
1000383,sweep,20260713,regional_hospital,intermediate_capacity,baseline_flat,medical_device,205,289,2254,flat,0.5,6,0.7,connected,0,0,214,0.740484429065744,214,10,231,69,1,1,90,95,83,107,142,76,98,7,691,124.89999999999999,0.48345588235294085,1,605,172,1,1.0,72,0,192,
1000384,sweep,20260713,regional_hospital,intermediate_capacity,baseline_flat,vendor_connection,215,216,1778,flat,0.5,6,0.7,connected,0,0,168,0.7777777777777778,168,10,180,72,1,1,84,100,95,125,154,84,105,7,747,134.3,0.5162377450980387,1,284,163,1,1.0,53,0,192,
1000385,sweep,20260713,regional_hospital,intermediate_capacity,baseline_flat,workstation,23,216,1725,flat,0.5,6,0.7,connected,0,0,175,0.8101851851851852,175,10,181,82,1,1,108,123,115,131,167,107,117,7,868,158.725,0.6151960784313723,1,262,140,1,1.0,54,0,192,
1000386,sweep,20260713,regional_hospital,intermediate_capacity,baseline_flat,internet_facing,212,216,1709,flat,0.5,6,0.7,connected,0,0,174,0.8055555555555556,174,10,177,99,1,1,116,135,117,151,181,113,136,7,949,172.675,0.6663602941176466,1,262,154,1,1.0,55,0,192,
1000387,sweep,20260713,regional_hospital,intermediate_capacity,baseline_flat,privileged_system,243,283,2282,flat,0.5,6,0.7,connected,0,0,193,0.6819787985865724,193,10,202,58,1,1,87,94,86,109,139,79,93,7,687,124.60000000000001,0.4839154411764702,1,506,141,1,1.0,67,0,192,
1000388,sweep,20260713,regional_hospital,intermediate_capacity,baseline_flat,medical_device,152,204,1633,flat,0.5,6,0.7,connected,0,0,162,0.7941176470588235,162,10,170,73,1,1,86,118,94,114,147,82,101,7,742,134.5,0.5281862745098035,1,250,167,1,1.0,50,0,192,
1000389,sweep,20260713,regional_hospital,intermediate_capacity,baseline_flat,vendor_connection,261,262,2096,flat,0.5,6,0.7,connected,0,0,197,0.7519083969465649,197,10,210,72,1,1,96,113,103,129,155,96,115,7,807,146.70000000000002,0.5658700980392152,1,454,143,1,1.0,71,0,192,
1000390,sweep,20260713,regional_hospital,intermediate_capacity,baseline_flat,workstation,70,260,2170,flat,0.5,6,0.7,connected,0,0,217,0.8346153846153846,217,10,233,64,1,1,94,98,87,116,153,79,106,7,733,131.95,0.5084252450980388,1,346,124,1,1.0,73,0,192,
1000391,sweep,20260713,regional_hospital,intermediate_capacity,baseline_flat,internet_facing,213,220,1730,flat,0.5,6,0.7,connected,0,0,159,0.7227272727272728,159,10,162,96,1,1,111,127,120,144,176,111,135,7,924,168.175,0.6455269607843133,1,264,150,1,1.0,53,0,192,
1000392,sweep,20260713,regional_hospital,intermediate_capacity,baseline_flat,privileged_system,170,200,1608,flat,0.5,6,0.7,connected,0,0,151,0.755,151,10,159,86,1,1,88,112,98,127,167,81,87,7,760,136.65,0.543351715686274,1,210,133,1,1.0,45,0,192,
1000393,sweep,20260713,regional_hospital,intermediate_capacity,baseline_flat,medical_device,159,232,1856,flat,0.5,6,0.7,connected,0,0,189,0.8146551724137931,189,10,201,85,1,1,100,118,109,135,172,100,117,7,851,154.0,0.5928308823529407,1,191,141,1,1.0,59,0,192,
1000394,sweep,20260713,regional_hospital,intermediate_capacity,baseline_flat,vendor_connection,278,279,2204,flat,0.5,6,0.7,connected,0,0,220,0.7885304659498208,220,10,236,85,1,1,105,119,125,131,169,100,119,7,868,158.35,0.6194852941176467,1,340,167,1,1.0,68,0,192,
1000395,sweep,20260713,regional_hospital,intermediate_capacity,baseline_flat,workstation,26,232,1874,flat,0.5,6,0.7,connected,0,0,179,0.771551724137931,179,10,194,79,1,1,93,110,102,128,161,93,117,7,804,145.17499999999998,0.5551470588235289,1,301,136,1,1.0,59,0,192,
1000396,sweep,20260713,regional_hospital,intermediate_capacity,baseline_flat,internet_facing,278,283,2244,flat,0.5,6,0.7,connected,0,0,220,0.7773851590106007,220,10,238,51,1,1,80,94,81,121,150,71,91,7,688,122.82499999999999,0.4791666666666661,1,420,-1,0,0.8571428571428571,74,0,192,
1000397,sweep,20260713,regional_hospital,intermediate_capacity,baseline_flat,privileged_system,181,223,1792,flat,0.5,6,0.7,connected,0,0,173,0.7757847533632287,173,10,181,81,1,1,100,114,106,131,168,100,122,7,841,152.175,0.5795036764705878,1,221,137,1,1.0,58,0,192,
1000398,sweep,20260713,regional_hospital,intermediate_capacity,baseline_flat,medical_device,178,256,2082,flat,0.5,6,0.7,connected,0,0,1,0.00390625,1,1,0,7,0,0,0,0,0,0,0,0,0,0,0,0.0,0.0,0,921,0,1,1.0,0,1,192,
1000399,sweep,20260713,regional_hospital,intermediate_capacity,baseline_flat,vendor_connection,258,259,2146,flat,0.5,6,0.7,connected,0,0,192,0.7413127413127413,192,10,200,59,1,1,82,96,89,103,143,74,96,7,683,123.1,0.4764093137254899,1,407,182,1,0.8571428571428571,64,0,192,
1000400,sweep,20260713,regional_hospital,intermediate_capacity,baseline_flat,workstation,74,274,2125,flat,0.5,12,0.7,connected,0,0,243,0.8868613138686131,243,10,258,134,1,1,148,173,155,181,182,147,175,7,1161,215.67499999999995,0.8465073529411776,1,176,-1,0,0.7142857142857143,75,0,192,
1000401,sweep,20260713,regional_hospital,intermediate_capacity,baseline_flat,internet_facing,230,239,1929,flat,0.5,12,0.7,connected,0,0,209,0.8744769874476988,209,10,224,133,1,1,159,172,162,184,187,159,166,7,1189,222.175,0.875000000000001,1,146,190,1,0.8571428571428571,61,0,192,
1000402,sweep,20260713,regional_hospital,intermediate_capacity,baseline_flat,privileged_system,205,231,1832,flat,0.5,12,0.7,connected,0,0,214,0.9264069264069265,214,10,241,131,1,1,153,171,163,186,186,152,183,7,1194,221.925,0.8681066176470599,1,136,-1,0,0.7142857142857143,66,0,192,
1000403,sweep,20260713,regional_hospital,intermediate_capacity,baseline_flat,medical_device,154,217,1768,flat,0.5,12,0.7,connected,0,0,191,0.880184331797235,191,10,203,109,1,1,117,133,135,146,173,117,146,7,967,177.29999999999998,0.6848958333333331,1,161,169,1,0.8571428571428571,61,0,192,
1000404,sweep,20260713,regional_hospital,intermediate_capacity,baseline_flat,vendor_connection,202,203,1613,flat,0.5,12,0.7,connected,0,0,180,0.8866995073891626,180,10,187,105,1,1,120,140,136,162,183,120,150,7,1011,184.75,0.7166053921568637,1,182,-1,0,0.14285714285714285,53,0,192,
1000405,sweep,20260713,regional_hospital,intermediate_capacity,baseline_flat,workstation,77,211,1731,flat,0.5,12,0.7,connected,0,0,188,0.8909952606635071,188,10,204,137,1,1,143,163,154,173,174,143,171,7,1121,208.50000000000003,0.8166360294117655,1,206,-1,0,0.5714285714285714,61,0,192,
1000406,sweep,20260713,regional_hospital,intermediate_capacity,baseline_flat,internet_facing,215,218,1733,flat,0.5,12,0.7,connected,0,0,192,0.8807339449541285,192,10,200,137,1,1,154,175,158,184,186,153,176,7,1186,220.675,0.8655024509803931,1,194,-1,0,0.7142857142857143,58,0,192,
1000407,sweep,20260713,regional_hospital,intermediate_capacity,baseline_flat,privileged_system,238,273,2253,flat,0.5,12,0.7,connected,0,0,247,0.9047619047619048,247,10,264,175,1,1,185,185,189,186,191,185,187,7,1308,247.1,0.9701286764705882,1,136,-1,0,0.0,83,0,192,
1000408,sweep,20260713,regional_hospital,intermediate_capacity,baseline_flat,medical_device,138,204,1612,flat,0.5,12,0.7,connected,0,0,180,0.8823529411764706,180,10,191,141,1,1,161,180,169,186,189,161,185,7,1231,229.7,0.8996629901960791,1,152,-1,0,0.5714285714285714,54,0,192,
1000409,sweep,20260713,regional_hospital,intermediate_capacity,baseline_flat,vendor_connection,269,270,2199,flat,0.5,12,0.7,connected,0,0,231,0.8555555555555555,231,10,250,146,1,1,161,181,178,182,182,160,185,7,1229,230.29999999999998,0.909007352941177,1,273,-1,0,0.42857142857142855,73,0,192,
1000410,sweep,20260713,regional_hospital,intermediate_capacity,baseline_flat,workstation,10,220,1795,flat,0.5,12,0.7,connected,0,0,189,0.8590909090909091,189,10,201,131,1,1,138,153,144,171,174,138,165,7,1083,200.625,0.7807904411764719,1,204,190,1,0.8571428571428571,59,0,192,
1000411,sweep,20260713,regional_hospital,intermediate_capacity,baseline_flat,internet_facing,293,300,2371,flat,0.5,12,0.7,connected,0,0,258,0.86,258,10,281,109,1,1,124,140,130,158,186,122,148,7,1008,184.14999999999998,0.7101715686274518,1,193,170,1,0.8571428571428571,82,0,192,
1000412,sweep,20260713,regional_hospital,intermediate_capacity,baseline_flat,privileged_system,213,269,2242,flat,0.5,12,0.7,connected,0,0,246,0.9144981412639405,246,10,274,111,1,1,130,146,135,166,187,127,155,7,1046,191.64999999999998,0.7421875000000014,1,207,175,1,0.8571428571428571,78,0,192,
1000413,sweep,20260713,regional_hospital,intermediate_capacity,baseline_flat,medical_device,181,266,2083,flat,0.5,12,0.7,connected,0,0,242,0.9097744360902256,242,10,261,122,1,1,138,152,140,166,176,131,156,7,1059,195.925,0.7686887254901974,1,199,183,1,0.8571428571428571,74,0,192,
1000414,sweep,20260713,regional_hospital,intermediate_capacity,baseline_flat,vendor_connection,218,219,1763,flat,0.5,12,0.7,connected,0,0,194,0.8858447488584474,194,10,203,150,1,1,173,188,179,188,188,172,184,7,1272,239.12500000000003,0.9437806372549024,1,106,-1,0,0.42857142857142855,61,0,192,
1000415,sweep,20260713,regional_hospital,intermediate_capacity,baseline_flat,workstation,7,290,2356,flat,0.5,12,0.7,connected,0,0,252,0.8689655172413793,252,10,274,-1,1,1,176,178,179,176,180,174,176,7,1239,234.22500000000002,0.9232536764705882,1,160,-1,0,0.0,81,0,192,
1000416,sweep,20260713,regional_hospital,intermediate_capacity,baseline_flat,internet_facing,291,300,2332,flat,0.5,12,0.7,connected,0,0,257,0.8566666666666667,257,10,279,129,1,1,158,163,153,178,187,146,169,7,1154,214.575,0.843596813725492,1,238,184,1,0.8571428571428571,75,0,192,
1000417,sweep,20260713,regional_hospital,intermediate_capacity,baseline_flat,privileged_system,202,226,1826,flat,0.5,12,0.7,connected,0,0,198,0.8761061946902655,198,10,209,93,1,1,111,127,118,145,186,111,131,7,929,168.3,0.6438419117647054,1,206,152,1,0.8571428571428571,61,0,192,
1000418,sweep,20260713,regional_hospital,intermediate_capacity,baseline_flat,medical_device,193,287,2242,flat,0.5,12,0.7,connected,0,0,258,0.8989547038327527,258,10,278,113,1,1,136,152,136,163,187,125,166,7,1065,195.25,0.7568933823529432,1,184,174,1,0.8571428571428571,79,0,192,
1000419,sweep,20260713,regional_hospital,intermediate_capacity,baseline_flat,vendor_connection,295,296,2384,flat,0.5,12,0.7,connected,0,0,260,0.8783783783783784,260,10,286,125,1,1,139,158,156,175,185,139,165,7,1117,206.6,0.8092830882352948,1,208,190,1,0.8571428571428571,81,0,192,
1000420,sweep,20260713,regional_hospital,intermediate_capacity,baseline_flat,workstation,58,207,1656,flat,0.5,12,0.7,connected,0,0,195,0.9420289855072463,195,10,206,124,1,1,137,153,143,178,177,133,167,7,1088,200.85000000000002,0.7853860294117662,1,144,187,1,0.8571428571428571,58,0,192,
1000421,sweep,20260713,regional_hospital,intermediate_capacity,baseline_flat,internet_facing,253,255,2017,flat,0.5,12,0.7,connected,0,0,224,0.8784313725490196,224,10,244,143,1,1,164,178,170,187,190,163,183,7,1235,230.7,0.9042585784313735,1,148,-1,0,0.7142857142857143,68,0,192,
1000422,sweep,20260713,regional_hospital,intermediate_capacity,baseline_flat,privileged_system,94,273,2159,flat,0.5,12,0.7,connected,0,0,1,0.003663003663003663,1,1,0,9,0,0,8,16,8,8,8,8,0,6,56,11.000000000000002,0.05147058823529408,0,656,133,1,1.0,0,1,147,
1000423,sweep,20260713,regional_hospital,intermediate_capacity,baseline_flat,medical_device,193,254,2063,flat,0.5,12,0.7,connected,0,0,226,0.889763779527559,226,10,244,152,1,1,164,187,178,191,181,164,183,7,1248,234.325,0.9306066176470593,1,176,-1,0,0.42857142857142855,67,0,192,
1000424,sweep,20260713,regional_hospital,intermediate_capacity,baseline_flat,vendor_connection,261,262,2175,flat,0.5,12,0.7,connected,0,0,248,0.9465648854961832,248,10,268,-1,1,1,188,191,188,188,188,188,189,7,1320,249.85000000000002,0.9828431372549019,1,120,-1,0,0.0,80,0,192,
1000425,sweep,20260713,regional_hospital,intermediate_capacity,baseline_flat,workstation,9,253,2015,flat,0.5,12,0.7,connected,0,0,219,0.8656126482213439,219,10,234,146,1,1,159,183,167,183,183,159,182,7,1216,227.32500000000002,0.894301470588236,1,208,-1,0,0.5714285714285714,68,0,192,
1000426,sweep,20260713,regional_hospital,intermediate_capacity,baseline_flat,internet_facing,287,293,2371,flat,0.5,12,0.7,connected,0,0,260,0.8873720136518771,260,10,287,133,1,1,149,167,158,186,184,149,174,7,1167,216.775,0.8501838235294134,1,184,-1,0,0.7142857142857143,81,0,192,
1000427,sweep,20260713,regional_hospital,intermediate_capacity,baseline_flat,privileged_system,218,269,2170,flat,0.5,12,0.7,connected,0,0,235,0.8736059479553904,235,10,254,167,1,1,184,185,188,185,185,184,183,7,1294,245.025,0.9661458333333335,1,84,-1,0,0.2857142857142857,75,0,192,
1000428,sweep,20260713,regional_hospital,intermediate_capacity,baseline_flat,medical_device,194,295,2334,flat,0.5,12,0.7,connected,0,0,252,0.8542372881355932,252,10,265,-1,1,1,189,189,189,189,189,189,190,7,1324,250.57500000000002,0.984375,1,280,-1,0,0.0,79,0,192,
1000429,sweep,20260713,regional_hospital,intermediate_capacity,baseline_flat,vendor_connection,218,219,1782,flat,0.5,12,0.7,connected,0,0,190,0.867579908675799,190,10,206,100,1,1,120,139,128,156,187,120,146,7,996,181.5,0.6979166666666674,1,171,162,1,0.8571428571428571,60,0,192,
1000430,sweep,20260713,regional_hospital,intermediate_capacity,baseline_flat,workstation,15,233,1866,flat,0.5,12,0.7,connected,0,0,201,0.8626609442060086,201,10,213,-1,1,1,169,169,169,173,169,167,168,7,1184,224.02500000000003,0.8844975490196078,1,256,-1,0,0.0,65,0,192,
1000431,sweep,20260713,regional_hospital,intermediate_capacity,baseline_flat,internet_facing,246,252,2006,flat,0.5,12,0.7,connected,0,0,230,0.9126984126984127,230,10,249,148,1,1,162,183,169,181,181,162,180,7,1218,228.35000000000002,0.8995098039215689,1,136,-1,0,0.5714285714285714,72,0,192,
1000432,sweep,20260713,regional_hospital,intermediate_capacity,baseline_flat,privileged_system,230,280,2219,flat,0.5,12,0.7,connected,0,0,253,0.9035714285714286,253,10,276,182,1,1,188,188,188,190,188,188,185,7,1315,249.00000000000003,0.9813112745098039,1,112,-1,0,0.0,76,0,192,
1000433,sweep,20260713,regional_hospital,intermediate_capacity,baseline_flat,medical_device,204,295,2362,flat,0.5,12,0.7,connected,0,0,255,0.864406779661017,255,10,278,-1,1,1,178,178,178,178,178,178,170,7,1238,234.65000000000003,0.9270833333333334,1,175,-1,0,0.0,83,0,192,
1000434,sweep,20260713,regional_hospital,intermediate_capacity,baseline_flat,vendor_connection,236,237,1919,flat,0.5,12,0.7,connected,0,0,204,0.8607594936708861,204,10,219,163,1,1,181,186,189,186,187,181,190,7,1300,245.44999999999996,0.9652267156862749,1,104,-1,0,0.2857142857142857,60,0,192,
1000435,sweep,20260713,regional_hospital,intermediate_capacity,baseline_flat,workstation,20,297,2393,flat,0.5,12,0.7,connected,0,0,275,0.9259259259259259,275,10,295,122,1,1,146,160,155,173,183,145,161,7,1123,208.72500000000002,0.8189338235294131,1,165,184,1,0.8571428571428571,83,0,192,
1000436,sweep,20260713,regional_hospital,intermediate_capacity,baseline_flat,internet_facing,257,265,2168,flat,0.5,12,0.7,connected,0,0,232,0.8754716981132076,232,10,246,156,1,1,167,178,176,178,178,167,178,7,1222,230.175,0.907475490196079,1,192,-1,0,0.42857142857142855,78,0,192,
1000437,sweep,20260713,regional_hospital,intermediate_capacity,baseline_flat,privileged_system,231,288,2313,flat,0.5,12,0.7,connected,0,0,254,0.8819444444444444,254,10,272,131,1,1,143,162,159,178,192,140,173,7,1147,211.72500000000002,0.8276654411764719,1,196,190,1,0.8571428571428571,78,0,192,
1000438,sweep,20260713,regional_hospital,intermediate_capacity,baseline_flat,medical_device,181,253,2078,flat,0.5,12,0.7,connected,0,0,228,0.9011857707509882,228,10,240,171,1,1,174,175,180,176,177,172,183,7,1237,233.64999999999998,0.9178921568627452,1,120,-1,0,0.0,74,0,192,
1000439,sweep,20260713,regional_hospital,intermediate_capacity,baseline_flat,vendor_connection,288,289,2261,flat,0.5,12,0.7,connected,0,0,263,0.9100346020761245,263,10,281,107,1,1,122,141,130,159,184,122,153,7,1011,184.575,0.7094056372549028,1,148,167,1,0.8571428571428571,79,0,192,
1000440,sweep,20260713,regional_hospital,intermediate_capacity,baseline_flat,workstation,46,284,2266,flat,0.5,12,0.7,connected,0,0,257,0.9049295774647887,257,10,285,86,1,1,101,119,116,137,180,101,123,7,877,158.29999999999998,0.607383578431372,1,277,-1,0,0.14285714285714285,75,0,192,
1000441,sweep,20260713,regional_hospital,intermediate_capacity,baseline_flat,internet_facing,280,285,2247,flat,0.5,12,0.7,connected,0,0,243,0.8526315789473684,243,10,266,138,1,1,140,166,153,182,170,140,166,7,1117,207.875,0.8239889705882364,1,238,-1,0,0.7142857142857143,78,0,192,
1000442,sweep,20260713,regional_hospital,intermediate_capacity,baseline_flat,privileged_system,224,258,2048,flat,0.5,12,0.7,connected,0,0,215,0.8333333333333334,215,10,221,187,1,1,188,189,188,188,189,188,189,7,1319,249.55000000000004,0.9803921568627452,1,184,-1,0,0.0,64,0,192,
1000443,sweep,20260713,regional_hospital,intermediate_capacity,baseline_flat,medical_device,167,221,1725,flat,0.5,12,0.7,connected,0,0,192,0.8687782805429864,192,10,202,85,1,1,113,115,108,140,167,105,126,7,874,159.275,0.6130514705882351,1,266,192,1,1.0,57,0,192,
1000444,sweep,20260713,regional_hospital,intermediate_capacity,baseline_flat,vendor_connection,214,215,1713,flat,0.5,12,0.7,connected,0,0,198,0.9209302325581395,198,10,215,119,1,1,142,159,149,176,188,142,162,7,1118,206.675,0.806525735294119,1,128,181,1,0.8571428571428571,61,0,192,
1000445,sweep,20260713,regional_hospital,intermediate_capacity,baseline_flat,workstation,37,285,2249,flat,0.5,12,0.7,connected,0,0,261,0.9157894736842105,261,10,294,163,1,1,145,145,146,145,147,139,147,7,1014,191.5,0.7565870098039219,1,312,-1,0,0.2857142857142857,80,0,192,
1000446,sweep,20260713,regional_hospital,intermediate_capacity,baseline_flat,internet_facing,216,221,1740,flat,0.5,12,0.7,connected,0,0,1,0.004524886877828055,1,1,0,4,0,0,0,0,8,0,0,0,0,1,8,1.8,0.011029411764705883,0,248,71,1,1.0,0,1,77,
1000447,sweep,20260713,regional_hospital,intermediate_capacity,baseline_flat,privileged_system,213,256,2118,flat,0.5,12,0.7,connected,0,0,223,0.87109375,223,10,238,131,1,1,150,168,158,186,186,150,179,7,1177,218.39999999999998,0.8529411764705896,1,171,-1,0,0.7142857142857143,76,0,192,
1000448,sweep,20260713,regional_hospital,intermediate_capacity,baseline_flat,medical_device,163,241,1859,flat,0.5,12,0.7,connected,0,0,208,0.8630705394190872,208,10,223,164,1,1,169,176,176,176,179,169,172,7,1217,229.57500000000005,0.9059436274509808,1,217,-1,0,0.2857142857142857,60,0,192,
1000449,sweep,20260713,regional_hospital,intermediate_capacity,baseline_flat,vendor_connection,211,212,1694,flat,0.5,12,0.7,connected,0,0,191,0.9009433962264151,191,10,209,110,1,1,138,148,139,170,185,130,158,7,1068,196.575,0.7666973039215694,1,90,172,1,0.8571428571428571,60,0,192,
1000450,sweep,20260713,regional_hospital,intermediate_capacity,baseline_flat,workstation,40,220,1746,flat,0.5,24,0.7,connected,0,0,209,0.95,209,10,224,156,1,1,168,178,176,180,187,168,175,7,1232,231.45,0.9111519607843142,1,112,-1,0,0.42857142857142855,63,0,192,
1000451,sweep,20260713,regional_hospital,intermediate_capacity,baseline_flat,internet_facing,280,290,2283,flat,0.5,24,0.7,connected,0,0,277,0.9551724137931035,277,10,310,177,1,1,187,186,187,187,185,182,186,7,1300,246.1,0.9727328431372548,1,96,-1,0,0.0,78,0,192,
1000452,sweep,20260713,regional_hospital,intermediate_capacity,baseline_flat,privileged_system,133,300,2464,flat,0.5,24,0.7,connected,0,0,281,0.9366666666666666,281,10,321,-1,1,1,185,186,185,185,185,185,184,7,1295,245.17499999999998,0.9647671568627452,1,127,-1,0,0.0,91,0,192,
1000453,sweep,20260713,regional_hospital,intermediate_capacity,baseline_flat,medical_device,199,266,2109,flat,0.5,24,0.7,connected,0,0,250,0.9398496240601504,250,10,272,-1,1,1,188,188,188,188,188,188,186,7,1314,248.80000000000004,0.9791666666666666,1,136,-1,0,0.0,74,0,192,
1000454,sweep,20260713,regional_hospital,intermediate_capacity,baseline_flat,vendor_connection,238,239,1898,flat,0.5,24,0.7,connected,0,0,227,0.9497907949790795,227,10,252,162,1,1,180,187,185,185,185,180,184,7,1286,243.0,0.9583333333333336,1,56,-1,0,0.2857142857142857,68,0,192,
1000455,sweep,20260713,regional_hospital,intermediate_capacity,baseline_flat,workstation,13,232,1850,flat,0.5,24,0.7,connected,0,0,219,0.9439655172413793,219,10,242,-1,1,1,170,170,179,171,169,169,169,7,1197,226.975,0.8988970588235294,1,80,-1,0,0.0,68,0,192,
1000456,sweep,20260713,regional_hospital,intermediate_capacity,baseline_flat,internet_facing,233,241,1953,flat,0.5,24,0.7,connected,0,0,233,0.966804979253112,233,10,248,190,1,1,185,184,185,184,186,184,182,7,1290,244.175,0.9612438725490197,1,40,-1,0,0.0,70,0,192,
1000457,sweep,20260713,regional_hospital,intermediate_capacity,baseline_flat,privileged_system,171,202,1662,flat,0.5,24,0.7,connected,0,0,197,0.9752475247524752,197,10,217,-1,1,1,189,182,181,182,182,179,183,7,1278,242.14999999999998,0.9572610294117648,1,88,-1,0,0.0,58,0,192,
1000458,sweep,20260713,regional_hospital,intermediate_capacity,baseline_flat,medical_device,176,227,1843,flat,0.5,24,0.7,connected,0,0,219,0.9647577092511013,219,10,244,-1,1,1,186,181,181,181,181,181,184,7,1275,241.525,0.9503676470588235,1,96,-1,0,0.0,65,0,192,
1000459,sweep,20260713,regional_hospital,intermediate_capacity,baseline_flat,vendor_connection,230,231,1825,flat,0.5,24,0.7,connected,0,0,223,0.9653679653679653,223,10,251,-1,1,1,180,180,180,181,182,180,181,7,1264,239.025,0.9385723039215685,1,112,-1,0,0.0,66,0,192,
1000460,sweep,20260713,regional_hospital,intermediate_capacity,baseline_flat,workstation,42,293,2336,flat,0.5,24,0.7,connected,0,0,269,0.9180887372013652,269,10,289,155,1,1,167,183,175,180,180,167,180,7,1232,231.8,0.9143688725490199,1,160,-1,0,0.42857142857142855,82,0,192,
1000461,sweep,20260713,regional_hospital,intermediate_capacity,baseline_flat,internet_facing,261,268,2172,flat,0.5,24,0.7,connected,0,0,257,0.9589552238805971,257,10,277,174,1,1,182,182,186,184,182,182,179,7,1277,241.94999999999996,0.9555759803921569,1,87,-1,0,0.0,74,0,192,
1000462,sweep,20260713,regional_hospital,intermediate_capacity,baseline_flat,privileged_system,172,217,1799,flat,0.5,24,0.7,connected,0,0,205,0.9447004608294931,205,10,217,-1,1,1,182,183,183,187,192,182,186,7,1295,244.04999999999998,0.9558823529411765,1,168,-1,0,0.0,66,0,192,
1000463,sweep,20260713,regional_hospital,intermediate_capacity,baseline_flat,medical_device,147,200,1647,flat,0.5,24,0.7,connected,0,0,192,0.96,192,10,208,185,1,1,177,176,177,179,176,176,177,7,1238,234.35,0.9227941176470589,1,64,-1,0,0.0,61,0,192,
1000464,sweep,20260713,regional_hospital,intermediate_capacity,baseline_flat,vendor_connection,199,200,1630,flat,0.5,24,0.7,connected,0,0,193,0.965,193,10,208,144,1,1,160,177,171,183,184,160,182,7,1217,227.60000000000002,0.8939950980392163,1,90,-1,0,0.5714285714285714,57,0,192,
1000465,sweep,20260713,regional_hospital,intermediate_capacity,baseline_flat,workstation,24,293,2381,flat,0.5,24,0.7,connected,0,0,276,0.9419795221843004,276,10,300,-1,1,1,176,171,167,167,169,165,169,7,1184,224.375,0.8884803921568628,1,168,-1,0,0.0,85,0,192,
1000466,sweep,20260713,regional_hospital,intermediate_capacity,baseline_flat,internet_facing,256,263,2062,flat,0.5,24,0.7,connected,0,0,252,0.9581749049429658,252,10,269,177,1,1,186,186,186,186,187,186,182,7,1299,245.95000000000002,0.96875,1,104,-1,0,0.0,72,0,192,
1000467,sweep,20260713,regional_hospital,intermediate_capacity,baseline_flat,privileged_system,174,201,1638,flat,0.5,24,0.7,connected,0,0,190,0.945273631840796,190,10,209,-1,1,1,191,186,186,188,192,186,188,7,1317,248.95000000000002,0.9785539215686274,1,64,-1,0,0.0,56,0,192,
1000468,sweep,20260713,regional_hospital,intermediate_capacity,baseline_flat,medical_device,175,264,2079,flat,0.5,24,0.7,connected,0,0,248,0.9393939393939394,248,10,267,-1,1,1,189,183,187,185,192,182,183,7,1301,245.89999999999998,0.9699754901960785,1,104,-1,0,0.0,71,0,192,
1000469,sweep,20260713,regional_hospital,intermediate_capacity,baseline_flat,vendor_connection,213,214,1738,flat,0.5,24,0.7,connected,0,0,206,0.9626168224299065,206,10,224,-1,1,1,186,186,186,186,186,186,188,7,1304,246.75,0.96875,1,48,-1,0,0.0,61,0,192,
1000470,sweep,20260713,regional_hospital,intermediate_capacity,baseline_flat,workstation,24,280,2307,flat,0.5,24,0.7,connected,0,0,1,0.0035714285714285713,1,1,0,4,0,0,8,8,8,8,8,8,0,6,48,9.4,0.041666666666666664,0,568,126,1,1.0,0,1,142,
1000471,sweep,20260713,regional_hospital,intermediate_capacity,baseline_flat,internet_facing,256,262,2074,flat,0.5,24,0.7,connected,0,0,249,0.950381679389313,249,10,269,-1,1,1,184,184,184,184,184,184,184,7,1288,243.8,0.9583333333333334,1,72,-1,0,0.0,73,0,192,
1000472,sweep,20260713,regional_hospital,intermediate_capacity,baseline_flat,privileged_system,250,299,2389,flat,0.5,24,0.7,connected,0,0,286,0.9565217391304348,286,10,308,174,1,1,188,188,188,188,188,188,186,7,1314,248.80000000000004,0.9791666666666666,1,77,-1,0,0.0,84,0,192,
1000473,sweep,20260713,regional_hospital,intermediate_capacity,baseline_flat,medical_device,153,232,1862,flat,0.5,24,0.7,connected,0,0,218,0.9396551724137931,218,10,233,-1,1,1,189,189,189,189,189,189,181,7,1315,249.22500000000002,0.984375,1,112,-1,0,0.0,68,0,192,
1000474,sweep,20260713,regional_hospital,intermediate_capacity,baseline_flat,vendor_connection,223,224,1822,flat,0.5,24,0.7,connected,0,0,213,0.9508928571428571,213,10,225,182,1,1,180,179,179,179,179,179,182,7,1257,237.87500000000003,0.9338235294117648,1,144,-1,0,0.0,66,0,192,
1000475,sweep,20260713,regional_hospital,intermediate_capacity,baseline_flat,workstation,49,248,2049,flat,0.5,24,0.7,connected,0,0,242,0.9758064516129032,242,10,257,-1,1,1,181,182,182,182,181,181,178,7,1267,239.975,0.9463848039215685,1,104,-1,0,0.0,73,0,192,
1000476,sweep,20260713,regional_hospital,intermediate_capacity,baseline_flat,internet_facing,272,284,2315,flat,0.5,24,0.7,connected,0,0,263,0.926056338028169,263,10,281,-1,1,1,186,186,186,186,186,186,185,7,1301,246.3,0.96875,1,144,-1,0,0.0,81,0,192,
1000477,sweep,20260713,regional_hospital,intermediate_capacity,baseline_flat,privileged_system,180,217,1756,flat,0.5,24,0.7,connected,0,0,205,0.9447004608294931,205,10,218,168,1,1,186,186,186,186,186,186,183,7,1299,246.0,0.96875,1,80,-1,0,0.0,66,0,192,
1000478,sweep,20260713,regional_hospital,intermediate_capacity,baseline_flat,medical_device,200,261,2166,flat,0.5,24,0.7,connected,0,0,246,0.9425287356321839,246,10,267,-1,1,1,180,179,179,183,179,179,173,7,1252,237.22500000000002,0.9381127450980392,1,72,-1,0,0.0,77,0,192,
1000479,sweep,20260713,regional_hospital,intermediate_capacity,baseline_flat,vendor_connection,234,235,1885,flat,0.5,24,0.7,connected,0,0,220,0.9361702127659575,220,10,240,-1,1,1,180,180,180,180,180,180,184,7,1264,239.1,0.9375,1,176,-1,0,0.0,66,0,192,
1000480,sweep,20260713,regional_hospital,intermediate_capacity,baseline_flat,workstation,124,300,2349,flat,0.5,24,0.7,connected,0,0,289,0.9633333333333334,289,10,308,-1,1,1,190,182,182,182,182,182,179,7,1279,242.70000000000002,0.9601715686274509,1,101,-1,0,0.0,84,0,192,
1000481,sweep,20260713,regional_hospital,intermediate_capacity,baseline_flat,internet_facing,264,273,2151,flat,0.5,24,0.7,connected,0,0,262,0.9597069597069597,262,10,281,-1,1,1,184,186,183,184,183,183,184,7,1287,243.65,0.9594056372549019,1,104,-1,0,0.0,77,0,192,
1000482,sweep,20260713,regional_hospital,intermediate_capacity,baseline_flat,privileged_system,219,262,2128,flat,0.5,24,0.7,connected,0,0,249,0.950381679389313,249,10,266,-1,1,1,183,183,183,183,184,183,177,7,1276,241.67500000000004,0.953125,1,48,-1,0,0.0,77,0,192,
1000483,sweep,20260713,regional_hospital,intermediate_capacity,baseline_flat,medical_device,213,274,2200,flat,0.5,24,0.7,connected,0,0,260,0.948905109489051,260,10,277,-1,1,1,169,169,169,169,169,169,166,7,1180,223.47500000000002,0.8802083333333334,1,144,-1,0,0.0,78,0,192,
1000484,sweep,20260713,regional_hospital,intermediate_capacity,baseline_flat,vendor_connection,258,259,2078,flat,0.5,24,0.7,connected,0,0,243,0.9382239382239382,243,10,265,-1,1,1,181,184,184,182,188,181,176,7,1276,241.22500000000002,0.9515931372549019,1,80,-1,0,0.0,75,0,192,
1000485,sweep,20260713,regional_hospital,intermediate_capacity,baseline_flat,workstation,19,294,2397,flat,0.5,24,0.7,connected,0,0,286,0.9727891156462585,286,10,306,-1,1,1,186,186,186,186,186,186,182,7,1298,245.85000000000002,0.96875,1,56,-1,0,0.0,87,0,192,
1000486,sweep,20260713,regional_hospital,intermediate_capacity,baseline_flat,internet_facing,196,203,1655,flat,0.5,24,0.7,connected,0,0,188,0.9261083743842364,188,10,198,-1,1,1,185,184,184,185,184,184,183,7,1289,244.07500000000002,0.9609375,1,96,-1,0,0.0,58,0,192,
1000487,sweep,20260713,regional_hospital,intermediate_capacity,baseline_flat,privileged_system,175,201,1632,flat,0.5,24,0.7,connected,0,0,193,0.9601990049751243,193,10,210,-1,1,1,185,185,185,185,185,185,186,7,1296,245.275,0.9635416666666666,1,96,-1,0,0.0,59,0,192,
1000488,sweep,20260713,regional_hospital,intermediate_capacity,baseline_flat,medical_device,193,244,1936,flat,0.5,24,0.7,connected,0,0,234,0.9590163934426229,234,10,253,-1,1,1,172,166,172,169,175,165,159,7,1178,222.95,0.8852634803921569,1,168,-1,0,0.0,68,0,192,
1000489,sweep,20260713,regional_hospital,intermediate_capacity,baseline_flat,vendor_connection,218,219,1795,flat,0.5,24,0.7,connected,0,0,212,0.9680365296803652,212,10,230,150,1,1,171,187,179,187,187,171,185,7,1267,238.075,0.9384191176470592,1,88,-1,0,0.42857142857142855,65,0,192,
1000490,sweep,20260713,regional_hospital,intermediate_capacity,baseline_flat,workstation,24,218,1721,flat,0.5,24,0.7,connected,0,0,204,0.9357798165137615,204,10,213,-1,1,1,178,178,178,178,178,178,180,7,1248,236.15000000000003,0.9270833333333334,1,136,-1,0,0.0,59,0,192,
1000491,sweep,20260713,regional_hospital,intermediate_capacity,baseline_flat,internet_facing,216,219,1736,flat,0.5,24,0.7,connected,0,0,203,0.9269406392694064,203,10,219,-1,1,1,188,188,188,188,188,188,183,7,1311,248.35000000000002,0.9791666666666666,1,88,-1,0,0.0,59,0,192,
1000492,sweep,20260713,regional_hospital,intermediate_capacity,baseline_flat,privileged_system,197,240,1929,flat,0.5,24,0.7,connected,0,0,231,0.9625,231,10,246,-1,1,1,187,192,191,187,187,187,185,7,1316,249.375,0.9856004901960785,1,104,-1,0,0.0,69,0,192,
1000493,sweep,20260713,regional_hospital,intermediate_capacity,baseline_flat,medical_device,194,264,2155,flat,0.5,24,0.7,connected,0,0,254,0.9621212121212122,254,10,267,-1,1,1,186,186,186,186,186,186,186,7,1302,246.45000000000002,0.96875,1,64,-1,0,0.0,78,0,192,
1000494,sweep,20260713,regional_hospital,intermediate_capacity,baseline_flat,vendor_connection,227,228,1862,flat,0.5,24,0.7,connected,0,0,216,0.9473684210526315,216,10,237,141,1,1,163,182,172,187,191,163,186,7,1244,232.25000000000003,0.9103860294117654,1,64,-1,0,0.5714285714285714,68,0,192,
1000495,sweep,20260713,regional_hospital,intermediate_capacity,baseline_flat,workstation,87,243,1950,flat,0.5,24,0.7,connected,0,0,229,0.9423868312757202,229,10,251,-1,1,1,174,170,169,168,175,167,167,7,1190,225.05,0.8880208333333334,1,208,-1,0,0.0,69,0,192,
1000496,sweep,20260713,regional_hospital,intermediate_capacity,baseline_flat,internet_facing,282,288,2424,flat,0.5,24,0.7,connected,0,0,276,0.9583333333333334,276,10,296,-1,1,1,182,184,188,182,184,180,185,7,1285,243.10000000000002,0.9586397058823529,1,80,-1,0,0.0,86,0,192,
1000497,sweep,20260713,regional_hospital,intermediate_capacity,baseline_flat,privileged_system,189,208,1650,flat,0.5,24,0.7,connected,0,0,198,0.9519230769230769,198,10,216,-1,1,1,187,187,187,187,187,187,184,7,1306,247.32500000000002,0.9739583333333334,1,48,-1,0,0.0,59,0,192,
1000498,sweep,20260713,regional_hospital,intermediate_capacity,baseline_flat,medical_device,170,250,2008,flat,0.5,24,0.7,connected,0,0,239,0.956,239,10,272,-1,1,1,186,185,186,187,192,185,188,7,1309,247.09999999999997,0.9685968137254902,1,93,-1,0,0.0,72,0,192,
1000499,sweep,20260713,regional_hospital,intermediate_capacity,baseline_flat,vendor_connection,216,217,1736,flat,0.5,24,0.7,connected,0,0,205,0.9447004608294931,205,10,221,154,1,1,172,185,182,186,186,172,185,7,1268,238.55,0.9405637254901965,1,40,-1,0,0.42857142857142855,61,0,192,
1000500,sweep,20260713,regional_hospital,intermediate_capacity,baseline_flat,workstation,64,227,1834,flat,0.75,1,0.7,connected,0,0,3,0.013215859030837005,3,1,2,4,0,0,0,0,0,0,0,0,0,0,0,0.0,0.0,0,264,0,1,1.0,0,1,82,
1000501,sweep,20260713,regional_hospital,intermediate_capacity,baseline_flat,internet_facing,244,252,2009,flat,0.75,1,0.7,connected,0,0,6,0.023809523809523808,6,3,5,6,0,0,0,8,0,0,0,0,0,1,8,1.6,0.009803921568627453,0,777,54,1,1.0,0,1,192,
1000502,sweep,20260713,regional_hospital,intermediate_capacity,baseline_flat,privileged_system,179,220,1782,flat,0.75,1,0.7,connected,0,0,2,0.00909090909090909,2,2,1,5,0,0,0,0,0,0,0,0,0,0,0,0.0,0.0,0,144,0,1,1.0,0,1,45,
1000503,sweep,20260713,regional_hospital,intermediate_capacity,baseline_flat,medical_device,180,242,1942,flat,0.75,1,0.7,connected,0,0,2,0.008264462809917356,2,1,1,2,0,0,8,8,0,0,0,0,0,2,16,3.6,0.02205882352941176,0,890,186,1,1.0,0,1,192,
1000504,sweep,20260713,regional_hospital,intermediate_capacity,baseline_flat,vendor_connection,229,230,1855,flat,0.75,1,0.7,connected,0,0,4,0.017391304347826087,4,3,3,4,0,0,8,8,16,24,8,8,8,7,80,15.2,0.06985294117647056,0,675,165,1,1.0,0,1,192,
1000505,sweep,20260713,regional_hospital,intermediate_capacity,baseline_flat,workstation,5,261,2114,flat,0.75,1,0.7,connected,0,0,1,0.0038314176245210726,1,1,0,2,0,0,8,8,8,8,8,8,0,6,48,9.4,0.041666666666666664,0,248,18,1,1.0,0,1,73,
1000506,sweep,20260713,regional_hospital,intermediate_capacity,baseline_flat,internet_facing,282,293,2296,flat,0.75,1,0.7,connected,0,0,12,0.040955631399317405,12,6,11,16,0,0,8,8,24,8,8,8,0,6,64,13.000000000000002,0.06372549019607847,0,827,94,1,1.0,0,1,192,
1000507,sweep,20260713,regional_hospital,intermediate_capacity,baseline_flat,privileged_system,215,263,2134,flat,0.75,1,0.7,connected,0,0,6,0.022813688212927757,6,5,5,5,1,0,0,0,8,0,8,0,8,3,24,3.8,0.011029411764705883,0,800,54,1,1.0,3,0,179,
1000508,sweep,20260713,regional_hospital,intermediate_capacity,baseline_flat,medical_device,178,260,2058,flat,0.75,1,0.7,connected,0,0,1,0.0038461538461538464,1,1,0,2,0,0,0,8,0,8,0,0,0,2,16,3.0,0.01838235294117647,0,720,141,1,1.0,0,1,181,
1000509,sweep,20260713,regional_hospital,intermediate_capacity,baseline_flat,vendor_connection,295,296,2327,flat,0.75,1,0.7,connected,0,0,4,0.013513513513513514,4,4,3,4,1,0,8,0,0,0,0,0,0,1,8,2.0,0.01225490196078431,0,970,131,1,1.0,2,0,192,
1000510,sweep,20260713,regional_hospital,intermediate_capacity,baseline_flat,workstation,37,265,2156,flat,0.75,1,0.7,connected,0,0,1,0.0037735849056603774,1,1,0,2,0,0,0,0,0,0,0,0,0,0,0,0.0,0.0,0,32,0,1,1.0,0,1,17,
1000511,sweep,20260713,regional_hospital,intermediate_capacity,baseline_flat,internet_facing,264,267,2185,flat,0.75,1,0.7,connected,0,0,1,0.003745318352059925,1,1,0,3,0,0,0,0,0,0,0,0,0,0,0,0.0,0.0,0,16,0,1,1.0,0,1,13,
1000512,sweep,20260713,regional_hospital,intermediate_capacity,baseline_flat,privileged_system,203,236,1872,flat,0.75,1,0.7,connected,0,0,2,0.00847457627118644,2,2,1,3,0,0,8,8,8,8,8,8,0,6,48,9.4,0.041666666666666664,0,32,9,1,1.0,0,1,13,
1000513,sweep,20260713,regional_hospital,intermediate_capacity,baseline_flat,medical_device,160,223,1840,flat,0.75,1,0.7,connected,0,0,13,0.05829596412556054,13,7,12,14,0,1,0,0,0,0,7,0,0,1,7,0.7000000000000001,0.0,0,232,0,1,1.0,0,1,50,
1000514,sweep,20260713,regional_hospital,intermediate_capacity,baseline_flat,vendor_connection,265,266,2167,flat,0.75,1,0.7,connected,0,0,29,0.10902255639097744,29,9,28,11,1,1,13,13,21,13,13,13,10,7,96,18.575,0.07873774509803926,1,808,93,1,1.0,10,0,192,
1000515,sweep,20260713,regional_hospital,intermediate_capacity,baseline_flat,workstation,27,230,1808,flat,0.75,1,0.7,connected,0,0,1,0.004347826086956522,1,1,0,2,0,0,8,0,0,0,0,0,0,1,8,2.0,0.01225490196078431,0,112,29,1,1.0,0,1,31,
1000516,sweep,20260713,regional_hospital,intermediate_capacity,baseline_flat,internet_facing,257,267,2133,flat,0.75,1,0.7,connected,0,0,27,0.10112359550561797,27,9,26,24,1,1,8,8,16,8,8,8,0,6,56,11.200000000000001,0.05269607843137255,0,472,108,1,1.0,11,0,127,
1000517,sweep,20260713,regional_hospital,intermediate_capacity,baseline_flat,privileged_system,74,251,1938,flat,0.75,1,0.7,connected,0,0,4,0.01593625498007968,4,3,3,4,0,0,16,8,8,24,8,8,0,6,72,14.2,0.07107843137254906,0,832,148,1,1.0,0,1,191,
1000518,sweep,20260713,regional_hospital,intermediate_capacity,baseline_flat,medical_device,153,218,1790,flat,0.75,1,0.7,connected,0,0,3,0.013761467889908258,3,1,2,9,0,0,8,0,0,0,0,0,0,1,8,2.0,0.01225490196078431,0,592,32,1,1.0,0,1,170,
1000519,sweep,20260713,regional_hospital,intermediate_capacity,baseline_flat,vendor_connection,221,222,1812,flat,0.75,1,0.7,connected,0,0,2,0.009009009009009009,2,1,1,2,0,0,0,8,0,0,0,0,0,1,8,1.6,0.009803921568627453,0,296,31,1,1.0,0,1,90,
1000520,sweep,20260713,regional_hospital,intermediate_capacity,baseline_flat,workstation,14,265,2093,flat,0.75,1,0.7,connected,0,0,3,0.011320754716981131,3,1,2,4,0,0,0,0,8,0,8,0,8,3,24,3.8,0.011029411764705883,0,869,89,1,1.0,0,1,192,
1000521,sweep,20260713,regional_hospital,intermediate_capacity,baseline_flat,internet_facing,279,287,2318,flat,0.75,1,0.7,connected,0,0,2,0.006968641114982578,2,1,1,3,0,0,0,0,0,0,0,0,0,0,0,0.0,0.0,0,804,0,1,1.0,0,1,192,
1000522,sweep,20260713,regional_hospital,intermediate_capacity,baseline_flat,privileged_system,210,263,2090,flat,0.75,1,0.7,connected,0,0,5,0.019011406844106463,5,3,4,4,0,0,0,0,0,0,5,0,0,1,5,0.5,0.0,0,0,0,1,1.0,0,1,6,
1000523,sweep,20260713,regional_hospital,intermediate_capacity,baseline_flat,medical_device,180,271,2182,flat,0.75,1,0.7,connected,0,0,3,0.01107011070110701,3,3,2,8,0,0,0,0,0,0,0,0,0,0,0,0.0,0.0,0,384,0,1,1.0,0,1,85,
1000524,sweep,20260713,regional_hospital,intermediate_capacity,baseline_flat,vendor_connection,273,274,2256,flat,0.75,1,0.7,connected,0,0,1,0.0036496350364963502,1,1,0,2,0,0,8,0,0,0,0,0,0,1,8,2.0,0.01225490196078431,0,184,9,1,1.0,0,1,46,
1000525,sweep,20260713,regional_hospital,intermediate_capacity,baseline_flat,workstation,68,257,2045,flat,0.75,1,0.7,connected,0,0,19,0.07392996108949416,19,9,18,13,1,1,0,7,13,0,0,0,18,3,38,7.025,0.026501225490196078,1,600,16,1,1.0,12,0,139,
1000526,sweep,20260713,regional_hospital,intermediate_capacity,baseline_flat,internet_facing,260,270,2122,flat,0.75,1,0.7,connected,0,0,3,0.011111111111111112,3,3,2,4,0,0,8,0,0,0,0,0,0,1,8,2.0,0.01225490196078431,0,216,35,1,1.0,0,1,63,
1000527,sweep,20260713,regional_hospital,intermediate_capacity,baseline_flat,privileged_system,201,221,1767,flat,0.75,1,0.7,connected,0,0,1,0.004524886877828055,1,1,0,2,0,1,0,0,0,0,0,0,0,0,0,0.0,0.0,0,16,0,1,1.0,0,1,11,
1000528,sweep,20260713,regional_hospital,intermediate_capacity,baseline_flat,medical_device,201,267,2140,flat,0.75,1,0.7,connected,0,0,27,0.10112359550561797,27,8,26,20,1,1,8,16,8,8,19,8,0,6,67,12.100000000000001,0.05147058823529412,0,664,111,1,1.0,8,0,142,
1000529,sweep,20260713,regional_hospital,intermediate_capacity,baseline_flat,vendor_connection,218,219,1768,flat,0.75,1,0.7,connected,0,0,4,0.0182648401826484,4,2,3,4,0,0,0,0,0,0,0,0,0,0,0,0.0,0.0,0,48,0,1,1.0,0,1,27,
1000530,sweep,20260713,regional_hospital,intermediate_capacity,baseline_flat,workstation,46,265,2194,flat,0.75,1,0.7,connected,0,0,1,0.0037735849056603774,1,1,0,4,0,0,0,0,0,0,0,0,0,0,0,0.0,0.0,0,0,0,1,1.0,0,1,6,
1000531,sweep,20260713,regional_hospital,intermediate_capacity,baseline_flat,internet_facing,266,272,2203,flat,0.75,1,0.7,connected,0,0,8,0.029411764705882353,8,6,7,6,1,1,0,0,0,0,0,0,5,1,5,0.75,0.0,0,280,0,1,1.0,2,0,78,
1000532,sweep,20260713,regional_hospital,intermediate_capacity,baseline_flat,privileged_system,244,275,2257,flat,0.75,1,0.7,connected,0,0,6,0.02181818181818182,6,5,5,6,0,1,8,8,8,8,16,8,0,6,56,10.200000000000001,0.041666666666666664,0,788,106,1,1.0,0,1,192,
1000533,sweep,20260713,regional_hospital,intermediate_capacity,baseline_flat,medical_device,195,268,2197,flat,0.75,1,0.7,connected,0,0,1,0.0037313432835820895,1,1,0,4,0,0,8,8,16,8,16,8,8,7,72,13.2,0.05269607843137255,0,883,166,1,1.0,0,1,192,
1000534,sweep,20260713,regional_hospital,intermediate_capacity,baseline_flat,vendor_connection,207,208,1648,flat,0.75,1,0.7,connected,0,0,9,0.04326923076923077,9,6,8,6,0,0,8,0,8,0,0,0,0,2,16,3.8,0.023284313725490193,0,200,29,1,1.0,0,1,74,
1000535,sweep,20260713,regional_hospital,intermediate_capacity,baseline_flat,workstation,73,269,2132,flat,0.75,1,0.7,connected,0,0,1,0.0037174721189591076,1,1,0,2,0,0,0,0,0,0,0,0,0,0,0,0.0,0.0,0,136,0,1,1.0,0,1,36,
1000536,sweep,20260713,regional_hospital,intermediate_capacity,baseline_flat,internet_facing,284,294,2284,flat,0.75,1,0.7,connected,0,0,12,0.04081632653061224,12,9,11,8,1,1,0,0,8,0,0,0,0,1,8,1.8,0.011029411764705883,0,128,10,1,1.0,7,0,24,
1000537,sweep,20260713,regional_hospital,intermediate_capacity,baseline_flat,privileged_system,243,279,2212,flat,0.75,1,0.7,connected,0,0,3,0.010752688172043012,3,3,2,7,0,0,0,0,8,0,0,0,16,2,24,4.2,0.011029411764705883,0,839,150,1,1.0,0,1,192,
1000538,sweep,20260713,regional_hospital,intermediate_capacity,baseline_flat,medical_device,167,226,1870,flat,0.75,1,0.7,connected,0,0,2,0.008849557522123894,2,1,1,3,0,0,0,0,0,0,0,0,0,0,0,0.0,0.0,0,96,0,1,1.0,0,1,38,
1000539,sweep,20260713,regional_hospital,intermediate_capacity,baseline_flat,vendor_connection,250,251,2031,flat,0.75,1,0.7,connected,0,0,7,0.027888446215139442,7,6,6,9,1,0,8,24,8,23,16,8,0,6,87,16.025,0.07735906862745089,0,903,-1,0,0.8571428571428571,3,0,192,
1000540,sweep,20260713,regional_hospital,intermediate_capacity,baseline_flat,workstation,41,278,2169,flat,0.75,1,0.7,connected,0,0,1,0.0035971223021582736,1,1,0,2,0,0,0,0,0,0,0,0,0,0,0,0.0,0.0,0,8,0,1,1.0,0,1,11,
1000541,sweep,20260713,regional_hospital,intermediate_capacity,baseline_flat,internet_facing,243,250,1964,flat,0.75,1,0.7,connected,0,0,3,0.012,3,3,2,2,0,1,3,3,11,11,3,3,0,6,34,6.725,0.03523284313725491,0,704,155,1,1.0,0,1,192,
1000542,sweep,20260713,regional_hospital,intermediate_capacity,baseline_flat,privileged_system,217,252,2023,flat,0.75,1,0.7,connected,0,0,11,0.04365079365079365,11,6,10,10,1,0,0,0,8,0,0,0,8,2,16,3.0,0.011029411764705883,0,747,57,1,1.0,5,0,192,
1000543,sweep,20260713,regional_hospital,intermediate_capacity,baseline_flat,medical_device,138,200,1601,flat,0.75,1,0.7,connected,0,0,5,0.025,5,4,4,6,1,0,8,0,0,0,0,0,0,1,8,2.0,0.01225490196078431,0,456,113,1,1.0,4,0,168,
1000544,sweep,20260713,regional_hospital,intermediate_capacity,baseline_flat,vendor_connection,273,274,2188,flat,0.75,1,0.7,connected,0,0,1,0.0036496350364963502,1,1,0,2,0,0,8,8,0,0,0,0,0,2,16,3.6,0.02205882352941176,0,890,49,1,1.0,0,1,192,
1000545,sweep,20260713,regional_hospital,intermediate_capacity,baseline_flat,workstation,85,208,1661,flat,0.75,1,0.7,connected,0,0,1,0.004807692307692308,1,1,0,2,0,0,0,0,0,0,0,0,0,0,0,0.0,0.0,0,96,0,1,1.0,0,1,41,
1000546,sweep,20260713,regional_hospital,intermediate_capacity,baseline_flat,internet_facing,280,284,2322,flat,0.75,1,0.7,connected,0,0,1,0.0035211267605633804,1,1,0,2,0,0,8,0,0,16,8,0,0,3,32,5.6,0.02941176470588235,0,961,189,1,1.0,0,1,192,
1000547,sweep,20260713,regional_hospital,intermediate_capacity,baseline_flat,privileged_system,187,234,1907,flat,0.75,1,0.7,connected,0,0,2,0.008547008547008548,2,2,1,3,1,0,0,0,0,0,0,0,3,1,3,0.44999999999999996,0.0,0,0,0,1,1.0,1,0,6,
1000548,sweep,20260713,regional_hospital,intermediate_capacity,baseline_flat,medical_device,156,206,1613,flat,0.75,1,0.7,connected,0,0,1,0.0048543689320388345,1,1,0,2,0,0,0,0,0,0,0,0,0,0,0,0.0,0.0,0,8,0,1,1.0,0,1,10,
1000549,sweep,20260713,regional_hospital,intermediate_capacity,baseline_flat,vendor_connection,264,265,2190,flat,0.75,1,0.7,connected,0,0,4,0.01509433962264151,4,4,3,8,0,0,0,0,0,0,0,0,8,1,8,1.2,0.0,0,288,0,1,1.0,0,1,100,
1000550,sweep,20260713,regional_hospital,intermediate_capacity,baseline_flat,workstation,59,277,2213,flat,0.75,3,0.7,connected,0,0,1,0.0036101083032490976,1,1,0,4,0,0,0,0,0,0,0,0,0,0,0,0.0,0.0,0,80,0,1,1.0,0,1,31,
1000551,sweep,20260713,regional_hospital,intermediate_capacity,baseline_flat,internet_facing,209,218,1806,flat,0.75,3,0.7,connected,0,0,31,0.14220183486238533,31,9,30,25,1,1,8,8,0,0,0,0,0,2,16,3.6,0.02205882352941176,0,256,75,1,1.0,10,0,118,
1000552,sweep,20260713,regional_hospital,intermediate_capacity,baseline_flat,privileged_system,178,221,1783,flat,0.75,3,0.7,connected,0,0,102,0.46153846153846156,102,10,103,56,1,1,54,59,53,87,98,46,58,7,455,81.3,0.3213848039215684,1,568,179,1,1.0,42,0,192,
1000553,sweep,20260713,regional_hospital,intermediate_capacity,baseline_flat,medical_device,155,227,1828,flat,0.75,3,0.7,connected,0,0,17,0.07488986784140969,17,7,16,35,1,0,0,0,0,0,0,0,0,0,0,0.0,0.0,0,440,0,1,1.0,7,0,122,
1000554,sweep,20260713,regional_hospital,intermediate_capacity,baseline_flat,vendor_connection,257,258,2049,flat,0.75,3,0.7,connected,0,0,21,0.08139534883720931,21,9,20,37,1,0,16,8,8,13,0,0,15,5,60,11.924999999999999,0.059283088235294046,0,760,-1,0,0.8571428571428571,9,0,192,
1000555,sweep,20260713,regional_hospital,intermediate_capacity,baseline_flat,workstation,98,291,2341,flat,0.75,3,0.7,connected,0,0,5,0.01718213058419244,5,2,4,9,0,0,0,0,8,0,0,0,0,1,8,1.8,0.011029411764705883,0,208,20,1,1.0,0,1,56,
1000556,sweep,20260713,regional_hospital,intermediate_capacity,baseline_flat,internet_facing,260,270,2148,flat,0.75,3,0.7,connected,0,0,96,0.35555555555555557,96,10,97,47,1,1,47,64,61,53,97,46,47,7,415,74.64999999999999,0.291360294117647,1,779,-1,0,0.14285714285714285,34,0,192,
1000557,sweep,20260713,regional_hospital,intermediate_capacity,baseline_flat,privileged_system,193,222,1827,flat,0.75,3,0.7,connected,0,0,2,0.009009009009009009,2,1,1,2,0,0,8,0,0,0,0,0,0,1,8,2.0,0.01225490196078431,0,771,158,1,1.0,0,1,192,
1000558,sweep,20260713,regional_hospital,intermediate_capacity,baseline_flat,medical_device,161,224,1745,flat,0.75,3,0.7,connected,0,0,84,0.375,84,10,86,53,1,1,47,39,52,57,79,39,72,7,385,68.7,0.2526041666666666,1,408,82,1,1.0,31,0,138,
1000559,sweep,20260713,regional_hospital,intermediate_capacity,baseline_flat,vendor_connection,251,252,2043,flat,0.75,3,0.7,connected,0,0,1,0.003968253968253968,1,1,0,6,0,0,8,8,8,8,8,8,8,7,56,10.6,0.041666666666666664,0,544,112,1,1.0,0,1,130,
1000560,sweep,20260713,regional_hospital,intermediate_capacity,baseline_flat,workstation,5,205,1663,flat,0.75,3,0.7,connected,0,0,1,0.004878048780487805,1,1,0,12,0,0,0,0,0,8,0,0,8,2,16,2.5999999999999996,0.008578431372549019,0,64,22,1,1.0,0,1,30,
1000561,sweep,20260713,regional_hospital,intermediate_capacity,baseline_flat,internet_facing,193,201,1663,flat,0.75,3,0.7,connected,0,0,18,0.08955223880597014,18,7,17,30,0,0,8,0,8,0,0,0,0,2,16,3.8,0.023284313725490193,0,408,61,1,1.0,0,1,119,
1000562,sweep,20260713,regional_hospital,intermediate_capacity,baseline_flat,privileged_system,220,253,1987,flat,0.75,3,0.7,connected,0,0,1,0.003952569169960474,1,1,0,2,0,0,8,0,0,0,0,0,0,1,8,2.0,0.01225490196078431,0,280,54,1,1.0,0,1,73,
1000563,sweep,20260713,regional_hospital,intermediate_capacity,baseline_flat,medical_device,147,213,1714,flat,0.75,3,0.7,connected,0,0,2,0.009389671361502348,2,1,1,17,0,0,0,0,0,0,0,0,0,0,0,0.0,0.0,0,248,0,1,1.0,0,1,83,
1000564,sweep,20260713,regional_hospital,intermediate_capacity,baseline_flat,vendor_connection,284,285,2323,flat,0.75,3,0.7,connected,0,0,1,0.0035087719298245615,1,1,0,5,0,0,0,0,0,0,0,0,0,0,0,0.0,0.0,0,24,0,1,1.0,0,1,13,
1000565,sweep,20260713,regional_hospital,intermediate_capacity,baseline_flat,workstation,8,282,2276,flat,0.75,3,0.7,connected,0,0,1,0.0035460992907801418,1,1,0,3,0,0,0,0,0,0,0,0,0,0,0,0.0,0.0,0,40,0,1,1.0,0,1,16,
1000566,sweep,20260713,regional_hospital,intermediate_capacity,baseline_flat,internet_facing,246,255,2053,flat,0.75,3,0.7,connected,0,0,2,0.00784313725490196,2,2,1,3,0,0,8,0,0,0,0,0,0,1,8,2.0,0.01225490196078431,0,336,73,1,1.0,0,1,73,
1000567,sweep,20260713,regional_hospital,intermediate_capacity,baseline_flat,privileged_system,196,228,1788,flat,0.75,3,0.7,connected,0,0,65,0.2850877192982456,65,10,64,60,1,1,62,62,54,54,94,54,59,7,439,79.89999999999999,0.30330882352941185,1,640,157,1,1.0,24,0,192,
1000568,sweep,20260713,regional_hospital,intermediate_capacity,baseline_flat,medical_device,149,209,1656,flat,0.75,3,0.7,connected,0,0,1,0.004784688995215311,1,1,0,4,0,0,8,0,0,8,0,0,0,2,16,3.4,0.020833333333333332,0,256,21,1,1.0,0,1,68,
1000569,sweep,20260713,regional_hospital,intermediate_capacity,baseline_flat,vendor_connection,212,213,1735,flat,0.75,3,0.7,connected,0,0,89,0.41784037558685444,89,10,89,37,1,1,44,63,48,63,93,44,0,6,355,64.62500000000001,0.27833946078431343,1,448,78,1,1.0,30,0,175,
1000570,sweep,20260713,regional_hospital,intermediate_capacity,baseline_flat,workstation,15,280,2226,flat,0.75,3,0.7,connected,0,0,1,0.0035714285714285713,1,1,0,4,0,0,8,0,8,0,0,0,0,2,16,3.8,0.023284313725490193,0,899,190,1,1.0,0,1,192,
1000571,sweep,20260713,regional_hospital,intermediate_capacity,baseline_flat,internet_facing,213,217,1777,flat,0.75,3,0.7,connected,0,0,1,0.004608294930875576,1,1,0,2,0,0,8,8,8,16,24,8,8,7,80,13.6,0.05024509803921568,0,648,104,1,1.0,0,1,150,
1000572,sweep,20260713,regional_hospital,intermediate_capacity,baseline_flat,privileged_system,186,228,1830,flat,0.75,3,0.7,connected,0,0,1,0.0043859649122807015,1,1,0,2,0,0,0,0,8,0,0,0,0,1,8,1.8,0.011029411764705883,0,216,11,1,1.0,0,1,61,
1000573,sweep,20260713,regional_hospital,intermediate_capacity,baseline_flat,medical_device,201,284,2297,flat,0.75,3,0.7,connected,0,0,1,0.0035211267605633804,1,1,0,9,0,0,8,8,8,0,0,0,8,4,32,6.6000000000000005,0.03308823529411764,0,632,118,1,1.0,0,1,143,
1000574,sweep,20260713,regional_hospital,intermediate_capacity,baseline_flat,vendor_connection,292,293,2393,flat,0.75,3,0.7,connected,0,0,4,0.013651877133105802,4,4,3,5,0,0,0,0,0,0,0,0,0,0,0,0.0,0.0,0,488,0,1,1.0,0,1,115,
1000575,sweep,20260713,regional_hospital,intermediate_capacity,baseline_flat,workstation,34,224,1840,flat,0.75,3,0.7,connected,0,0,1,0.004464285714285714,1,1,0,6,0,0,0,0,0,0,0,0,0,0,0,0.0,0.0,0,96,0,1,1.0,0,1,35,
1000576,sweep,20260713,regional_hospital,intermediate_capacity,baseline_flat,internet_facing,209,214,1769,flat,0.75,3,0.7,connected,0,0,80,0.37383177570093457,80,10,80,48,1,1,51,59,60,59,59,51,56,7,395,74.15,0.2964154411764705,1,647,142,1,1.0,25,0,192,
1000577,sweep,20260713,regional_hospital,intermediate_capacity,baseline_flat,privileged_system,38,252,2032,flat,0.75,3,0.7,connected,0,0,3,0.011904761904761904,3,1,3,9,0,0,0,0,0,0,8,0,0,1,8,0.8,0.0,0,200,0,1,1.0,0,1,48,
1000578,sweep,20260713,regional_hospital,intermediate_capacity,baseline_flat,medical_device,173,248,1989,flat,0.75,3,0.7,connected,0,0,3,0.012096774193548387,3,2,2,12,0,0,8,8,8,8,8,8,0,6,48,9.4,0.041666666666666664,0,759,49,1,1.0,0,1,192,
1000579,sweep,20260713,regional_hospital,intermediate_capacity,baseline_flat,vendor_connection,225,226,1772,flat,0.75,3,0.7,connected,0,0,23,0.10176991150442478,23,8,22,42,1,0,19,8,24,8,8,8,30,7,105,20.25,0.08057598039215697,0,651,-1,0,0.8571428571428571,14,0,192,
1000580,sweep,20260713,regional_hospital,intermediate_capacity,baseline_flat,workstation,28,213,1756,flat,0.75,3,0.7,connected,0,0,1,0.004694835680751174,1,1,0,3,0,0,0,0,0,0,0,0,0,0,0,0.0,0.0,0,232,0,1,1.0,0,1,66,
1000581,sweep,20260713,regional_hospital,intermediate_capacity,baseline_flat,internet_facing,252,259,2084,flat,0.75,3,0.7,connected,0,0,66,0.2548262548262548,66,9,65,42,1,0,19,33,8,16,78,8,23,7,185,29.000000000000004,0.09773284313725489,1,472,93,1,1.0,26,0,108,
1000582,sweep,20260713,regional_hospital,intermediate_capacity,baseline_flat,privileged_system,259,281,2224,flat,0.75,3,0.7,connected,0,0,122,0.43416370106761565,122,10,121,69,1,1,64,85,82,96,69,42,81,7,519,96.75000000000001,0.41819852941176444,1,641,179,1,1.0,45,0,192,
1000583,sweep,20260713,regional_hospital,intermediate_capacity,baseline_flat,medical_device,203,299,2401,flat,0.75,3,0.7,connected,0,0,40,0.13377926421404682,40,7,39,43,0,0,0,0,0,27,0,0,0,1,27,4.725,0.028952205882352953,1,280,45,1,1.0,0,1,60,
1000584,sweep,20260713,regional_hospital,intermediate_capacity,baseline_flat,vendor_connection,216,217,1775,flat,0.75,3,0.7,connected,0,0,1,0.004608294930875576,1,1,0,2,0,0,0,0,0,0,0,0,0,0,0,0.0,0.0,0,96,0,1,1.0,0,1,26,
1000585,sweep,20260713,regional_hospital,intermediate_capacity,baseline_flat,workstation,13,222,1824,flat,0.75,3,0.7,connected,0,0,69,0.3108108108108108,69,10,69,37,1,1,19,40,43,0,29,0,32,5,163,30.125000000000004,0.13740808823529416,1,635,110,1,1.0,29,0,192,
1000586,sweep,20260713,regional_hospital,intermediate_capacity,baseline_flat,internet_facing,202,210,1703,flat,0.75,3,0.7,connected,0,0,43,0.20476190476190476,43,10,43,29,1,1,32,42,32,32,32,32,23,7,225,43.050000000000004,0.17892156862745093,1,296,65,1,1.0,19,0,84,
1000587,sweep,20260713,regional_hospital,intermediate_capacity,baseline_flat,privileged_system,77,250,1975,flat,0.75,3,0.7,connected,0,0,1,0.004,1,1,0,2,0,0,0,0,0,0,0,0,0,0,0,0.0,0.0,0,0,0,1,1.0,0,1,4,
1000588,sweep,20260713,regional_hospital,intermediate_capacity,baseline_flat,medical_device,184,242,1958,flat,0.75,3,0.7,connected,0,0,91,0.3760330578512397,91,10,91,41,1,1,48,59,53,65,53,40,52,7,370,69.2,0.2886029411764704,1,656,167,1,1.0,40,0,176,
1000589,sweep,20260713,regional_hospital,intermediate_capacity,baseline_flat,vendor_connection,259,260,2121,flat,0.75,3,0.7,connected,0,0,1,0.0038461538461538464,1,1,0,3,0,0,8,8,8,8,8,8,0,6,48,9.4,0.041666666666666664,0,718,157,1,1.0,0,1,192,
1000590,sweep,20260713,regional_hospital,intermediate_capacity,baseline_flat,workstation,62,228,1784,flat,0.75,3,0.7,connected,0,0,4,0.017543859649122806,4,2,3,9,0,0,0,0,0,0,0,0,0,0,0,0.0,0.0,0,376,0,1,1.0,0,1,100,
1000591,sweep,20260713,regional_hospital,intermediate_capacity,baseline_flat,internet_facing,235,237,1875,flat,0.75,3,0.7,connected,0,0,6,0.02531645569620253,6,3,5,18,0,0,0,0,0,0,0,0,0,0,0,0.0,0.0,0,392,0,1,1.0,0,1,116,
1000592,sweep,20260713,regional_hospital,intermediate_capacity,baseline_flat,privileged_system,219,240,1980,flat,0.75,3,0.7,connected,0,0,101,0.42083333333333334,101,10,102,36,1,1,38,61,51,25,72,25,58,7,330,59.075,0.23008578431372548,1,738,63,1,0.8571428571428571,39,0,192,
1000593,sweep,20260713,regional_hospital,intermediate_capacity,baseline_flat,medical_device,211,293,2366,flat,0.75,3,0.7,connected,0,0,51,0.17406143344709898,51,10,51,57,1,1,24,24,67,16,16,16,16,7,179,36.275,0.17570465686274508,1,777,166,1,1.0,21,0,192,
1000594,sweep,20260713,regional_hospital,intermediate_capacity,baseline_flat,vendor_connection,210,211,1730,flat,0.75,3,0.7,connected,0,0,2,0.009478672985781991,2,2,1,5,0,0,0,8,0,0,0,0,0,1,8,1.6,0.009803921568627453,0,376,23,1,1.0,0,1,122,
1000595,sweep,20260713,regional_hospital,intermediate_capacity,baseline_flat,workstation,69,255,1995,flat,0.75,3,0.7,connected,0,0,1,0.00392156862745098,1,1,0,4,0,0,0,0,0,0,0,0,0,0,0,0.0,0.0,0,480,0,1,1.0,0,1,119,
1000596,sweep,20260713,regional_hospital,intermediate_capacity,baseline_flat,internet_facing,245,247,1974,flat,0.75,3,0.7,connected,0,0,101,0.4089068825910931,101,10,104,67,1,1,47,68,77,99,74,47,8,7,420,79.17500000000001,0.3676470588235292,1,673,172,1,1.0,36,0,192,
1000597,sweep,20260713,regional_hospital,intermediate_capacity,baseline_flat,privileged_system,246,277,2210,flat,0.75,3,0.7,connected,0,0,120,0.4332129963898917,120,10,122,41,1,1,39,59,63,76,97,16,61,7,411,71.47500000000001,0.3003982843137251,1,850,122,1,1.0,50,0,192,
1000598,sweep,20260713,regional_hospital,intermediate_capacity,baseline_flat,medical_device,170,257,2039,flat,0.75,3,0.7,connected,0,0,2,0.007782101167315175,2,1,1,8,0,0,8,0,8,8,8,0,8,5,40,7.199999999999999,0.03186274509803922,0,810,182,1,1.0,0,1,192,
1000599,sweep,20260713,regional_hospital,intermediate_capacity,baseline_flat,vendor_connection,290,291,2301,flat,0.75,3,0.7,connected,0,0,1,0.003436426116838488,1,1,0,2,0,0,0,0,0,0,0,0,0,0,0,0.0,0.0,0,868,0,1,1.0,0,1,192,
1000600,sweep,20260713,regional_hospital,intermediate_capacity,baseline_flat,workstation,35,274,2246,flat,0.75,6,0.7,connected,0,0,200,0.7299270072992701,200,10,213,76,1,1,79,95,87,127,141,79,103,7,711,127.87500000000001,0.4935661764705877,1,464,181,1,1.0,68,0,192,
1000601,sweep,20260713,regional_hospital,intermediate_capacity,baseline_flat,internet_facing,211,214,1692,flat,0.75,6,0.7,connected,0,0,146,0.6822429906542056,146,10,153,62,1,1,85,100,89,115,142,77,109,7,717,129.275,0.4987745098039211,1,285,123,1,1.0,59,0,192,
1000602,sweep,20260713,regional_hospital,intermediate_capacity,baseline_flat,privileged_system,207,240,2004,flat,0.75,6,0.7,connected,0,0,121,0.5041666666666667,121,10,124,61,1,1,70,84,76,98,70,70,78,7,546,103.0,0.42003676470588197,1,527,102,1,1.0,47,0,192,
1000603,sweep,20260713,regional_hospital,intermediate_capacity,baseline_flat,medical_device,201,257,2086,flat,0.75,6,0.7,connected,0,0,2,0.007782101167315175,2,2,1,6,0,0,0,0,0,0,0,0,8,1,8,1.2,0.0,0,288,0,1,1.0,0,1,75,
1000604,sweep,20260713,regional_hospital,intermediate_capacity,baseline_flat,vendor_connection,296,297,2436,flat,0.75,6,0.7,connected,0,0,179,0.6026936026936027,179,10,187,77,1,1,89,118,100,125,141,89,127,7,789,143.4,0.5528492647058819,1,609,-1,0,0.8571428571428571,68,0,192,
1000605,sweep,20260713,regional_hospital,intermediate_capacity,baseline_flat,workstation,22,273,2171,flat,0.75,6,0.7,connected,0,0,161,0.5897435897435898,161,10,164,92,1,1,89,102,97,125,145,89,118,7,765,138.57500000000002,0.5291053921568623,1,568,166,1,1.0,56,0,192,
1000606,sweep,20260713,regional_hospital,intermediate_capacity,baseline_flat,internet_facing,221,227,1825,flat,0.75,6,0.7,connected,0,0,155,0.6828193832599119,155,10,168,60,1,1,83,91,89,107,130,75,101,7,676,122.725,0.4761029411764703,1,397,-1,0,0.8571428571428571,52,0,192,
1000607,sweep,20260713,regional_hospital,intermediate_capacity,baseline_flat,privileged_system,218,246,1985,flat,0.75,6,0.7,connected,0,0,160,0.6504065040650406,160,10,167,76,1,1,84,97,88,117,144,65,69,7,664,120.05,0.49433210784313686,1,400,128,1,1.0,58,0,192,
1000608,sweep,20260713,regional_hospital,intermediate_capacity,baseline_flat,medical_device,164,232,1837,flat,0.75,6,0.7,connected,0,0,153,0.6594827586206896,153,10,160,93,1,1,105,120,116,139,157,105,103,7,845,155.45,0.61688112745098,1,416,191,1,1.0,55,0,192,
1000609,sweep,20260713,regional_hospital,intermediate_capacity,baseline_flat,vendor_connection,299,300,2360,flat,0.75,6,0.7,connected,0,0,209,0.6966666666666667,209,10,219,123,1,1,130,148,137,161,182,130,152,7,1040,191.35,0.7420343137254911,1,334,172,1,0.8571428571428571,67,0,192,
1000610,sweep,20260713,regional_hospital,intermediate_capacity,baseline_flat,workstation,79,257,2116,flat,0.75,6,0.7,connected,0,0,154,0.5992217898832685,154,10,156,122,1,1,119,136,123,144,168,119,134,7,943,173.5,0.6729473039215687,1,561,169,1,0.8571428571428571,53,0,192,
1000611,sweep,20260713,regional_hospital,intermediate_capacity,baseline_flat,internet_facing,253,259,2081,flat,0.75,6,0.7,connected,0,0,96,0.37065637065637064,96,10,96,118,1,1,100,100,100,100,119,100,9,7,628,120.75,0.5208333333333334,1,636,128,1,1.0,28,0,192,
1000612,sweep,20260713,regional_hospital,intermediate_capacity,baseline_flat,privileged_system,219,259,2122,flat,0.75,6,0.7,connected,0,0,163,0.6293436293436293,163,10,169,68,1,1,94,91,91,96,148,8,102,7,630,110.87499999999999,0.48391544117647034,1,508,169,1,1.0,59,0,192,
1000613,sweep,20260713,regional_hospital,intermediate_capacity,baseline_flat,medical_device,162,236,1866,flat,0.75,6,0.7,connected,0,0,1,0.00423728813559322,1,1,0,11,0,0,0,0,8,0,0,0,0,1,8,1.8,0.011029411764705883,0,128,25,1,1.0,0,1,42,
1000614,sweep,20260713,regional_hospital,intermediate_capacity,baseline_flat,vendor_connection,259,260,2092,flat,0.75,6,0.7,connected,0,0,151,0.5807692307692308,151,10,152,55,1,1,68,71,60,98,118,57,77,7,549,98.025,0.37898284313725455,1,465,100,1,1.0,52,0,192,
1000615,sweep,20260713,regional_hospital,intermediate_capacity,baseline_flat,workstation,8,271,2163,flat,0.75,6,0.7,connected,0,0,155,0.5719557195571956,155,10,158,71,1,1,64,85,87,102,121,61,89,7,609,109.6,0.43152573529411714,1,618,151,1,1.0,54,0,192,
1000616,sweep,20260713,regional_hospital,intermediate_capacity,baseline_flat,internet_facing,225,234,1889,flat,0.75,6,0.7,connected,0,0,155,0.6623931623931624,155,10,159,66,1,1,81,95,98,117,136,76,97,7,700,127.02499999999999,0.5010723039215682,1,438,189,1,1.0,58,0,192,
1000617,sweep,20260713,regional_hospital,intermediate_capacity,baseline_flat,privileged_system,217,255,2015,flat,0.75,6,0.7,connected,0,0,167,0.6549019607843137,167,10,170,75,1,1,79,97,88,113,142,79,104,7,702,126.3,0.4823835784313721,1,368,126,1,1.0,61,0,192,
1000618,sweep,20260713,regional_hospital,intermediate_capacity,baseline_flat,medical_device,195,294,2376,flat,0.75,6,0.7,connected,0,0,2,0.006802721088435374,2,1,1,22,0,0,0,0,0,0,0,0,0,0,0,0.0,0.0,0,320,0,1,1.0,0,1,78,
1000619,sweep,20260713,regional_hospital,intermediate_capacity,baseline_flat,vendor_connection,199,200,1655,flat,0.75,6,0.7,connected,0,0,2,0.01,2,2,1,4,0,0,16,8,8,8,16,8,0,6,64,12.2,0.053921568627450976,0,184,46,1,1.0,0,1,46,
1000620,sweep,20260713,regional_hospital,intermediate_capacity,baseline_flat,workstation,32,240,1913,flat,0.75,6,0.7,connected,0,0,8,0.03333333333333333,8,3,7,24,0,0,8,8,14,32,8,8,0,6,78,14.950000000000001,0.0756740196078431,1,843,151,1,1.0,0,1,192,
1000621,sweep,20260713,regional_hospital,intermediate_capacity,baseline_flat,internet_facing,218,221,1772,flat,0.75,6,0.7,connected,0,0,1,0.004524886877828055,1,1,0,9,0,0,8,8,8,0,0,0,0,3,24,5.4,0.03308823529411764,0,376,92,1,1.0,0,1,92,
1000622,sweep,20260713,regional_hospital,intermediate_capacity,baseline_flat,privileged_system,174,207,1687,flat,0.75,6,0.7,connected,0,0,118,0.5700483091787439,118,10,121,60,1,1,71,89,80,110,140,71,93,7,654,116.725,0.4460784313725485,1,364,150,1,1.0,48,0,192,
1000623,sweep,20260713,regional_hospital,intermediate_capacity,baseline_flat,medical_device,191,249,2016,flat,0.75,6,0.7,connected,0,0,1,0.004016064257028112,1,1,0,13,0,0,0,0,8,0,8,0,0,2,16,2.6,0.011029411764705883,0,384,90,1,1.0,0,1,91,
1000624,sweep,20260713,regional_hospital,intermediate_capacity,baseline_flat,vendor_connection,282,283,2239,flat,0.75,6,0.7,connected,0,0,119,0.4204946996466431,119,10,122,81,1,1,85,102,97,105,92,85,0,6,566,110.17500000000001,0.5015318627450978,1,853,184,1,1.0,40,0,192,
1000625,sweep,20260713,regional_hospital,intermediate_capacity,baseline_flat,workstation,63,276,2194,flat,0.75,6,0.7,connected,0,0,1,0.0036231884057971015,1,1,0,4,0,0,0,8,0,8,0,0,0,2,16,3.0,0.018382352941176478,0,816,48,1,1.0,0,1,192,
1000626,sweep,20260713,regional_hospital,intermediate_capacity,baseline_flat,internet_facing,295,297,2346,flat,0.75,6,0.7,connected,0,0,1,0.003367003367003367,1,1,0,6,0,0,8,0,8,0,0,0,0,2,16,3.8,0.023284313725490193,0,536,105,1,1.0,0,1,109,
1000627,sweep,20260713,regional_hospital,intermediate_capacity,baseline_flat,privileged_system,170,213,1776,flat,0.75,6,0.7,connected,0,0,132,0.6197183098591549,132,10,132,80,1,1,91,86,93,101,127,75,93,7,666,122.075,0.48131127450980377,1,336,147,1,1.0,44,0,192,
1000628,sweep,20260713,regional_hospital,intermediate_capacity,baseline_flat,medical_device,144,201,1616,flat,0.75,6,0.7,connected,0,0,116,0.5771144278606966,116,10,118,86,1,1,107,121,117,125,145,106,106,7,827,153.4,0.6075367647058821,1,350,181,1,1.0,43,0,192,
1000629,sweep,20260713,regional_hospital,intermediate_capacity,baseline_flat,vendor_connection,282,283,2212,flat,0.75,6,0.7,connected,0,0,159,0.5618374558303887,159,10,161,84,1,1,78,84,82,97,117,62,100,7,620,112.375,0.4394914215686272,1,687,185,1,1.0,54,0,192,
1000630,sweep,20260713,regional_hospital,intermediate_capacity,baseline_flat,workstation,71,299,2364,flat,0.75,6,0.7,connected,0,0,5,0.016722408026755852,5,2,4,22,0,0,24,24,24,32,24,24,0,6,152,29.6,0.13357843137254902,0,947,115,1,1.0,0,1,192,
1000631,sweep,20260713,regional_hospital,intermediate_capacity,baseline_flat,internet_facing,260,267,2196,flat,0.75,6,0.7,connected,0,0,153,0.5730337078651685,153,10,158,88,1,1,103,109,102,123,155,95,111,7,798,145.55,0.563878676470588,1,496,151,1,1.0,56,0,192,
1000632,sweep,20260713,regional_hospital,intermediate_capacity,baseline_flat,privileged_system,200,231,1837,flat,0.75,6,0.7,connected,0,0,157,0.6796536796536796,157,10,162,74,1,1,92,104,94,128,154,73,112,7,757,135.975,0.5352328431372545,1,365,190,1,1.0,59,0,192,
1000633,sweep,20260713,regional_hospital,intermediate_capacity,baseline_flat,medical_device,161,210,1690,flat,0.75,6,0.7,connected,0,0,3,0.014285714285714285,3,1,2,15,0,0,0,0,0,0,0,0,0,0,0,0.0,0.0,0,56,0,1,1.0,0,1,26,
1000634,sweep,20260713,regional_hospital,intermediate_capacity,baseline_flat,vendor_connection,227,228,1858,flat,0.75,6,0.7,connected,0,0,126,0.5526315789473685,126,10,129,76,1,1,80,85,82,94,124,74,8,7,547,102.15000000000002,0.4405637254901959,1,448,155,1,1.0,33,0,192,
1000635,sweep,20260713,regional_hospital,intermediate_capacity,baseline_flat,workstation,12,205,1651,flat,0.75,6,0.7,connected,0,0,1,0.004878048780487805,1,1,0,4,0,0,0,0,0,0,0,0,0,0,0,0.0,0.0,0,24,0,1,1.0,0,1,13,
1000636,sweep,20260713,regional_hospital,intermediate_capacity,baseline_flat,internet_facing,260,267,2115,flat,0.75,6,0.7,connected,0,0,170,0.6367041198501873,170,10,178,85,1,1,107,123,115,137,171,107,108,7,868,158.57499999999996,0.6200980392156858,1,406,179,1,1.0,61,0,192,
1000637,sweep,20260713,regional_hospital,intermediate_capacity,baseline_flat,privileged_system,190,238,1959,flat,0.75,6,0.7,connected,0,0,153,0.6428571428571429,153,10,157,81,1,1,79,105,94,128,146,79,107,7,738,132.72500000000002,0.5165441176470584,1,442,155,1,1.0,55,0,192,
1000638,sweep,20260713,regional_hospital,intermediate_capacity,baseline_flat,medical_device,170,256,2093,flat,0.75,6,0.7,connected,0,0,145,0.56640625,145,10,146,56,1,1,58,68,70,90,112,49,65,7,512,91.575,0.3651960784313722,1,460,112,1,1.0,50,0,192,
1000639,sweep,20260713,regional_hospital,intermediate_capacity,baseline_flat,vendor_connection,270,271,2207,flat,0.75,6,0.7,connected,0,0,177,0.6531365313653137,177,10,180,76,1,1,83,90,82,78,125,78,100,7,636,115.89999999999999,0.43412990196078427,1,444,109,1,1.0,50,0,192,
1000640,sweep,20260713,regional_hospital,intermediate_capacity,baseline_flat,workstation,92,292,2279,flat,0.75,6,0.7,connected,0,0,1,0.003424657534246575,1,1,0,5,0,0,0,0,8,0,0,0,0,1,8,1.8,0.011029411764705883,0,216,40,1,1.0,0,1,45,
1000641,sweep,20260713,regional_hospital,intermediate_capacity,baseline_flat,internet_facing,263,273,2157,flat,0.75,6,0.7,connected,0,0,2,0.007326007326007326,2,2,1,2,0,0,0,0,0,0,0,0,0,0,0,0.0,0.0,0,0,0,1,1.0,0,1,4,
1000642,sweep,20260713,regional_hospital,intermediate_capacity,baseline_flat,privileged_system,63,289,2295,flat,0.75,6,0.7,connected,0,0,1,0.0034602076124567475,1,1,0,3,0,0,0,0,0,0,8,0,0,1,8,0.8,0.0,0,376,0,1,1.0,0,1,94,
1000643,sweep,20260713,regional_hospital,intermediate_capacity,baseline_flat,medical_device,146,211,1755,flat,0.75,6,0.7,connected,0,0,120,0.5687203791469194,120,10,124,61,1,1,72,85,77,99,129,72,85,7,619,111.50000000000001,0.4267769607843133,1,415,108,1,1.0,45,0,192,
1000644,sweep,20260713,regional_hospital,intermediate_capacity,baseline_flat,vendor_connection,236,237,1930,flat,0.75,6,0.7,connected,0,0,128,0.540084388185654,128,10,131,97,1,1,101,114,108,124,156,101,140,7,844,153.375,0.576286764705882,1,391,140,1,1.0,48,0,192,
1000645,sweep,20260713,regional_hospital,intermediate_capacity,baseline_flat,workstation,5,226,1854,flat,0.75,6,0.7,connected,0,0,1,0.004424778761061947,1,1,0,13,0,0,0,0,0,0,0,0,8,1,8,1.2,0.0,0,40,0,1,1.0,0,1,18,
1000646,sweep,20260713,regional_hospital,intermediate_capacity,baseline_flat,internet_facing,196,201,1595,flat,0.75,6,0.7,connected,0,0,120,0.5970149253731343,120,10,121,58,1,1,62,73,68,84,114,59,80,7,540,96.77500000000002,0.36825980392156826,1,415,96,1,1.0,37,0,192,
1000647,sweep,20260713,regional_hospital,intermediate_capacity,baseline_flat,privileged_system,250,298,2403,flat,0.75,6,0.7,connected,0,0,178,0.5973154362416108,178,10,183,83,1,1,81,110,89,110,151,81,92,7,714,128.65,0.4995404411764702,1,537,130,1,1.0,65,0,192,
1000648,sweep,20260713,regional_hospital,intermediate_capacity,baseline_flat,medical_device,187,254,2092,flat,0.75,6,0.7,connected,0,0,3,0.011811023622047244,3,3,2,21,0,0,0,0,0,0,0,0,0,0,0,0.0,0.0,0,192,0,1,1.0,0,1,53,
1000649,sweep,20260713,regional_hospital,intermediate_capacity,baseline_flat,vendor_connection,291,292,2307,flat,0.75,6,0.7,connected,0,0,1,0.003424657534246575,1,1,0,3,0,0,16,8,8,8,8,8,0,6,56,11.4,0.05392156862745101,0,1051,155,1,1.0,0,1,192,
1000650,sweep,20260713,regional_hospital,intermediate_capacity,baseline_flat,workstation,56,246,1950,flat,0.75,12,0.7,connected,0,0,2,0.008130081300813009,2,1,1,11,0,0,0,0,0,0,0,0,0,0,0,0.0,0.0,0,48,0,1,1.0,0,1,19,
1000651,sweep,20260713,regional_hospital,intermediate_capacity,baseline_flat,internet_facing,288,296,2382,flat,0.75,12,0.7,connected,0,0,247,0.8344594594594594,247,10,253,124,1,1,130,148,138,166,179,130,155,7,1046,192.6,0.7487745098039228,1,325,180,1,0.8571428571428571,76,0,192,
1000652,sweep,20260713,regional_hospital,intermediate_capacity,baseline_flat,privileged_system,207,223,1782,flat,0.75,12,0.7,connected,0,0,180,0.8071748878923767,180,10,189,147,1,1,167,186,175,189,189,166,192,7,1264,236.45,0.927696078431373,1,153,-1,0,0.42857142857142855,58,0,192,
1000653,sweep,20260713,regional_hospital,intermediate_capacity,baseline_flat,medical_device,225,300,2387,flat,0.75,12,0.7,connected,0,0,230,0.7666666666666667,230,10,234,-1,1,1,178,178,178,178,181,178,170,7,1241,234.95000000000002,0.9270833333333334,1,288,-1,0,0.0,79,0,192,
1000654,sweep,20260713,regional_hospital,intermediate_capacity,baseline_flat,vendor_connection,260,261,2061,flat,0.75,12,0.7,connected,0,0,214,0.8199233716475096,214,10,221,148,1,1,160,178,167,186,187,160,180,7,1218,227.42499999999998,0.8929227941176475,1,288,-1,0,0.5714285714285714,71,0,192,
1000655,sweep,20260713,regional_hospital,intermediate_capacity,baseline_flat,workstation,24,220,1797,flat,0.75,12,0.7,connected,0,0,2,0.00909090909090909,2,1,1,12,0,0,0,0,0,0,0,0,0,0,0,0.0,0.0,0,128,0,1,1.0,0,1,43,
1000656,sweep,20260713,regional_hospital,intermediate_capacity,baseline_flat,internet_facing,201,206,1709,flat,0.75,12,0.7,connected,0,0,176,0.8543689320388349,176,10,184,112,1,1,132,151,140,169,186,131,160,7,1069,196.35,0.7614889705882368,1,221,177,1,0.8571428571428571,62,0,192,
1000657,sweep,20260713,regional_hospital,intermediate_capacity,baseline_flat,privileged_system,191,214,1701,flat,0.75,12,0.7,connected,0,0,184,0.8598130841121495,184,10,191,125,1,1,142,160,149,177,188,142,159,7,1117,206.6,0.8088235294117659,1,202,184,1,0.8571428571428571,57,0,192,
1000658,sweep,20260713,regional_hospital,intermediate_capacity,baseline_flat,medical_device,178,235,1953,flat,0.75,12,0.7,connected,0,0,204,0.8680851063829788,204,10,215,124,1,1,136,154,147,166,172,128,157,7,1060,196.47500000000002,0.777726715686276,1,200,187,1,0.8571428571428571,67,0,192,
1000659,sweep,20260713,regional_hospital,intermediate_capacity,baseline_flat,vendor_connection,251,252,2006,flat,0.75,12,0.7,connected,0,0,201,0.7976190476190477,201,10,204,121,1,1,130,146,136,163,179,130,161,7,1045,192.12500000000003,0.7403492647058837,1,307,177,1,0.8571428571428571,65,0,192,
1000660,sweep,20260713,regional_hospital,intermediate_capacity,baseline_flat,workstation,12,218,1826,flat,0.75,12,0.7,connected,0,0,180,0.8256880733944955,180,10,187,169,1,1,169,169,177,169,169,169,167,7,1189,225.42500000000004,0.8912377450980392,1,199,-1,0,0.0,64,0,192,
1000661,sweep,20260713,regional_hospital,intermediate_capacity,baseline_flat,internet_facing,212,218,1740,flat,0.75,12,0.7,connected,0,0,164,0.7522935779816514,164,10,166,-1,1,1,163,158,164,157,160,157,173,7,1132,214.0,0.8377757352941176,1,236,-1,0,0.0,55,0,192,
1000662,sweep,20260713,regional_hospital,intermediate_capacity,baseline_flat,privileged_system,180,204,1643,flat,0.75,12,0.7,connected,0,0,153,0.75,153,10,158,101,1,1,124,140,131,160,192,124,138,7,1009,184.275,0.7136948529411775,1,278,-1,0,0.7142857142857143,53,0,192,
1000663,sweep,20260713,regional_hospital,intermediate_capacity,baseline_flat,medical_device,184,268,2115,flat,0.75,12,0.7,connected,0,0,208,0.7761194029850746,208,10,215,152,1,1,150,166,157,167,167,150,179,7,1136,212.54999999999998,0.8287377450980395,1,364,-1,0,0.5714285714285714,70,0,192,
1000664,sweep,20260713,regional_hospital,intermediate_capacity,baseline_flat,vendor_connection,271,272,2241,flat,0.75,12,0.7,connected,0,0,224,0.8235294117647058,224,10,233,122,1,1,145,151,144,171,185,132,172,7,1100,202.77499999999998,0.789062500000001,1,230,185,1,0.8571428571428571,78,0,192,
1000665,sweep,20260713,regional_hospital,intermediate_capacity,baseline_flat,workstation,47,227,1885,flat,0.75,12,0.7,connected,0,0,1,0.004405286343612335,1,1,0,4,0,0,8,0,0,0,8,0,8,3,24,4.0,0.01225490196078431,0,552,63,1,1.0,0,1,134,
1000666,sweep,20260713,regional_hospital,intermediate_capacity,baseline_flat,internet_facing,248,250,2054,flat,0.75,12,0.7,connected,0,0,191,0.764,191,10,197,92,1,1,97,112,102,128,165,95,115,7,814,147.125,0.563725490196078,1,357,147,1,1.0,62,0,192,
1000667,sweep,20260713,regional_hospital,intermediate_capacity,baseline_flat,privileged_system,237,297,2382,flat,0.75,12,0.7,connected,0,0,234,0.7878787878787878,234,10,247,112,1,1,126,146,138,160,183,126,154,7,1033,189.5,0.7337622549019621,1,385,170,1,0.8571428571428571,81,0,192,
1000668,sweep,20260713,regional_hospital,intermediate_capacity,baseline_flat,medical_device,216,293,2356,flat,0.75,12,0.7,connected,0,0,240,0.8191126279863481,240,10,247,91,1,1,102,126,108,133,176,99,127,7,871,157.20000000000002,0.6021752450980387,1,304,167,1,1.0,78,0,192,
1000669,sweep,20260713,regional_hospital,intermediate_capacity,baseline_flat,vendor_connection,272,273,2145,flat,0.75,12,0.7,connected,0,0,221,0.8095238095238095,221,10,228,163,1,1,176,184,184,184,184,176,182,7,1270,239.70000000000002,0.9460784313725495,1,224,-1,0,0.2857142857142857,73,0,192,
1000670,sweep,20260713,regional_hospital,intermediate_capacity,baseline_flat,workstation,103,277,2248,flat,0.75,12,0.7,connected,0,0,218,0.7870036101083032,218,10,228,116,1,1,128,146,136,164,183,128,152,7,1037,190.40000000000003,0.7383578431372563,1,269,174,1,0.8571428571428571,73,0,192,
1000671,sweep,20260713,regional_hospital,intermediate_capacity,baseline_flat,internet_facing,230,235,1885,flat,0.75,12,0.7,connected,0,0,196,0.8340425531914893,196,10,210,115,1,1,124,146,136,160,176,124,155,7,1021,187.55,0.7279411764705893,1,160,177,1,0.8571428571428571,67,0,192,
1000672,sweep,20260713,regional_hospital,intermediate_capacity,baseline_flat,privileged_system,235,275,2265,flat,0.75,12,0.7,connected,0,0,242,0.88,242,10,251,180,1,1,174,189,176,174,173,172,183,7,1241,234.8,0.9273897058823529,1,192,-1,0,0.0,77,0,192,
1000673,sweep,20260713,regional_hospital,intermediate_capacity,baseline_flat,medical_device,167,233,1911,flat,0.75,12,0.7,connected,0,0,195,0.8369098712446352,195,10,202,139,1,1,163,181,172,191,191,163,179,7,1240,231.7,0.9134497549019618,1,231,-1,0,0.7142857142857143,66,0,192,
1000674,sweep,20260713,regional_hospital,intermediate_capacity,baseline_flat,vendor_connection,273,274,2269,flat,0.75,12,0.7,connected,0,0,210,0.7664233576642335,210,10,224,115,1,1,131,148,139,166,183,131,154,7,1052,193.54999999999998,0.7516850490196093,1,270,176,1,0.8571428571428571,76,0,192,
1000675,sweep,20260713,regional_hospital,intermediate_capacity,baseline_flat,workstation,48,251,1961,flat,0.75,12,0.7,connected,0,0,188,0.749003984063745,188,10,191,110,1,1,103,130,111,136,166,103,125,7,874,159.05,0.615962009803921,1,306,189,1,0.8571428571428571,60,0,192,
1000676,sweep,20260713,regional_hospital,intermediate_capacity,baseline_flat,internet_facing,223,226,1802,flat,0.75,12,0.7,connected,0,0,186,0.8230088495575221,186,10,194,113,1,1,118,138,130,153,172,118,150,7,979,179.375,0.6931678921568634,1,192,174,1,0.8571428571428571,61,0,192,
1000677,sweep,20260713,regional_hospital,intermediate_capacity,baseline_flat,privileged_system,245,298,2439,flat,0.75,12,0.7,connected,0,0,267,0.8959731543624161,267,10,274,140,1,1,155,170,170,185,179,152,182,7,1193,222.77500000000003,0.8785232843137263,1,190,-1,0,0.5714285714285714,84,0,192,
1000678,sweep,20260713,regional_hospital,intermediate_capacity,baseline_flat,medical_device,196,273,2242,flat,0.75,12,0.7,connected,0,0,210,0.7692307692307693,210,10,215,111,1,1,104,124,110,135,165,104,124,7,866,157.67499999999998,0.6076899509803917,1,379,163,1,0.8571428571428571,66,0,192,
1000679,sweep,20260713,regional_hospital,intermediate_capacity,baseline_flat,vendor_connection,259,260,2020,flat,0.75,12,0.7,connected,0,0,219,0.8423076923076923,219,10,227,120,1,1,145,151,146,161,183,139,162,7,1087,201.35000000000002,0.7810968137254911,1,199,173,1,0.8571428571428571,63,0,192,
1000680,sweep,20260713,regional_hospital,intermediate_capacity,baseline_flat,workstation,1,253,2040,flat,0.75,12,0.7,connected,0,0,212,0.8379446640316206,212,10,220,134,1,1,137,151,140,167,170,132,163,7,1060,196.325,0.7670036764705895,1,225,-1,0,0.7142857142857143,70,0,192,
1000681,sweep,20260713,regional_hospital,intermediate_capacity,baseline_flat,internet_facing,221,223,1807,flat,0.75,12,0.7,connected,0,0,174,0.7802690582959642,174,10,182,103,1,1,127,134,124,153,183,119,138,7,978,179.0,0.693780637254902,1,304,175,1,0.8571428571428571,57,0,192,
1000682,sweep,20260713,regional_hospital,intermediate_capacity,baseline_flat,privileged_system,228,283,2236,flat,0.75,12,0.7,connected,0,0,225,0.7950530035335689,225,10,228,139,1,1,148,167,162,179,181,148,176,7,1161,215.97500000000002,0.8466605392156873,1,304,-1,0,0.7142857142857143,72,0,192,
1000683,sweep,20260713,regional_hospital,intermediate_capacity,baseline_flat,medical_device,167,232,1828,flat,0.75,12,0.7,connected,0,0,207,0.8922413793103449,207,10,214,112,1,1,124,142,132,160,184,124,148,7,1014,185.6,0.7175245098039226,1,200,174,1,0.8571428571428571,65,0,192,
1000684,sweep,20260713,regional_hospital,intermediate_capacity,baseline_flat,vendor_connection,244,245,1946,flat,0.75,12,0.7,connected,0,0,201,0.8204081632653061,201,10,207,112,1,1,121,145,128,167,176,121,143,7,1001,183.54999999999998,0.7185968137254912,1,183,171,1,0.8571428571428571,67,0,192,
1000685,sweep,20260713,regional_hospital,intermediate_capacity,baseline_flat,workstation,109,294,2438,flat,0.75,12,0.7,connected,0,0,259,0.8809523809523809,259,10,272,156,1,1,165,176,173,178,176,164,183,7,1215,228.475,0.8978247549019612,1,232,-1,0,0.42857142857142855,85,0,192,
1000686,sweep,20260713,regional_hospital,intermediate_capacity,baseline_flat,internet_facing,227,231,1863,flat,0.75,12,0.7,connected,0,0,196,0.8484848484848485,196,10,202,142,1,1,148,164,154,171,178,146,175,7,1136,211.275,0.8233762254901972,1,183,-1,0,0.7142857142857143,61,0,192,
1000687,sweep,20260713,regional_hospital,intermediate_capacity,baseline_flat,privileged_system,197,217,1742,flat,0.75,12,0.7,connected,0,0,168,0.7741935483870968,168,10,174,155,1,1,171,184,180,184,184,171,182,7,1256,236.425,0.9329044117647064,1,226,-1,0,0.42857142857142855,58,0,192,
1000688,sweep,20260713,regional_hospital,intermediate_capacity,baseline_flat,medical_device,150,228,1832,flat,0.75,12,0.7,connected,0,0,190,0.8333333333333334,190,10,195,-1,1,1,170,163,163,176,174,163,163,7,1172,221.1,0.8736213235294118,1,315,-1,0,0.0,66,0,192,
1000689,sweep,20260713,regional_hospital,intermediate_capacity,baseline_flat,vendor_connection,288,289,2298,flat,0.75,12,0.7,connected,0,0,246,0.8512110726643599,246,10,259,124,1,1,141,158,149,174,185,141,158,7,1106,204.74999999999997,0.8016237745098053,1,166,182,1,0.8571428571428571,77,0,192,
1000690,sweep,20260713,regional_hospital,intermediate_capacity,baseline_flat,workstation,93,271,2253,flat,0.75,12,0.7,connected,0,0,2,0.007380073800738007,2,1,1,18,0,0,0,0,0,0,0,0,0,0,0,0.0,0.0,0,112,0,1,1.0,0,1,30,
1000691,sweep,20260713,regional_hospital,intermediate_capacity,baseline_flat,internet_facing,284,292,2310,flat,0.75,12,0.7,connected,0,0,245,0.839041095890411,245,10,254,140,1,1,157,163,151,175,174,142,166,7,1128,210.7,0.836090686274511,1,291,-1,0,0.7142857142857143,76,0,192,
1000692,sweep,20260713,regional_hospital,intermediate_capacity,baseline_flat,privileged_system,173,206,1653,flat,0.75,12,0.7,connected,0,0,179,0.8689320388349514,179,10,189,186,1,1,173,179,178,178,178,173,177,7,1236,233.52500000000006,0.9206495098039215,1,80,-1,0,0.0,54,0,192,
1000693,sweep,20260713,regional_hospital,intermediate_capacity,baseline_flat,medical_device,146,223,1774,flat,0.75,12,0.7,connected,0,0,190,0.852017937219731,190,10,198,100,1,1,120,135,133,152,185,120,145,7,990,180.77499999999998,0.6956188725490206,1,289,160,1,0.8571428571428571,61,0,192,
1000694,sweep,20260713,regional_hospital,intermediate_capacity,baseline_flat,vendor_connection,286,287,2236,flat,0.75,12,0.7,connected,0,0,226,0.7874564459930313,226,10,231,125,1,1,138,155,145,169,180,134,162,7,1083,200.15,0.7824754901960799,1,277,182,1,0.8571428571428571,74,0,192,
1000695,sweep,20260713,regional_hospital,intermediate_capacity,baseline_flat,workstation,31,232,1882,flat,0.75,12,0.7,connected,0,0,192,0.8275862068965517,192,10,197,146,1,1,145,168,157,168,165,145,169,7,1117,209.04999999999998,0.824601715686275,1,254,-1,0,0.5714285714285714,67,0,192,
1000696,sweep,20260713,regional_hospital,intermediate_capacity,baseline_flat,internet_facing,298,300,2405,flat,0.75,12,0.7,connected,0,0,241,0.8033333333333333,241,10,247,90,1,1,99,119,110,132,171,99,114,7,844,152.875,0.5906862745098035,1,325,144,1,1.0,74,0,192,
1000697,sweep,20260713,regional_hospital,intermediate_capacity,baseline_flat,privileged_system,202,239,1875,flat,0.75,12,0.7,connected,0,0,3,0.012552301255230125,3,3,2,6,0,0,0,0,0,8,0,0,0,1,8,1.4,0.008578431372549019,0,432,9,1,1.0,0,1,104,
1000698,sweep,20260713,regional_hospital,intermediate_capacity,baseline_flat,medical_device,197,251,2067,flat,0.75,12,0.7,connected,0,0,200,0.796812749003984,200,10,213,105,1,1,103,122,120,140,164,103,133,7,885,161.175,0.6228553921568623,1,383,169,1,0.8571428571428571,75,0,192,
1000699,sweep,20260713,regional_hospital,intermediate_capacity,baseline_flat,vendor_connection,272,273,2212,flat,0.75,12,0.7,connected,0,0,191,0.6996336996336996,191,10,194,158,1,1,165,176,172,176,177,165,168,7,1199,225.97499999999997,0.8943014705882356,1,369,-1,0,0.42857142857142855,70,0,192,
1000700,sweep,20260713,regional_hospital,intermediate_capacity,baseline_flat,workstation,30,275,2261,flat,0.75,24,0.7,connected,0,0,259,0.9418181818181818,259,10,262,-1,1,1,183,182,182,182,182,182,177,7,1270,240.65000000000003,0.9494485294117648,1,152,-1,0,0.0,81,0,192,
1000701,sweep,20260713,regional_hospital,intermediate_capacity,baseline_flat,internet_facing,253,259,2057,flat,0.75,24,0.7,connected,0,0,238,0.918918918918919,238,10,246,170,1,1,178,184,181,180,180,176,178,7,1257,237.825,0.940716911764706,1,128,-1,0,0.0,69,0,192,
1000702,sweep,20260713,regional_hospital,intermediate_capacity,baseline_flat,privileged_system,252,282,2258,flat,0.75,24,0.7,connected,0,0,260,0.9219858156028369,260,10,269,-1,1,1,187,187,187,187,187,187,179,7,1301,246.57500000000002,0.9739583333333334,1,120,-1,0,0.0,80,0,192,
1000703,sweep,20260713,regional_hospital,intermediate_capacity,baseline_flat,medical_device,180,276,2229,flat,0.75,24,0.7,connected,0,0,256,0.927536231884058,256,10,265,-1,1,1,188,181,180,180,180,180,178,7,1267,240.39999999999998,0.9509803921568628,1,59,-1,0,0.0,79,0,192,
1000704,sweep,20260713,regional_hospital,intermediate_capacity,baseline_flat,vendor_connection,285,286,2379,flat,0.75,24,0.7,connected,0,0,262,0.916083916083916,262,10,271,-1,1,1,174,174,179,176,178,174,180,7,1235,233.32500000000002,0.9152879901960785,1,160,-1,0,0.0,89,0,192,
1000705,sweep,20260713,regional_hospital,intermediate_capacity,baseline_flat,workstation,14,206,1687,flat,0.75,24,0.7,connected,0,0,195,0.9466019417475728,195,10,200,-1,1,1,190,179,179,179,183,179,168,7,1257,238.675,0.9491421568627452,1,104,-1,0,0.0,59,0,192,
1000706,sweep,20260713,regional_hospital,intermediate_capacity,baseline_flat,internet_facing,254,265,2146,flat,0.75,24,0.7,connected,0,0,254,0.9584905660377359,254,10,263,-1,1,1,183,183,183,183,183,183,183,7,1281,242.47500000000002,0.953125,1,144,-1,0,0.0,77,0,192,
1000707,sweep,20260713,regional_hospital,intermediate_capacity,baseline_flat,privileged_system,253,287,2259,flat,0.75,24,0.7,connected,0,0,267,0.9303135888501742,267,10,285,-1,1,1,184,184,184,184,184,184,180,7,1284,243.20000000000002,0.9583333333333334,1,153,-1,0,0.0,78,0,192,
1000708,sweep,20260713,regional_hospital,intermediate_capacity,baseline_flat,medical_device,185,268,2139,flat,0.75,24,0.7,connected,0,0,233,0.8694029850746269,233,10,242,-1,1,1,181,181,181,181,181,181,172,7,1258,238.47500000000002,0.9427083333333334,1,288,-1,0,0.0,73,0,192,
1000709,sweep,20260713,regional_hospital,intermediate_capacity,baseline_flat,vendor_connection,205,206,1602,flat,0.75,24,0.7,connected,0,0,194,0.941747572815534,194,10,208,-1,1,1,189,190,189,189,189,189,185,7,1320,250.025,0.9856004901960785,1,88,-1,0,0.0,56,0,192,
1000710,sweep,20260713,regional_hospital,intermediate_capacity,baseline_flat,workstation,48,238,1903,flat,0.75,24,0.7,connected,0,0,223,0.9369747899159664,223,10,237,-1,1,1,128,121,129,144,125,119,119,7,885,167.55,0.6766237745098039,1,312,-1,0,0.0,67,0,192,
1000711,sweep,20260713,regional_hospital,intermediate_capacity,baseline_flat,internet_facing,289,295,2401,flat,0.75,24,0.7,connected,0,0,264,0.8949152542372881,264,10,275,185,1,1,187,187,187,187,187,187,183,7,1305,247.175,0.9739583333333334,1,192,-1,0,0.0,83,0,192,
1000712,sweep,20260713,regional_hospital,intermediate_capacity,baseline_flat,privileged_system,224,279,2289,flat,0.75,24,0.7,connected,0,0,251,0.899641577060932,251,10,257,-1,1,1,176,180,176,179,185,176,174,7,1246,235.12499999999997,0.9247855392156863,1,144,-1,0,0.0,82,0,192,
1000713,sweep,20260713,regional_hospital,intermediate_capacity,baseline_flat,medical_device,142,204,1643,flat,0.75,24,0.7,connected,0,0,197,0.9656862745098039,197,10,201,-1,1,1,177,177,176,175,175,175,175,7,1230,233.0,0.9183517156862745,1,64,-1,0,0.0,59,0,192,
1000714,sweep,20260713,regional_hospital,intermediate_capacity,baseline_flat,vendor_connection,204,205,1665,flat,0.75,24,0.7,connected,0,0,194,0.9463414634146341,194,10,199,-1,1,1,187,179,180,176,180,176,182,7,1260,238.75000000000003,0.9427083333333334,1,88,-1,0,0.0,58,0,192,
1000715,sweep,20260713,regional_hospital,intermediate_capacity,baseline_flat,workstation,24,263,2110,flat,0.75,24,0.7,connected,0,0,242,0.9201520912547528,242,10,247,-1,1,1,175,175,175,175,175,175,172,7,1222,231.425,0.9114583333333334,1,192,-1,0,0.0,72,0,192,
1000716,sweep,20260713,regional_hospital,intermediate_capacity,baseline_flat,internet_facing,219,225,1848,flat,0.75,24,0.7,connected,0,0,1,0.0044444444444444444,1,1,0,3,0,0,9,8,8,16,8,8,8,7,65,12.25,0.0517769607843137,0,805,-1,0,0.8571428571428571,0,1,192,
1000717,sweep,20260713,regional_hospital,intermediate_capacity,baseline_flat,privileged_system,190,225,1793,flat,0.75,24,0.7,connected,0,0,209,0.9288888888888889,209,10,217,-1,1,1,185,184,182,185,188,182,184,7,1290,243.725,0.9581801470588235,1,144,-1,0,0.0,65,0,192,
1000718,sweep,20260713,regional_hospital,intermediate_capacity,baseline_flat,medical_device,217,291,2376,flat,0.75,24,0.7,connected,0,0,265,0.9106529209621993,265,10,279,-1,1,1,177,174,173,175,183,173,175,7,1230,232.07500000000005,0.9105392156862745,1,195,-1,0,0.0,87,0,192,
1000719,sweep,20260713,regional_hospital,intermediate_capacity,baseline_flat,vendor_connection,229,230,1811,flat,0.75,24,0.7,connected,0,0,215,0.9347826086956522,215,10,219,-1,1,1,178,179,177,187,177,176,179,7,1253,237.0,0.9365808823529411,1,136,-1,0,0.0,62,0,192,
1000720,sweep,20260713,regional_hospital,intermediate_capacity,baseline_flat,workstation,76,289,2307,flat,0.75,24,0.7,connected,0,0,1,0.0034602076124567475,1,1,0,2,0,0,0,0,0,0,0,0,0,0,0,0.0,0.0,0,0,0,1,1.0,0,1,4,
1000721,sweep,20260713,regional_hospital,intermediate_capacity,baseline_flat,internet_facing,196,205,1715,flat,0.75,24,0.7,connected,0,0,196,0.9560975609756097,196,10,203,-1,1,1,188,179,184,180,183,179,187,7,1280,242.32500000000005,0.9540441176470589,1,56,-1,0,0.0,60,0,192,
1000722,sweep,20260713,regional_hospital,intermediate_capacity,baseline_flat,privileged_system,214,253,2062,flat,0.75,24,0.7,connected,0,0,230,0.9090909090909091,230,10,240,-1,1,1,167,167,167,167,179,167,165,7,1179,222.175,0.8697916666666666,1,242,-1,0,0.0,74,0,192,
1000723,sweep,20260713,regional_hospital,intermediate_capacity,baseline_flat,medical_device,197,269,2138,flat,0.75,24,0.7,connected,0,0,253,0.9405204460966543,253,10,266,-1,1,1,123,128,125,125,125,123,126,7,875,165.425,0.651654411764706,1,344,-1,0,0.0,75,0,192,
1000724,sweep,20260713,regional_hospital,intermediate_capacity,baseline_flat,vendor_connection,281,282,2257,flat,0.75,24,0.7,connected,0,0,262,0.9290780141843972,262,10,271,165,1,1,183,183,179,184,179,177,184,7,1269,240.15,0.9486825980392158,1,136,-1,0,0.2857142857142857,80,0,192,
1000725,sweep,20260713,regional_hospital,intermediate_capacity,baseline_flat,workstation,21,288,2394,flat,0.75,24,0.7,connected,0,0,262,0.9097222222222222,262,10,274,-1,1,1,165,165,165,165,165,165,162,7,1152,218.175,0.859375,1,229,-1,0,0.0,85,0,192,
1000726,sweep,20260713,regional_hospital,intermediate_capacity,baseline_flat,internet_facing,230,233,1899,flat,0.75,24,0.7,connected,0,0,221,0.9484978540772532,221,10,227,-1,1,1,175,180,189,183,182,173,181,7,1263,238.57500000000002,0.9454656862745098,1,184,-1,0,0.0,68,0,192,
1000727,sweep,20260713,regional_hospital,intermediate_capacity,baseline_flat,privileged_system,192,230,1854,flat,0.75,24,0.7,connected,0,0,216,0.9391304347826087,216,10,232,-1,1,1,183,184,183,183,188,183,183,7,1287,243.17500000000004,0.9543504901960785,1,150,-1,0,0.0,66,0,192,
1000728,sweep,20260713,regional_hospital,intermediate_capacity,baseline_flat,medical_device,173,215,1672,flat,0.75,24,0.7,connected,0,0,197,0.9162790697674419,197,10,201,-1,1,1,164,164,163,164,161,160,169,7,1145,216.625,0.8527879901960785,1,160,-1,0,0.0,58,0,192,
1000729,sweep,20260713,regional_hospital,intermediate_capacity,baseline_flat,vendor_connection,221,222,1817,flat,0.75,24,0.7,connected,0,0,205,0.9234234234234234,205,10,211,-1,1,1,179,177,185,177,184,166,179,7,1247,235.35,0.9359681372549019,1,172,-1,0,0.0,62,0,192,
1000730,sweep,20260713,regional_hospital,intermediate_capacity,baseline_flat,workstation,79,226,1787,flat,0.75,24,0.7,connected,0,0,218,0.9646017699115044,218,10,221,-1,1,1,178,172,172,172,172,172,190,7,1228,232.10000000000002,0.9050245098039215,1,133,-1,0,0.0,65,0,192,
1000731,sweep,20260713,regional_hospital,intermediate_capacity,baseline_flat,internet_facing,295,297,2328,flat,0.75,24,0.7,connected,0,0,257,0.8653198653198653,257,10,268,-1,1,1,183,183,183,184,183,183,186,7,1285,243.10000000000002,0.9541973039215685,1,184,-1,0,0.0,80,0,192,
1000732,sweep,20260713,regional_hospital,intermediate_capacity,baseline_flat,privileged_system,195,218,1744,flat,0.75,24,0.7,connected,0,0,195,0.8944954128440367,195,10,200,160,1,1,181,189,189,189,189,181,180,7,1298,245.275,0.9721200980392162,1,120,-1,0,0.2857142857142857,61,0,192,
1000733,sweep,20260713,regional_hospital,intermediate_capacity,baseline_flat,medical_device,152,208,1668,flat,0.75,24,0.7,connected,0,0,190,0.9134615384615384,190,10,196,-1,1,1,184,175,174,174,174,174,171,7,1226,232.8,0.9227941176470589,1,168,-1,0,0.0,57,0,192,
1000734,sweep,20260713,regional_hospital,intermediate_capacity,baseline_flat,vendor_connection,272,273,2265,flat,0.75,24,0.7,connected,0,0,248,0.9084249084249084,248,10,259,-1,1,1,180,180,180,180,180,180,177,7,1257,238.05,0.9375,1,136,-1,0,0.0,83,0,192,
1000735,sweep,20260713,regional_hospital,intermediate_capacity,baseline_flat,workstation,51,203,1637,flat,0.75,24,0.7,connected,0,0,193,0.9507389162561576,193,10,202,-1,1,1,174,176,178,183,174,174,176,7,1235,233.72500000000002,0.9238664215686274,1,128,-1,0,0.0,59,0,192,
1000736,sweep,20260713,regional_hospital,intermediate_capacity,baseline_flat,internet_facing,250,255,2003,flat,0.75,24,0.7,connected,0,0,228,0.8941176470588236,228,10,237,-1,1,1,188,180,181,180,180,180,186,7,1275,241.625,0.9511335784313726,1,184,-1,0,0.0,71,0,192,
1000737,sweep,20260713,regional_hospital,intermediate_capacity,baseline_flat,privileged_system,174,212,1725,flat,0.75,24,0.7,connected,0,0,199,0.9386792452830188,199,10,203,-1,1,1,189,189,189,189,189,189,182,7,1316,249.37500000000003,0.984375,1,134,-1,0,0.0,63,0,192,
1000738,sweep,20260713,regional_hospital,intermediate_capacity,baseline_flat,medical_device,214,300,2381,flat,0.75,24,0.7,connected,0,0,242,0.8066666666666666,242,10,255,-1,1,1,44,59,49,51,47,44,48,7,342,64.55,0.2619485294117647,1,692,-1,0,0.0,82,0,192,
1000739,sweep,20260713,regional_hospital,intermediate_capacity,baseline_flat,vendor_connection,271,272,2177,flat,0.75,24,0.7,connected,0,0,239,0.8786764705882353,239,10,247,-1,1,1,188,188,188,188,190,188,179,7,1309,247.95000000000002,0.9791666666666666,1,208,-1,0,0.0,77,0,192,
1000740,sweep,20260713,regional_hospital,intermediate_capacity,baseline_flat,workstation,41,210,1678,flat,0.75,24,0.7,connected,0,0,199,0.9476190476190476,199,10,212,-1,1,1,170,170,173,169,171,169,174,7,1196,226.225,0.8884803921568628,1,144,-1,0,0.0,58,0,192,
1000741,sweep,20260713,regional_hospital,intermediate_capacity,baseline_flat,internet_facing,209,213,1765,flat,0.75,24,0.7,connected,0,0,188,0.8826291079812206,188,10,195,-1,1,1,180,181,180,181,180,180,179,7,1261,238.725,0.9397977941176471,1,144,-1,0,0.0,64,0,192,
1000742,sweep,20260713,regional_hospital,intermediate_capacity,baseline_flat,privileged_system,219,242,1928,flat,0.75,24,0.7,connected,0,0,224,0.9256198347107438,224,10,232,-1,1,1,190,190,190,190,190,190,183,7,1323,250.7,0.9895833333333334,1,128,-1,0,0.0,66,0,192,
1000743,sweep,20260713,regional_hospital,intermediate_capacity,baseline_flat,medical_device,225,300,2354,flat,0.75,24,0.7,connected,0,0,282,0.94,282,10,292,-1,1,1,171,171,173,173,173,171,172,7,1204,227.72500000000002,0.8955269607843137,1,216,-1,0,0.0,82,0,192,
1000744,sweep,20260713,regional_hospital,intermediate_capacity,baseline_flat,vendor_connection,238,239,1938,flat,0.75,24,0.7,connected,0,0,207,0.8661087866108786,207,10,215,191,1,1,185,185,185,185,185,185,183,7,1293,244.825,0.9635416666666666,1,139,-1,0,0.0,66,0,192,
1000745,sweep,20260713,regional_hospital,intermediate_capacity,baseline_flat,workstation,69,261,2073,flat,0.75,24,0.7,connected,0,0,242,0.9272030651340997,242,10,253,-1,1,1,162,169,163,165,171,161,164,7,1155,217.775,0.8569240196078431,1,208,-1,0,0.0,73,0,192,
1000746,sweep,20260713,regional_hospital,intermediate_capacity,baseline_flat,internet_facing,285,294,2332,flat,0.75,24,0.7,connected,0,0,252,0.8571428571428571,252,10,261,-1,1,1,178,178,178,178,178,178,175,7,1243,235.40000000000003,0.9270833333333334,1,287,-1,0,0.0,84,0,192,
1000747,sweep,20260713,regional_hospital,intermediate_capacity,baseline_flat,privileged_system,230,280,2277,flat,0.75,24,0.7,connected,0,0,256,0.9142857142857143,256,10,266,-1,1,1,177,177,177,177,177,177,169,7,1231,233.32500000000002,0.921875,1,206,-1,0,0.0,80,0,192,
1000748,sweep,20260713,regional_hospital,intermediate_capacity,baseline_flat,medical_device,186,273,2224,flat,0.75,24,0.7,connected,0,0,258,0.945054945054945,258,10,267,-1,1,1,169,169,169,169,169,169,167,7,1181,223.62500000000003,0.8802083333333334,1,232,-1,0,0.0,81,0,192,
1000749,sweep,20260713,regional_hospital,intermediate_capacity,baseline_flat,vendor_connection,293,294,2379,flat,0.75,24,0.7,connected,0,0,281,0.95578231292517,281,10,291,-1,1,1,180,180,183,180,181,180,185,7,1269,240.025,0.9416360294117648,1,168,-1,0,0.0,85,0,192,
1000750,sweep,20260713,regional_hospital,intermediate_capacity,baseline_flat,workstation,38,255,2092,flat,0.9,1,0.7,connected,0,0,1,0.00392156862745098,1,1,0,2,0,0,8,12,8,8,8,8,8,7,60,11.4,0.04656862745098039,1,739,25,1,1.0,0,1,192,
1000751,sweep,20260713,regional_hospital,intermediate_capacity,baseline_flat,internet_facing,257,259,2114,flat,0.9,1,0.7,connected,0,0,2,0.007722007722007722,2,1,1,4,0,0,0,0,0,0,0,0,0,0,0,0.0,0.0,0,56,0,1,1.0,0,1,19,
1000752,sweep,20260713,regional_hospital,intermediate_capacity,baseline_flat,privileged_system,258,289,2327,flat,0.9,1,0.7,connected,0,0,10,0.03460207612456748,10,5,10,10,1,1,0,8,16,0,8,0,16,4,48,8.4,0.031862745098039214,0,903,37,1,1.0,5,0,192,
1000753,sweep,20260713,regional_hospital,intermediate_capacity,baseline_flat,medical_device,180,233,1863,flat,0.9,1,0.7,connected,0,0,8,0.034334763948497854,8,4,7,11,1,0,8,8,8,8,16,8,0,6,56,10.200000000000001,0.041666666666666664,0,661,88,1,1.0,3,0,192,
1000754,sweep,20260713,regional_hospital,intermediate_capacity,baseline_flat,vendor_connection,241,242,1986,flat,0.9,1,0.7,connected,0,0,3,0.012396694214876033,3,3,2,4,0,0,0,0,0,0,0,0,0,0,0,0.0,0.0,0,160,0,1,1.0,0,1,58,
1000755,sweep,20260713,regional_hospital,intermediate_capacity,baseline_flat,workstation,60,295,2320,flat,0.9,1,0.7,connected,0,0,1,0.003389830508474576,1,1,0,2,0,0,8,0,0,0,0,0,0,1,8,2.0,0.01225490196078431,0,448,37,1,1.0,0,1,99,
1000756,sweep,20260713,regional_hospital,intermediate_capacity,baseline_flat,internet_facing,235,244,1903,flat,0.9,1,0.7,connected,0,0,3,0.012295081967213115,3,3,2,5,0,0,0,8,0,0,0,0,0,1,8,1.6,0.009803921568627453,0,512,114,1,1.0,0,1,139,
1000757,sweep,20260713,regional_hospital,intermediate_capacity,baseline_flat,privileged_system,55,249,1980,flat,0.9,1,0.7,connected,0,0,1,0.004016064257028112,1,1,0,2,0,0,0,8,0,8,8,0,0,3,24,3.8,0.018382352941176478,0,544,116,1,1.0,0,1,125,
1000758,sweep,20260713,regional_hospital,intermediate_capacity,baseline_flat,medical_device,215,295,2438,flat,0.9,1,0.7,connected,0,0,1,0.003389830508474576,1,1,0,5,0,0,0,0,0,0,0,0,8,1,8,1.2,0.0,0,400,0,1,1.0,0,1,104,
1000759,sweep,20260713,regional_hospital,intermediate_capacity,baseline_flat,vendor_connection,230,231,1846,flat,0.9,1,0.7,connected,0,0,14,0.06060606060606061,14,5,13,13,0,1,18,18,18,42,18,18,0,6,132,25.35,0.11948529411764712,1,672,152,1,1.0,0,1,187,
1000760,sweep,20260713,regional_hospital,intermediate_capacity,baseline_flat,workstation,42,222,1767,flat,0.9,1,0.7,connected,0,0,1,0.0045045045045045045,1,1,0,2,0,0,0,0,0,0,0,0,0,0,0,0.0,0.0,0,296,0,1,1.0,0,1,80,
1000761,sweep,20260713,regional_hospital,intermediate_capacity,baseline_flat,internet_facing,264,272,2191,flat,0.9,1,0.7,connected,0,0,1,0.003676470588235294,1,1,0,2,0,0,0,0,0,0,0,0,0,0,0,0.0,0.0,0,16,0,1,1.0,0,1,13,
1000762,sweep,20260713,regional_hospital,intermediate_capacity,baseline_flat,privileged_system,85,259,2055,flat,0.9,1,0.7,connected,0,0,3,0.011583011583011582,3,1,2,5,0,0,8,0,0,0,0,0,8,2,16,3.2,0.01225490196078431,0,616,140,1,1.0,0,1,165,
1000763,sweep,20260713,regional_hospital,intermediate_capacity,baseline_flat,medical_device,154,216,1751,flat,0.9,1,0.7,connected,0,0,1,0.004629629629629629,1,1,0,2,0,0,16,8,0,8,0,0,0,3,32,7.0,0.04289215686274509,0,424,67,1,1.0,0,1,97,
1000764,sweep,20260713,regional_hospital,intermediate_capacity,baseline_flat,vendor_connection,201,202,1643,flat,0.9,1,0.7,connected,0,0,1,0.0049504950495049506,1,1,0,2,0,0,16,8,8,11,8,8,8,7,67,13.125,0.05713848039215686,1,694,120,1,1.0,0,1,192,
1000765,sweep,20260713,regional_hospital,intermediate_capacity,baseline_flat,workstation,90,225,1803,flat,0.9,1,0.7,connected,0,0,1,0.0044444444444444444,1,1,0,2,0,0,0,0,0,0,0,0,0,0,0,0.0,0.0,0,136,0,1,1.0,0,1,34,
1000766,sweep,20260713,regional_hospital,intermediate_capacity,baseline_flat,internet_facing,234,239,1916,flat,0.9,1,0.7,connected,0,0,8,0.03347280334728033,8,7,7,4,1,1,0,0,4,0,0,0,0,1,4,0.9,0.0055147058823529415,0,24,6,1,1.0,3,0,15,
1000767,sweep,20260713,regional_hospital,intermediate_capacity,baseline_flat,privileged_system,222,252,2046,flat,0.9,1,0.7,connected,0,0,2,0.007936507936507936,2,1,1,5,0,1,14,14,14,14,14,14,0,6,84,16.45,0.07291666666666667,0,376,103,1,1.0,0,1,105,
1000768,sweep,20260713,regional_hospital,intermediate_capacity,baseline_flat,medical_device,180,257,2073,flat,0.9,1,0.7,connected,0,0,1,0.0038910505836575876,1,1,0,2,0,0,0,8,0,0,0,0,0,1,8,1.6,0.009803921568627453,0,192,58,1,1.0,0,1,62,
1000769,sweep,20260713,regional_hospital,intermediate_capacity,baseline_flat,vendor_connection,273,274,2136,flat,0.9,1,0.7,connected,0,0,1,0.0036496350364963502,1,1,0,2,0,0,0,0,0,0,0,0,0,0,0,0.0,0.0,0,48,0,1,1.0,0,1,18,
1000770,sweep,20260713,regional_hospital,intermediate_capacity,baseline_flat,workstation,20,266,2121,flat,0.9,1,0.7,connected,0,0,1,0.0037593984962406013,1,1,0,3,0,0,0,0,0,0,0,0,0,0,0,0.0,0.0,0,248,0,1,1.0,0,1,54,
1000771,sweep,20260713,regional_hospital,intermediate_capacity,baseline_flat,internet_facing,199,205,1679,flat,0.9,1,0.7,connected,0,0,5,0.024390243902439025,5,3,4,6,0,0,0,0,8,0,0,0,0,1,8,1.8,0.011029411764705883,0,256,24,1,1.0,0,1,104,
1000772,sweep,20260713,regional_hospital,intermediate_capacity,baseline_flat,privileged_system,243,295,2335,flat,0.9,1,0.7,connected,0,0,3,0.010169491525423728,3,3,2,5,0,0,0,8,0,0,0,0,0,1,8,1.6,0.009803921568627453,0,384,57,1,1.0,0,1,71,
1000773,sweep,20260713,regional_hospital,intermediate_capacity,baseline_flat,medical_device,173,270,2209,flat,0.9,1,0.7,connected,0,0,1,0.003703703703703704,1,1,0,5,0,0,8,0,0,8,8,0,8,4,32,5.4,0.020833333333333332,0,712,178,1,1.0,0,1,189,
1000774,sweep,20260713,regional_hospital,intermediate_capacity,baseline_flat,vendor_connection,235,236,1904,flat,0.9,1,0.7,connected,0,0,1,0.00423728813559322,1,1,0,2,0,0,0,0,0,0,0,0,8,1,8,1.2,0.0,0,672,0,1,1.0,0,1,173,
1000775,sweep,20260713,regional_hospital,intermediate_capacity,baseline_flat,workstation,18,248,1902,flat,0.9,1,0.7,connected,0,0,1,0.004032258064516129,1,1,0,2,0,0,0,0,0,0,0,0,0,0,0,0.0,0.0,0,0,0,1,1.0,0,1,4,
1000776,sweep,20260713,regional_hospital,intermediate_capacity,baseline_flat,internet_facing,247,249,1986,flat,0.9,1,0.7,connected,0,0,1,0.004016064257028112,1,1,0,2,0,0,0,0,0,0,0,0,0,0,0,0.0,0.0,0,336,0,1,1.0,0,1,87,
1000777,sweep,20260713,regional_hospital,intermediate_capacity,baseline_flat,privileged_system,204,233,1884,flat,0.9,1,0.7,connected,0,0,2,0.008583690987124463,2,2,1,2,0,1,11,11,12,11,11,11,8,7,75,14.349999999999998,0.05867034313725491,0,762,-1,0,0.8571428571428571,0,1,192,
1000778,sweep,20260713,regional_hospital,intermediate_capacity,baseline_flat,medical_device,216,282,2313,flat,0.9,1,0.7,connected,0,0,24,0.0851063829787234,24,9,23,12,1,1,9,0,8,0,7,0,8,4,32,5.95,0.02481617647058823,1,648,66,1,1.0,8,0,136,
1000779,sweep,20260713,regional_hospital,intermediate_capacity,baseline_flat,vendor_connection,216,217,1726,flat,0.9,1,0.7,connected,0,0,3,0.013824884792626729,3,2,2,4,0,0,8,0,0,0,0,0,8,2,16,3.2,0.01225490196078431,0,576,28,1,1.0,0,1,149,
1000780,sweep,20260713,regional_hospital,intermediate_capacity,baseline_flat,workstation,3,272,2224,flat,0.9,1,0.7,connected,0,0,1,0.003676470588235294,1,1,0,2,0,0,0,0,16,0,0,0,8,2,24,4.8,0.022058823529411766,0,873,141,1,1.0,0,1,192,
1000781,sweep,20260713,regional_hospital,intermediate_capacity,baseline_flat,internet_facing,273,281,2280,flat,0.9,1,0.7,connected,0,0,4,0.014234875444839857,4,3,3,7,1,0,16,8,8,8,8,8,0,6,56,11.4,0.05392156862745101,0,648,132,1,1.0,2,0,146,
1000782,sweep,20260713,regional_hospital,intermediate_capacity,baseline_flat,privileged_system,241,295,2417,flat,0.9,1,0.7,connected,0,0,10,0.03389830508474576,10,6,9,11,1,0,0,0,0,0,0,0,14,1,14,2.1,0.0,0,688,0,1,1.0,6,0,132,
1000783,sweep,20260713,regional_hospital,intermediate_capacity,baseline_flat,medical_device,208,270,2132,flat,0.9,1,0.7,connected,0,0,4,0.014814814814814815,4,3,3,8,0,0,0,0,0,0,0,0,0,0,0,0.0,0.0,0,208,0,1,1.0,0,1,46,
1000784,sweep,20260713,regional_hospital,intermediate_capacity,baseline_flat,vendor_connection,257,258,2074,flat,0.9,1,0.7,connected,0,0,4,0.015503875968992248,4,3,3,5,1,0,0,0,0,0,0,0,8,1,8,1.2,0.0,0,192,0,1,1.0,3,0,36,
1000785,sweep,20260713,regional_hospital,intermediate_capacity,baseline_flat,workstation,79,251,2015,flat,0.9,1,0.7,connected,0,0,2,0.00796812749003984,2,1,1,4,0,0,0,0,0,0,0,0,0,0,0,0.0,0.0,0,40,0,1,1.0,0,1,18,
1000786,sweep,20260713,regional_hospital,intermediate_capacity,baseline_flat,internet_facing,274,284,2195,flat,0.9,1,0.7,connected,0,0,2,0.007042253521126761,2,2,1,4,0,1,3,3,3,3,3,3,0,6,18,3.5250000000000004,0.015625,0,376,6,1,1.0,0,1,101,
1000787,sweep,20260713,regional_hospital,intermediate_capacity,baseline_flat,privileged_system,226,256,2034,flat,0.9,1,0.7,connected,0,0,3,0.01171875,3,2,2,5,0,1,6,6,6,6,6,6,0,6,36,7.050000000000001,0.03125,0,16,7,1,1.0,0,1,10,
1000788,sweep,20260713,regional_hospital,intermediate_capacity,baseline_flat,medical_device,205,260,2061,flat,0.9,1,0.7,connected,0,0,1,0.0038461538461538464,1,1,0,4,0,0,0,0,0,0,0,0,8,1,8,1.2,0.0,0,926,0,1,1.0,0,1,192,
1000789,sweep,20260713,regional_hospital,intermediate_capacity,baseline_flat,vendor_connection,257,258,2139,flat,0.9,1,0.7,connected,0,0,3,0.011627906976744186,3,2,2,6,0,0,8,8,8,8,8,8,0,6,48,9.4,0.041666666666666664,0,80,27,1,1.0,0,1,29,
1000790,sweep,20260713,regional_hospital,intermediate_capacity,baseline_flat,workstation,61,276,2217,flat,0.9,1,0.7,connected,0,0,1,0.0036231884057971015,1,1,0,3,0,0,0,8,16,8,8,0,0,4,40,7.3999999999999995,0.04044117647058824,0,328,36,1,1.0,0,1,93,
1000791,sweep,20260713,regional_hospital,intermediate_capacity,baseline_flat,internet_facing,246,253,2021,flat,0.9,1,0.7,connected,0,0,3,0.011857707509881422,3,3,2,4,0,0,0,0,0,0,0,0,8,1,8,1.2,0.0,0,296,0,1,1.0,0,1,76,
1000792,sweep,20260713,regional_hospital,intermediate_capacity,baseline_flat,privileged_system,66,242,1935,flat,0.9,1,0.7,connected,0,0,1,0.004132231404958678,1,1,0,2,0,0,0,0,0,0,0,0,0,0,0,0.0,0.0,0,0,0,1,1.0,0,1,4,
1000793,sweep,20260713,regional_hospital,intermediate_capacity,baseline_flat,medical_device,164,254,2039,flat,0.9,1,0.7,connected,0,0,2,0.007874015748031496,2,1,1,5,0,0,13,13,5,13,19,5,16,7,84,14.675,0.05667892156862745,0,757,-1,0,0.14285714285714285,0,1,192,
1000794,sweep,20260713,regional_hospital,intermediate_capacity,baseline_flat,vendor_connection,247,248,1987,flat,0.9,1,0.7,connected,0,0,15,0.06048387096774194,15,7,14,8,1,1,16,24,16,24,24,16,0,6,120,22.6,0.10171568627450973,0,632,146,1,1.0,3,0,155,
1000795,sweep,20260713,regional_hospital,intermediate_capacity,baseline_flat,workstation,103,284,2238,flat,0.9,1,0.7,connected,0,0,1,0.0035211267605633804,1,1,0,3,0,0,8,8,8,24,8,8,0,6,64,12.200000000000001,0.05882352941176464,0,952,160,1,1.0,0,1,192,
1000796,sweep,20260713,regional_hospital,intermediate_capacity,baseline_flat,internet_facing,250,258,2102,flat,0.9,1,0.7,connected,0,0,12,0.046511627906976744,12,7,11,9,1,0,0,0,0,0,0,0,0,0,0,0.0,0.0,0,312,0,1,1.0,4,0,64,
1000797,sweep,20260713,regional_hospital,intermediate_capacity,baseline_flat,privileged_system,13,263,2145,flat,0.9,1,0.7,connected,0,0,2,0.0076045627376425855,2,1,1,3,0,0,0,8,0,0,0,0,16,2,24,4.0,0.009803921568627453,0,336,72,1,1.0,0,1,94,
1000798,sweep,20260713,regional_hospital,intermediate_capacity,baseline_flat,medical_device,158,208,1717,flat,0.9,1,0.7,connected,0,0,1,0.004807692307692308,1,1,0,3,0,0,0,0,0,0,0,0,0,0,0,0.0,0.0,0,0,0,1,1.0,0,1,5,
1000799,sweep,20260713,regional_hospital,intermediate_capacity,baseline_flat,vendor_connection,235,236,1871,flat,0.9,1,0.7,connected,0,0,4,0.01694915254237288,4,4,3,5,1,0,8,8,8,8,8,8,0,6,48,9.4,0.041666666666666664,0,144,12,1,1.0,1,0,39,
1000800,sweep,20260713,regional_hospital,intermediate_capacity,baseline_flat,workstation,100,257,2049,flat,0.9,3,0.7,connected,0,0,2,0.007782101167315175,2,1,1,8,0,0,8,16,0,0,0,0,0,2,24,5.2,0.031862745098039214,0,688,46,1,1.0,0,1,172,
1000801,sweep,20260713,regional_hospital,intermediate_capacity,baseline_flat,internet_facing,207,214,1758,flat,0.9,3,0.7,connected,0,0,2,0.009345794392523364,2,2,1,5,0,0,0,0,0,0,0,0,0,0,0,0.0,0.0,0,0,0,1,1.0,0,1,7,
1000802,sweep,20260713,regional_hospital,intermediate_capacity,baseline_flat,privileged_system,205,247,1970,flat,0.9,3,0.7,connected,0,0,3,0.012145748987854251,3,3,2,7,0,1,0,8,0,0,0,0,8,2,16,2.8,0.009803921568627453,0,616,9,1,1.0,0,1,166,
1000803,sweep,20260713,regional_hospital,intermediate_capacity,baseline_flat,medical_device,160,249,1976,flat,0.9,3,0.7,connected,0,0,73,0.2931726907630522,73,10,72,54,1,1,57,78,57,101,95,57,46,7,491,89.575,0.36979166666666624,1,408,136,1,1.0,34,0,155,
1000804,sweep,20260713,regional_hospital,intermediate_capacity,baseline_flat,vendor_connection,218,219,1778,flat,0.9,3,0.7,connected,0,0,1,0.0045662100456621,1,1,0,3,0,0,0,0,8,8,0,0,8,3,24,4.4,0.019607843137254898,0,432,149,1,1.0,0,1,156,
1000805,sweep,20260713,regional_hospital,intermediate_capacity,baseline_flat,workstation,66,202,1635,flat,0.9,3,0.7,connected,0,0,1,0.0049504950495049506,1,1,0,10,0,0,0,0,0,0,0,0,0,0,0,0.0,0.0,0,440,0,1,1.0,0,1,96,
1000806,sweep,20260713,regional_hospital,intermediate_capacity,baseline_flat,internet_facing,266,271,2181,flat,0.9,3,0.7,connected,0,0,4,0.014760147601476014,4,3,3,14,0,1,24,8,8,8,16,8,0,6,72,14.200000000000001,0.06617647058823532,0,761,151,1,1.0,0,1,192,
1000807,sweep,20260713,regional_hospital,intermediate_capacity,baseline_flat,privileged_system,202,252,2043,flat,0.9,3,0.7,connected,0,0,80,0.31746031746031744,80,10,80,38,1,1,56,53,40,57,69,32,45,7,352,64.42500000000001,0.26700367647058826,1,721,182,1,1.0,35,0,192,
1000808,sweep,20260713,regional_hospital,intermediate_capacity,baseline_flat,medical_device,147,203,1663,flat,0.9,3,0.7,connected,0,0,4,0.019704433497536946,4,2,3,26,1,0,8,16,8,8,8,8,8,7,64,12.200000000000001,0.05147058823529408,0,488,152,1,1.0,1,0,152,
1000809,sweep,20260713,regional_hospital,intermediate_capacity,baseline_flat,vendor_connection,222,223,1821,flat,0.9,3,0.7,connected,0,0,4,0.017937219730941704,4,2,3,7,0,0,0,0,0,0,8,0,0,1,8,0.8,0.0,0,160,0,1,1.0,0,1,40,
1000810,sweep,20260713,regional_hospital,intermediate_capacity,baseline_flat,workstation,69,298,2419,flat,0.9,3,0.7,connected,0,0,7,0.02348993288590604,7,2,6,21,0,0,0,0,0,0,8,0,0,1,8,0.8,0.0,0,858,0,1,1.0,0,1,192,
1000811,sweep,20260713,regional_hospital,intermediate_capacity,baseline_flat,internet_facing,212,220,1820,flat,0.9,3,0.7,connected,0,0,35,0.1590909090909091,35,9,34,39,1,1,0,0,0,0,0,0,8,1,8,1.2,0.0,0,769,0,1,1.0,7,0,192,
1000812,sweep,20260713,regional_hospital,intermediate_capacity,baseline_flat,privileged_system,6,254,2089,flat,0.9,3,0.7,connected,0,0,1,0.003937007874015748,1,1,0,2,0,0,0,0,0,0,0,0,0,0,0,0.0,0.0,0,152,0,1,1.0,0,1,52,
1000813,sweep,20260713,regional_hospital,intermediate_capacity,baseline_flat,medical_device,190,283,2219,flat,0.9,3,0.7,connected,0,0,2,0.007067137809187279,2,2,1,8,0,0,0,8,0,0,0,0,0,1,8,1.6,0.009803921568627453,0,850,43,1,1.0,0,1,192,
1000814,sweep,20260713,regional_hospital,intermediate_capacity,baseline_flat,vendor_connection,296,297,2452,flat,0.9,3,0.7,connected,0,0,17,0.05723905723905724,17,5,16,17,0,0,16,13,0,0,8,0,0,3,37,7.3999999999999995,0.04044117647058822,1,893,134,1,1.0,0,1,192,
1000815,sweep,20260713,regional_hospital,intermediate_capacity,baseline_flat,workstation,68,300,2459,flat,0.9,3,0.7,connected,0,0,1,0.0033333333333333335,1,1,0,2,0,0,8,0,0,8,0,0,0,2,16,3.4,0.020833333333333332,0,896,162,1,1.0,0,1,192,
1000816,sweep,20260713,regional_hospital,intermediate_capacity,baseline_flat,internet_facing,290,300,2508,flat,0.9,3,0.7,connected,0,0,2,0.006666666666666667,2,2,1,6,0,0,2,0,0,0,0,0,0,1,2,0.5,0.003063725490196078,0,718,-1,0,0.8571428571428571,0,1,192,
1000817,sweep,20260713,regional_hospital,intermediate_capacity,baseline_flat,privileged_system,177,219,1769,flat,0.9,3,0.7,connected,0,0,3,0.0136986301369863,3,2,2,5,0,0,0,0,8,0,8,0,8,3,24,3.8,0.011029411764705883,0,698,178,1,1.0,0,1,192,
1000818,sweep,20260713,regional_hospital,intermediate_capacity,baseline_flat,medical_device,182,277,2176,flat,0.9,3,0.7,connected,0,0,3,0.010830324909747292,3,1,2,10,0,0,8,0,0,8,0,0,8,3,24,4.6,0.020833333333333332,0,933,131,1,1.0,0,1,192,
1000819,sweep,20260713,regional_hospital,intermediate_capacity,baseline_flat,vendor_connection,290,291,2297,flat,0.9,3,0.7,connected,0,0,1,0.003436426116838488,1,1,0,2,0,0,8,0,8,0,0,0,0,2,16,3.8,0.023284313725490193,0,876,64,1,1.0,0,1,192,
1000820,sweep,20260713,regional_hospital,intermediate_capacity,baseline_flat,workstation,21,239,1849,flat,0.9,3,0.7,connected,0,0,1,0.0041841004184100415,1,1,0,3,0,0,0,0,8,0,0,0,0,1,8,1.8,0.011029411764705883,0,642,140,1,1.0,0,1,192,
1000821,sweep,20260713,regional_hospital,intermediate_capacity,baseline_flat,internet_facing,240,246,1925,flat,0.9,3,0.7,connected,0,0,50,0.2032520325203252,50,10,50,33,1,1,8,8,35,24,37,8,36,7,156,26.575,0.09604779411764704,1,384,52,1,1.0,18,0,97,
1000822,sweep,20260713,regional_hospital,intermediate_capacity,baseline_flat,privileged_system,162,200,1626,flat,0.9,3,0.7,connected,0,0,17,0.085,17,5,16,33,0,0,8,8,0,0,8,0,0,3,24,4.4,0.02205882352941176,0,160,47,1,1.0,0,1,55,
1000823,sweep,20260713,regional_hospital,intermediate_capacity,baseline_flat,medical_device,213,300,2460,flat,0.9,3,0.7,connected,0,0,3,0.01,3,2,2,7,0,0,16,8,8,16,8,8,0,6,64,12.8,0.0625,0,806,134,1,1.0,0,1,192,
1000824,sweep,20260713,regional_hospital,intermediate_capacity,baseline_flat,vendor_connection,270,271,2121,flat,0.9,3,0.7,connected,0,0,28,0.1033210332103321,28,9,27,28,1,1,8,8,0,0,8,0,0,3,24,4.4,0.02205882352941176,0,704,153,1,1.0,11,0,190,
1000825,sweep,20260713,regional_hospital,intermediate_capacity,baseline_flat,workstation,93,244,1933,flat,0.9,3,0.7,connected,0,0,1,0.004098360655737705,1,1,0,4,0,0,0,0,0,0,0,0,0,0,0,0.0,0.0,0,160,0,1,1.0,0,1,42,
1000826,sweep,20260713,regional_hospital,intermediate_capacity,baseline_flat,internet_facing,205,214,1756,flat,0.9,3,0.7,connected,0,0,3,0.014018691588785047,3,2,2,9,0,0,0,0,0,0,0,0,8,1,8,1.2,0.0,0,80,0,1,1.0,0,1,31,
1000827,sweep,20260713,regional_hospital,intermediate_capacity,baseline_flat,privileged_system,182,210,1728,flat,0.9,3,0.7,connected,0,0,10,0.047619047619047616,10,5,9,25,1,0,16,8,15,8,24,8,8,7,87,15.775,0.06357230392156869,0,638,-1,0,0.8571428571428571,1,0,192,
1000828,sweep,20260713,regional_hospital,intermediate_capacity,baseline_flat,medical_device,174,244,1917,flat,0.9,3,0.7,connected,0,0,69,0.2827868852459016,69,10,70,33,1,1,29,31,48,49,43,27,43,7,270,49.650000000000006,0.2011335784313724,1,706,90,1,1.0,30,0,192,
1000829,sweep,20260713,regional_hospital,intermediate_capacity,baseline_flat,vendor_connection,219,220,1803,flat,0.9,3,0.7,connected,0,0,50,0.22727272727272727,50,10,49,43,1,1,33,34,49,52,41,33,33,7,275,51.650000000000006,0.21553308823529396,1,643,126,1,1.0,22,0,192,
1000830,sweep,20260713,regional_hospital,intermediate_capacity,baseline_flat,workstation,59,292,2352,flat,0.9,3,0.7,connected,0,0,2,0.00684931506849315,2,1,1,5,0,0,0,0,0,0,8,0,0,1,8,0.8,0.0,0,1033,0,1,1.0,0,1,192,
1000831,sweep,20260713,regional_hospital,intermediate_capacity,baseline_flat,internet_facing,280,292,2335,flat,0.9,3,0.7,connected,0,0,1,0.003424657534246575,1,1,0,4,0,0,0,0,0,0,0,0,0,0,0,0.0,0.0,0,112,0,1,1.0,0,1,38,
1000832,sweep,20260713,regional_hospital,intermediate_capacity,baseline_flat,privileged_system,231,255,2058,flat,0.9,3,0.7,connected,0,0,39,0.15294117647058825,39,10,38,37,1,1,0,44,0,0,0,0,0,1,44,8.8,0.053921568627450935,1,240,48,1,1.0,19,0,78,
1000833,sweep,20260713,regional_hospital,intermediate_capacity,baseline_flat,medical_device,157,235,1931,flat,0.9,3,0.7,connected,0,0,1,0.00425531914893617,1,1,0,8,0,0,16,0,16,0,0,0,0,2,32,7.6,0.04656862745098039,0,320,45,1,1.0,0,1,89,
1000834,sweep,20260713,regional_hospital,intermediate_capacity,baseline_flat,vendor_connection,228,229,1810,flat,0.9,3,0.7,connected,0,0,14,0.0611353711790393,14,8,13,26,0,1,8,8,8,8,16,8,8,7,64,11.4,0.041666666666666664,0,750,108,1,1.0,0,1,192,
1000835,sweep,20260713,regional_hospital,intermediate_capacity,baseline_flat,workstation,25,268,2159,flat,0.9,3,0.7,connected,0,0,3,0.011194029850746268,3,1,2,16,0,0,0,8,0,0,0,0,0,1,8,1.6,0.009803921568627453,0,376,71,1,1.0,0,1,84,
1000836,sweep,20260713,regional_hospital,intermediate_capacity,baseline_flat,internet_facing,252,255,2075,flat,0.9,3,0.7,connected,0,0,56,0.2196078431372549,56,10,55,28,1,1,19,0,0,0,30,0,27,3,76,11.8,0.029105392156862735,1,288,30,1,1.0,23,0,85,
1000837,sweep,20260713,regional_hospital,intermediate_capacity,baseline_flat,privileged_system,77,263,2128,flat,0.9,3,0.7,connected,0,0,5,0.019011406844106463,5,2,4,13,0,0,29,24,16,24,16,16,0,6,125,25.050000000000004,0.12162990196078426,1,920,-1,0,0.8571428571428571,0,1,192,
1000838,sweep,20260713,regional_hospital,intermediate_capacity,baseline_flat,medical_device,171,241,1925,flat,0.9,3,0.7,connected,0,0,6,0.024896265560165973,6,3,5,33,0,0,8,8,8,8,8,8,8,7,56,10.6,0.041666666666666664,0,632,98,1,1.0,0,1,192,
1000839,sweep,20260713,regional_hospital,intermediate_capacity,baseline_flat,vendor_connection,219,220,1835,flat,0.9,3,0.7,connected,0,0,34,0.15454545454545454,34,9,33,42,1,1,38,38,38,38,64,38,0,6,254,47.25,0.19791666666666666,1,360,44,1,1.0,10,0,136,
1000840,sweep,20260713,regional_hospital,intermediate_capacity,baseline_flat,workstation,73,295,2374,flat,0.9,3,0.7,connected,0,0,11,0.03728813559322034,11,5,10,25,0,0,0,0,0,8,0,0,8,2,16,2.5999999999999996,0.008578431372549019,0,280,53,1,1.0,0,1,56,
1000841,sweep,20260713,regional_hospital,intermediate_capacity,baseline_flat,internet_facing,252,257,2067,flat,0.9,3,0.7,connected,0,0,6,0.023346303501945526,6,3,5,12,0,0,9,8,8,8,16,8,0,6,57,10.450000000000001,0.0431985294117647,1,855,59,1,1.0,0,1,192,
1000842,sweep,20260713,regional_hospital,intermediate_capacity,baseline_flat,privileged_system,220,241,1885,flat,0.9,3,0.7,connected,0,0,38,0.15767634854771784,38,7,37,35,1,1,9,40,9,17,9,9,42,7,135,24.474999999999998,0.09344362745098041,1,699,180,1,1.0,16,0,192,
1000843,sweep,20260713,regional_hospital,intermediate_capacity,baseline_flat,medical_device,177,234,1866,flat,0.9,3,0.7,connected,0,0,2,0.008547008547008548,2,1,1,9,0,0,8,8,8,8,8,8,0,6,48,9.4,0.041666666666666664,0,464,65,1,1.0,0,1,110,
1000844,sweep,20260713,regional_hospital,intermediate_capacity,baseline_flat,vendor_connection,222,223,1797,flat,0.9,3,0.7,connected,0,0,8,0.03587443946188341,8,3,7,41,0,0,0,0,0,0,0,0,0,0,0,0.0,0.0,0,112,0,1,1.0,0,1,57,
1000845,sweep,20260713,regional_hospital,intermediate_capacity,baseline_flat,workstation,77,256,2022,flat,0.9,3,0.7,connected,0,0,7,0.02734375,7,1,6,8,0,0,0,0,0,0,0,0,0,0,0,0.0,0.0,0,64,0,1,1.0,0,1,23,
1000846,sweep,20260713,regional_hospital,intermediate_capacity,baseline_flat,internet_facing,209,216,1772,flat,0.9,3,0.7,connected,0,0,40,0.18518518518518517,40,10,40,32,1,1,37,37,37,53,37,37,0,6,238,46.275000000000006,0.20986519607843132,1,280,96,1,1.0,21,0,96,
1000847,sweep,20260713,regional_hospital,intermediate_capacity,baseline_flat,privileged_system,239,272,2202,flat,0.9,3,0.7,connected,0,0,100,0.36764705882352944,100,10,102,48,1,1,60,71,72,84,60,60,47,7,454,86.65,0.3682598039215683,1,424,176,1,1.0,45,0,180,
1000848,sweep,20260713,regional_hospital,intermediate_capacity,baseline_flat,medical_device,218,279,2278,flat,0.9,3,0.7,connected,0,0,2,0.007168458781362007,2,2,1,6,0,0,8,0,16,0,0,0,0,2,24,5.6,0.034313725490196074,0,846,187,1,1.0,0,1,192,
1000849,sweep,20260713,regional_hospital,intermediate_capacity,baseline_flat,vendor_connection,217,218,1746,flat,0.9,3,0.7,connected,0,0,2,0.009174311926605505,2,2,1,4,0,0,0,0,0,0,0,0,0,0,0,0.0,0.0,0,40,0,1,1.0,0,1,20,
1000850,sweep,20260713,regional_hospital,intermediate_capacity,baseline_flat,workstation,48,231,1876,flat,0.9,6,0.7,connected,0,0,99,0.42857142857142855,99,10,98,85,1,1,49,66,53,90,100,38,56,7,452,80.075,0.32552083333333304,1,614,190,1,1.0,41,0,192,
1000851,sweep,20260713,regional_hospital,intermediate_capacity,baseline_flat,internet_facing,264,266,2144,flat,0.9,6,0.7,connected,0,0,134,0.5037593984962406,134,10,140,59,1,1,63,78,69,93,116,63,72,7,554,99.725,0.3869485294117643,1,496,106,1,1.0,57,0,183,
1000852,sweep,20260713,regional_hospital,intermediate_capacity,baseline_flat,privileged_system,181,298,2381,flat,0.9,6,0.7,connected,0,0,1,0.003355704697986577,1,1,0,3,0,0,0,8,0,0,0,0,0,1,8,1.6,0.009803921568627453,0,400,80,1,1.0,0,1,82,
1000853,sweep,20260713,regional_hospital,intermediate_capacity,baseline_flat,medical_device,173,226,1846,flat,0.9,6,0.7,connected,0,0,1,0.004424778761061947,1,1,0,4,0,0,16,0,0,0,0,0,0,1,16,4.0,0.02450980392156862,0,304,64,1,1.0,0,1,95,
1000854,sweep,20260713,regional_hospital,intermediate_capacity,baseline_flat,vendor_connection,213,214,1689,flat,0.9,6,0.7,connected,0,0,36,0.16822429906542055,36,8,35,66,1,0,0,41,8,63,0,0,0,3,112,21.025,0.12882965686274514,1,304,69,1,1.0,12,0,106,
1000855,sweep,20260713,regional_hospital,intermediate_capacity,baseline_flat,workstation,69,215,1722,flat,0.9,6,0.7,connected,0,0,1,0.004651162790697674,1,1,0,2,0,0,0,0,0,8,0,0,8,2,16,2.5999999999999996,0.008578431372549019,0,232,17,1,1.0,0,1,68,
1000856,sweep,20260713,regional_hospital,intermediate_capacity,baseline_flat,internet_facing,270,274,2184,flat,0.9,6,0.7,connected,0,0,7,0.025547445255474453,7,3,6,18,0,0,16,24,16,24,16,16,8,7,120,23.000000000000004,0.10171568627450982,0,825,177,1,1.0,0,1,192,
1000857,sweep,20260713,regional_hospital,intermediate_capacity,baseline_flat,privileged_system,203,227,1814,flat,0.9,6,0.7,connected,0,0,67,0.29515418502202645,67,10,66,58,1,1,63,68,71,79,63,63,71,7,478,90.275,0.3624387254901959,1,615,188,1,1.0,33,0,192,
1000858,sweep,20260713,regional_hospital,intermediate_capacity,baseline_flat,medical_device,208,262,2150,flat,0.9,6,0.7,connected,0,0,1,0.003816793893129771,1,1,0,3,0,0,8,8,8,8,8,8,0,6,48,9.4,0.041666666666666664,0,632,11,1,1.0,0,1,141,
1000859,sweep,20260713,regional_hospital,intermediate_capacity,baseline_flat,vendor_connection,283,284,2245,flat,0.9,6,0.7,connected,0,0,11,0.03873239436619718,11,6,10,27,1,0,0,8,19,0,0,0,20,3,47,8.875,0.03599877450980392,1,296,76,1,1.0,7,0,79,
1000860,sweep,20260713,regional_hospital,intermediate_capacity,baseline_flat,workstation,79,255,2026,flat,0.9,6,0.7,connected,0,0,1,0.00392156862745098,1,1,0,7,0,0,0,8,0,0,0,0,0,1,8,1.6,0.009803921568627453,0,128,9,1,1.0,0,1,39,
1000861,sweep,20260713,regional_hospital,intermediate_capacity,baseline_flat,internet_facing,235,242,1912,flat,0.9,6,0.7,connected,0,0,107,0.44214876033057854,107,10,107,75,1,1,73,85,78,73,113,73,90,7,585,106.79999999999998,0.4018075980392157,1,633,107,1,1.0,43,0,192,
1000862,sweep,20260713,regional_hospital,intermediate_capacity,baseline_flat,privileged_system,182,215,1761,flat,0.9,6,0.7,connected,0,0,88,0.40930232558139534,88,10,93,79,1,1,70,88,83,107,124,70,16,7,558,103.05000000000001,0.444240196078431,1,472,123,1,1.0,37,0,162,
1000863,sweep,20260713,regional_hospital,intermediate_capacity,baseline_flat,medical_device,192,256,2087,flat,0.9,6,0.7,connected,0,0,1,0.00390625,1,1,0,2,0,0,0,0,0,0,0,0,0,0,0,0.0,0.0,0,88,0,1,1.0,0,1,24,
1000864,sweep,20260713,regional_hospital,intermediate_capacity,baseline_flat,vendor_connection,268,269,2211,flat,0.9,6,0.7,connected,0,0,144,0.5353159851301115,144,10,146,70,1,1,86,90,84,103,133,78,105,7,679,123.025,0.46829044117647034,1,554,160,1,1.0,49,0,192,
1000865,sweep,20260713,regional_hospital,intermediate_capacity,baseline_flat,workstation,45,287,2318,flat,0.9,6,0.7,connected,0,0,1,0.003484320557491289,1,1,0,3,0,0,0,8,0,8,0,0,8,3,24,4.2,0.01838235294117647,0,400,55,1,1.0,0,1,88,
1000866,sweep,20260713,regional_hospital,intermediate_capacity,baseline_flat,internet_facing,261,270,2220,flat,0.9,6,0.7,connected,0,0,151,0.5592592592592592,151,10,150,73,1,1,80,92,95,111,149,77,97,7,701,125.97500000000001,0.48529411764705843,1,587,125,1,1.0,63,0,192,
1000867,sweep,20260713,regional_hospital,intermediate_capacity,baseline_flat,privileged_system,236,281,2278,flat,0.9,6,0.7,connected,0,0,173,0.6156583629893239,173,10,175,92,1,1,103,118,111,135,163,97,110,7,837,152.575,0.6001838235294114,1,400,142,1,1.0,66,0,192,
1000868,sweep,20260713,regional_hospital,intermediate_capacity,baseline_flat,medical_device,126,200,1631,flat,0.9,6,0.7,connected,0,0,1,0.005,1,1,0,10,0,0,8,8,8,8,8,8,0,6,48,9.4,0.041666666666666664,0,472,54,1,1.0,0,1,148,
1000869,sweep,20260713,regional_hospital,intermediate_capacity,baseline_flat,vendor_connection,292,293,2326,flat,0.9,6,0.7,connected,0,0,151,0.515358361774744,151,10,155,82,1,1,72,91,79,99,124,72,24,7,561,103.50000000000001,0.43688725490196045,1,510,122,1,1.0,53,0,192,
1000870,sweep,20260713,regional_hospital,intermediate_capacity,baseline_flat,workstation,55,284,2264,flat,0.9,6,0.7,connected,0,0,1,0.0035211267605633804,1,1,0,4,0,0,0,0,0,0,0,0,0,0,0,0.0,0.0,0,0,0,1,1.0,0,1,6,
1000871,sweep,20260713,regional_hospital,intermediate_capacity,baseline_flat,internet_facing,274,281,2269,flat,0.9,6,0.7,connected,0,0,1,0.0035587188612099642,1,1,0,3,0,0,0,0,0,0,0,0,0,0,0,0.0,0.0,0,248,0,1,1.0,0,1,70,
1000872,sweep,20260713,regional_hospital,intermediate_capacity,baseline_flat,privileged_system,167,203,1683,flat,0.9,6,0.7,connected,0,0,115,0.5665024630541872,115,10,117,47,1,1,50,58,51,90,105,43,78,7,475,83.2,0.31449142156862697,1,440,101,1,1.0,50,0,164,
1000873,sweep,20260713,regional_hospital,intermediate_capacity,baseline_flat,medical_device,220,282,2200,flat,0.9,6,0.7,connected,0,0,109,0.38652482269503546,109,10,110,108,1,1,69,69,68,35,75,35,88,7,439,81.05,0.3215379901960785,1,749,136,1,1.0,48,0,192,
1000874,sweep,20260713,regional_hospital,intermediate_capacity,baseline_flat,vendor_connection,213,214,1677,flat,0.9,6,0.7,connected,0,0,73,0.3411214953271028,73,10,74,128,1,1,72,80,83,90,94,72,76,7,567,105.42500000000001,0.4192708333333331,1,507,161,1,1.0,33,0,192,
1000875,sweep,20260713,regional_hospital,intermediate_capacity,baseline_flat,workstation,50,214,1780,flat,0.9,6,0.7,connected,0,0,1,0.004672897196261682,1,1,0,3,0,0,0,0,0,0,0,0,0,0,0,0.0,0.0,0,24,0,1,1.0,0,1,14,
1000876,sweep,20260713,regional_hospital,intermediate_capacity,baseline_flat,internet_facing,289,293,2346,flat,0.9,6,0.7,connected,0,0,172,0.5870307167235495,172,10,171,116,1,1,121,135,126,146,175,121,116,7,940,173.27499999999998,0.6810661764705888,1,489,161,1,1.0,59,0,192,
1000877,sweep,20260713,regional_hospital,intermediate_capacity,baseline_flat,privileged_system,206,228,1828,flat,0.9,6,0.7,connected,0,0,107,0.4692982456140351,107,10,108,96,1,1,110,127,114,133,154,110,113,7,861,158.925,0.623927696078431,1,444,178,1,1.0,41,0,192,
1000878,sweep,20260713,regional_hospital,intermediate_capacity,baseline_flat,medical_device,178,268,2144,flat,0.9,6,0.7,connected,0,0,155,0.5783582089552238,155,10,156,100,1,1,104,99,94,129,143,88,101,7,758,138.775,0.5485600490196073,1,514,173,1,1.0,50,0,192,
1000879,sweep,20260713,regional_hospital,intermediate_capacity,baseline_flat,vendor_connection,235,236,1892,flat,0.9,6,0.7,connected,0,0,115,0.4872881355932203,115,10,115,82,1,1,114,111,105,122,141,99,102,7,794,147.35000000000002,0.5862438725490194,1,483,166,1,1.0,42,0,192,
1000880,sweep,20260713,regional_hospital,intermediate_capacity,baseline_flat,workstation,60,213,1771,flat,0.9,6,0.7,connected,0,0,1,0.004694835680751174,1,1,0,15,0,0,0,0,0,8,0,0,0,1,8,1.4,0.008578431372549019,0,280,34,1,1.0,0,1,75,
1000881,sweep,20260713,regional_hospital,intermediate_capacity,baseline_flat,internet_facing,217,219,1790,flat,0.9,6,0.7,connected,0,0,120,0.547945205479452,120,10,121,82,1,1,84,95,85,121,136,79,87,7,687,124.72500000000001,0.4920343137254897,1,464,177,1,1.0,49,0,192,
1000882,sweep,20260713,regional_hospital,intermediate_capacity,baseline_flat,privileged_system,218,239,1925,flat,0.9,6,0.7,connected,0,0,97,0.40585774058577406,97,10,96,92,1,1,89,98,116,109,97,89,16,7,614,119.15000000000002,0.5332414215686273,1,586,181,1,1.0,36,0,192,
1000883,sweep,20260713,regional_hospital,intermediate_capacity,baseline_flat,medical_device,178,240,1906,flat,0.9,6,0.7,connected,0,0,91,0.37916666666666665,91,10,92,90,1,1,66,94,0,60,126,0,98,5,444,73.1,0.2806372549019603,1,518,123,1,1.0,41,0,192,
1000884,sweep,20260713,regional_hospital,intermediate_capacity,baseline_flat,vendor_connection,271,272,2181,flat,0.9,6,0.7,connected,0,0,105,0.3860294117647059,105,10,104,55,1,1,68,69,46,73,49,46,68,7,419,79.375,0.33042279411764686,1,655,95,1,1.0,40,0,192,
1000885,sweep,20260713,regional_hospital,intermediate_capacity,baseline_flat,workstation,23,229,1814,flat,0.9,6,0.7,connected,0,0,1,0.004366812227074236,1,1,0,3,0,0,8,8,8,8,8,8,0,6,48,9.4,0.041666666666666664,0,176,47,1,1.0,0,1,65,
1000886,sweep,20260713,regional_hospital,intermediate_capacity,baseline_flat,internet_facing,244,250,2063,flat,0.9,6,0.7,connected,0,0,1,0.004,1,1,0,4,0,0,0,0,0,0,0,0,0,0,0,0.0,0.0,0,400,0,1,1.0,0,1,113,
1000887,sweep,20260713,regional_hospital,intermediate_capacity,baseline_flat,privileged_system,214,245,2025,flat,0.9,6,0.7,connected,0,0,118,0.4816326530612245,118,10,119,93,1,1,97,100,94,116,135,89,100,7,731,134.22500000000002,0.5251225490196076,1,488,135,1,1.0,44,0,191,
1000888,sweep,20260713,regional_hospital,intermediate_capacity,baseline_flat,medical_device,187,282,2295,flat,0.9,6,0.7,connected,0,0,1,0.0035460992907801418,1,1,0,2,0,0,0,0,0,0,0,0,0,0,0,0.0,0.0,0,0,0,1,1.0,0,1,4,
1000889,sweep,20260713,regional_hospital,intermediate_capacity,baseline_flat,vendor_connection,274,275,2259,flat,0.9,6,0.7,connected,0,0,11,0.04,11,6,10,18,1,0,8,8,8,8,8,8,0,6,48,9.4,0.041666666666666664,0,520,16,1,1.0,5,0,104,
1000890,sweep,20260713,regional_hospital,intermediate_capacity,baseline_flat,workstation,71,267,2119,flat,0.9,6,0.7,connected,0,0,1,0.003745318352059925,1,1,0,12,0,0,18,26,18,18,18,18,0,6,116,22.75,0.10355392156862742,0,879,-1,0,0.14285714285714285,0,1,192,
1000891,sweep,20260713,regional_hospital,intermediate_capacity,baseline_flat,internet_facing,212,220,1792,flat,0.9,6,0.7,connected,0,0,134,0.6090909090909091,134,10,138,79,1,1,100,118,108,132,159,100,107,7,824,150.45000000000002,0.5882352941176466,1,349,133,1,1.0,56,0,192,
1000892,sweep,20260713,regional_hospital,intermediate_capacity,baseline_flat,privileged_system,8,242,1969,flat,0.9,6,0.7,connected,0,0,3,0.012396694214876033,3,3,2,8,1,0,0,0,0,0,8,0,0,1,8,0.8,0.0,0,184,0,1,1.0,2,0,56,
1000893,sweep,20260713,regional_hospital,intermediate_capacity,baseline_flat,medical_device,175,253,1997,flat,0.9,6,0.7,connected,0,0,114,0.4505928853754941,114,10,113,87,1,1,79,95,79,101,121,79,98,7,652,118.77500000000002,0.4546568627450977,1,588,125,1,1.0,44,0,192,
1000894,sweep,20260713,regional_hospital,intermediate_capacity,baseline_flat,vendor_connection,258,259,2044,flat,0.9,6,0.7,connected,0,0,1,0.003861003861003861,1,1,0,2,0,0,0,0,0,0,0,0,0,0,0,0.0,0.0,0,472,0,1,1.0,0,1,98,
1000895,sweep,20260713,regional_hospital,intermediate_capacity,baseline_flat,workstation,80,252,2049,flat,0.9,6,0.7,connected,0,0,1,0.003968253968253968,1,1,0,6,0,0,0,8,0,0,0,0,0,1,8,1.6,0.009803921568627453,0,48,10,1,1.0,0,1,15,
1000896,sweep,20260713,regional_hospital,intermediate_capacity,baseline_flat,internet_facing,257,268,2133,flat,0.9,6,0.7,connected,0,0,147,0.5485074626865671,147,10,147,102,1,1,105,116,121,133,159,105,122,7,861,157.77500000000003,0.6124387254901957,1,496,143,1,1.0,48,0,192,
1000897,sweep,20260713,regional_hospital,intermediate_capacity,baseline_flat,privileged_system,113,292,2376,flat,0.9,6,0.7,connected,0,0,1,0.003424657534246575,1,1,0,2,0,0,0,0,0,0,0,0,0,0,0,0.0,0.0,0,464,0,1,1.0,0,1,88,
1000898,sweep,20260713,regional_hospital,intermediate_capacity,baseline_flat,medical_device,213,282,2241,flat,0.9,6,0.7,connected,0,0,144,0.5106382978723404,144,10,143,114,1,1,101,112,107,137,159,93,103,7,812,147.975,0.586397058823529,1,592,172,1,1.0,57,0,192,
1000899,sweep,20260713,regional_hospital,intermediate_capacity,baseline_flat,vendor_connection,247,248,1989,flat,0.9,6,0.7,connected,0,0,1,0.004032258064516129,1,1,0,5,0,0,8,8,8,8,16,8,0,6,56,10.200000000000001,0.041666666666666664,0,296,14,1,1.0,0,1,84,
1000900,sweep,20260713,regional_hospital,intermediate_capacity,baseline_flat,workstation,43,203,1639,flat,0.9,12,0.7,connected,0,0,157,0.7733990147783252,157,10,161,119,1,1,133,136,128,153,168,118,145,7,981,181.12500000000003,0.7109375000000008,1,240,177,1,0.8571428571428571,54,0,192,
1000901,sweep,20260713,regional_hospital,intermediate_capacity,baseline_flat,internet_facing,193,201,1676,flat,0.9,12,0.7,connected,0,0,155,0.7711442786069652,155,10,156,153,1,1,160,186,171,180,173,155,164,7,1189,223.95000000000002,0.9018075980392162,1,241,-1,0,0.5714285714285714,53,0,192,
1000902,sweep,20260713,regional_hospital,intermediate_capacity,baseline_flat,privileged_system,221,245,2012,flat,0.9,12,0.7,connected,0,0,200,0.8163265306122449,200,10,201,138,1,1,146,169,160,174,177,144,176,7,1146,213.25,0.8379289215686289,1,242,-1,0,0.7142857142857143,66,0,192,
1000903,sweep,20260713,regional_hospital,intermediate_capacity,baseline_flat,medical_device,190,292,2373,flat,0.9,12,0.7,connected,0,0,227,0.7773972602739726,227,10,227,127,1,1,138,157,142,172,176,136,153,7,1074,199.1,0.7840073529411776,1,340,189,1,0.8571428571428571,80,0,192,
1000904,sweep,20260713,regional_hospital,intermediate_capacity,baseline_flat,vendor_connection,247,248,1966,flat,0.9,12,0.7,connected,0,0,3,0.012096774193548387,3,3,2,9,0,1,8,0,0,0,0,0,0,1,8,2.0,0.01225490196078431,0,448,18,1,1.0,0,1,117,
1000905,sweep,20260713,regional_hospital,intermediate_capacity,baseline_flat,workstation,28,250,1955,flat,0.9,12,0.7,connected,0,0,5,0.02,5,2,4,20,0,0,0,0,0,0,0,0,0,0,0,0.0,0.0,0,616,0,1,1.0,0,1,164,
1000906,sweep,20260713,regional_hospital,intermediate_capacity,baseline_flat,internet_facing,261,272,2154,flat,0.9,12,0.7,connected,0,0,209,0.7683823529411765,209,10,214,182,1,1,170,174,170,167,164,161,174,7,1180,223.5,0.8871017156862745,1,176,-1,0,0.0,70,0,192,
1000907,sweep,20260713,regional_hospital,intermediate_capacity,baseline_flat,privileged_system,197,228,1874,flat,0.9,12,0.7,connected,0,0,191,0.8377192982456141,191,10,200,152,1,1,175,177,172,177,188,163,171,7,1223,229.95000000000005,0.9119178921568633,1,183,-1,0,0.42857142857142855,67,0,192,
1000908,sweep,20260713,regional_hospital,intermediate_capacity,baseline_flat,medical_device,162,232,1829,flat,0.9,12,0.7,connected,0,0,181,0.7801724137931034,181,10,182,178,1,1,172,180,165,175,174,157,160,7,1183,223.47500000000002,0.8992034313725491,1,217,-1,0,0.0,60,0,192,
1000909,sweep,20260713,regional_hospital,intermediate_capacity,baseline_flat,vendor_connection,246,247,1971,flat,0.9,12,0.7,connected,0,0,1,0.004048582995951417,1,1,0,3,0,0,0,0,0,8,0,0,8,2,16,2.5999999999999996,0.008578431372549019,0,120,20,1,1.0,0,1,34,
1000910,sweep,20260713,regional_hospital,intermediate_capacity,baseline_flat,workstation,12,201,1599,flat,0.9,12,0.7,connected,0,0,159,0.7910447761194029,159,10,164,134,1,1,116,130,120,148,150,114,138,7,916,169.25,0.6611519607843133,1,184,189,1,0.8571428571428571,50,0,192,
1000911,sweep,20260713,regional_hospital,intermediate_capacity,baseline_flat,internet_facing,216,225,1840,flat,0.9,12,0.7,connected,0,0,178,0.7911111111111111,178,10,181,130,1,1,133,156,139,185,171,123,169,7,1076,198.22500000000002,0.7849264705882368,1,197,192,1,0.8571428571428571,64,0,192,
1000912,sweep,20260713,regional_hospital,intermediate_capacity,baseline_flat,privileged_system,177,207,1652,flat,0.9,12,0.7,connected,0,0,155,0.748792270531401,155,10,157,142,1,1,150,165,155,175,175,150,169,7,1139,212.6,0.833333333333334,1,204,-1,0,0.7142857142857143,54,0,192,
1000913,sweep,20260713,regional_hospital,intermediate_capacity,baseline_flat,medical_device,197,251,2062,flat,0.9,12,0.7,connected,0,0,190,0.7569721115537849,190,10,193,123,1,1,143,156,147,173,185,139,153,7,1096,203.025,0.7984068627450992,1,292,181,1,0.8571428571428571,65,0,192,
1000914,sweep,20260713,regional_hospital,intermediate_capacity,baseline_flat,vendor_connection,256,257,2054,flat,0.9,12,0.7,connected,0,0,4,0.01556420233463035,4,3,3,25,0,0,0,0,0,0,0,0,0,0,0,0.0,0.0,0,120,0,1,1.0,0,1,43,
1000915,sweep,20260713,regional_hospital,intermediate_capacity,baseline_flat,workstation,115,299,2429,flat,0.9,12,0.7,connected,0,0,1,0.0033444816053511705,1,1,0,8,0,0,8,24,8,6,0,0,0,4,46,9.650000000000002,0.059129901960784326,0,963,-1,0,0.8571428571428571,0,1,192,
1000916,sweep,20260713,regional_hospital,intermediate_capacity,baseline_flat,internet_facing,241,250,1982,flat,0.9,12,0.7,connected,0,0,202,0.808,202,10,208,161,1,1,159,166,166,166,174,159,158,7,1148,216.22500000000002,0.8538602941176475,1,309,-1,0,0.2857142857142857,64,0,192,
1000917,sweep,20260713,regional_hospital,intermediate_capacity,baseline_flat,privileged_system,72,279,2287,flat,0.9,12,0.7,connected,0,0,224,0.8028673835125448,224,10,230,136,1,1,133,146,138,172,161,124,158,7,1032,191.29999999999998,0.7573529411764718,1,207,-1,0,0.7142857142857143,76,0,192,
1000918,sweep,20260713,regional_hospital,intermediate_capacity,baseline_flat,medical_device,193,267,2114,flat,0.9,12,0.7,connected,0,0,192,0.7191011235955056,192,10,194,143,1,1,147,160,149,167,177,128,184,7,1112,205.6,0.8057598039215695,1,415,-1,0,0.7142857142857143,70,0,192,
1000919,sweep,20260713,regional_hospital,intermediate_capacity,baseline_flat,vendor_connection,273,274,2196,flat,0.9,12,0.7,connected,0,0,204,0.7445255474452555,204,10,206,116,1,1,137,153,144,170,191,137,150,7,1082,199.42499999999998,0.7781862745098053,1,228,172,1,0.8571428571428571,68,0,192,
1000920,sweep,20260713,regional_hospital,intermediate_capacity,baseline_flat,workstation,4,268,2158,flat,0.9,12,0.7,connected,0,0,1,0.0037313432835820895,1,1,0,17,0,0,8,0,0,0,8,0,0,2,16,2.8,0.01225490196078431,0,844,102,1,1.0,0,1,192,
1000921,sweep,20260713,regional_hospital,intermediate_capacity,baseline_flat,internet_facing,225,231,1817,flat,0.9,12,0.7,connected,0,0,155,0.670995670995671,155,10,156,150,1,1,147,179,153,169,191,147,162,7,1148,213.02500000000003,0.8367034313725498,1,480,-1,0,0.7142857142857143,47,0,192,
1000922,sweep,20260713,regional_hospital,intermediate_capacity,baseline_flat,privileged_system,206,246,1983,flat,0.9,12,0.7,connected,0,0,182,0.7398373983739838,182,10,184,137,1,1,148,164,155,185,182,146,174,7,1154,214.2,0.8397671568627464,1,348,-1,0,0.7142857142857143,67,0,192,
1000923,sweep,20260713,regional_hospital,intermediate_capacity,baseline_flat,medical_device,212,270,2204,flat,0.9,12,0.7,connected,0,0,222,0.8222222222222222,222,10,223,-1,1,1,138,121,129,127,129,121,124,7,889,168.675,0.6737132352941176,1,414,-1,0,0.0,77,0,192,
1000924,sweep,20260713,regional_hospital,intermediate_capacity,baseline_flat,vendor_connection,208,209,1717,flat,0.9,12,0.7,connected,0,0,165,0.7894736842105263,165,10,165,148,1,1,143,167,157,158,170,135,160,7,1090,203.5,0.809589460784314,1,206,-1,0,0.42857142857142855,54,0,192,
1000925,sweep,20260713,regional_hospital,intermediate_capacity,baseline_flat,workstation,104,286,2307,flat,0.9,12,0.7,connected,0,0,219,0.7657342657342657,219,10,223,169,1,1,181,165,165,165,165,165,162,7,1168,222.175,0.8838848039215687,1,275,-1,0,0.0,76,0,192,
1000926,sweep,20260713,regional_hospital,intermediate_capacity,baseline_flat,internet_facing,266,275,2185,flat,0.9,12,0.7,connected,0,0,1,0.0036363636363636364,1,1,0,2,0,0,8,16,8,8,24,8,0,6,72,12.600000000000001,0.05147058823529408,0,1027,161,1,1.0,0,1,192,
1000927,sweep,20260713,regional_hospital,intermediate_capacity,baseline_flat,privileged_system,200,244,1965,flat,0.9,12,0.7,connected,0,0,180,0.7377049180327869,180,10,185,147,1,1,146,159,151,169,178,144,164,7,1111,206.65,0.8079044117647068,1,299,-1,0,0.7142857142857143,62,0,192,
1000928,sweep,20260713,regional_hospital,intermediate_capacity,baseline_flat,medical_device,194,243,1936,flat,0.9,12,0.7,connected,0,0,11,0.04526748971193416,11,3,10,91,0,0,0,8,0,8,0,0,0,2,16,3.0,0.018382352941176478,0,659,174,1,1.0,0,1,192,
1000929,sweep,20260713,regional_hospital,intermediate_capacity,baseline_flat,vendor_connection,225,226,1848,flat,0.9,12,0.7,connected,0,0,183,0.8097345132743363,183,10,187,118,1,1,119,144,126,149,161,119,128,7,946,175.05,0.6922487745098035,1,250,181,1,0.8571428571428571,62,0,192,
1000930,sweep,20260713,regional_hospital,intermediate_capacity,baseline_flat,workstation,49,280,2278,flat,0.9,12,0.7,connected,0,0,231,0.825,231,10,234,146,1,1,151,170,159,176,176,151,174,7,1157,215.99999999999997,0.8475796568627457,1,220,-1,0,0.5714285714285714,75,0,192,
1000931,sweep,20260713,regional_hospital,intermediate_capacity,baseline_flat,internet_facing,227,231,1819,flat,0.9,12,0.7,connected,0,0,188,0.8138528138528138,188,10,195,158,1,1,169,179,179,177,189,165,187,7,1245,233.37500000000003,0.9148284313725489,1,221,-1,0,0.42857142857142855,58,0,192,
1000932,sweep,20260713,regional_hospital,intermediate_capacity,baseline_flat,privileged_system,127,223,1773,flat,0.9,12,0.7,connected,0,0,164,0.7354260089686099,164,10,170,112,1,1,115,136,123,143,192,115,142,7,966,175.02500000000003,0.6657475490196074,1,312,185,1,0.8571428571428571,48,0,192,
1000933,sweep,20260713,regional_hospital,intermediate_capacity,baseline_flat,medical_device,165,222,1765,flat,0.9,12,0.7,connected,0,0,157,0.7072072072072072,157,10,159,138,1,1,147,152,147,171,168,137,155,7,1077,201.025,0.7974877450980404,1,288,-1,0,0.7142857142857143,56,0,192,
1000934,sweep,20260713,regional_hospital,intermediate_capacity,baseline_flat,vendor_connection,240,241,1977,flat,0.9,12,0.7,connected,0,0,191,0.7925311203319502,191,10,196,95,1,1,97,125,106,141,172,97,121,7,859,154.95,0.5991115196078426,1,310,155,1,1.0,66,0,192,
1000935,sweep,20260713,regional_hospital,intermediate_capacity,baseline_flat,workstation,33,251,2046,flat,0.9,12,0.7,connected,0,0,186,0.7410358565737052,186,10,185,135,1,1,116,119,112,143,137,105,118,7,850,158.05,0.6312806372549016,1,517,-1,0,0.7142857142857143,68,0,192,
1000936,sweep,20260713,regional_hospital,intermediate_capacity,baseline_flat,internet_facing,266,271,2187,flat,0.9,12,0.7,connected,0,0,208,0.7675276752767528,208,10,210,166,1,1,139,146,147,157,153,139,146,7,1027,192.97500000000002,0.7628676470588239,1,275,-1,0,0.2857142857142857,68,0,192,
1000937,sweep,20260713,regional_hospital,intermediate_capacity,baseline_flat,privileged_system,229,255,2097,flat,0.9,12,0.7,connected,0,0,206,0.807843137254902,206,10,210,136,1,1,157,175,165,190,190,157,175,7,1209,225.2,0.886182598039217,1,241,-1,0,0.7142857142857143,70,0,192,
1000938,sweep,20260713,regional_hospital,intermediate_capacity,baseline_flat,medical_device,154,216,1680,flat,0.9,12,0.7,connected,0,0,148,0.6851851851851852,148,10,152,138,1,1,148,153,147,173,163,132,166,7,1082,201.85,0.802389705882354,1,351,189,1,0.8571428571428571,50,0,192,
1000939,sweep,20260713,regional_hospital,intermediate_capacity,baseline_flat,vendor_connection,283,284,2268,flat,0.9,12,0.7,connected,0,0,1,0.0035211267605633804,1,1,0,2,0,0,0,0,0,0,0,0,8,1,8,1.2,0.0,0,280,0,1,1.0,0,1,67,
1000940,sweep,20260713,regional_hospital,intermediate_capacity,baseline_flat,workstation,73,276,2240,flat,0.9,12,0.7,connected,0,0,3,0.010869565217391304,3,3,2,13,0,0,8,0,0,0,0,0,0,1,8,2.0,0.01225490196078431,0,872,98,1,1.0,0,1,192,
1000941,sweep,20260713,regional_hospital,intermediate_capacity,baseline_flat,internet_facing,290,296,2388,flat,0.9,12,0.7,connected,0,0,245,0.8277027027027027,245,10,253,185,1,1,175,174,179,179,174,174,172,7,1227,232.50000000000003,0.9200367647058824,1,375,-1,0,0.0,79,0,192,
1000942,sweep,20260713,regional_hospital,intermediate_capacity,baseline_flat,privileged_system,181,222,1758,flat,0.9,12,0.7,connected,0,0,166,0.7477477477477478,166,10,166,130,1,1,136,154,144,170,177,136,148,7,1065,197.44999999999996,0.7778799019607856,1,298,186,1,0.8571428571428571,56,0,192,
1000943,sweep,20260713,regional_hospital,intermediate_capacity,baseline_flat,medical_device,197,278,2282,flat,0.9,12,0.7,connected,0,0,1,0.0035971223021582736,1,1,0,7,0,0,0,0,0,0,0,0,0,0,0,0.0,0.0,0,536,0,1,1.0,0,1,135,
1000944,sweep,20260713,regional_hospital,intermediate_capacity,baseline_flat,vendor_connection,281,282,2287,flat,0.9,12,0.7,connected,0,0,201,0.7127659574468085,201,10,202,134,1,1,137,153,144,173,179,137,148,7,1071,198.45,0.7814031862745111,1,394,189,1,0.8571428571428571,71,0,192,
1000945,sweep,20260713,regional_hospital,intermediate_capacity,baseline_flat,workstation,12,282,2174,flat,0.9,12,0.7,connected,0,0,192,0.6808510638297872,192,10,194,-1,1,1,130,136,151,129,129,123,135,7,933,177.07500000000002,0.7123161764705882,1,460,-1,0,0.0,68,0,192,
1000946,sweep,20260713,regional_hospital,intermediate_capacity,baseline_flat,internet_facing,201,203,1619,flat,0.9,12,0.7,connected,0,0,1,0.0049261083743842365,1,1,0,3,0,0,0,0,0,0,8,0,0,1,8,0.8,0.0,0,32,0,1,1.0,0,1,17,
1000947,sweep,20260713,regional_hospital,intermediate_capacity,baseline_flat,privileged_system,248,277,2207,flat,0.9,12,0.7,connected,0,0,227,0.8194945848375451,227,10,235,122,1,1,129,148,139,166,177,129,159,7,1047,192.75,0.7486213235294131,1,256,181,1,0.8571428571428571,73,0,192,
1000948,sweep,20260713,regional_hospital,intermediate_capacity,baseline_flat,medical_device,173,234,1906,flat,0.9,12,0.7,connected,0,0,1,0.004273504273504274,1,1,0,4,0,0,0,0,0,0,0,0,0,0,0,0.0,0.0,0,72,0,1,1.0,0,1,29,
1000949,sweep,20260713,regional_hospital,intermediate_capacity,baseline_flat,vendor_connection,227,228,1855,flat,0.9,12,0.7,connected,0,0,169,0.7412280701754386,169,10,171,-1,1,1,173,169,172,169,169,169,179,7,1200,227.10000000000002,0.8904718137254902,1,253,-1,0,0.0,65,0,192,
1000950,sweep,20260713,regional_hospital,intermediate_capacity,baseline_flat,workstation,32,295,2332,flat,0.9,24,0.7,connected,0,0,4,0.013559322033898305,4,1,3,35,0,0,8,0,0,8,0,0,0,2,16,3.4,0.020833333333333332,0,392,63,1,1.0,0,1,90,
1000951,sweep,20260713,regional_hospital,intermediate_capacity,baseline_flat,internet_facing,222,226,1791,flat,0.9,24,0.7,connected,0,0,204,0.9026548672566371,204,10,211,172,1,1,180,187,186,187,180,180,186,7,1286,243.375,0.9618566176470589,1,128,-1,0,0.0,63,0,192,
1000952,sweep,20260713,regional_hospital,intermediate_capacity,baseline_flat,privileged_system,215,240,1912,flat,0.9,24,0.7,connected,0,0,220,0.9166666666666666,220,10,223,-1,1,1,180,185,187,180,182,180,177,7,1271,240.825,0.9532781862745098,1,112,-1,0,0.0,64,0,192,
1000953,sweep,20260713,regional_hospital,intermediate_capacity,baseline_flat,medical_device,188,283,2261,flat,0.9,24,0.7,connected,0,0,261,0.9222614840989399,261,10,271,-1,1,1,160,160,160,160,160,160,153,7,1113,210.95,0.8333333333333334,1,219,-1,0,0.0,78,0,192,
1000954,sweep,20260713,regional_hospital,intermediate_capacity,baseline_flat,vendor_connection,249,250,2036,flat,0.9,24,0.7,connected,0,0,231,0.924,231,10,244,183,1,1,183,185,187,185,182,182,187,7,1291,244.39999999999998,0.9632352941176471,1,120,-1,0,0.0,74,0,192,
1000955,sweep,20260713,regional_hospital,intermediate_capacity,baseline_flat,workstation,60,224,1790,flat,0.9,24,0.7,connected,0,0,203,0.90625,203,10,210,-1,1,1,165,155,158,159,156,155,159,7,1107,209.95,0.8310355392156863,1,224,-1,0,0.0,65,0,192,
1000956,sweep,20260713,regional_hospital,intermediate_capacity,baseline_flat,internet_facing,260,263,2137,flat,0.9,24,0.7,connected,0,0,239,0.908745247148289,239,10,244,-1,1,1,186,186,186,186,186,186,175,7,1291,244.8,0.96875,1,88,-1,0,0.0,73,0,192,
1000957,sweep,20260713,regional_hospital,intermediate_capacity,baseline_flat,privileged_system,261,290,2365,flat,0.9,24,0.7,connected,0,0,265,0.9137931034482759,265,10,273,-1,1,1,191,191,192,191,191,191,182,7,1329,251.95,0.9961703431372548,1,200,-1,0,0.0,85,0,192,
1000958,sweep,20260713,regional_hospital,intermediate_capacity,baseline_flat,medical_device,160,227,1813,flat,0.9,24,0.7,connected,0,0,204,0.8986784140969163,204,10,205,-1,1,1,184,165,170,169,177,165,172,7,1202,227.45,0.8996629901960785,1,144,-1,0,0.0,65,0,192,
1000959,sweep,20260713,regional_hospital,intermediate_capacity,baseline_flat,vendor_connection,292,293,2421,flat,0.9,24,0.7,connected,0,0,277,0.9453924914675768,277,10,291,-1,1,1,183,183,183,189,183,183,180,7,1284,243.07500000000002,0.9595588235294118,1,136,-1,0,0.0,86,0,192,
1000960,sweep,20260713,regional_hospital,intermediate_capacity,baseline_flat,workstation,2,225,1756,flat,0.9,24,0.7,connected,0,0,207,0.92,207,10,215,-1,1,1,191,182,178,178,165,162,190,7,1246,236.8,0.9518995098039215,1,168,-1,0,0.0,61,0,192,
1000961,sweep,20260713,regional_hospital,intermediate_capacity,baseline_flat,internet_facing,250,255,2071,flat,0.9,24,0.7,connected,0,0,228,0.8941176470588236,228,10,231,-1,1,1,173,163,163,164,163,163,158,7,1147,217.9,0.8653492647058824,1,224,-1,0,0.0,70,0,192,
1000962,sweep,20260713,regional_hospital,intermediate_capacity,baseline_flat,privileged_system,243,281,2325,flat,0.9,24,0.7,connected,0,0,256,0.9110320284697508,256,10,260,-1,1,1,169,169,169,186,175,169,165,7,1202,226.9,0.8984375,1,248,-1,0,0.0,82,0,192,
1000963,sweep,20260713,regional_hospital,intermediate_capacity,baseline_flat,medical_device,205,274,2138,flat,0.9,24,0.7,connected,0,0,249,0.9087591240875912,249,10,257,-1,1,1,142,143,163,150,142,142,143,7,1025,194.62499999999997,0.7783394607843137,1,209,-1,0,0.0,73,0,192,
1000964,sweep,20260713,regional_hospital,intermediate_capacity,baseline_flat,vendor_connection,220,221,1773,flat,0.9,24,0.7,connected,0,0,213,0.9638009049773756,213,10,224,-1,1,1,174,180,179,178,180,174,182,7,1247,235.37500000000003,0.9247855392156863,1,120,-1,0,0.0,63,0,192,
1000965,sweep,20260713,regional_hospital,intermediate_capacity,baseline_flat,workstation,54,291,2345,flat,0.9,24,0.7,connected,0,0,271,0.9312714776632303,271,10,279,-1,1,1,140,141,153,139,139,139,145,7,996,188.875,0.7472426470588235,1,304,-1,0,0.0,85,0,192,
1000966,sweep,20260713,regional_hospital,intermediate_capacity,baseline_flat,internet_facing,236,244,1920,flat,0.9,24,0.7,connected,0,0,218,0.8934426229508197,218,10,226,187,1,1,177,177,177,177,177,177,174,7,1236,234.07500000000002,0.921875,1,160,-1,0,0.0,63,0,192,
1000967,sweep,20260713,regional_hospital,intermediate_capacity,baseline_flat,privileged_system,200,245,1963,flat,0.9,24,0.7,connected,0,0,225,0.9183673469387755,225,10,231,-1,1,1,179,179,183,179,183,179,175,7,1257,237.87500000000003,0.9378063725490197,1,133,-1,0,0.0,72,0,192,
1000968,sweep,20260713,regional_hospital,intermediate_capacity,baseline_flat,medical_device,165,226,1816,flat,0.9,24,0.7,connected,0,0,210,0.9292035398230089,210,10,210,-1,1,1,169,172,170,169,169,169,158,7,1176,223.1,0.8852634803921569,1,192,-1,0,0.0,66,0,192,
1000969,sweep,20260713,regional_hospital,intermediate_capacity,baseline_flat,vendor_connection,266,267,2160,flat,0.9,24,0.7,connected,0,0,245,0.9176029962546817,245,10,249,-1,1,1,170,181,170,170,170,170,174,7,1205,228.04999999999998,0.8988970588235294,1,208,-1,0,0.0,76,0,192,
1000970,sweep,20260713,regional_hospital,intermediate_capacity,baseline_flat,workstation,62,219,1761,flat,0.9,24,0.7,connected,0,0,207,0.9452054794520548,207,10,212,-1,1,1,163,183,164,162,181,160,174,7,1187,222.79999999999998,0.8737745098039215,1,200,-1,0,0.0,60,0,192,
1000971,sweep,20260713,regional_hospital,intermediate_capacity,baseline_flat,internet_facing,197,204,1651,flat,0.9,24,0.7,connected,0,0,190,0.9313725490196079,190,10,193,-1,1,1,183,183,183,183,183,183,181,7,1279,242.17500000000004,0.953125,1,64,-1,0,0.0,58,0,192,
1000972,sweep,20260713,regional_hospital,intermediate_capacity,baseline_flat,privileged_system,186,225,1802,flat,0.9,24,0.7,connected,0,0,196,0.8711111111111111,196,10,200,-1,1,1,168,168,168,168,176,168,169,7,1185,223.55,0.875,1,236,-1,0,0.0,61,0,192,
1000973,sweep,20260713,regional_hospital,intermediate_capacity,baseline_flat,medical_device,214,273,2176,flat,0.9,24,0.7,connected,0,0,246,0.9010989010989011,246,10,252,167,1,1,168,173,170,170,170,168,157,7,1176,222.95000000000002,0.886029411764706,1,163,-1,0,0.2857142857142857,75,0,192,
1000974,sweep,20260713,regional_hospital,intermediate_capacity,baseline_flat,vendor_connection,211,212,1741,flat,0.9,24,0.7,connected,0,0,1,0.0047169811320754715,1,1,0,12,0,0,0,0,0,0,0,0,0,0,0,0.0,0.0,0,168,0,1,1.0,0,1,59,
1000975,sweep,20260713,regional_hospital,intermediate_capacity,baseline_flat,workstation,54,221,1738,flat,0.9,24,0.7,connected,0,0,1,0.004524886877828055,1,1,0,3,0,0,0,0,8,8,0,0,16,3,32,5.6,0.019607843137254898,0,544,147,1,1.0,0,1,153,
1000976,sweep,20260713,regional_hospital,intermediate_capacity,baseline_flat,internet_facing,212,220,1744,flat,0.9,24,0.7,connected,0,0,2,0.00909090909090909,2,2,1,19,0,0,0,8,0,0,0,0,16,2,24,4.0,0.009803921568627453,0,456,18,1,1.0,0,1,133,
1000977,sweep,20260713,regional_hospital,intermediate_capacity,baseline_flat,privileged_system,179,204,1655,flat,0.9,24,0.7,connected,0,0,187,0.9166666666666666,187,10,191,-1,1,1,185,185,187,185,185,185,177,7,1289,244.375,0.9662990196078431,1,56,-1,0,0.0,57,0,192,
1000978,sweep,20260713,regional_hospital,intermediate_capacity,baseline_flat,medical_device,206,293,2333,flat,0.9,24,0.7,connected,0,0,277,0.9453924914675768,277,10,282,-1,1,1,159,159,159,159,159,159,161,7,1115,210.975,0.828125,1,187,-1,0,0.0,83,0,192,
1000979,sweep,20260713,regional_hospital,intermediate_capacity,baseline_flat,vendor_connection,238,239,1930,flat,0.9,24,0.7,connected,0,0,224,0.9372384937238494,224,10,228,-1,1,1,171,171,158,165,159,158,170,7,1152,218.32500000000002,0.8662683823529411,1,192,-1,0,0.0,68,0,192,
1000980,sweep,20260713,regional_hospital,intermediate_capacity,baseline_flat,workstation,97,277,2192,flat,0.9,24,0.7,connected,0,0,264,0.9530685920577617,264,10,270,-1,1,1,160,157,157,157,157,157,164,7,1109,209.82500000000002,0.8223039215686274,1,256,-1,0,0.0,79,0,192,
1000981,sweep,20260713,regional_hospital,intermediate_capacity,baseline_flat,internet_facing,233,235,1866,flat,0.9,24,0.7,connected,0,0,216,0.9191489361702128,216,10,220,-1,1,1,183,177,189,176,176,176,174,7,1251,237.775,0.9465379901960785,1,120,-1,0,0.0,62,0,192,
1000982,sweep,20260713,regional_hospital,intermediate_capacity,baseline_flat,privileged_system,124,206,1655,flat,0.9,24,0.7,connected,0,0,179,0.8689320388349514,179,10,184,-1,1,1,161,163,161,163,161,161,174,7,1144,216.02499999999998,0.8431372549019608,1,221,-1,0,0.0,54,0,192,
1000983,sweep,20260713,regional_hospital,intermediate_capacity,baseline_flat,medical_device,219,291,2282,flat,0.9,24,0.7,connected,0,0,266,0.9140893470790378,266,10,273,-1,1,1,172,172,172,172,177,172,174,7,1211,228.70000000000002,0.8958333333333334,1,216,-1,0,0.0,79,0,192,
1000984,sweep,20260713,regional_hospital,intermediate_capacity,baseline_flat,vendor_connection,216,217,1708,flat,0.9,24,0.7,connected,0,0,1,0.004608294930875576,1,1,0,2,0,0,16,8,16,8,8,8,16,7,80,15.600000000000001,0.06495098039215692,0,712,159,1,1.0,0,1,178,
1000985,sweep,20260713,regional_hospital,intermediate_capacity,baseline_flat,workstation,82,224,1833,flat,0.9,24,0.7,connected,0,0,203,0.90625,203,10,208,-1,1,1,162,162,164,173,164,162,166,7,1153,217.82500000000002,0.8583026960784315,1,192,-1,0,0.0,62,0,192,
1000986,sweep,20260713,regional_hospital,intermediate_capacity,baseline_flat,internet_facing,236,247,2002,flat,0.9,24,0.7,connected,0,0,210,0.8502024291497976,210,10,218,-1,1,1,175,182,179,175,176,175,177,7,1239,234.57500000000002,0.9255514705882352,1,194,-1,0,0.0,71,0,192,
1000987,sweep,20260713,regional_hospital,intermediate_capacity,baseline_flat,privileged_system,276,292,2330,flat,0.9,24,0.7,connected,0,0,272,0.9315068493150684,272,10,281,-1,1,1,171,171,174,172,171,171,174,7,1204,227.87499999999997,0.8958333333333334,1,192,-1,0,0.0,82,0,192,
1000988,sweep,20260713,regional_hospital,intermediate_capacity,baseline_flat,medical_device,201,262,2153,flat,0.9,24,0.7,connected,0,0,232,0.8854961832061069,232,10,239,-1,1,1,162,160,158,164,168,156,159,7,1127,212.5,0.8379289215686274,1,176,-1,0,0.0,77,0,192,
1000989,sweep,20260713,regional_hospital,intermediate_capacity,baseline_flat,vendor_connection,246,247,1986,flat,0.9,24,0.7,connected,0,0,225,0.9109311740890689,225,10,234,-1,1,1,176,175,175,175,175,175,182,7,1233,233.175,0.9129901960784315,1,144,-1,0,0.0,71,0,192,
1000990,sweep,20260713,regional_hospital,intermediate_capacity,baseline_flat,workstation,85,222,1770,flat,0.9,24,0.7,connected,0,0,197,0.8873873873873874,197,10,201,-1,1,1,170,170,172,170,170,170,171,7,1193,225.85,0.8881740196078431,1,192,-1,0,0.0,61,0,192,
1000991,sweep,20260713,regional_hospital,intermediate_capacity,baseline_flat,internet_facing,212,219,1748,flat,0.9,24,0.7,connected,0,0,192,0.8767123287671232,192,10,194,161,1,1,172,179,179,179,179,172,170,7,1230,232.5,0.9215686274509808,1,180,-1,0,0.2857142857142857,63,0,192,
1000992,sweep,20260713,regional_hospital,intermediate_capacity,baseline_flat,privileged_system,251,274,2182,flat,0.9,24,0.7,connected,0,0,255,0.9306569343065694,255,10,261,-1,1,1,191,191,191,191,191,191,171,7,1317,250.07500000000002,0.9947916666666666,1,128,-1,0,0.0,77,0,192,
1000993,sweep,20260713,regional_hospital,intermediate_capacity,baseline_flat,medical_device,178,222,1743,flat,0.9,24,0.7,connected,0,0,201,0.9054054054054054,201,10,209,-1,1,1,183,170,162,162,173,162,170,7,1182,223.8,0.8857230392156863,1,184,-1,0,0.0,60,0,192,
1000994,sweep,20260713,regional_hospital,intermediate_capacity,baseline_flat,vendor_connection,265,266,2117,flat,0.9,24,0.7,connected,0,0,238,0.8947368421052632,238,10,247,-1,1,1,180,185,177,183,177,177,172,7,1251,237.175,0.9427083333333334,1,176,-1,0,0.0,73,0,192,
1000995,sweep,20260713,regional_hospital,intermediate_capacity,baseline_flat,workstation,42,243,1914,flat,0.9,24,0.7,connected,0,0,1,0.00411522633744856,1,1,0,64,0,0,0,0,8,0,8,0,0,2,16,2.6,0.011029411764705883,0,352,69,1,1.0,0,1,117,
1000996,sweep,20260713,regional_hospital,intermediate_capacity,baseline_flat,internet_facing,235,245,1929,flat,0.9,24,0.7,connected,0,0,222,0.9061224489795918,222,10,228,-1,1,1,178,188,184,178,192,178,175,7,1273,240.15000000000003,0.9476102941176471,1,96,-1,0,0.0,68,0,192,
1000997,sweep,20260713,regional_hospital,intermediate_capacity,baseline_flat,privileged_system,185,228,1792,flat,0.9,24,0.7,connected,0,0,208,0.9122807017543859,208,10,215,-1,1,1,177,182,184,183,192,171,178,7,1267,238.45000000000002,0.9440870098039215,1,120,-1,0,0.0,63,0,192,
1000998,sweep,20260713,regional_hospital,intermediate_capacity,baseline_flat,medical_device,180,231,1888,flat,0.9,24,0.7,connected,0,0,208,0.9004329004329005,208,10,216,-1,1,1,167,165,166,169,167,162,168,7,1164,220.02499999999998,0.8681066176470589,1,224,-1,0,0.0,68,0,192,
1000999,sweep,20260713,regional_hospital,intermediate_capacity,baseline_flat,vendor_connection,247,248,1984,flat,0.9,24,0.7,connected,0,0,223,0.8991935483870968,223,10,229,-1,1,1,170,170,170,172,170,170,169,7,1191,225.45,0.8875612745098039,1,248,-1,0,0.0,71,0,192,
