trial_id,experiment,master_seed,facility,profile,portfolio,entry_point,entry_node,n_nodes,n_edges,segmentation,patch_coverage,realized_patch_fraction,detection_delay,isolation_success,backup_strategy,identity_controls,rapid_isolation,total_compromised,pct_compromised,peak_compromised,zones_reached,lateral_movements,containment_step,backup_compromised,identity_compromised,ehr_downtime_steps,laboratory_downtime_steps,pharmacy_downtime_steps,imaging_downtime_steps,scheduling_downtime_steps,identity_downtime_steps,backup_recovery_downtime_steps,services_disrupted_count,total_service_downtime_steps,weighted_service_hours_lost,pct_clinical_capacity_lost,catastrophic,defensive_isolation_node_steps,recovery_step,recovered_within_horizon,pct_services_restored,unrecoverable_nodes,backups_available,steps_simulated,portfolio_cost
5000000,backup,20260713,small_clinic,resource_constrained,backup_connected,workstation,15,44,305,flat,0.25,0.3409,24,0.5,connected,0,0,43,0.9772727273,43,10,51,145,1,1,185,190,188,188,188,185,185,7,1309,247.625,0.9770220588,1,8,-1,0,0.2857142857,14,0,192,
5000001,backup,20260713,small_clinic,resource_constrained,backup_connected,internet_facing,40,42,284,flat,0.25,0.1667,24,0.5,connected,0,0,41,0.9761904762,41,10,44,146,1,1,183,189,187,190,189,183,190,7,1311,247.45,0.9734987745,1,8,-1,0,0.4285714286,12,0,192,
5000002,backup,20260713,small_clinic,resource_constrained,backup_connected,privileged_system,43,51,342,flat,0.25,0.2157,24,0.5,connected,0,0,50,0.9803921569,50,10,54,143,1,1,185,191,189,190,192,185,190,7,1322,249.55,0.9817708333,1,16,-1,0,0.4285714286,15,0,192,
5000003,backup,20260713,small_clinic,resource_constrained,backup_connected,medical_device,39,57,373,flat,0.25,0.2807,24,0.5,connected,0,0,55,0.9649122807,55,10,59,125,1,1,163,177,167,188,191,163,185,7,1234,230.15,0.8984375,1,8,190,1,0.8571428571,16,0,192,
5000004,backup,20260713,small_clinic,resource_constrained,backup_connected,vendor_connection,39,40,274,flat,0.25,0.225,24,0.5,connected,0,0,39,0.975,39,10,39,-1,1,1,188,188,190,192,188,188,188,7,1322,250.25,0.9862132353,1,0,-1,0,0,11,0,192,
5000005,backup,20260713,small_clinic,resource_constrained,backup_connected,workstation,5,55,357,flat,0.25,0.2,24,0.5,connected,0,0,55,1,55,10,61,179,1,1,181,180,182,180,180,180,179,7,1262,239.05,0.9417892157,1,8,-1,0,0,16,0,192,
5000006,backup,20260713,small_clinic,resource_constrained,backup_connected,internet_facing,38,40,268,flat,0.25,0.175,24,0.5,connected,0,0,40,1,40,10,48,-1,1,1,188,188,192,188,187,187,191,7,1321,250.125,0.9846813725,1,0,-1,0,0,11,0,192,
5000007,backup,20260713,small_clinic,resource_constrained,backup_connected,privileged_system,46,52,339,flat,0.25,0.1538,24,0.5,connected,0,0,50,0.9615384615,50,10,55,111,1,1,154,173,158,154,192,154,169,7,1154,214.8,0.8308823529,1,32,190,1,0.8571428571,14,0,192,
5000008,backup,20260713,small_clinic,resource_constrained,backup_connected,medical_device,33,50,322,flat,0.25,0.2,24,0.5,connected,0,0,49,0.98,49,10,56,99,1,1,137,149,144,157,186,137,152,7,1062,196.15,0.7593443627,1,16,164,1,0.8571428571,14,0,192,
5000009,backup,20260713,small_clinic,resource_constrained,backup_connected,vendor_connection,52,53,337,flat,0.25,0.2642,24,0.5,connected,0,0,53,1,53,10,53,164,1,1,185,190,187,191,186,184,192,7,1315,248.55,0.9788602941,1,16,-1,0,0,15,0,192,
5000010,backup,20260713,small_clinic,resource_constrained,backup_connected,workstation,5,43,299,flat,0.25,0.2558,24,0.5,connected,0,0,43,1,43,10,48,133,1,1,172,181,177,187,187,172,186,7,1262,237.05,0.9298406863,1,0,-1,0,0.5714285714,14,0,192,
5000011,backup,20260713,small_clinic,resource_constrained,backup_connected,internet_facing,49,51,349,flat,0.25,0.1569,24,0.5,connected,0,0,50,0.9803921569,50,10,53,-1,1,1,187,187,188,187,187,187,187,7,1310,248,0.9753370098,1,16,-1,0,0,15,0,192,
5000012,backup,20260713,small_clinic,resource_constrained,backup_connected,privileged_system,47,56,373,flat,0.25,0.25,24,0.5,connected,0,0,56,1,56,10,58,150,1,1,184,185,183,183,188,178,184,7,1285,242.65,0.9571078431,1,8,-1,0,0.2857142857,16,0,192,
5000013,backup,20260713,small_clinic,resource_constrained,backup_connected,medical_device,30,44,304,flat,0.25,0.3182,24,0.5,connected,0,0,43,0.9772727273,43,10,48,-1,1,1,188,188,188,188,188,188,190,7,1318,249.4,0.9791666667,1,0,-1,0,0,13,0,192,
5000014,backup,20260713,small_clinic,resource_constrained,backup_connected,vendor_connection,50,51,343,flat,0.25,0.2745,24,0.5,connected,0,0,49,0.9607843137,49,10,51,-1,1,1,191,191,191,191,191,191,189,7,1335,252.775,0.9947916667,1,21,-1,0,0,14,0,192,
5000015,backup,20260713,small_clinic,resource_constrained,backup_connected,workstation,21,60,434,flat,0.25,0.1667,24,0.5,connected,0,0,59,0.9833333333,59,10,65,-1,1,1,188,184,186,190,185,184,188,7,1305,247,0.9736519608,1,8,-1,0,0,18,0,192,
5000016,backup,20260713,small_clinic,resource_constrained,backup_connected,internet_facing,50,52,342,flat,0.25,0.1923,24,0.5,connected,0,0,52,1,52,10,56,147,1,1,189,191,191,192,191,189,192,7,1335,252.45,0.9928002451,1,8,-1,0,0.2857142857,15,0,192,
5000017,backup,20260713,small_clinic,resource_constrained,backup_connected,privileged_system,41,50,339,flat,0.25,0.24,24,0.5,connected,0,0,48,0.96,48,10,51,176,1,1,189,190,189,189,189,189,188,7,1323,250.475,0.9856004902,1,8,-1,0,0,14,0,192,
5000018,backup,20260713,small_clinic,resource_constrained,backup_connected,medical_device,37,52,346,flat,0.25,0.2308,24,0.5,connected,0,0,48,0.9230769231,48,10,52,144,1,1,182,187,186,187,187,182,186,7,1297,245.025,0.9649203431,1,24,-1,0,0.4285714286,15,0,192,
5000019,backup,20260713,small_clinic,resource_constrained,backup_connected,vendor_connection,39,40,264,flat,0.25,0.2,24,0.5,connected,0,0,39,0.975,39,10,40,174,1,1,188,184,184,187,184,184,185,7,1296,245.475,0.9676776961,1,8,-1,0,0,11,0,192,
5000020,backup,20260713,small_clinic,resource_constrained,backup_connected,workstation,4,42,295,flat,0.25,0.1429,24,0.5,connected,0,0,41,0.9761904762,41,10,48,136,1,1,167,183,172,179,179,167,177,7,1224,230.4,0.9091605392,1,48,-1,0,0.5714285714,13,0,192,
5000021,backup,20260713,small_clinic,resource_constrained,backup_connected,internet_facing,51,53,350,flat,0.25,0.1509,24,0.5,connected,0,0,53,1,53,10,57,107,1,1,148,159,152,170,187,148,171,7,1135,210.4,0.8134191176,1,16,176,1,0.8571428571,16,0,192,
5000022,backup,20260713,small_clinic,resource_constrained,backup_connected,privileged_system,42,48,318,flat,0.25,0.2083,24,0.5,connected,0,0,47,0.9791666667,47,10,51,-1,1,1,192,192,192,192,192,192,188,7,1340,253.8,1,1,16,-1,0,0,14,0,192,
5000023,backup,20260713,small_clinic,resource_constrained,backup_connected,medical_device,29,42,298,flat,0.25,0.1905,24,0.5,connected,0,0,41,0.9761904762,41,10,45,165,1,1,185,185,186,185,185,185,184,7,1295,245.2,0.9649203431,1,0,-1,0,0,13,0,192,
5000024,backup,20260713,small_clinic,resource_constrained,backup_connected,vendor_connection,47,48,342,flat,0.25,0.2292,24,0.5,connected,0,0,45,0.9375,45,10,54,171,1,1,192,192,192,192,192,192,186,7,1338,253.5,1,1,24,-1,0,0,14,0,192,
5000025,backup,20260713,small_clinic,resource_constrained,backup_periodic,workstation,7,52,340,flat,0.25,0.1923,24,0.5,periodic,0,0,52,1,52,10,52,127,1,1,169,175,166,184,183,161,177,7,1215,227.875,0.8995098039,1,27,-1,0,0.5714285714,15,0,192,
5000026,backup,20260713,small_clinic,resource_constrained,backup_periodic,internet_facing,43,45,304,flat,0.25,0.2,24,0.5,periodic,0,0,45,1,45,10,53,158,1,1,187,188,190,187,187,187,186,7,1312,248.5,0.9793198529,1,8,-1,0,0,13,0,192,
5000027,backup,20260713,small_clinic,resource_constrained,backup_periodic,privileged_system,33,40,272,flat,0.25,0.15,24,0.5,periodic,0,0,38,0.95,38,10,38,116,1,1,155,155,155,163,183,155,155,7,1121,209.575,0.815870098,1,26,173,1,0.8571428571,11,0,192,
5000028,backup,20260713,small_clinic,resource_constrained,backup_periodic,medical_device,28,43,284,flat,0.25,0.2326,24,0.5,periodic,0,0,41,0.9534883721,41,10,43,157,1,1,186,186,186,186,186,186,184,7,1300,246.15,0.96875,1,8,-1,0,0,12,0,192,
5000029,backup,20260713,small_clinic,resource_constrained,backup_periodic,vendor_connection,51,52,335,flat,0.25,0.2115,24,0.5,periodic,0,0,50,0.9615384615,50,10,57,186,1,1,181,188,185,181,183,181,180,7,1279,242.175,0.9568014706,1,8,-1,0,0,13,0,192,
5000030,backup,20260713,small_clinic,resource_constrained,backup_periodic,workstation,4,46,309,flat,0.25,0.2174,24,0.5,periodic,0,0,44,0.9565217391,44,10,48,146,1,1,177,190,189,186,186,177,181,7,1286,242.9,0.9640012255,1,24,-1,0,0.4285714286,13,0,192,
5000031,backup,20260713,small_clinic,resource_constrained,backup_periodic,internet_facing,52,54,353,flat,0.25,0.1296,24,0.5,periodic,0,0,54,1,54,10,60,145,1,1,185,191,189,191,192,185,188,7,1321,249.425,0.9828431373,1,8,-1,0,0.4285714286,15,0,192,
5000032,backup,20260713,small_clinic,resource_constrained,backup_periodic,privileged_system,33,42,292,flat,0.25,0.1905,24,0.5,periodic,0,0,41,0.9761904762,41,10,45,-1,1,1,188,183,181,186,190,181,178,7,1287,243.3,0.9612438725,1,0,-1,0,0,12,0,192,
5000033,backup,20260713,small_clinic,resource_constrained,backup_periodic,medical_device,41,52,344,flat,0.25,0.2115,24,0.5,periodic,0,0,52,1,52,10,60,118,1,1,169,176,173,186,187,169,163,7,1223,230.1,0.9125306373,1,37,-1,0,0.1428571429,14,0,192,
5000034,backup,20260713,small_clinic,resource_constrained,backup_periodic,vendor_connection,47,48,324,flat,0.25,0.3542,24,0.5,periodic,0,0,47,0.9791666667,47,10,51,-1,1,1,187,187,187,187,191,187,187,7,1313,248.175,0.9739583333,1,24,-1,0,0,14,0,192,
5000035,backup,20260713,small_clinic,resource_constrained,backup_periodic,workstation,6,44,307,flat,0.25,0.25,24,0.5,periodic,0,0,44,1,44,10,45,164,1,1,188,188,188,188,188,188,185,7,1313,248.65,0.9791666667,1,8,-1,0,0,14,0,192,
5000036,backup,20260713,small_clinic,resource_constrained,backup_periodic,internet_facing,55,58,390,flat,0.25,0.2414,24,0.5,periodic,0,0,54,0.9310344828,54,10,59,163,1,1,184,184,184,184,184,184,175,7,1279,242.45,0.9583333333,1,8,-1,0,0,16,0,192,
5000037,backup,20260713,small_clinic,resource_constrained,backup_periodic,privileged_system,45,51,328,flat,0.25,0.2157,24,0.5,periodic,0,0,51,1,51,10,57,-1,1,1,192,192,192,192,192,192,188,7,1340,253.8,1,1,24,-1,0,0,14,0,192,
5000038,backup,20260713,small_clinic,resource_constrained,backup_periodic,medical_device,40,55,364,flat,0.25,0.2364,24,0.5,periodic,0,0,55,1,55,10,61,-1,1,1,187,187,190,187,187,187,188,7,1313,248.6,0.9780943627,1,8,-1,0,0,15,0,192,
5000039,backup,20260713,small_clinic,resource_constrained,backup_periodic,vendor_connection,51,52,339,flat,0.25,0.1346,24,0.5,periodic,0,0,51,0.9807692308,51,10,60,151,1,1,190,188,188,188,188,188,184,7,1314,249,0.9822303922,1,8,-1,0,0,14,0,192,
5000040,backup,20260713,small_clinic,resource_constrained,backup_periodic,workstation,2,43,301,flat,0.25,0.1163,24,0.5,periodic,0,0,43,1,43,10,47,153,1,1,182,182,183,182,182,182,168,7,1261,239.275,0.9492953431,1,0,-1,0,0,14,0,192,
5000041,backup,20260713,small_clinic,resource_constrained,backup_periodic,internet_facing,40,42,288,flat,0.25,0.2619,24,0.5,periodic,0,0,42,1,42,10,42,115,1,1,159,167,163,179,192,159,174,7,1193,222.225,0.8648897059,1,0,180,1,0.8571428571,13,0,192,
5000042,backup,20260713,small_clinic,resource_constrained,backup_periodic,privileged_system,52,60,382,flat,0.25,0.2167,24,0.5,periodic,0,0,58,0.9666666667,58,10,66,154,1,1,189,187,186,186,188,185,187,7,1308,247.525,0.9745710784,1,8,-1,0,0.2857142857,16,0,192,
5000043,backup,20260713,small_clinic,resource_constrained,backup_periodic,medical_device,47,60,409,flat,0.25,0.1167,24,0.5,periodic,0,0,58,0.9666666667,58,10,62,-1,1,1,188,188,185,187,189,180,184,7,1301,245.95,0.9739583333,1,16,-1,0,0,18,0,192,
5000044,backup,20260713,small_clinic,resource_constrained,backup_periodic,vendor_connection,59,60,405,flat,0.25,0.2,24,0.5,periodic,0,0,60,1,60,10,65,142,1,1,176,185,182,186,186,176,186,7,1277,240.6,0.9466911765,1,16,-1,0,0.4285714286,17,0,192,
5000045,backup,20260713,small_clinic,resource_constrained,backup_periodic,workstation,11,47,308,flat,0.25,0.1702,24,0.5,periodic,0,0,45,0.9574468085,45,9,48,136,0,1,149,151,153,153,163,149,0,6,918,178.475,0.7882965686,1,24,183,1,1,0,1,188,
5000046,backup,20260713,small_clinic,resource_constrained,backup_periodic,internet_facing,40,42,278,flat,0.25,0.2381,24,0.5,periodic,0,0,42,1,42,10,45,144,1,1,183,191,187,191,191,183,188,7,1314,247.925,0.9770220588,1,7,-1,0,0.4285714286,12,0,192,
5000047,backup,20260713,small_clinic,resource_constrained,backup_periodic,privileged_system,48,54,350,flat,0.25,0.2037,24,0.5,periodic,0,0,53,0.9814814815,53,10,56,149,1,1,190,192,192,192,192,190,185,7,1333,252.4,0.9969362745,1,8,-1,0,0.2857142857,15,0,192,
5000048,backup,20260713,small_clinic,resource_constrained,backup_periodic,medical_device,37,48,323,flat,0.25,0.1875,24,0.5,periodic,0,0,46,0.9583333333,46,10,51,164,1,1,178,178,178,178,181,178,177,7,1248,236,0.9270833333,1,32,-1,0,0,13,0,192,
5000049,backup,20260713,small_clinic,resource_constrained,backup_periodic,vendor_connection,48,49,329,flat,0.25,0.3061,24,0.5,periodic,0,0,46,0.9387755102,46,10,53,132,1,1,172,185,177,189,187,171,186,7,1267,237.975,0.9368872549,1,16,-1,0,0.5714285714,15,0,192,
5000050,backup,20260713,small_clinic,resource_constrained,backup_isolated,workstation,6,53,337,flat,0.25,0.1509,24,0.5,isolated,0,0,50,0.9433962264,50,9,52,148,0,1,156,159,157,161,171,156,16,7,976,188.9,0.8229166667,1,32,164,1,1,0,1,192,
5000051,backup,20260713,small_clinic,resource_constrained,backup_isolated,internet_facing,38,40,256,flat,0.25,0.15,24,0.5,isolated,0,0,38,0.95,38,9,42,127,0,1,133,134,135,136,146,132,8,7,824,159.725,0.6999080882,1,16,141,1,1,0,1,166,
5000052,backup,20260713,small_clinic,resource_constrained,backup_isolated,privileged_system,35,44,288,flat,0.25,0.1364,24,0.5,isolated,0,0,40,0.9090909091,40,9,42,117,0,1,130,123,128,129,139,113,16,7,778,150.2,0.6646752451,1,48,138,1,1,0,1,169,
5000053,backup,20260713,small_clinic,resource_constrained,backup_isolated,medical_device,34,46,305,flat,0.25,0.1522,24,0.5,isolated,0,0,42,0.9130434783,42,9,51,179,0,1,184,187,184,188,187,184,8,7,1122,219,0.9662990196,1,24,-1,0,0.7142857143,0,1,192,
5000054,backup,20260713,small_clinic,resource_constrained,backup_isolated,vendor_connection,42,43,267,flat,0.25,0.2093,24,0.5,isolated,0,0,41,0.9534883721,41,9,45,120,0,1,129,139,130,133,140,129,32,7,832,160.4,0.6897977941,1,48,165,1,1,0,1,172,
5000055,backup,20260713,small_clinic,resource_constrained,backup_isolated,workstation,15,50,316,flat,0.25,0.26,24,0.5,isolated,0,0,46,0.92,46,9,49,136,0,1,128,132,134,134,145,126,0,6,799,154.85,0.6862745098,1,32,151,1,1,0,1,185,
5000056,backup,20260713,small_clinic,resource_constrained,backup_isolated,internet_facing,42,44,273,flat,0.25,0.2273,24,0.5,isolated,0,0,41,0.9318181818,41,9,45,130,0,1,136,139,145,139,148,136,0,6,843,164.15,0.7276348039,1,24,177,1,1,0,1,179,
5000057,backup,20260713,small_clinic,resource_constrained,backup_isolated,privileged_system,43,50,303,flat,0.25,0.18,24,0.5,isolated,0,0,48,0.96,48,9,55,-1,0,1,190,190,190,190,191,190,8,7,1149,224.55,0.9895833333,1,32,-1,0,0.1428571429,0,1,192,
5000058,backup,20260713,small_clinic,resource_constrained,backup_isolated,medical_device,45,60,364,flat,0.25,0.2,24,0.5,isolated,0,0,57,0.95,57,9,60,158,0,1,166,164,163,166,178,161,16,7,1014,196.45,0.8579963235,1,41,173,1,1,0,1,192,
5000059,backup,20260713,small_clinic,resource_constrained,backup_isolated,vendor_connection,44,45,291,flat,0.25,0.2,24,0.5,isolated,0,0,41,0.9111111111,41,9,53,122,0,1,136,132,138,133,140,128,0,6,807,157.525,0.7029718137,1,64,189,1,1,0,1,189,
5000060,backup,20260713,small_clinic,resource_constrained,backup_isolated,workstation,9,54,341,flat,0.25,0.2222,24,0.5,isolated,0,0,50,0.9259259259,50,9,52,121,0,1,124,128,127,129,139,124,0,6,771,149.55,0.6602328431,1,32,136,1,1,0,1,176,
5000061,backup,20260713,small_clinic,resource_constrained,backup_isolated,internet_facing,46,48,305,flat,0.25,0.1875,24,0.5,isolated,0,0,45,0.9375,45,9,48,134,0,1,137,139,144,142,151,137,8,7,858,166.425,0.731004902,1,24,149,1,1,0,1,180,
5000062,backup,20260713,small_clinic,resource_constrained,backup_isolated,privileged_system,55,60,363,flat,0.25,0.3,24,0.5,isolated,0,0,57,0.95,57,9,61,160,0,1,171,174,172,176,187,171,0,6,1051,204.225,0.9010416667,1,10,-1,0,0.1428571429,0,1,192,
5000063,backup,20260713,small_clinic,resource_constrained,backup_isolated,medical_device,40,57,356,flat,0.25,0.1754,24,0.5,isolated,0,0,51,0.8947368421,51,9,55,122,0,1,113,116,113,117,129,107,2,7,697,134.625,0.5965073529,1,64,137,1,1,0,1,175,
5000064,backup,20260713,small_clinic,resource_constrained,backup_isolated,vendor_connection,54,55,359,flat,0.25,0.1091,24,0.5,isolated,0,0,51,0.9272727273,51,9,57,-1,0,1,192,192,192,192,192,192,0,6,1152,225.6,1,1,16,-1,0,0.1428571429,0,1,192,
5000065,backup,20260713,small_clinic,resource_constrained,backup_isolated,workstation,14,58,353,flat,0.25,0.2241,24,0.5,isolated,0,0,56,0.9655172414,56,9,58,147,0,1,147,152,150,151,161,147,8,7,916,177.7,0.7801776961,1,29,162,1,1,0,1,192,
5000066,backup,20260713,small_clinic,resource_constrained,backup_isolated,internet_facing,46,48,304,flat,0.25,0.1875,24,0.5,isolated,0,0,44,0.9166666667,44,9,48,190,0,1,192,192,192,192,192,192,0,6,1152,225.6,1,1,8,-1,0,0.1428571429,0,1,192,
5000067,backup,20260713,small_clinic,resource_constrained,backup_isolated,privileged_system,2,46,288,flat,0.25,0.2174,24,0.5,isolated,0,0,43,0.9347826087,43,9,48,162,0,1,152,150,158,150,162,146,8,7,926,180.05,0.7953431373,1,48,177,1,1,0,1,192,
5000068,backup,20260713,small_clinic,resource_constrained,backup_isolated,medical_device,36,52,340,flat,0.25,0.1923,24,0.5,isolated,0,0,48,0.9230769231,48,9,53,156,0,1,165,165,166,170,180,165,16,7,1027,198.875,0.8661151961,1,56,172,1,1,0,1,192,
5000069,backup,20260713,small_clinic,resource_constrained,backup_isolated,vendor_connection,54,55,342,flat,0.25,0.2364,24,0.5,isolated,0,0,53,0.9636363636,53,9,56,127,0,1,131,133,131,135,146,131,8,7,815,157.725,0.6890318627,1,72,142,1,1,0,1,192,
5000070,backup,20260713,small_clinic,resource_constrained,backup_isolated,workstation,23,59,360,flat,0.25,0.2034,24,0.5,isolated,0,0,57,0.9661016949,57,9,61,-1,0,1,176,177,175,175,175,175,8,7,1061,207.475,0.9154411765,1,24,-1,0,0.1428571429,0,1,192,
5000071,backup,20260713,small_clinic,resource_constrained,backup_isolated,internet_facing,58,60,387,flat,0.25,0.25,24,0.5,isolated,0,0,56,0.9333333333,56,9,60,-1,0,1,192,192,192,192,192,192,0,6,1152,225.6,1,1,0,-1,0,0.1428571429,0,1,192,
5000072,backup,20260713,small_clinic,resource_constrained,backup_isolated,privileged_system,36,46,298,flat,0.25,0.2609,24,0.5,isolated,0,0,43,0.9347826087,43,9,43,142,0,1,148,151,149,152,165,148,0,6,913,177.125,0.7801776961,1,16,156,1,1,0,1,186,
5000073,backup,20260713,small_clinic,resource_constrained,backup_isolated,medical_device,37,56,351,flat,0.25,0.1786,24,0.5,isolated,0,0,52,0.9285714286,52,9,56,-1,0,1,182,184,183,182,182,182,0,6,1095,214.475,0.9517463235,1,24,-1,0,0.1428571429,0,1,192,
5000074,backup,20260713,small_clinic,resource_constrained,backup_isolated,vendor_connection,42,43,272,flat,0.25,0.2093,24,0.5,isolated,0,0,39,0.9069767442,39,9,41,143,0,1,149,153,150,152,162,149,0,6,915,177.925,0.7855392157,1,16,157,1,1,0,1,183,
5000075,backup,20260713,small_clinic,intermediate_capacity,backup_connected,workstation,2,47,322,flat,0.5,0.4894,12,0.7,connected,0,0,3,0.06382978723,3,1,2,17,0,0,11,8,8,8,8,8,0,6,51,10.15,0.0462622549,1,40,14,1,1,0,1,21,
5000076,backup,20260713,small_clinic,intermediate_capacity,backup_connected,internet_facing,58,60,389,flat,0.5,0.4667,12,0.7,connected,0,0,53,0.8833333333,53,10,55,90,1,1,137,141,146,154,189,137,142,7,1046,193.275,0.7490808824,1,56,170,1,1,17,0,192,
5000077,backup,20260713,small_clinic,intermediate_capacity,backup_connected,privileged_system,35,42,296,flat,0.5,0.3571,12,0.7,connected,0,0,37,0.880952381,37,10,38,89,1,1,109,140,121,130,164,109,127,7,900,165.2,0.6447610294,1,56,165,1,1,12,0,192,
5000078,backup,20260713,small_clinic,intermediate_capacity,backup_connected,medical_device,41,56,379,flat,0.5,0.4643,12,0.7,connected,0,0,50,0.8928571429,50,10,51,55,1,1,93,101,99,109,141,87,120,7,750,136.475,0.5196078431,1,56,131,1,1,16,0,192,
5000079,backup,20260713,small_clinic,intermediate_capacity,backup_connected,vendor_connection,46,47,320,flat,0.5,0.4255,12,0.7,connected,0,0,40,0.8510638298,40,10,39,55,1,1,89,97,89,107,144,75,101,7,702,126.825,0.4926470588,1,90,143,1,1,12,0,192,
5000080,backup,20260713,small_clinic,intermediate_capacity,backup_connected,workstation,1,49,337,flat,0.5,0.4898,12,0.7,connected,0,0,43,0.8775510204,43,10,44,148,1,1,186,178,178,178,180,178,176,7,1254,237.75,0.9393382353,1,24,-1,0,0,15,0,192,
5000081,backup,20260713,small_clinic,intermediate_capacity,backup_connected,internet_facing,58,60,390,flat,0.5,0.5,12,0.7,connected,0,0,39,0.65,39,10,38,78,1,1,105,104,94,121,91,91,96,7,702,133.35,0.5476409314,1,157,192,1,1,15,0,192,
5000082,backup,20260713,small_clinic,intermediate_capacity,backup_connected,privileged_system,33,41,280,flat,0.5,0.4146,12,0.7,connected,0,0,35,0.8536585366,35,10,34,112,1,1,148,149,156,160,187,141,160,7,1101,204.325,0.7959558824,1,16,169,1,0.8571428571,12,0,192,
5000083,backup,20260713,small_clinic,intermediate_capacity,backup_connected,medical_device,37,51,338,flat,0.5,0.3529,12,0.7,connected,0,0,46,0.9019607843,46,10,48,124,1,1,153,165,157,176,185,153,169,7,1158,215.65,0.8417585784,1,48,184,1,0.8571428571,13,0,192,
5000084,backup,20260713,small_clinic,intermediate_capacity,backup_connected,vendor_connection,44,45,289,flat,0.5,0.4889,12,0.7,connected,0,0,35,0.7777777778,35,10,34,113,1,1,144,136,152,164,191,136,160,7,1083,199.8,0.7726715686,1,64,166,1,0.8571428571,11,0,192,
5000085,backup,20260713,small_clinic,intermediate_capacity,backup_connected,workstation,9,49,339,flat,0.5,0.449,12,0.7,connected,0,0,37,0.7551020408,37,10,38,78,1,1,105,105,105,121,157,105,111,7,809,148.025,0.5640318627,1,101,131,1,1,11,0,192,
5000086,backup,20260713,small_clinic,intermediate_capacity,backup_connected,internet_facing,40,42,291,flat,0.5,0.5238,12,0.7,connected,0,0,36,0.8571428571,36,10,36,119,1,1,154,162,158,176,187,154,167,7,1158,215.65,0.8409926471,1,8,180,1,0.8571428571,12,0,192,
5000087,backup,20260713,small_clinic,intermediate_capacity,backup_connected,privileged_system,39,48,337,flat,0.5,0.4375,12,0.7,connected,0,0,45,0.9375,45,10,45,70,1,1,112,118,116,134,169,99,125,7,873,159.075,0.6197916667,1,48,150,1,1,15,0,192,
5000088,backup,20260713,small_clinic,intermediate_capacity,backup_connected,medical_device,41,59,401,flat,0.5,0.5085,12,0.7,connected,0,0,51,0.8644067797,51,10,55,187,1,1,187,187,187,187,187,187,182,7,1304,247.025,0.9739583333,1,32,-1,0,0,16,0,192,
5000089,backup,20260713,small_clinic,intermediate_capacity,backup_connected,vendor_connection,47,48,315,flat,0.5,0.5,12,0.7,connected,0,0,4,0.08333333333,4,3,3,16,1,0,0,0,27,0,0,0,17,2,44,8.625,0.03722426471,1,40,29,1,1,3,0,38,
5000090,backup,20260713,small_clinic,intermediate_capacity,backup_connected,workstation,0,42,305,flat,0.5,0.5,12,0.7,connected,0,0,34,0.8095238095,34,10,33,72,1,1,107,105,113,128,105,105,121,7,784,147.85,0.5856311275,1,40,129,1,1,12,0,192,
5000091,backup,20260713,small_clinic,intermediate_capacity,backup_connected,internet_facing,50,52,335,flat,0.5,0.3269,12,0.7,connected,0,0,42,0.8076923077,42,10,44,53,1,1,78,97,88,105,143,65,97,7,673,120.55,0.4722732843,1,64,119,1,1,13,0,192,
5000092,backup,20260713,small_clinic,intermediate_capacity,backup_connected,privileged_system,42,51,342,flat,0.5,0.4902,12,0.7,connected,0,0,44,0.862745098,44,10,43,96,1,1,125,136,129,148,192,125,133,7,988,180.65,0.6946997549,1,56,164,1,0.8571428571,15,0,192,
5000093,backup,20260713,small_clinic,intermediate_capacity,backup_connected,medical_device,45,56,386,flat,0.5,0.5357,12,0.7,connected,0,0,48,0.8571428571,48,10,48,94,1,1,133,139,128,154,190,128,142,7,1014,185.9,0.7156862745,1,72,172,1,0.8571428571,15,0,192,
5000094,backup,20260713,small_clinic,intermediate_capacity,backup_connected,vendor_connection,58,59,382,flat,0.5,0.4407,12,0.7,connected,0,0,51,0.8644067797,51,10,54,68,1,1,109,117,110,141,163,109,114,7,863,158,0.6132046569,1,72,167,1,1,15,0,192,
5000095,backup,20260713,small_clinic,intermediate_capacity,backup_connected,workstation,14,58,398,flat,0.5,0.4655,12,0.7,connected,0,0,49,0.8448275862,49,10,50,119,1,1,136,147,146,162,171,136,154,7,1052,195.4,0.7634803922,1,48,183,1,0.8571428571,16,0,192,
5000096,backup,20260713,small_clinic,intermediate_capacity,backup_connected,internet_facing,43,45,315,flat,0.5,0.5111,12,0.7,connected,0,0,39,0.8666666667,39,10,39,83,1,1,110,117,128,132,154,95,78,7,814,151.275,0.6299019608,1,24,140,1,1,12,0,192,
5000097,backup,20260713,small_clinic,intermediate_capacity,backup_connected,privileged_system,39,48,323,flat,0.5,0.4167,12,0.7,connected,0,0,43,0.8958333333,43,10,44,71,1,1,102,99,103,134,175,91,104,7,808,145.5,0.5632659314,1,95,188,1,1,13,0,192,
5000098,backup,20260713,small_clinic,intermediate_capacity,backup_connected,medical_device,40,59,399,flat,0.5,0.4068,12,0.7,connected,0,0,1,0.01694915254,1,1,0,3,0,0,0,0,0,0,0,0,0,0,0,0,0,0,8,0,1,1,0,1,12,
5000099,backup,20260713,small_clinic,intermediate_capacity,backup_connected,vendor_connection,46,47,319,flat,0.5,0.3404,12,0.7,connected,0,0,38,0.8085106383,38,10,38,52,1,1,85,93,89,105,141,85,106,7,704,127.375,0.4794730392,1,54,109,1,1,13,0,192,
5000100,backup,20260713,small_clinic,intermediate_capacity,backup_periodic,workstation,3,48,316,flat,0.5,0.375,12,0.7,periodic,0,0,45,0.9375,45,10,46,80,1,1,138,146,144,158,182,138,128,7,1034,192.2,0.7582720588,1,48,173,1,1,14,0,192,
5000101,backup,20260713,small_clinic,intermediate_capacity,backup_periodic,internet_facing,56,58,404,flat,0.5,0.431,12,0.7,periodic,0,0,52,0.8965517241,52,10,53,84,1,1,121,132,125,142,184,121,8,7,833,156.45,0.6717218137,1,53,144,1,1,15,0,192,
5000102,backup,20260713,small_clinic,intermediate_capacity,backup_periodic,privileged_system,39,44,297,flat,0.5,0.5,12,0.7,periodic,0,0,36,0.8181818182,36,10,36,79,1,1,115,123,119,135,115,115,133,7,855,161.075,0.6357230392,1,40,136,1,1,11,0,192,
5000103,backup,20260713,small_clinic,intermediate_capacity,backup_periodic,medical_device,29,46,303,flat,0.5,0.4783,12,0.7,periodic,0,0,42,0.9130434783,42,10,42,93,1,1,131,128,131,136,175,116,127,7,944,174.275,0.6839767157,1,43,176,1,0.8571428571,13,0,192,
5000104,backup,20260713,small_clinic,intermediate_capacity,backup_periodic,vendor_connection,44,45,307,flat,0.5,0.5111,12,0.7,periodic,0,0,2,0.04444444444,2,2,1,12,0,0,0,0,6,0,0,0,0,1,6,1.35,0.008272058824,0,8,14,1,1,0,1,15,
5000105,backup,20260713,small_clinic,intermediate_capacity,backup_periodic,workstation,13,56,364,flat,0.5,0.5357,12,0.7,periodic,0,0,51,0.9107142857,51,10,56,111,1,1,134,130,128,138,164,110,135,7,939,173.85,0.6890318627,1,56,170,1,0.8571428571,15,0,192,
5000106,backup,20260713,small_clinic,intermediate_capacity,backup_periodic,internet_facing,55,57,395,flat,0.5,0.3684,12,0.7,periodic,0,0,54,0.9473684211,54,10,55,70,1,1,123,124,123,134,169,123,128,7,924,170.45,0.6536458333,1,57,138,1,1,17,0,192,
5000107,backup,20260713,small_clinic,intermediate_capacity,backup_periodic,privileged_system,44,51,340,flat,0.5,0.4314,12,0.7,periodic,0,0,45,0.8823529412,45,10,47,97,1,1,133,143,143,152,191,133,121,7,1016,187.8,0.7391237745,1,24,157,1,0.8571428571,12,0,192,
5000108,backup,20260713,small_clinic,intermediate_capacity,backup_periodic,medical_device,43,55,361,flat,0.5,0.4909,12,0.7,periodic,0,0,48,0.8727272727,48,10,49,95,1,1,125,133,129,143,178,125,149,7,982,180.175,0.6856617647,1,60,158,1,0.8571428571,15,0,192,
5000109,backup,20260713,small_clinic,intermediate_capacity,backup_periodic,vendor_connection,39,40,286,flat,0.5,0.425,12,0.7,periodic,0,0,35,0.875,35,10,36,89,1,1,132,130,134,139,162,122,133,7,952,177.075,0.6953125,1,48,180,1,1,11,0,192,
5000110,backup,20260713,small_clinic,intermediate_capacity,backup_periodic,workstation,7,41,270,flat,0.5,0.4146,12,0.7,periodic,0,0,32,0.7804878049,32,10,32,93,1,1,104,114,119,132,137,104,80,7,790,147.775,0.6046262255,1,84,-1,0,0.8571428571,10,0,192,
5000111,backup,20260713,small_clinic,intermediate_capacity,backup_periodic,internet_facing,41,43,303,flat,0.5,0.4884,12,0.7,periodic,0,0,38,0.8837209302,38,10,38,97,1,1,133,141,137,153,192,133,142,7,1031,189.475,0.7294730392,1,40,154,1,0.8571428571,12,0,192,
5000112,backup,20260713,small_clinic,intermediate_capacity,backup_periodic,privileged_system,40,45,316,flat,0.5,0.3778,12,0.7,periodic,0,0,37,0.8222222222,37,9,39,81,0,1,91,101,92,91,100,91,0,6,566,110.05,0.4875919118,1,48,106,1,1,0,1,124,
5000113,backup,20260713,small_clinic,intermediate_capacity,backup_periodic,medical_device,32,45,311,flat,0.5,0.5111,12,0.7,periodic,0,0,31,0.6888888889,31,10,31,63,1,1,109,114,107,115,143,103,106,7,797,147.625,0.5775122549,1,64,126,1,1,12,0,188,
5000114,backup,20260713,small_clinic,intermediate_capacity,backup_periodic,vendor_connection,57,58,393,flat,0.5,0.3621,12,0.7,periodic,0,0,51,0.8793103448,51,10,53,90,1,1,122,141,131,146,184,121,142,7,987,180.65,0.6968443627,1,44,154,1,1,16,0,192,
5000115,backup,20260713,small_clinic,intermediate_capacity,backup_periodic,workstation,10,53,357,flat,0.5,0.3774,12,0.7,periodic,0,0,43,0.8113207547,43,10,43,91,1,1,125,125,129,144,178,125,136,7,962,176.8,0.6769301471,1,56,149,1,1,13,0,192,
5000116,backup,20260713,small_clinic,intermediate_capacity,backup_periodic,internet_facing,43,45,317,flat,0.5,0.5333,12,0.7,periodic,0,0,40,0.8888888889,40,10,40,87,1,1,125,133,131,141,173,125,135,7,963,177.675,0.6862745098,1,40,165,1,1,13,0,192,
5000117,backup,20260713,small_clinic,intermediate_capacity,backup_periodic,privileged_system,43,49,332,flat,0.5,0.5306,12,0.7,periodic,0,0,45,0.9183673469,45,10,45,131,1,1,175,187,179,192,192,175,190,7,1290,242.1,0.9499080882,1,48,-1,0,0.5714285714,15,0,192,
5000118,backup,20260713,small_clinic,intermediate_capacity,backup_periodic,medical_device,39,58,390,flat,0.5,0.4483,12,0.7,periodic,0,0,50,0.8620689655,50,10,52,91,1,1,127,141,130,145,182,127,102,7,954,176.65,0.7020526961,1,52,-1,0,0.8571428571,15,0,192,
5000119,backup,20260713,small_clinic,intermediate_capacity,backup_periodic,vendor_connection,55,56,391,flat,0.5,0.2857,12,0.7,periodic,0,0,51,0.9107142857,51,10,51,68,1,1,107,118,112,132,175,107,127,7,878,159.275,0.6044730392,1,48,137,1,1,17,0,192,
5000120,backup,20260713,small_clinic,intermediate_capacity,backup_periodic,workstation,15,49,324,flat,0.5,0.5102,12,0.7,periodic,0,0,7,0.1428571429,7,2,6,27,0,0,0,0,0,0,0,0,0,0,0,0,0,0,16,0,1,1,0,1,35,
5000121,backup,20260713,small_clinic,intermediate_capacity,backup_periodic,internet_facing,55,57,373,flat,0.5,0.3684,12,0.7,periodic,0,0,48,0.8421052632,48,10,50,76,1,1,119,126,127,139,168,119,82,7,880,163.725,0.6608455882,1,62,-1,0,0.8571428571,14,0,192,
5000122,backup,20260713,small_clinic,intermediate_capacity,backup_periodic,privileged_system,50,59,416,flat,0.5,0.4915,12,0.7,periodic,0,0,54,0.9152542373,54,10,55,102,1,1,130,142,132,160,180,125,161,7,1030,188.875,0.7267156863,1,72,171,1,0.8571428571,17,0,192,
5000123,backup,20260713,small_clinic,intermediate_capacity,backup_periodic,medical_device,39,57,372,flat,0.5,0.5439,12,0.7,periodic,0,0,48,0.8421052632,48,10,51,108,1,1,130,142,135,156,187,121,147,7,1018,186.55,0.7265625,1,40,162,1,0.8571428571,14,0,192,
5000124,backup,20260713,small_clinic,intermediate_capacity,backup_periodic,vendor_connection,50,51,349,flat,0.5,0.5098,12,0.7,periodic,0,0,42,0.8235294118,42,10,43,62,1,1,99,106,94,128,152,85,124,7,788,142.425,0.5484068627,1,69,130,1,1,13,0,192,
5000125,backup,20260713,small_clinic,intermediate_capacity,backup_isolated,workstation,16,56,363,flat,0.5,0.375,12,0.7,isolated,0,0,47,0.8392857143,47,9,49,117,0,1,109,121,110,116,125,109,8,7,698,134.725,0.5912990196,1,40,167,1,1,0,1,170,
5000126,backup,20260713,small_clinic,intermediate_capacity,backup_isolated,internet_facing,45,47,305,flat,0.5,0.4468,12,0.7,isolated,0,0,1,0.02127659574,1,1,0,3,0,0,0,0,0,0,0,0,0,0,0,0,0,0,0,0,1,1,0,1,5,
5000127,backup,20260713,small_clinic,intermediate_capacity,backup_isolated,privileged_system,53,60,398,flat,0.5,0.4167,12,0.7,isolated,0,0,56,0.9333333333,56,9,57,81,0,1,88,97,89,103,101,88,16,7,582,111.75,0.4868259804,1,88,105,1,1,0,1,159,
5000128,backup,20260713,small_clinic,intermediate_capacity,backup_isolated,medical_device,28,42,267,flat,0.5,0.381,12,0.7,isolated,0,0,31,0.7380952381,31,9,32,71,0,1,73,68,72,74,76,62,0,6,425,82.55,0.3737745098,1,24,83,1,1,0,1,103,
5000129,backup,20260713,small_clinic,intermediate_capacity,backup_isolated,vendor_connection,59,60,401,flat,0.5,0.45,12,0.7,isolated,0,0,45,0.75,45,9,47,106,0,1,114,116,115,120,125,113,0,6,703,136.5,0.6040134804,1,96,123,1,1,0,1,164,
5000130,backup,20260713,small_clinic,intermediate_capacity,backup_isolated,workstation,8,49,312,flat,0.5,0.5102,12,0.7,isolated,0,0,2,0.04081632653,2,1,1,7,0,0,0,0,0,0,0,0,8,1,8,1.2,0,0,16,0,1,1,0,1,25,
5000131,backup,20260713,small_clinic,intermediate_capacity,backup_isolated,internet_facing,44,46,298,flat,0.5,0.2826,12,0.7,isolated,0,0,41,0.8913043478,41,9,41,59,0,1,82,82,85,90,88,82,0,6,509,99.025,0.4397977941,1,56,128,1,1,0,1,128,
5000132,backup,20260713,small_clinic,intermediate_capacity,backup_isolated,privileged_system,36,43,282,flat,0.5,0.5349,12,0.7,isolated,0,0,31,0.7209302326,31,8,31,54,0,1,51,19,42,51,68,19,0,6,250,46,0.2140012255,1,40,64,1,1,0,1,88,
5000133,backup,20260713,small_clinic,intermediate_capacity,backup_isolated,medical_device,42,57,358,flat,0.5,0.3158,12,0.7,isolated,0,0,49,0.8596491228,49,9,52,164,0,1,169,172,172,174,184,169,0,6,1040,202.225,0.8933823529,1,42,179,1,1,0,1,192,
5000134,backup,20260713,small_clinic,intermediate_capacity,backup_isolated,vendor_connection,45,46,282,flat,0.5,0.3696,12,0.7,isolated,0,0,39,0.847826087,39,9,38,56,0,1,64,67,56,60,72,55,0,6,374,72.075,0.3216911765,1,32,82,1,1,0,1,97,
5000135,backup,20260713,small_clinic,intermediate_capacity,backup_isolated,workstation,16,59,373,flat,0.5,0.5763,12,0.7,isolated,0,0,1,0.01694915254,1,1,0,36,0,0,0,0,0,0,0,0,8,1,8,1.2,0,0,16,0,1,1,0,1,38,
5000136,backup,20260713,small_clinic,intermediate_capacity,backup_isolated,internet_facing,44,46,299,flat,0.5,0.587,12,0.7,isolated,0,0,1,0.02173913043,1,1,0,3,0,0,0,0,0,0,0,0,0,0,0,0,0,0,0,0,1,1,0,1,5,
5000137,backup,20260713,small_clinic,intermediate_capacity,backup_isolated,privileged_system,41,51,335,flat,0.5,0.5686,12,0.7,isolated,0,0,38,0.7450980392,38,9,37,108,0,1,118,116,112,54,128,49,8,7,585,112.375,0.5352328431,1,88,122,1,1,0,1,147,
5000138,backup,20260713,small_clinic,intermediate_capacity,backup_isolated,medical_device,32,49,310,flat,0.5,0.4898,12,0.7,isolated,0,0,38,0.7755102041,38,9,38,96,0,1,99,97,98,98,110,95,0,6,597,115.725,0.5107230392,1,16,108,1,1,0,1,135,
5000139,backup,20260713,small_clinic,intermediate_capacity,backup_isolated,vendor_connection,57,58,363,flat,0.5,0.4655,12,0.7,isolated,0,0,44,0.7586206897,44,9,44,53,0,1,58,69,59,63,58,58,0,6,365,71.45,0.3223039216,1,56,104,1,1,0,1,104,
5000140,backup,20260713,small_clinic,intermediate_capacity,backup_isolated,workstation,6,40,248,flat,0.5,0.475,12,0.7,isolated,0,0,28,0.7,28,9,27,147,0,1,100,110,133,137,100,100,0,6,680,133.4,0.6182598039,1,24,158,1,1,0,1,176,
5000141,backup,20260713,small_clinic,intermediate_capacity,backup_isolated,internet_facing,39,41,270,flat,0.5,0.561,12,0.7,isolated,0,0,33,0.8048780488,33,9,34,118,0,1,119,119,123,135,129,119,0,6,744,144.525,0.6424632353,1,40,156,1,1,0,1,162,
5000142,backup,20260713,small_clinic,intermediate_capacity,backup_isolated,privileged_system,44,51,331,flat,0.5,0.4902,12,0.7,isolated,0,0,42,0.8235294118,42,9,42,99,0,1,102,100,100,100,128,99,0,6,629,120.575,0.5238970588,1,48,136,1,1,0,1,146,
5000143,backup,20260713,small_clinic,intermediate_capacity,backup_isolated,medical_device,33,45,307,flat,0.5,0.5111,12,0.7,isolated,0,0,3,0.06666666667,3,2,2,21,0,0,8,0,0,0,0,0,0,1,8,2,0.01225490196,0,48,29,1,1,0,1,29,
5000144,backup,20260713,small_clinic,intermediate_capacity,backup_isolated,vendor_connection,58,59,366,flat,0.5,0.5085,12,0.7,isolated,0,0,47,0.7966101695,47,9,48,95,0,1,100,90,93,105,123,80,0,6,591,112.6,0.5042892157,1,64,137,1,1,0,1,137,
5000145,backup,20260713,small_clinic,intermediate_capacity,backup_isolated,workstation,0,57,391,flat,0.5,0.4737,12,0.7,isolated,0,0,51,0.8947368421,51,9,51,114,0,1,113,116,113,118,128,113,8,7,709,136.95,0.5975796569,1,16,130,1,1,0,1,160,
5000146,backup,20260713,small_clinic,intermediate_capacity,backup_isolated,internet_facing,49,51,326,flat,0.5,0.4118,12,0.7,isolated,0,0,44,0.862745098,44,9,44,90,0,1,91,93,95,103,92,78,16,7,568,109.9,0.4947916667,1,32,122,1,1,0,1,135,
5000147,backup,20260713,small_clinic,intermediate_capacity,backup_isolated,privileged_system,36,41,255,flat,0.5,0.3659,12,0.7,isolated,0,0,36,0.8780487805,36,9,36,76,0,1,84,102,85,87,95,84,0,6,537,104.15,0.4641544118,1,32,116,1,1,0,1,116,
5000148,backup,20260713,small_clinic,intermediate_capacity,backup_isolated,medical_device,29,45,297,flat,0.5,0.4667,12,0.7,isolated,0,0,34,0.7555555556,34,9,36,54,0,1,53,57,49,62,70,47,0,6,338,64.1,0.2850796569,1,8,69,1,1,0,1,97,
5000149,backup,20260713,small_clinic,intermediate_capacity,backup_isolated,vendor_connection,54,55,359,flat,0.5,0.5818,12,0.7,isolated,0,0,41,0.7454545455,41,9,41,90,0,1,97,100,98,102,97,97,0,6,591,115.675,0.515625,1,32,104,1,1,0,1,135,
5000150,backup,20260713,small_clinic,high_capacity,backup_connected,workstation,7,57,417,flat,0.75,0.7018,3,0.9,connected,0,0,1,0.01754385965,1,1,0,2,0,0,0,0,0,0,0,0,0,0,0,0,0,0,0,0,1,1,0,1,4,
5000151,backup,20260713,small_clinic,high_capacity,backup_connected,internet_facing,58,60,445,flat,0.75,0.8,3,0.9,connected,0,0,3,0.05,3,3,2,7,1,0,0,0,0,0,0,0,7,1,7,1.05,0,0,16,0,1,1,2,0,19,
5000152,backup,20260713,small_clinic,high_capacity,backup_connected,privileged_system,51,58,428,flat,0.75,0.7241,3,0.9,connected,0,0,10,0.1724137931,10,5,9,15,0,1,7,7,7,7,7,7,0,6,42,8.225,0.03645833333,0,16,17,1,1,0,1,31,
5000153,backup,20260713,small_clinic,high_capacity,backup_connected,medical_device,39,57,417,flat,0.75,0.807,3,0.9,connected,0,0,1,0.01754385965,1,1,0,2,0,0,0,0,0,0,0,0,0,0,0,0,0,0,8,0,1,1,0,1,11,
5000154,backup,20260713,small_clinic,high_capacity,backup_connected,vendor_connection,46,47,334,flat,0.75,0.6383,3,0.9,connected,0,0,7,0.1489361702,7,7,6,6,1,1,21,21,22,21,21,21,17,7,144,27.45,0.1107536765,1,32,23,1,1,3,0,37,
5000155,backup,20260713,small_clinic,high_capacity,backup_connected,workstation,8,50,350,flat,0.75,0.7,3,0.9,connected,0,0,5,0.1,5,2,4,7,0,0,8,0,0,0,0,0,8,2,16,3.2,0.01225490196,0,8,10,1,1,0,1,15,
5000156,backup,20260713,small_clinic,high_capacity,backup_connected,internet_facing,41,43,306,flat,0.75,0.6279,3,0.9,connected,0,0,3,0.06976744186,3,2,2,5,0,0,0,0,0,0,0,0,0,0,0,0,0,0,16,0,1,1,0,1,11,
5000157,backup,20260713,small_clinic,high_capacity,backup_connected,privileged_system,16,51,355,flat,0.75,0.6471,3,0.9,connected,0,0,1,0.01960784314,1,1,0,6,0,0,0,0,0,0,0,0,0,0,0,0,0,0,16,0,1,1,0,1,14,
5000158,backup,20260713,small_clinic,high_capacity,backup_connected,medical_device,42,56,416,flat,0.75,0.625,3,0.9,connected,0,0,1,0.01785714286,1,1,0,10,0,0,8,0,0,8,0,0,8,3,24,4.6,0.02083333333,0,48,25,1,1,0,1,37,
5000159,backup,20260713,small_clinic,high_capacity,backup_connected,vendor_connection,41,42,305,flat,0.75,0.7619,3,0.9,connected,0,0,16,0.380952381,16,10,16,19,1,1,24,36,45,30,54,24,42,7,255,45.675,0.1750919118,1,64,86,1,1,7,0,99,
5000160,backup,20260713,small_clinic,high_capacity,backup_connected,workstation,0,42,296,flat,0.75,0.7381,3,0.9,connected,0,0,4,0.09523809524,4,2,3,13,0,0,0,0,0,0,5,0,0,1,5,0.5,0,0,0,0,1,1,0,1,18,
5000161,backup,20260713,small_clinic,high_capacity,backup_connected,internet_facing,47,49,368,flat,0.75,0.8367,3,0.9,connected,0,0,5,0.1020408163,5,5,4,18,0,1,15,15,15,15,15,15,8,7,98,18.825,0.078125,1,24,20,1,1,0,1,24,
5000162,backup,20260713,small_clinic,high_capacity,backup_connected,privileged_system,33,42,318,flat,0.75,0.7381,3,0.9,connected,0,0,1,0.02380952381,1,1,0,2,0,0,0,0,0,0,3,0,0,1,3,0.3,0,0,0,0,1,1,0,1,4,
5000163,backup,20260713,small_clinic,high_capacity,backup_connected,medical_device,45,57,395,flat,0.75,0.7193,3,0.9,connected,0,0,12,0.2105263158,12,7,11,24,1,0,15,20,25,16,0,0,40,5,116,22.175,0.09911151961,1,88,83,1,1,7,0,101,
5000164,backup,20260713,small_clinic,high_capacity,backup_connected,vendor_connection,46,47,345,flat,0.75,0.7234,3,0.9,connected,0,0,2,0.04255319149,2,2,1,10,0,0,0,0,0,0,0,0,0,0,0,0,0,0,0,0,1,1,0,1,13,
5000165,backup,20260713,small_clinic,high_capacity,backup_connected,workstation,17,55,399,flat,0.75,0.8,3,0.9,connected,0,0,2,0.03636363636,2,1,1,4,0,0,0,16,0,0,2,0,0,2,18,3.4,0.01960784314,0,96,50,1,1,0,1,58,
5000166,backup,20260713,small_clinic,high_capacity,backup_connected,internet_facing,44,46,334,flat,0.75,0.6522,3,0.9,connected,0,0,1,0.02173913043,1,1,0,4,0,0,0,0,0,0,0,0,0,0,0,0,0,0,0,0,1,1,0,1,6,
5000167,backup,20260713,small_clinic,high_capacity,backup_connected,privileged_system,22,51,379,flat,0.75,0.6863,3,0.9,connected,0,0,7,0.137254902,7,5,6,8,0,0,0,6,0,0,0,0,0,1,6,1.2,0.007352941176,0,32,11,1,1,0,1,20,
5000168,backup,20260713,small_clinic,high_capacity,backup_connected,medical_device,34,46,364,flat,0.75,0.7826,3,0.9,connected,0,0,1,0.02173913043,1,1,0,8,0,0,0,0,0,0,0,0,0,0,0,0,0,0,8,0,1,1,0,1,16,
5000169,backup,20260713,small_clinic,high_capacity,backup_connected,vendor_connection,43,44,308,flat,0.75,0.7727,3,0.9,connected,0,0,5,0.1136363636,5,5,4,14,1,0,0,0,0,0,17,0,19,2,36,4.55,0,0,16,0,1,1,1,0,35,
5000170,backup,20260713,small_clinic,high_capacity,backup_connected,workstation,14,42,308,flat,0.75,0.7857,3,0.9,connected,0,0,1,0.02380952381,1,1,0,3,0,0,0,0,0,0,0,0,0,0,0,0,0,0,0,0,1,1,0,1,5,
5000171,backup,20260713,small_clinic,high_capacity,backup_connected,internet_facing,42,44,328,flat,0.75,0.7273,3,0.9,connected,0,0,1,0.02272727273,1,1,0,3,0,0,0,0,0,0,0,0,8,1,8,1.2,0,0,8,0,1,1,0,1,12,
5000172,backup,20260713,small_clinic,high_capacity,backup_connected,privileged_system,43,48,374,flat,0.75,0.6667,3,0.9,connected,0,0,26,0.5416666667,26,9,25,23,1,1,39,51,43,47,75,39,28,7,322,58.325,0.2319240196,1,80,67,1,1,7,0,128,
5000173,backup,20260713,small_clinic,high_capacity,backup_connected,medical_device,27,40,281,flat,0.75,0.675,3,0.9,connected,0,0,2,0.05,2,2,1,18,0,0,0,0,8,0,0,0,0,1,8,1.8,0.01102941176,0,32,42,1,1,0,1,42,
5000174,backup,20260713,small_clinic,high_capacity,backup_connected,vendor_connection,48,49,351,flat,0.75,0.7347,3,0.9,connected,0,0,10,0.2040816327,10,5,9,29,0,0,0,0,0,27,0,0,0,1,27,4.725,0.02895220588,1,16,33,1,1,0,1,40,
5000175,backup,20260713,small_clinic,high_capacity,backup_periodic,workstation,14,54,399,flat,0.75,0.7593,3,0.9,periodic,0,0,2,0.03703703704,2,1,1,5,0,0,0,0,0,0,0,0,0,0,0,0,0,0,0,0,1,1,0,1,8,
5000176,backup,20260713,small_clinic,high_capacity,backup_periodic,internet_facing,54,56,397,flat,0.75,0.6607,3,0.9,periodic,0,0,3,0.05357142857,3,2,2,9,0,0,0,0,6,0,0,0,0,1,6,1.35,0.008272058824,0,16,11,1,1,0,1,18,
5000177,backup,20260713,small_clinic,high_capacity,backup_periodic,privileged_system,53,60,428,flat,0.75,0.6833,3,0.9,periodic,0,0,5,0.08333333333,5,3,4,10,0,1,12,12,12,12,12,12,0,6,72,14.1,0.0625,1,16,15,1,1,0,1,16,
5000178,backup,20260713,small_clinic,high_capacity,backup_periodic,medical_device,30,40,277,flat,0.75,0.7,3,0.9,periodic,0,0,6,0.15,6,3,5,9,0,0,0,0,0,7,0,0,0,1,7,1.225,0.007506127451,0,0,11,1,1,0,1,16,
5000179,backup,20260713,small_clinic,high_capacity,backup_periodic,vendor_connection,48,49,348,flat,0.75,0.8776,3,0.9,periodic,0,0,4,0.08163265306,4,4,3,7,0,1,7,7,7,7,7,7,0,6,42,8.225,0.03645833333,0,16,9,1,1,0,1,21,
5000180,backup,20260713,small_clinic,high_capacity,backup_periodic,workstation,4,57,415,flat,0.75,0.6842,3,0.9,periodic,0,0,1,0.01754385965,1,1,0,2,0,0,8,8,8,8,8,8,0,6,48,9.4,0.04166666667,0,16,16,1,1,0,1,16,
5000181,backup,20260713,small_clinic,high_capacity,backup_periodic,internet_facing,40,42,322,flat,0.75,0.5714,3,0.9,periodic,0,0,4,0.09523809524,4,4,3,10,0,1,4,4,4,12,4,4,0,6,32,6.1,0.02941176471,0,32,31,1,1,0,1,37,
5000182,backup,20260713,small_clinic,high_capacity,backup_periodic,privileged_system,41,50,365,flat,0.75,0.72,3,0.9,periodic,0,0,1,0.02,1,1,0,2,0,0,0,0,0,0,0,0,0,0,0,0,0,0,0,0,1,1,0,1,4,
5000183,backup,20260713,small_clinic,high_capacity,backup_periodic,medical_device,36,51,360,flat,0.75,0.7451,3,0.9,periodic,0,0,3,0.05882352941,3,2,2,14,0,0,0,0,0,0,0,0,0,0,0,0,0,0,8,0,1,1,0,1,22,
5000184,backup,20260713,small_clinic,high_capacity,backup_periodic,vendor_connection,49,50,345,flat,0.75,0.8,3,0.9,periodic,0,0,2,0.04,2,2,1,8,0,0,8,8,12,8,8,8,0,6,52,10.3,0.04718137255,1,40,22,1,1,0,1,26,
5000185,backup,20260713,small_clinic,high_capacity,backup_periodic,workstation,10,55,392,flat,0.75,0.6364,3,0.9,periodic,0,0,2,0.03636363636,2,2,1,7,0,0,0,0,0,0,0,0,0,0,0,0,0,0,0,0,1,1,0,1,10,
5000186,backup,20260713,small_clinic,high_capacity,backup_periodic,internet_facing,44,46,332,flat,0.75,0.7391,3,0.9,periodic,0,0,2,0.04347826087,2,2,1,4,0,0,0,0,0,0,0,0,0,0,0,0,0,0,0,0,1,1,0,1,7,
5000187,backup,20260713,small_clinic,high_capacity,backup_periodic,privileged_system,39,45,309,flat,0.75,0.7111,3,0.9,periodic,0,0,18,0.4,18,8,17,20,1,1,44,44,48,44,76,44,53,7,353,63.75,0.2346813725,1,24,49,1,1,6,0,96,
5000188,backup,20260713,small_clinic,high_capacity,backup_periodic,medical_device,38,50,350,flat,0.75,0.74,3,0.9,periodic,0,0,2,0.04,2,1,1,9,0,0,0,0,0,0,0,0,0,0,0,0,0,0,0,0,1,1,0,1,12,
5000189,backup,20260713,small_clinic,high_capacity,backup_periodic,vendor_connection,49,50,358,flat,0.75,0.62,3,0.9,periodic,0,0,1,0.02,1,1,0,4,0,0,0,8,0,0,0,0,0,1,8,1.6,0.009803921569,0,16,9,1,1,0,1,13,
5000190,backup,20260713,small_clinic,high_capacity,backup_periodic,workstation,0,47,351,flat,0.75,0.7021,3,0.9,periodic,0,0,1,0.02127659574,1,1,0,3,0,0,0,0,0,0,0,0,0,0,0,0,0,0,8,0,1,1,0,1,9,
5000191,backup,20260713,small_clinic,high_capacity,backup_periodic,internet_facing,40,42,296,flat,0.75,0.7619,3,0.9,periodic,0,0,1,0.02380952381,1,1,0,4,0,0,0,0,0,0,0,0,0,0,0,0,0,0,0,0,1,1,0,1,6,
5000192,backup,20260713,small_clinic,high_capacity,backup_periodic,privileged_system,49,56,416,flat,0.75,0.8214,3,0.9,periodic,0,0,3,0.05357142857,3,3,2,3,0,0,0,0,0,0,0,0,8,1,8,1.2,0,0,32,0,1,1,0,1,29,
5000193,backup,20260713,small_clinic,high_capacity,backup_periodic,medical_device,35,45,327,flat,0.75,0.5778,3,0.9,periodic,0,0,25,0.5555555556,25,10,24,22,1,1,52,61,52,60,88,52,50,7,415,75.4,0.2904411765,1,72,90,1,1,9,0,123,
5000194,backup,20260713,small_clinic,high_capacity,backup_periodic,vendor_connection,54,55,400,flat,0.75,0.8182,3,0.9,periodic,0,0,1,0.01818181818,1,1,0,2,0,0,0,0,0,0,0,0,0,0,0,0,0,0,0,0,1,1,0,1,4,
5000195,backup,20260713,small_clinic,high_capacity,backup_periodic,workstation,5,47,347,flat,0.75,0.7234,3,0.9,periodic,0,0,1,0.02127659574,1,1,0,2,0,0,0,0,0,0,0,0,0,0,0,0,0,0,16,0,1,1,0,1,11,
5000196,backup,20260713,small_clinic,high_capacity,backup_periodic,internet_facing,45,47,346,flat,0.75,0.7234,3,0.9,periodic,0,0,2,0.04255319149,2,2,1,14,0,0,0,0,11,0,0,0,0,1,11,2.475,0.01516544118,1,8,16,1,1,0,1,21,
5000197,backup,20260713,small_clinic,high_capacity,backup_periodic,privileged_system,34,41,282,flat,0.75,0.7805,3,0.9,periodic,0,0,3,0.07317073171,3,2,2,7,0,0,0,0,0,6,6,0,0,2,12,1.65,0.006433823529,0,0,10,1,1,0,1,11,
5000198,backup,20260713,small_clinic,high_capacity,backup_periodic,medical_device,38,57,421,flat,0.75,0.6316,3,0.9,periodic,0,0,19,0.3333333333,19,10,20,17,1,1,30,46,31,33,30,30,50,7,250,46.7,0.1804534314,1,72,47,1,1,9,0,102,
5000199,backup,20260713,small_clinic,high_capacity,backup_periodic,vendor_connection,52,53,376,flat,0.75,0.6415,3,0.9,periodic,0,0,7,0.1320754717,7,6,7,14,1,0,0,0,0,0,0,0,24,1,24,3.6,0,0,0,0,1,1,4,0,42,
5000200,backup,20260713,small_clinic,high_capacity,backup_isolated,workstation,5,42,299,flat,0.75,0.7619,3,0.9,isolated,0,0,1,0.02380952381,1,1,0,3,0,0,0,0,0,0,0,0,8,1,8,1.2,0,0,40,0,1,1,0,1,20,
5000201,backup,20260713,small_clinic,high_capacity,backup_isolated,internet_facing,40,42,259,flat,0.75,0.8095,3,0.9,isolated,0,0,4,0.09523809524,4,4,3,8,0,0,8,0,0,0,0,0,0,1,8,2,0.01225490196,0,8,10,1,1,0,1,13,
5000202,backup,20260713,small_clinic,high_capacity,backup_isolated,privileged_system,34,42,299,flat,0.75,0.7381,3,0.9,isolated,0,0,8,0.1904761905,8,4,7,15,0,0,0,0,6,10,14,0,0,3,30,4.5,0.01899509804,1,0,19,1,1,0,1,24,
5000203,backup,20260713,small_clinic,high_capacity,backup_isolated,medical_device,34,46,317,flat,0.75,0.7609,3,0.9,isolated,0,0,1,0.02173913043,1,1,0,5,0,0,0,0,0,0,0,0,0,0,0,0,0,0,0,0,1,1,0,1,7,
5000204,backup,20260713,small_clinic,high_capacity,backup_isolated,vendor_connection,41,42,273,flat,0.75,0.619,3,0.9,isolated,0,0,1,0.02380952381,1,1,0,4,0,0,0,0,0,0,0,0,0,0,0,0,0,0,0,0,1,1,0,1,6,
5000205,backup,20260713,small_clinic,high_capacity,backup_isolated,workstation,20,60,408,flat,0.75,0.7,3,0.9,isolated,0,0,1,0.01666666667,1,1,0,3,0,0,0,0,0,0,0,0,0,0,0,0,0,0,0,0,1,1,0,1,5,
5000206,backup,20260713,small_clinic,high_capacity,backup_isolated,internet_facing,56,58,394,flat,0.75,0.6897,3,0.9,isolated,0,0,3,0.05172413793,3,3,2,13,0,0,0,8,0,0,0,0,0,1,8,1.6,0.009803921569,0,24,21,1,1,0,1,22,
5000207,backup,20260713,small_clinic,high_capacity,backup_isolated,privileged_system,42,47,337,flat,0.75,0.6383,3,0.9,isolated,0,0,7,0.1489361702,7,4,6,14,0,1,16,16,16,19,16,16,0,6,99,19.325,0.0865502451,1,16,27,1,1,0,1,32,
5000208,backup,20260713,small_clinic,high_capacity,backup_isolated,medical_device,41,59,408,flat,0.75,0.7458,3,0.9,isolated,0,0,8,0.1355932203,8,5,7,23,0,0,0,23,0,0,0,0,0,1,23,4.6,0.02818627451,1,24,25,1,1,0,1,34,
5000209,backup,20260713,small_clinic,high_capacity,backup_isolated,vendor_connection,51,52,370,flat,0.75,0.6731,3,0.9,isolated,0,0,4,0.07692307692,4,4,3,15,0,0,0,0,0,0,0,0,0,0,0,0,0,0,40,0,1,1,0,1,20,
5000210,backup,20260713,small_clinic,high_capacity,backup_isolated,workstation,12,40,263,flat,0.75,0.75,3,0.9,isolated,0,0,4,0.1,4,2,3,13,0,0,0,0,0,0,5,0,0,1,5,0.5,0,0,0,0,1,1,0,1,18,
5000211,backup,20260713,small_clinic,high_capacity,backup_isolated,internet_facing,43,45,309,flat,0.75,0.6889,3,0.9,isolated,0,0,1,0.02222222222,1,1,0,6,0,0,0,0,0,0,0,0,0,0,0,0,0,0,8,0,1,1,0,1,10,
5000212,backup,20260713,small_clinic,high_capacity,backup_isolated,privileged_system,52,60,411,flat,0.75,0.7167,3,0.9,isolated,0,0,1,0.01666666667,1,1,0,2,0,0,0,0,0,0,0,0,0,0,0,0,0,0,0,0,1,1,0,1,4,
5000213,backup,20260713,small_clinic,high_capacity,backup_isolated,medical_device,36,51,355,flat,0.75,0.7843,3,0.9,isolated,0,0,1,0.01960784314,1,1,0,7,0,0,8,8,8,8,8,8,0,6,48,9.4,0.04166666667,0,8,10,1,1,0,1,10,
5000214,backup,20260713,small_clinic,high_capacity,backup_isolated,vendor_connection,52,53,373,flat,0.75,0.6604,3,0.9,isolated,0,0,20,0.3773584906,20,9,19,33,0,1,24,23,26,36,44,23,8,7,184,33.525,0.1393995098,1,16,40,1,1,0,1,53,
5000215,backup,20260713,small_clinic,high_capacity,backup_isolated,workstation,0,52,367,flat,0.75,0.7692,3,0.9,isolated,0,0,3,0.05769230769,3,1,2,11,0,0,0,0,0,0,0,0,0,0,0,0,0,0,40,0,1,1,0,1,28,
5000216,backup,20260713,small_clinic,high_capacity,backup_isolated,internet_facing,54,56,378,flat,0.75,0.75,3,0.9,isolated,0,0,2,0.03571428571,2,2,1,3,0,0,0,0,0,0,0,0,0,0,0,0,0,0,0,0,1,1,0,1,6,
5000217,backup,20260713,small_clinic,high_capacity,backup_isolated,privileged_system,39,48,323,flat,0.75,0.625,3,0.9,isolated,0,0,2,0.04166666667,2,2,1,4,0,0,0,0,0,0,5,0,0,1,5,0.5,0,0,8,0,1,1,0,1,13,
5000218,backup,20260713,small_clinic,high_capacity,backup_isolated,medical_device,36,54,380,flat,0.75,0.7593,3,0.9,isolated,0,0,5,0.09259259259,5,4,4,9,0,0,0,0,5,0,0,0,0,1,5,1.125,0.006893382353,0,32,11,1,1,0,1,24,
5000219,backup,20260713,small_clinic,high_capacity,backup_isolated,vendor_connection,54,55,383,flat,0.75,0.7273,3,0.9,isolated,0,0,16,0.2909090909,16,7,15,29,0,0,27,0,15,0,29,0,0,3,71,13.025,0.06204044118,1,64,35,1,1,0,1,50,
5000220,backup,20260713,small_clinic,high_capacity,backup_isolated,workstation,11,47,316,flat,0.75,0.8511,3,0.9,isolated,0,0,10,0.2127659574,10,5,9,26,0,0,25,8,8,28,8,8,0,6,85,17.15,0.08915441176,1,40,31,1,1,0,1,37,
5000221,backup,20260713,small_clinic,high_capacity,backup_isolated,internet_facing,51,53,369,flat,0.75,0.7736,3,0.9,isolated,0,0,6,0.1132075472,6,3,5,14,0,0,0,0,0,0,6,0,0,1,6,0.6,0,0,8,0,1,1,0,1,21,
5000222,backup,20260713,small_clinic,high_capacity,backup_isolated,privileged_system,42,50,358,flat,0.75,0.84,3,0.9,isolated,0,0,1,0.02,1,1,0,2,0,0,0,0,0,0,0,0,0,0,0,0,0,0,0,0,1,1,0,1,4,
5000223,backup,20260713,small_clinic,high_capacity,backup_isolated,medical_device,27,41,280,flat,0.75,0.7073,3,0.9,isolated,0,0,2,0.0487804878,2,2,1,7,0,0,0,0,0,0,0,0,0,0,0,0,0,0,16,0,1,1,0,1,18,
5000224,backup,20260713,small_clinic,high_capacity,backup_isolated,vendor_connection,39,40,259,flat,0.75,0.775,3,0.9,isolated,0,0,2,0.05,2,2,1,7,0,0,0,8,0,0,0,0,0,1,8,1.6,0.009803921569,0,24,14,1,1,0,1,19,
5000225,backup,20260713,regional_hospital,resource_constrained,backup_connected,workstation,9,292,2125,flat,0.25,0.2089,24,0.5,connected,0,0,283,0.9691780822,283,10,321,-1,1,1,183,182,183,182,184,180,181,7,1275,241.225,0.9508272059,1,120,-1,0,0,80,0,192,
5000226,backup,20260713,regional_hospital,resource_constrained,backup_connected,internet_facing,272,282,2119,flat,0.25,0.1879,24,0.5,connected,0,0,282,1,282,10,320,-1,1,1,188,188,188,188,188,188,187,7,1315,248.95,0.9791666667,1,40,-1,0,0,83,0,192,
5000227,backup,20260713,regional_hospital,resource_constrained,backup_connected,privileged_system,272,300,2193,flat,0.25,0.2133,24,0.5,connected,0,0,292,0.9733333333,292,10,336,-1,1,1,191,191,191,191,191,191,190,7,1336,252.925,0.9947916667,1,40,-1,0,0,82,0,192,
5000228,backup,20260713,regional_hospital,resource_constrained,backup_connected,medical_device,201,283,2124,flat,0.25,0.2155,24,0.5,connected,0,0,279,0.9858657244,279,10,311,-1,1,1,186,187,189,187,186,186,189,7,1310,247.95,0.9751838235,1,56,-1,0,0,83,0,192,
5000229,backup,20260713,regional_hospital,resource_constrained,backup_connected,vendor_connection,206,207,1533,flat,0.25,0.2271,24,0.5,connected,0,0,202,0.9758454106,202,10,226,-1,1,1,186,191,188,186,186,186,188,7,1311,248.2,0.9776348039,1,16,-1,0,0,60,0,192,
5000230,backup,20260713,regional_hospital,resource_constrained,backup_connected,workstation,62,236,1757,flat,0.25,0.2161,24,0.5,connected,0,0,231,0.9788135593,231,10,264,165,1,1,171,173,173,173,173,170,171,7,1204,227.75,0.8979779412,1,120,-1,0,0.2857142857,66,0,192,
5000231,backup,20260713,regional_hospital,resource_constrained,backup_connected,internet_facing,230,233,1757,flat,0.25,0.2232,24,0.5,connected,0,0,227,0.974248927,227,10,264,-1,1,1,186,186,186,186,186,186,184,7,1300,246.15,0.96875,1,40,-1,0,0,69,0,192,
5000232,backup,20260713,regional_hospital,resource_constrained,backup_connected,privileged_system,198,247,1837,flat,0.25,0.2267,24,0.5,connected,0,0,241,0.975708502,241,10,277,-1,1,1,185,185,186,185,185,185,187,7,1298,245.65,0.9649203431,1,64,-1,0,0,71,0,192,
5000233,backup,20260713,regional_hospital,resource_constrained,backup_connected,medical_device,185,287,2214,flat,0.25,0.2021,24,0.5,connected,0,0,285,0.9930313589,285,10,339,-1,1,1,190,190,190,190,190,190,185,7,1325,251,0.9895833333,1,24,-1,0,0,87,0,192,
5000234,backup,20260713,regional_hospital,resource_constrained,backup_connected,vendor_connection,268,269,1998,flat,0.25,0.2045,24,0.5,connected,0,0,267,0.9925650558,267,10,305,165,1,1,187,189,189,189,189,187,187,7,1317,249.175,0.9813112745,1,54,-1,0,0.2857142857,79,0,192,
5000235,backup,20260713,regional_hospital,resource_constrained,backup_connected,workstation,106,288,2210,flat,0.25,0.2431,24,0.5,connected,0,0,284,0.9861111111,284,10,328,-1,1,1,190,182,182,182,182,182,183,7,1283,243.3,0.9601715686,1,96,-1,0,0,90,0,192,
5000236,backup,20260713,regional_hospital,resource_constrained,backup_connected,internet_facing,246,252,1883,flat,0.25,0.2381,24,0.5,connected,0,0,247,0.9801587302,247,10,285,-1,1,1,180,180,183,180,180,179,180,7,1262,238.95,0.9416360294,1,96,-1,0,0,74,0,192,
5000237,backup,20260713,regional_hospital,resource_constrained,backup_connected,privileged_system,37,210,1542,flat,0.25,0.2524,24,0.5,connected,0,0,206,0.980952381,206,10,230,-1,1,1,189,180,180,182,180,180,183,7,1274,241.55,0.9534313725,1,112,-1,0,0,59,0,192,
5000238,backup,20260713,regional_hospital,resource_constrained,backup_connected,medical_device,155,234,1760,flat,0.25,0.2009,24,0.5,connected,0,0,230,0.9829059829,230,10,261,179,1,1,183,183,183,184,183,183,183,7,1282,242.65,0.9541973039,1,60,-1,0,0,72,0,192,
5000239,backup,20260713,regional_hospital,resource_constrained,backup_connected,vendor_connection,264,265,1995,flat,0.25,0.2264,24,0.5,connected,0,0,263,0.9924528302,263,10,308,-1,1,1,189,189,189,189,189,189,187,7,1321,250.125,0.984375,1,8,-1,0,0,79,0,192,
5000240,backup,20260713,regional_hospital,resource_constrained,backup_connected,workstation,2,273,2031,flat,0.25,0.2088,24,0.5,connected,0,0,265,0.9706959707,265,10,301,-1,1,1,181,181,181,181,181,181,180,7,1266,239.675,0.9427083333,1,104,-1,0,0,80,0,192,
5000241,backup,20260713,regional_hospital,resource_constrained,backup_connected,internet_facing,212,216,1615,flat,0.25,0.213,24,0.5,connected,0,0,213,0.9861111111,213,10,242,169,1,1,189,187,187,188,187,187,186,7,1311,248.3,0.9780943627,1,32,-1,0,0,62,0,192,
5000242,backup,20260713,regional_hospital,resource_constrained,backup_connected,privileged_system,217,240,1815,flat,0.25,0.2333,24,0.5,connected,0,0,236,0.9833333333,236,10,264,-1,1,1,187,188,188,188,187,187,191,7,1316,248.975,0.9776348039,1,16,-1,0,0,71,0,192,
5000243,backup,20260713,regional_hospital,resource_constrained,backup_connected,medical_device,143,210,1582,flat,0.25,0.1714,24,0.5,connected,0,0,1,0.004761904762,1,1,0,5,0,0,0,0,0,8,0,0,0,1,8,1.4,0.008578431373,0,376,49,1,1,0,1,101,
5000244,backup,20260713,regional_hospital,resource_constrained,backup_connected,vendor_connection,208,209,1592,flat,0.25,0.1722,24,0.5,connected,0,0,208,0.995215311,208,10,240,-1,1,1,192,192,192,192,192,192,191,7,1343,254.25,1,1,32,-1,0,0,64,0,192,
5000245,backup,20260713,regional_hospital,resource_constrained,backup_connected,workstation,53,257,1926,flat,0.25,0.2335,24,0.5,connected,0,0,250,0.9727626459,250,10,285,-1,1,1,186,186,186,186,186,186,186,7,1302,246.45,0.96875,1,88,-1,0,0,78,0,192,
5000246,backup,20260713,regional_hospital,resource_constrained,backup_connected,internet_facing,245,255,1915,flat,0.25,0.2,24,0.5,connected,0,0,250,0.9803921569,250,10,289,175,1,1,182,182,182,182,184,182,179,7,1273,240.9,0.9479166667,1,112,-1,0,0,73,0,192,
5000247,backup,20260713,regional_hospital,resource_constrained,backup_connected,privileged_system,97,285,2176,flat,0.25,0.1965,24,0.5,connected,0,0,276,0.9684210526,276,10,325,-1,1,1,183,183,183,183,183,183,182,7,1280,242.325,0.953125,1,61,-1,0,0,85,0,192,
5000248,backup,20260713,regional_hospital,resource_constrained,backup_connected,medical_device,188,288,2153,flat,0.25,0.2431,24,0.5,connected,0,0,281,0.9756944444,281,10,333,-1,1,1,178,178,179,179,178,178,179,7,1249,236.4,0.9295343137,1,64,-1,0,0,80,0,192,
5000249,backup,20260713,regional_hospital,resource_constrained,backup_connected,vendor_connection,271,272,1957,flat,0.25,0.2316,24,0.5,connected,0,0,265,0.9742647059,265,10,308,167,1,1,188,190,190,190,190,188,189,7,1325,250.65,0.9865196078,1,106,-1,0,0.2857142857,75,0,192,
5000250,backup,20260713,regional_hospital,resource_constrained,backup_periodic,workstation,73,272,1986,flat,0.25,0.2096,24,0.5,periodic,0,0,269,0.9889705882,269,10,303,187,1,1,187,187,187,187,187,187,183,7,1305,247.175,0.9739583333,1,80,-1,0,0,77,0,192,
5000251,backup,20260713,regional_hospital,resource_constrained,backup_periodic,internet_facing,237,243,1826,flat,0.25,0.144,24,0.5,periodic,0,0,237,0.975308642,237,10,277,-1,1,1,187,186,186,186,188,186,186,7,1305,246.9,0.9702818627,1,40,-1,0,0,73,0,192,
5000252,backup,20260713,regional_hospital,resource_constrained,backup_periodic,privileged_system,244,289,2090,flat,0.25,0.2215,24,0.5,periodic,0,0,275,0.9515570934,275,10,305,-1,1,1,189,189,189,189,191,189,185,7,1321,250.025,0.984375,1,83,-1,0,0,79,0,192,
5000253,backup,20260713,regional_hospital,resource_constrained,backup_periodic,medical_device,175,247,1887,flat,0.25,0.1862,24,0.5,periodic,0,0,245,0.991902834,245,10,282,-1,1,1,181,181,181,181,181,181,185,7,1271,240.425,0.9427083333,1,128,-1,0,0,75,0,192,
5000254,backup,20260713,regional_hospital,resource_constrained,backup_periodic,vendor_connection,258,259,1936,flat,0.25,0.2278,24,0.5,periodic,0,0,249,0.9613899614,249,10,270,-1,1,1,189,187,187,187,187,187,184,7,1308,247.825,0.9770220588,1,40,-1,0,0,73,0,192,
5000255,backup,20260713,regional_hospital,resource_constrained,backup_periodic,workstation,39,285,2087,flat,0.25,0.1789,24,0.5,periodic,0,0,281,0.9859649123,281,10,318,-1,1,1,185,185,185,185,185,185,183,7,1293,244.825,0.9635416667,1,48,-1,0,0,82,0,192,
5000256,backup,20260713,regional_hospital,resource_constrained,backup_periodic,internet_facing,201,203,1506,flat,0.25,0.2315,24,0.5,periodic,0,0,197,0.9704433498,197,10,226,-1,1,1,188,188,188,188,188,188,185,7,1313,248.65,0.9791666667,1,69,-1,0,0,58,0,192,
5000257,backup,20260713,regional_hospital,resource_constrained,backup_periodic,privileged_system,205,251,1908,flat,0.25,0.2191,24,0.5,periodic,0,0,243,0.96812749,243,10,276,-1,1,1,187,186,186,185,188,185,186,7,1303,246.5,0.9692095588,1,72,-1,0,0,74,0,192,
5000258,backup,20260713,regional_hospital,resource_constrained,backup_periodic,medical_device,190,260,1935,flat,0.25,0.1962,24,0.5,periodic,0,0,257,0.9884615385,257,10,297,-1,1,1,187,185,186,185,185,185,185,7,1298,245.85,0.9679840686,1,48,-1,0,0,72,0,192,
5000259,backup,20260713,regional_hospital,resource_constrained,backup_periodic,vendor_connection,287,288,2156,flat,0.25,0.2917,24,0.5,periodic,0,0,278,0.9652777778,278,10,303,-1,1,1,185,190,185,185,185,185,183,7,1298,245.825,0.9696691176,1,88,-1,0,0,84,0,192,
5000260,backup,20260713,regional_hospital,resource_constrained,backup_periodic,workstation,44,246,1868,flat,0.25,0.1992,24,0.5,periodic,0,0,243,0.987804878,243,10,273,171,1,1,180,181,180,180,180,180,178,7,1259,238.4,0.9387254902,1,40,-1,0,0,73,0,192,
5000261,backup,20260713,regional_hospital,resource_constrained,backup_periodic,internet_facing,279,286,2175,flat,0.25,0.2098,24,0.5,periodic,0,0,279,0.9755244755,279,10,313,-1,1,1,185,185,185,186,185,185,184,7,1295,245.15,0.9646139706,1,56,-1,0,0,84,0,192,
5000262,backup,20260713,regional_hospital,resource_constrained,backup_periodic,privileged_system,197,238,1753,flat,0.25,0.2353,24,0.5,periodic,0,0,237,0.9957983193,237,10,271,144,1,1,166,184,178,187,187,166,184,7,1252,234.725,0.9257046569,1,80,-1,0,0.5714285714,70,0,192,
5000263,backup,20260713,regional_hospital,resource_constrained,backup_periodic,medical_device,194,248,1878,flat,0.25,0.2419,24,0.5,periodic,0,0,245,0.9879032258,245,10,282,-1,1,1,184,184,184,186,184,184,182,7,1288,243.85,0.9604779412,1,32,-1,0,0,73,0,192,
5000264,backup,20260713,regional_hospital,resource_constrained,backup_periodic,vendor_connection,236,237,1750,flat,0.25,0.2236,24,0.5,periodic,0,0,228,0.9620253165,228,10,258,-1,1,1,186,186,186,192,186,186,186,7,1308,247.5,0.9751838235,1,64,-1,0,0,68,0,192,
5000265,backup,20260713,regional_hospital,resource_constrained,backup_periodic,workstation,52,274,1994,flat,0.25,0.2153,24,0.5,periodic,0,0,272,0.9927007299,272,10,308,-1,1,1,182,182,182,191,182,182,181,7,1282,242.575,0.957567402,1,40,-1,0,0,77,0,192,
5000266,backup,20260713,regional_hospital,resource_constrained,backup_periodic,internet_facing,217,223,1648,flat,0.25,0.1883,24,0.5,periodic,0,0,220,0.9865470852,220,10,254,125,1,1,153,172,161,181,187,152,169,7,1175,218.8,0.8612132353,1,32,187,1,0.8571428571,63,0,192,
5000267,backup,20260713,regional_hospital,resource_constrained,backup_periodic,privileged_system,233,266,2002,flat,0.25,0.1842,24,0.5,periodic,0,0,263,0.9887218045,263,10,306,186,1,1,192,192,192,192,192,192,188,7,1340,253.8,1,1,40,-1,0,0,81,0,192,
5000268,backup,20260713,regional_hospital,resource_constrained,backup_periodic,medical_device,180,236,1774,flat,0.25,0.1441,24,0.5,periodic,0,0,232,0.9830508475,232,10,259,128,1,1,151,169,159,186,188,151,176,7,1180,219.05,0.8570772059,1,39,191,1,0.8571428571,68,0,192,
5000269,backup,20260713,regional_hospital,resource_constrained,backup_periodic,vendor_connection,264,265,1929,flat,0.25,0.2189,24,0.5,periodic,0,0,260,0.9811320755,260,10,292,-1,1,1,189,189,189,189,189,189,186,7,1320,249.975,0.984375,1,48,-1,0,0,74,0,192,
5000270,backup,20260713,regional_hospital,resource_constrained,backup_periodic,workstation,17,244,1800,flat,0.25,0.2377,24,0.5,periodic,0,0,240,0.9836065574,240,10,270,-1,1,1,184,184,190,187,184,184,188,7,1301,246.275,0.9698223039,1,72,-1,0,0,68,0,192,
5000271,backup,20260713,regional_hospital,resource_constrained,backup_periodic,internet_facing,260,269,2007,flat,0.25,0.1784,24,0.5,periodic,0,0,264,0.9814126394,264,10,307,-1,1,1,188,189,188,189,188,188,188,7,1318,249.475,0.9814644608,1,24,-1,0,0,76,0,192,
5000272,backup,20260713,regional_hospital,resource_constrained,backup_periodic,privileged_system,250,291,2251,flat,0.25,0.2199,24,0.5,periodic,0,0,287,0.9862542955,287,10,317,-1,1,1,185,187,186,185,187,184,183,7,1297,245.425,0.9673713235,1,32,-1,0,0,89,0,192,
5000273,backup,20260713,regional_hospital,resource_constrained,backup_periodic,medical_device,200,276,2043,flat,0.25,0.2246,24,0.5,periodic,0,0,267,0.9673913043,267,10,295,-1,1,1,185,185,185,185,185,185,185,7,1295,245.125,0.9635416667,1,96,-1,0,0,77,0,192,
5000274,backup,20260713,regional_hospital,resource_constrained,backup_periodic,vendor_connection,232,233,1726,flat,0.25,0.1888,24,0.5,periodic,0,0,229,0.982832618,229,10,255,-1,1,1,188,187,187,189,187,187,186,7,1311,248.225,0.9776348039,1,48,-1,0,0,65,0,192,
5000275,backup,20260713,regional_hospital,resource_constrained,backup_isolated,workstation,36,249,1776,flat,0.25,0.2048,24,0.5,isolated,0,0,231,0.9277108434,231,9,270,171,0,1,170,166,166,170,176,159,0,6,1007,196.175,0.875,1,104,190,1,0.8571428571,0,1,192,
5000276,backup,20260713,regional_hospital,resource_constrained,backup_isolated,internet_facing,282,285,2024,flat,0.25,0.1684,24,0.5,isolated,0,0,267,0.9368421053,267,9,297,154,0,1,157,162,159,165,178,157,8,7,986,190.625,0.8351715686,1,97,-1,0,0.8571428571,0,1,192,
5000277,backup,20260713,regional_hospital,resource_constrained,backup_isolated,privileged_system,223,251,1797,flat,0.25,0.2032,24,0.5,isolated,0,0,234,0.9322709163,234,9,267,-1,0,1,190,189,189,189,189,189,0,6,1135,222.325,0.9859068627,1,117,-1,0,0.1428571429,0,1,192,
5000278,backup,20260713,regional_hospital,resource_constrained,backup_isolated,medical_device,162,235,1663,flat,0.25,0.2596,24,0.5,isolated,0,0,223,0.9489361702,223,9,244,177,0,1,165,169,163,170,170,160,8,7,1005,195.675,0.8668811275,1,152,192,1,0.8571428571,0,1,192,
5000279,backup,20260713,regional_hospital,resource_constrained,backup_isolated,vendor_connection,222,223,1566,flat,0.25,0.1973,24,0.5,isolated,0,0,202,0.9058295964,202,9,222,181,0,1,184,188,186,188,191,184,0,6,1121,218.85,0.9702818627,1,116,-1,0,0.5714285714,0,1,192,
5000280,backup,20260713,regional_hospital,resource_constrained,backup_isolated,workstation,80,202,1396,flat,0.25,0.1733,24,0.5,isolated,0,0,193,0.9554455446,193,9,227,-1,0,1,183,183,184,183,184,183,0,6,1100,215.35,0.9545036765,1,40,-1,0,0.1428571429,0,1,192,
5000281,backup,20260713,regional_hospital,resource_constrained,backup_isolated,internet_facing,258,265,1905,flat,0.25,0.1887,24,0.5,isolated,0,0,244,0.920754717,244,9,267,-1,0,1,185,185,187,185,185,185,8,7,1120,219.025,0.9662990196,1,88,-1,0,0.1428571429,0,1,192,
5000282,backup,20260713,regional_hospital,resource_constrained,backup_isolated,privileged_system,211,236,1637,flat,0.25,0.1737,24,0.5,isolated,0,0,223,0.9449152542,223,9,258,-1,0,1,191,188,187,187,187,187,0,6,1127,220.925,0.9813112745,1,72,-1,0,0.1428571429,0,1,192,
5000283,backup,20260713,regional_hospital,resource_constrained,backup_isolated,medical_device,155,205,1443,flat,0.25,0.2683,24,0.5,isolated,0,0,193,0.9414634146,193,9,210,-1,0,1,179,179,179,184,180,178,16,7,1095,213.475,0.9376531863,1,64,-1,0,0.1428571429,0,1,192,
5000284,backup,20260713,regional_hospital,resource_constrained,backup_isolated,vendor_connection,265,266,1857,flat,0.25,0.203,24,0.5,isolated,0,0,252,0.9473684211,252,9,291,-1,0,1,186,186,189,186,187,186,0,6,1120,219.325,0.9728860294,1,112,-1,0,0.1428571429,0,1,192,
5000285,backup,20260713,regional_hospital,resource_constrained,backup_isolated,workstation,93,244,1735,flat,0.25,0.2049,24,0.5,isolated,0,0,230,0.9426229508,230,9,256,-1,0,1,185,185,185,185,185,185,16,7,1126,219.775,0.9635416667,1,110,-1,0,0.1428571429,0,1,192,
5000286,backup,20260713,regional_hospital,resource_constrained,backup_isolated,internet_facing,268,280,1976,flat,0.25,0.2393,24,0.5,isolated,0,0,264,0.9428571429,264,9,294,190,0,1,185,185,189,185,185,185,0,6,1114,218.275,0.9690563725,1,109,-1,0,0.1428571429,0,1,192,
5000287,backup,20260713,regional_hospital,resource_constrained,backup_isolated,privileged_system,269,294,2108,flat,0.25,0.2483,24,0.5,isolated,0,0,270,0.9183673469,270,9,299,-1,0,1,192,192,192,192,192,192,0,6,1152,225.6,1,1,152,-1,0,0.1428571429,0,1,192,
5000288,backup,20260713,regional_hospital,resource_constrained,backup_isolated,medical_device,186,271,1937,flat,0.25,0.1734,24,0.5,isolated,0,0,253,0.9335793358,253,9,283,-1,0,1,181,179,180,181,180,179,0,6,1080,211.5,0.9388786765,1,152,-1,0,0.1428571429,0,1,192,
5000289,backup,20260713,regional_hospital,resource_constrained,backup_isolated,vendor_connection,201,202,1408,flat,0.25,0.2228,24,0.5,isolated,0,0,189,0.9356435644,189,9,217,187,0,1,187,187,187,187,187,187,0,6,1122,219.725,0.9739583333,1,120,-1,0,0.1428571429,0,1,192,
5000290,backup,20260713,regional_hospital,resource_constrained,backup_isolated,workstation,42,267,1891,flat,0.25,0.2172,24,0.5,isolated,0,0,250,0.936329588,250,9,284,-1,0,1,183,186,183,185,181,181,0,6,1099,215.325,0.9589460784,1,76,-1,0,0.1428571429,0,1,192,
5000291,backup,20260713,regional_hospital,resource_constrained,backup_isolated,internet_facing,237,241,1702,flat,0.25,0.2158,24,0.5,isolated,0,0,225,0.9336099585,225,9,258,-1,0,1,187,186,186,191,186,186,8,7,1130,220.875,0.9756433824,1,94,-1,0,0.1428571429,0,1,192,
5000292,backup,20260713,regional_hospital,resource_constrained,backup_isolated,privileged_system,47,237,1702,flat,0.25,0.1857,24,0.5,isolated,0,0,221,0.9324894515,221,9,265,-1,0,1,181,183,183,182,181,181,0,6,1091,213.7,0.9489889706,1,104,-1,0,0.1428571429,0,1,192,
5000293,backup,20260713,regional_hospital,resource_constrained,backup_isolated,medical_device,133,200,1383,flat,0.25,0.19,24,0.5,isolated,0,0,190,0.95,190,9,216,-1,0,1,182,182,182,182,182,182,8,7,1100,215.05,0.9479166667,1,65,-1,0,0.1428571429,0,1,192,
5000294,backup,20260713,regional_hospital,resource_constrained,backup_isolated,vendor_connection,227,228,1568,flat,0.25,0.193,24,0.5,isolated,0,0,215,0.9429824561,215,9,245,-1,0,1,191,188,188,190,188,188,16,7,1149,224.4,0.9859068627,1,60,-1,0,0.1428571429,0,1,192,
5000295,backup,20260713,regional_hospital,resource_constrained,backup_isolated,workstation,43,271,1908,flat,0.25,0.2177,24,0.5,isolated,0,0,254,0.9372693727,254,9,289,-1,0,1,174,175,176,174,174,174,8,7,1055,206.3,0.9102328431,1,134,-1,0,0.1428571429,0,1,192,
5000296,backup,20260713,regional_hospital,resource_constrained,backup_isolated,internet_facing,273,279,1939,flat,0.25,0.2616,24,0.5,isolated,0,0,263,0.9426523297,263,9,307,-1,0,1,185,185,187,185,185,185,0,6,1112,217.825,0.9662990196,1,104,-1,0,0.1428571429,0,1,192,
5000297,backup,20260713,regional_hospital,resource_constrained,backup_isolated,privileged_system,214,242,1694,flat,0.25,0.219,24,0.5,isolated,0,0,227,0.9380165289,227,9,244,-1,0,1,192,192,192,192,192,192,0,6,1152,225.6,1,1,136,-1,0,0.1428571429,0,1,192,
5000298,backup,20260713,regional_hospital,resource_constrained,backup_isolated,medical_device,153,232,1653,flat,0.25,0.1767,24,0.5,isolated,0,0,223,0.9612068966,223,9,259,-1,0,1,184,190,184,184,184,184,0,6,1110,217.4,0.9656862745,1,56,-1,0,0.1428571429,0,1,192,
5000299,backup,20260713,regional_hospital,resource_constrained,backup_isolated,vendor_connection,254,255,1755,flat,0.25,0.2,24,0.5,isolated,0,0,240,0.9411764706,240,9,273,-1,0,1,185,185,188,189,185,185,8,7,1125,219.95,0.9719669118,1,112,-1,0,0.1428571429,0,1,192,
5000300,backup,20260713,regional_hospital,intermediate_capacity,backup_connected,workstation,1,217,1685,flat,0.5,0.47,12,0.7,connected,0,0,189,0.8709677419,189,10,206,140,1,1,150,167,165,179,179,150,174,7,1164,217.1,0.8538602941,1,200,-1,0,0.7142857143,57,0,192,
5000301,backup,20260713,regional_hospital,intermediate_capacity,backup_connected,internet_facing,214,218,1771,flat,0.5,0.4495,12,0.7,connected,0,0,194,0.8899082569,194,10,213,169,1,1,187,184,185,187,184,184,186,7,1297,245.6,0.9675245098,1,128,-1,0,0,64,0,192,
5000302,backup,20260713,regional_hospital,intermediate_capacity,backup_connected,privileged_system,232,276,2132,flat,0.5,0.4819,12,0.7,connected,0,0,235,0.8514492754,235,10,262,106,1,1,126,144,134,163,190,126,151,7,1034,188.975,0.7290134804,1,170,165,1,0.8571428571,73,0,192,
5000303,backup,20260713,regional_hospital,intermediate_capacity,backup_connected,medical_device,206,282,2280,flat,0.5,0.5461,12,0.7,connected,0,0,241,0.8546099291,241,10,252,-1,1,1,177,176,171,176,169,168,177,7,1214,229.975,0.9113051471,1,208,-1,0,0,76,0,192,
5000304,backup,20260713,regional_hospital,intermediate_capacity,backup_connected,vendor_connection,238,239,1852,flat,0.5,0.4854,12,0.7,connected,0,0,208,0.870292887,208,10,225,104,1,1,119,137,129,157,186,119,142,7,989,180.325,0.6963848039,1,232,162,1,0.8571428571,62,0,192,
5000305,backup,20260713,regional_hospital,intermediate_capacity,backup_connected,workstation,38,233,1836,flat,0.5,0.5064,12,0.7,connected,0,0,209,0.8969957082,209,10,224,130,1,1,143,162,151,177,180,143,168,7,1124,208.475,0.8155637255,1,139,190,1,0.8571428571,62,0,192,
5000306,backup,20260713,regional_hospital,intermediate_capacity,backup_connected,internet_facing,225,233,1830,flat,0.5,0.3691,12,0.7,connected,0,0,204,0.8755364807,204,10,216,113,1,1,138,148,139,166,184,130,160,7,1065,196.075,0.7624080882,1,211,175,1,0.8571428571,66,0,192,
5000307,backup,20260713,regional_hospital,intermediate_capacity,backup_connected,privileged_system,262,286,2287,flat,0.5,0.4825,12,0.7,connected,0,0,240,0.8391608392,240,10,257,105,1,1,122,139,129,157,188,122,143,7,1000,182.5,0.7034313725,1,285,162,1,0.8571428571,75,0,192,
5000308,backup,20260713,regional_hospital,intermediate_capacity,backup_connected,medical_device,235,299,2382,flat,0.5,0.4582,12,0.7,connected,0,0,266,0.889632107,266,10,288,107,1,1,125,144,140,165,185,124,158,7,1041,190.525,0.7378982843,1,246,170,1,0.8571428571,86,0,192,
5000309,backup,20260713,regional_hospital,intermediate_capacity,backup_connected,vendor_connection,226,227,1742,flat,0.5,0.489,12,0.7,connected,0,0,197,0.8678414097,197,10,207,162,1,1,179,182,182,183,182,176,187,7,1271,239.975,0.9443933824,1,192,-1,0,0.2857142857,60,0,192,
5000310,backup,20260713,regional_hospital,intermediate_capacity,backup_connected,workstation,35,266,2085,flat,0.5,0.4586,12,0.7,connected,0,0,231,0.8684210526,231,10,246,132,1,1,141,158,150,177,178,140,168,7,1112,206.075,0.8062193627,1,227,191,1,0.8571428571,73,0,192,
5000311,backup,20260713,regional_hospital,intermediate_capacity,backup_connected,internet_facing,286,294,2324,flat,0.5,0.4796,12,0.7,connected,0,0,258,0.8775510204,258,10,276,117,1,1,136,152,143,174,188,133,160,7,1086,199.75,0.7783394608,1,216,179,1,0.8571428571,82,0,192,
5000312,backup,20260713,regional_hospital,intermediate_capacity,backup_connected,privileged_system,260,299,2401,flat,0.5,0.4615,12,0.7,connected,0,0,263,0.8795986622,263,10,285,114,1,1,130,150,139,167,184,130,156,7,1056,194.05,0.7536764706,1,246,174,1,0.8571428571,82,0,192,
5000313,backup,20260713,regional_hospital,intermediate_capacity,backup_connected,medical_device,196,288,2363,flat,0.5,0.4965,12,0.7,connected,0,0,1,0.003472222222,1,1,0,3,0,0,0,0,0,0,0,0,0,0,0,0,0,0,0,0,1,1,0,1,5,
5000314,backup,20260713,regional_hospital,intermediate_capacity,backup_connected,vendor_connection,284,285,2324,flat,0.5,0.4526,12,0.7,connected,0,0,236,0.8280701754,236,10,260,112,1,1,131,148,139,166,187,131,155,7,1057,194.1,0.751685049,1,183,172,1,0.8571428571,76,0,192,
5000315,backup,20260713,regional_hospital,intermediate_capacity,backup_connected,workstation,9,203,1587,flat,0.5,0.4729,12,0.7,connected,0,0,180,0.8866995074,180,10,193,185,1,1,180,174,187,179,183,169,175,7,1247,235.775,0.9387254902,1,160,-1,0,0,55,0,192,
5000316,backup,20260713,regional_hospital,intermediate_capacity,backup_connected,internet_facing,196,203,1564,flat,0.5,0.4631,12,0.7,connected,0,0,174,0.8571428571,174,10,191,125,1,1,146,166,153,181,189,146,169,7,1150,212.9,0.8321078431,1,138,-1,0,0.7142857143,55,0,192,
5000317,backup,20260713,regional_hospital,intermediate_capacity,backup_connected,privileged_system,184,201,1540,flat,0.5,0.4527,12,0.7,connected,0,0,183,0.9104477612,183,10,191,125,1,1,150,165,155,182,189,147,170,7,1158,214.7,0.8408394608,1,151,186,1,0.8571428571,54,0,192,
5000318,backup,20260713,regional_hospital,intermediate_capacity,backup_connected,medical_device,220,280,2260,flat,0.5,0.4571,12,0.7,connected,0,0,242,0.8642857143,242,10,258,146,1,1,170,175,165,182,180,157,181,7,1210,226.95,0.8975183824,1,254,-1,0,0.5714285714,79,0,192,
5000319,backup,20260713,regional_hospital,intermediate_capacity,backup_connected,vendor_connection,270,271,2178,flat,0.5,0.4723,12,0.7,connected,0,0,232,0.8560885609,232,10,245,119,1,1,134,153,142,174,185,134,163,7,1085,199.6,0.775122549,1,218,181,1,0.8571428571,75,0,192,
5000320,backup,20260713,regional_hospital,intermediate_capacity,backup_connected,workstation,36,203,1631,flat,0.5,0.4384,12,0.7,connected,0,0,176,0.8669950739,176,10,190,86,1,1,107,133,116,142,181,107,129,7,915,165.825,0.6390931373,1,144,148,1,1,56,0,192,
5000321,backup,20260713,regional_hospital,intermediate_capacity,backup_connected,internet_facing,213,215,1651,flat,0.5,0.5349,12,0.7,connected,0,0,1,0.004651162791,1,1,0,2,0,0,0,0,8,8,16,0,0,3,32,4.8,0.01960784314,0,528,115,1,1,0,1,144,
5000322,backup,20260713,regional_hospital,intermediate_capacity,backup_connected,privileged_system,180,208,1635,flat,0.5,0.4856,12,0.7,connected,0,0,177,0.8509615385,177,10,183,154,1,1,175,189,182,189,189,175,184,7,1283,241.45,0.9532781863,1,158,-1,0,0.4285714286,56,0,192,
5000323,backup,20260713,regional_hospital,intermediate_capacity,backup_connected,medical_device,168,219,1733,flat,0.5,0.4292,12,0.7,connected,0,0,199,0.9086757991,199,10,222,111,1,1,125,144,141,162,185,125,151,7,1033,189.4,0.736060049,1,152,191,1,0.8571428571,61,0,192,
5000324,backup,20260713,regional_hospital,intermediate_capacity,backup_connected,vendor_connection,209,210,1652,flat,0.5,0.4333,12,0.7,connected,0,0,186,0.8857142857,186,10,203,108,1,1,127,152,135,162,185,127,155,7,1043,191.2,0.7406556373,1,136,169,1,0.8571428571,57,0,192,
5000325,backup,20260713,regional_hospital,intermediate_capacity,backup_periodic,workstation,4,244,1919,flat,0.5,0.4385,12,0.7,periodic,0,0,212,0.868852459,212,10,229,107,1,1,122,136,134,152,182,120,132,7,978,179.45,0.7012867647,1,272,163,1,0.8571428571,63,0,192,
5000326,backup,20260713,regional_hospital,intermediate_capacity,backup_periodic,internet_facing,270,274,2168,flat,0.5,0.4818,12,0.7,periodic,0,0,238,0.8686131387,238,10,253,166,1,1,186,187,187,187,189,186,174,7,1296,245.55,0.9724264706,1,120,-1,0,0.2857142857,72,0,192,
5000327,backup,20260713,regional_hospital,intermediate_capacity,backup_periodic,privileged_system,227,264,2048,flat,0.5,0.4886,12,0.7,periodic,0,0,224,0.8484848485,224,10,235,96,1,1,109,127,117,144,181,109,137,7,924,167.35,0.6383272059,1,323,156,1,0.8571428571,71,0,192,
5000328,backup,20260713,regional_hospital,intermediate_capacity,backup_periodic,medical_device,191,293,2366,flat,0.5,0.4881,12,0.7,periodic,0,0,258,0.8805460751,258,10,270,155,1,1,172,188,180,184,184,171,182,7,1261,237.475,0.9393382353,1,217,-1,0,0.4285714286,87,0,192,
5000329,backup,20260713,regional_hospital,intermediate_capacity,backup_periodic,vendor_connection,274,275,2151,flat,0.5,0.4727,12,0.7,periodic,0,0,235,0.8545454545,235,10,249,101,1,1,119,138,127,156,188,119,139,7,986,179.65,0.6937806373,1,216,161,1,0.8571428571,77,0,192,
5000330,backup,20260713,regional_hospital,intermediate_capacity,backup_periodic,workstation,18,271,2191,flat,0.5,0.4982,12,0.7,periodic,0,0,239,0.8819188192,239,10,245,137,1,1,146,165,154,178,181,146,171,7,1141,211.9,0.8290441176,1,232,-1,0,0.7142857143,76,0,192,
5000331,backup,20260713,regional_hospital,intermediate_capacity,backup_periodic,internet_facing,236,243,1948,flat,0.5,0.4815,12,0.7,periodic,0,0,209,0.8600823045,209,10,220,144,1,1,162,181,166,184,187,160,173,7,1213,226.9,0.8961397059,1,216,-1,0,0.5714285714,69,0,192,
5000332,backup,20260713,regional_hospital,intermediate_capacity,backup_periodic,privileged_system,176,204,1557,flat,0.5,0.5098,12,0.7,periodic,0,0,162,0.7941176471,162,10,166,100,1,1,108,126,115,141,176,107,130,7,903,163.925,0.6295955882,1,198,156,1,1,53,0,192,
5000333,backup,20260713,regional_hospital,intermediate_capacity,backup_periodic,medical_device,205,264,2017,flat,0.5,0.4432,12,0.7,periodic,0,0,242,0.9166666667,242,10,262,135,1,1,144,160,150,176,179,144,167,7,1120,207.9,0.8121936275,1,184,190,1,0.8571428571,67,0,192,
5000334,backup,20260713,regional_hospital,intermediate_capacity,backup_periodic,vendor_connection,282,283,2236,flat,0.5,0.4629,12,0.7,periodic,0,0,243,0.8586572438,243,10,261,113,1,1,130,154,139,168,185,130,152,7,1058,194.525,0.7596507353,1,226,175,1,0.8571428571,80,0,192,
5000335,backup,20260713,regional_hospital,intermediate_capacity,backup_periodic,workstation,61,201,1577,flat,0.5,0.5124,12,0.7,periodic,0,0,182,0.9054726368,182,10,194,-1,1,1,167,168,179,167,167,167,168,7,1183,224.325,0.8875612745,1,120,-1,0,0,54,0,192,
5000336,backup,20260713,regional_hospital,intermediate_capacity,backup_periodic,internet_facing,265,276,2179,flat,0.5,0.4674,12,0.7,periodic,0,0,242,0.8768115942,242,10,260,155,1,1,170,182,175,182,180,167,184,7,1240,233.3,0.9198835784,1,241,-1,0,0.4285714286,72,0,192,
5000337,backup,20260713,regional_hospital,intermediate_capacity,backup_periodic,privileged_system,173,205,1582,flat,0.5,0.4634,12,0.7,periodic,0,0,178,0.8682926829,178,10,196,89,1,1,108,125,116,143,183,108,132,7,915,165.525,0.6318933824,1,159,150,1,1,57,0,192,
5000338,backup,20260713,regional_hospital,intermediate_capacity,backup_periodic,medical_device,147,204,1644,flat,0.5,0.4951,12,0.7,periodic,0,0,177,0.8676470588,177,10,190,188,1,1,182,182,183,183,184,182,174,7,1270,240.55,0.9503676471,1,108,-1,0,0,55,0,192,
5000339,backup,20260713,regional_hospital,intermediate_capacity,backup_periodic,vendor_connection,287,288,2308,flat,0.5,0.4271,12,0.7,periodic,0,0,251,0.8715277778,251,10,262,158,1,1,171,184,178,184,183,171,178,7,1249,235.275,0.9301470588,1,174,-1,0,0.4285714286,74,0,192,
5000340,backup,20260713,regional_hospital,intermediate_capacity,backup_periodic,workstation,2,276,2184,flat,0.5,0.4529,12,0.7,periodic,0,0,241,0.8731884058,241,10,265,177,1,1,178,176,176,176,180,176,174,7,1236,233.8,0.9197303922,1,200,-1,0,0,74,0,192,
5000341,backup,20260713,regional_hospital,intermediate_capacity,backup_periodic,internet_facing,199,201,1615,flat,0.5,0.4328,12,0.7,periodic,0,0,177,0.8805970149,177,10,188,113,1,1,134,152,142,169,189,134,161,7,1081,198.625,0.7685355392,1,144,172,1,0.8571428571,54,0,192,
5000342,backup,20260713,regional_hospital,intermediate_capacity,backup_periodic,privileged_system,243,268,2137,flat,0.5,0.4403,12,0.7,periodic,0,0,236,0.8805970149,236,10,246,-1,1,1,190,190,190,190,190,190,190,7,1330,251.75,0.9895833333,1,215,-1,0,0,71,0,192,
5000343,backup,20260713,regional_hospital,intermediate_capacity,backup_periodic,medical_device,183,272,2115,flat,0.5,0.4816,12,0.7,periodic,0,0,237,0.8713235294,237,10,256,106,1,1,118,134,126,150,182,118,139,7,967,176.5,0.6795343137,1,258,162,1,0.8571428571,69,0,192,
5000344,backup,20260713,regional_hospital,intermediate_capacity,backup_periodic,vendor_connection,281,282,2185,flat,0.5,0.4504,12,0.7,periodic,0,0,233,0.8262411348,233,10,249,109,1,1,127,144,130,159,187,122,152,7,1021,186.575,0.7207414216,1,310,167,1,0.8571428571,75,0,192,
5000345,backup,20260713,regional_hospital,intermediate_capacity,backup_periodic,workstation,53,275,2127,flat,0.5,0.4364,12,0.7,periodic,0,0,2,0.007272727273,2,1,1,5,0,0,0,0,0,8,0,0,0,1,8,1.4,0.008578431373,0,392,29,1,1,0,1,111,
5000346,backup,20260713,regional_hospital,intermediate_capacity,backup_periodic,internet_facing,202,206,1640,flat,0.5,0.4709,12,0.7,periodic,0,0,175,0.8495145631,175,10,193,109,1,1,128,143,138,160,188,128,142,7,1027,188.55,0.7331495098,1,208,177,1,0.8571428571,52,0,192,
5000347,backup,20260713,regional_hospital,intermediate_capacity,backup_periodic,privileged_system,209,237,1858,flat,0.5,0.4726,12,0.7,periodic,0,0,199,0.8396624473,199,10,210,113,1,1,137,155,154,173,192,137,157,7,1105,203.75,0.7976409314,1,274,-1,0,0.7142857143,64,0,192,
5000348,backup,20260713,regional_hospital,intermediate_capacity,backup_periodic,medical_device,184,237,1901,flat,0.5,0.4895,12,0.7,periodic,0,0,196,0.8270042194,196,10,206,118,1,1,127,147,134,161,175,126,148,7,1018,187.525,0.7320772059,1,354,177,1,0.8571428571,63,0,192,
5000349,backup,20260713,regional_hospital,intermediate_capacity,backup_periodic,vendor_connection,270,271,2198,flat,0.5,0.4945,12,0.7,periodic,0,0,232,0.8560885609,232,10,253,155,1,1,170,187,179,186,186,170,186,7,1264,237.475,0.935814951,1,264,-1,0,0.4285714286,74,0,192,
5000350,backup,20260713,regional_hospital,intermediate_capacity,backup_isolated,workstation,26,204,1567,flat,0.5,0.4118,12,0.7,isolated,0,0,169,0.8284313725,169,9,175,92,0,1,88,92,89,96,104,87,0,6,556,107.2,0.473192402,1,280,106,1,1,0,1,163,
5000351,backup,20260713,regional_hospital,intermediate_capacity,backup_isolated,internet_facing,278,289,2168,flat,0.5,0.4775,12,0.7,isolated,0,0,242,0.8373702422,242,9,262,160,0,1,148,153,152,155,165,148,0,6,921,178.725,0.7899816176,1,268,174,1,1,0,1,192,
5000352,backup,20260713,regional_hospital,intermediate_capacity,backup_isolated,privileged_system,186,214,1611,flat,0.5,0.5234,12,0.7,isolated,0,0,163,0.761682243,163,9,178,156,0,1,139,145,140,146,157,138,16,7,881,169.95,0.7401960784,1,286,171,1,1,0,1,192,
5000353,backup,20260713,regional_hospital,intermediate_capacity,backup_isolated,medical_device,164,227,1711,flat,0.5,0.4493,12,0.7,isolated,0,0,185,0.8149779736,185,9,202,91,0,1,87,87,89,91,98,87,0,6,539,104.475,0.4601715686,1,360,104,1,1,0,1,161,
5000354,backup,20260713,regional_hospital,intermediate_capacity,backup_isolated,vendor_connection,242,243,1857,flat,0.5,0.4198,12,0.7,isolated,0,0,220,0.9053497942,220,9,239,106,0,1,107,112,109,123,126,107,0,6,684,131.875,0.5833333333,1,278,138,1,1,0,1,192,
5000355,backup,20260713,regional_hospital,intermediate_capacity,backup_isolated,workstation,85,231,1724,flat,0.5,0.4935,12,0.7,isolated,0,0,1,0.004329004329,1,1,0,4,0,0,8,0,0,0,0,0,0,1,8,2,0.01225490196,0,344,99,1,1,0,1,103,
5000356,backup,20260713,regional_hospital,intermediate_capacity,backup_isolated,internet_facing,209,212,1644,flat,0.5,0.5,12,0.7,isolated,0,0,172,0.8113207547,172,9,181,99,0,1,95,100,97,106,119,95,8,7,620,118.6,0.5154718137,1,248,113,1,1,0,1,177,
5000357,backup,20260713,regional_hospital,intermediate_capacity,backup_isolated,privileged_system,235,273,2084,flat,0.5,0.4469,12,0.7,isolated,0,0,240,0.8791208791,240,9,262,119,0,1,126,130,120,126,137,115,0,6,754,146.125,0.652879902,1,298,192,1,1,0,1,192,
5000358,backup,20260713,regional_hospital,intermediate_capacity,backup_isolated,medical_device,185,247,1896,flat,0.5,0.5223,12,0.7,isolated,0,0,206,0.8340080972,206,9,218,115,0,1,110,110,112,113,124,106,8,7,683,131.925,0.5788909314,1,325,129,1,1,0,1,192,
5000359,backup,20260713,regional_hospital,intermediate_capacity,backup_isolated,vendor_connection,235,236,1745,flat,0.5,0.5254,12,0.7,isolated,0,0,1,0.004237288136,1,1,0,3,0,0,0,8,0,0,0,0,8,2,16,2.8,0.009803921569,0,392,45,1,1,0,1,110,
5000360,backup,20260713,regional_hospital,intermediate_capacity,backup_isolated,workstation,48,214,1587,flat,0.5,0.4439,12,0.7,isolated,0,0,1,0.004672897196,1,1,0,15,0,0,0,0,8,0,0,0,0,1,8,1.8,0.01102941176,0,232,62,1,1,0,1,65,
5000361,backup,20260713,regional_hospital,intermediate_capacity,backup_isolated,internet_facing,234,236,1776,flat,0.5,0.4703,12,0.7,isolated,0,0,206,0.8728813559,206,9,217,90,0,1,89,93,91,95,108,89,0,6,565,108.775,0.4776348039,1,364,104,1,1,0,1,192,
5000362,backup,20260713,regional_hospital,intermediate_capacity,backup_isolated,privileged_system,198,243,1825,flat,0.5,0.4486,12,0.7,isolated,0,0,200,0.8230452675,200,9,212,98,0,1,93,98,95,108,111,93,0,6,598,115.15,0.5093443627,1,391,112,1,1,0,1,192,
5000363,backup,20260713,regional_hospital,intermediate_capacity,backup_isolated,medical_device,159,212,1559,flat,0.5,0.3962,12,0.7,isolated,0,0,173,0.8160377358,173,9,180,104,0,1,89,93,93,104,105,89,0,6,573,110.5,0.4900428922,1,426,185,1,1,0,1,192,
5000364,backup,20260713,regional_hospital,intermediate_capacity,backup_isolated,vendor_connection,259,260,1944,flat,0.5,0.55,12,0.7,isolated,0,0,207,0.7961538462,207,9,217,130,0,1,130,147,140,137,154,126,0,6,834,161.125,0.7192095588,1,320,179,1,1,0,1,192,
5000365,backup,20260713,regional_hospital,intermediate_capacity,backup_isolated,workstation,62,262,1995,flat,0.5,0.4733,12,0.7,isolated,0,0,215,0.820610687,215,9,225,142,0,1,136,147,144,146,153,136,0,6,862,167.25,0.7435661765,1,324,157,1,1,0,1,192,
5000366,backup,20260713,regional_hospital,intermediate_capacity,backup_isolated,internet_facing,218,228,1717,flat,0.5,0.4386,12,0.7,isolated,0,0,185,0.8114035088,185,9,191,134,0,1,122,127,122,128,136,119,8,7,762,147.325,0.6479779412,1,299,147,1,1,0,1,192,
5000367,backup,20260713,regional_hospital,intermediate_capacity,backup_isolated,privileged_system,252,277,2062,flat,0.5,0.4152,12,0.7,isolated,0,0,235,0.8483754513,235,9,251,97,0,1,101,106,103,108,119,101,8,7,646,124.35,0.542432598,1,216,111,1,1,0,1,142,
5000368,backup,20260713,regional_hospital,intermediate_capacity,backup_isolated,medical_device,162,235,1766,flat,0.5,0.4681,12,0.7,isolated,0,0,187,0.7957446809,187,9,195,141,0,1,137,141,139,144,154,137,0,6,852,165.15,0.7287071078,1,215,155,1,1,0,1,192,
5000369,backup,20260713,regional_hospital,intermediate_capacity,backup_isolated,vendor_connection,251,252,1941,flat,0.5,0.4802,12,0.7,isolated,0,0,209,0.8293650794,209,9,227,140,0,1,141,137,135,142,150,133,8,7,846,164,0.7222732843,1,310,172,1,1,0,1,192,
5000370,backup,20260713,regional_hospital,intermediate_capacity,backup_isolated,workstation,44,212,1596,flat,0.5,0.4434,12,0.7,isolated,0,0,180,0.8490566038,180,9,192,118,0,1,128,122,122,126,134,116,0,6,748,145.4,0.6488970588,1,320,177,1,1,0,1,192,
5000371,backup,20260713,regional_hospital,intermediate_capacity,backup_isolated,internet_facing,270,278,2046,flat,0.5,0.464,12,0.7,isolated,0,0,235,0.845323741,235,9,248,110,0,1,109,117,110,121,128,108,0,6,693,133.675,0.5917585784,1,419,124,1,1,0,1,192,
5000372,backup,20260713,regional_hospital,intermediate_capacity,backup_isolated,privileged_system,234,280,2098,flat,0.5,0.4107,12,0.7,isolated,0,0,235,0.8392857143,235,9,254,94,0,1,91,95,97,102,108,90,0,6,583,112.475,0.4989276961,1,364,109,1,1,0,1,192,
5000373,backup,20260713,regional_hospital,intermediate_capacity,backup_isolated,medical_device,160,227,1749,flat,0.5,0.4449,12,0.7,isolated,0,0,193,0.8502202643,193,9,206,112,0,1,105,112,113,114,124,102,8,7,678,130.575,0.5761335784,1,240,127,1,1,0,1,175,
5000374,backup,20260713,regional_hospital,intermediate_capacity,backup_isolated,vendor_connection,235,236,1803,flat,0.5,0.5169,12,0.7,isolated,0,0,191,0.8093220339,191,9,207,141,0,1,143,146,145,149,159,143,8,7,893,172.925,0.7576593137,1,280,155,1,1,0,1,192,
5000375,backup,20260713,regional_hospital,high_capacity,backup_connected,workstation,21,286,2541,flat,0.75,0.6923,3,0.9,connected,0,0,1,0.003496503497,1,1,0,2,0,0,0,0,0,0,0,0,0,0,0,0,0,0,0,0,1,1,0,1,4,
5000376,backup,20260713,regional_hospital,high_capacity,backup_connected,internet_facing,244,247,2047,flat,0.75,0.7287,3,0.9,connected,0,0,7,0.02834008097,7,4,6,10,1,0,0,0,10,0,0,0,0,1,10,2.25,0.01378676471,1,128,12,1,1,6,0,38,
5000377,backup,20260713,regional_hospital,high_capacity,backup_connected,privileged_system,249,278,2426,flat,0.75,0.705,3,0.9,connected,0,0,114,0.4100719424,114,10,116,42,1,1,45,56,51,64,90,45,0,6,351,64.25,0.2765012255,1,696,74,1,1,39,0,173,
5000378,backup,20260713,regional_hospital,high_capacity,backup_connected,medical_device,168,222,1954,flat,0.75,0.7432,3,0.9,connected,0,0,70,0.3153153153,70,10,69,51,1,1,53,53,59,60,53,53,31,7,362,69.5,0.2918198529,1,328,71,1,1,23,0,116,
5000379,backup,20260713,regional_hospital,high_capacity,backup_connected,vendor_connection,261,262,2183,flat,0.75,0.7519,3,0.9,connected,0,0,1,0.003816793893,1,1,0,3,0,0,0,8,0,0,0,0,0,1,8,1.6,0.009803921569,0,336,33,1,1,0,1,84,
5000380,backup,20260713,regional_hospital,high_capacity,backup_connected,workstation,40,228,1892,flat,0.75,0.8026,3,0.9,connected,0,0,1,0.004385964912,1,1,0,4,0,0,0,0,0,0,0,0,0,0,0,0,0,0,440,0,1,1,0,1,129,
5000381,backup,20260713,regional_hospital,high_capacity,backup_connected,internet_facing,277,282,2479,flat,0.75,0.7199,3,0.9,connected,0,0,26,0.09219858156,26,8,25,21,1,0,0,0,12,0,17,0,0,2,29,4.4,0.01654411765,1,152,23,1,1,9,0,42,
5000382,backup,20260713,regional_hospital,high_capacity,backup_connected,privileged_system,183,225,1945,flat,0.75,0.6889,3,0.9,connected,0,0,1,0.004444444444,1,1,0,2,0,0,0,0,0,0,0,0,0,0,0,0,0,0,0,0,1,1,0,1,4,
5000383,backup,20260713,regional_hospital,high_capacity,backup_connected,medical_device,206,275,2352,flat,0.75,0.7418,3,0.9,connected,0,0,80,0.2909090909,80,10,80,42,1,1,29,40,29,29,29,29,0,6,185,36.275,0.1645220588,1,818,56,1,1,27,0,192,
5000384,backup,20260713,regional_hospital,high_capacity,backup_connected,vendor_connection,216,217,1879,flat,0.75,0.7465,3,0.9,connected,0,0,66,0.3041474654,66,10,65,38,1,1,45,45,49,57,47,45,28,7,316,60.275,0.2527573529,1,593,63,1,1,25,0,192,
5000385,backup,20260713,regional_hospital,high_capacity,backup_connected,workstation,27,255,2134,flat,0.75,0.7333,3,0.9,connected,0,0,1,0.003921568627,1,1,0,2,0,0,0,8,0,0,0,0,0,1,8,1.6,0.009803921569,0,384,39,1,1,0,1,107,
5000386,backup,20260713,regional_hospital,high_capacity,backup_connected,internet_facing,260,269,2329,flat,0.75,0.7212,3,0.9,connected,0,0,94,0.3494423792,94,10,94,62,1,1,46,8,16,8,66,8,58,7,210,35.2,0.1109068627,1,666,111,1,1,32,0,192,
5000387,backup,20260713,regional_hospital,high_capacity,backup_connected,privileged_system,100,227,1888,flat,0.75,0.7181,3,0.9,connected,0,0,93,0.40969163,93,10,94,52,1,1,50,69,56,75,93,50,74,7,467,83.675,0.3187806373,1,584,115,1,1,42,0,192,
5000388,backup,20260713,regional_hospital,high_capacity,backup_connected,medical_device,159,210,1829,flat,0.75,0.7667,3,0.9,connected,0,0,5,0.02380952381,5,5,4,8,0,0,8,8,0,0,0,0,0,2,16,3.6,0.02205882353,0,632,91,1,1,0,1,173,
5000389,backup,20260713,regional_hospital,high_capacity,backup_connected,vendor_connection,216,217,1868,flat,0.75,0.6866,3,0.9,connected,0,0,9,0.04147465438,9,7,8,10,0,0,0,0,0,0,0,0,0,0,0,0,0,0,48,0,1,1,0,1,27,
5000390,backup,20260713,regional_hospital,high_capacity,backup_connected,workstation,27,227,1909,flat,0.75,0.7137,3,0.9,connected,0,0,4,0.01762114537,4,3,3,12,0,0,8,8,8,8,8,8,8,7,56,10.6,0.04166666667,0,224,57,1,1,0,1,69,
5000391,backup,20260713,regional_hospital,high_capacity,backup_connected,internet_facing,220,226,1859,flat,0.75,0.7212,3,0.9,connected,0,0,2,0.008849557522,2,2,1,6,0,0,8,8,8,14,8,8,8,7,62,11.65,0.0481004902,1,504,134,1,1,0,1,156,
5000392,backup,20260713,regional_hospital,high_capacity,backup_connected,privileged_system,177,212,1788,flat,0.75,0.7642,3,0.9,connected,0,0,68,0.320754717,68,10,69,55,1,1,0,57,20,65,28,0,28,5,198,34.275,0.1671262255,1,296,80,1,1,26,0,121,
5000393,backup,20260713,regional_hospital,high_capacity,backup_connected,medical_device,155,202,1731,flat,0.75,0.7129,3,0.9,connected,0,0,1,0.00495049505,1,1,0,5,0,0,0,0,0,0,0,0,0,0,0,0,0,0,40,0,1,1,0,1,16,
5000394,backup,20260713,regional_hospital,high_capacity,backup_connected,vendor_connection,258,259,2180,flat,0.75,0.7259,3,0.9,connected,0,0,1,0.003861003861,1,1,0,3,0,0,0,0,8,0,0,0,0,1,8,1.8,0.01102941176,0,200,32,1,1,0,1,58,
5000395,backup,20260713,regional_hospital,high_capacity,backup_connected,workstation,42,228,1928,flat,0.75,0.6886,3,0.9,connected,0,0,14,0.06140350877,14,5,13,20,1,0,11,8,0,0,0,0,8,3,27,5.55,0.02665441176,1,128,24,1,1,5,0,42,
5000396,backup,20260713,regional_hospital,high_capacity,backup_connected,internet_facing,210,212,1850,flat,0.75,0.7594,3,0.9,connected,0,0,2,0.009433962264,2,2,1,4,0,0,0,0,0,0,0,0,0,0,0,0,0,0,64,0,1,1,0,1,25,
5000397,backup,20260713,regional_hospital,high_capacity,backup_connected,privileged_system,261,300,2536,flat,0.75,0.7467,3,0.9,connected,0,0,1,0.003333333333,1,1,0,2,0,0,0,0,0,0,0,0,0,0,0,0,0,0,192,0,1,1,0,1,49,
5000398,backup,20260713,regional_hospital,high_capacity,backup_connected,medical_device,154,219,1850,flat,0.75,0.6986,3,0.9,connected,0,0,2,0.009132420091,2,1,1,2,0,0,0,0,0,0,0,0,0,0,0,0,0,0,0,0,1,1,0,1,4,
5000399,backup,20260713,regional_hospital,high_capacity,backup_connected,vendor_connection,229,230,1908,flat,0.75,0.7435,3,0.9,connected,0,0,15,0.0652173913,15,7,14,12,0,0,8,8,0,0,0,0,0,2,16,3.6,0.02205882353,0,232,46,1,1,0,1,63,
5000400,backup,20260713,regional_hospital,high_capacity,backup_periodic,workstation,49,240,2012,flat,0.75,0.7375,3,0.9,periodic,0,0,1,0.004166666667,1,1,0,4,0,0,0,0,0,0,0,0,0,0,0,0,0,0,160,0,1,1,0,1,35,
5000401,backup,20260713,regional_hospital,high_capacity,backup_periodic,internet_facing,279,281,2433,flat,0.75,0.758,3,0.9,periodic,0,0,1,0.003558718861,1,1,0,4,0,0,0,0,0,0,0,0,0,0,0,0,0,0,0,0,1,1,0,1,6,
5000402,backup,20260713,regional_hospital,high_capacity,backup_periodic,privileged_system,237,266,2268,flat,0.75,0.7256,3,0.9,periodic,0,0,86,0.3233082707,86,9,85,42,0,1,39,41,39,48,55,39,0,6,261,49.4,0.2152267157,1,730,87,1,1,0,1,192,
5000403,backup,20260713,regional_hospital,high_capacity,backup_periodic,medical_device,150,216,1805,flat,0.75,0.6898,3,0.9,periodic,0,0,60,0.2777777778,60,10,59,42,1,1,33,43,38,49,61,33,32,7,289,52.3,0.2081801471,1,480,67,1,1,26,0,190,
5000404,backup,20260713,regional_hospital,high_capacity,backup_periodic,vendor_connection,272,273,2268,flat,0.75,0.7143,3,0.9,periodic,0,0,3,0.01098901099,3,3,2,11,0,0,8,16,8,8,8,8,0,6,56,11,0.05147058824,0,704,106,1,1,0,1,139,
5000405,backup,20260713,regional_hospital,high_capacity,backup_periodic,workstation,88,253,2205,flat,0.75,0.7036,3,0.9,periodic,0,0,2,0.00790513834,2,1,1,6,0,0,0,0,0,0,0,0,0,0,0,0,0,0,512,0,1,1,0,1,118,
5000406,backup,20260713,regional_hospital,high_capacity,backup_periodic,internet_facing,258,269,2369,flat,0.75,0.7212,3,0.9,periodic,0,0,1,0.003717472119,1,1,0,5,0,0,0,0,0,0,0,0,0,0,0,0,0,0,0,0,1,1,0,1,7,
5000407,backup,20260713,regional_hospital,high_capacity,backup_periodic,privileged_system,187,209,1778,flat,0.75,0.7464,3,0.9,periodic,0,0,13,0.06220095694,13,7,12,11,1,1,0,9,0,0,0,0,0,1,9,1.8,0.01102941176,1,368,13,1,1,6,0,94,
5000408,backup,20260713,regional_hospital,high_capacity,backup_periodic,medical_device,147,201,1656,flat,0.75,0.7214,3,0.9,periodic,0,0,38,0.1890547264,38,10,37,26,1,1,16,8,8,42,8,8,12,7,102,19.15,0.09037990196,1,544,103,1,1,17,0,180,
5000409,backup,20260713,regional_hospital,high_capacity,backup_periodic,vendor_connection,228,229,1862,flat,0.75,0.7511,3,0.9,periodic,0,0,30,0.1310043668,30,7,29,35,0,1,0,0,0,0,12,0,8,2,20,2.4,0,0,312,0,1,1,0,1,89,
5000410,backup,20260713,regional_hospital,high_capacity,backup_periodic,workstation,73,200,1645,flat,0.75,0.745,3,0.9,periodic,0,0,66,0.33,66,10,65,42,1,1,39,41,39,52,39,39,38,7,287,54.2,0.2195159314,1,432,64,1,1,22,0,156,
5000411,backup,20260713,regional_hospital,high_capacity,backup_periodic,internet_facing,215,219,1848,flat,0.75,0.7123,3,0.9,periodic,0,0,78,0.3561643836,78,10,78,66,1,1,36,33,62,55,88,33,0,6,307,55.4,0.2400428922,1,536,94,1,1,28,0,185,
5000412,backup,20260713,regional_hospital,high_capacity,backup_periodic,privileged_system,257,300,2647,flat,0.75,0.7133,3,0.9,periodic,0,0,3,0.01,3,2,2,6,0,0,0,0,0,0,0,0,0,0,0,0,0,0,248,0,1,1,0,1,59,
5000413,backup,20260713,regional_hospital,high_capacity,backup_periodic,medical_device,184,248,2116,flat,0.75,0.746,3,0.9,periodic,0,0,1,0.004032258065,1,1,0,2,0,0,0,0,0,0,0,0,0,0,0,0,0,0,320,0,1,1,0,1,77,
5000414,backup,20260713,regional_hospital,high_capacity,backup_periodic,vendor_connection,225,226,1907,flat,0.75,0.7257,3,0.9,periodic,0,0,3,0.01327433628,3,3,2,5,0,0,16,8,16,8,8,8,0,6,64,13.2,0.06495098039,0,656,92,1,1,0,1,177,
5000415,backup,20260713,regional_hospital,high_capacity,backup_periodic,workstation,7,207,1805,flat,0.75,0.7681,3,0.9,periodic,0,0,5,0.02415458937,5,4,4,13,1,1,8,0,8,0,0,0,8,3,24,5,0.02328431373,0,648,140,1,1,1,0,192,
5000416,backup,20260713,regional_hospital,high_capacity,backup_periodic,internet_facing,277,284,2465,flat,0.75,0.7359,3,0.9,periodic,0,0,3,0.01056338028,3,3,2,4,0,0,0,0,0,0,8,0,0,1,8,0.8,0,0,192,0,1,1,0,1,49,
5000417,backup,20260713,regional_hospital,high_capacity,backup_periodic,privileged_system,130,280,2438,flat,0.75,0.7071,3,0.9,periodic,0,0,32,0.1142857143,32,9,31,34,0,1,8,24,8,0,11,0,0,4,51,9.7,0.05269607843,1,792,167,1,1,0,1,189,
5000418,backup,20260713,regional_hospital,high_capacity,backup_periodic,medical_device,183,240,1984,flat,0.75,0.7458,3,0.9,periodic,0,0,4,0.01666666667,4,2,3,21,0,0,0,0,8,0,0,0,0,1,8,1.8,0.01102941176,0,64,32,1,1,0,1,32,
5000419,backup,20260713,regional_hospital,high_capacity,backup_periodic,vendor_connection,231,232,1923,flat,0.75,0.75,3,0.9,periodic,0,0,4,0.01724137931,4,4,3,7,0,0,0,0,0,16,8,0,0,2,24,3.6,0.01715686275,0,216,66,1,1,0,1,75,
5000420,backup,20260713,regional_hospital,high_capacity,backup_periodic,workstation,27,221,1892,flat,0.75,0.7828,3,0.9,periodic,0,0,1,0.004524886878,1,1,0,5,0,0,8,0,0,8,8,0,0,3,24,4.2,0.02083333333,0,504,90,1,1,0,1,119,
5000421,backup,20260713,regional_hospital,high_capacity,backup_periodic,internet_facing,259,262,2229,flat,0.75,0.7443,3,0.9,periodic,0,0,1,0.003816793893,1,1,0,5,0,0,0,0,0,8,0,0,16,2,24,3.8,0.008578431373,0,735,26,1,1,0,1,192,
5000422,backup,20260713,regional_hospital,high_capacity,backup_periodic,privileged_system,177,201,1738,flat,0.75,0.7015,3,0.9,periodic,0,0,1,0.004975124378,1,1,0,2,0,1,0,0,0,0,0,0,0,0,0,0,0,0,0,0,1,1,0,1,4,
5000423,backup,20260713,regional_hospital,high_capacity,backup_periodic,medical_device,159,228,1942,flat,0.75,0.75,3,0.9,periodic,0,0,44,0.1929824561,44,10,43,46,1,1,0,41,0,0,8,0,0,2,49,9,0.05024509804,1,344,55,1,1,16,0,109,
5000424,backup,20260713,regional_hospital,high_capacity,backup_periodic,vendor_connection,297,298,2631,flat,0.75,0.6745,3,0.9,periodic,0,0,99,0.3322147651,99,10,98,38,1,1,36,28,47,43,83,28,53,7,318,55.25,0.2003676471,1,762,161,1,1,39,0,192,
5000425,backup,20260713,regional_hospital,high_capacity,backup_isolated,workstation,8,220,1749,flat,0.75,0.7364,3,0.9,isolated,0,0,68,0.3090909091,68,9,68,53,0,1,26,30,26,42,33,26,0,6,183,34.85,0.1574754902,1,400,60,1,1,0,1,149,
5000426,backup,20260713,regional_hospital,high_capacity,backup_isolated,internet_facing,207,209,1636,flat,0.75,0.7273,3,0.9,isolated,0,0,4,0.01913875598,4,4,3,8,0,0,8,0,0,0,8,0,0,2,16,2.8,0.01225490196,0,176,12,1,1,0,1,67,
5000427,backup,20260713,regional_hospital,high_capacity,backup_isolated,privileged_system,195,240,1883,flat,0.75,0.6917,3,0.9,isolated,0,0,1,0.004166666667,1,1,0,2,0,0,0,0,0,0,0,0,8,1,8,1.2,0,0,360,0,1,1,0,1,109,
5000428,backup,20260713,regional_hospital,high_capacity,backup_isolated,medical_device,207,272,2307,flat,0.75,0.761,3,0.9,isolated,0,0,1,0.003676470588,1,1,0,3,0,0,8,8,16,8,8,8,8,7,64,12.4,0.05269607843,0,608,129,1,1,0,1,142,
5000429,backup,20260713,regional_hospital,high_capacity,backup_isolated,vendor_connection,264,265,2253,flat,0.75,0.7283,3,0.9,isolated,0,0,1,0.003773584906,1,1,0,2,0,0,24,8,16,8,16,8,0,6,80,16,0.07720588235,0,818,182,1,1,0,1,192,
5000430,backup,20260713,regional_hospital,high_capacity,backup_isolated,workstation,97,275,2222,flat,0.75,0.7455,3,0.9,isolated,0,0,2,0.007272727273,2,1,1,8,0,0,8,8,0,8,8,0,0,4,32,5.8,0.0306372549,0,792,149,1,1,0,1,192,
5000431,backup,20260713,regional_hospital,high_capacity,backup_isolated,internet_facing,230,239,1952,flat,0.75,0.749,3,0.9,isolated,0,0,1,0.004184100418,1,1,0,2,0,0,8,16,16,16,8,8,0,6,72,14.2,0.07107843137,0,616,136,1,1,0,1,161,
5000432,backup,20260713,regional_hospital,high_capacity,backup_isolated,privileged_system,194,235,1866,flat,0.75,0.7617,3,0.9,isolated,0,0,2,0.008510638298,2,1,1,10,0,0,0,0,0,0,8,0,8,2,16,2,0,0,679,0,1,1,0,1,192,
5000433,backup,20260713,regional_hospital,high_capacity,backup_isolated,medical_device,178,268,2126,flat,0.75,0.7425,3,0.9,isolated,0,0,4,0.01492537313,4,2,3,11,0,0,16,8,8,8,8,8,0,6,56,11.4,0.05392156863,0,688,142,1,1,0,1,166,
5000434,backup,20260713,regional_hospital,high_capacity,backup_isolated,vendor_connection,280,281,2260,flat,0.75,0.7402,3,0.9,isolated,0,0,1,0.003558718861,1,1,0,2,0,0,0,0,0,0,0,0,0,0,0,0,0,0,0,0,1,1,0,1,4,
5000435,backup,20260713,regional_hospital,high_capacity,backup_isolated,workstation,73,280,2294,flat,0.75,0.725,3,0.9,isolated,0,0,2,0.007142857143,2,1,1,14,0,0,8,8,0,8,0,0,8,4,32,6.2,0.0306372549,0,792,107,1,1,0,1,179,
5000436,backup,20260713,regional_hospital,high_capacity,backup_isolated,internet_facing,219,227,1842,flat,0.75,0.7753,3,0.9,isolated,0,0,24,0.1057268722,24,8,23,41,0,1,24,24,24,24,24,24,0,6,144,28.2,0.125,1,144,43,1,1,0,1,48,
5000437,backup,20260713,regional_hospital,high_capacity,backup_isolated,privileged_system,234,267,2136,flat,0.75,0.7566,3,0.9,isolated,0,0,3,0.01123595506,3,2,2,7,0,0,8,16,0,0,0,0,0,2,24,5.2,0.0318627451,0,488,109,1,1,0,1,122,
5000438,backup,20260713,regional_hospital,high_capacity,backup_isolated,medical_device,232,294,2367,flat,0.75,0.7415,3,0.9,isolated,0,0,1,0.003401360544,1,1,0,5,0,0,0,0,0,0,0,0,0,0,0,0,0,0,832,0,1,1,0,1,156,
5000439,backup,20260713,regional_hospital,high_capacity,backup_isolated,vendor_connection,297,298,2405,flat,0.75,0.755,3,0.9,isolated,0,0,3,0.01006711409,3,2,2,7,0,0,0,0,0,0,0,0,0,0,0,0,0,0,923,0,1,1,0,1,192,
5000440,backup,20260713,regional_hospital,high_capacity,backup_isolated,workstation,30,263,2126,flat,0.75,0.7757,3,0.9,isolated,0,0,1,0.003802281369,1,1,0,2,0,0,0,0,0,0,0,0,0,0,0,0,0,0,0,0,1,1,0,1,4,
5000441,backup,20260713,regional_hospital,high_capacity,backup_isolated,internet_facing,198,200,1589,flat,0.75,0.725,3,0.9,isolated,0,0,1,0.005,1,1,0,2,0,0,8,0,0,8,0,0,0,2,16,3.4,0.02083333333,0,592,144,1,1,0,1,188,
5000442,backup,20260713,regional_hospital,high_capacity,backup_isolated,privileged_system,240,272,2292,flat,0.75,0.7353,3,0.9,isolated,0,0,101,0.3713235294,101,9,101,38,0,1,41,42,40,40,49,40,0,6,252,48.55,0.2123161765,1,224,45,1,1,0,1,62,
5000443,backup,20260713,regional_hospital,high_capacity,backup_isolated,medical_device,178,243,1960,flat,0.75,0.6914,3,0.9,isolated,0,0,27,0.1111111111,27,7,26,62,0,0,12,8,0,8,8,0,8,5,44,8,0.03676470588,1,720,157,1,1,0,1,173,
5000444,backup,20260713,regional_hospital,high_capacity,backup_isolated,vendor_connection,206,207,1686,flat,0.75,0.7295,3,0.9,isolated,0,0,76,0.3671497585,76,9,77,34,0,1,17,22,6,38,31,0,0,5,114,19.75,0.1020220588,1,200,42,1,1,0,1,77,
5000445,backup,20260713,regional_hospital,high_capacity,backup_isolated,workstation,37,206,1653,flat,0.75,0.7767,3,0.9,isolated,0,0,3,0.0145631068,3,2,2,13,0,1,16,9,8,16,8,8,0,6,65,13,0.0637254902,1,296,66,1,1,0,1,82,
5000446,backup,20260713,regional_hospital,high_capacity,backup_isolated,internet_facing,243,246,2061,flat,0.75,0.7154,3,0.9,isolated,0,0,10,0.0406504065,10,5,9,20,0,0,0,15,0,0,0,0,8,2,23,4.2,0.01838235294,1,424,22,1,1,0,1,107,
5000447,backup,20260713,regional_hospital,high_capacity,backup_isolated,privileged_system,174,200,1602,flat,0.75,0.78,3,0.9,isolated,0,0,1,0.005,1,1,0,3,0,0,8,8,8,8,8,8,0,6,48,9.4,0.04166666667,0,662,125,1,1,0,1,192,
5000448,backup,20260713,regional_hospital,high_capacity,backup_isolated,medical_device,160,242,1973,flat,0.75,0.7025,3,0.9,isolated,0,0,1,0.004132231405,1,1,0,7,0,0,8,0,0,0,0,0,8,2,16,3.2,0.01225490196,0,738,21,1,1,0,1,192,
5000449,backup,20260713,regional_hospital,high_capacity,backup_isolated,vendor_connection,275,276,2271,flat,0.75,0.7283,3,0.9,isolated,0,0,3,0.01086956522,3,2,2,29,0,0,0,0,16,0,8,0,0,2,24,4.4,0.02205882353,0,876,141,1,1,0,1,192,
5000450,backup,20260713,large_hospital,resource_constrained,backup_connected,workstation,164,880,6771,flat,0.25,0.2193,24,0.5,connected,0,0,867,0.9852272727,867,10,1004,-1,1,1,185,185,185,187,185,185,182,7,1294,245.025,0.9656862745,1,206,-1,0,0,252,0,192,
5000451,backup,20260713,large_hospital,resource_constrained,backup_connected,internet_facing,859,890,7020,flat,0.25,0.2045,24,0.5,connected,0,0,875,0.9831460674,875,10,998,-1,1,1,188,188,188,188,188,188,186,7,1314,248.8,0.9791666667,1,128,-1,0,0,269,0,192,
5000452,backup,20260713,large_hospital,resource_constrained,backup_connected,privileged_system,689,914,6994,flat,0.25,0.2013,24,0.5,connected,0,0,895,0.9792122538,895,10,1033,-1,1,1,181,181,181,181,182,181,180,7,1267,239.775,0.9427083333,1,205,-1,0,0,260,0,192,
5000453,backup,20260713,large_hospital,resource_constrained,backup_connected,medical_device,569,761,5862,flat,0.25,0.2181,24,0.5,connected,0,0,747,0.9816031537,747,10,883,-1,1,1,180,180,180,180,182,180,182,7,1264,239,0.9375,1,168,-1,0,0,223,0,192,
5000454,backup,20260713,large_hospital,resource_constrained,backup_connected,vendor_connection,925,926,6953,flat,0.25,0.2063,24,0.5,connected,0,0,901,0.9730021598,901,10,1037,-1,1,1,187,187,187,188,188,187,186,7,1310,247.9,0.9750306373,1,264,-1,0,0,257,0,192,
5000455,backup,20260713,large_hospital,resource_constrained,backup_connected,workstation,368,1000,7629,flat,0.25,0.222,24,0.5,connected,0,0,980,0.98,980,10,1098,-1,1,1,176,176,177,176,176,176,179,7,1236,233.875,0.9180453431,1,415,-1,0,0,277,0,192,
5000456,backup,20260713,large_hospital,resource_constrained,backup_connected,internet_facing,781,786,5912,flat,0.25,0.2137,24,0.5,connected,0,0,775,0.9860050891,775,10,878,-1,1,1,185,185,188,185,185,184,186,7,1298,245.725,0.9676776961,1,184,-1,0,0,228,0,192,
5000457,backup,20260713,large_hospital,resource_constrained,backup_connected,privileged_system,535,775,5948,flat,0.25,0.1858,24,0.5,connected,0,0,758,0.9780645161,758,10,870,-1,1,1,185,185,185,185,186,185,186,7,1297,245.375,0.9635416667,1,223,-1,0,0,233,0,192,
5000458,backup,20260713,large_hospital,resource_constrained,backup_connected,medical_device,580,826,6142,flat,0.25,0.2252,24,0.5,connected,0,0,808,0.9782082324,808,10,929,-1,1,1,183,183,183,183,183,183,179,7,1277,241.875,0.953125,1,304,-1,0,0,229,0,192,
5000459,backup,20260713,large_hospital,resource_constrained,backup_connected,vendor_connection,958,959,7448,flat,0.25,0.1981,24,0.5,connected,0,0,943,0.9833159541,943,10,1090,-1,1,1,191,191,191,191,191,191,185,7,1331,252.175,0.9947916667,1,240,-1,0,0,289,0,192,
5000460,backup,20260713,large_hospital,resource_constrained,backup_connected,workstation,68,756,5907,flat,0.25,0.2063,24,0.5,connected,0,0,742,0.9814814815,742,10,852,-1,1,1,183,183,183,183,183,183,181,7,1279,242.175,0.953125,1,200,-1,0,0,231,0,192,
5000461,backup,20260713,large_hospital,resource_constrained,backup_connected,internet_facing,735,752,5631,flat,0.25,0.2008,24,0.5,connected,0,0,737,0.9800531915,737,10,844,-1,1,1,187,187,187,187,187,187,186,7,1308,247.625,0.9739583333,1,120,-1,0,0,205,0,192,
5000462,backup,20260713,large_hospital,resource_constrained,backup_connected,privileged_system,755,922,7198,flat,0.25,0.2148,24,0.5,connected,0,0,910,0.9869848156,910,10,1061,-1,1,1,185,185,185,184,186,184,185,7,1294,244.825,0.9624693627,1,192,-1,0,0,268,0,192,
5000463,backup,20260713,large_hospital,resource_constrained,backup_connected,medical_device,727,1000,7754,flat,0.25,0.2,24,0.5,connected,0,0,979,0.979,979,10,1109,-1,1,1,182,182,182,184,182,182,183,7,1277,241.65,0.9500612745,1,384,-1,0,0,298,0,192,
5000464,backup,20260713,large_hospital,resource_constrained,backup_connected,vendor_connection,956,957,7288,flat,0.25,0.187,24,0.5,connected,0,0,935,0.9770114943,935,10,1106,-1,1,1,189,189,189,189,189,189,190,7,1324,250.575,0.984375,1,160,-1,0,0,275,0,192,
5000465,backup,20260713,large_hospital,resource_constrained,backup_connected,workstation,44,812,6070,flat,0.25,0.2143,24,0.5,connected,0,0,794,0.9778325123,794,10,905,-1,1,1,181,182,180,180,180,180,180,7,1263,239.15,0.9414828431,1,272,-1,0,0,229,0,192,
5000466,backup,20260713,large_hospital,resource_constrained,backup_connected,internet_facing,928,948,7342,flat,0.25,0.192,24,0.5,connected,0,0,933,0.9841772152,933,10,1108,-1,1,1,191,191,191,191,191,191,188,7,1334,252.625,0.9947916667,1,216,-1,0,0,278,0,192,
5000467,backup,20260713,large_hospital,resource_constrained,backup_connected,privileged_system,53,804,6196,flat,0.25,0.2152,24,0.5,connected,0,0,788,0.9800995025,788,10,908,-1,1,1,186,186,186,186,186,186,184,7,1300,246.15,0.96875,1,160,-1,0,0,246,0,192,
5000468,backup,20260713,large_hospital,resource_constrained,backup_connected,medical_device,715,961,7449,flat,0.25,0.1967,24,0.5,connected,0,0,943,0.9812695109,943,10,1105,-1,1,1,176,176,176,176,177,176,177,7,1234,233.45,0.9166666667,1,320,-1,0,0,292,0,192,
5000469,backup,20260713,large_hospital,resource_constrained,backup_connected,vendor_connection,871,872,6718,flat,0.25,0.2225,24,0.5,connected,0,0,853,0.9782110092,853,10,968,-1,1,1,181,181,182,184,181,181,179,7,1269,240.275,0.9473039216,1,239,-1,0,0,262,0,192,
5000470,backup,20260713,large_hospital,resource_constrained,backup_connected,workstation,296,980,7445,flat,0.25,0.2163,24,0.5,connected,0,0,2,0.002040816327,2,1,1,11,0,0,8,0,0,0,8,0,8,3,24,4,0.01225490196,0,2902,110,1,1,0,1,192,
5000471,backup,20260713,large_hospital,resource_constrained,backup_connected,internet_facing,945,958,7434,flat,0.25,0.2328,24,0.5,connected,0,0,937,0.9780793319,937,10,1077,-1,1,1,184,184,184,184,184,184,181,7,1285,243.35,0.9583333333,1,184,-1,0,0,291,0,192,
5000472,backup,20260713,large_hospital,resource_constrained,backup_connected,privileged_system,895,896,6728,flat,0.25,0.221,24,0.5,connected,0,0,867,0.9676339286,867,10,999,-1,1,1,187,187,188,187,187,187,187,7,1310,248,0.9753370098,1,216,-1,0,0,251,0,192,
5000473,backup,20260713,large_hospital,resource_constrained,backup_connected,medical_device,636,799,5948,flat,0.25,0.189,24,0.5,connected,0,0,1,0.001251564456,1,1,0,9,0,0,0,0,0,2,0,0,0,1,2,0.35,0.002144607843,0,2146,-1,0,0.8571428571,0,1,192,
5000474,backup,20260713,large_hospital,resource_constrained,backup_connected,vendor_connection,937,938,7128,flat,0.25,0.2196,24,0.5,connected,0,0,926,0.987206823,926,10,1071,-1,1,1,186,186,186,186,186,186,187,7,1303,246.6,0.96875,1,208,-1,0,0,266,0,192,
5000475,backup,20260713,large_hospital,resource_constrained,backup_periodic,workstation,174,881,6546,flat,0.25,0.2225,24,0.5,periodic,0,0,861,0.9772985244,861,10,1011,-1,1,1,178,177,177,181,177,177,181,7,1248,236.075,0.9276960784,1,388,-1,0,0,239,0,192,
5000476,backup,20260713,large_hospital,resource_constrained,backup_periodic,internet_facing,912,919,7104,flat,0.25,0.1926,24,0.5,periodic,0,0,900,0.9793253536,900,10,1033,-1,1,1,188,188,188,188,188,188,185,7,1313,248.65,0.9791666667,1,232,-1,0,0,275,0,192,
5000477,backup,20260713,large_hospital,resource_constrained,backup_periodic,privileged_system,706,867,6505,flat,0.25,0.2018,24,0.5,periodic,0,0,850,0.9803921569,850,10,987,-1,1,1,185,187,185,185,192,185,182,7,1301,245.775,0.9659926471,1,240,-1,0,0,250,0,192,
5000478,backup,20260713,large_hospital,resource_constrained,backup_periodic,medical_device,554,762,5631,flat,0.25,0.168,24,0.5,periodic,0,0,748,0.9816272966,748,10,850,-1,1,1,183,183,185,183,183,183,181,7,1281,242.625,0.9558823529,1,168,-1,0,0,204,0,192,
5000479,backup,20260713,large_hospital,resource_constrained,backup_periodic,vendor_connection,973,974,7332,flat,0.25,0.2187,24,0.5,periodic,0,0,948,0.9733059548,948,10,1078,-1,1,1,184,190,184,189,185,184,184,7,1300,245.975,0.9710477941,1,272,-1,0,0,273,0,192,
5000480,backup,20260713,large_hospital,resource_constrained,backup_periodic,workstation,107,830,6110,flat,0.25,0.2133,24,0.5,periodic,0,0,809,0.9746987952,809,10,917,-1,1,1,173,175,173,173,173,173,173,7,1213,229.625,0.9034926471,1,304,-1,0,0,222,0,192,
5000481,backup,20260713,large_hospital,resource_constrained,backup_periodic,internet_facing,842,869,6645,flat,0.25,0.1922,24,0.5,periodic,0,0,855,0.9838895282,855,10,985,-1,1,1,185,185,186,186,186,185,183,7,1296,245.325,0.9659926471,1,120,-1,0,0,258,0,192,
5000482,backup,20260713,large_hospital,resource_constrained,backup_periodic,privileged_system,826,981,7403,flat,0.25,0.1784,24,0.5,periodic,0,0,1,0.001019367992,1,1,0,2,0,0,0,0,0,8,8,0,0,2,16,2.2,0.008578431373,0,3117,106,1,1,0,1,192,
5000483,backup,20260713,large_hospital,resource_constrained,backup_periodic,medical_device,775,984,7479,flat,0.25,0.2134,24,0.5,periodic,0,0,959,0.9745934959,959,10,1130,-1,1,1,183,183,184,183,183,183,182,7,1281,242.55,0.9545036765,1,272,-1,0,0,281,0,192,
5000484,backup,20260713,large_hospital,resource_constrained,backup_periodic,vendor_connection,889,890,6684,flat,0.25,0.2022,24,0.5,periodic,0,0,869,0.9764044944,869,10,999,-1,1,1,185,185,185,184,187,184,183,7,1293,244.625,0.9624693627,1,217,-1,0,0,245,0,192,
5000485,backup,20260713,large_hospital,resource_constrained,backup_periodic,workstation,163,932,7091,flat,0.25,0.2006,24,0.5,periodic,0,0,913,0.9796137339,913,10,1052,-1,1,1,185,185,185,185,185,185,182,7,1292,244.675,0.9635416667,1,230,-1,0,0,277,0,192,
5000486,backup,20260713,large_hospital,resource_constrained,backup_periodic,internet_facing,947,971,7421,flat,0.25,0.2214,24,0.5,periodic,0,0,954,0.982492276,954,10,1075,-1,1,1,173,173,174,173,175,173,171,7,1212,229.35,0.9024203431,1,440,-1,0,0,289,0,192,
5000487,backup,20260713,large_hospital,resource_constrained,backup_periodic,privileged_system,43,919,7090,flat,0.25,0.1828,24,0.5,periodic,0,0,901,0.9804134929,901,10,1012,-1,1,1,182,174,174,174,174,174,172,7,1224,232.25,0.918504902,1,428,-1,0,0,271,0,192,
5000488,backup,20260713,large_hospital,resource_constrained,backup_periodic,medical_device,582,860,6645,flat,0.25,0.1884,24,0.5,periodic,0,0,847,0.9848837209,847,10,971,-1,1,1,185,185,187,185,184,184,183,7,1293,244.95,0.9662990196,1,200,-1,0,0,258,0,192,
5000489,backup,20260713,large_hospital,resource_constrained,backup_periodic,vendor_connection,780,781,6066,flat,0.25,0.21,24,0.5,periodic,0,0,767,0.9820742638,767,10,879,-1,1,1,185,188,185,185,185,185,183,7,1296,245.425,0.9672181373,1,224,-1,0,0,236,0,192,
5000490,backup,20260713,large_hospital,resource_constrained,backup_periodic,workstation,193,812,6260,flat,0.25,0.2032,24,0.5,periodic,0,0,799,0.9839901478,799,10,919,-1,1,1,182,183,183,184,182,182,189,7,1285,242.975,0.9526654412,1,152,-1,0,0,238,0,192,
5000491,backup,20260713,large_hospital,resource_constrained,backup_periodic,internet_facing,931,935,7129,flat,0.25,0.1914,24,0.5,periodic,0,0,916,0.9796791444,916,10,1051,-1,1,1,187,187,187,187,187,187,185,7,1307,247.475,0.9739583333,1,224,-1,0,0,270,0,192,
5000492,backup,20260713,large_hospital,resource_constrained,backup_periodic,privileged_system,816,934,6970,flat,0.25,0.2013,24,0.5,periodic,0,0,914,0.9785867238,914,10,1044,186,1,1,185,185,186,185,185,185,185,7,1296,245.35,0.9649203431,1,176,-1,0,0,267,0,192,
5000493,backup,20260713,large_hospital,resource_constrained,backup_periodic,medical_device,657,857,6557,flat,0.25,0.1832,24,0.5,periodic,0,0,842,0.9824970828,842,10,964,-1,1,1,176,179,176,185,176,176,176,7,1244,235.375,0.9299938725,1,264,-1,0,0,250,0,192,
5000494,backup,20260713,large_hospital,resource_constrained,backup_periodic,vendor_connection,788,789,6080,flat,0.25,0.1926,24,0.5,periodic,0,0,773,0.979721166,773,10,895,-1,1,1,185,185,185,186,191,185,184,7,1301,245.75,0.9646139706,1,240,-1,0,0,231,0,192,
5000495,backup,20260713,large_hospital,resource_constrained,backup_periodic,workstation,270,976,7564,flat,0.25,0.1977,24,0.5,periodic,0,0,960,0.9836065574,960,10,1100,-1,1,1,182,182,182,182,182,182,177,7,1269,240.4,0.9479166667,1,352,-1,0,0,283,0,192,
5000496,backup,20260713,large_hospital,resource_constrained,backup_periodic,internet_facing,960,997,7663,flat,0.25,0.2217,24,0.5,periodic,0,0,976,0.9789368104,976,10,1114,-1,1,1,188,188,188,188,188,188,185,7,1313,248.65,0.9791666667,1,240,-1,0,0,294,0,192,
5000497,backup,20260713,large_hospital,resource_constrained,backup_periodic,privileged_system,423,880,6771,flat,0.25,0.2159,24,0.5,periodic,0,0,863,0.9806818182,863,10,996,-1,1,1,182,182,182,182,183,182,182,7,1275,241.25,0.9479166667,1,200,-1,0,0,255,0,192,
5000498,backup,20260713,large_hospital,resource_constrained,backup_periodic,medical_device,731,967,7343,flat,0.25,0.2089,24,0.5,periodic,0,0,948,0.9803516029,948,10,1102,-1,1,1,179,180,179,180,179,179,184,7,1260,238.3,0.9345894608,1,287,-1,0,0,275,0,192,
5000499,backup,20260713,large_hospital,resource_constrained,backup_periodic,vendor_connection,936,937,7307,flat,0.25,0.1814,24,0.5,periodic,0,0,924,0.9861259338,924,10,1061,-1,1,1,186,186,186,186,186,186,183,7,1299,246,0.96875,1,145,-1,0,0,277,0,192,
5000500,backup,20260713,large_hospital,resource_constrained,backup_isolated,workstation,29,787,5664,flat,0.25,0.2122,24,0.5,isolated,0,0,735,0.9339263024,735,9,842,-1,0,1,178,178,178,178,178,178,8,7,1076,210.35,0.9270833333,1,368,-1,0,0.1428571429,0,1,192,
5000501,backup,20260713,large_hospital,resource_constrained,backup_isolated,internet_facing,969,990,7079,flat,0.25,0.2222,24,0.5,isolated,0,0,925,0.9343434343,925,9,1036,-1,0,1,178,177,177,177,177,177,0,6,1063,208.225,0.9234068627,1,360,-1,0,0.1428571429,0,1,192,
5000502,backup,20260713,large_hospital,resource_constrained,backup_isolated,privileged_system,678,809,5835,flat,0.25,0.2064,24,0.5,isolated,0,0,761,0.9406674907,761,9,848,-1,0,1,187,187,187,186,186,185,0,6,1118,219,0.9728860294,1,298,-1,0,0.1428571429,0,1,192,
5000503,backup,20260713,large_hospital,resource_constrained,backup_isolated,medical_device,757,943,6792,flat,0.25,0.2206,24,0.5,isolated,0,0,892,0.9459172853,892,9,1004,-1,0,1,185,185,185,185,185,185,0,6,1110,217.375,0.9635416667,1,297,-1,0,0.1428571429,0,1,192,
5000504,backup,20260713,large_hospital,resource_constrained,backup_isolated,vendor_connection,927,928,6741,flat,0.25,0.1821,24,0.5,isolated,0,0,880,0.9482758621,880,9,1010,-1,0,1,183,183,183,183,184,183,0,6,1099,215.125,0.953125,1,331,-1,0,0.1428571429,0,1,192,
5000505,backup,20260713,large_hospital,resource_constrained,backup_isolated,workstation,244,916,6801,flat,0.25,0.1889,24,0.5,isolated,0,0,857,0.9355895197,857,9,993,-1,0,1,179,181,179,179,184,179,0,6,1081,211.225,0.9347426471,1,336,-1,0,0.1428571429,0,1,192,
5000506,backup,20260713,large_hospital,resource_constrained,backup_isolated,internet_facing,788,812,5892,flat,0.25,0.218,24,0.5,isolated,0,0,760,0.9359605911,760,9,865,-1,0,1,182,182,182,182,182,182,0,6,1092,213.85,0.9479166667,1,242,-1,0,0.1428571429,0,1,192,
5000507,backup,20260713,large_hospital,resource_constrained,backup_isolated,privileged_system,184,896,6533,flat,0.25,0.2333,24,0.5,isolated,0,0,839,0.9363839286,839,9,943,-1,0,1,183,175,181,175,183,175,0,6,1072,209.775,0.9319852941,1,480,-1,0,0.1428571429,0,1,192,
5000508,backup,20260713,large_hospital,resource_constrained,backup_isolated,medical_device,562,791,5703,flat,0.25,0.2099,24,0.5,isolated,0,0,741,0.9367888748,741,9,858,-1,0,1,182,178,178,181,178,178,0,6,1075,210.675,0.9364276961,1,301,-1,0,0.1428571429,0,1,192,
5000509,backup,20260713,large_hospital,resource_constrained,backup_isolated,vendor_connection,801,802,5722,flat,0.25,0.2182,24,0.5,isolated,0,0,752,0.9376558603,752,9,846,-1,0,1,187,187,187,187,187,187,0,6,1122,219.725,0.9739583333,1,312,-1,0,0.1428571429,0,1,192,
5000510,backup,20260713,large_hospital,resource_constrained,backup_isolated,workstation,159,764,5610,flat,0.25,0.1937,24,0.5,isolated,0,0,714,0.9345549738,714,9,823,-1,0,1,183,183,183,183,183,183,0,6,1098,215.025,0.953125,1,224,-1,0,0.1428571429,0,1,192,
5000511,backup,20260713,large_hospital,resource_constrained,backup_isolated,internet_facing,793,805,5784,flat,0.25,0.241,24,0.5,isolated,0,0,752,0.9341614907,752,9,857,-1,0,1,185,185,186,185,184,184,16,7,1125,219.675,0.9649203431,1,279,-1,0,0.1428571429,0,1,192,
5000512,backup,20260713,large_hospital,resource_constrained,backup_isolated,privileged_system,60,884,6458,flat,0.25,0.2002,24,0.5,isolated,0,0,828,0.9366515837,828,9,949,-1,0,1,186,181,181,181,182,181,0,6,1092,214.025,0.9503676471,1,328,-1,0,0.1428571429,0,1,192,
5000513,backup,20260713,large_hospital,resource_constrained,backup_isolated,medical_device,719,956,6895,flat,0.25,0.2061,24,0.5,isolated,0,0,904,0.9456066946,904,9,1034,-1,0,1,176,176,176,176,176,176,0,6,1056,206.8,0.9166666667,1,451,-1,0,0.1428571429,0,1,192,
5000514,backup,20260713,large_hospital,resource_constrained,backup_isolated,vendor_connection,916,917,6697,flat,0.25,0.2126,24,0.5,isolated,0,0,862,0.9400218103,862,9,962,-1,0,1,186,186,186,186,186,186,0,6,1116,218.55,0.96875,1,272,-1,0,0.1428571429,0,1,192,
5000515,backup,20260713,large_hospital,resource_constrained,backup_isolated,workstation,189,752,5491,flat,0.25,0.2114,24,0.5,isolated,0,0,709,0.9428191489,709,9,825,-1,0,1,181,181,181,183,181,181,8,7,1096,214.225,0.9448529412,1,340,-1,0,0.1428571429,0,1,192,
5000516,backup,20260713,large_hospital,resource_constrained,backup_isolated,internet_facing,793,805,5860,flat,0.25,0.2261,24,0.5,isolated,0,0,1,0.001242236025,1,1,0,4,0,0,16,16,32,16,16,16,0,6,112,22.4,0.1053921569,0,2403,147,1,1,0,1,192,
5000517,backup,20260713,large_hospital,resource_constrained,backup_isolated,privileged_system,774,954,6930,flat,0.25,0.2306,24,0.5,isolated,0,0,881,0.9234800839,881,9,1001,-1,0,1,185,190,185,185,186,185,8,7,1124,219.675,0.9696691176,1,332,-1,0,0.1428571429,0,1,192,
5000518,backup,20260713,large_hospital,resource_constrained,backup_isolated,medical_device,528,770,5699,flat,0.25,0.2013,24,0.5,isolated,0,0,723,0.938961039,723,9,830,-1,0,1,176,176,176,177,176,176,0,6,1057,206.975,0.9177389706,1,501,-1,0,0.1428571429,0,1,192,
5000519,backup,20260713,large_hospital,resource_constrained,backup_isolated,vendor_connection,995,996,7106,flat,0.25,0.1978,24,0.5,isolated,0,0,936,0.9397590361,936,9,1068,-1,0,1,187,187,187,187,187,187,0,6,1122,219.725,0.9739583333,1,346,-1,0,0.1428571429,0,1,192,
5000520,backup,20260713,large_hospital,resource_constrained,backup_isolated,workstation,225,848,6155,flat,0.25,0.2146,24,0.5,isolated,0,0,796,0.9386792453,796,9,912,-1,0,1,172,172,172,172,172,172,0,6,1032,202.1,0.8958333333,1,464,-1,0,0.1428571429,0,1,192,
5000521,backup,20260713,large_hospital,resource_constrained,backup_isolated,internet_facing,905,917,6473,flat,0.25,0.205,24,0.5,isolated,0,0,863,0.9411123228,863,9,968,-1,0,1,179,182,180,182,180,179,0,6,1082,211.775,0.9405637255,1,421,-1,0,0.1428571429,0,1,192,
5000522,backup,20260713,large_hospital,resource_constrained,backup_isolated,privileged_system,801,869,6266,flat,0.25,0.1956,24,0.5,isolated,0,0,850,0.9781357883,850,10,963,-1,1,1,185,185,185,188,185,185,183,7,1296,245.35,0.9667585784,1,184,-1,0,0,237,0,192,
5000523,backup,20260713,large_hospital,resource_constrained,backup_isolated,medical_device,652,971,6987,flat,0.25,0.1957,24,0.5,isolated,0,0,905,0.9320288363,905,9,1020,-1,0,1,180,184,181,180,182,180,0,6,1087,212.725,0.9437806373,1,456,-1,0,0.1428571429,0,1,192,
5000524,backup,20260713,large_hospital,resource_constrained,backup_isolated,vendor_connection,824,825,5976,flat,0.25,0.2036,24,0.5,isolated,0,0,774,0.9381818182,774,9,892,-1,0,1,182,182,184,182,182,182,16,7,1110,216.7,0.9506740196,1,368,-1,0,0.1428571429,0,1,192,
5000525,backup,20260713,large_hospital,intermediate_capacity,backup_connected,workstation,83,754,6205,flat,0.5,0.4602,12,0.7,connected,0,0,686,0.9098143236,686,10,741,139,1,1,144,162,150,183,174,142,171,7,1126,209.175,0.8221507353,1,460,-1,0,0.7142857143,225,0,192,
5000526,backup,20260713,large_hospital,intermediate_capacity,backup_connected,internet_facing,938,948,7558,flat,0.5,0.4325,12,0.7,connected,0,0,857,0.9040084388,857,10,933,139,1,1,147,167,162,180,180,147,171,7,1154,214.825,0.8462009804,1,557,-1,0,0.7142857143,255,0,192,
5000527,backup,20260713,large_hospital,intermediate_capacity,backup_connected,privileged_system,726,829,6575,flat,0.5,0.4367,12,0.7,connected,0,0,725,0.8745476478,725,10,784,160,1,1,174,184,182,187,185,174,186,7,1272,239.525,0.9434742647,1,503,-1,0,0.4285714286,222,0,192,
5000528,backup,20260713,large_hospital,intermediate_capacity,backup_connected,medical_device,690,895,7156,flat,0.5,0.457,12,0.7,connected,0,0,777,0.8681564246,777,10,845,143,1,1,155,177,171,185,185,155,181,7,1209,225.525,0.8884803922,1,603,-1,0,0.7142857143,240,0,192,
5000529,backup,20260713,large_hospital,intermediate_capacity,backup_connected,vendor_connection,831,832,6688,flat,0.5,0.4615,12,0.7,connected,0,0,728,0.875,728,10,780,188,1,1,179,179,179,179,179,179,177,7,1251,236.875,0.9322916667,1,574,-1,0,0,228,0,192,
5000530,backup,20260713,large_hospital,intermediate_capacity,backup_connected,workstation,113,755,6152,flat,0.5,0.445,12,0.7,connected,0,0,2,0.002649006623,2,1,1,12,0,0,8,8,8,8,8,8,8,7,56,10.6,0.04166666667,0,2575,157,1,1,0,1,192,
5000531,backup,20260713,large_hospital,intermediate_capacity,backup_connected,internet_facing,909,917,7477,flat,0.5,0.4308,12,0.7,connected,0,0,817,0.8909487459,817,10,883,-1,1,1,185,185,187,185,185,185,183,7,1295,245.275,0.9662990196,1,433,-1,0,0,260,0,192,
5000532,backup,20260713,large_hospital,intermediate_capacity,backup_connected,privileged_system,735,837,6574,flat,0.5,0.4504,12,0.7,connected,0,0,742,0.8864994026,742,10,785,179,1,1,185,185,185,191,186,185,183,7,1300,245.975,0.9699754902,1,559,-1,0,0,224,0,192,
5000533,backup,20260713,large_hospital,intermediate_capacity,backup_connected,medical_device,690,984,8058,flat,0.5,0.4654,12,0.7,connected,0,0,864,0.8780487805,864,10,935,139,1,1,152,172,162,183,183,152,180,7,1184,220.375,0.8632046569,1,880,-1,0,0.7142857143,283,0,192,
5000534,backup,20260713,large_hospital,intermediate_capacity,backup_connected,vendor_connection,860,861,6924,flat,0.5,0.4495,12,0.7,connected,0,0,770,0.8943089431,770,10,821,181,1,1,185,185,185,185,185,185,184,7,1294,244.975,0.9635416667,1,470,-1,0,0,240,0,192,
5000535,backup,20260713,large_hospital,intermediate_capacity,backup_connected,workstation,131,801,6443,flat,0.5,0.4794,12,0.7,connected,0,0,684,0.8539325843,684,10,722,129,1,1,132,158,145,169,174,132,163,7,1073,198.35,0.7769607843,1,681,188,1,0.8571428571,216,0,192,
5000536,backup,20260713,large_hospital,intermediate_capacity,backup_connected,internet_facing,843,870,6729,flat,0.5,0.4621,12,0.7,connected,0,0,746,0.8574712644,746,10,790,158,1,1,164,180,172,181,184,164,176,7,1221,229.075,0.9030330882,1,561,-1,0,0.4285714286,225,0,192,
5000537,backup,20260713,large_hospital,intermediate_capacity,backup_connected,privileged_system,419,773,6174,flat,0.5,0.4373,12,0.7,connected,0,0,677,0.8758085382,677,10,713,146,1,1,166,177,181,182,182,163,182,7,1233,231.65,0.9159007353,1,591,-1,0,0.7142857143,202,0,192,
5000538,backup,20260713,large_hospital,intermediate_capacity,backup_connected,medical_device,560,753,6084,flat,0.5,0.4794,12,0.7,connected,0,0,644,0.8552456839,644,10,687,158,1,1,163,177,171,178,178,163,177,7,1207,226.8,0.8932291667,1,517,-1,0,0.4285714286,209,0,192,
5000539,backup,20260713,large_hospital,intermediate_capacity,backup_connected,vendor_connection,771,772,6337,flat,0.5,0.4806,12,0.7,connected,0,0,661,0.8562176166,661,10,709,166,1,1,176,181,181,181,181,176,179,7,1255,237.15,0.9350490196,1,617,-1,0,0.2857142857,215,0,192,
5000540,backup,20260713,large_hospital,intermediate_capacity,backup_connected,workstation,351,945,7470,flat,0.5,0.4656,12,0.7,connected,0,0,810,0.8571428571,810,10,875,160,1,1,170,181,179,181,181,170,179,7,1241,233.85,0.9231004902,1,661,-1,0,0.4285714286,239,0,192,
5000541,backup,20260713,large_hospital,intermediate_capacity,backup_connected,internet_facing,875,877,6911,flat,0.5,0.4572,12,0.7,connected,0,0,742,0.8460661345,742,10,798,148,1,1,161,182,169,184,184,161,187,7,1228,229.55,0.8999693627,1,607,-1,0,0.5714285714,230,0,192,
5000542,backup,20260713,large_hospital,intermediate_capacity,backup_connected,privileged_system,780,954,7648,flat,0.5,0.4686,12,0.7,connected,0,0,834,0.8742138365,834,10,908,-1,1,1,188,181,179,179,179,179,179,7,1264,239.825,0.9485294118,1,609,-1,0,0,253,0,192,
5000543,backup,20260713,large_hospital,intermediate_capacity,backup_connected,medical_device,596,875,7265,flat,0.5,0.4663,12,0.7,connected,0,0,780,0.8914285714,780,10,839,155,1,1,165,179,174,179,179,165,180,7,1221,229.55,0.9039522059,1,543,-1,0,0.4285714286,248,0,192,
5000544,backup,20260713,large_hospital,intermediate_capacity,backup_connected,vendor_connection,881,882,7274,flat,0.5,0.4796,12,0.7,connected,0,0,782,0.8866213152,782,10,833,-1,1,1,184,187,184,184,184,184,177,7,1284,243.35,0.9620098039,1,510,-1,0,0,252,0,192,
5000545,backup,20260713,large_hospital,intermediate_capacity,backup_connected,workstation,211,768,6109,flat,0.5,0.4805,12,0.7,connected,0,0,668,0.8697916667,668,10,720,158,1,1,174,185,182,185,185,174,178,7,1263,238.175,0.9425551471,1,507,-1,0,0.4285714286,212,0,192,
5000546,backup,20260713,large_hospital,intermediate_capacity,backup_connected,internet_facing,831,852,6826,flat,0.5,0.4812,12,0.7,connected,0,0,722,0.8474178404,722,10,785,155,1,1,165,181,172,182,180,164,183,7,1227,230.35,0.9068627451,1,601,-1,0,0.4285714286,232,0,192,
5000547,backup,20260713,large_hospital,intermediate_capacity,backup_connected,privileged_system,693,807,6575,flat,0.5,0.4808,12,0.7,connected,0,0,706,0.8748451053,706,10,760,105,1,1,119,138,128,156,184,119,144,7,988,180.225,0.6951593137,1,697,165,1,0.8571428571,223,0,192,
5000548,backup,20260713,large_hospital,intermediate_capacity,backup_connected,medical_device,629,859,6816,flat,0.5,0.4657,12,0.7,connected,0,0,750,0.8731082654,750,10,805,161,1,1,165,175,174,175,176,165,174,7,1204,226.85,0.8947610294,1,623,-1,0,0.4285714286,228,0,192,
5000549,backup,20260713,large_hospital,intermediate_capacity,backup_connected,vendor_connection,994,995,8190,flat,0.5,0.4663,12,0.7,connected,0,0,866,0.8703517588,866,10,938,162,1,1,175,183,185,183,183,175,182,7,1266,238.975,0.943627451,1,692,-1,0,0.2857142857,276,0,192,
5000550,backup,20260713,large_hospital,intermediate_capacity,backup_periodic,workstation,116,958,7723,flat,0.5,0.4614,12,0.7,periodic,0,0,858,0.8956158664,858,10,902,146,1,1,155,177,164,182,179,155,176,7,1188,222.075,0.8756127451,1,671,-1,0,0.5714285714,261,0,192,
5000551,backup,20260713,large_hospital,intermediate_capacity,backup_periodic,internet_facing,834,866,7049,flat,0.5,0.47,12,0.7,periodic,0,0,773,0.8926096998,773,10,817,111,1,1,129,151,140,158,189,129,146,7,1042,191.425,0.7450980392,1,816,170,1,0.8571428571,230,0,192,
5000552,backup,20260713,large_hospital,intermediate_capacity,backup_periodic,privileged_system,733,914,7515,flat,0.5,0.4628,12,0.7,periodic,0,0,804,0.8796498906,804,10,867,168,1,1,171,176,179,175,173,170,172,7,1216,230.2,0.9120710784,1,594,-1,0,0.2857142857,248,0,192,
5000553,backup,20260713,large_hospital,intermediate_capacity,backup_periodic,medical_device,583,824,6519,flat,0.5,0.4879,12,0.7,periodic,0,0,702,0.8519417476,702,10,751,-1,1,1,167,167,167,173,170,167,163,7,1174,222.025,0.8762254902,1,748,-1,0,0,219,0,192,
5000554,backup,20260713,large_hospital,intermediate_capacity,backup_periodic,vendor_connection,841,842,6894,flat,0.5,0.4715,12,0.7,periodic,0,0,743,0.8824228029,743,10,802,-1,1,1,180,178,178,178,178,178,175,7,1245,235.9,0.9301470588,1,543,-1,0,0,225,0,192,
5000555,backup,20260713,large_hospital,intermediate_capacity,backup_periodic,workstation,359,922,7354,flat,0.5,0.4631,12,0.7,periodic,0,0,787,0.8535791757,787,10,840,130,1,1,139,157,147,174,180,139,161,7,1097,203.1,0.7945772059,1,669,187,1,0.8571428571,243,0,192,
5000556,backup,20260713,large_hospital,intermediate_capacity,backup_periodic,internet_facing,867,891,7263,flat,0.5,0.4826,12,0.7,periodic,0,0,794,0.8911335578,794,10,847,119,1,1,128,150,138,169,180,128,154,7,1047,192.525,0.7513786765,1,620,180,1,0.8571428571,255,0,192,
5000557,backup,20260713,large_hospital,intermediate_capacity,backup_periodic,privileged_system,824,941,7681,flat,0.5,0.4718,12,0.7,periodic,0,0,825,0.8767268863,825,10,894,159,1,1,171,183,180,183,183,171,177,7,1248,235.2,0.9306066176,1,634,-1,0,0.4285714286,268,0,192,
5000558,backup,20260713,large_hospital,intermediate_capacity,backup_periodic,medical_device,536,793,6297,flat,0.5,0.4792,12,0.7,periodic,0,0,706,0.8902900378,706,10,752,181,1,1,175,179,181,176,183,175,173,7,1242,234.7,0.9257046569,1,547,-1,0,0,209,0,192,
5000559,backup,20260713,large_hospital,intermediate_capacity,backup_periodic,vendor_connection,955,956,8012,flat,0.5,0.4519,12,0.7,periodic,0,0,861,0.9006276151,861,10,920,155,1,1,168,185,178,185,185,168,182,7,1251,235.025,0.9278492647,1,563,-1,0,0.4285714286,268,0,192,
5000560,backup,20260713,large_hospital,intermediate_capacity,backup_periodic,workstation,326,827,6603,flat,0.5,0.445,12,0.7,periodic,0,0,719,0.869407497,719,10,777,143,1,1,148,166,157,180,179,148,172,7,1150,214.025,0.8396139706,1,555,-1,0,0.7142857143,220,0,192,
5000561,backup,20260713,large_hospital,intermediate_capacity,backup_periodic,internet_facing,901,908,7267,flat,0.5,0.4405,12,0.7,periodic,0,0,789,0.8689427313,789,10,846,-1,1,1,179,179,183,178,178,178,180,7,1255,237.725,0.9367340686,1,576,-1,0,0,238,0,192,
5000562,backup,20260713,large_hospital,intermediate_capacity,backup_periodic,privileged_system,691,858,7032,flat,0.5,0.4709,12,0.7,periodic,0,0,1,0.001165501166,1,1,0,9,0,0,16,16,16,16,24,16,16,7,120,22,0.08333333333,0,2508,42,1,1,0,1,192,
5000563,backup,20260713,large_hospital,intermediate_capacity,backup_periodic,medical_device,675,841,6631,flat,0.5,0.4483,12,0.7,periodic,0,0,733,0.8715814507,733,10,775,129,1,1,142,153,146,176,177,134,169,7,1097,202.95,0.7950367647,1,631,188,1,0.8571428571,233,0,192,
5000564,backup,20260713,large_hospital,intermediate_capacity,backup_periodic,vendor_connection,892,893,7118,flat,0.5,0.4535,12,0.7,periodic,0,0,771,0.8633818589,771,10,834,128,1,1,146,156,153,173,183,138,161,7,1110,205.9,0.8112745098,1,531,185,1,0.8571428571,237,0,192,
5000565,backup,20260713,large_hospital,intermediate_capacity,backup_periodic,workstation,116,780,6421,flat,0.5,0.4705,12,0.7,periodic,0,0,671,0.8602564103,671,10,724,-1,1,1,182,178,178,178,181,178,180,7,1255,237.45,0.9332107843,1,476,-1,0,0,205,0,192,
5000566,backup,20260713,large_hospital,intermediate_capacity,backup_periodic,internet_facing,974,999,8142,flat,0.5,0.4615,12,0.7,periodic,0,0,879,0.8798798799,879,10,942,155,1,1,166,180,172,182,180,164,179,7,1223,229.8,0.9071691176,1,581,-1,0,0.4285714286,284,0,192,
5000567,backup,20260713,large_hospital,intermediate_capacity,backup_periodic,privileged_system,854,1000,7915,flat,0.5,0.446,12,0.7,periodic,0,0,858,0.858,858,10,921,115,1,1,128,154,137,163,183,128,153,7,1046,192.2,0.7484681373,1,748,173,1,0.8571428571,263,0,192,
5000568,backup,20260713,large_hospital,intermediate_capacity,backup_periodic,medical_device,554,796,6597,flat,0.5,0.4774,12,0.7,periodic,0,0,689,0.8655778894,689,10,738,147,1,1,160,182,169,185,184,160,183,7,1223,228.65,0.8995098039,1,386,-1,0,0.5714285714,223,0,192,
5000569,backup,20260713,large_hospital,intermediate_capacity,backup_periodic,vendor_connection,809,810,6504,flat,0.5,0.4469,12,0.7,periodic,0,0,727,0.8975308642,727,10,792,161,1,1,176,183,186,183,187,175,179,7,1269,239.4,0.9465379902,1,426,-1,0,0.2857142857,221,0,192,
5000570,backup,20260713,large_hospital,intermediate_capacity,backup_periodic,workstation,186,987,8047,flat,0.5,0.463,12,0.7,periodic,0,0,899,0.9108409321,899,10,965,-1,1,1,169,168,168,168,168,168,164,7,1173,222.25,0.8765318627,1,792,-1,0,0,282,0,192,
5000571,backup,20260713,large_hospital,intermediate_capacity,backup_periodic,internet_facing,982,990,8048,flat,0.5,0.4626,12,0.7,periodic,0,0,872,0.8808080808,872,10,920,167,1,1,170,175,173,176,174,169,173,7,1210,228.6,0.9021139706,1,704,-1,0,0.2857142857,265,0,192,
5000572,backup,20260713,large_hospital,intermediate_capacity,backup_periodic,privileged_system,822,923,7286,flat,0.5,0.4756,12,0.7,periodic,0,0,804,0.8710725894,804,10,852,180,1,1,188,188,188,188,188,188,181,7,1309,248.05,0.9791666667,1,528,-1,0,0,251,0,192,
5000573,backup,20260713,large_hospital,intermediate_capacity,backup_periodic,medical_device,500,769,6396,flat,0.5,0.4837,12,0.7,periodic,0,0,695,0.9037711313,695,10,750,108,1,1,130,147,135,157,186,127,144,7,1026,188.525,0.7337622549,1,508,170,1,0.8571428571,223,0,192,
5000574,backup,20260713,large_hospital,intermediate_capacity,backup_periodic,vendor_connection,824,825,6670,flat,0.5,0.4848,12,0.7,periodic,0,0,710,0.8606060606,710,10,759,163,1,1,175,182,182,182,182,174,190,7,1267,238.8,0.9371936275,1,591,-1,0,0.2857142857,227,0,192,
5000575,backup,20260713,large_hospital,intermediate_capacity,backup_isolated,workstation,251,967,7366,flat,0.5,0.4643,12,0.7,isolated,0,0,819,0.8469493278,819,9,871,175,0,1,163,174,165,171,173,162,0,6,1008,196.35,0.8737745098,1,806,189,1,0.8571428571,0,1,192,
5000576,backup,20260713,large_hospital,intermediate_capacity,backup_isolated,internet_facing,940,973,7661,flat,0.5,0.4337,12,0.7,isolated,0,0,830,0.8530318602,830,9,890,171,0,1,176,175,170,176,183,168,8,7,1056,205.35,0.9071691176,1,717,187,1,0.8571428571,0,1,192,
5000577,backup,20260713,large_hospital,intermediate_capacity,backup_isolated,privileged_system,1,784,6007,flat,0.5,0.4617,12,0.7,isolated,0,0,1,0.001275510204,1,1,0,5,0,0,0,0,8,8,0,0,0,2,16,3.2,0.01960784314,0,2304,104,1,1,0,1,192,
5000578,backup,20260713,large_hospital,intermediate_capacity,backup_isolated,medical_device,667,919,6866,flat,0.5,0.4548,12,0.7,isolated,0,0,3,0.003264417845,3,2,2,55,0,0,0,0,0,8,0,0,0,1,8,1.4,0.008578431373,0,2620,176,1,1,0,1,192,
5000579,backup,20260713,large_hospital,intermediate_capacity,backup_isolated,vendor_connection,781,782,6023,flat,0.5,0.4604,12,0.7,isolated,0,0,645,0.8248081841,645,9,686,178,0,1,179,180,177,182,183,175,0,6,1076,210.1,0.9339767157,1,496,192,1,0.8571428571,0,1,192,
5000580,backup,20260713,large_hospital,intermediate_capacity,backup_isolated,workstation,295,927,7162,flat,0.5,0.4542,12,0.7,isolated,0,0,2,0.002157497303,2,1,1,6,0,0,0,8,0,8,0,0,0,2,16,3,0.01838235294,0,2787,114,1,1,0,1,192,
5000581,backup,20260713,large_hospital,intermediate_capacity,backup_isolated,internet_facing,866,898,6774,flat,0.5,0.4621,12,0.7,isolated,0,0,774,0.8619153675,774,9,821,141,0,1,145,148,150,153,161,143,0,6,900,174.65,0.7743566176,1,894,180,1,1,0,1,192,
5000582,backup,20260713,large_hospital,intermediate_capacity,backup_isolated,privileged_system,561,862,6776,flat,0.5,0.4362,12,0.7,isolated,0,0,726,0.8422273782,726,9,792,118,0,1,115,120,117,123,133,115,0,6,723,139.775,0.6164215686,1,982,133,1,1,0,1,192,
5000583,backup,20260713,large_hospital,intermediate_capacity,backup_isolated,medical_device,708,972,7481,flat,0.5,0.4897,12,0.7,isolated,0,0,800,0.8230452675,800,9,854,153,0,1,145,151,150,157,165,145,0,6,913,176.8,0.7823223039,1,769,167,1,1,0,1,192,
5000584,backup,20260713,large_hospital,intermediate_capacity,backup_isolated,vendor_connection,943,944,7290,flat,0.5,0.4629,12,0.7,isolated,0,0,772,0.8177966102,772,9,823,128,0,1,124,129,126,132,142,124,0,6,777,150.35,0.6632965686,1,1057,142,1,1,0,1,192,
5000585,backup,20260713,large_hospital,intermediate_capacity,backup_isolated,workstation,305,786,5948,flat,0.5,0.4809,12,0.7,isolated,0,0,2,0.002544529262,2,1,1,7,0,0,0,8,0,8,0,0,0,2,16,3,0.01838235294,0,2316,131,1,1,0,1,192,
5000586,backup,20260713,large_hospital,intermediate_capacity,backup_isolated,internet_facing,861,873,6872,flat,0.5,0.4708,12,0.7,isolated,0,0,746,0.8545246277,746,9,790,147,0,1,144,149,150,152,164,144,0,6,903,174.95,0.7729779412,1,773,162,1,1,0,1,192,
5000587,backup,20260713,large_hospital,intermediate_capacity,backup_isolated,privileged_system,652,804,6304,flat,0.5,0.4602,12,0.7,isolated,0,0,685,0.8519900498,685,9,743,-1,0,1,185,185,185,185,185,185,16,7,1126,219.775,0.9635416667,1,552,-1,0,0.1428571429,0,1,192,
5000588,backup,20260713,large_hospital,intermediate_capacity,backup_isolated,medical_device,775,991,7462,flat,0.5,0.4581,12,0.7,isolated,0,0,807,0.8143289606,807,9,854,154,0,1,145,149,147,152,166,145,8,7,912,176.15,0.7703737745,1,879,167,1,1,0,1,192,
5000589,backup,20260713,large_hospital,intermediate_capacity,backup_isolated,vendor_connection,978,979,7622,flat,0.5,0.4556,12,0.7,isolated,0,0,816,0.8335035751,816,9,872,179,0,1,178,183,180,185,185,178,8,7,1097,213.725,0.9434742647,1,620,-1,0,0.7142857143,0,1,192,
5000590,backup,20260713,large_hospital,intermediate_capacity,backup_isolated,workstation,183,867,6518,flat,0.5,0.4683,12,0.7,isolated,0,0,704,0.8119953864,704,9,760,164,0,1,150,155,152,157,168,150,8,7,940,181.925,0.7976409314,1,875,177,1,1,0,1,192,
5000591,backup,20260713,large_hospital,intermediate_capacity,backup_isolated,internet_facing,750,778,5992,flat,0.5,0.473,12,0.7,isolated,0,0,1,0.001285347044,1,1,0,2,0,0,8,8,8,8,8,8,0,6,48,9.4,0.04166666667,0,2062,166,1,1,0,1,192,
5000592,backup,20260713,large_hospital,intermediate_capacity,backup_isolated,privileged_system,706,797,6050,flat,0.5,0.4856,12,0.7,isolated,0,0,637,0.7992471769,637,9,682,179,0,1,178,183,181,186,190,178,0,6,1096,213.425,0.9459252451,1,576,-1,0,0.7142857143,0,1,192,
5000593,backup,20260713,large_hospital,intermediate_capacity,backup_isolated,medical_device,718,990,7715,flat,0.5,0.4455,12,0.7,isolated,0,0,826,0.8343434343,826,9,889,151,0,1,142,146,145,153,159,142,0,6,887,171.95,0.7604166667,1,936,165,1,1,0,1,192,
5000594,backup,20260713,large_hospital,intermediate_capacity,backup_isolated,vendor_connection,853,854,6461,flat,0.5,0.4672,12,0.7,isolated,0,0,701,0.8208430913,701,9,740,118,0,1,120,117,116,120,133,112,0,6,718,139,0.6158088235,1,1300,171,1,1,0,1,192,
5000595,backup,20260713,large_hospital,intermediate_capacity,backup_isolated,workstation,22,885,6814,flat,0.5,0.4881,12,0.7,isolated,0,0,727,0.8214689266,727,9,769,145,0,1,126,130,128,133,144,126,0,6,787,152.325,0.6714154412,1,977,159,1,1,0,1,192,
5000596,backup,20260713,large_hospital,intermediate_capacity,backup_isolated,internet_facing,814,824,6470,flat,0.5,0.4442,12,0.7,isolated,0,0,714,0.8665048544,714,9,758,110,0,1,106,114,110,114,124,106,0,6,674,130.25,0.5759803922,1,1229,125,1,1,0,1,192,
5000597,backup,20260713,large_hospital,intermediate_capacity,backup_isolated,privileged_system,778,919,7273,flat,0.5,0.4918,12,0.7,isolated,0,0,773,0.8411316649,773,9,829,171,0,1,174,171,168,174,181,166,0,6,1034,201.4,0.8943014706,1,808,186,1,0.8571428571,0,1,192,
5000598,backup,20260713,large_hospital,intermediate_capacity,backup_isolated,medical_device,673,884,6841,flat,0.5,0.4378,12,0.7,isolated,0,0,736,0.8325791855,736,9,809,-1,0,1,187,190,190,188,187,187,8,7,1137,222.375,0.9828431373,1,720,-1,0,0.1428571429,0,1,192,
5000599,backup,20260713,large_hospital,intermediate_capacity,backup_isolated,vendor_connection,920,921,6974,flat,0.5,0.4408,12,0.7,isolated,0,0,800,0.8686210641,800,9,845,129,0,1,133,132,137,139,143,125,0,6,809,157.225,0.7034313725,1,985,177,1,1,0,1,192,
5000600,backup,20260713,large_hospital,high_capacity,backup_connected,workstation,218,925,8100,flat,0.75,0.7405,3,0.9,connected,0,0,1,0.001081081081,1,1,0,4,0,0,8,8,8,8,8,8,0,6,48,9.4,0.04166666667,0,2627,16,1,1,0,1,192,
5000601,backup,20260713,large_hospital,high_capacity,backup_connected,internet_facing,792,797,6951,flat,0.75,0.7202,3,0.9,connected,0,0,6,0.007528230866,6,4,5,13,0,0,13,8,16,8,16,8,0,6,69,13.25,0.06035539216,1,2290,184,1,1,0,1,192,
5000602,backup,20260713,large_hospital,high_capacity,backup_connected,privileged_system,783,873,7638,flat,0.75,0.7354,3,0.9,connected,0,0,340,0.3894616266,340,10,340,67,1,1,56,72,69,75,58,49,99,7,478,88.725,0.3495710784,1,2218,145,1,1,144,0,192,
5000603,backup,20260713,large_hospital,high_capacity,backup_connected,medical_device,607,815,7179,flat,0.75,0.7301,3,0.9,connected,0,0,4,0.00490797546,4,2,3,16,0,0,0,8,0,0,8,0,0,2,16,2.4,0.009803921569,0,2214,98,1,1,0,1,192,
5000604,backup,20260713,large_hospital,high_capacity,backup_connected,vendor_connection,911,912,8107,flat,0.75,0.7248,3,0.9,connected,0,0,222,0.2434210526,222,10,223,68,1,1,56,43,51,43,43,43,42,7,321,61.875,0.2549019608,1,2633,78,1,1,83,0,192,
5000605,backup,20260713,large_hospital,high_capacity,backup_connected,workstation,309,1000,8854,flat,0.75,0.725,3,0.9,connected,0,0,1,0.001,1,1,0,2,0,0,0,8,8,8,0,0,8,4,32,6,0.02941176471,0,3027,172,1,1,0,1,192,
5000606,backup,20260713,large_hospital,high_capacity,backup_connected,internet_facing,840,861,7479,flat,0.75,0.7236,3,0.9,connected,0,0,2,0.002322880372,2,1,1,7,0,0,0,0,0,0,1,0,8,2,9,1.3,0,0,2405,0,1,0.8571428571,0,1,192,
5000607,backup,20260713,large_hospital,high_capacity,backup_connected,privileged_system,821,966,8617,flat,0.75,0.7319,3,0.9,connected,0,0,269,0.2784679089,269,10,271,65,1,1,65,44,52,74,44,44,42,7,365,70.3,0.3045343137,1,2840,175,1,1,108,0,192,
5000608,backup,20260713,large_hospital,high_capacity,backup_connected,medical_device,617,910,8233,flat,0.75,0.7297,3,0.9,connected,0,0,1,0.001098901099,1,1,0,7,0,0,16,0,0,8,0,0,0,2,24,5.4,0.03308823529,0,2470,183,1,1,0,1,192,
5000609,backup,20260713,large_hospital,high_capacity,backup_connected,vendor_connection,984,985,8645,flat,0.75,0.7401,3,0.9,connected,0,0,285,0.2893401015,285,10,285,62,1,1,32,35,52,64,46,24,53,7,306,55.85,0.2322303922,1,2626,133,1,1,120,0,192,
5000610,backup,20260713,large_hospital,high_capacity,backup_connected,workstation,203,849,7495,flat,0.75,0.7197,3,0.9,connected,0,0,1,0.001177856302,1,1,0,2,0,0,0,0,16,8,0,0,0,2,24,5,0.0306372549,0,2648,-1,0,0.8571428571,0,1,192,
5000611,backup,20260713,large_hospital,high_capacity,backup_connected,internet_facing,763,786,6904,flat,0.75,0.7176,3,0.9,connected,0,0,239,0.3040712468,239,10,245,42,1,1,53,64,53,76,53,53,64,7,416,78.1,0.314185049,1,2143,90,1,1,119,0,192,
5000612,backup,20260713,large_hospital,high_capacity,backup_connected,privileged_system,821,994,9037,flat,0.75,0.7374,3,0.9,connected,0,0,253,0.254527163,253,10,254,52,1,1,31,54,30,8,28,0,35,6,186,34.75,0.1636029412,1,2593,189,1,1,119,0,192,
5000613,backup,20260713,large_hospital,high_capacity,backup_connected,medical_device,611,871,7644,flat,0.75,0.7336,3,0.9,connected,0,0,1,0.001148105626,1,1,0,2,0,0,8,8,0,0,8,0,8,4,32,5.6,0.02205882353,0,2513,182,1,1,0,1,192,
5000614,backup,20260713,large_hospital,high_capacity,backup_connected,vendor_connection,865,866,7661,flat,0.75,0.7298,3,0.9,connected,0,0,227,0.2621247113,227,10,234,53,1,1,68,60,62,60,60,60,54,7,424,81.05,0.3275122549,1,2254,120,1,1,96,0,192,
5000615,backup,20260713,large_hospital,high_capacity,backup_connected,workstation,197,784,7012,flat,0.75,0.7487,3,0.9,connected,0,0,1,0.001275510204,1,1,0,5,0,0,24,24,24,24,24,24,0,6,144,28.2,0.125,0,2406,168,1,1,0,1,192,
5000616,backup,20260713,large_hospital,high_capacity,backup_connected,internet_facing,888,922,7889,flat,0.75,0.7462,3,0.9,connected,0,0,1,0.001084598698,1,1,0,4,0,0,0,16,8,0,0,0,0,2,24,5,0.0306372549,0,2884,86,1,1,0,1,192,
5000617,backup,20260713,large_hospital,high_capacity,backup_connected,privileged_system,507,933,8081,flat,0.75,0.7128,3,0.9,connected,0,0,293,0.3140407288,293,10,300,78,1,1,80,66,61,83,114,57,75,7,536,96.925,0.3765318627,1,2693,107,1,1,126,0,192,
5000618,backup,20260713,large_hospital,high_capacity,backup_connected,medical_device,728,999,8726,flat,0.75,0.7327,3,0.9,connected,0,0,322,0.3223223223,322,10,327,66,1,1,54,59,55,83,82,49,56,7,438,79.825,0.3198529412,1,2645,150,1,1,143,0,192,
5000619,backup,20260713,large_hospital,high_capacity,backup_connected,vendor_connection,837,838,7501,flat,0.75,0.7255,3,0.9,connected,0,0,248,0.2959427208,248,10,248,61,1,1,57,76,71,65,65,57,53,7,444,84.075,0.3480392157,1,2162,100,1,1,104,0,192,
5000620,backup,20260713,large_hospital,high_capacity,backup_connected,workstation,174,921,7850,flat,0.75,0.7546,3,0.9,connected,0,0,1,0.00108577633,1,1,0,3,0,0,16,8,8,16,8,8,5,7,69,13.55,0.0625,0,2685,136,1,0.8571428571,0,1,192,
5000621,backup,20260713,large_hospital,high_capacity,backup_connected,internet_facing,883,886,7630,flat,0.75,0.7348,3,0.9,connected,0,0,1,0.001128668172,1,1,0,2,0,0,16,8,8,16,16,8,0,6,72,13.6,0.0625,0,2668,186,1,1,0,1,192,
5000622,backup,20260713,large_hospital,high_capacity,backup_connected,privileged_system,97,891,7798,flat,0.75,0.6958,3,0.9,connected,0,0,1,0.001122334456,1,1,0,3,0,0,0,0,0,0,8,0,0,1,8,0.8,0,0,2640,0,1,1,0,1,192,
5000623,backup,20260713,large_hospital,high_capacity,backup_connected,medical_device,557,859,7699,flat,0.75,0.7288,3,0.9,connected,0,0,1,0.001164144354,1,1,0,5,0,0,8,8,16,8,8,8,0,6,56,11.2,0.05269607843,0,2625,136,1,1,0,1,192,
5000624,backup,20260713,large_hospital,high_capacity,backup_connected,vendor_connection,980,981,8801,flat,0.75,0.7604,3,0.9,connected,0,0,247,0.251783894,247,10,247,72,1,1,16,8,75,9,81,8,69,7,266,44.3,0.1473651961,1,2521,168,1,1,105,0,192,
5000625,backup,20260713,large_hospital,high_capacity,backup_periodic,workstation,68,989,8721,flat,0.75,0.729,3,0.9,periodic,0,0,1,0.001011122346,1,1,0,2,0,0,8,8,8,8,8,8,0,6,48,9.4,0.04166666667,0,2963,188,1,1,0,1,192,
5000626,backup,20260713,large_hospital,high_capacity,backup_periodic,internet_facing,783,811,7257,flat,0.75,0.7361,3,0.9,periodic,0,0,175,0.215782984,175,10,176,90,1,1,42,42,46,42,42,42,78,7,334,61.95,0.2242647059,1,2048,101,1,1,71,0,192,
5000627,backup,20260713,large_hospital,high_capacity,backup_periodic,privileged_system,881,997,9074,flat,0.75,0.6911,3,0.9,periodic,0,0,304,0.3049147442,304,10,307,83,1,1,52,59,52,52,52,52,0,6,319,62.5,0.2794117647,1,2747,101,1,1,106,0,192,
5000628,backup,20260713,large_hospital,high_capacity,backup_periodic,medical_device,606,786,6800,flat,0.75,0.7443,3,0.9,periodic,0,0,1,0.001272264631,1,1,0,4,0,0,8,8,8,8,16,8,0,6,56,10.2,0.04166666667,0,2261,119,1,1,0,1,192,
5000629,backup,20260713,large_hospital,high_capacity,backup_periodic,vendor_connection,849,850,7384,flat,0.75,0.7071,3,0.9,periodic,0,0,1,0.001176470588,1,1,0,2,0,0,0,0,0,0,8,0,10,2,18,2.3,0,0,2641,0,1,0.8571428571,0,1,192,
5000630,backup,20260713,large_hospital,high_capacity,backup_periodic,workstation,77,959,8578,flat,0.75,0.731,3,0.9,periodic,0,0,4,0.00417101147,4,3,3,7,0,0,16,8,8,8,8,8,16,7,72,13.8,0.05392156863,0,2624,93,1,1,0,1,192,
5000631,backup,20260713,large_hospital,high_capacity,backup_periodic,internet_facing,975,999,8578,flat,0.75,0.7387,3,0.9,periodic,0,0,181,0.1811811812,181,10,180,84,1,1,57,79,72,57,75,57,8,7,405,77.75,0.3445159314,1,2717,86,1,1,66,0,192,
5000632,backup,20260713,large_hospital,high_capacity,backup_periodic,privileged_system,627,779,6738,flat,0.75,0.7227,3,0.9,periodic,0,0,9,0.01155327343,9,5,8,10,0,0,8,0,0,8,0,0,8,3,24,4.6,0.02083333333,0,2006,78,1,1,0,1,192,
5000633,backup,20260713,large_hospital,high_capacity,backup_periodic,medical_device,655,915,8003,flat,0.75,0.6776,3,0.9,periodic,0,0,347,0.3792349727,347,10,355,57,1,1,41,54,46,72,79,41,0,6,333,61.125,0.2696078431,1,2295,-1,0,0.8571428571,134,0,192,
5000634,backup,20260713,large_hospital,high_capacity,backup_periodic,vendor_connection,832,833,7490,flat,0.75,0.7179,3,0.9,periodic,0,0,255,0.306122449,255,10,257,64,1,1,42,42,61,56,42,42,0,6,285,56.075,0.2599571078,1,2236,88,1,1,100,0,192,
5000635,backup,20260713,large_hospital,high_capacity,backup_periodic,workstation,3,857,7405,flat,0.75,0.7153,3,0.9,periodic,0,0,1,0.001166861144,1,1,0,7,0,0,8,0,0,0,0,0,0,1,8,2,0.01225490196,0,2510,148,1,1,0,1,192,
5000636,backup,20260713,large_hospital,high_capacity,backup_periodic,internet_facing,784,799,7188,flat,0.75,0.7259,3,0.9,periodic,0,0,2,0.002503128911,2,1,1,8,0,0,0,8,8,8,0,0,0,3,24,4.8,0.02941176471,0,2389,187,1,1,0,1,192,
5000637,backup,20260713,large_hospital,high_capacity,backup_periodic,privileged_system,717,821,7249,flat,0.75,0.7077,3,0.9,periodic,0,0,2,0.002436053593,2,2,1,5,0,0,8,8,16,16,8,8,0,6,64,12.6,0.0612745098,0,2326,126,1,1,0,1,192,
5000638,backup,20260713,large_hospital,high_capacity,backup_periodic,medical_device,635,860,7526,flat,0.75,0.7302,3,0.9,periodic,0,0,9,0.01046511628,9,3,8,24,0,0,0,0,0,8,8,0,8,3,24,3.4,0.008578431373,0,2520,110,1,1,0,1,192,
5000639,backup,20260713,large_hospital,high_capacity,backup_periodic,vendor_connection,846,847,7293,flat,0.75,0.7025,3,0.9,periodic,0,0,290,0.3423848878,290,10,294,50,1,1,49,52,51,60,57,43,0,6,312,60,0.2734375,1,2139,78,1,1,112,0,192,
5000640,backup,20260713,large_hospital,high_capacity,backup_periodic,workstation,57,825,7282,flat,0.75,0.7212,3,0.9,periodic,0,0,254,0.3078787879,254,10,258,105,1,1,78,87,87,89,117,78,8,7,544,102.5,0.4414828431,1,2119,128,1,1,90,0,192,
5000641,backup,20260713,large_hospital,high_capacity,backup_periodic,internet_facing,780,795,7104,flat,0.75,0.761,3,0.9,periodic,0,0,167,0.2100628931,167,10,168,43,1,1,22,29,32,22,22,22,0,6,149,29.5,0.1369485294,1,2451,182,1,1,61,0,192,
5000642,backup,20260713,large_hospital,high_capacity,backup_periodic,privileged_system,860,944,8332,flat,0.75,0.7606,3,0.9,periodic,0,0,2,0.002118644068,2,2,1,3,0,1,0,16,0,0,0,0,0,1,16,3.2,0.01960784314,0,3125,133,1,1,0,1,192,
5000643,backup,20260713,large_hospital,high_capacity,backup_periodic,medical_device,625,964,8564,flat,0.75,0.7293,3,0.9,periodic,0,0,3,0.003112033195,3,2,2,7,0,0,16,16,16,16,16,16,0,6,96,18.8,0.08333333333,1,3009,19,1,1,0,1,192,
5000644,backup,20260713,large_hospital,high_capacity,backup_periodic,vendor_connection,837,838,7262,flat,0.75,0.7363,3,0.9,periodic,0,0,2,0.002386634845,2,1,1,3,0,0,16,8,16,8,24,8,0,6,80,14.8,0.06495098039,0,2482,174,1,1,0,1,192,
5000645,backup,20260713,large_hospital,high_capacity,backup_periodic,workstation,345,816,6951,flat,0.75,0.7292,3,0.9,periodic,0,0,6,0.007352941176,6,4,5,10,1,1,25,24,24,16,16,16,0,6,121,24.45,0.1179534314,1,2431,175,1,1,3,0,192,
5000646,backup,20260713,large_hospital,high_capacity,backup_periodic,internet_facing,807,825,6957,flat,0.75,0.7467,3,0.9,periodic,0,0,218,0.2642424242,218,10,218,53,1,1,29,35,26,51,34,26,0,6,201,38.275,0.1778492647,1,2223,77,1,1,99,0,192,
5000647,backup,20260713,large_hospital,high_capacity,backup_periodic,privileged_system,258,846,7513,flat,0.75,0.7494,3,0.9,periodic,0,0,1,0.001182033097,1,1,0,7,0,0,0,0,8,0,0,0,0,1,8,1.8,0.01102941176,0,2680,109,1,1,0,1,192,
5000648,backup,20260713,large_hospital,high_capacity,backup_periodic,medical_device,604,752,6536,flat,0.75,0.7154,3,0.9,periodic,0,0,3,0.003989361702,3,2,2,20,0,0,8,8,8,8,8,8,8,7,56,10.6,0.04166666667,0,2305,174,1,1,0,1,192,
5000649,backup,20260713,large_hospital,high_capacity,backup_periodic,vendor_connection,810,811,6993,flat,0.75,0.7374,3,0.9,periodic,0,0,2,0.002466091245,2,1,1,4,0,0,0,0,0,0,0,0,0,0,0,0,0,0,2584,0,1,1,0,1,192,
5000650,backup,20260713,large_hospital,high_capacity,backup_isolated,workstation,37,888,7504,flat,0.75,0.6993,3,0.9,isolated,0,0,1,0.001126126126,1,1,0,4,0,0,0,0,0,0,8,0,8,2,16,2,0,0,2734,0,1,0.8571428571,0,1,192,
5000651,backup,20260713,large_hospital,high_capacity,backup_isolated,internet_facing,825,842,7021,flat,0.75,0.7411,3,0.9,isolated,0,0,193,0.229216152,193,9,193,79,0,1,32,55,56,24,24,24,0,6,215,43.6,0.2193627451,1,2526,146,1,1,0,1,192,
5000652,backup,20260713,large_hospital,high_capacity,backup_isolated,privileged_system,661,791,6804,flat,0.75,0.7674,3,0.9,isolated,0,0,67,0.08470290771,67,9,66,40,0,1,0,0,0,0,8,0,0,1,8,0.8,0,0,2294,0,1,1,0,1,192,
5000653,backup,20260713,large_hospital,high_capacity,backup_isolated,medical_device,612,773,6487,flat,0.75,0.7245,3,0.9,isolated,0,0,2,0.002587322122,2,2,1,3,0,0,0,0,0,0,0,0,0,0,0,0,0,0,2345,0,1,1,0,1,192,
5000654,backup,20260713,large_hospital,high_capacity,backup_isolated,vendor_connection,992,993,8190,flat,0.75,0.7452,3,0.9,isolated,0,0,1,0.001007049345,1,1,0,2,0,0,8,0,8,8,16,0,0,4,40,6.8,0.0318627451,0,2924,184,1,1,0,1,192,
5000655,backup,20260713,large_hospital,high_capacity,backup_isolated,workstation,252,772,6454,flat,0.75,0.7319,3,0.9,isolated,0,0,3,0.003886010363,3,3,2,7,0,0,8,0,0,8,0,0,8,3,24,4.6,0.02083333333,0,2062,80,1,1,0,1,192,
5000656,backup,20260713,large_hospital,high_capacity,backup_isolated,internet_facing,917,926,7736,flat,0.75,0.7376,3,0.9,isolated,0,0,2,0.002159827214,2,2,1,3,0,0,8,0,16,8,0,0,8,4,40,8.2,0.04289215686,0,2978,166,1,1,0,1,192,
5000657,backup,20260713,large_hospital,high_capacity,backup_isolated,privileged_system,879,961,8146,flat,0.75,0.719,3,0.9,isolated,0,0,211,0.2195629553,211,9,211,81,0,1,59,59,81,60,78,59,0,6,396,76.35,0.3386948529,1,2703,117,1,1,0,1,192,
5000658,backup,20260713,large_hospital,high_capacity,backup_isolated,medical_device,630,939,7831,flat,0.75,0.7167,3,0.9,isolated,0,0,1,0.001064962726,1,1,0,2,0,0,8,0,0,0,8,0,8,3,24,4,0.01225490196,0,3114,49,1,1,0,1,192,
5000659,backup,20260713,large_hospital,high_capacity,backup_isolated,vendor_connection,930,931,7587,flat,0.75,0.7164,3,0.9,isolated,0,0,2,0.002148227712,2,1,1,5,0,0,0,0,0,16,0,0,8,2,24,4,0.01715686275,0,2889,191,1,1,0,1,192,
5000660,backup,20260713,large_hospital,high_capacity,backup_isolated,workstation,67,757,6451,flat,0.75,0.7411,3,0.9,isolated,0,0,10,0.01321003963,10,3,9,20,0,0,8,8,16,8,8,8,0,6,56,11.2,0.05269607843,0,2178,156,1,1,0,1,192,
5000661,backup,20260713,large_hospital,high_capacity,backup_isolated,internet_facing,762,789,6584,flat,0.75,0.7503,3,0.9,isolated,0,0,12,0.01520912548,12,5,11,25,0,0,16,0,17,0,0,0,0,2,33,7.825,0.04794730392,1,2338,67,1,1,0,1,192,
5000662,backup,20260713,large_hospital,high_capacity,backup_isolated,privileged_system,745,848,7111,flat,0.75,0.7382,3,0.9,isolated,0,0,204,0.2405660377,204,9,207,47,0,1,29,29,29,46,35,29,0,6,197,37.65,0.1692708333,1,2293,70,1,1,0,1,192,
5000663,backup,20260713,large_hospital,high_capacity,backup_isolated,medical_device,650,944,7916,flat,0.75,0.7341,3,0.9,isolated,0,0,1,0.001059322034,1,1,0,2,0,0,0,0,0,0,0,0,8,1,8,1.2,0,0,3148,0,1,1,0,1,192,
5000664,backup,20260713,large_hospital,high_capacity,backup_isolated,vendor_connection,856,857,6915,flat,0.75,0.7095,3,0.9,isolated,0,0,279,0.325554259,279,9,283,56,0,1,47,36,48,59,44,36,0,6,270,52.575,0.245557598,1,2369,189,1,1,0,1,192,
5000665,backup,20260713,large_hospital,high_capacity,backup_isolated,workstation,184,769,6471,flat,0.75,0.7308,3,0.9,isolated,0,0,1,0.001300390117,1,1,0,2,0,0,16,8,6,0,8,0,0,4,38,7.75,0.04258578431,0,2261,-1,0,0.8571428571,0,1,192,
5000666,backup,20260713,large_hospital,high_capacity,backup_isolated,internet_facing,845,877,7192,flat,0.75,0.7617,3,0.9,isolated,0,0,2,0.00228050171,2,2,1,6,0,0,0,8,8,0,0,0,8,3,24,4.6,0.02083333333,0,3076,145,1,1,0,1,192,
5000667,backup,20260713,large_hospital,high_capacity,backup_isolated,privileged_system,695,821,6749,flat,0.75,0.7247,3,0.9,isolated,0,0,3,0.00365408039,3,3,2,14,0,0,0,0,0,0,0,0,0,0,0,0,0,0,2475,0,1,1,0,1,192,
5000668,backup,20260713,large_hospital,high_capacity,backup_isolated,medical_device,542,820,6884,flat,0.75,0.7159,3,0.9,isolated,0,0,1,0.001219512195,1,1,0,5,0,0,8,0,0,0,8,0,0,2,16,2.8,0.01225490196,0,2649,29,1,1,0,1,192,
5000669,backup,20260713,large_hospital,high_capacity,backup_isolated,vendor_connection,925,926,7690,flat,0.75,0.7419,3,0.9,isolated,0,0,281,0.3034557235,281,9,285,56,0,1,41,48,41,64,40,40,8,7,282,54.475,0.2467830882,1,2740,153,1,1,0,1,192,
5000670,backup,20260713,large_hospital,high_capacity,backup_isolated,workstation,388,992,8113,flat,0.75,0.7399,3,0.9,isolated,0,0,5,0.005040322581,5,2,4,14,0,0,0,0,0,0,16,0,0,1,16,1.6,0,0,2868,0,1,1,0,1,192,
5000671,backup,20260713,large_hospital,high_capacity,backup_isolated,internet_facing,872,898,7492,flat,0.75,0.765,3,0.9,isolated,0,0,1,0.001113585746,1,1,0,3,0,0,8,16,8,24,8,8,0,6,72,13.8,0.06862745098,1,2533,121,1,1,0,1,192,
5000672,backup,20260713,large_hospital,high_capacity,backup_isolated,privileged_system,713,824,6907,flat,0.75,0.7379,3,0.9,isolated,0,0,1,0.001213592233,1,1,0,3,0,0,8,0,16,0,0,0,0,2,24,5.6,0.03431372549,0,2724,121,1,1,0,1,192,
5000673,backup,20260713,large_hospital,high_capacity,backup_isolated,medical_device,707,986,8269,flat,0.75,0.7343,3,0.9,isolated,0,0,4,0.004056795132,4,3,3,7,0,0,8,0,8,0,8,0,0,3,24,4.6,0.02328431373,0,2775,189,1,1,0,1,192,
5000674,backup,20260713,large_hospital,high_capacity,backup_isolated,vendor_connection,948,949,7862,flat,0.75,0.746,3,0.9,isolated,0,0,243,0.2560590095,243,9,245,69,0,1,41,52,8,50,31,8,8,7,198,37.3,0.1911764706,1,2560,166,1,1,0,1,192,
