problem,radius,draw,frontier_size,certificate_violation
RE21,0.01,0,15,False
RE21,0.01,1,16,False
RE21,0.01,2,14,False
RE21,0.01,3,15,False
RE21,0.01,4,13,False
RE21,0.01,5,13,False
RE21,0.01,6,16,False
RE21,0.01,7,15,False
RE21,0.01,8,13,False
RE21,0.01,9,14,False
RE21,0.01,10,14,False
RE21,0.01,11,15,False
RE21,0.01,12,16,False
RE21,0.01,13,17,False
RE21,0.01,14,15,False
RE21,0.01,15,17,False
RE21,0.01,16,15,False
RE21,0.01,17,14,False
RE21,0.01,18,16,False
RE21,0.01,19,15,False
RE21,0.01,20,14,False
RE21,0.01,21,15,False
RE21,0.01,22,14,False
RE21,0.01,23,15,False
RE21,0.01,24,16,False
RE21,0.01,25,15,False
RE21,0.01,26,16,False
RE21,0.01,27,17,False
RE21,0.01,28,16,False
RE21,0.01,29,15,False
RE21,0.01,30,15,False
RE21,0.01,31,14,False
RE21,0.01,32,15,False
RE21,0.01,33,16,False
RE21,0.01,34,15,False
RE21,0.01,35,16,False
RE21,0.01,36,13,False
RE21,0.01,37,15,False
RE21,0.01,38,16,False
RE21,0.01,39,17,False
RE21,0.01,40,16,False
RE21,0.01,41,15,False
RE21,0.01,42,14,False
RE21,0.01,43,15,False
RE21,0.01,44,14,False
RE21,0.01,45,14,False
RE21,0.01,46,15,False
RE21,0.01,47,14,False
RE21,0.01,48,17,False
RE21,0.01,49,14,False
RE21,0.01,50,15,False
RE21,0.01,51,14,False
RE21,0.01,52,17,False
RE21,0.01,53,17,False
RE21,0.01,54,15,False
RE21,0.01,55,16,False
RE21,0.01,56,16,False
RE21,0.01,57,15,False
RE21,0.01,58,16,False
RE21,0.01,59,14,False
RE21,0.01,60,15,False
RE21,0.01,61,16,False
RE21,0.01,62,14,False
RE21,0.01,63,14,False
RE21,0.01,64,15,False
RE21,0.01,65,15,False
RE21,0.01,66,12,False
RE21,0.01,67,14,False
RE21,0.01,68,14,False
RE21,0.01,69,15,False
RE21,0.01,70,16,False
RE21,0.01,71,16,False
RE21,0.01,72,13,False
RE21,0.01,73,17,False
RE21,0.01,74,15,False
RE21,0.01,75,14,False
RE21,0.01,76,16,False
RE21,0.01,77,14,False
RE21,0.01,78,14,False
RE21,0.01,79,15,False
RE21,0.01,80,13,False
RE21,0.01,81,15,False
RE21,0.01,82,15,False
RE21,0.01,83,15,False
RE21,0.01,84,14,False
RE21,0.01,85,14,False
RE21,0.01,86,14,False
RE21,0.01,87,14,False
RE21,0.01,88,16,False
RE21,0.01,89,15,False
RE21,0.01,90,14,False
RE21,0.01,91,15,False
RE21,0.01,92,14,False
RE21,0.01,93,14,False
RE21,0.01,94,14,False
RE21,0.01,95,14,False
RE21,0.01,96,16,False
RE21,0.01,97,15,False
RE21,0.01,98,13,False
RE21,0.01,99,14,False
RE21,0.01,100,15,False
RE21,0.01,101,14,False
RE21,0.01,102,14,False
RE21,0.01,103,16,False
RE21,0.01,104,15,False
RE21,0.01,105,15,False
RE21,0.01,106,15,False
RE21,0.01,107,14,False
RE21,0.01,108,14,False
RE21,0.01,109,15,False
RE21,0.01,110,15,False
RE21,0.01,111,15,False
RE21,0.01,112,14,False
RE21,0.01,113,14,False
RE21,0.01,114,15,False
RE21,0.01,115,15,False
RE21,0.01,116,16,False
RE21,0.01,117,15,False
RE21,0.01,118,16,False
RE21,0.01,119,16,False
RE21,0.01,120,15,False
RE21,0.01,121,16,False
RE21,0.01,122,16,False
RE21,0.01,123,13,False
RE21,0.01,124,15,False
RE21,0.01,125,15,False
RE21,0.01,126,15,False
RE21,0.01,127,14,False
RE21,0.01,128,14,False
RE21,0.01,129,15,False
RE21,0.01,130,14,False
RE21,0.01,131,17,False
RE21,0.01,132,15,False
RE21,0.01,133,15,False
RE21,0.01,134,16,False
RE21,0.01,135,14,False
RE21,0.01,136,15,False
RE21,0.01,137,16,False
RE21,0.01,138,16,False
RE21,0.01,139,16,False
RE21,0.01,140,14,False
RE21,0.01,141,14,False
RE21,0.01,142,15,False
RE21,0.01,143,15,False
RE21,0.01,144,16,False
RE21,0.01,145,15,False
RE21,0.01,146,15,False
RE21,0.01,147,15,False
RE21,0.01,148,14,False
RE21,0.01,149,16,False
RE21,0.01,150,15,False
RE21,0.01,151,15,False
RE21,0.01,152,16,False
RE21,0.01,153,15,False
RE21,0.01,154,15,False
RE21,0.01,155,15,False
RE21,0.01,156,18,False
RE21,0.01,157,15,False
RE21,0.01,158,16,False
RE21,0.01,159,16,False
RE21,0.01,160,14,False
RE21,0.01,161,14,False
RE21,0.01,162,15,False
RE21,0.01,163,13,False
RE21,0.01,164,13,False
RE21,0.01,165,15,False
RE21,0.01,166,14,False
RE21,0.01,167,16,False
RE21,0.01,168,16,False
RE21,0.01,169,15,False
RE21,0.01,170,16,False
RE21,0.01,171,14,False
RE21,0.01,172,13,False
RE21,0.01,173,15,False
RE21,0.01,174,14,False
RE21,0.01,175,15,False
RE21,0.01,176,15,False
RE21,0.01,177,14,False
RE21,0.01,178,14,False
RE21,0.01,179,15,False
RE21,0.01,180,16,False
RE21,0.01,181,16,False
RE21,0.01,182,13,False
RE21,0.01,183,14,False
RE21,0.01,184,15,False
RE21,0.01,185,17,False
RE21,0.01,186,14,False
RE21,0.01,187,16,False
RE21,0.01,188,14,False
RE21,0.01,189,14,False
RE21,0.01,190,13,False
RE21,0.01,191,15,False
RE21,0.01,192,16,False
RE21,0.01,193,12,False
RE21,0.01,194,16,False
RE21,0.01,195,14,False
RE21,0.01,196,15,False
RE21,0.01,197,17,False
RE21,0.01,198,15,False
RE21,0.01,199,15,False
RE21,0.01,200,13,False
RE21,0.01,201,15,False
RE21,0.01,202,15,False
RE21,0.01,203,15,False
RE21,0.01,204,13,False
RE21,0.01,205,15,False
RE21,0.01,206,16,False
RE21,0.01,207,14,False
RE21,0.01,208,17,False
RE21,0.01,209,15,False
RE21,0.01,210,15,False
RE21,0.01,211,14,False
RE21,0.01,212,14,False
RE21,0.01,213,16,False
RE21,0.01,214,15,False
RE21,0.01,215,14,False
RE21,0.01,216,15,False
RE21,0.01,217,14,False
RE21,0.01,218,16,False
RE21,0.01,219,14,False
RE21,0.01,220,15,False
RE21,0.01,221,12,False
RE21,0.01,222,16,False
RE21,0.01,223,16,False
RE21,0.01,224,15,False
RE21,0.01,225,15,False
RE21,0.01,226,14,False
RE21,0.01,227,15,False
RE21,0.01,228,17,False
RE21,0.01,229,13,False
RE21,0.01,230,17,False
RE21,0.01,231,15,False
RE21,0.01,232,16,False
RE21,0.01,233,15,False
RE21,0.01,234,15,False
RE21,0.01,235,15,False
RE21,0.01,236,15,False
RE21,0.01,237,15,False
RE21,0.01,238,14,False
RE21,0.01,239,16,False
RE21,0.01,240,15,False
RE21,0.01,241,14,False
RE21,0.01,242,16,False
RE21,0.01,243,15,False
RE21,0.01,244,14,False
RE21,0.01,245,16,False
RE21,0.01,246,15,False
RE21,0.01,247,15,False
RE21,0.01,248,13,False
RE21,0.01,249,15,False
RE21,0.01,250,14,False
RE21,0.01,251,16,False
RE21,0.01,252,15,False
RE21,0.01,253,14,False
RE21,0.01,254,16,False
RE21,0.01,255,13,False
RE21,0.01,256,14,False
RE21,0.01,257,14,False
RE21,0.01,258,16,False
RE21,0.01,259,15,False
RE21,0.01,260,16,False
RE21,0.01,261,14,False
RE21,0.01,262,15,False
RE21,0.01,263,13,False
RE21,0.01,264,15,False
RE21,0.01,265,17,False
RE21,0.01,266,14,False
RE21,0.01,267,14,False
RE21,0.01,268,15,False
RE21,0.01,269,16,False
RE21,0.01,270,15,False
RE21,0.01,271,15,False
RE21,0.01,272,13,False
RE21,0.01,273,15,False
RE21,0.01,274,15,False
RE21,0.01,275,15,False
RE21,0.01,276,16,False
RE21,0.01,277,14,False
RE21,0.01,278,14,False
RE21,0.01,279,15,False
RE21,0.01,280,14,False
RE21,0.01,281,14,False
RE21,0.01,282,16,False
RE21,0.01,283,15,False
RE21,0.01,284,16,False
RE21,0.01,285,15,False
RE21,0.01,286,14,False
RE21,0.01,287,14,False
RE21,0.01,288,14,False
RE21,0.01,289,14,False
RE21,0.01,290,13,False
RE21,0.01,291,14,False
RE21,0.01,292,16,False
RE21,0.01,293,14,False
RE21,0.01,294,14,False
RE21,0.01,295,16,False
RE21,0.01,296,16,False
RE21,0.01,297,14,False
RE21,0.01,298,15,False
RE21,0.01,299,15,False
RE21,0.01,300,14,False
RE21,0.01,301,14,False
RE21,0.01,302,15,False
RE21,0.01,303,14,False
RE21,0.01,304,16,False
RE21,0.01,305,14,False
RE21,0.01,306,13,False
RE21,0.01,307,14,False
RE21,0.01,308,14,False
RE21,0.01,309,14,False
RE21,0.01,310,16,False
RE21,0.01,311,15,False
RE21,0.01,312,14,False
RE21,0.01,313,14,False
RE21,0.01,314,14,False
RE21,0.01,315,15,False
RE21,0.01,316,16,False
RE21,0.01,317,15,False
RE21,0.01,318,15,False
RE21,0.01,319,15,False
RE21,0.01,320,15,False
RE21,0.01,321,15,False
RE21,0.01,322,15,False
RE21,0.01,323,15,False
RE21,0.01,324,14,False
RE21,0.01,325,13,False
RE21,0.01,326,15,False
RE21,0.01,327,16,False
RE21,0.01,328,13,False
RE21,0.01,329,15,False
RE21,0.01,330,16,False
RE21,0.01,331,17,False
RE21,0.01,332,16,False
RE21,0.01,333,15,False
RE21,0.01,334,13,False
RE21,0.01,335,16,False
RE21,0.01,336,17,False
RE21,0.01,337,15,False
RE21,0.01,338,16,False
RE21,0.01,339,15,False
RE21,0.01,340,15,False
RE21,0.01,341,16,False
RE21,0.01,342,14,False
RE21,0.01,343,13,False
RE21,0.01,344,15,False
RE21,0.01,345,14,False
RE21,0.01,346,15,False
RE21,0.01,347,15,False
RE21,0.01,348,15,False
RE21,0.01,349,16,False
RE21,0.01,350,15,False
RE21,0.01,351,16,False
RE21,0.01,352,15,False
RE21,0.01,353,15,False
RE21,0.01,354,14,False
RE21,0.01,355,15,False
RE21,0.01,356,16,False
RE21,0.01,357,16,False
RE21,0.01,358,15,False
RE21,0.01,359,14,False
RE21,0.01,360,14,False
RE21,0.01,361,15,False
RE21,0.01,362,13,False
RE21,0.01,363,15,False
RE21,0.01,364,16,False
RE21,0.01,365,14,False
RE21,0.01,366,14,False
RE21,0.01,367,13,False
RE21,0.01,368,14,False
RE21,0.01,369,14,False
RE21,0.01,370,17,False
RE21,0.01,371,16,False
RE21,0.01,372,14,False
RE21,0.01,373,15,False
RE21,0.01,374,15,False
RE21,0.01,375,14,False
RE21,0.01,376,14,False
RE21,0.01,377,14,False
RE21,0.01,378,17,False
RE21,0.01,379,14,False
RE21,0.01,380,16,False
RE21,0.01,381,14,False
RE21,0.01,382,15,False
RE21,0.01,383,16,False
RE21,0.01,384,15,False
RE21,0.01,385,15,False
RE21,0.01,386,14,False
RE21,0.01,387,15,False
RE21,0.01,388,14,False
RE21,0.01,389,15,False
RE21,0.01,390,14,False
RE21,0.01,391,14,False
RE21,0.01,392,16,False
RE21,0.01,393,15,False
RE21,0.01,394,14,False
RE21,0.01,395,15,False
RE21,0.01,396,15,False
RE21,0.01,397,15,False
RE21,0.01,398,15,False
RE21,0.01,399,14,False
RE21,0.01,400,14,False
RE21,0.01,401,14,False
RE21,0.01,402,14,False
RE21,0.01,403,15,False
RE21,0.01,404,13,False
RE21,0.01,405,16,False
RE21,0.01,406,15,False
RE21,0.01,407,14,False
RE21,0.01,408,14,False
RE21,0.01,409,14,False
RE21,0.01,410,17,False
RE21,0.01,411,15,False
RE21,0.01,412,14,False
RE21,0.01,413,15,False
RE21,0.01,414,13,False
RE21,0.01,415,16,False
RE21,0.01,416,15,False
RE21,0.01,417,14,False
RE21,0.01,418,16,False
RE21,0.01,419,15,False
RE21,0.01,420,14,False
RE21,0.01,421,14,False
RE21,0.01,422,15,False
RE21,0.01,423,16,False
RE21,0.01,424,14,False
RE21,0.01,425,15,False
RE21,0.01,426,14,False
RE21,0.01,427,16,False
RE21,0.01,428,15,False
RE21,0.01,429,13,False
RE21,0.01,430,15,False
RE21,0.01,431,16,False
RE21,0.01,432,13,False
RE21,0.01,433,14,False
RE21,0.01,434,15,False
RE21,0.01,435,14,False
RE21,0.01,436,15,False
RE21,0.01,437,16,False
RE21,0.01,438,14,False
RE21,0.01,439,13,False
RE21,0.01,440,16,False
RE21,0.01,441,13,False
RE21,0.01,442,14,False
RE21,0.01,443,15,False
RE21,0.01,444,14,False
RE21,0.01,445,15,False
RE21,0.01,446,15,False
RE21,0.01,447,15,False
RE21,0.01,448,15,False
RE21,0.01,449,16,False
RE21,0.01,450,16,False
RE21,0.01,451,15,False
RE21,0.01,452,15,False
RE21,0.01,453,15,False
RE21,0.01,454,16,False
RE21,0.01,455,15,False
RE21,0.01,456,14,False
RE21,0.01,457,15,False
RE21,0.01,458,13,False
RE21,0.01,459,15,False
RE21,0.01,460,15,False
RE21,0.01,461,16,False
RE21,0.01,462,15,False
RE21,0.01,463,14,False
RE21,0.01,464,15,False
RE21,0.01,465,16,False
RE21,0.01,466,15,False
RE21,0.01,467,14,False
RE21,0.01,468,15,False
RE21,0.01,469,16,False
RE21,0.01,470,15,False
RE21,0.01,471,15,False
RE21,0.01,472,14,False
RE21,0.01,473,15,False
RE21,0.01,474,15,False
RE21,0.01,475,14,False
RE21,0.01,476,14,False
RE21,0.01,477,16,False
RE21,0.01,478,15,False
RE21,0.01,479,15,False
RE21,0.01,480,15,False
RE21,0.01,481,15,False
RE21,0.01,482,14,False
RE21,0.01,483,16,False
RE21,0.01,484,15,False
RE21,0.01,485,14,False
RE21,0.01,486,15,False
RE21,0.01,487,14,False
RE21,0.01,488,14,False
RE21,0.01,489,13,False
RE21,0.01,490,15,False
RE21,0.01,491,15,False
RE21,0.01,492,14,False
RE21,0.01,493,13,False
RE21,0.01,494,15,False
RE21,0.01,495,14,False
RE21,0.01,496,15,False
RE21,0.01,497,14,False
RE21,0.01,498,16,False
RE21,0.01,499,15,False
RE21,0.01,500,17,False
RE21,0.01,501,14,False
RE21,0.01,502,13,False
RE21,0.01,503,15,False
RE21,0.01,504,15,False
RE21,0.01,505,14,False
RE21,0.01,506,16,False
RE21,0.01,507,16,False
RE21,0.01,508,16,False
RE21,0.01,509,14,False
RE21,0.01,510,14,False
RE21,0.01,511,16,False
RE21,0.01,512,16,False
RE21,0.01,513,12,False
RE21,0.01,514,14,False
RE21,0.01,515,15,False
RE21,0.01,516,16,False
RE21,0.01,517,16,False
RE21,0.01,518,15,False
RE21,0.01,519,14,False
RE21,0.01,520,15,False
RE21,0.01,521,16,False
RE21,0.01,522,14,False
RE21,0.01,523,14,False
RE21,0.01,524,14,False
RE21,0.01,525,15,False
RE21,0.01,526,15,False
RE21,0.01,527,16,False
RE21,0.01,528,15,False
RE21,0.01,529,15,False
RE21,0.01,530,14,False
RE21,0.01,531,17,False
RE21,0.01,532,13,False
RE21,0.01,533,13,False
RE21,0.01,534,16,False
RE21,0.01,535,15,False
RE21,0.01,536,14,False
RE21,0.01,537,15,False
RE21,0.01,538,13,False
RE21,0.01,539,15,False
RE21,0.01,540,14,False
RE21,0.01,541,14,False
RE21,0.01,542,15,False
RE21,0.01,543,14,False
RE21,0.01,544,16,False
RE21,0.01,545,13,False
RE21,0.01,546,16,False
RE21,0.01,547,15,False
RE21,0.01,548,14,False
RE21,0.01,549,15,False
RE21,0.01,550,16,False
RE21,0.01,551,17,False
RE21,0.01,552,15,False
RE21,0.01,553,16,False
RE21,0.01,554,15,False
RE21,0.01,555,14,False
RE21,0.01,556,15,False
RE21,0.01,557,15,False
RE21,0.01,558,14,False
RE21,0.01,559,15,False
RE21,0.01,560,15,False
RE21,0.01,561,17,False
RE21,0.01,562,14,False
RE21,0.01,563,14,False
RE21,0.01,564,16,False
RE21,0.01,565,14,False
RE21,0.01,566,16,False
RE21,0.01,567,14,False
RE21,0.01,568,14,False
RE21,0.01,569,15,False
RE21,0.01,570,15,False
RE21,0.01,571,14,False
RE21,0.01,572,15,False
RE21,0.01,573,15,False
RE21,0.01,574,15,False
RE21,0.01,575,16,False
RE21,0.01,576,14,False
RE21,0.01,577,14,False
RE21,0.01,578,14,False
RE21,0.01,579,14,False
RE21,0.01,580,13,False
RE21,0.01,581,15,False
RE21,0.01,582,14,False
RE21,0.01,583,15,False
RE21,0.01,584,14,False
RE21,0.01,585,14,False
RE21,0.01,586,15,False
RE21,0.01,587,15,False
RE21,0.01,588,15,False
RE21,0.01,589,15,False
RE21,0.01,590,15,False
RE21,0.01,591,16,False
RE21,0.01,592,15,False
RE21,0.01,593,14,False
RE21,0.01,594,16,False
RE21,0.01,595,14,False
RE21,0.01,596,16,False
RE21,0.01,597,15,False
RE21,0.01,598,15,False
RE21,0.01,599,15,False
RE21,0.01,600,15,False
RE21,0.01,601,15,False
RE21,0.01,602,14,False
RE21,0.01,603,13,False
RE21,0.01,604,15,False
RE21,0.01,605,13,False
RE21,0.01,606,15,False
RE21,0.01,607,16,False
RE21,0.01,608,14,False
RE21,0.01,609,14,False
RE21,0.01,610,13,False
RE21,0.01,611,14,False
RE21,0.01,612,15,False
RE21,0.01,613,14,False
RE21,0.01,614,17,False
RE21,0.01,615,15,False
RE21,0.01,616,14,False
RE21,0.01,617,15,False
RE21,0.01,618,15,False
RE21,0.01,619,15,False
RE21,0.01,620,15,False
RE21,0.01,621,14,False
RE21,0.01,622,15,False
RE21,0.01,623,15,False
RE21,0.01,624,14,False
RE21,0.01,625,15,False
RE21,0.01,626,14,False
RE21,0.01,627,15,False
RE21,0.01,628,15,False
RE21,0.01,629,15,False
RE21,0.01,630,14,False
RE21,0.01,631,14,False
RE21,0.01,632,16,False
RE21,0.01,633,14,False
RE21,0.01,634,14,False
RE21,0.01,635,15,False
RE21,0.01,636,17,False
RE21,0.01,637,14,False
RE21,0.01,638,14,False
RE21,0.01,639,14,False
RE21,0.01,640,15,False
RE21,0.01,641,16,False
RE21,0.01,642,15,False
RE21,0.01,643,14,False
RE21,0.01,644,16,False
RE21,0.01,645,15,False
RE21,0.01,646,14,False
RE21,0.01,647,15,False
RE21,0.01,648,14,False
RE21,0.01,649,15,False
RE21,0.01,650,17,False
RE21,0.01,651,14,False
RE21,0.01,652,15,False
RE21,0.01,653,14,False
RE21,0.01,654,16,False
RE21,0.01,655,17,False
RE21,0.01,656,14,False
RE21,0.01,657,14,False
RE21,0.01,658,15,False
RE21,0.01,659,14,False
RE21,0.01,660,16,False
RE21,0.01,661,17,False
RE21,0.01,662,15,False
RE21,0.01,663,15,False
RE21,0.01,664,14,False
RE21,0.01,665,14,False
RE21,0.01,666,13,False
RE21,0.01,667,15,False
RE21,0.01,668,15,False
RE21,0.01,669,16,False
RE21,0.01,670,16,False
RE21,0.01,671,15,False
RE21,0.01,672,16,False
RE21,0.01,673,15,False
RE21,0.01,674,15,False
RE21,0.01,675,15,False
RE21,0.01,676,15,False
RE21,0.01,677,15,False
RE21,0.01,678,14,False
RE21,0.01,679,14,False
RE21,0.01,680,14,False
RE21,0.01,681,14,False
RE21,0.01,682,14,False
RE21,0.01,683,14,False
RE21,0.01,684,14,False
RE21,0.01,685,15,False
RE21,0.01,686,16,False
RE21,0.01,687,13,False
RE21,0.01,688,15,False
RE21,0.01,689,17,False
RE21,0.01,690,16,False
RE21,0.01,691,15,False
RE21,0.01,692,14,False
RE21,0.01,693,15,False
RE21,0.01,694,14,False
RE21,0.01,695,13,False
RE21,0.01,696,15,False
RE21,0.01,697,15,False
RE21,0.01,698,15,False
RE21,0.01,699,16,False
RE21,0.01,700,13,False
RE21,0.01,701,16,False
RE21,0.01,702,14,False
RE21,0.01,703,18,False
RE21,0.01,704,14,False
RE21,0.01,705,13,False
RE21,0.01,706,12,False
RE21,0.01,707,15,False
RE21,0.01,708,16,False
RE21,0.01,709,15,False
RE21,0.01,710,16,False
RE21,0.01,711,14,False
RE21,0.01,712,16,False
RE21,0.01,713,14,False
RE21,0.01,714,15,False
RE21,0.01,715,15,False
RE21,0.01,716,16,False
RE21,0.01,717,15,False
RE21,0.01,718,15,False
RE21,0.01,719,15,False
RE21,0.01,720,14,False
RE21,0.01,721,14,False
RE21,0.01,722,15,False
RE21,0.01,723,15,False
RE21,0.01,724,17,False
RE21,0.01,725,15,False
RE21,0.01,726,16,False
RE21,0.01,727,15,False
RE21,0.01,728,15,False
RE21,0.01,729,16,False
RE21,0.01,730,15,False
RE21,0.01,731,16,False
RE21,0.01,732,15,False
RE21,0.01,733,16,False
RE21,0.01,734,15,False
RE21,0.01,735,14,False
RE21,0.01,736,16,False
RE21,0.01,737,16,False
RE21,0.01,738,15,False
RE21,0.01,739,14,False
RE21,0.01,740,15,False
RE21,0.01,741,15,False
RE21,0.01,742,16,False
RE21,0.01,743,15,False
RE21,0.01,744,12,False
RE21,0.01,745,14,False
RE21,0.01,746,14,False
RE21,0.01,747,16,False
RE21,0.01,748,15,False
RE21,0.01,749,15,False
RE21,0.01,750,15,False
RE21,0.01,751,14,False
RE21,0.01,752,13,False
RE21,0.01,753,15,False
RE21,0.01,754,15,False
RE21,0.01,755,15,False
RE21,0.01,756,15,False
RE21,0.01,757,17,False
RE21,0.01,758,15,False
RE21,0.01,759,14,False
RE21,0.01,760,14,False
RE21,0.01,761,15,False
RE21,0.01,762,14,False
RE21,0.01,763,15,False
RE21,0.01,764,14,False
RE21,0.01,765,15,False
RE21,0.01,766,15,False
RE21,0.01,767,14,False
RE21,0.01,768,14,False
RE21,0.01,769,15,False
RE21,0.01,770,15,False
RE21,0.01,771,13,False
RE21,0.01,772,13,False
RE21,0.01,773,15,False
RE21,0.01,774,15,False
RE21,0.01,775,14,False
RE21,0.01,776,15,False
RE21,0.01,777,16,False
RE21,0.01,778,15,False
RE21,0.01,779,14,False
RE21,0.01,780,13,False
RE21,0.01,781,16,False
RE21,0.01,782,14,False
RE21,0.01,783,15,False
RE21,0.01,784,15,False
RE21,0.01,785,16,False
RE21,0.01,786,15,False
RE21,0.01,787,16,False
RE21,0.01,788,14,False
RE21,0.01,789,15,False
RE21,0.01,790,17,False
RE21,0.01,791,15,False
RE21,0.01,792,15,False
RE21,0.01,793,14,False
RE21,0.01,794,14,False
RE21,0.01,795,14,False
RE21,0.01,796,16,False
RE21,0.01,797,13,False
RE21,0.01,798,15,False
RE21,0.01,799,15,False
RE21,0.01,800,15,False
RE21,0.01,801,15,False
RE21,0.01,802,15,False
RE21,0.01,803,14,False
RE21,0.01,804,15,False
RE21,0.01,805,14,False
RE21,0.01,806,14,False
RE21,0.01,807,15,False
RE21,0.01,808,15,False
RE21,0.01,809,15,False
RE21,0.01,810,14,False
RE21,0.01,811,16,False
RE21,0.01,812,17,False
RE21,0.01,813,16,False
RE21,0.01,814,15,False
RE21,0.01,815,15,False
RE21,0.01,816,15,False
RE21,0.01,817,14,False
RE21,0.01,818,15,False
RE21,0.01,819,15,False
RE21,0.01,820,14,False
RE21,0.01,821,16,False
RE21,0.01,822,14,False
RE21,0.01,823,15,False
RE21,0.01,824,16,False
RE21,0.01,825,13,False
RE21,0.01,826,15,False
RE21,0.01,827,15,False
RE21,0.01,828,13,False
RE21,0.01,829,15,False
RE21,0.01,830,14,False
RE21,0.01,831,16,False
RE21,0.01,832,14,False
RE21,0.01,833,14,False
RE21,0.01,834,16,False
RE21,0.01,835,13,False
RE21,0.01,836,15,False
RE21,0.01,837,14,False
RE21,0.01,838,15,False
RE21,0.01,839,15,False
RE21,0.01,840,15,False
RE21,0.01,841,16,False
RE21,0.01,842,16,False
RE21,0.01,843,14,False
RE21,0.01,844,13,False
RE21,0.01,845,15,False
RE21,0.01,846,14,False
RE21,0.01,847,15,False
RE21,0.01,848,15,False
RE21,0.01,849,14,False
RE21,0.01,850,18,False
RE21,0.01,851,16,False
RE21,0.01,852,14,False
RE21,0.01,853,17,False
RE21,0.01,854,13,False
RE21,0.01,855,15,False
RE21,0.01,856,14,False
RE21,0.01,857,15,False
RE21,0.01,858,15,False
RE21,0.01,859,15,False
RE21,0.01,860,15,False
RE21,0.01,861,15,False
RE21,0.01,862,15,False
RE21,0.01,863,15,False
RE21,0.01,864,15,False
RE21,0.01,865,15,False
RE21,0.01,866,14,False
RE21,0.01,867,16,False
RE21,0.01,868,15,False
RE21,0.01,869,15,False
RE21,0.01,870,15,False
RE21,0.01,871,16,False
RE21,0.01,872,15,False
RE21,0.01,873,15,False
RE21,0.01,874,15,False
RE21,0.01,875,14,False
RE21,0.01,876,14,False
RE21,0.01,877,15,False
RE21,0.01,878,16,False
RE21,0.01,879,16,False
RE21,0.01,880,14,False
RE21,0.01,881,16,False
RE21,0.01,882,16,False
RE21,0.01,883,14,False
RE21,0.01,884,16,False
RE21,0.01,885,15,False
RE21,0.01,886,15,False
RE21,0.01,887,16,False
RE21,0.01,888,14,False
RE21,0.01,889,13,False
RE21,0.01,890,14,False
RE21,0.01,891,15,False
RE21,0.01,892,14,False
RE21,0.01,893,17,False
RE21,0.01,894,15,False
RE21,0.01,895,15,False
RE21,0.01,896,16,False
RE21,0.01,897,15,False
RE21,0.01,898,13,False
RE21,0.01,899,14,False
RE21,0.01,900,15,False
RE21,0.01,901,15,False
RE21,0.01,902,15,False
RE21,0.01,903,13,False
RE21,0.01,904,17,False
RE21,0.01,905,14,False
RE21,0.01,906,16,False
RE21,0.01,907,14,False
RE21,0.01,908,15,False
RE21,0.01,909,17,False
RE21,0.01,910,16,False
RE21,0.01,911,15,False
RE21,0.01,912,16,False
RE21,0.01,913,15,False
RE21,0.01,914,15,False
RE21,0.01,915,14,False
RE21,0.01,916,14,False
RE21,0.01,917,14,False
RE21,0.01,918,16,False
RE21,0.01,919,15,False
RE21,0.01,920,15,False
RE21,0.01,921,14,False
RE21,0.01,922,14,False
RE21,0.01,923,14,False
RE21,0.01,924,13,False
RE21,0.01,925,17,False
RE21,0.01,926,15,False
RE21,0.01,927,14,False
RE21,0.01,928,15,False
RE21,0.01,929,16,False
RE21,0.01,930,15,False
RE21,0.01,931,16,False
RE21,0.01,932,15,False
RE21,0.01,933,15,False
RE21,0.01,934,16,False
RE21,0.01,935,14,False
RE21,0.01,936,14,False
RE21,0.01,937,14,False
RE21,0.01,938,14,False
RE21,0.01,939,14,False
RE21,0.01,940,16,False
RE21,0.01,941,15,False
RE21,0.01,942,14,False
RE21,0.01,943,14,False
RE21,0.01,944,15,False
RE21,0.01,945,14,False
RE21,0.01,946,14,False
RE21,0.01,947,15,False
RE21,0.01,948,16,False
RE21,0.01,949,14,False
RE21,0.01,950,17,False
RE21,0.01,951,14,False
RE21,0.01,952,17,False
RE21,0.01,953,15,False
RE21,0.01,954,17,False
RE21,0.01,955,16,False
RE21,0.01,956,14,False
RE21,0.01,957,15,False
RE21,0.01,958,15,False
RE21,0.01,959,14,False
RE21,0.01,960,14,False
RE21,0.01,961,15,False
RE21,0.01,962,14,False
RE21,0.01,963,14,False
RE21,0.01,964,15,False
RE21,0.01,965,15,False
RE21,0.01,966,16,False
RE21,0.01,967,15,False
RE21,0.01,968,15,False
RE21,0.01,969,15,False
RE21,0.01,970,14,False
RE21,0.01,971,15,False
RE21,0.01,972,15,False
RE21,0.01,973,15,False
RE21,0.01,974,15,False
RE21,0.01,975,15,False
RE21,0.01,976,15,False
RE21,0.01,977,15,False
RE21,0.01,978,13,False
RE21,0.01,979,14,False
RE21,0.01,980,16,False
RE21,0.01,981,14,False
RE21,0.01,982,15,False
RE21,0.01,983,14,False
RE21,0.01,984,16,False
RE21,0.01,985,14,False
RE21,0.01,986,17,False
RE21,0.01,987,14,False
RE21,0.01,988,14,False
RE21,0.01,989,15,False
RE21,0.01,990,15,False
RE21,0.01,991,14,False
RE21,0.01,992,17,False
RE21,0.01,993,15,False
RE21,0.01,994,15,False
RE21,0.01,995,15,False
RE21,0.01,996,16,False
RE21,0.01,997,16,False
RE21,0.01,998,12,False
RE21,0.01,999,14,False
RE21,0.05,0,13,False
RE21,0.05,1,13,False
RE21,0.05,2,12,False
RE21,0.05,3,14,False
RE21,0.05,4,17,False
RE21,0.05,5,12,False
RE21,0.05,6,12,False
RE21,0.05,7,14,False
RE21,0.05,8,10,False
RE21,0.05,9,11,False
RE21,0.05,10,13,False
RE21,0.05,11,14,False
RE21,0.05,12,16,False
RE21,0.05,13,14,False
RE21,0.05,14,13,False
RE21,0.05,15,15,False
RE21,0.05,16,15,False
RE21,0.05,17,16,False
RE21,0.05,18,14,False
RE21,0.05,19,12,False
RE21,0.05,20,12,False
RE21,0.05,21,10,False
RE21,0.05,22,15,False
RE21,0.05,23,15,False
RE21,0.05,24,12,False
RE21,0.05,25,16,False
RE21,0.05,26,17,False
RE21,0.05,27,15,False
RE21,0.05,28,14,False
RE21,0.05,29,14,False
RE21,0.05,30,12,False
RE21,0.05,31,10,False
RE21,0.05,32,10,False
RE21,0.05,33,16,False
RE21,0.05,34,14,False
RE21,0.05,35,14,False
RE21,0.05,36,13,False
RE21,0.05,37,18,False
RE21,0.05,38,14,False
RE21,0.05,39,14,False
RE21,0.05,40,15,False
RE21,0.05,41,12,False
RE21,0.05,42,13,False
RE21,0.05,43,14,False
RE21,0.05,44,19,False
RE21,0.05,45,13,False
RE21,0.05,46,12,False
RE21,0.05,47,18,False
RE21,0.05,48,14,False
RE21,0.05,49,17,False
RE21,0.05,50,14,False
RE21,0.05,51,15,False
RE21,0.05,52,13,False
RE21,0.05,53,14,False
RE21,0.05,54,10,False
RE21,0.05,55,14,False
RE21,0.05,56,14,False
RE21,0.05,57,14,False
RE21,0.05,58,15,False
RE21,0.05,59,15,False
RE21,0.05,60,12,False
RE21,0.05,61,14,False
RE21,0.05,62,11,False
RE21,0.05,63,13,False
RE21,0.05,64,11,False
RE21,0.05,65,11,False
RE21,0.05,66,15,False
RE21,0.05,67,8,False
RE21,0.05,68,14,False
RE21,0.05,69,14,False
RE21,0.05,70,12,False
RE21,0.05,71,12,False
RE21,0.05,72,14,False
RE21,0.05,73,15,False
RE21,0.05,74,10,False
RE21,0.05,75,14,False
RE21,0.05,76,10,False
RE21,0.05,77,14,False
RE21,0.05,78,19,False
RE21,0.05,79,13,False
RE21,0.05,80,13,False
RE21,0.05,81,14,False
RE21,0.05,82,12,False
RE21,0.05,83,14,False
RE21,0.05,84,15,False
RE21,0.05,85,13,False
RE21,0.05,86,14,False
RE21,0.05,87,14,False
RE21,0.05,88,13,False
RE21,0.05,89,18,False
RE21,0.05,90,17,False
RE21,0.05,91,12,False
RE21,0.05,92,12,False
RE21,0.05,93,14,False
RE21,0.05,94,14,False
RE21,0.05,95,15,False
RE21,0.05,96,13,False
RE21,0.05,97,12,False
RE21,0.05,98,12,False
RE21,0.05,99,16,False
RE21,0.05,100,10,False
RE21,0.05,101,18,False
RE21,0.05,102,14,False
RE21,0.05,103,12,False
RE21,0.05,104,16,False
RE21,0.05,105,15,False
RE21,0.05,106,12,False
RE21,0.05,107,14,False
RE21,0.05,108,13,False
RE21,0.05,109,12,False
RE21,0.05,110,10,False
RE21,0.05,111,13,False
RE21,0.05,112,13,False
RE21,0.05,113,17,False
RE21,0.05,114,10,False
RE21,0.05,115,16,False
RE21,0.05,116,14,False
RE21,0.05,117,17,False
RE21,0.05,118,12,False
RE21,0.05,119,16,False
RE21,0.05,120,18,False
RE21,0.05,121,13,False
RE21,0.05,122,16,False
RE21,0.05,123,15,False
RE21,0.05,124,14,False
RE21,0.05,125,13,False
RE21,0.05,126,12,False
RE21,0.05,127,16,False
RE21,0.05,128,16,False
RE21,0.05,129,15,False
RE21,0.05,130,9,False
RE21,0.05,131,17,False
RE21,0.05,132,11,False
RE21,0.05,133,13,False
RE21,0.05,134,10,False
RE21,0.05,135,13,False
RE21,0.05,136,15,False
RE21,0.05,137,14,False
RE21,0.05,138,17,False
RE21,0.05,139,17,False
RE21,0.05,140,11,False
RE21,0.05,141,18,False
RE21,0.05,142,11,False
RE21,0.05,143,12,False
RE21,0.05,144,12,False
RE21,0.05,145,12,False
RE21,0.05,146,15,False
RE21,0.05,147,14,False
RE21,0.05,148,13,False
RE21,0.05,149,14,False
RE21,0.05,150,14,False
RE21,0.05,151,16,False
RE21,0.05,152,15,False
RE21,0.05,153,15,False
RE21,0.05,154,11,False
RE21,0.05,155,13,False
RE21,0.05,156,10,False
RE21,0.05,157,12,False
RE21,0.05,158,17,False
RE21,0.05,159,19,False
RE21,0.05,160,11,False
RE21,0.05,161,17,False
RE21,0.05,162,17,False
RE21,0.05,163,14,False
RE21,0.05,164,16,False
RE21,0.05,165,17,False
RE21,0.05,166,16,False
RE21,0.05,167,16,False
RE21,0.05,168,15,False
RE21,0.05,169,13,False
RE21,0.05,170,15,False
RE21,0.05,171,15,False
RE21,0.05,172,16,False
RE21,0.05,173,13,False
RE21,0.05,174,12,False
RE21,0.05,175,17,False
RE21,0.05,176,11,False
RE21,0.05,177,13,False
RE21,0.05,178,17,False
RE21,0.05,179,15,False
RE21,0.05,180,11,False
RE21,0.05,181,12,False
RE21,0.05,182,12,False
RE21,0.05,183,18,False
RE21,0.05,184,15,False
RE21,0.05,185,15,False
RE21,0.05,186,14,False
RE21,0.05,187,14,False
RE21,0.05,188,11,False
RE21,0.05,189,13,False
RE21,0.05,190,15,False
RE21,0.05,191,15,False
RE21,0.05,192,13,False
RE21,0.05,193,15,False
RE21,0.05,194,11,False
RE21,0.05,195,17,False
RE21,0.05,196,14,False
RE21,0.05,197,17,False
RE21,0.05,198,15,False
RE21,0.05,199,13,False
RE21,0.05,200,15,False
RE21,0.05,201,17,False
RE21,0.05,202,16,False
RE21,0.05,203,18,False
RE21,0.05,204,12,False
RE21,0.05,205,10,False
RE21,0.05,206,11,False
RE21,0.05,207,15,False
RE21,0.05,208,14,False
RE21,0.05,209,16,False
RE21,0.05,210,12,False
RE21,0.05,211,14,False
RE21,0.05,212,14,False
RE21,0.05,213,13,False
RE21,0.05,214,11,False
RE21,0.05,215,13,False
RE21,0.05,216,16,False
RE21,0.05,217,12,False
RE21,0.05,218,14,False
RE21,0.05,219,14,False
RE21,0.05,220,16,False
RE21,0.05,221,13,False
RE21,0.05,222,14,False
RE21,0.05,223,13,False
RE21,0.05,224,16,False
RE21,0.05,225,16,False
RE21,0.05,226,15,False
RE21,0.05,227,16,False
RE21,0.05,228,16,False
RE21,0.05,229,14,False
RE21,0.05,230,15,False
RE21,0.05,231,13,False
RE21,0.05,232,13,False
RE21,0.05,233,19,False
RE21,0.05,234,15,False
RE21,0.05,235,12,False
RE21,0.05,236,15,False
RE21,0.05,237,16,False
RE21,0.05,238,11,False
RE21,0.05,239,15,False
RE21,0.05,240,16,False
RE21,0.05,241,12,False
RE21,0.05,242,16,False
RE21,0.05,243,15,False
RE21,0.05,244,15,False
RE21,0.05,245,14,False
RE21,0.05,246,16,False
RE21,0.05,247,12,False
RE21,0.05,248,10,False
RE21,0.05,249,15,False
RE21,0.05,250,12,False
RE21,0.05,251,11,False
RE21,0.05,252,10,False
RE21,0.05,253,13,False
RE21,0.05,254,12,False
RE21,0.05,255,16,False
RE21,0.05,256,16,False
RE21,0.05,257,12,False
RE21,0.05,258,12,False
RE21,0.05,259,15,False
RE21,0.05,260,13,False
RE21,0.05,261,15,False
RE21,0.05,262,15,False
RE21,0.05,263,18,False
RE21,0.05,264,12,False
RE21,0.05,265,12,False
RE21,0.05,266,16,False
RE21,0.05,267,13,False
RE21,0.05,268,12,False
RE21,0.05,269,11,False
RE21,0.05,270,12,False
RE21,0.05,271,18,False
RE21,0.05,272,12,False
RE21,0.05,273,14,False
RE21,0.05,274,13,False
RE21,0.05,275,13,False
RE21,0.05,276,10,False
RE21,0.05,277,12,False
RE21,0.05,278,11,False
RE21,0.05,279,15,False
RE21,0.05,280,10,False
RE21,0.05,281,13,False
RE21,0.05,282,16,False
RE21,0.05,283,13,False
RE21,0.05,284,13,False
RE21,0.05,285,12,False
RE21,0.05,286,12,False
RE21,0.05,287,18,False
RE21,0.05,288,14,False
RE21,0.05,289,16,False
RE21,0.05,290,12,False
RE21,0.05,291,15,False
RE21,0.05,292,14,False
RE21,0.05,293,13,False
RE21,0.05,294,13,False
RE21,0.05,295,15,False
RE21,0.05,296,11,False
RE21,0.05,297,16,False
RE21,0.05,298,13,False
RE21,0.05,299,13,False
RE21,0.05,300,12,False
RE21,0.05,301,14,False
RE21,0.05,302,14,False
RE21,0.05,303,15,False
RE21,0.05,304,15,False
RE21,0.05,305,15,False
RE21,0.05,306,13,False
RE21,0.05,307,15,False
RE21,0.05,308,12,False
RE21,0.05,309,11,False
RE21,0.05,310,12,False
RE21,0.05,311,12,False
RE21,0.05,312,12,False
RE21,0.05,313,15,False
RE21,0.05,314,17,False
RE21,0.05,315,12,False
RE21,0.05,316,17,False
RE21,0.05,317,14,False
RE21,0.05,318,15,False
RE21,0.05,319,15,False
RE21,0.05,320,19,False
RE21,0.05,321,15,False
RE21,0.05,322,12,False
RE21,0.05,323,13,False
RE21,0.05,324,11,False
RE21,0.05,325,15,False
RE21,0.05,326,14,False
RE21,0.05,327,13,False
RE21,0.05,328,13,False
RE21,0.05,329,13,False
RE21,0.05,330,13,False
RE21,0.05,331,15,False
RE21,0.05,332,16,False
RE21,0.05,333,19,False
RE21,0.05,334,12,False
RE21,0.05,335,13,False
RE21,0.05,336,18,False
RE21,0.05,337,10,False
RE21,0.05,338,18,False
RE21,0.05,339,13,False
RE21,0.05,340,16,False
RE21,0.05,341,17,False
RE21,0.05,342,17,False
RE21,0.05,343,12,False
RE21,0.05,344,13,False
RE21,0.05,345,14,False
RE21,0.05,346,13,False
RE21,0.05,347,12,False
RE21,0.05,348,13,False
RE21,0.05,349,17,False
RE21,0.05,350,13,False
RE21,0.05,351,15,False
RE21,0.05,352,17,False
RE21,0.05,353,12,False
RE21,0.05,354,14,False
RE21,0.05,355,13,False
RE21,0.05,356,14,False
RE21,0.05,357,13,False
RE21,0.05,358,14,False
RE21,0.05,359,15,False
RE21,0.05,360,12,False
RE21,0.05,361,10,False
RE21,0.05,362,14,False
RE21,0.05,363,14,False
RE21,0.05,364,16,False
RE21,0.05,365,11,False
RE21,0.05,366,11,False
RE21,0.05,367,12,False
RE21,0.05,368,11,False
RE21,0.05,369,16,False
RE21,0.05,370,15,False
RE21,0.05,371,11,False
RE21,0.05,372,15,False
RE21,0.05,373,12,False
RE21,0.05,374,11,False
RE21,0.05,375,17,False
RE21,0.05,376,12,False
RE21,0.05,377,16,False
RE21,0.05,378,17,False
RE21,0.05,379,15,False
RE21,0.05,380,15,False
RE21,0.05,381,16,False
RE21,0.05,382,14,False
RE21,0.05,383,12,False
RE21,0.05,384,12,False
RE21,0.05,385,13,False
RE21,0.05,386,11,False
RE21,0.05,387,14,False
RE21,0.05,388,15,False
RE21,0.05,389,13,False
RE21,0.05,390,13,False
RE21,0.05,391,15,False
RE21,0.05,392,13,False
RE21,0.05,393,13,False
RE21,0.05,394,15,False
RE21,0.05,395,13,False
RE21,0.05,396,18,False
RE21,0.05,397,14,False
RE21,0.05,398,14,False
RE21,0.05,399,14,False
RE21,0.05,400,9,False
RE21,0.05,401,14,False
RE21,0.05,402,17,False
RE21,0.05,403,13,False
RE21,0.05,404,16,False
RE21,0.05,405,17,False
RE21,0.05,406,17,False
RE21,0.05,407,18,False
RE21,0.05,408,13,False
RE21,0.05,409,11,False
RE21,0.05,410,12,False
RE21,0.05,411,15,False
RE21,0.05,412,14,False
RE21,0.05,413,15,False
RE21,0.05,414,17,False
RE21,0.05,415,16,False
RE21,0.05,416,14,False
RE21,0.05,417,11,False
RE21,0.05,418,16,False
RE21,0.05,419,12,False
RE21,0.05,420,13,False
RE21,0.05,421,12,False
RE21,0.05,422,13,False
RE21,0.05,423,15,False
RE21,0.05,424,12,False
RE21,0.05,425,15,False
RE21,0.05,426,17,False
RE21,0.05,427,16,False
RE21,0.05,428,12,False
RE21,0.05,429,14,False
RE21,0.05,430,14,False
RE21,0.05,431,15,False
RE21,0.05,432,14,False
RE21,0.05,433,15,False
RE21,0.05,434,12,False
RE21,0.05,435,12,False
RE21,0.05,436,12,False
RE21,0.05,437,13,False
RE21,0.05,438,14,False
RE21,0.05,439,9,False
RE21,0.05,440,14,False
RE21,0.05,441,13,False
RE21,0.05,442,14,False
RE21,0.05,443,12,False
RE21,0.05,444,15,False
RE21,0.05,445,13,False
RE21,0.05,446,15,False
RE21,0.05,447,11,False
RE21,0.05,448,14,False
RE21,0.05,449,14,False
RE21,0.05,450,16,False
RE21,0.05,451,18,False
RE21,0.05,452,16,False
RE21,0.05,453,16,False
RE21,0.05,454,13,False
RE21,0.05,455,14,False
RE21,0.05,456,13,False
RE21,0.05,457,12,False
RE21,0.05,458,14,False
RE21,0.05,459,13,False
RE21,0.05,460,11,False
RE21,0.05,461,14,False
RE21,0.05,462,15,False
RE21,0.05,463,14,False
RE21,0.05,464,18,False
RE21,0.05,465,15,False
RE21,0.05,466,13,False
RE21,0.05,467,11,False
RE21,0.05,468,16,False
RE21,0.05,469,13,False
RE21,0.05,470,15,False
RE21,0.05,471,9,False
RE21,0.05,472,11,False
RE21,0.05,473,10,False
RE21,0.05,474,15,False
RE21,0.05,475,11,False
RE21,0.05,476,13,False
RE21,0.05,477,14,False
RE21,0.05,478,13,False
RE21,0.05,479,13,False
RE21,0.05,480,11,False
RE21,0.05,481,11,False
RE21,0.05,482,17,False
RE21,0.05,483,13,False
RE21,0.05,484,15,False
RE21,0.05,485,14,False
RE21,0.05,486,15,False
RE21,0.05,487,15,False
RE21,0.05,488,15,False
RE21,0.05,489,14,False
RE21,0.05,490,13,False
RE21,0.05,491,11,False
RE21,0.05,492,14,False
RE21,0.05,493,15,False
RE21,0.05,494,14,False
RE21,0.05,495,12,False
RE21,0.05,496,11,False
RE21,0.05,497,11,False
RE21,0.05,498,13,False
RE21,0.05,499,12,False
RE21,0.05,500,14,False
RE21,0.05,501,16,False
RE21,0.05,502,14,False
RE21,0.05,503,15,False
RE21,0.05,504,14,False
RE21,0.05,505,11,False
RE21,0.05,506,14,False
RE21,0.05,507,10,False
RE21,0.05,508,15,False
RE21,0.05,509,17,False
RE21,0.05,510,14,False
RE21,0.05,511,14,False
RE21,0.05,512,11,False
RE21,0.05,513,16,False
RE21,0.05,514,16,False
RE21,0.05,515,13,False
RE21,0.05,516,15,False
RE21,0.05,517,11,False
RE21,0.05,518,15,False
RE21,0.05,519,17,False
RE21,0.05,520,17,False
RE21,0.05,521,13,False
RE21,0.05,522,15,False
RE21,0.05,523,17,False
RE21,0.05,524,12,False
RE21,0.05,525,14,False
RE21,0.05,526,11,False
RE21,0.05,527,13,False
RE21,0.05,528,17,False
RE21,0.05,529,17,False
RE21,0.05,530,15,False
RE21,0.05,531,12,False
RE21,0.05,532,13,False
RE21,0.05,533,14,False
RE21,0.05,534,11,False
RE21,0.05,535,15,False
RE21,0.05,536,16,False
RE21,0.05,537,12,False
RE21,0.05,538,15,False
RE21,0.05,539,16,False
RE21,0.05,540,16,False
RE21,0.05,541,14,False
RE21,0.05,542,15,False
RE21,0.05,543,15,False
RE21,0.05,544,15,False
RE21,0.05,545,12,False
RE21,0.05,546,14,False
RE21,0.05,547,16,False
RE21,0.05,548,17,False
RE21,0.05,549,16,False
RE21,0.05,550,18,False
RE21,0.05,551,15,False
RE21,0.05,552,12,False
RE21,0.05,553,16,False
RE21,0.05,554,11,False
RE21,0.05,555,14,False
RE21,0.05,556,15,False
RE21,0.05,557,16,False
RE21,0.05,558,16,False
RE21,0.05,559,13,False
RE21,0.05,560,14,False
RE21,0.05,561,10,False
RE21,0.05,562,13,False
RE21,0.05,563,14,False
RE21,0.05,564,15,False
RE21,0.05,565,13,False
RE21,0.05,566,11,False
RE21,0.05,567,14,False
RE21,0.05,568,15,False
RE21,0.05,569,19,False
RE21,0.05,570,19,False
RE21,0.05,571,12,False
RE21,0.05,572,15,False
RE21,0.05,573,14,False
RE21,0.05,574,16,False
RE21,0.05,575,10,False
RE21,0.05,576,16,False
RE21,0.05,577,15,False
RE21,0.05,578,16,False
RE21,0.05,579,12,False
RE21,0.05,580,17,False
RE21,0.05,581,17,False
RE21,0.05,582,14,False
RE21,0.05,583,18,False
RE21,0.05,584,13,False
RE21,0.05,585,12,False
RE21,0.05,586,15,False
RE21,0.05,587,14,False
RE21,0.05,588,14,False
RE21,0.05,589,13,False
RE21,0.05,590,10,False
RE21,0.05,591,13,False
RE21,0.05,592,10,False
RE21,0.05,593,11,False
RE21,0.05,594,13,False
RE21,0.05,595,14,False
RE21,0.05,596,13,False
RE21,0.05,597,14,False
RE21,0.05,598,11,False
RE21,0.05,599,13,False
RE21,0.05,600,12,False
RE21,0.05,601,17,False
RE21,0.05,602,13,False
RE21,0.05,603,15,False
RE21,0.05,604,13,False
RE21,0.05,605,11,False
RE21,0.05,606,15,False
RE21,0.05,607,15,False
RE21,0.05,608,12,False
RE21,0.05,609,12,False
RE21,0.05,610,20,False
RE21,0.05,611,12,False
RE21,0.05,612,12,False
RE21,0.05,613,13,False
RE21,0.05,614,11,False
RE21,0.05,615,13,False
RE21,0.05,616,11,False
RE21,0.05,617,16,False
RE21,0.05,618,16,False
RE21,0.05,619,15,False
RE21,0.05,620,15,False
RE21,0.05,621,17,False
RE21,0.05,622,11,False
RE21,0.05,623,16,False
RE21,0.05,624,13,False
RE21,0.05,625,13,False
RE21,0.05,626,16,False
RE21,0.05,627,12,False
RE21,0.05,628,15,False
RE21,0.05,629,12,False
RE21,0.05,630,13,False
RE21,0.05,631,14,False
RE21,0.05,632,15,False
RE21,0.05,633,17,False
RE21,0.05,634,17,False
RE21,0.05,635,15,False
RE21,0.05,636,12,False
RE21,0.05,637,11,False
RE21,0.05,638,17,False
RE21,0.05,639,14,False
RE21,0.05,640,10,False
RE21,0.05,641,11,False
RE21,0.05,642,19,False
RE21,0.05,643,10,False
RE21,0.05,644,16,False
RE21,0.05,645,16,False
RE21,0.05,646,14,False
RE21,0.05,647,13,False
RE21,0.05,648,12,False
RE21,0.05,649,12,False
RE21,0.05,650,9,False
RE21,0.05,651,15,False
RE21,0.05,652,12,False
RE21,0.05,653,11,False
RE21,0.05,654,12,False
RE21,0.05,655,11,False
RE21,0.05,656,12,False
RE21,0.05,657,14,False
RE21,0.05,658,13,False
RE21,0.05,659,14,False
RE21,0.05,660,15,False
RE21,0.05,661,11,False
RE21,0.05,662,15,False
RE21,0.05,663,14,False
RE21,0.05,664,13,False
RE21,0.05,665,15,False
RE21,0.05,666,17,False
RE21,0.05,667,17,False
RE21,0.05,668,11,False
RE21,0.05,669,15,False
RE21,0.05,670,9,False
RE21,0.05,671,11,False
RE21,0.05,672,16,False
RE21,0.05,673,13,False
RE21,0.05,674,12,False
RE21,0.05,675,20,False
RE21,0.05,676,16,False
RE21,0.05,677,15,False
RE21,0.05,678,19,False
RE21,0.05,679,14,False
RE21,0.05,680,16,False
RE21,0.05,681,13,False
RE21,0.05,682,16,False
RE21,0.05,683,14,False
RE21,0.05,684,15,False
RE21,0.05,685,13,False
RE21,0.05,686,15,False
RE21,0.05,687,16,False
RE21,0.05,688,14,False
RE21,0.05,689,15,False
RE21,0.05,690,12,False
RE21,0.05,691,14,False
RE21,0.05,692,9,False
RE21,0.05,693,16,False
RE21,0.05,694,15,False
RE21,0.05,695,15,False
RE21,0.05,696,18,False
RE21,0.05,697,16,False
RE21,0.05,698,16,False
RE21,0.05,699,12,False
RE21,0.05,700,19,False
RE21,0.05,701,11,False
RE21,0.05,702,14,False
RE21,0.05,703,12,False
RE21,0.05,704,12,False
RE21,0.05,705,15,False
RE21,0.05,706,13,False
RE21,0.05,707,15,False
RE21,0.05,708,15,False
RE21,0.05,709,13,False
RE21,0.05,710,11,False
RE21,0.05,711,14,False
RE21,0.05,712,18,False
RE21,0.05,713,18,False
RE21,0.05,714,13,False
RE21,0.05,715,14,False
RE21,0.05,716,14,False
RE21,0.05,717,13,False
RE21,0.05,718,13,False
RE21,0.05,719,13,False
RE21,0.05,720,14,False
RE21,0.05,721,17,False
RE21,0.05,722,15,False
RE21,0.05,723,16,False
RE21,0.05,724,11,False
RE21,0.05,725,12,False
RE21,0.05,726,13,False
RE21,0.05,727,12,False
RE21,0.05,728,14,False
RE21,0.05,729,16,False
RE21,0.05,730,12,False
RE21,0.05,731,14,False
RE21,0.05,732,15,False
RE21,0.05,733,14,False
RE21,0.05,734,13,False
RE21,0.05,735,12,False
RE21,0.05,736,14,False
RE21,0.05,737,14,False
RE21,0.05,738,14,False
RE21,0.05,739,14,False
RE21,0.05,740,17,False
RE21,0.05,741,13,False
RE21,0.05,742,13,False
RE21,0.05,743,13,False
RE21,0.05,744,14,False
RE21,0.05,745,16,False
RE21,0.05,746,16,False
RE21,0.05,747,13,False
RE21,0.05,748,13,False
RE21,0.05,749,13,False
RE21,0.05,750,10,False
RE21,0.05,751,14,False
RE21,0.05,752,11,False
RE21,0.05,753,16,False
RE21,0.05,754,12,False
RE21,0.05,755,11,False
RE21,0.05,756,15,False
RE21,0.05,757,15,False
RE21,0.05,758,12,False
RE21,0.05,759,13,False
RE21,0.05,760,13,False
RE21,0.05,761,16,False
RE21,0.05,762,12,False
RE21,0.05,763,12,False
RE21,0.05,764,12,False
RE21,0.05,765,12,False
RE21,0.05,766,10,False
RE21,0.05,767,12,False
RE21,0.05,768,10,False
RE21,0.05,769,12,False
RE21,0.05,770,13,False
RE21,0.05,771,17,False
RE21,0.05,772,15,False
RE21,0.05,773,16,False
RE21,0.05,774,13,False
RE21,0.05,775,11,False
RE21,0.05,776,17,False
RE21,0.05,777,16,False
RE21,0.05,778,14,False
RE21,0.05,779,13,False
RE21,0.05,780,13,False
RE21,0.05,781,15,False
RE21,0.05,782,12,False
RE21,0.05,783,12,False
RE21,0.05,784,13,False
RE21,0.05,785,15,False
RE21,0.05,786,14,False
RE21,0.05,787,14,False
RE21,0.05,788,13,False
RE21,0.05,789,12,False
RE21,0.05,790,15,False
RE21,0.05,791,14,False
RE21,0.05,792,14,False
RE21,0.05,793,17,False
RE21,0.05,794,12,False
RE21,0.05,795,11,False
RE21,0.05,796,13,False
RE21,0.05,797,15,False
RE21,0.05,798,14,False
RE21,0.05,799,16,False
RE21,0.05,800,17,False
RE21,0.05,801,12,False
RE21,0.05,802,16,False
RE21,0.05,803,14,False
RE21,0.05,804,14,False
RE21,0.05,805,16,False
RE21,0.05,806,14,False
RE21,0.05,807,12,False
RE21,0.05,808,13,False
RE21,0.05,809,13,False
RE21,0.05,810,11,False
RE21,0.05,811,12,False
RE21,0.05,812,12,False
RE21,0.05,813,16,False
RE21,0.05,814,11,False
RE21,0.05,815,13,False
RE21,0.05,816,13,False
RE21,0.05,817,14,False
RE21,0.05,818,15,False
RE21,0.05,819,13,False
RE21,0.05,820,13,False
RE21,0.05,821,18,False
RE21,0.05,822,11,False
RE21,0.05,823,13,False
RE21,0.05,824,18,False
RE21,0.05,825,16,False
RE21,0.05,826,15,False
RE21,0.05,827,12,False
RE21,0.05,828,13,False
RE21,0.05,829,12,False
RE21,0.05,830,15,False
RE21,0.05,831,11,False
RE21,0.05,832,12,False
RE21,0.05,833,14,False
RE21,0.05,834,15,False
RE21,0.05,835,11,False
RE21,0.05,836,15,False
RE21,0.05,837,14,False
RE21,0.05,838,15,False
RE21,0.05,839,14,False
RE21,0.05,840,10,False
RE21,0.05,841,14,False
RE21,0.05,842,12,False
RE21,0.05,843,13,False
RE21,0.05,844,15,False
RE21,0.05,845,14,False
RE21,0.05,846,13,False
RE21,0.05,847,12,False
RE21,0.05,848,13,False
RE21,0.05,849,11,False
RE21,0.05,850,14,False
RE21,0.05,851,15,False
RE21,0.05,852,13,False
RE21,0.05,853,13,False
RE21,0.05,854,11,False
RE21,0.05,855,16,False
RE21,0.05,856,13,False
RE21,0.05,857,14,False
RE21,0.05,858,12,False
RE21,0.05,859,17,False
RE21,0.05,860,13,False
RE21,0.05,861,15,False
RE21,0.05,862,19,False
RE21,0.05,863,10,False
RE21,0.05,864,14,False
RE21,0.05,865,11,False
RE21,0.05,866,14,False
RE21,0.05,867,12,False
RE21,0.05,868,17,False
RE21,0.05,869,13,False
RE21,0.05,870,14,False
RE21,0.05,871,17,False
RE21,0.05,872,12,False
RE21,0.05,873,18,False
RE21,0.05,874,14,False
RE21,0.05,875,11,False
RE21,0.05,876,13,False
RE21,0.05,877,12,False
RE21,0.05,878,18,False
RE21,0.05,879,12,False
RE21,0.05,880,19,False
RE21,0.05,881,13,False
RE21,0.05,882,13,False
RE21,0.05,883,14,False
RE21,0.05,884,13,False
RE21,0.05,885,15,False
RE21,0.05,886,17,False
RE21,0.05,887,12,False
RE21,0.05,888,13,False
RE21,0.05,889,14,False
RE21,0.05,890,15,False
RE21,0.05,891,14,False
RE21,0.05,892,18,False
RE21,0.05,893,11,False
RE21,0.05,894,16,False
RE21,0.05,895,14,False
RE21,0.05,896,18,False
RE21,0.05,897,13,False
RE21,0.05,898,18,False
RE21,0.05,899,12,False
RE21,0.05,900,16,False
RE21,0.05,901,14,False
RE21,0.05,902,16,False
RE21,0.05,903,18,False
RE21,0.05,904,12,False
RE21,0.05,905,15,False
RE21,0.05,906,16,False
RE21,0.05,907,16,False
RE21,0.05,908,11,False
RE21,0.05,909,13,False
RE21,0.05,910,16,False
RE21,0.05,911,11,False
RE21,0.05,912,10,False
RE21,0.05,913,13,False
RE21,0.05,914,14,False
RE21,0.05,915,13,False
RE21,0.05,916,17,False
RE21,0.05,917,12,False
RE21,0.05,918,12,False
RE21,0.05,919,14,False
RE21,0.05,920,12,False
RE21,0.05,921,12,False
RE21,0.05,922,11,False
RE21,0.05,923,16,False
RE21,0.05,924,14,False
RE21,0.05,925,15,False
RE21,0.05,926,16,False
RE21,0.05,927,14,False
RE21,0.05,928,14,False
RE21,0.05,929,14,False
RE21,0.05,930,13,False
RE21,0.05,931,12,False
RE21,0.05,932,15,False
RE21,0.05,933,16,False
RE21,0.05,934,12,False
RE21,0.05,935,12,False
RE21,0.05,936,13,False
RE21,0.05,937,14,False
RE21,0.05,938,16,False
RE21,0.05,939,13,False
RE21,0.05,940,13,False
RE21,0.05,941,15,False
RE21,0.05,942,11,False
RE21,0.05,943,17,False
RE21,0.05,944,13,False
RE21,0.05,945,13,False
RE21,0.05,946,14,False
RE21,0.05,947,15,False
RE21,0.05,948,14,False
RE21,0.05,949,12,False
RE21,0.05,950,16,False
RE21,0.05,951,15,False
RE21,0.05,952,13,False
RE21,0.05,953,8,False
RE21,0.05,954,15,False
RE21,0.05,955,13,False
RE21,0.05,956,17,False
RE21,0.05,957,12,False
RE21,0.05,958,18,False
RE21,0.05,959,12,False
RE21,0.05,960,16,False
RE21,0.05,961,14,False
RE21,0.05,962,11,False
RE21,0.05,963,13,False
RE21,0.05,964,10,False
RE21,0.05,965,14,False
RE21,0.05,966,11,False
RE21,0.05,967,13,False
RE21,0.05,968,11,False
RE21,0.05,969,15,False
RE21,0.05,970,12,False
RE21,0.05,971,16,False
RE21,0.05,972,11,False
RE21,0.05,973,15,False
RE21,0.05,974,13,False
RE21,0.05,975,12,False
RE21,0.05,976,13,False
RE21,0.05,977,15,False
RE21,0.05,978,13,False
RE21,0.05,979,16,False
RE21,0.05,980,14,False
RE21,0.05,981,13,False
RE21,0.05,982,18,False
RE21,0.05,983,14,False
RE21,0.05,984,13,False
RE21,0.05,985,11,False
RE21,0.05,986,17,False
RE21,0.05,987,15,False
RE21,0.05,988,14,False
RE21,0.05,989,14,False
RE21,0.05,990,14,False
RE21,0.05,991,15,False
RE21,0.05,992,14,False
RE21,0.05,993,17,False
RE21,0.05,994,12,False
RE21,0.05,995,13,False
RE21,0.05,996,15,False
RE21,0.05,997,18,False
RE21,0.05,998,16,False
RE21,0.05,999,12,False
RE21,0.1,0,15,False
RE21,0.1,1,13,False
RE21,0.1,2,12,False
RE21,0.1,3,11,False
RE21,0.1,4,11,False
RE21,0.1,5,13,False
RE21,0.1,6,11,False
RE21,0.1,7,18,False
RE21,0.1,8,12,False
RE21,0.1,9,12,False
RE21,0.1,10,12,False
RE21,0.1,11,11,False
RE21,0.1,12,12,False
RE21,0.1,13,13,False
RE21,0.1,14,14,False
RE21,0.1,15,17,False
RE21,0.1,16,8,False
RE21,0.1,17,16,False
RE21,0.1,18,13,False
RE21,0.1,19,14,False
RE21,0.1,20,8,False
RE21,0.1,21,10,False
RE21,0.1,22,10,False
RE21,0.1,23,9,False
RE21,0.1,24,10,False
RE21,0.1,25,13,False
RE21,0.1,26,14,False
RE21,0.1,27,12,False
RE21,0.1,28,8,False
RE21,0.1,29,14,False
RE21,0.1,30,14,False
RE21,0.1,31,10,False
RE21,0.1,32,9,False
RE21,0.1,33,11,False
RE21,0.1,34,12,False
RE21,0.1,35,16,False
RE21,0.1,36,11,False
RE21,0.1,37,9,False
RE21,0.1,38,8,False
RE21,0.1,39,12,False
RE21,0.1,40,8,False
RE21,0.1,41,14,False
RE21,0.1,42,12,False
RE21,0.1,43,9,False
RE21,0.1,44,13,False
RE21,0.1,45,9,False
RE21,0.1,46,13,False
RE21,0.1,47,19,False
RE21,0.1,48,11,False
RE21,0.1,49,13,False
RE21,0.1,50,14,False
RE21,0.1,51,10,False
RE21,0.1,52,10,False
RE21,0.1,53,12,False
RE21,0.1,54,13,False
RE21,0.1,55,10,False
RE21,0.1,56,14,False
RE21,0.1,57,14,False
RE21,0.1,58,9,False
RE21,0.1,59,12,False
RE21,0.1,60,17,False
RE21,0.1,61,12,False
RE21,0.1,62,11,False
RE21,0.1,63,10,False
RE21,0.1,64,11,False
RE21,0.1,65,9,False
RE21,0.1,66,14,False
RE21,0.1,67,10,False
RE21,0.1,68,10,False
RE21,0.1,69,14,False
RE21,0.1,70,10,False
RE21,0.1,71,12,False
RE21,0.1,72,10,False
RE21,0.1,73,10,False
RE21,0.1,74,11,False
RE21,0.1,75,9,False
RE21,0.1,76,12,False
RE21,0.1,77,13,False
RE21,0.1,78,12,False
RE21,0.1,79,10,False
RE21,0.1,80,11,False
RE21,0.1,81,14,False
RE21,0.1,82,8,False
RE21,0.1,83,13,False
RE21,0.1,84,14,False
RE21,0.1,85,8,False
RE21,0.1,86,10,False
RE21,0.1,87,7,False
RE21,0.1,88,12,False
RE21,0.1,89,7,False
RE21,0.1,90,11,False
RE21,0.1,91,11,False
RE21,0.1,92,12,False
RE21,0.1,93,15,False
RE21,0.1,94,12,False
RE21,0.1,95,11,False
RE21,0.1,96,12,False
RE21,0.1,97,11,False
RE21,0.1,98,15,False
RE21,0.1,99,12,False
RE21,0.1,100,15,False
RE21,0.1,101,10,False
RE21,0.1,102,16,False
RE21,0.1,103,10,False
RE21,0.1,104,14,False
RE21,0.1,105,11,False
RE21,0.1,106,10,False
RE21,0.1,107,12,False
RE21,0.1,108,10,False
RE21,0.1,109,14,False
RE21,0.1,110,13,False
RE21,0.1,111,13,False
RE21,0.1,112,8,False
RE21,0.1,113,12,False
RE21,0.1,114,12,False
RE21,0.1,115,14,False
RE21,0.1,116,15,False
RE21,0.1,117,12,False
RE21,0.1,118,14,False
RE21,0.1,119,14,False
RE21,0.1,120,16,False
RE21,0.1,121,12,False
RE21,0.1,122,11,False
RE21,0.1,123,13,False
RE21,0.1,124,13,False
RE21,0.1,125,12,False
RE21,0.1,126,8,False
RE21,0.1,127,14,False
RE21,0.1,128,14,False
RE21,0.1,129,10,False
RE21,0.1,130,11,False
RE21,0.1,131,12,False
RE21,0.1,132,13,False
RE21,0.1,133,11,False
RE21,0.1,134,13,False
RE21,0.1,135,9,False
RE21,0.1,136,14,False
RE21,0.1,137,10,False
RE21,0.1,138,14,False
RE21,0.1,139,14,False
RE21,0.1,140,12,False
RE21,0.1,141,18,False
RE21,0.1,142,11,False
RE21,0.1,143,12,False
RE21,0.1,144,11,False
RE21,0.1,145,13,False
RE21,0.1,146,8,False
RE21,0.1,147,9,False
RE21,0.1,148,13,False
RE21,0.1,149,15,False
RE21,0.1,150,12,False
RE21,0.1,151,13,False
RE21,0.1,152,13,False
RE21,0.1,153,11,False
RE21,0.1,154,12,False
RE21,0.1,155,11,False
RE21,0.1,156,13,False
RE21,0.1,157,14,False
RE21,0.1,158,9,False
RE21,0.1,159,11,False
RE21,0.1,160,14,False
RE21,0.1,161,13,False
RE21,0.1,162,15,False
RE21,0.1,163,9,False
RE21,0.1,164,13,False
RE21,0.1,165,10,False
RE21,0.1,166,12,False
RE21,0.1,167,12,False
RE21,0.1,168,13,False
RE21,0.1,169,9,False
RE21,0.1,170,10,False
RE21,0.1,171,12,False
RE21,0.1,172,8,False
RE21,0.1,173,12,False
RE21,0.1,174,17,False
RE21,0.1,175,9,False
RE21,0.1,176,11,False
RE21,0.1,177,11,False
RE21,0.1,178,7,False
RE21,0.1,179,11,False
RE21,0.1,180,12,False
RE21,0.1,181,10,False
RE21,0.1,182,12,False
RE21,0.1,183,10,False
RE21,0.1,184,14,False
RE21,0.1,185,15,False
RE21,0.1,186,8,False
RE21,0.1,187,17,False
RE21,0.1,188,11,False
RE21,0.1,189,12,False
RE21,0.1,190,9,False
RE21,0.1,191,12,False
RE21,0.1,192,13,False
RE21,0.1,193,15,False
RE21,0.1,194,15,False
RE21,0.1,195,10,False
RE21,0.1,196,12,False
RE21,0.1,197,13,False
RE21,0.1,198,10,False
RE21,0.1,199,10,False
RE21,0.1,200,12,False
RE21,0.1,201,11,False
RE21,0.1,202,15,False
RE21,0.1,203,11,False
RE21,0.1,204,10,False
RE21,0.1,205,12,False
RE21,0.1,206,15,False
RE21,0.1,207,12,False
RE21,0.1,208,9,False
RE21,0.1,209,16,False
RE21,0.1,210,14,False
RE21,0.1,211,14,False
RE21,0.1,212,12,False
RE21,0.1,213,9,False
RE21,0.1,214,10,False
RE21,0.1,215,12,False
RE21,0.1,216,12,False
RE21,0.1,217,12,False
RE21,0.1,218,13,False
RE21,0.1,219,9,False
RE21,0.1,220,14,False
RE21,0.1,221,12,False
RE21,0.1,222,19,False
RE21,0.1,223,10,False
RE21,0.1,224,11,False
RE21,0.1,225,9,False
RE21,0.1,226,11,False
RE21,0.1,227,14,False
RE21,0.1,228,10,False
RE21,0.1,229,15,False
RE21,0.1,230,13,False
RE21,0.1,231,13,False
RE21,0.1,232,11,False
RE21,0.1,233,15,False
RE21,0.1,234,9,False
RE21,0.1,235,12,False
RE21,0.1,236,11,False
RE21,0.1,237,15,False
RE21,0.1,238,11,False
RE21,0.1,239,13,False
RE21,0.1,240,6,False
RE21,0.1,241,9,False
RE21,0.1,242,15,False
RE21,0.1,243,14,False
RE21,0.1,244,11,False
RE21,0.1,245,17,False
RE21,0.1,246,11,False
RE21,0.1,247,16,False
RE21,0.1,248,15,False
RE21,0.1,249,11,False
RE21,0.1,250,12,False
RE21,0.1,251,10,False
RE21,0.1,252,13,False
RE21,0.1,253,10,False
RE21,0.1,254,14,False
RE21,0.1,255,11,False
RE21,0.1,256,12,False
RE21,0.1,257,14,False
RE21,0.1,258,13,False
RE21,0.1,259,10,False
RE21,0.1,260,12,False
RE21,0.1,261,12,False
RE21,0.1,262,11,False
RE21,0.1,263,12,False
RE21,0.1,264,9,False
RE21,0.1,265,10,False
RE21,0.1,266,12,False
RE21,0.1,267,8,False
RE21,0.1,268,9,False
RE21,0.1,269,7,False
RE21,0.1,270,11,False
RE21,0.1,271,7,False
RE21,0.1,272,11,False
RE21,0.1,273,10,False
RE21,0.1,274,11,False
RE21,0.1,275,14,False
RE21,0.1,276,13,False
RE21,0.1,277,10,False
RE21,0.1,278,16,False
RE21,0.1,279,11,False
RE21,0.1,280,10,False
RE21,0.1,281,10,False
RE21,0.1,282,12,False
RE21,0.1,283,7,False
RE21,0.1,284,11,False
RE21,0.1,285,11,False
RE21,0.1,286,14,False
RE21,0.1,287,10,False
RE21,0.1,288,17,False
RE21,0.1,289,9,False
RE21,0.1,290,16,False
RE21,0.1,291,10,False
RE21,0.1,292,13,False
RE21,0.1,293,15,False
RE21,0.1,294,14,False
RE21,0.1,295,11,False
RE21,0.1,296,14,False
RE21,0.1,297,11,False
RE21,0.1,298,11,False
RE21,0.1,299,10,False
RE21,0.1,300,8,False
RE21,0.1,301,13,False
RE21,0.1,302,12,False
RE21,0.1,303,9,False
RE21,0.1,304,12,False
RE21,0.1,305,13,False
RE21,0.1,306,11,False
RE21,0.1,307,13,False
RE21,0.1,308,12,False
RE21,0.1,309,9,False
RE21,0.1,310,13,False
RE21,0.1,311,15,False
RE21,0.1,312,11,False
RE21,0.1,313,10,False
RE21,0.1,314,12,False
RE21,0.1,315,10,False
RE21,0.1,316,13,False
RE21,0.1,317,8,False
RE21,0.1,318,14,False
RE21,0.1,319,16,False
RE21,0.1,320,11,False
RE21,0.1,321,10,False
RE21,0.1,322,16,False
RE21,0.1,323,12,False
RE21,0.1,324,12,False
RE21,0.1,325,12,False
RE21,0.1,326,7,False
RE21,0.1,327,10,False
RE21,0.1,328,11,False
RE21,0.1,329,16,False
RE21,0.1,330,16,False
RE21,0.1,331,7,False
RE21,0.1,332,16,False
RE21,0.1,333,10,False
RE21,0.1,334,11,False
RE21,0.1,335,13,False
RE21,0.1,336,14,False
RE21,0.1,337,11,False
RE21,0.1,338,10,False
RE21,0.1,339,11,False
RE21,0.1,340,12,False
RE21,0.1,341,9,False
RE21,0.1,342,12,False
RE21,0.1,343,9,False
RE21,0.1,344,14,False
RE21,0.1,345,12,False
RE21,0.1,346,9,False
RE21,0.1,347,12,False
RE21,0.1,348,7,False
RE21,0.1,349,7,False
RE21,0.1,350,13,False
RE21,0.1,351,12,False
RE21,0.1,352,10,False
RE21,0.1,353,11,False
RE21,0.1,354,10,False
RE21,0.1,355,15,False
RE21,0.1,356,11,False
RE21,0.1,357,10,False
RE21,0.1,358,8,False
RE21,0.1,359,10,False
RE21,0.1,360,12,False
RE21,0.1,361,10,False
RE21,0.1,362,8,False
RE21,0.1,363,11,False
RE21,0.1,364,11,False
RE21,0.1,365,10,False
RE21,0.1,366,13,False
RE21,0.1,367,11,False
RE21,0.1,368,9,False
RE21,0.1,369,15,False
RE21,0.1,370,11,False
RE21,0.1,371,8,False
RE21,0.1,372,11,False
RE21,0.1,373,14,False
RE21,0.1,374,12,False
RE21,0.1,375,18,False
RE21,0.1,376,8,False
RE21,0.1,377,10,False
RE21,0.1,378,11,False
RE21,0.1,379,11,False
RE21,0.1,380,10,False
RE21,0.1,381,10,False
RE21,0.1,382,14,False
RE21,0.1,383,7,False
RE21,0.1,384,10,False
RE21,0.1,385,9,False
RE21,0.1,386,11,False
RE21,0.1,387,9,False
RE21,0.1,388,11,False
RE21,0.1,389,10,False
RE21,0.1,390,10,False
RE21,0.1,391,9,False
RE21,0.1,392,11,False
RE21,0.1,393,11,False
RE21,0.1,394,11,False
RE21,0.1,395,9,False
RE21,0.1,396,12,False
RE21,0.1,397,16,False
RE21,0.1,398,12,False
RE21,0.1,399,11,False
RE21,0.1,400,12,False
RE21,0.1,401,8,False
RE21,0.1,402,13,False
RE21,0.1,403,14,False
RE21,0.1,404,11,False
RE21,0.1,405,12,False
RE21,0.1,406,9,False
RE21,0.1,407,13,False
RE21,0.1,408,9,False
RE21,0.1,409,10,False
RE21,0.1,410,13,False
RE21,0.1,411,12,False
RE21,0.1,412,13,False
RE21,0.1,413,8,False
RE21,0.1,414,11,False
RE21,0.1,415,10,False
RE21,0.1,416,15,False
RE21,0.1,417,12,False
RE21,0.1,418,10,False
RE21,0.1,419,14,False
RE21,0.1,420,7,False
RE21,0.1,421,15,False
RE21,0.1,422,14,False
RE21,0.1,423,13,False
RE21,0.1,424,13,False
RE21,0.1,425,14,False
RE21,0.1,426,12,False
RE21,0.1,427,8,False
RE21,0.1,428,11,False
RE21,0.1,429,11,False
RE21,0.1,430,11,False
RE21,0.1,431,13,False
RE21,0.1,432,12,False
RE21,0.1,433,15,False
RE21,0.1,434,12,False
RE21,0.1,435,10,False
RE21,0.1,436,13,False
RE21,0.1,437,11,False
RE21,0.1,438,7,False
RE21,0.1,439,8,False
RE21,0.1,440,9,False
RE21,0.1,441,10,False
RE21,0.1,442,11,False
RE21,0.1,443,16,False
RE21,0.1,444,11,False
RE21,0.1,445,12,False
RE21,0.1,446,9,False
RE21,0.1,447,13,False
RE21,0.1,448,10,False
RE21,0.1,449,12,False
RE21,0.1,450,14,False
RE21,0.1,451,13,False
RE21,0.1,452,10,False
RE21,0.1,453,12,False
RE21,0.1,454,14,False
RE21,0.1,455,15,False
RE21,0.1,456,10,False
RE21,0.1,457,12,False
RE21,0.1,458,12,False
RE21,0.1,459,10,False
RE21,0.1,460,12,False
RE21,0.1,461,11,False
RE21,0.1,462,15,False
RE21,0.1,463,12,False
RE21,0.1,464,16,False
RE21,0.1,465,14,False
RE21,0.1,466,14,False
RE21,0.1,467,9,False
RE21,0.1,468,7,False
RE21,0.1,469,10,False
RE21,0.1,470,8,False
RE21,0.1,471,12,False
RE21,0.1,472,8,False
RE21,0.1,473,12,False
RE21,0.1,474,7,False
RE21,0.1,475,15,False
RE21,0.1,476,9,False
RE21,0.1,477,11,False
RE21,0.1,478,11,False
RE21,0.1,479,12,False
RE21,0.1,480,10,False
RE21,0.1,481,8,False
RE21,0.1,482,11,False
RE21,0.1,483,13,False
RE21,0.1,484,10,False
RE21,0.1,485,13,False
RE21,0.1,486,11,False
RE21,0.1,487,11,False
RE21,0.1,488,10,False
RE21,0.1,489,13,False
RE21,0.1,490,12,False
RE21,0.1,491,10,False
RE21,0.1,492,10,False
RE21,0.1,493,15,False
RE21,0.1,494,11,False
RE21,0.1,495,14,False
RE21,0.1,496,10,False
RE21,0.1,497,11,False
RE21,0.1,498,11,False
RE21,0.1,499,10,False
RE21,0.1,500,10,False
RE21,0.1,501,11,False
RE21,0.1,502,10,False
RE21,0.1,503,7,False
RE21,0.1,504,16,False
RE21,0.1,505,12,False
RE21,0.1,506,12,False
RE21,0.1,507,13,False
RE21,0.1,508,13,False
RE21,0.1,509,9,False
RE21,0.1,510,8,False
RE21,0.1,511,9,False
RE21,0.1,512,9,False
RE21,0.1,513,10,False
RE21,0.1,514,13,False
RE21,0.1,515,7,False
RE21,0.1,516,15,False
RE21,0.1,517,10,False
RE21,0.1,518,11,False
RE21,0.1,519,10,False
RE21,0.1,520,9,False
RE21,0.1,521,14,False
RE21,0.1,522,11,False
RE21,0.1,523,13,False
RE21,0.1,524,12,False
RE21,0.1,525,10,False
RE21,0.1,526,7,False
RE21,0.1,527,7,False
RE21,0.1,528,10,False
RE21,0.1,529,11,False
RE21,0.1,530,10,False
RE21,0.1,531,15,False
RE21,0.1,532,11,False
RE21,0.1,533,15,False
RE21,0.1,534,12,False
RE21,0.1,535,12,False
RE21,0.1,536,8,False
RE21,0.1,537,13,False
RE21,0.1,538,11,False
RE21,0.1,539,8,False
RE21,0.1,540,10,False
RE21,0.1,541,12,False
RE21,0.1,542,13,False
RE21,0.1,543,10,False
RE21,0.1,544,11,False
RE21,0.1,545,14,False
RE21,0.1,546,13,False
RE21,0.1,547,9,False
RE21,0.1,548,10,False
RE21,0.1,549,16,False
RE21,0.1,550,16,False
RE21,0.1,551,11,False
RE21,0.1,552,13,False
RE21,0.1,553,9,False
RE21,0.1,554,10,False
RE21,0.1,555,8,False
RE21,0.1,556,7,False
RE21,0.1,557,10,False
RE21,0.1,558,11,False
RE21,0.1,559,13,False
RE21,0.1,560,9,False
RE21,0.1,561,9,False
RE21,0.1,562,8,False
RE21,0.1,563,14,False
RE21,0.1,564,15,False
RE21,0.1,565,11,False
RE21,0.1,566,16,False
RE21,0.1,567,14,False
RE21,0.1,568,11,False
RE21,0.1,569,8,False
RE21,0.1,570,13,False
RE21,0.1,571,13,False
RE21,0.1,572,10,False
RE21,0.1,573,10,False
RE21,0.1,574,10,False
RE21,0.1,575,11,False
RE21,0.1,576,13,False
RE21,0.1,577,14,False
RE21,0.1,578,13,False
RE21,0.1,579,12,False
RE21,0.1,580,14,False
RE21,0.1,581,9,False
RE21,0.1,582,13,False
RE21,0.1,583,10,False
RE21,0.1,584,10,False
RE21,0.1,585,10,False
RE21,0.1,586,15,False
RE21,0.1,587,13,False
RE21,0.1,588,13,False
RE21,0.1,589,15,False
RE21,0.1,590,12,False
RE21,0.1,591,12,False
RE21,0.1,592,10,False
RE21,0.1,593,14,False
RE21,0.1,594,14,False
RE21,0.1,595,10,False
RE21,0.1,596,17,False
RE21,0.1,597,14,False
RE21,0.1,598,14,False
RE21,0.1,599,9,False
RE21,0.1,600,18,False
RE21,0.1,601,18,False
RE21,0.1,602,12,False
RE21,0.1,603,16,False
RE21,0.1,604,14,False
RE21,0.1,605,11,False
RE21,0.1,606,15,False
RE21,0.1,607,10,False
RE21,0.1,608,13,False
RE21,0.1,609,10,False
RE21,0.1,610,13,False
RE21,0.1,611,6,False
RE21,0.1,612,13,False
RE21,0.1,613,6,False
RE21,0.1,614,12,False
RE21,0.1,615,12,False
RE21,0.1,616,12,False
RE21,0.1,617,10,False
RE21,0.1,618,9,False
RE21,0.1,619,10,False
RE21,0.1,620,11,False
RE21,0.1,621,13,False
RE21,0.1,622,16,False
RE21,0.1,623,12,False
RE21,0.1,624,11,False
RE21,0.1,625,15,False
RE21,0.1,626,13,False
RE21,0.1,627,9,False
RE21,0.1,628,14,False
RE21,0.1,629,14,False
RE21,0.1,630,13,False
RE21,0.1,631,10,False
RE21,0.1,632,12,False
RE21,0.1,633,12,False
RE21,0.1,634,17,False
RE21,0.1,635,10,False
RE21,0.1,636,10,False
RE21,0.1,637,8,False
RE21,0.1,638,13,False
RE21,0.1,639,11,False
RE21,0.1,640,12,False
RE21,0.1,641,15,False
RE21,0.1,642,14,False
RE21,0.1,643,7,False
RE21,0.1,644,14,False
RE21,0.1,645,15,False
RE21,0.1,646,9,False
RE21,0.1,647,11,False
RE21,0.1,648,15,False
RE21,0.1,649,15,False
RE21,0.1,650,9,False
RE21,0.1,651,14,False
RE21,0.1,652,11,False
RE21,0.1,653,14,False
RE21,0.1,654,9,False
RE21,0.1,655,13,False
RE21,0.1,656,13,False
RE21,0.1,657,14,False
RE21,0.1,658,11,False
RE21,0.1,659,11,False
RE21,0.1,660,12,False
RE21,0.1,661,9,False
RE21,0.1,662,7,False
RE21,0.1,663,14,False
RE21,0.1,664,11,False
RE21,0.1,665,17,False
RE21,0.1,666,9,False
RE21,0.1,667,11,False
RE21,0.1,668,11,False
RE21,0.1,669,13,False
RE21,0.1,670,10,False
RE21,0.1,671,13,False
RE21,0.1,672,13,False
RE21,0.1,673,14,False
RE21,0.1,674,12,False
RE21,0.1,675,14,False
RE21,0.1,676,10,False
RE21,0.1,677,12,False
RE21,0.1,678,8,False
RE21,0.1,679,9,False
RE21,0.1,680,11,False
RE21,0.1,681,16,False
RE21,0.1,682,8,False
RE21,0.1,683,12,False
RE21,0.1,684,15,False
RE21,0.1,685,11,False
RE21,0.1,686,11,False
RE21,0.1,687,17,False
RE21,0.1,688,8,False
RE21,0.1,689,11,False
RE21,0.1,690,9,False
RE21,0.1,691,14,False
RE21,0.1,692,15,False
RE21,0.1,693,8,False
RE21,0.1,694,11,False
RE21,0.1,695,11,False
RE21,0.1,696,15,False
RE21,0.1,697,9,False
RE21,0.1,698,15,False
RE21,0.1,699,14,False
RE21,0.1,700,10,False
RE21,0.1,701,15,False
RE21,0.1,702,10,False
RE21,0.1,703,10,False
RE21,0.1,704,13,False
RE21,0.1,705,11,False
RE21,0.1,706,11,False
RE21,0.1,707,10,False
RE21,0.1,708,11,False
RE21,0.1,709,12,False
RE21,0.1,710,13,False
RE21,0.1,711,13,False
RE21,0.1,712,11,False
RE21,0.1,713,11,False
RE21,0.1,714,10,False
RE21,0.1,715,9,False
RE21,0.1,716,11,False
RE21,0.1,717,12,False
RE21,0.1,718,15,False
RE21,0.1,719,11,False
RE21,0.1,720,15,False
RE21,0.1,721,12,False
RE21,0.1,722,12,False
RE21,0.1,723,14,False
RE21,0.1,724,9,False
RE21,0.1,725,11,False
RE21,0.1,726,13,False
RE21,0.1,727,12,False
RE21,0.1,728,11,False
RE21,0.1,729,13,False
RE21,0.1,730,16,False
RE21,0.1,731,14,False
RE21,0.1,732,14,False
RE21,0.1,733,12,False
RE21,0.1,734,10,False
RE21,0.1,735,13,False
RE21,0.1,736,12,False
RE21,0.1,737,12,False
RE21,0.1,738,12,False
RE21,0.1,739,12,False
RE21,0.1,740,10,False
RE21,0.1,741,10,False
RE21,0.1,742,9,False
RE21,0.1,743,12,False
RE21,0.1,744,14,False
RE21,0.1,745,13,False
RE21,0.1,746,12,False
RE21,0.1,747,12,False
RE21,0.1,748,12,False
RE21,0.1,749,12,False
RE21,0.1,750,16,False
RE21,0.1,751,13,False
RE21,0.1,752,13,False
RE21,0.1,753,9,False
RE21,0.1,754,8,False
RE21,0.1,755,12,False
RE21,0.1,756,11,False
RE21,0.1,757,10,False
RE21,0.1,758,12,False
RE21,0.1,759,10,False
RE21,0.1,760,11,False
RE21,0.1,761,12,False
RE21,0.1,762,9,False
RE21,0.1,763,9,False
RE21,0.1,764,12,False
RE21,0.1,765,15,False
RE21,0.1,766,9,False
RE21,0.1,767,12,False
RE21,0.1,768,11,False
RE21,0.1,769,13,False
RE21,0.1,770,10,False
RE21,0.1,771,12,False
RE21,0.1,772,12,False
RE21,0.1,773,9,False
RE21,0.1,774,10,False
RE21,0.1,775,12,False
RE21,0.1,776,12,False
RE21,0.1,777,11,False
RE21,0.1,778,8,False
RE21,0.1,779,9,False
RE21,0.1,780,8,False
RE21,0.1,781,14,False
RE21,0.1,782,14,False
RE21,0.1,783,10,False
RE21,0.1,784,10,False
RE21,0.1,785,14,False
RE21,0.1,786,11,False
RE21,0.1,787,10,False
RE21,0.1,788,15,False
RE21,0.1,789,13,False
RE21,0.1,790,12,False
RE21,0.1,791,9,False
RE21,0.1,792,13,False
RE21,0.1,793,10,False
RE21,0.1,794,10,False
RE21,0.1,795,12,False
RE21,0.1,796,12,False
RE21,0.1,797,12,False
RE21,0.1,798,13,False
RE21,0.1,799,14,False
RE21,0.1,800,10,False
RE21,0.1,801,11,False
RE21,0.1,802,9,False
RE21,0.1,803,12,False
RE21,0.1,804,12,False
RE21,0.1,805,12,False
RE21,0.1,806,13,False
RE21,0.1,807,13,False
RE21,0.1,808,13,False
RE21,0.1,809,13,False
RE21,0.1,810,13,False
RE21,0.1,811,12,False
RE21,0.1,812,9,False
RE21,0.1,813,10,False
RE21,0.1,814,12,False
RE21,0.1,815,7,False
RE21,0.1,816,12,False
RE21,0.1,817,14,False
RE21,0.1,818,10,False
RE21,0.1,819,17,False
RE21,0.1,820,18,False
RE21,0.1,821,11,False
RE21,0.1,822,10,False
RE21,0.1,823,10,False
RE21,0.1,824,10,False
RE21,0.1,825,11,False
RE21,0.1,826,12,False
RE21,0.1,827,12,False
RE21,0.1,828,11,False
RE21,0.1,829,11,False
RE21,0.1,830,11,False
RE21,0.1,831,17,False
RE21,0.1,832,11,False
RE21,0.1,833,12,False
RE21,0.1,834,14,False
RE21,0.1,835,9,False
RE21,0.1,836,13,False
RE21,0.1,837,11,False
RE21,0.1,838,9,False
RE21,0.1,839,11,False
RE21,0.1,840,8,False
RE21,0.1,841,13,False
RE21,0.1,842,11,False
RE21,0.1,843,8,False
RE21,0.1,844,8,False
RE21,0.1,845,12,False
RE21,0.1,846,12,False
RE21,0.1,847,14,False
RE21,0.1,848,8,False
RE21,0.1,849,11,False
RE21,0.1,850,14,False
RE21,0.1,851,10,False
RE21,0.1,852,12,False
RE21,0.1,853,11,False
RE21,0.1,854,16,False
RE21,0.1,855,15,False
RE21,0.1,856,7,False
RE21,0.1,857,11,False
RE21,0.1,858,17,False
RE21,0.1,859,12,False
RE21,0.1,860,15,False
RE21,0.1,861,10,False
RE21,0.1,862,8,False
RE21,0.1,863,14,False
RE21,0.1,864,10,False
RE21,0.1,865,11,False
RE21,0.1,866,8,False
RE21,0.1,867,12,False
RE21,0.1,868,9,False
RE21,0.1,869,11,False
RE21,0.1,870,12,False
RE21,0.1,871,10,False
RE21,0.1,872,8,False
RE21,0.1,873,14,False
RE21,0.1,874,13,False
RE21,0.1,875,11,False
RE21,0.1,876,9,False
RE21,0.1,877,13,False
RE21,0.1,878,12,False
RE21,0.1,879,12,False
RE21,0.1,880,12,False
RE21,0.1,881,11,False
RE21,0.1,882,12,False
RE21,0.1,883,10,False
RE21,0.1,884,7,False
RE21,0.1,885,9,False
RE21,0.1,886,14,False
RE21,0.1,887,13,False
RE21,0.1,888,12,False
RE21,0.1,889,10,False
RE21,0.1,890,11,False
RE21,0.1,891,13,False
RE21,0.1,892,11,False
RE21,0.1,893,11,False
RE21,0.1,894,17,False
RE21,0.1,895,10,False
RE21,0.1,896,14,False
RE21,0.1,897,14,False
RE21,0.1,898,15,False
RE21,0.1,899,10,False
RE21,0.1,900,13,False
RE21,0.1,901,11,False
RE21,0.1,902,14,False
RE21,0.1,903,8,False
RE21,0.1,904,11,False
RE21,0.1,905,8,False
RE21,0.1,906,13,False
RE21,0.1,907,12,False
RE21,0.1,908,15,False
RE21,0.1,909,9,False
RE21,0.1,910,12,False
RE21,0.1,911,9,False
RE21,0.1,912,13,False
RE21,0.1,913,13,False
RE21,0.1,914,17,False
RE21,0.1,915,9,False
RE21,0.1,916,9,False
RE21,0.1,917,14,False
RE21,0.1,918,12,False
RE21,0.1,919,10,False
RE21,0.1,920,13,False
RE21,0.1,921,13,False
RE21,0.1,922,11,False
RE21,0.1,923,14,False
RE21,0.1,924,8,False
RE21,0.1,925,11,False
RE21,0.1,926,13,False
RE21,0.1,927,10,False
RE21,0.1,928,10,False
RE21,0.1,929,13,False
RE21,0.1,930,11,False
RE21,0.1,931,18,False
RE21,0.1,932,9,False
RE21,0.1,933,12,False
RE21,0.1,934,12,False
RE21,0.1,935,11,False
RE21,0.1,936,13,False
RE21,0.1,937,8,False
RE21,0.1,938,11,False
RE21,0.1,939,11,False
RE21,0.1,940,12,False
RE21,0.1,941,11,False
RE21,0.1,942,15,False
RE21,0.1,943,13,False
RE21,0.1,944,9,False
RE21,0.1,945,9,False
RE21,0.1,946,12,False
RE21,0.1,947,7,False
RE21,0.1,948,11,False
RE21,0.1,949,13,False
RE21,0.1,950,12,False
RE21,0.1,951,13,False
RE21,0.1,952,12,False
RE21,0.1,953,15,False
RE21,0.1,954,12,False
RE21,0.1,955,9,False
RE21,0.1,956,12,False
RE21,0.1,957,9,False
RE21,0.1,958,9,False
RE21,0.1,959,12,False
RE21,0.1,960,11,False
RE21,0.1,961,17,False
RE21,0.1,962,15,False
RE21,0.1,963,12,False
RE21,0.1,964,10,False
RE21,0.1,965,9,False
RE21,0.1,966,12,False
RE21,0.1,967,14,False
RE21,0.1,968,11,False
RE21,0.1,969,11,False
RE21,0.1,970,12,False
RE21,0.1,971,16,False
RE21,0.1,972,14,False
RE21,0.1,973,11,False
RE21,0.1,974,12,False
RE21,0.1,975,10,False
RE21,0.1,976,10,False
RE21,0.1,977,10,False
RE21,0.1,978,11,False
RE21,0.1,979,12,False
RE21,0.1,980,10,False
RE21,0.1,981,16,False
RE21,0.1,982,14,False
RE21,0.1,983,8,False
RE21,0.1,984,9,False
RE21,0.1,985,9,False
RE21,0.1,986,10,False
RE21,0.1,987,14,False
RE21,0.1,988,9,False
RE21,0.1,989,14,False
RE21,0.1,990,8,False
RE21,0.1,991,12,False
RE21,0.1,992,13,False
RE21,0.1,993,10,False
RE21,0.1,994,12,False
RE21,0.1,995,11,False
RE21,0.1,996,11,False
RE21,0.1,997,8,False
RE21,0.1,998,12,False
RE21,0.1,999,15,False
RE22,0.01,0,12,False
RE22,0.01,1,12,False
RE22,0.01,2,12,False
RE22,0.01,3,12,False
RE22,0.01,4,9,False
RE22,0.01,5,6,False
RE22,0.01,6,8,False
RE22,0.01,7,7,False
RE22,0.01,8,13,False
RE22,0.01,9,10,False
RE22,0.01,10,12,False
RE22,0.01,11,11,False
RE22,0.01,12,11,False
RE22,0.01,13,11,False
RE22,0.01,14,10,False
RE22,0.01,15,12,False
RE22,0.01,16,9,False
RE22,0.01,17,10,False
RE22,0.01,18,6,False
RE22,0.01,19,10,False
RE22,0.01,20,8,False
RE22,0.01,21,9,False
RE22,0.01,22,13,False
RE22,0.01,23,10,False
RE22,0.01,24,7,False
RE22,0.01,25,10,False
RE22,0.01,26,12,False
RE22,0.01,27,8,False
RE22,0.01,28,14,False
RE22,0.01,29,8,False
RE22,0.01,30,7,False
RE22,0.01,31,9,False
RE22,0.01,32,11,False
RE22,0.01,33,9,False
RE22,0.01,34,10,False
RE22,0.01,35,6,False
RE22,0.01,36,8,False
RE22,0.01,37,8,False
RE22,0.01,38,7,False
RE22,0.01,39,10,False
RE22,0.01,40,12,False
RE22,0.01,41,9,False
RE22,0.01,42,9,False
RE22,0.01,43,9,False
RE22,0.01,44,9,False
RE22,0.01,45,10,False
RE22,0.01,46,10,False
RE22,0.01,47,9,False
RE22,0.01,48,10,False
RE22,0.01,49,8,False
RE22,0.01,50,11,False
RE22,0.01,51,10,False
RE22,0.01,52,6,False
RE22,0.01,53,11,False
RE22,0.01,54,10,False
RE22,0.01,55,7,False
RE22,0.01,56,8,False
RE22,0.01,57,15,False
RE22,0.01,58,8,False
RE22,0.01,59,10,False
RE22,0.01,60,6,False
RE22,0.01,61,11,False
RE22,0.01,62,9,False
RE22,0.01,63,9,False
RE22,0.01,64,9,False
RE22,0.01,65,11,False
RE22,0.01,66,13,False
RE22,0.01,67,10,False
RE22,0.01,68,12,False
RE22,0.01,69,7,False
RE22,0.01,70,12,False
RE22,0.01,71,11,False
RE22,0.01,72,12,False
RE22,0.01,73,11,False
RE22,0.01,74,10,False
RE22,0.01,75,7,False
RE22,0.01,76,10,False
RE22,0.01,77,7,False
RE22,0.01,78,6,False
RE22,0.01,79,11,False
RE22,0.01,80,11,False
RE22,0.01,81,13,False
RE22,0.01,82,11,False
RE22,0.01,83,10,False
RE22,0.01,84,9,False
RE22,0.01,85,9,False
RE22,0.01,86,9,False
RE22,0.01,87,11,False
RE22,0.01,88,15,False
RE22,0.01,89,13,False
RE22,0.01,90,11,False
RE22,0.01,91,12,False
RE22,0.01,92,13,False
RE22,0.01,93,11,False
RE22,0.01,94,9,False
RE22,0.01,95,10,False
RE22,0.01,96,11,False
RE22,0.01,97,10,False
RE22,0.01,98,9,False
RE22,0.01,99,14,False
RE22,0.01,100,11,False
RE22,0.01,101,9,False
RE22,0.01,102,12,False
RE22,0.01,103,10,False
RE22,0.01,104,12,False
RE22,0.01,105,9,False
RE22,0.01,106,6,False
RE22,0.01,107,10,False
RE22,0.01,108,8,False
RE22,0.01,109,6,False
RE22,0.01,110,11,False
RE22,0.01,111,10,False
RE22,0.01,112,13,False
RE22,0.01,113,13,False
RE22,0.01,114,8,False
RE22,0.01,115,9,False
RE22,0.01,116,10,False
RE22,0.01,117,9,False
RE22,0.01,118,10,False
RE22,0.01,119,10,False
RE22,0.01,120,7,False
RE22,0.01,121,9,False
RE22,0.01,122,10,False
RE22,0.01,123,11,False
RE22,0.01,124,6,False
RE22,0.01,125,9,False
RE22,0.01,126,11,False
RE22,0.01,127,8,False
RE22,0.01,128,11,False
RE22,0.01,129,11,False
RE22,0.01,130,8,False
RE22,0.01,131,11,False
RE22,0.01,132,11,False
RE22,0.01,133,9,False
RE22,0.01,134,11,False
RE22,0.01,135,12,False
RE22,0.01,136,13,False
RE22,0.01,137,7,False
RE22,0.01,138,10,False
RE22,0.01,139,7,False
RE22,0.01,140,10,False
RE22,0.01,141,10,False
RE22,0.01,142,6,False
RE22,0.01,143,8,False
RE22,0.01,144,8,False
RE22,0.01,145,10,False
RE22,0.01,146,13,False
RE22,0.01,147,10,False
RE22,0.01,148,14,False
RE22,0.01,149,9,False
RE22,0.01,150,4,False
RE22,0.01,151,7,False
RE22,0.01,152,12,False
RE22,0.01,153,6,False
RE22,0.01,154,10,False
RE22,0.01,155,7,False
RE22,0.01,156,11,False
RE22,0.01,157,14,False
RE22,0.01,158,9,False
RE22,0.01,159,13,False
RE22,0.01,160,9,False
RE22,0.01,161,9,False
RE22,0.01,162,7,False
RE22,0.01,163,9,False
RE22,0.01,164,10,False
RE22,0.01,165,9,False
RE22,0.01,166,9,False
RE22,0.01,167,11,False
RE22,0.01,168,7,False
RE22,0.01,169,8,False
RE22,0.01,170,14,False
RE22,0.01,171,11,False
RE22,0.01,172,10,False
RE22,0.01,173,14,False
RE22,0.01,174,10,False
RE22,0.01,175,12,False
RE22,0.01,176,11,False
RE22,0.01,177,12,False
RE22,0.01,178,11,False
RE22,0.01,179,12,False
RE22,0.01,180,9,False
RE22,0.01,181,11,False
RE22,0.01,182,13,False
RE22,0.01,183,7,False
RE22,0.01,184,12,False
RE22,0.01,185,7,False
RE22,0.01,186,10,False
RE22,0.01,187,12,False
RE22,0.01,188,5,False
RE22,0.01,189,16,False
RE22,0.01,190,5,False
RE22,0.01,191,11,False
RE22,0.01,192,10,False
RE22,0.01,193,11,False
RE22,0.01,194,11,False
RE22,0.01,195,7,False
RE22,0.01,196,9,False
RE22,0.01,197,8,False
RE22,0.01,198,12,False
RE22,0.01,199,9,False
RE22,0.01,200,9,False
RE22,0.01,201,8,False
RE22,0.01,202,9,False
RE22,0.01,203,10,False
RE22,0.01,204,11,False
RE22,0.01,205,7,False
RE22,0.01,206,9,False
RE22,0.01,207,10,False
RE22,0.01,208,8,False
RE22,0.01,209,10,False
RE22,0.01,210,8,False
RE22,0.01,211,9,False
RE22,0.01,212,9,False
RE22,0.01,213,9,False
RE22,0.01,214,8,False
RE22,0.01,215,10,False
RE22,0.01,216,8,False
RE22,0.01,217,10,False
RE22,0.01,218,10,False
RE22,0.01,219,8,False
RE22,0.01,220,11,False
RE22,0.01,221,9,False
RE22,0.01,222,11,False
RE22,0.01,223,9,False
RE22,0.01,224,10,False
RE22,0.01,225,12,False
RE22,0.01,226,9,False
RE22,0.01,227,9,False
RE22,0.01,228,5,False
RE22,0.01,229,10,False
RE22,0.01,230,11,False
RE22,0.01,231,7,False
RE22,0.01,232,9,False
RE22,0.01,233,11,False
RE22,0.01,234,9,False
RE22,0.01,235,9,False
RE22,0.01,236,10,False
RE22,0.01,237,9,False
RE22,0.01,238,11,False
RE22,0.01,239,11,False
RE22,0.01,240,11,False
RE22,0.01,241,14,False
RE22,0.01,242,10,False
RE22,0.01,243,10,False
RE22,0.01,244,7,False
RE22,0.01,245,11,False
RE22,0.01,246,10,False
RE22,0.01,247,8,False
RE22,0.01,248,8,False
RE22,0.01,249,9,False
RE22,0.01,250,7,False
RE22,0.01,251,12,False
RE22,0.01,252,12,False
RE22,0.01,253,7,False
RE22,0.01,254,13,False
RE22,0.01,255,8,False
RE22,0.01,256,13,False
RE22,0.01,257,11,False
RE22,0.01,258,13,False
RE22,0.01,259,10,False
RE22,0.01,260,8,False
RE22,0.01,261,7,False
RE22,0.01,262,10,False
RE22,0.01,263,12,False
RE22,0.01,264,12,False
RE22,0.01,265,8,False
RE22,0.01,266,7,False
RE22,0.01,267,8,False
RE22,0.01,268,8,False
RE22,0.01,269,9,False
RE22,0.01,270,7,False
RE22,0.01,271,7,False
RE22,0.01,272,5,False
RE22,0.01,273,6,False
RE22,0.01,274,10,False
RE22,0.01,275,8,False
RE22,0.01,276,8,False
RE22,0.01,277,12,False
RE22,0.01,278,7,False
RE22,0.01,279,8,False
RE22,0.01,280,11,False
RE22,0.01,281,15,False
RE22,0.01,282,11,False
RE22,0.01,283,7,False
RE22,0.01,284,10,False
RE22,0.01,285,14,False
RE22,0.01,286,11,False
RE22,0.01,287,14,False
RE22,0.01,288,9,False
RE22,0.01,289,14,False
RE22,0.01,290,6,False
RE22,0.01,291,11,False
RE22,0.01,292,10,False
RE22,0.01,293,14,False
RE22,0.01,294,10,False
RE22,0.01,295,11,False
RE22,0.01,296,13,False
RE22,0.01,297,11,False
RE22,0.01,298,9,False
RE22,0.01,299,10,False
RE22,0.01,300,12,False
RE22,0.01,301,11,False
RE22,0.01,302,14,False
RE22,0.01,303,8,False
RE22,0.01,304,13,False
RE22,0.01,305,11,False
RE22,0.01,306,15,False
RE22,0.01,307,9,False
RE22,0.01,308,10,False
RE22,0.01,309,12,False
RE22,0.01,310,9,False
RE22,0.01,311,9,False
RE22,0.01,312,10,False
RE22,0.01,313,10,False
RE22,0.01,314,11,False
RE22,0.01,315,13,False
RE22,0.01,316,9,False
RE22,0.01,317,10,False
RE22,0.01,318,12,False
RE22,0.01,319,10,False
RE22,0.01,320,7,False
RE22,0.01,321,10,False
RE22,0.01,322,7,False
RE22,0.01,323,9,False
RE22,0.01,324,8,False
RE22,0.01,325,12,False
RE22,0.01,326,10,False
RE22,0.01,327,15,False
RE22,0.01,328,11,False
RE22,0.01,329,14,False
RE22,0.01,330,8,False
RE22,0.01,331,12,False
RE22,0.01,332,12,False
RE22,0.01,333,11,False
RE22,0.01,334,8,False
RE22,0.01,335,13,False
RE22,0.01,336,8,False
RE22,0.01,337,7,False
RE22,0.01,338,12,False
RE22,0.01,339,13,False
RE22,0.01,340,8,False
RE22,0.01,341,10,False
RE22,0.01,342,9,False
RE22,0.01,343,10,False
RE22,0.01,344,13,False
RE22,0.01,345,9,False
RE22,0.01,346,12,False
RE22,0.01,347,13,False
RE22,0.01,348,12,False
RE22,0.01,349,9,False
RE22,0.01,350,7,False
RE22,0.01,351,11,False
RE22,0.01,352,14,False
RE22,0.01,353,9,False
RE22,0.01,354,11,False
RE22,0.01,355,12,False
RE22,0.01,356,8,False
RE22,0.01,357,11,False
RE22,0.01,358,8,False
RE22,0.01,359,10,False
RE22,0.01,360,13,False
RE22,0.01,361,8,False
RE22,0.01,362,7,False
RE22,0.01,363,12,False
RE22,0.01,364,12,False
RE22,0.01,365,14,False
RE22,0.01,366,10,False
RE22,0.01,367,5,False
RE22,0.01,368,12,False
RE22,0.01,369,11,False
RE22,0.01,370,11,False
RE22,0.01,371,9,False
RE22,0.01,372,12,False
RE22,0.01,373,8,False
RE22,0.01,374,13,False
RE22,0.01,375,14,False
RE22,0.01,376,11,False
RE22,0.01,377,5,False
RE22,0.01,378,12,False
RE22,0.01,379,11,False
RE22,0.01,380,13,False
RE22,0.01,381,10,False
RE22,0.01,382,13,False
RE22,0.01,383,7,False
RE22,0.01,384,12,False
RE22,0.01,385,10,False
RE22,0.01,386,9,False
RE22,0.01,387,7,False
RE22,0.01,388,9,False
RE22,0.01,389,13,False
RE22,0.01,390,5,False
RE22,0.01,391,12,False
RE22,0.01,392,7,False
RE22,0.01,393,7,False
RE22,0.01,394,10,False
RE22,0.01,395,9,False
RE22,0.01,396,14,False
RE22,0.01,397,8,False
RE22,0.01,398,11,False
RE22,0.01,399,14,False
RE22,0.01,400,9,False
RE22,0.01,401,9,False
RE22,0.01,402,13,False
RE22,0.01,403,8,False
RE22,0.01,404,8,False
RE22,0.01,405,11,False
RE22,0.01,406,10,False
RE22,0.01,407,10,False
RE22,0.01,408,8,False
RE22,0.01,409,8,False
RE22,0.01,410,11,False
RE22,0.01,411,12,False
RE22,0.01,412,9,False
RE22,0.01,413,14,False
RE22,0.01,414,10,False
RE22,0.01,415,7,False
RE22,0.01,416,8,False
RE22,0.01,417,10,False
RE22,0.01,418,12,False
RE22,0.01,419,11,False
RE22,0.01,420,11,False
RE22,0.01,421,9,False
RE22,0.01,422,9,False
RE22,0.01,423,10,False
RE22,0.01,424,16,False
RE22,0.01,425,8,False
RE22,0.01,426,12,False
RE22,0.01,427,14,False
RE22,0.01,428,9,False
RE22,0.01,429,11,False
RE22,0.01,430,10,False
RE22,0.01,431,12,False
RE22,0.01,432,9,False
RE22,0.01,433,12,False
RE22,0.01,434,9,False
RE22,0.01,435,9,False
RE22,0.01,436,11,False
RE22,0.01,437,6,False
RE22,0.01,438,13,False
RE22,0.01,439,9,False
RE22,0.01,440,14,False
RE22,0.01,441,11,False
RE22,0.01,442,9,False
RE22,0.01,443,9,False
RE22,0.01,444,12,False
RE22,0.01,445,13,False
RE22,0.01,446,11,False
RE22,0.01,447,7,False
RE22,0.01,448,7,False
RE22,0.01,449,9,False
RE22,0.01,450,9,False
RE22,0.01,451,13,False
RE22,0.01,452,9,False
RE22,0.01,453,11,False
RE22,0.01,454,5,False
RE22,0.01,455,12,False
RE22,0.01,456,7,False
RE22,0.01,457,9,False
RE22,0.01,458,8,False
RE22,0.01,459,14,False
RE22,0.01,460,17,False
RE22,0.01,461,7,False
RE22,0.01,462,8,False
RE22,0.01,463,12,False
RE22,0.01,464,14,False
RE22,0.01,465,12,False
RE22,0.01,466,10,False
RE22,0.01,467,8,False
RE22,0.01,468,12,False
RE22,0.01,469,9,False
RE22,0.01,470,10,False
RE22,0.01,471,9,False
RE22,0.01,472,10,False
RE22,0.01,473,11,False
RE22,0.01,474,11,False
RE22,0.01,475,9,False
RE22,0.01,476,6,False
RE22,0.01,477,11,False
RE22,0.01,478,7,False
RE22,0.01,479,9,False
RE22,0.01,480,10,False
RE22,0.01,481,9,False
RE22,0.01,482,11,False
RE22,0.01,483,12,False
RE22,0.01,484,13,False
RE22,0.01,485,9,False
RE22,0.01,486,10,False
RE22,0.01,487,8,False
RE22,0.01,488,11,False
RE22,0.01,489,9,False
RE22,0.01,490,11,False
RE22,0.01,491,12,False
RE22,0.01,492,6,False
RE22,0.01,493,13,False
RE22,0.01,494,9,False
RE22,0.01,495,7,False
RE22,0.01,496,12,False
RE22,0.01,497,15,False
RE22,0.01,498,11,False
RE22,0.01,499,12,False
RE22,0.01,500,9,False
RE22,0.01,501,9,False
RE22,0.01,502,6,False
RE22,0.01,503,13,False
RE22,0.01,504,11,False
RE22,0.01,505,9,False
RE22,0.01,506,9,False
RE22,0.01,507,10,False
RE22,0.01,508,9,False
RE22,0.01,509,10,False
RE22,0.01,510,9,False
RE22,0.01,511,10,False
RE22,0.01,512,14,False
RE22,0.01,513,11,False
RE22,0.01,514,15,False
RE22,0.01,515,12,False
RE22,0.01,516,12,False
RE22,0.01,517,12,False
RE22,0.01,518,10,False
RE22,0.01,519,11,False
RE22,0.01,520,15,False
RE22,0.01,521,10,False
RE22,0.01,522,12,False
RE22,0.01,523,8,False
RE22,0.01,524,14,False
RE22,0.01,525,13,False
RE22,0.01,526,9,False
RE22,0.01,527,10,False
RE22,0.01,528,11,False
RE22,0.01,529,10,False
RE22,0.01,530,10,False
RE22,0.01,531,11,False
RE22,0.01,532,12,False
RE22,0.01,533,10,False
RE22,0.01,534,6,False
RE22,0.01,535,6,False
RE22,0.01,536,7,False
RE22,0.01,537,7,False
RE22,0.01,538,6,False
RE22,0.01,539,8,False
RE22,0.01,540,11,False
RE22,0.01,541,9,False
RE22,0.01,542,8,False
RE22,0.01,543,12,False
RE22,0.01,544,15,False
RE22,0.01,545,11,False
RE22,0.01,546,12,False
RE22,0.01,547,12,False
RE22,0.01,548,10,False
RE22,0.01,549,11,False
RE22,0.01,550,12,False
RE22,0.01,551,8,False
RE22,0.01,552,12,False
RE22,0.01,553,11,False
RE22,0.01,554,10,False
RE22,0.01,555,9,False
RE22,0.01,556,9,False
RE22,0.01,557,9,False
RE22,0.01,558,9,False
RE22,0.01,559,9,False
RE22,0.01,560,12,False
RE22,0.01,561,8,False
RE22,0.01,562,9,False
RE22,0.01,563,10,False
RE22,0.01,564,11,False
RE22,0.01,565,11,False
RE22,0.01,566,12,False
RE22,0.01,567,9,False
RE22,0.01,568,10,False
RE22,0.01,569,9,False
RE22,0.01,570,13,False
RE22,0.01,571,14,False
RE22,0.01,572,9,False
RE22,0.01,573,9,False
RE22,0.01,574,9,False
RE22,0.01,575,8,False
RE22,0.01,576,10,False
RE22,0.01,577,14,False
RE22,0.01,578,11,False
RE22,0.01,579,11,False
RE22,0.01,580,11,False
RE22,0.01,581,9,False
RE22,0.01,582,8,False
RE22,0.01,583,10,False
RE22,0.01,584,8,False
RE22,0.01,585,11,False
RE22,0.01,586,9,False
RE22,0.01,587,10,False
RE22,0.01,588,8,False
RE22,0.01,589,9,False
RE22,0.01,590,7,False
RE22,0.01,591,9,False
RE22,0.01,592,9,False
RE22,0.01,593,15,False
RE22,0.01,594,10,False
RE22,0.01,595,12,False
RE22,0.01,596,13,False
RE22,0.01,597,7,False
RE22,0.01,598,13,False
RE22,0.01,599,9,False
RE22,0.01,600,9,False
RE22,0.01,601,7,False
RE22,0.01,602,10,False
RE22,0.01,603,7,False
RE22,0.01,604,8,False
RE22,0.01,605,9,False
RE22,0.01,606,14,False
RE22,0.01,607,11,False
RE22,0.01,608,10,False
RE22,0.01,609,12,False
RE22,0.01,610,13,False
RE22,0.01,611,8,False
RE22,0.01,612,6,False
RE22,0.01,613,11,False
RE22,0.01,614,10,False
RE22,0.01,615,10,False
RE22,0.01,616,9,False
RE22,0.01,617,9,False
RE22,0.01,618,11,False
RE22,0.01,619,13,False
RE22,0.01,620,8,False
RE22,0.01,621,7,False
RE22,0.01,622,11,False
RE22,0.01,623,8,False
RE22,0.01,624,11,False
RE22,0.01,625,14,False
RE22,0.01,626,9,False
RE22,0.01,627,15,False
RE22,0.01,628,8,False
RE22,0.01,629,10,False
RE22,0.01,630,9,False
RE22,0.01,631,10,False
RE22,0.01,632,12,False
RE22,0.01,633,11,False
RE22,0.01,634,9,False
RE22,0.01,635,12,False
RE22,0.01,636,8,False
RE22,0.01,637,11,False
RE22,0.01,638,13,False
RE22,0.01,639,9,False
RE22,0.01,640,9,False
RE22,0.01,641,11,False
RE22,0.01,642,10,False
RE22,0.01,643,8,False
RE22,0.01,644,12,False
RE22,0.01,645,13,False
RE22,0.01,646,9,False
RE22,0.01,647,6,False
RE22,0.01,648,8,False
RE22,0.01,649,10,False
RE22,0.01,650,9,False
RE22,0.01,651,10,False
RE22,0.01,652,9,False
RE22,0.01,653,7,False
RE22,0.01,654,10,False
RE22,0.01,655,11,False
RE22,0.01,656,12,False
RE22,0.01,657,8,False
RE22,0.01,658,11,False
RE22,0.01,659,9,False
RE22,0.01,660,8,False
RE22,0.01,661,8,False
RE22,0.01,662,12,False
RE22,0.01,663,8,False
RE22,0.01,664,12,False
RE22,0.01,665,9,False
RE22,0.01,666,8,False
RE22,0.01,667,10,False
RE22,0.01,668,9,False
RE22,0.01,669,12,False
RE22,0.01,670,10,False
RE22,0.01,671,12,False
RE22,0.01,672,10,False
RE22,0.01,673,12,False
RE22,0.01,674,9,False
RE22,0.01,675,13,False
RE22,0.01,676,7,False
RE22,0.01,677,14,False
RE22,0.01,678,11,False
RE22,0.01,679,13,False
RE22,0.01,680,7,False
RE22,0.01,681,7,False
RE22,0.01,682,7,False
RE22,0.01,683,12,False
RE22,0.01,684,8,False
RE22,0.01,685,7,False
RE22,0.01,686,9,False
RE22,0.01,687,12,False
RE22,0.01,688,11,False
RE22,0.01,689,8,False
RE22,0.01,690,10,False
RE22,0.01,691,9,False
RE22,0.01,692,12,False
RE22,0.01,693,12,False
RE22,0.01,694,11,False
RE22,0.01,695,13,False
RE22,0.01,696,10,False
RE22,0.01,697,10,False
RE22,0.01,698,11,False
RE22,0.01,699,9,False
RE22,0.01,700,9,False
RE22,0.01,701,13,False
RE22,0.01,702,9,False
RE22,0.01,703,7,False
RE22,0.01,704,7,False
RE22,0.01,705,7,False
RE22,0.01,706,10,False
RE22,0.01,707,7,False
RE22,0.01,708,10,False
RE22,0.01,709,9,False
RE22,0.01,710,8,False
RE22,0.01,711,7,False
RE22,0.01,712,11,False
RE22,0.01,713,5,False
RE22,0.01,714,10,False
RE22,0.01,715,12,False
RE22,0.01,716,13,False
RE22,0.01,717,9,False
RE22,0.01,718,8,False
RE22,0.01,719,11,False
RE22,0.01,720,9,False
RE22,0.01,721,10,False
RE22,0.01,722,9,False
RE22,0.01,723,8,False
RE22,0.01,724,9,False
RE22,0.01,725,7,False
RE22,0.01,726,9,False
RE22,0.01,727,10,False
RE22,0.01,728,9,False
RE22,0.01,729,11,False
RE22,0.01,730,9,False
RE22,0.01,731,12,False
RE22,0.01,732,11,False
RE22,0.01,733,11,False
RE22,0.01,734,7,False
RE22,0.01,735,7,False
RE22,0.01,736,15,False
RE22,0.01,737,10,False
RE22,0.01,738,11,False
RE22,0.01,739,8,False
RE22,0.01,740,8,False
RE22,0.01,741,7,False
RE22,0.01,742,8,False
RE22,0.01,743,11,False
RE22,0.01,744,10,False
RE22,0.01,745,9,False
RE22,0.01,746,9,False
RE22,0.01,747,11,False
RE22,0.01,748,10,False
RE22,0.01,749,12,False
RE22,0.01,750,11,False
RE22,0.01,751,9,False
RE22,0.01,752,8,False
RE22,0.01,753,9,False
RE22,0.01,754,10,False
RE22,0.01,755,8,False
RE22,0.01,756,10,False
RE22,0.01,757,13,False
RE22,0.01,758,8,False
RE22,0.01,759,12,False
RE22,0.01,760,11,False
RE22,0.01,761,6,False
RE22,0.01,762,13,False
RE22,0.01,763,13,False
RE22,0.01,764,9,False
RE22,0.01,765,6,False
RE22,0.01,766,8,False
RE22,0.01,767,9,False
RE22,0.01,768,9,False
RE22,0.01,769,10,False
RE22,0.01,770,9,False
RE22,0.01,771,12,False
RE22,0.01,772,10,False
RE22,0.01,773,13,False
RE22,0.01,774,7,False
RE22,0.01,775,11,False
RE22,0.01,776,10,False
RE22,0.01,777,12,False
RE22,0.01,778,8,False
RE22,0.01,779,6,False
RE22,0.01,780,11,False
RE22,0.01,781,10,False
RE22,0.01,782,8,False
RE22,0.01,783,13,False
RE22,0.01,784,8,False
RE22,0.01,785,8,False
RE22,0.01,786,10,False
RE22,0.01,787,8,False
RE22,0.01,788,8,False
RE22,0.01,789,12,False
RE22,0.01,790,8,False
RE22,0.01,791,11,False
RE22,0.01,792,9,False
RE22,0.01,793,9,False
RE22,0.01,794,9,False
RE22,0.01,795,8,False
RE22,0.01,796,14,False
RE22,0.01,797,14,False
RE22,0.01,798,9,False
RE22,0.01,799,9,False
RE22,0.01,800,13,False
RE22,0.01,801,9,False
RE22,0.01,802,8,False
RE22,0.01,803,9,False
RE22,0.01,804,12,False
RE22,0.01,805,10,False
RE22,0.01,806,13,False
RE22,0.01,807,14,False
RE22,0.01,808,15,False
RE22,0.01,809,9,False
RE22,0.01,810,13,False
RE22,0.01,811,10,False
RE22,0.01,812,9,False
RE22,0.01,813,9,False
RE22,0.01,814,8,False
RE22,0.01,815,11,False
RE22,0.01,816,8,False
RE22,0.01,817,8,False
RE22,0.01,818,11,False
RE22,0.01,819,8,False
RE22,0.01,820,5,False
RE22,0.01,821,13,False
RE22,0.01,822,7,False
RE22,0.01,823,13,False
RE22,0.01,824,13,False
RE22,0.01,825,11,False
RE22,0.01,826,14,False
RE22,0.01,827,8,False
RE22,0.01,828,10,False
RE22,0.01,829,9,False
RE22,0.01,830,9,False
RE22,0.01,831,10,False
RE22,0.01,832,11,False
RE22,0.01,833,10,False
RE22,0.01,834,9,False
RE22,0.01,835,12,False
RE22,0.01,836,11,False
RE22,0.01,837,12,False
RE22,0.01,838,9,False
RE22,0.01,839,11,False
RE22,0.01,840,10,False
RE22,0.01,841,15,False
RE22,0.01,842,7,False
RE22,0.01,843,8,False
RE22,0.01,844,11,False
RE22,0.01,845,6,False
RE22,0.01,846,10,False
RE22,0.01,847,10,False
RE22,0.01,848,9,False
RE22,0.01,849,14,False
RE22,0.01,850,12,False
RE22,0.01,851,7,False
RE22,0.01,852,11,False
RE22,0.01,853,10,False
RE22,0.01,854,5,False
RE22,0.01,855,10,False
RE22,0.01,856,11,False
RE22,0.01,857,9,False
RE22,0.01,858,8,False
RE22,0.01,859,6,False
RE22,0.01,860,7,False
RE22,0.01,861,8,False
RE22,0.01,862,12,False
RE22,0.01,863,10,False
RE22,0.01,864,9,False
RE22,0.01,865,10,False
RE22,0.01,866,8,False
RE22,0.01,867,10,False
RE22,0.01,868,10,False
RE22,0.01,869,8,False
RE22,0.01,870,13,False
RE22,0.01,871,9,False
RE22,0.01,872,7,False
RE22,0.01,873,10,False
RE22,0.01,874,10,False
RE22,0.01,875,10,False
RE22,0.01,876,10,False
RE22,0.01,877,9,False
RE22,0.01,878,13,False
RE22,0.01,879,7,False
RE22,0.01,880,6,False
RE22,0.01,881,11,False
RE22,0.01,882,9,False
RE22,0.01,883,11,False
RE22,0.01,884,11,False
RE22,0.01,885,10,False
RE22,0.01,886,11,False
RE22,0.01,887,10,False
RE22,0.01,888,15,False
RE22,0.01,889,12,False
RE22,0.01,890,10,False
RE22,0.01,891,8,False
RE22,0.01,892,12,False
RE22,0.01,893,11,False
RE22,0.01,894,11,False
RE22,0.01,895,12,False
RE22,0.01,896,19,False
RE22,0.01,897,15,False
RE22,0.01,898,10,False
RE22,0.01,899,10,False
RE22,0.01,900,10,False
RE22,0.01,901,8,False
RE22,0.01,902,7,False
RE22,0.01,903,7,False
RE22,0.01,904,11,False
RE22,0.01,905,11,False
RE22,0.01,906,8,False
RE22,0.01,907,10,False
RE22,0.01,908,14,False
RE22,0.01,909,11,False
RE22,0.01,910,9,False
RE22,0.01,911,7,False
RE22,0.01,912,11,False
RE22,0.01,913,9,False
RE22,0.01,914,14,False
RE22,0.01,915,11,False
RE22,0.01,916,9,False
RE22,0.01,917,13,False
RE22,0.01,918,11,False
RE22,0.01,919,12,False
RE22,0.01,920,8,False
RE22,0.01,921,10,False
RE22,0.01,922,11,False
RE22,0.01,923,16,False
RE22,0.01,924,9,False
RE22,0.01,925,11,False
RE22,0.01,926,11,False
RE22,0.01,927,12,False
RE22,0.01,928,7,False
RE22,0.01,929,13,False
RE22,0.01,930,8,False
RE22,0.01,931,11,False
RE22,0.01,932,8,False
RE22,0.01,933,13,False
RE22,0.01,934,8,False
RE22,0.01,935,10,False
RE22,0.01,936,14,False
RE22,0.01,937,15,False
RE22,0.01,938,8,False
RE22,0.01,939,14,False
RE22,0.01,940,7,False
RE22,0.01,941,9,False
RE22,0.01,942,9,False
RE22,0.01,943,10,False
RE22,0.01,944,10,False
RE22,0.01,945,10,False
RE22,0.01,946,10,False
RE22,0.01,947,11,False
RE22,0.01,948,9,False
RE22,0.01,949,6,False
RE22,0.01,950,9,False
RE22,0.01,951,10,False
RE22,0.01,952,10,False
RE22,0.01,953,10,False
RE22,0.01,954,10,False
RE22,0.01,955,8,False
RE22,0.01,956,13,False
RE22,0.01,957,9,False
RE22,0.01,958,11,False
RE22,0.01,959,7,False
RE22,0.01,960,10,False
RE22,0.01,961,13,False
RE22,0.01,962,10,False
RE22,0.01,963,10,False
RE22,0.01,964,8,False
RE22,0.01,965,10,False
RE22,0.01,966,9,False
RE22,0.01,967,13,False
RE22,0.01,968,9,False
RE22,0.01,969,10,False
RE22,0.01,970,10,False
RE22,0.01,971,10,False
RE22,0.01,972,10,False
RE22,0.01,973,8,False
RE22,0.01,974,11,False
RE22,0.01,975,10,False
RE22,0.01,976,10,False
RE22,0.01,977,11,False
RE22,0.01,978,13,False
RE22,0.01,979,7,False
RE22,0.01,980,9,False
RE22,0.01,981,9,False
RE22,0.01,982,13,False
RE22,0.01,983,13,False
RE22,0.01,984,10,False
RE22,0.01,985,9,False
RE22,0.01,986,10,False
RE22,0.01,987,6,False
RE22,0.01,988,10,False
RE22,0.01,989,7,False
RE22,0.01,990,11,False
RE22,0.01,991,10,False
RE22,0.01,992,9,False
RE22,0.01,993,8,False
RE22,0.01,994,8,False
RE22,0.01,995,8,False
RE22,0.01,996,9,False
RE22,0.01,997,12,False
RE22,0.01,998,6,False
RE22,0.01,999,8,False
RE22,0.05,0,7,False
RE22,0.05,1,6,False
RE22,0.05,2,2,False
RE22,0.05,3,6,False
RE22,0.05,4,5,False
RE22,0.05,5,5,False
RE22,0.05,6,2,False
RE22,0.05,7,5,False
RE22,0.05,8,7,False
RE22,0.05,9,4,False
RE22,0.05,10,5,False
RE22,0.05,11,5,False
RE22,0.05,12,5,False
RE22,0.05,13,6,False
RE22,0.05,14,4,False
RE22,0.05,15,4,False
RE22,0.05,16,3,False
RE22,0.05,17,7,False
RE22,0.05,18,4,False
RE22,0.05,19,8,False
RE22,0.05,20,8,False
RE22,0.05,21,5,False
RE22,0.05,22,9,False
RE22,0.05,23,8,False
RE22,0.05,24,3,False
RE22,0.05,25,6,False
RE22,0.05,26,8,False
RE22,0.05,27,6,False
RE22,0.05,28,3,False
RE22,0.05,29,7,False
RE22,0.05,30,8,False
RE22,0.05,31,6,False
RE22,0.05,32,2,False
RE22,0.05,33,3,False
RE22,0.05,34,4,False
RE22,0.05,35,7,False
RE22,0.05,36,5,False
RE22,0.05,37,3,False
RE22,0.05,38,5,False
RE22,0.05,39,11,False
RE22,0.05,40,14,False
RE22,0.05,41,4,False
RE22,0.05,42,14,False
RE22,0.05,43,3,False
RE22,0.05,44,2,False
RE22,0.05,45,9,False
RE22,0.05,46,2,False
RE22,0.05,47,7,False
RE22,0.05,48,3,False
RE22,0.05,49,5,False
RE22,0.05,50,6,False
RE22,0.05,51,7,False
RE22,0.05,52,3,False
RE22,0.05,53,7,False
RE22,0.05,54,6,False
RE22,0.05,55,7,False
RE22,0.05,56,3,False
RE22,0.05,57,2,False
RE22,0.05,58,3,False
RE22,0.05,59,4,False
RE22,0.05,60,4,False
RE22,0.05,61,5,False
RE22,0.05,62,7,False
RE22,0.05,63,5,False
RE22,0.05,64,7,False
RE22,0.05,65,7,False
RE22,0.05,66,3,False
RE22,0.05,67,4,False
RE22,0.05,68,8,False
RE22,0.05,69,6,False
RE22,0.05,70,5,False
RE22,0.05,71,7,False
RE22,0.05,72,4,False
RE22,0.05,73,6,False
RE22,0.05,74,9,False
RE22,0.05,75,5,False
RE22,0.05,76,4,False
RE22,0.05,77,7,False
RE22,0.05,78,7,False
RE22,0.05,79,1,False
RE22,0.05,80,6,False
RE22,0.05,81,2,False
RE22,0.05,82,6,False
RE22,0.05,83,11,False
RE22,0.05,84,5,False
RE22,0.05,85,7,False
RE22,0.05,86,4,False
RE22,0.05,87,7,False
RE22,0.05,88,8,False
RE22,0.05,89,2,False
RE22,0.05,90,3,False
RE22,0.05,91,5,False
RE22,0.05,92,5,False
RE22,0.05,93,10,False
RE22,0.05,94,7,False
RE22,0.05,95,7,False
RE22,0.05,96,7,False
RE22,0.05,97,8,False
RE22,0.05,98,2,False
RE22,0.05,99,5,False
RE22,0.05,100,5,False
RE22,0.05,101,6,False
RE22,0.05,102,4,False
RE22,0.05,103,3,False
RE22,0.05,104,5,False
RE22,0.05,105,5,False
RE22,0.05,106,6,False
RE22,0.05,107,5,False
RE22,0.05,108,5,False
RE22,0.05,109,13,False
RE22,0.05,110,3,False
RE22,0.05,111,3,False
RE22,0.05,112,6,False
RE22,0.05,113,5,False
RE22,0.05,114,8,False
RE22,0.05,115,6,False
RE22,0.05,116,4,False
RE22,0.05,117,5,False
RE22,0.05,118,5,False
RE22,0.05,119,6,False
RE22,0.05,120,8,False
RE22,0.05,121,2,False
RE22,0.05,122,5,False
RE22,0.05,123,6,False
RE22,0.05,124,7,False
RE22,0.05,125,8,False
RE22,0.05,126,9,False
RE22,0.05,127,3,False
RE22,0.05,128,5,False
RE22,0.05,129,8,False
RE22,0.05,130,7,False
RE22,0.05,131,3,False
RE22,0.05,132,6,False
RE22,0.05,133,4,False
RE22,0.05,134,4,False
RE22,0.05,135,3,False
RE22,0.05,136,7,False
RE22,0.05,137,5,False
RE22,0.05,138,7,False
RE22,0.05,139,7,False
RE22,0.05,140,8,False
RE22,0.05,141,4,False
RE22,0.05,142,8,False
RE22,0.05,143,3,False
RE22,0.05,144,6,False
RE22,0.05,145,11,False
RE22,0.05,146,3,False
RE22,0.05,147,4,False
RE22,0.05,148,9,False
RE22,0.05,149,6,False
RE22,0.05,150,5,False
RE22,0.05,151,4,False
RE22,0.05,152,5,False
RE22,0.05,153,4,False
RE22,0.05,154,6,False
RE22,0.05,155,6,False
RE22,0.05,156,8,False
RE22,0.05,157,4,False
RE22,0.05,158,6,False
RE22,0.05,159,5,False
RE22,0.05,160,4,False
RE22,0.05,161,7,False
RE22,0.05,162,7,False
RE22,0.05,163,6,False
RE22,0.05,164,5,False
RE22,0.05,165,3,False
RE22,0.05,166,7,False
RE22,0.05,167,4,False
RE22,0.05,168,8,False
RE22,0.05,169,4,False
RE22,0.05,170,5,False
RE22,0.05,171,8,False
RE22,0.05,172,3,False
RE22,0.05,173,5,False
RE22,0.05,174,6,False
RE22,0.05,175,4,False
RE22,0.05,176,5,False
RE22,0.05,177,7,False
RE22,0.05,178,4,False
RE22,0.05,179,6,False
RE22,0.05,180,4,False
RE22,0.05,181,5,False
RE22,0.05,182,7,False
RE22,0.05,183,6,False
RE22,0.05,184,6,False
RE22,0.05,185,1,False
RE22,0.05,186,6,False
RE22,0.05,187,6,False
RE22,0.05,188,4,False
RE22,0.05,189,3,False
RE22,0.05,190,4,False
RE22,0.05,191,9,False
RE22,0.05,192,2,False
RE22,0.05,193,7,False
RE22,0.05,194,8,False
RE22,0.05,195,5,False
RE22,0.05,196,5,False
RE22,0.05,197,7,False
RE22,0.05,198,3,False
RE22,0.05,199,6,False
RE22,0.05,200,6,False
RE22,0.05,201,3,False
RE22,0.05,202,5,False
RE22,0.05,203,7,False
RE22,0.05,204,5,False
RE22,0.05,205,6,False
RE22,0.05,206,8,False
RE22,0.05,207,6,False
RE22,0.05,208,3,False
RE22,0.05,209,8,False
RE22,0.05,210,4,False
RE22,0.05,211,2,False
RE22,0.05,212,4,False
RE22,0.05,213,8,False
RE22,0.05,214,10,False
RE22,0.05,215,4,False
RE22,0.05,216,5,False
RE22,0.05,217,8,False
RE22,0.05,218,5,False
RE22,0.05,219,4,False
RE22,0.05,220,6,False
RE22,0.05,221,5,False
RE22,0.05,222,7,False
RE22,0.05,223,8,False
RE22,0.05,224,4,False
RE22,0.05,225,4,False
RE22,0.05,226,10,False
RE22,0.05,227,7,False
RE22,0.05,228,7,False
RE22,0.05,229,9,False
RE22,0.05,230,5,False
RE22,0.05,231,9,False
RE22,0.05,232,2,False
RE22,0.05,233,6,False
RE22,0.05,234,10,False
RE22,0.05,235,6,False
RE22,0.05,236,5,False
RE22,0.05,237,9,False
RE22,0.05,238,5,False
RE22,0.05,239,6,False
RE22,0.05,240,6,False
RE22,0.05,241,3,False
RE22,0.05,242,4,False
RE22,0.05,243,3,False
RE22,0.05,244,6,False
RE22,0.05,245,6,False
RE22,0.05,246,4,False
RE22,0.05,247,7,False
RE22,0.05,248,6,False
RE22,0.05,249,8,False
RE22,0.05,250,7,False
RE22,0.05,251,5,False
RE22,0.05,252,3,False
RE22,0.05,253,7,False
RE22,0.05,254,10,False
RE22,0.05,255,9,False
RE22,0.05,256,7,False
RE22,0.05,257,3,False
RE22,0.05,258,4,False
RE22,0.05,259,6,False
RE22,0.05,260,6,False
RE22,0.05,261,8,False
RE22,0.05,262,6,False
RE22,0.05,263,3,False
RE22,0.05,264,2,False
RE22,0.05,265,5,False
RE22,0.05,266,5,False
RE22,0.05,267,3,False
RE22,0.05,268,3,False
RE22,0.05,269,7,False
RE22,0.05,270,9,False
RE22,0.05,271,6,False
RE22,0.05,272,5,False
RE22,0.05,273,6,False
RE22,0.05,274,5,False
RE22,0.05,275,8,False
RE22,0.05,276,7,False
RE22,0.05,277,6,False
RE22,0.05,278,6,False
RE22,0.05,279,7,False
RE22,0.05,280,5,False
RE22,0.05,281,5,False
RE22,0.05,282,9,False
RE22,0.05,283,5,False
RE22,0.05,284,5,False
RE22,0.05,285,9,False
RE22,0.05,286,5,False
RE22,0.05,287,7,False
RE22,0.05,288,3,False
RE22,0.05,289,8,False
RE22,0.05,290,3,False
RE22,0.05,291,6,False
RE22,0.05,292,3,False
RE22,0.05,293,12,False
RE22,0.05,294,7,False
RE22,0.05,295,9,False
RE22,0.05,296,6,False
RE22,0.05,297,3,False
RE22,0.05,298,6,False
RE22,0.05,299,3,False
RE22,0.05,300,7,False
RE22,0.05,301,5,False
RE22,0.05,302,7,False
RE22,0.05,303,6,False
RE22,0.05,304,6,False
RE22,0.05,305,7,False
RE22,0.05,306,4,False
RE22,0.05,307,4,False
RE22,0.05,308,5,False
RE22,0.05,309,5,False
RE22,0.05,310,5,False
RE22,0.05,311,6,False
RE22,0.05,312,4,False
RE22,0.05,313,3,False
RE22,0.05,314,4,False
RE22,0.05,315,3,False
RE22,0.05,316,4,False
RE22,0.05,317,5,False
RE22,0.05,318,7,False
RE22,0.05,319,6,False
RE22,0.05,320,8,False
RE22,0.05,321,6,False
RE22,0.05,322,7,False
RE22,0.05,323,5,False
RE22,0.05,324,5,False
RE22,0.05,325,5,False
RE22,0.05,326,4,False
RE22,0.05,327,5,False
RE22,0.05,328,5,False
RE22,0.05,329,4,False
RE22,0.05,330,9,False
RE22,0.05,331,12,False
RE22,0.05,332,5,False
RE22,0.05,333,5,False
RE22,0.05,334,4,False
RE22,0.05,335,4,False
RE22,0.05,336,5,False
RE22,0.05,337,8,False
RE22,0.05,338,9,False
RE22,0.05,339,5,False
RE22,0.05,340,4,False
RE22,0.05,341,4,False
RE22,0.05,342,8,False
RE22,0.05,343,7,False
RE22,0.05,344,5,False
RE22,0.05,345,4,False
RE22,0.05,346,3,False
RE22,0.05,347,5,False
RE22,0.05,348,6,False
RE22,0.05,349,10,False
RE22,0.05,350,4,False
RE22,0.05,351,4,False
RE22,0.05,352,5,False
RE22,0.05,353,8,False
RE22,0.05,354,4,False
RE22,0.05,355,4,False
RE22,0.05,356,7,False
RE22,0.05,357,6,False
RE22,0.05,358,4,False
RE22,0.05,359,7,False
RE22,0.05,360,5,False
RE22,0.05,361,5,False
RE22,0.05,362,4,False
RE22,0.05,363,5,False
RE22,0.05,364,3,False
RE22,0.05,365,6,False
RE22,0.05,366,3,False
RE22,0.05,367,11,False
RE22,0.05,368,5,False
RE22,0.05,369,6,False
RE22,0.05,370,6,False
RE22,0.05,371,7,False
RE22,0.05,372,7,False
RE22,0.05,373,3,False
RE22,0.05,374,7,False
RE22,0.05,375,6,False
RE22,0.05,376,7,False
RE22,0.05,377,5,False
RE22,0.05,378,6,False
RE22,0.05,379,5,False
RE22,0.05,380,6,False
RE22,0.05,381,6,False
RE22,0.05,382,6,False
RE22,0.05,383,4,False
RE22,0.05,384,3,False
RE22,0.05,385,6,False
RE22,0.05,386,5,False
RE22,0.05,387,6,False
RE22,0.05,388,4,False
RE22,0.05,389,5,False
RE22,0.05,390,8,False
RE22,0.05,391,7,False
RE22,0.05,392,6,False
RE22,0.05,393,5,False
RE22,0.05,394,5,False
RE22,0.05,395,4,False
RE22,0.05,396,3,False
RE22,0.05,397,5,False
RE22,0.05,398,6,False
RE22,0.05,399,6,False
RE22,0.05,400,8,False
RE22,0.05,401,6,False
RE22,0.05,402,9,False
RE22,0.05,403,4,False
RE22,0.05,404,6,False
RE22,0.05,405,9,False
RE22,0.05,406,5,False
RE22,0.05,407,6,False
RE22,0.05,408,5,False
RE22,0.05,409,3,False
RE22,0.05,410,3,False
RE22,0.05,411,5,False
RE22,0.05,412,2,False
RE22,0.05,413,6,False
RE22,0.05,414,6,False
RE22,0.05,415,6,False
RE22,0.05,416,4,False
RE22,0.05,417,4,False
RE22,0.05,418,6,False
RE22,0.05,419,8,False
RE22,0.05,420,5,False
RE22,0.05,421,9,False
RE22,0.05,422,4,False
RE22,0.05,423,6,False
RE22,0.05,424,3,False
RE22,0.05,425,6,False
RE22,0.05,426,6,False
RE22,0.05,427,5,False
RE22,0.05,428,6,False
RE22,0.05,429,9,False
RE22,0.05,430,3,False
RE22,0.05,431,3,False
RE22,0.05,432,4,False
RE22,0.05,433,2,False
RE22,0.05,434,3,False
RE22,0.05,435,4,False
RE22,0.05,436,4,False
RE22,0.05,437,4,False
RE22,0.05,438,6,False
RE22,0.05,439,4,False
RE22,0.05,440,6,False
RE22,0.05,441,8,False
RE22,0.05,442,5,False
RE22,0.05,443,2,False
RE22,0.05,444,5,False
RE22,0.05,445,6,False
RE22,0.05,446,6,False
RE22,0.05,447,8,False
RE22,0.05,448,7,False
RE22,0.05,449,5,False
RE22,0.05,450,6,False
RE22,0.05,451,10,False
RE22,0.05,452,2,False
RE22,0.05,453,5,False
RE22,0.05,454,9,False
RE22,0.05,455,5,False
RE22,0.05,456,4,False
RE22,0.05,457,6,False
RE22,0.05,458,7,False
RE22,0.05,459,6,False
RE22,0.05,460,4,False
RE22,0.05,461,5,False
RE22,0.05,462,5,False
RE22,0.05,463,6,False
RE22,0.05,464,6,False
RE22,0.05,465,5,False
RE22,0.05,466,4,False
RE22,0.05,467,10,False
RE22,0.05,468,4,False
RE22,0.05,469,7,False
RE22,0.05,470,7,False
RE22,0.05,471,2,False
RE22,0.05,472,9,False
RE22,0.05,473,7,False
RE22,0.05,474,4,False
RE22,0.05,475,6,False
RE22,0.05,476,5,False
RE22,0.05,477,4,False
RE22,0.05,478,2,False
RE22,0.05,479,6,False
RE22,0.05,480,6,False
RE22,0.05,481,3,False
RE22,0.05,482,2,False
RE22,0.05,483,4,False
RE22,0.05,484,6,False
RE22,0.05,485,11,False
RE22,0.05,486,4,False
RE22,0.05,487,5,False
RE22,0.05,488,6,False
RE22,0.05,489,8,False
RE22,0.05,490,3,False
RE22,0.05,491,6,False
RE22,0.05,492,6,False
RE22,0.05,493,2,False
RE22,0.05,494,4,False
RE22,0.05,495,1,False
RE22,0.05,496,4,False
RE22,0.05,497,2,False
RE22,0.05,498,3,False
RE22,0.05,499,2,False
RE22,0.05,500,5,False
RE22,0.05,501,6,False
RE22,0.05,502,5,False
RE22,0.05,503,8,False
RE22,0.05,504,6,False
RE22,0.05,505,8,False
RE22,0.05,506,8,False
RE22,0.05,507,4,False
RE22,0.05,508,5,False
RE22,0.05,509,5,False
RE22,0.05,510,2,False
RE22,0.05,511,4,False
RE22,0.05,512,5,False
RE22,0.05,513,7,False
RE22,0.05,514,5,False
RE22,0.05,515,6,False
RE22,0.05,516,5,False
RE22,0.05,517,8,False
RE22,0.05,518,8,False
RE22,0.05,519,3,False
RE22,0.05,520,5,False
RE22,0.05,521,5,False
RE22,0.05,522,9,False
RE22,0.05,523,4,False
RE22,0.05,524,8,False
RE22,0.05,525,3,False
RE22,0.05,526,5,False
RE22,0.05,527,8,False
RE22,0.05,528,7,False
RE22,0.05,529,7,False
RE22,0.05,530,4,False
RE22,0.05,531,5,False
RE22,0.05,532,6,False
RE22,0.05,533,3,False
RE22,0.05,534,4,False
RE22,0.05,535,6,False
RE22,0.05,536,6,False
RE22,0.05,537,6,False
RE22,0.05,538,3,False
RE22,0.05,539,7,False
RE22,0.05,540,4,False
RE22,0.05,541,7,False
RE22,0.05,542,5,False
RE22,0.05,543,4,False
RE22,0.05,544,6,False
RE22,0.05,545,9,False
RE22,0.05,546,7,False
RE22,0.05,547,6,False
RE22,0.05,548,5,False
RE22,0.05,549,7,False
RE22,0.05,550,10,False
RE22,0.05,551,9,False
RE22,0.05,552,2,False
RE22,0.05,553,8,False
RE22,0.05,554,4,False
RE22,0.05,555,6,False
RE22,0.05,556,4,False
RE22,0.05,557,7,False
RE22,0.05,558,6,False
RE22,0.05,559,6,False
RE22,0.05,560,4,False
RE22,0.05,561,1,False
RE22,0.05,562,7,False
RE22,0.05,563,5,False
RE22,0.05,564,11,False
RE22,0.05,565,3,False
RE22,0.05,566,7,False
RE22,0.05,567,9,False
RE22,0.05,568,5,False
RE22,0.05,569,5,False
RE22,0.05,570,5,False
RE22,0.05,571,4,False
RE22,0.05,572,5,False
RE22,0.05,573,6,False
RE22,0.05,574,6,False
RE22,0.05,575,5,False
RE22,0.05,576,6,False
RE22,0.05,577,7,False
RE22,0.05,578,7,False
RE22,0.05,579,9,False
RE22,0.05,580,5,False
RE22,0.05,581,1,False
RE22,0.05,582,13,False
RE22,0.05,583,5,False
RE22,0.05,584,2,False
RE22,0.05,585,8,False
RE22,0.05,586,9,False
RE22,0.05,587,5,False
RE22,0.05,588,6,False
RE22,0.05,589,9,False
RE22,0.05,590,6,False
RE22,0.05,591,6,False
RE22,0.05,592,1,False
RE22,0.05,593,5,False
RE22,0.05,594,4,False
RE22,0.05,595,6,False
RE22,0.05,596,5,False
RE22,0.05,597,8,False
RE22,0.05,598,2,False
RE22,0.05,599,4,False
RE22,0.05,600,6,False
RE22,0.05,601,7,False
RE22,0.05,602,6,False
RE22,0.05,603,4,False
RE22,0.05,604,6,False
RE22,0.05,605,10,False
RE22,0.05,606,5,False
RE22,0.05,607,3,False
RE22,0.05,608,8,False
RE22,0.05,609,7,False
RE22,0.05,610,2,False
RE22,0.05,611,9,False
RE22,0.05,612,5,False
RE22,0.05,613,3,False
RE22,0.05,614,4,False
RE22,0.05,615,7,False
RE22,0.05,616,4,False
RE22,0.05,617,5,False
RE22,0.05,618,7,False
RE22,0.05,619,7,False
RE22,0.05,620,4,False
RE22,0.05,621,6,False
RE22,0.05,622,4,False
RE22,0.05,623,4,False
RE22,0.05,624,6,False
RE22,0.05,625,7,False
RE22,0.05,626,2,False
RE22,0.05,627,5,False
RE22,0.05,628,5,False
RE22,0.05,629,5,False
RE22,0.05,630,4,False
RE22,0.05,631,7,False
RE22,0.05,632,7,False
RE22,0.05,633,3,False
RE22,0.05,634,6,False
RE22,0.05,635,2,False
RE22,0.05,636,3,False
RE22,0.05,637,6,False
RE22,0.05,638,9,False
RE22,0.05,639,6,False
RE22,0.05,640,6,False
RE22,0.05,641,2,False
RE22,0.05,642,7,False
RE22,0.05,643,6,False
RE22,0.05,644,3,False
RE22,0.05,645,4,False
RE22,0.05,646,4,False
RE22,0.05,647,5,False
RE22,0.05,648,3,False
RE22,0.05,649,6,False
RE22,0.05,650,6,False
RE22,0.05,651,4,False
RE22,0.05,652,8,False
RE22,0.05,653,7,False
RE22,0.05,654,6,False
RE22,0.05,655,6,False
RE22,0.05,656,4,False
RE22,0.05,657,4,False
RE22,0.05,658,4,False
RE22,0.05,659,5,False
RE22,0.05,660,8,False
RE22,0.05,661,3,False
RE22,0.05,662,4,False
RE22,0.05,663,7,False
RE22,0.05,664,2,False
RE22,0.05,665,4,False
RE22,0.05,666,7,False
RE22,0.05,667,6,False
RE22,0.05,668,5,False
RE22,0.05,669,5,False
RE22,0.05,670,6,False
RE22,0.05,671,4,False
RE22,0.05,672,5,False
RE22,0.05,673,5,False
RE22,0.05,674,11,False
RE22,0.05,675,5,False
RE22,0.05,676,8,False
RE22,0.05,677,4,False
RE22,0.05,678,2,False
RE22,0.05,679,6,False
RE22,0.05,680,5,False
RE22,0.05,681,3,False
RE22,0.05,682,10,False
RE22,0.05,683,3,False
RE22,0.05,684,8,False
RE22,0.05,685,4,False
RE22,0.05,686,5,False
RE22,0.05,687,6,False
RE22,0.05,688,4,False
RE22,0.05,689,3,False
RE22,0.05,690,5,False
RE22,0.05,691,2,False
RE22,0.05,692,6,False
RE22,0.05,693,5,False
RE22,0.05,694,5,False
RE22,0.05,695,4,False
RE22,0.05,696,4,False
RE22,0.05,697,5,False
RE22,0.05,698,3,False
RE22,0.05,699,8,False
RE22,0.05,700,5,False
RE22,0.05,701,4,False
RE22,0.05,702,5,False
RE22,0.05,703,7,False
RE22,0.05,704,8,False
RE22,0.05,705,9,False
RE22,0.05,706,9,False
RE22,0.05,707,4,False
RE22,0.05,708,4,False
RE22,0.05,709,7,False
RE22,0.05,710,8,False
RE22,0.05,711,6,False
RE22,0.05,712,4,False
RE22,0.05,713,5,False
RE22,0.05,714,5,False
RE22,0.05,715,5,False
RE22,0.05,716,2,False
RE22,0.05,717,5,False
RE22,0.05,718,6,False
RE22,0.05,719,4,False
RE22,0.05,720,5,False
RE22,0.05,721,6,False
RE22,0.05,722,7,False
RE22,0.05,723,9,False
RE22,0.05,724,2,False
RE22,0.05,725,6,False
RE22,0.05,726,7,False
RE22,0.05,727,6,False
RE22,0.05,728,6,False
RE22,0.05,729,3,False
RE22,0.05,730,6,False
RE22,0.05,731,7,False
RE22,0.05,732,6,False
RE22,0.05,733,7,False
RE22,0.05,734,5,False
RE22,0.05,735,10,False
RE22,0.05,736,6,False
RE22,0.05,737,4,False
RE22,0.05,738,5,False
RE22,0.05,739,4,False
RE22,0.05,740,6,False
RE22,0.05,741,9,False
RE22,0.05,742,5,False
RE22,0.05,743,8,False
RE22,0.05,744,13,False
RE22,0.05,745,7,False
RE22,0.05,746,6,False
RE22,0.05,747,6,False
RE22,0.05,748,6,False
RE22,0.05,749,5,False
RE22,0.05,750,6,False
RE22,0.05,751,6,False
RE22,0.05,752,8,False
RE22,0.05,753,7,False
RE22,0.05,754,4,False
RE22,0.05,755,4,False
RE22,0.05,756,7,False
RE22,0.05,757,3,False
RE22,0.05,758,7,False
RE22,0.05,759,7,False
RE22,0.05,760,4,False
RE22,0.05,761,8,False
RE22,0.05,762,9,False
RE22,0.05,763,7,False
RE22,0.05,764,4,False
RE22,0.05,765,5,False
RE22,0.05,766,11,False
RE22,0.05,767,8,False
RE22,0.05,768,8,False
RE22,0.05,769,5,False
RE22,0.05,770,7,False
RE22,0.05,771,5,False
RE22,0.05,772,6,False
RE22,0.05,773,6,False
RE22,0.05,774,7,False
RE22,0.05,775,3,False
RE22,0.05,776,5,False
RE22,0.05,777,7,False
RE22,0.05,778,4,False
RE22,0.05,779,4,False
RE22,0.05,780,5,False
RE22,0.05,781,9,False
RE22,0.05,782,6,False
RE22,0.05,783,7,False
RE22,0.05,784,6,False
RE22,0.05,785,4,False
RE22,0.05,786,10,False
RE22,0.05,787,1,False
RE22,0.05,788,6,False
RE22,0.05,789,3,False
RE22,0.05,790,4,False
RE22,0.05,791,3,False
RE22,0.05,792,5,False
RE22,0.05,793,14,False
RE22,0.05,794,4,False
RE22,0.05,795,7,False
RE22,0.05,796,8,False
RE22,0.05,797,9,False
RE22,0.05,798,6,False
RE22,0.05,799,3,False
RE22,0.05,800,4,False
RE22,0.05,801,2,False
RE22,0.05,802,8,False
RE22,0.05,803,8,False
RE22,0.05,804,2,False
RE22,0.05,805,5,False
RE22,0.05,806,5,False
RE22,0.05,807,5,False
RE22,0.05,808,5,False
RE22,0.05,809,6,False
RE22,0.05,810,5,False
RE22,0.05,811,4,False
RE22,0.05,812,4,False
RE22,0.05,813,5,False
RE22,0.05,814,5,False
RE22,0.05,815,5,False
RE22,0.05,816,6,False
RE22,0.05,817,5,False
RE22,0.05,818,6,False
RE22,0.05,819,6,False
RE22,0.05,820,3,False
RE22,0.05,821,5,False
RE22,0.05,822,4,False
RE22,0.05,823,6,False
RE22,0.05,824,6,False
RE22,0.05,825,3,False
RE22,0.05,826,3,False
RE22,0.05,827,3,False
RE22,0.05,828,4,False
RE22,0.05,829,5,False
RE22,0.05,830,5,False
RE22,0.05,831,5,False
RE22,0.05,832,2,False
RE22,0.05,833,4,False
RE22,0.05,834,8,False
RE22,0.05,835,3,False
RE22,0.05,836,6,False
RE22,0.05,837,6,False
RE22,0.05,838,7,False
RE22,0.05,839,1,False
RE22,0.05,840,6,False
RE22,0.05,841,6,False
RE22,0.05,842,4,False
RE22,0.05,843,10,False
RE22,0.05,844,9,False
RE22,0.05,845,5,False
RE22,0.05,846,3,False
RE22,0.05,847,9,False
RE22,0.05,848,3,False
RE22,0.05,849,4,False
RE22,0.05,850,5,False
RE22,0.05,851,3,False
RE22,0.05,852,8,False
RE22,0.05,853,8,False
RE22,0.05,854,8,False
RE22,0.05,855,5,False
RE22,0.05,856,5,False
RE22,0.05,857,5,False
RE22,0.05,858,4,False
RE22,0.05,859,4,False
RE22,0.05,860,10,False
RE22,0.05,861,6,False
RE22,0.05,862,9,False
RE22,0.05,863,6,False
RE22,0.05,864,4,False
RE22,0.05,865,5,False
RE22,0.05,866,10,False
RE22,0.05,867,7,False
RE22,0.05,868,6,False
RE22,0.05,869,7,False
RE22,0.05,870,7,False
RE22,0.05,871,9,False
RE22,0.05,872,6,False
RE22,0.05,873,5,False
RE22,0.05,874,6,False
RE22,0.05,875,5,False
RE22,0.05,876,7,False
RE22,0.05,877,4,False
RE22,0.05,878,5,False
RE22,0.05,879,8,False
RE22,0.05,880,6,False
RE22,0.05,881,7,False
RE22,0.05,882,7,False
RE22,0.05,883,4,False
RE22,0.05,884,7,False
RE22,0.05,885,3,False
RE22,0.05,886,6,False
RE22,0.05,887,7,False
RE22,0.05,888,7,False
RE22,0.05,889,4,False
RE22,0.05,890,5,False
RE22,0.05,891,5,False
RE22,0.05,892,5,False
RE22,0.05,893,4,False
RE22,0.05,894,8,False
RE22,0.05,895,4,False
RE22,0.05,896,3,False
RE22,0.05,897,2,False
RE22,0.05,898,7,False
RE22,0.05,899,4,False
RE22,0.05,900,6,False
RE22,0.05,901,6,False
RE22,0.05,902,8,False
RE22,0.05,903,4,False
RE22,0.05,904,5,False
RE22,0.05,905,8,False
RE22,0.05,906,7,False
RE22,0.05,907,12,False
RE22,0.05,908,3,False
RE22,0.05,909,1,False
RE22,0.05,910,6,False
RE22,0.05,911,3,False
RE22,0.05,912,4,False
RE22,0.05,913,5,False
RE22,0.05,914,3,False
RE22,0.05,915,4,False
RE22,0.05,916,4,False
RE22,0.05,917,4,False
RE22,0.05,918,8,False
RE22,0.05,919,8,False
RE22,0.05,920,4,False
RE22,0.05,921,8,False
RE22,0.05,922,5,False
RE22,0.05,923,3,False
RE22,0.05,924,7,False
RE22,0.05,925,3,False
RE22,0.05,926,8,False
RE22,0.05,927,7,False
RE22,0.05,928,7,False
RE22,0.05,929,3,False
RE22,0.05,930,6,False
RE22,0.05,931,7,False
RE22,0.05,932,2,False
RE22,0.05,933,11,False
RE22,0.05,934,5,False
RE22,0.05,935,7,False
RE22,0.05,936,5,False
RE22,0.05,937,4,False
RE22,0.05,938,4,False
RE22,0.05,939,5,False
RE22,0.05,940,7,False
RE22,0.05,941,4,False
RE22,0.05,942,2,False
RE22,0.05,943,3,False
RE22,0.05,944,2,False
RE22,0.05,945,8,False
RE22,0.05,946,4,False
RE22,0.05,947,4,False
RE22,0.05,948,9,False
RE22,0.05,949,4,False
RE22,0.05,950,4,False
RE22,0.05,951,4,False
RE22,0.05,952,4,False
RE22,0.05,953,5,False
RE22,0.05,954,9,False
RE22,0.05,955,7,False
RE22,0.05,956,4,False
RE22,0.05,957,5,False
RE22,0.05,958,4,False
RE22,0.05,959,8,False
RE22,0.05,960,2,False
RE22,0.05,961,8,False
RE22,0.05,962,5,False
RE22,0.05,963,6,False
RE22,0.05,964,5,False
RE22,0.05,965,7,False
RE22,0.05,966,4,False
RE22,0.05,967,7,False
RE22,0.05,968,6,False
RE22,0.05,969,6,False
RE22,0.05,970,5,False
RE22,0.05,971,6,False
RE22,0.05,972,3,False
RE22,0.05,973,4,False
RE22,0.05,974,7,False
RE22,0.05,975,5,False
RE22,0.05,976,4,False
RE22,0.05,977,4,False
RE22,0.05,978,7,False
RE22,0.05,979,3,False
RE22,0.05,980,4,False
RE22,0.05,981,4,False
RE22,0.05,982,9,False
RE22,0.05,983,5,False
RE22,0.05,984,3,False
RE22,0.05,985,8,False
RE22,0.05,986,6,False
RE22,0.05,987,3,False
RE22,0.05,988,7,False
RE22,0.05,989,6,False
RE22,0.05,990,3,False
RE22,0.05,991,4,False
RE22,0.05,992,5,False
RE22,0.05,993,7,False
RE22,0.05,994,6,False
RE22,0.05,995,4,False
RE22,0.05,996,4,False
RE22,0.05,997,8,False
RE22,0.05,998,3,False
RE22,0.05,999,5,False
RE22,0.1,0,3,False
RE22,0.1,1,4,False
RE22,0.1,2,4,False
RE22,0.1,3,5,False
RE22,0.1,4,7,False
RE22,0.1,5,9,False
RE22,0.1,6,7,False
RE22,0.1,7,5,False
RE22,0.1,8,7,False
RE22,0.1,9,9,False
RE22,0.1,10,7,False
RE22,0.1,11,4,False
RE22,0.1,12,4,False
RE22,0.1,13,6,False
RE22,0.1,14,3,False
RE22,0.1,15,10,False
RE22,0.1,16,3,False
RE22,0.1,17,7,False
RE22,0.1,18,5,False
RE22,0.1,19,3,False
RE22,0.1,20,4,False
RE22,0.1,21,6,False
RE22,0.1,22,6,False
RE22,0.1,23,2,False
RE22,0.1,24,7,False
RE22,0.1,25,7,False
RE22,0.1,26,4,False
RE22,0.1,27,8,False
RE22,0.1,28,3,False
RE22,0.1,29,6,False
RE22,0.1,30,6,False
RE22,0.1,31,7,False
RE22,0.1,32,5,False
RE22,0.1,33,3,False
RE22,0.1,34,2,False
RE22,0.1,35,6,False
RE22,0.1,36,7,False
RE22,0.1,37,5,False
RE22,0.1,38,3,False
RE22,0.1,39,6,False
RE22,0.1,40,6,False
RE22,0.1,41,3,False
RE22,0.1,42,3,False
RE22,0.1,43,5,False
RE22,0.1,44,5,False
RE22,0.1,45,5,False
RE22,0.1,46,4,False
RE22,0.1,47,5,False
RE22,0.1,48,4,False
RE22,0.1,49,9,False
RE22,0.1,50,4,False
RE22,0.1,51,8,False
RE22,0.1,52,8,False
RE22,0.1,53,2,False
RE22,0.1,54,6,False
RE22,0.1,55,6,False
RE22,0.1,56,4,False
RE22,0.1,57,4,False
RE22,0.1,58,5,False
RE22,0.1,59,6,False
RE22,0.1,60,4,False
RE22,0.1,61,10,False
RE22,0.1,62,7,False
RE22,0.1,63,4,False
RE22,0.1,64,7,False
RE22,0.1,65,8,False
RE22,0.1,66,5,False
RE22,0.1,67,7,False
RE22,0.1,68,5,False
RE22,0.1,69,7,False
RE22,0.1,70,6,False
RE22,0.1,71,5,False
RE22,0.1,72,6,False
RE22,0.1,73,6,False
RE22,0.1,74,3,False
RE22,0.1,75,2,False
RE22,0.1,76,4,False
RE22,0.1,77,5,False
RE22,0.1,78,5,False
RE22,0.1,79,4,False
RE22,0.1,80,6,False
RE22,0.1,81,5,False
RE22,0.1,82,3,False
RE22,0.1,83,1,False
RE22,0.1,84,9,False
RE22,0.1,85,1,False
RE22,0.1,86,4,False
RE22,0.1,87,7,False
RE22,0.1,88,5,False
RE22,0.1,89,1,False
RE22,0.1,90,5,False
RE22,0.1,91,6,False
RE22,0.1,92,2,False
RE22,0.1,93,6,False
RE22,0.1,94,4,False
RE22,0.1,95,7,False
RE22,0.1,96,6,False
RE22,0.1,97,4,False
RE22,0.1,98,7,False
RE22,0.1,99,3,False
RE22,0.1,100,9,False
RE22,0.1,101,6,False
RE22,0.1,102,5,False
RE22,0.1,103,13,False
RE22,0.1,104,4,False
RE22,0.1,105,5,False
RE22,0.1,106,7,False
RE22,0.1,107,6,False
RE22,0.1,108,6,False
RE22,0.1,109,6,False
RE22,0.1,110,8,False
RE22,0.1,111,3,False
RE22,0.1,112,5,False
RE22,0.1,113,7,False
RE22,0.1,114,3,False
RE22,0.1,115,7,False
RE22,0.1,116,5,False
RE22,0.1,117,4,False
RE22,0.1,118,5,False
RE22,0.1,119,6,False
RE22,0.1,120,5,False
RE22,0.1,121,5,False
RE22,0.1,122,6,False
RE22,0.1,123,6,False
RE22,0.1,124,9,False
RE22,0.1,125,4,False
RE22,0.1,126,8,False
RE22,0.1,127,7,False
RE22,0.1,128,4,False
RE22,0.1,129,8,False
RE22,0.1,130,4,False
RE22,0.1,131,6,False
RE22,0.1,132,4,False
RE22,0.1,133,7,False
RE22,0.1,134,6,False
RE22,0.1,135,5,False
RE22,0.1,136,3,False
RE22,0.1,137,5,False
RE22,0.1,138,3,False
RE22,0.1,139,5,False
RE22,0.1,140,6,False
RE22,0.1,141,5,False
RE22,0.1,142,5,False
RE22,0.1,143,3,False
RE22,0.1,144,6,False
RE22,0.1,145,10,False
RE22,0.1,146,4,False
RE22,0.1,147,2,False
RE22,0.1,148,4,False
RE22,0.1,149,3,False
RE22,0.1,150,7,False
RE22,0.1,151,5,False
RE22,0.1,152,7,False
RE22,0.1,153,6,False
RE22,0.1,154,4,False
RE22,0.1,155,8,False
RE22,0.1,156,4,False
RE22,0.1,157,2,False
RE22,0.1,158,7,False
RE22,0.1,159,5,False
RE22,0.1,160,1,False
RE22,0.1,161,6,False
RE22,0.1,162,4,False
RE22,0.1,163,6,False
RE22,0.1,164,6,False
RE22,0.1,165,6,False
RE22,0.1,166,5,False
RE22,0.1,167,3,False
RE22,0.1,168,5,False
RE22,0.1,169,4,False
RE22,0.1,170,6,False
RE22,0.1,171,4,False
RE22,0.1,172,5,False
RE22,0.1,173,4,False
RE22,0.1,174,7,False
RE22,0.1,175,4,False
RE22,0.1,176,6,False
RE22,0.1,177,3,False
RE22,0.1,178,4,False
RE22,0.1,179,7,False
RE22,0.1,180,5,False
RE22,0.1,181,6,False
RE22,0.1,182,9,False
RE22,0.1,183,2,False
RE22,0.1,184,4,False
RE22,0.1,185,10,False
RE22,0.1,186,6,False
RE22,0.1,187,3,False
RE22,0.1,188,3,False
RE22,0.1,189,4,False
RE22,0.1,190,6,False
RE22,0.1,191,4,False
RE22,0.1,192,4,False
RE22,0.1,193,6,False
RE22,0.1,194,3,False
RE22,0.1,195,3,False
RE22,0.1,196,3,False
RE22,0.1,197,5,False
RE22,0.1,198,7,False
RE22,0.1,199,7,False
RE22,0.1,200,6,False
RE22,0.1,201,5,False
RE22,0.1,202,3,False
RE22,0.1,203,10,False
RE22,0.1,204,9,False
RE22,0.1,205,4,False
RE22,0.1,206,3,False
RE22,0.1,207,5,False
RE22,0.1,208,7,False
RE22,0.1,209,4,False
RE22,0.1,210,2,False
RE22,0.1,211,7,False
RE22,0.1,212,7,False
RE22,0.1,213,9,False
RE22,0.1,214,4,False
RE22,0.1,215,4,False
RE22,0.1,216,4,False
RE22,0.1,217,11,False
RE22,0.1,218,5,False
RE22,0.1,219,8,False
RE22,0.1,220,7,False
RE22,0.1,221,5,False
RE22,0.1,222,5,False
RE22,0.1,223,6,False
RE22,0.1,224,7,False
RE22,0.1,225,5,False
RE22,0.1,226,6,False
RE22,0.1,227,5,False
RE22,0.1,228,7,False
RE22,0.1,229,4,False
RE22,0.1,230,5,False
RE22,0.1,231,5,False
RE22,0.1,232,9,False
RE22,0.1,233,4,False
RE22,0.1,234,6,False
RE22,0.1,235,6,False
RE22,0.1,236,5,False
RE22,0.1,237,4,False
RE22,0.1,238,3,False
RE22,0.1,239,7,False
RE22,0.1,240,5,False
RE22,0.1,241,7,False
RE22,0.1,242,8,False
RE22,0.1,243,4,False
RE22,0.1,244,8,False
RE22,0.1,245,6,False
RE22,0.1,246,4,False
RE22,0.1,247,3,False
RE22,0.1,248,3,False
RE22,0.1,249,4,False
RE22,0.1,250,4,False
RE22,0.1,251,5,False
RE22,0.1,252,6,False
RE22,0.1,253,4,False
RE22,0.1,254,4,False
RE22,0.1,255,5,False
RE22,0.1,256,6,False
RE22,0.1,257,5,False
RE22,0.1,258,5,False
RE22,0.1,259,5,False
RE22,0.1,260,8,False
RE22,0.1,261,8,False
RE22,0.1,262,3,False
RE22,0.1,263,10,False
RE22,0.1,264,4,False
RE22,0.1,265,9,False
RE22,0.1,266,4,False
RE22,0.1,267,6,False
RE22,0.1,268,5,False
RE22,0.1,269,5,False
RE22,0.1,270,8,False
RE22,0.1,271,9,False
RE22,0.1,272,7,False
RE22,0.1,273,7,False
RE22,0.1,274,6,False
RE22,0.1,275,2,False
RE22,0.1,276,8,False
RE22,0.1,277,8,False
RE22,0.1,278,10,False
RE22,0.1,279,4,False
RE22,0.1,280,4,False
RE22,0.1,281,5,False
RE22,0.1,282,3,False
RE22,0.1,283,8,False
RE22,0.1,284,4,False
RE22,0.1,285,8,False
RE22,0.1,286,5,False
RE22,0.1,287,6,False
RE22,0.1,288,9,False
RE22,0.1,289,4,False
RE22,0.1,290,3,False
RE22,0.1,291,7,False
RE22,0.1,292,9,False
RE22,0.1,293,8,False
RE22,0.1,294,6,False
RE22,0.1,295,3,False
RE22,0.1,296,4,False
RE22,0.1,297,4,False
RE22,0.1,298,6,False
RE22,0.1,299,8,False
RE22,0.1,300,2,False
RE22,0.1,301,5,False
RE22,0.1,302,5,False
RE22,0.1,303,8,False
RE22,0.1,304,5,False
RE22,0.1,305,4,False
RE22,0.1,306,5,False
RE22,0.1,307,5,False
RE22,0.1,308,3,False
RE22,0.1,309,4,False
RE22,0.1,310,8,False
RE22,0.1,311,4,False
RE22,0.1,312,5,False
RE22,0.1,313,6,False
RE22,0.1,314,8,False
RE22,0.1,315,7,False
RE22,0.1,316,4,False
RE22,0.1,317,3,False
RE22,0.1,318,7,False
RE22,0.1,319,7,False
RE22,0.1,320,7,False
RE22,0.1,321,2,False
RE22,0.1,322,9,False
RE22,0.1,323,4,False
RE22,0.1,324,2,False
RE22,0.1,325,4,False
RE22,0.1,326,3,False
RE22,0.1,327,4,False
RE22,0.1,328,4,False
RE22,0.1,329,4,False
RE22,0.1,330,2,False
RE22,0.1,331,5,False
RE22,0.1,332,5,False
RE22,0.1,333,2,False
RE22,0.1,334,4,False
RE22,0.1,335,7,False
RE22,0.1,336,9,False
RE22,0.1,337,2,False
RE22,0.1,338,4,False
RE22,0.1,339,6,False
RE22,0.1,340,5,False
RE22,0.1,341,3,False
RE22,0.1,342,5,False
RE22,0.1,343,6,False
RE22,0.1,344,6,False
RE22,0.1,345,6,False
RE22,0.1,346,5,False
RE22,0.1,347,5,False
RE22,0.1,348,5,False
RE22,0.1,349,4,False
RE22,0.1,350,6,False
RE22,0.1,351,1,False
RE22,0.1,352,6,False
RE22,0.1,353,7,False
RE22,0.1,354,5,False
RE22,0.1,355,8,False
RE22,0.1,356,6,False
RE22,0.1,357,7,False
RE22,0.1,358,11,False
RE22,0.1,359,7,False
RE22,0.1,360,3,False
RE22,0.1,361,4,False
RE22,0.1,362,7,False
RE22,0.1,363,6,False
RE22,0.1,364,3,False
RE22,0.1,365,5,False
RE22,0.1,366,4,False
RE22,0.1,367,6,False
RE22,0.1,368,5,False
RE22,0.1,369,6,False
RE22,0.1,370,2,False
RE22,0.1,371,5,False
RE22,0.1,372,4,False
RE22,0.1,373,4,False
RE22,0.1,374,5,False
RE22,0.1,375,7,False
RE22,0.1,376,6,False
RE22,0.1,377,5,False
RE22,0.1,378,9,False
RE22,0.1,379,3,False
RE22,0.1,380,4,False
RE22,0.1,381,8,False
RE22,0.1,382,5,False
RE22,0.1,383,9,False
RE22,0.1,384,2,False
RE22,0.1,385,9,False
RE22,0.1,386,7,False
RE22,0.1,387,4,False
RE22,0.1,388,6,False
RE22,0.1,389,3,False
RE22,0.1,390,3,False
RE22,0.1,391,4,False
RE22,0.1,392,7,False
RE22,0.1,393,5,False
RE22,0.1,394,6,False
RE22,0.1,395,8,False
RE22,0.1,396,7,False
RE22,0.1,397,6,False
RE22,0.1,398,9,False
RE22,0.1,399,8,False
RE22,0.1,400,8,False
RE22,0.1,401,2,False
RE22,0.1,402,5,False
RE22,0.1,403,5,False
RE22,0.1,404,4,False
RE22,0.1,405,9,False
RE22,0.1,406,7,False
RE22,0.1,407,3,False
RE22,0.1,408,7,False
RE22,0.1,409,5,False
RE22,0.1,410,4,False
RE22,0.1,411,2,False
RE22,0.1,412,5,False
RE22,0.1,413,11,False
RE22,0.1,414,5,False
RE22,0.1,415,4,False
RE22,0.1,416,4,False
RE22,0.1,417,4,False
RE22,0.1,418,11,False
RE22,0.1,419,2,False
RE22,0.1,420,7,False
RE22,0.1,421,4,False
RE22,0.1,422,7,False
RE22,0.1,423,4,False
RE22,0.1,424,3,False
RE22,0.1,425,7,False
RE22,0.1,426,6,False
RE22,0.1,427,5,False
RE22,0.1,428,8,False
RE22,0.1,429,6,False
RE22,0.1,430,9,False
RE22,0.1,431,5,False
RE22,0.1,432,2,False
RE22,0.1,433,5,False
RE22,0.1,434,7,False
RE22,0.1,435,5,False
RE22,0.1,436,6,False
RE22,0.1,437,3,False
RE22,0.1,438,4,False
RE22,0.1,439,3,False
RE22,0.1,440,4,False
RE22,0.1,441,6,False
RE22,0.1,442,8,False
RE22,0.1,443,2,False
RE22,0.1,444,7,False
RE22,0.1,445,4,False
RE22,0.1,446,6,False
RE22,0.1,447,6,False
RE22,0.1,448,5,False
RE22,0.1,449,6,False
RE22,0.1,450,8,False
RE22,0.1,451,8,False
RE22,0.1,452,10,False
RE22,0.1,453,3,False
RE22,0.1,454,5,False
RE22,0.1,455,6,False
RE22,0.1,456,5,False
RE22,0.1,457,2,False
RE22,0.1,458,9,False
RE22,0.1,459,1,False
RE22,0.1,460,7,False
RE22,0.1,461,8,False
RE22,0.1,462,8,False
RE22,0.1,463,4,False
RE22,0.1,464,6,False
RE22,0.1,465,10,False
RE22,0.1,466,7,False
RE22,0.1,467,8,False
RE22,0.1,468,7,False
RE22,0.1,469,5,False
RE22,0.1,470,2,False
RE22,0.1,471,8,False
RE22,0.1,472,6,False
RE22,0.1,473,4,False
RE22,0.1,474,6,False
RE22,0.1,475,6,False
RE22,0.1,476,6,False
RE22,0.1,477,4,False
RE22,0.1,478,6,False
RE22,0.1,479,6,False
RE22,0.1,480,2,False
RE22,0.1,481,7,False
RE22,0.1,482,6,False
RE22,0.1,483,8,False
RE22,0.1,484,7,False
RE22,0.1,485,9,False
RE22,0.1,486,6,False
RE22,0.1,487,4,False
RE22,0.1,488,2,False
RE22,0.1,489,7,False
RE22,0.1,490,7,False
RE22,0.1,491,5,False
RE22,0.1,492,7,False
RE22,0.1,493,3,False
RE22,0.1,494,8,False
RE22,0.1,495,6,False
RE22,0.1,496,3,False
RE22,0.1,497,7,False
RE22,0.1,498,5,False
RE22,0.1,499,7,False
RE22,0.1,500,6,False
RE22,0.1,501,7,False
RE22,0.1,502,6,False
RE22,0.1,503,2,False
RE22,0.1,504,5,False
RE22,0.1,505,7,False
RE22,0.1,506,6,False
RE22,0.1,507,3,False
RE22,0.1,508,8,False
RE22,0.1,509,6,False
RE22,0.1,510,9,False
RE22,0.1,511,4,False
RE22,0.1,512,4,False
RE22,0.1,513,4,False
RE22,0.1,514,8,False
RE22,0.1,515,3,False
RE22,0.1,516,8,False
RE22,0.1,517,1,False
RE22,0.1,518,7,False
RE22,0.1,519,3,False
RE22,0.1,520,9,False
RE22,0.1,521,5,False
RE22,0.1,522,6,False
RE22,0.1,523,9,False
RE22,0.1,524,6,False
RE22,0.1,525,7,False
RE22,0.1,526,5,False
RE22,0.1,527,7,False
RE22,0.1,528,5,False
RE22,0.1,529,5,False
RE22,0.1,530,4,False
RE22,0.1,531,4,False
RE22,0.1,532,4,False
RE22,0.1,533,4,False
RE22,0.1,534,8,False
RE22,0.1,535,5,False
RE22,0.1,536,4,False
RE22,0.1,537,8,False
RE22,0.1,538,5,False
RE22,0.1,539,6,False
RE22,0.1,540,6,False
RE22,0.1,541,6,False
RE22,0.1,542,9,False
RE22,0.1,543,6,False
RE22,0.1,544,3,False
RE22,0.1,545,3,False
RE22,0.1,546,4,False
RE22,0.1,547,6,False
RE22,0.1,548,5,False
RE22,0.1,549,2,False
RE22,0.1,550,4,False
RE22,0.1,551,6,False
RE22,0.1,552,4,False
RE22,0.1,553,7,False
RE22,0.1,554,5,False
RE22,0.1,555,4,False
RE22,0.1,556,9,False
RE22,0.1,557,6,False
RE22,0.1,558,3,False
RE22,0.1,559,6,False
RE22,0.1,560,9,False
RE22,0.1,561,5,False
RE22,0.1,562,3,False
RE22,0.1,563,3,False
RE22,0.1,564,8,False
RE22,0.1,565,7,False
RE22,0.1,566,8,False
RE22,0.1,567,4,False
RE22,0.1,568,7,False
RE22,0.1,569,6,False
RE22,0.1,570,3,False
RE22,0.1,571,4,False
RE22,0.1,572,4,False
RE22,0.1,573,6,False
RE22,0.1,574,3,False
RE22,0.1,575,9,False
RE22,0.1,576,7,False
RE22,0.1,577,5,False
RE22,0.1,578,3,False
RE22,0.1,579,5,False
RE22,0.1,580,8,False
RE22,0.1,581,6,False
RE22,0.1,582,5,False
RE22,0.1,583,7,False
RE22,0.1,584,6,False
RE22,0.1,585,4,False
RE22,0.1,586,1,False
RE22,0.1,587,7,False
RE22,0.1,588,6,False
RE22,0.1,589,4,False
RE22,0.1,590,6,False
RE22,0.1,591,5,False
RE22,0.1,592,2,False
RE22,0.1,593,6,False
RE22,0.1,594,9,False
RE22,0.1,595,8,False
RE22,0.1,596,7,False
RE22,0.1,597,2,False
RE22,0.1,598,2,False
RE22,0.1,599,5,False
RE22,0.1,600,7,False
RE22,0.1,601,4,False
RE22,0.1,602,4,False
RE22,0.1,603,7,False
RE22,0.1,604,3,False
RE22,0.1,605,9,False
RE22,0.1,606,5,False
RE22,0.1,607,5,False
RE22,0.1,608,6,False
RE22,0.1,609,5,False
RE22,0.1,610,6,False
RE22,0.1,611,3,False
RE22,0.1,612,5,False
RE22,0.1,613,7,False
RE22,0.1,614,6,False
RE22,0.1,615,6,False
RE22,0.1,616,4,False
RE22,0.1,617,5,False
RE22,0.1,618,6,False
RE22,0.1,619,5,False
RE22,0.1,620,5,False
RE22,0.1,621,7,False
RE22,0.1,622,8,False
RE22,0.1,623,6,False
RE22,0.1,624,3,False
RE22,0.1,625,6,False
RE22,0.1,626,2,False
RE22,0.1,627,4,False
RE22,0.1,628,7,False
RE22,0.1,629,6,False
RE22,0.1,630,6,False
RE22,0.1,631,6,False
RE22,0.1,632,4,False
RE22,0.1,633,7,False
RE22,0.1,634,4,False
RE22,0.1,635,7,False
RE22,0.1,636,8,False
RE22,0.1,637,13,False
RE22,0.1,638,8,False
RE22,0.1,639,5,False
RE22,0.1,640,7,False
RE22,0.1,641,7,False
RE22,0.1,642,11,False
RE22,0.1,643,5,False
RE22,0.1,644,8,False
RE22,0.1,645,8,False
RE22,0.1,646,3,False
RE22,0.1,647,4,False
RE22,0.1,648,5,False
RE22,0.1,649,8,False
RE22,0.1,650,6,False
RE22,0.1,651,4,False
RE22,0.1,652,4,False
RE22,0.1,653,7,False
RE22,0.1,654,7,False
RE22,0.1,655,5,False
RE22,0.1,656,6,False
RE22,0.1,657,7,False
RE22,0.1,658,5,False
RE22,0.1,659,2,False
RE22,0.1,660,5,False
RE22,0.1,661,6,False
RE22,0.1,662,6,False
RE22,0.1,663,7,False
RE22,0.1,664,7,False
RE22,0.1,665,5,False
RE22,0.1,666,5,False
RE22,0.1,667,6,False
RE22,0.1,668,3,False
RE22,0.1,669,4,False
RE22,0.1,670,5,False
RE22,0.1,671,4,False
RE22,0.1,672,5,False
RE22,0.1,673,8,False
RE22,0.1,674,2,False
RE22,0.1,675,7,False
RE22,0.1,676,8,False
RE22,0.1,677,3,False
RE22,0.1,678,5,False
RE22,0.1,679,3,False
RE22,0.1,680,4,False
RE22,0.1,681,7,False
RE22,0.1,682,5,False
RE22,0.1,683,6,False
RE22,0.1,684,4,False
RE22,0.1,685,3,False
RE22,0.1,686,6,False
RE22,0.1,687,7,False
RE22,0.1,688,5,False
RE22,0.1,689,6,False
RE22,0.1,690,8,False
RE22,0.1,691,4,False
RE22,0.1,692,9,False
RE22,0.1,693,6,False
RE22,0.1,694,7,False
RE22,0.1,695,8,False
RE22,0.1,696,4,False
RE22,0.1,697,3,False
RE22,0.1,698,1,False
RE22,0.1,699,4,False
RE22,0.1,700,8,False
RE22,0.1,701,6,False
RE22,0.1,702,6,False
RE22,0.1,703,6,False
RE22,0.1,704,3,False
RE22,0.1,705,4,False
RE22,0.1,706,2,False
RE22,0.1,707,9,False
RE22,0.1,708,3,False
RE22,0.1,709,3,False
RE22,0.1,710,2,False
RE22,0.1,711,10,False
RE22,0.1,712,6,False
RE22,0.1,713,7,False
RE22,0.1,714,10,False
RE22,0.1,715,7,False
RE22,0.1,716,4,False
RE22,0.1,717,7,False
RE22,0.1,718,8,False
RE22,0.1,719,7,False
RE22,0.1,720,8,False
RE22,0.1,721,7,False
RE22,0.1,722,4,False
RE22,0.1,723,7,False
RE22,0.1,724,3,False
RE22,0.1,725,6,False
RE22,0.1,726,7,False
RE22,0.1,727,8,False
RE22,0.1,728,5,False
RE22,0.1,729,5,False
RE22,0.1,730,3,False
RE22,0.1,731,4,False
RE22,0.1,732,7,False
RE22,0.1,733,4,False
RE22,0.1,734,4,False
RE22,0.1,735,7,False
RE22,0.1,736,4,False
RE22,0.1,737,1,False
RE22,0.1,738,2,False
RE22,0.1,739,7,False
RE22,0.1,740,7,False
RE22,0.1,741,2,False
RE22,0.1,742,6,False
RE22,0.1,743,7,False
RE22,0.1,744,5,False
RE22,0.1,745,5,False
RE22,0.1,746,8,False
RE22,0.1,747,7,False
RE22,0.1,748,4,False
RE22,0.1,749,4,False
RE22,0.1,750,6,False
RE22,0.1,751,7,False
RE22,0.1,752,8,False
RE22,0.1,753,6,False
RE22,0.1,754,3,False
RE22,0.1,755,6,False
RE22,0.1,756,3,False
RE22,0.1,757,4,False
RE22,0.1,758,4,False
RE22,0.1,759,6,False
RE22,0.1,760,6,False
RE22,0.1,761,4,False
RE22,0.1,762,5,False
RE22,0.1,763,5,False
RE22,0.1,764,2,False
RE22,0.1,765,5,False
RE22,0.1,766,4,False
RE22,0.1,767,10,False
RE22,0.1,768,6,False
RE22,0.1,769,3,False
RE22,0.1,770,4,False
RE22,0.1,771,3,False
RE22,0.1,772,7,False
RE22,0.1,773,2,False
RE22,0.1,774,6,False
RE22,0.1,775,6,False
RE22,0.1,776,5,False
RE22,0.1,777,6,False
RE22,0.1,778,9,False
RE22,0.1,779,5,False
RE22,0.1,780,5,False
RE22,0.1,781,6,False
RE22,0.1,782,5,False
RE22,0.1,783,9,False
RE22,0.1,784,6,False
RE22,0.1,785,7,False
RE22,0.1,786,7,False
RE22,0.1,787,9,False
RE22,0.1,788,6,False
RE22,0.1,789,6,False
RE22,0.1,790,7,False
RE22,0.1,791,3,False
RE22,0.1,792,6,False
RE22,0.1,793,6,False
RE22,0.1,794,6,False
RE22,0.1,795,6,False
RE22,0.1,796,5,False
RE22,0.1,797,2,False
RE22,0.1,798,7,False
RE22,0.1,799,3,False
RE22,0.1,800,6,False
RE22,0.1,801,7,False
RE22,0.1,802,2,False
RE22,0.1,803,10,False
RE22,0.1,804,3,False
RE22,0.1,805,7,False
RE22,0.1,806,8,False
RE22,0.1,807,10,False
RE22,0.1,808,2,False
RE22,0.1,809,7,False
RE22,0.1,810,9,False
RE22,0.1,811,8,False
RE22,0.1,812,4,False
RE22,0.1,813,5,False
RE22,0.1,814,7,False
RE22,0.1,815,10,False
RE22,0.1,816,3,False
RE22,0.1,817,5,False
RE22,0.1,818,4,False
RE22,0.1,819,3,False
RE22,0.1,820,3,False
RE22,0.1,821,4,False
RE22,0.1,822,7,False
RE22,0.1,823,5,False
RE22,0.1,824,4,False
RE22,0.1,825,6,False
RE22,0.1,826,4,False
RE22,0.1,827,2,False
RE22,0.1,828,6,False
RE22,0.1,829,5,False
RE22,0.1,830,8,False
RE22,0.1,831,8,False
RE22,0.1,832,6,False
RE22,0.1,833,7,False
RE22,0.1,834,4,False
RE22,0.1,835,11,False
RE22,0.1,836,4,False
RE22,0.1,837,3,False
RE22,0.1,838,6,False
RE22,0.1,839,6,False
RE22,0.1,840,6,False
RE22,0.1,841,5,False
RE22,0.1,842,3,False
RE22,0.1,843,2,False
RE22,0.1,844,4,False
RE22,0.1,845,6,False
RE22,0.1,846,7,False
RE22,0.1,847,6,False
RE22,0.1,848,3,False
RE22,0.1,849,6,False
RE22,0.1,850,8,False
RE22,0.1,851,4,False
RE22,0.1,852,6,False
RE22,0.1,853,3,False
RE22,0.1,854,6,False
RE22,0.1,855,4,False
RE22,0.1,856,7,False
RE22,0.1,857,4,False
RE22,0.1,858,4,False
RE22,0.1,859,7,False
RE22,0.1,860,6,False
RE22,0.1,861,5,False
RE22,0.1,862,5,False
RE22,0.1,863,6,False
RE22,0.1,864,4,False
RE22,0.1,865,5,False
RE22,0.1,866,8,False
RE22,0.1,867,5,False
RE22,0.1,868,8,False
RE22,0.1,869,3,False
RE22,0.1,870,6,False
RE22,0.1,871,3,False
RE22,0.1,872,5,False
RE22,0.1,873,4,False
RE22,0.1,874,5,False
RE22,0.1,875,6,False
RE22,0.1,876,6,False
RE22,0.1,877,6,False
RE22,0.1,878,4,False
RE22,0.1,879,5,False
RE22,0.1,880,2,False
RE22,0.1,881,6,False
RE22,0.1,882,7,False
RE22,0.1,883,5,False
RE22,0.1,884,3,False
RE22,0.1,885,8,False
RE22,0.1,886,5,False
RE22,0.1,887,4,False
RE22,0.1,888,6,False
RE22,0.1,889,5,False
RE22,0.1,890,4,False
RE22,0.1,891,3,False
RE22,0.1,892,8,False
RE22,0.1,893,3,False
RE22,0.1,894,5,False
RE22,0.1,895,6,False
RE22,0.1,896,5,False
RE22,0.1,897,6,False
RE22,0.1,898,10,False
RE22,0.1,899,6,False
RE22,0.1,900,9,False
RE22,0.1,901,9,False
RE22,0.1,902,8,False
RE22,0.1,903,5,False
RE22,0.1,904,4,False
RE22,0.1,905,2,False
RE22,0.1,906,5,False
RE22,0.1,907,9,False
RE22,0.1,908,4,False
RE22,0.1,909,4,False
RE22,0.1,910,6,False
RE22,0.1,911,6,False
RE22,0.1,912,7,False
RE22,0.1,913,9,False
RE22,0.1,914,5,False
RE22,0.1,915,8,False
RE22,0.1,916,8,False
RE22,0.1,917,7,False
RE22,0.1,918,4,False
RE22,0.1,919,7,False
RE22,0.1,920,3,False
RE22,0.1,921,5,False
RE22,0.1,922,6,False
RE22,0.1,923,6,False
RE22,0.1,924,10,False
RE22,0.1,925,8,False
RE22,0.1,926,9,False
RE22,0.1,927,7,False
RE22,0.1,928,6,False
RE22,0.1,929,6,False
RE22,0.1,930,4,False
RE22,0.1,931,6,False
RE22,0.1,932,8,False
RE22,0.1,933,4,False
RE22,0.1,934,7,False
RE22,0.1,935,6,False
RE22,0.1,936,3,False
RE22,0.1,937,6,False
RE22,0.1,938,6,False
RE22,0.1,939,6,False
RE22,0.1,940,7,False
RE22,0.1,941,6,False
RE22,0.1,942,4,False
RE22,0.1,943,5,False
RE22,0.1,944,4,False
RE22,0.1,945,6,False
RE22,0.1,946,5,False
RE22,0.1,947,8,False
RE22,0.1,948,8,False
RE22,0.1,949,6,False
RE22,0.1,950,5,False
RE22,0.1,951,7,False
RE22,0.1,952,4,False
RE22,0.1,953,5,False
RE22,0.1,954,2,False
RE22,0.1,955,4,False
RE22,0.1,956,4,False
RE22,0.1,957,7,False
RE22,0.1,958,3,False
RE22,0.1,959,3,False
RE22,0.1,960,8,False
RE22,0.1,961,3,False
RE22,0.1,962,9,False
RE22,0.1,963,5,False
RE22,0.1,964,2,False
RE22,0.1,965,7,False
RE22,0.1,966,7,False
RE22,0.1,967,4,False
RE22,0.1,968,9,False
RE22,0.1,969,3,False
RE22,0.1,970,10,False
RE22,0.1,971,4,False
RE22,0.1,972,4,False
RE22,0.1,973,5,False
RE22,0.1,974,6,False
RE22,0.1,975,3,False
RE22,0.1,976,4,False
RE22,0.1,977,8,False
RE22,0.1,978,5,False
RE22,0.1,979,6,False
RE22,0.1,980,4,False
RE22,0.1,981,4,False
RE22,0.1,982,2,False
RE22,0.1,983,6,False
RE22,0.1,984,6,False
RE22,0.1,985,3,False
RE22,0.1,986,6,False
RE22,0.1,987,5,False
RE22,0.1,988,6,False
RE22,0.1,989,7,False
RE22,0.1,990,3,False
RE22,0.1,991,6,False
RE22,0.1,992,2,False
RE22,0.1,993,4,False
RE22,0.1,994,6,False
RE22,0.1,995,6,False
RE22,0.1,996,4,False
RE22,0.1,997,6,False
RE22,0.1,998,7,False
RE22,0.1,999,8,False
